x_mm,y_mm,z_mm,LET_keV_per_um,Dose_GyRBE
-11.040400,-82.529000,-231.950000,1.173432,0.511070
-10.740400,-82.529000,-231.950000,1.193269,0.506859
-10.440400,-82.529000,-231.950000,1.178448,0.511397
-10.140400,-82.529000,-231.950000,1.163488,0.510570
-9.840400,-82.529000,-231.950000,1.188923,0.509418
-9.540400,-82.529000,-231.950000,1.174213,0.507045
-9.240400,-82.529000,-231.950000,1.165825,0.510685
-8.940400,-82.529000,-231.950000,1.183555,0.514448
-8.640400,-82.529000,-231.950000,1.173251,0.513240
-8.340400,-82.529000,-231.950000,1.232339,0.513950
-5.040400,-82.529000,-231.950000,1.196556,0.515020
-4.740400,-82.529000,-231.950000,1.221903,0.515126
-4.440400,-82.529000,-231.950000,1.184333,0.520076
-4.140400,-82.529000,-231.950000,1.187504,0.509048
-3.840400,-82.529000,-231.950000,1.223510,0.516010
-3.540400,-82.529000,-231.950000,1.210851,0.517494
-3.240400,-82.529000,-231.950000,1.222740,0.516107
-2.940400,-82.529000,-231.950000,1.164137,0.515943
-2.640400,-82.529000,-231.950000,1.225012,0.516443
-2.340400,-82.529000,-231.950000,1.222936,0.514664
-2.040400,-82.529000,-231.950000,1.164198,0.517565
-1.740400,-82.529000,-231.950000,1.167295,0.513051
-1.440400,-82.529000,-231.950000,1.172797,0.511186
-1.140400,-82.529000,-231.950000,1.209267,0.516329
-0.840400,-82.529000,-231.950000,1.212475,0.515692
-0.540400,-82.529000,-231.950000,1.185265,0.508461
-0.240400,-82.529000,-231.950000,1.196725,0.513723
0.059600,-82.529000,-231.950000,1.219700,0.518309
0.359600,-82.529000,-231.950000,1.194658,0.515482
0.659600,-82.529000,-231.950000,1.207610,0.512868
0.959600,-82.529000,-231.950000,1.199432,0.515211
1.259600,-82.529000,-231.950000,1.155976,0.512012
1.559600,-82.529000,-231.950000,1.198125,0.508065
1.859600,-82.529000,-231.950000,1.205613,0.509982
2.159600,-82.529000,-231.950000,1.207755,0.519342
2.459600,-82.529000,-231.950000,1.190676,0.510180
2.759600,-82.529000,-231.950000,1.175321,0.509950
-11.340400,-82.229000,-231.950000,1.160628,0.505406
-11.040400,-82.229000,-231.950000,1.173229,0.507053
-10.740400,-82.229000,-231.950000,1.201074,0.505232
-10.440400,-82.229000,-231.950000,1.140596,0.508014
-10.140400,-82.229000,-231.950000,1.219897,0.511925
-9.840400,-82.229000,-231.950000,1.162033,0.504034
-9.540400,-82.229000,-231.950000,1.193031,0.507015
-9.240400,-82.229000,-231.950000,1.182427,0.510451
-8.940400,-82.229000,-231.950000,1.177498,0.510714
-8.640400,-82.229000,-231.950000,1.196245,0.513679
-8.340400,-82.229000,-231.950000,1.179553,0.509133
-8.040400,-82.229000,-231.950000,1.212608,0.514041
-7.740400,-82.229000,-231.950000,1.184372,0.506842
-7.440400,-82.229000,-231.950000,1.185109,0.514542
-7.140400,-82.229000,-231.950000,1.211015,0.515564
-6.840400,-82.229000,-231.950000,1.195450,0.511568
-6.540400,-82.229000,-231.950000,1.171025,0.508368
-6.240400,-82.229000,-231.950000,1.193862,0.505709
-5.940400,-82.229000,-231.950000,1.213437,0.516202
-5.640400,-82.229000,-231.950000,1.190872,0.510223
-5.340400,-82.229000,-231.950000,1.198280,0.507821
-5.040400,-82.229000,-231.950000,1.224109,0.515330
-4.740400,-82.229000,-231.950000,1.175563,0.511542
-4.440400,-82.229000,-231.950000,1.171223,0.515193
-4.140400,-82.229000,-231.950000,1.200036,0.507646
-3.840400,-82.229000,-231.950000,1.175006,0.513460
-3.540400,-82.229000,-231.950000,1.193591,0.513432
-3.240400,-82.229000,-231.950000,1.178980,0.511387
-2.940400,-82.229000,-231.950000,1.168332,0.514147
-2.640400,-82.229000,-231.950000,1.195745,0.516070
-2.340400,-82.229000,-231.950000,1.145788,0.512320
-2.040400,-82.229000,-231.950000,1.151975,0.513581
-1.740400,-82.229000,-231.950000,1.213030,0.512324
-1.440400,-82.229000,-231.950000,1.188043,0.513771
-1.140400,-82.229000,-231.950000,1.177786,0.513524
-0.840400,-82.229000,-231.950000,1.199811,0.514378
-0.540400,-82.229000,-231.950000,1.171265,0.504602
-0.240400,-82.229000,-231.950000,1.198694,0.511909
0.059600,-82.229000,-231.950000,1.171888,0.513289
0.359600,-82.229000,-231.950000,1.244052,0.519553
0.659600,-82.229000,-231.950000,1.196220,0.513077
0.959600,-82.229000,-231.950000,1.138061,0.513139
1.259600,-82.229000,-231.950000,1.191302,0.512096
1.559600,-82.229000,-231.950000,1.172500,0.505725
1.859600,-82.229000,-231.950000,1.198502,0.509655
2.159600,-82.229000,-231.950000,1.195917,0.515944
2.459600,-82.229000,-231.950000,1.177568,0.508286
2.759600,-82.229000,-231.950000,1.149214,0.505360
-11.340400,-82.529000,-231.650000,1.173577,0.510315
-11.040400,-82.529000,-231.650000,1.204746,0.508223
-10.740400,-82.529000,-231.650000,1.230538,0.515556
-10.440400,-82.529000,-231.650000,1.169258,0.506816
-10.140400,-82.529000,-231.650000,1.180513,0.517255
-9.840400,-82.529000,-231.650000,1.189170,0.510282
-9.540400,-82.529000,-231.650000,1.170106,0.507476
-9.240400,-82.529000,-231.650000,1.187680,0.499931
-8.940400,-82.529000,-231.650000,1.149997,0.511491
-8.640400,-82.529000,-231.650000,1.198094,0.510726
-8.340400,-82.529000,-231.650000,1.179526,0.511436
-8.040400,-82.529000,-231.650000,1.136952,0.509488
-7.740400,-82.529000,-231.650000,1.248332,0.514633
-7.440400,-82.529000,-231.650000,1.189420,0.512768
-7.140400,-82.529000,-231.650000,1.201898,0.512448
-6.840400,-82.529000,-231.650000,1.204478,0.515694
-6.540400,-82.529000,-231.650000,1.168089,0.511258
-6.240400,-82.529000,-231.650000,1.176256,0.512968
-5.940400,-82.529000,-231.650000,1.232859,0.513294
-5.640400,-82.529000,-231.650000,1.182325,0.510581
-5.340400,-82.529000,-231.650000,1.159422,0.513757
-5.040400,-82.529000,-231.650000,1.250369,0.515393
-4.740400,-82.529000,-231.650000,1.194970,0.516404
-4.440400,-82.529000,-231.650000,1.210553,0.517186
-4.140400,-82.529000,-231.650000,1.241261,0.513682
-3.840400,-82.529000,-231.650000,1.207077,0.510262
-3.540400,-82.529000,-231.650000,1.197775,0.514434
-3.240400,-82.529000,-231.650000,1.166794,0.517544
-2.940400,-82.529000,-231.650000,1.207905,0.512101
-2.640400,-82.529000,-231.650000,1.161946,0.515612
-2.340400,-82.529000,-231.650000,1.169830,0.511256
-2.040400,-82.529000,-231.650000,1.178035,0.508509
-1.740400,-82.529000,-231.650000,1.179885,0.514347
-1.440400,-82.529000,-231.650000,1.183285,0.517545
-1.140400,-82.529000,-231.650000,1.196697,0.516144
-0.840400,-82.529000,-231.650000,1.209180,0.520335
-0.540400,-82.529000,-231.650000,1.173119,0.511535
-0.240400,-82.529000,-231.650000,1.145166,0.511453
0.059600,-82.529000,-231.650000,1.213296,0.512717
0.359600,-82.529000,-231.650000,1.225801,0.517533
0.659600,-82.529000,-231.650000,1.191950,0.520934
0.959600,-82.529000,-231.650000,1.166629,0.512532
1.259600,-82.529000,-231.650000,1.180219,0.517921
1.559600,-82.529000,-231.650000,1.204154,0.510189
1.859600,-82.529000,-231.650000,1.212767,0.513199
2.159600,-82.529000,-231.650000,1.206676,0.512887
2.459600,-82.529000,-231.650000,1.163619,0.505999
2.759600,-82.529000,-231.650000,1.197356,0.508033
3.059600,-82.529000,-231.650000,1.176071,0.515727
-11.640400,-82.229000,-231.650000,1.179623,0.509245
-11.340400,-82.229000,-231.650000,1.201629,0.509795
-11.040400,-82.229000,-231.650000,1.186632,0.508925
-10.740400,-82.229000,-231.650000,1.138315,0.510208
-10.440400,-82.229000,-231.650000,1.188291,0.506315
-10.140400,-82.229000,-231.650000,1.165980,0.515761
-9.840400,-82.229000,-231.650000,1.189072,0.505695
-9.540400,-82.229000,-231.650000,1.149438,0.506223
-9.240400,-82.229000,-231.650000,1.170069,0.500208
-8.940400,-82.229000,-231.650000,1.177633,0.509861
-8.640400,-82.229000,-231.650000,1.149947,0.509240
-8.340400,-82.229000,-231.650000,1.168624,0.507543
-8.040400,-82.229000,-231.650000,1.155886,0.510747
-7.740400,-82.229000,-231.650000,1.189368,0.509519
-7.440400,-82.229000,-231.650000,1.207423,0.510922
-7.140400,-82.229000,-231.650000,1.193653,0.511813
-6.840400,-82.229000,-231.650000,1.199358,0.511205
-6.540400,-82.229000,-231.650000,1.173324,0.509658
-6.240400,-82.229000,-231.650000,1.146673,0.510490
-5.940400,-82.229000,-231.650000,1.230952,0.512831
-5.640400,-82.229000,-231.650000,1.193371,0.508827
-5.340400,-82.229000,-231.650000,1.199720,0.511600
-5.040400,-82.229000,-231.650000,1.207392,0.514708
-4.740400,-82.229000,-231.650000,1.178901,0.514619
-4.440400,-82.229000,-231.650000,1.149828,0.512111
-4.140400,-82.229000,-231.650000,1.171556,0.512151
-3.840400,-82.229000,-231.650000,1.200832,0.508005
-3.540400,-82.229000,-231.650000,1.169186,0.513581
-3.240400,-82.229000,-231.650000,1.161543,0.516703
-2.940400,-82.229000,-231.650000,1.186331,0.509811
-2.640400,-82.229000,-231.650000,1.249198,0.518518
-2.340400,-82.229000,-231.650000,1.160156,0.509054
-2.040400,-82.229000,-231.650000,1.206248,0.508841
-1.740400,-82.229000,-231.650000,1.211467,0.510364
-1.440400,-82.229000,-231.650000,1.201871,0.518389
-1.140400,-82.229000,-231.650000,1.171144,0.514991
-0.840400,-82.229000,-231.650000,1.189407,0.514720
-0.540400,-82.229000,-231.650000,1.149329,0.509158
-0.240400,-82.229000,-231.650000,1.157505,0.511297
0.059600,-82.229000,-231.650000,1.212966,0.512358
0.359600,-82.229000,-231.650000,1.239654,0.517018
0.659600,-82.229000,-231.650000,1.156143,0.514963
0.959600,-82.229000,-231.650000,1.206623,0.513552
1.259600,-82.229000,-231.650000,1.164802,0.515459
1.559600,-82.229000,-231.650000,1.188955,0.509562
1.859600,-82.229000,-231.650000,1.192757,0.510120
2.159600,-82.229000,-231.650000,1.213818,0.512771
2.459600,-82.229000,-231.650000,1.192011,0.506376
2.759600,-82.229000,-231.650000,1.162199,0.505714
3.059600,-82.229000,-231.650000,1.191346,0.514991
3.359600,-82.229000,-231.650000,1.163206,0.512593
-11.640400,-82.529000,-231.350000,1.165758,0.505369
-11.340400,-82.529000,-231.350000,1.142547,0.509537
-11.040400,-82.529000,-231.350000,1.152994,0.506320
-10.740400,-82.529000,-231.350000,1.213090,0.510473
-10.440400,-82.529000,-231.350000,1.213494,0.513553
-10.140400,-82.529000,-231.350000,1.199179,0.512185
-9.840400,-82.529000,-231.350000,1.217544,0.515790
-9.540400,-82.529000,-231.350000,1.219337,0.511399
-9.240400,-82.529000,-231.350000,1.186631,0.511191
-8.940400,-82.529000,-231.350000,1.179543,0.512388
-8.640400,-82.529000,-231.350000,1.214568,0.512002
-8.340400,-82.529000,-231.350000,1.236929,0.506476
-8.040400,-82.529000,-231.350000,1.215061,0.508725
-7.740400,-82.529000,-231.350000,1.173457,0.512750
-7.440400,-82.529000,-231.350000,1.196851,0.514544
-7.140400,-82.529000,-231.350000,1.219641,0.516164
-6.840400,-82.529000,-231.350000,1.210781,0.515144
-6.540400,-82.529000,-231.350000,1.215694,0.514240
-6.240400,-82.529000,-231.350000,1.219693,0.515858
-5.940400,-82.529000,-231.350000,1.239142,0.515706
-5.640400,-82.529000,-231.350000,1.211008,0.515688
-5.340400,-82.529000,-231.350000,1.136050,0.519299
-5.040400,-82.529000,-231.350000,1.157424,0.513980
-4.740400,-82.529000,-231.350000,1.185698,0.514310
-4.440400,-82.529000,-231.350000,1.186520,0.507818
-4.140400,-82.529000,-231.350000,1.245488,0.512626
-3.840400,-82.529000,-231.350000,1.198310,0.518238
-3.540400,-82.529000,-231.350000,1.221700,0.512571
-3.240400,-82.529000,-231.350000,1.212684,0.506868
-2.940400,-82.529000,-231.350000,1.185242,0.513312
-2.640400,-82.529000,-231.350000,1.232936,0.519142
-2.340400,-82.529000,-231.350000,1.181134,0.511290
-2.040400,-82.529000,-231.350000,1.175315,0.514134
-1.740400,-82.529000,-231.350000,1.183029,0.515155
-1.440400,-82.529000,-231.350000,1.210428,0.514665
-1.140400,-82.529000,-231.350000,1.196834,0.517355
-0.840400,-82.529000,-231.350000,1.210052,0.514847
-0.540400,-82.529000,-231.350000,1.164306,0.510354
-0.240400,-82.529000,-231.350000,1.182813,0.513428
0.059600,-82.529000,-231.350000,1.222035,0.510249
0.359600,-82.529000,-231.350000,1.228283,0.512703
0.659600,-82.529000,-231.350000,1.182911,0.511209
0.959600,-82.529000,-231.350000,1.223722,0.514726
1.259600,-82.529000,-231.350000,1.198366,0.510483
1.559600,-82.529000,-231.350000,1.250736,0.514903
1.859600,-82.529000,-231.350000,1.182422,0.510915
2.159600,-82.529000,-231.350000,1.178358,0.509885
2.459600,-82.529000,-231.350000,1.134844,0.518322
2.759600,-82.529000,-231.350000,1.209144,0.515599
3.059600,-82.529000,-231.350000,1.178139,0.512576
3.359600,-82.529000,-231.350000,1.149720,0.515870
3.659600,-82.529000,-231.350000,1.191646,0.510781
-11.640400,-82.229000,-231.350000,1.166517,0.504636
-11.340400,-82.229000,-231.350000,1.156383,0.508661
-11.040400,-82.229000,-231.350000,1.155128,0.505954
-10.740400,-82.229000,-231.350000,1.135029,0.506202
-10.440400,-82.229000,-231.350000,1.176391,0.512753
-10.140400,-82.229000,-231.350000,1.256327,0.512096
-9.840400,-82.229000,-231.350000,1.172307,0.508854
-9.540400,-82.229000,-231.350000,1.209146,0.511064
-9.240400,-82.229000,-231.350000,1.150182,0.507939
-8.940400,-82.229000,-231.350000,1.158181,0.513481
-8.640400,-82.229000,-231.350000,1.126988,0.506754
-8.340400,-82.229000,-231.350000,1.171832,0.505628
-8.040400,-82.229000,-231.350000,1.200520,0.508450
-7.740400,-82.229000,-231.350000,1.209662,0.511451
-7.440400,-82.229000,-231.350000,1.221220,0.513423
-7.140400,-82.229000,-231.350000,1.184929,0.514972
-6.840400,-82.229000,-231.350000,1.223192,0.516195
-6.540400,-82.229000,-231.350000,1.197080,0.514980
-6.240400,-82.229000,-231.350000,1.168965,0.511599
-5.940400,-82.229000,-231.350000,1.151832,0.511428
-5.640400,-82.229000,-231.350000,1.211253,0.517165
-5.340400,-82.229000,-231.350000,1.178473,0.517699
-5.040400,-82.229000,-231.350000,1.184181,0.514661
-4.740400,-82.229000,-231.350000,1.182455,0.511070
-4.440400,-82.229000,-231.350000,1.187739,0.506496
-4.140400,-82.229000,-231.350000,1.202331,0.512244
-3.840400,-82.229000,-231.350000,1.199044,0.516147
-3.540400,-82.229000,-231.350000,1.174797,0.510201
-3.240400,-82.229000,-231.350000,1.178070,0.504135
-2.940400,-82.229000,-231.350000,1.232591,0.513293
-2.640400,-82.229000,-231.350000,1.143802,0.514673
-2.340400,-82.229000,-231.350000,1.165318,0.508835
-2.040400,-82.229000,-231.350000,1.197454,0.513882
-1.740400,-82.229000,-231.350000,1.238613,0.514754
-1.440400,-82.229000,-231.350000,1.173542,0.513410
-1.140400,-82.229000,-231.350000,1.207862,0.515006
-0.840400,-82.229000,-231.350000,1.179455,0.513137
-0.540400,-82.229000,-231.350000,1.146652,0.507530
-0.240400,-82.229000,-231.350000,1.187941,0.510845
0.059600,-82.229000,-231.350000,1.187555,0.510425
0.359600,-82.229000,-231.350000,1.176210,0.509648
0.659600,-82.229000,-231.350000,1.155672,0.508795
0.959600,-82.229000,-231.350000,1.160632,0.514793
1.259600,-82.229000,-231.350000,1.175303,0.510008
1.559600,-82.229000,-231.350000,1.166575,0.511358
1.859600,-82.229000,-231.350000,1.144790,0.509510
2.159600,-82.229000,-231.350000,1.204964,0.509432
2.459600,-82.229000,-231.350000,1.165680,0.512754
2.759600,-82.229000,-231.350000,1.174652,0.514311
3.059600,-82.229000,-231.350000,1.186971,0.511034
3.359600,-82.229000,-231.350000,1.153277,0.514476
3.659600,-82.229000,-231.350000,1.157394,0.507808
-11.640400,-82.529000,-231.050000,1.149129,0.505636
-11.340400,-82.529000,-231.050000,1.190458,0.515000
-11.040400,-82.529000,-231.050000,1.179424,0.505494
-10.740400,-82.529000,-231.050000,1.191856,0.511055
-10.440400,-82.529000,-231.050000,1.201770,0.512204
-10.140400,-82.529000,-231.050000,1.178619,0.510890
-9.840400,-82.529000,-231.050000,1.192181,0.513772
-9.540400,-82.529000,-231.050000,1.195962,0.517799
-9.240400,-82.529000,-231.050000,1.225843,0.515323
-8.940400,-82.529000,-231.050000,1.178234,0.512534
-8.640400,-82.529000,-231.050000,1.247533,0.520614
-8.340400,-82.529000,-231.050000,1.197891,0.513428
-8.040400,-82.529000,-231.050000,1.192065,0.512201
-7.740400,-82.529000,-231.050000,1.187389,0.511387
-7.440400,-82.529000,-231.050000,1.164233,0.516201
-7.140400,-82.529000,-231.050000,1.164404,0.516954
-6.840400,-82.529000,-231.050000,1.178672,0.514882
-6.540400,-82.529000,-231.050000,1.210910,0.510056
-6.240400,-82.529000,-231.050000,1.227483,0.520950
-5.940400,-82.529000,-231.050000,1.246684,0.519406
-5.640400,-82.529000,-231.050000,1.197718,0.515018
-5.340400,-82.529000,-231.050000,1.171223,0.514470
-5.040400,-82.529000,-231.050000,1.173579,0.515354
-4.740400,-82.529000,-231.050000,1.154372,0.517156
-4.440400,-82.529000,-231.050000,1.202034,0.511553
-4.140400,-82.529000,-231.050000,1.199255,0.518135
-3.840400,-82.529000,-231.050000,1.194267,0.514236
-3.540400,-82.529000,-231.050000,1.218598,0.517573
-3.240400,-82.529000,-231.050000,1.187157,0.515664
-2.940400,-82.529000,-231.050000,1.191018,0.511703
-2.640400,-82.529000,-231.050000,1.198056,0.509741
-2.340400,-82.529000,-231.050000,1.206646,0.517366
-2.040400,-82.529000,-231.050000,1.207444,0.512072
-1.740400,-82.529000,-231.050000,1.220179,0.520106
-1.440400,-82.529000,-231.050000,1.171453,0.513862
-1.140400,-82.529000,-231.050000,1.186964,0.513113
-0.840400,-82.529000,-231.050000,1.182219,0.514242
-0.540400,-82.529000,-231.050000,1.161406,0.511862
-0.240400,-82.529000,-231.050000,1.150447,0.515773
0.059600,-82.529000,-231.050000,1.179395,0.516479
0.359600,-82.529000,-231.050000,1.193992,0.516582
0.659600,-82.529000,-231.050000,1.204522,0.514698
0.959600,-82.529000,-231.050000,1.187652,0.515874
1.259600,-82.529000,-231.050000,1.168965,0.513314
1.559600,-82.529000,-231.050000,1.166111,0.516324
1.859600,-82.529000,-231.050000,1.179393,0.510401
2.159600,-82.529000,-231.050000,1.217983,0.511485
2.459600,-82.529000,-231.050000,1.220019,0.514970
2.759600,-82.529000,-231.050000,1.154853,0.511132
3.059600,-82.529000,-231.050000,1.199192,0.512528
3.359600,-82.529000,-231.050000,1.222640,0.511636
3.659600,-82.529000,-231.050000,1.148660,0.516791
3.959600,-82.529000,-231.050000,1.177831,0.515314
-11.640400,-82.229000,-231.050000,1.173649,0.506161
-11.340400,-82.229000,-231.050000,1.207933,0.510359
-11.040400,-82.229000,-231.050000,1.239804,0.504250
-10.740400,-82.229000,-231.050000,1.236345,0.508535
-10.440400,-82.229000,-231.050000,1.140319,0.507543
-10.140400,-82.229000,-231.050000,1.200113,0.510126
-9.840400,-82.229000,-231.050000,1.172600,0.510890
-9.540400,-82.229000,-231.050000,1.224024,0.514519
-9.240400,-82.229000,-231.050000,1.173850,0.516263
-8.940400,-82.229000,-231.050000,1.166582,0.513413
-8.640400,-82.229000,-231.050000,1.149756,0.517609
-8.340400,-82.229000,-231.050000,1.179583,0.510125
-8.040400,-82.229000,-231.050000,1.198171,0.509871
-7.740400,-82.229000,-231.050000,1.190227,0.508460
-7.440400,-82.229000,-231.050000,1.204105,0.515302
-7.140400,-82.229000,-231.050000,1.184510,0.511495
-6.840400,-82.229000,-231.050000,1.184964,0.514019
-6.540400,-82.229000,-231.050000,1.191079,0.509036
-6.240400,-82.229000,-231.050000,1.209590,0.519742
-5.940400,-82.229000,-231.050000,1.167471,0.514577
-5.640400,-82.229000,-231.050000,1.277546,0.513048
-5.340400,-82.229000,-231.050000,1.202696,0.511253
-5.040400,-82.229000,-231.050000,1.152016,0.511728
-4.740400,-82.229000,-231.050000,1.203035,0.514645
-4.440400,-82.229000,-231.050000,1.167911,0.507991
-4.140400,-82.229000,-231.050000,1.141262,0.517915
-3.840400,-82.229000,-231.050000,1.220293,0.512623
-3.540400,-82.229000,-231.050000,1.245483,0.514905
-3.240400,-82.229000,-231.050000,1.204485,0.511173
-2.940400,-82.229000,-231.050000,1.213809,0.512722
-2.640400,-82.229000,-231.050000,1.237275,0.506178
-2.340400,-82.229000,-231.050000,1.188025,0.514672
-2.040400,-82.229000,-231.050000,1.161966,0.509771
-1.740400,-82.229000,-231.050000,1.153161,0.516456
-1.440400,-82.229000,-231.050000,1.215803,0.513297
-1.140400,-82.229000,-231.050000,1.192171,0.510077
-0.840400,-82.229000,-231.050000,1.196388,0.514953
-0.540400,-82.229000,-231.050000,1.186318,0.511615
-0.240400,-82.229000,-231.050000,1.189123,0.513791
0.059600,-82.229000,-231.050000,1.168824,0.513276
0.359600,-82.229000,-231.050000,1.189099,0.512439
0.659600,-82.229000,-231.050000,1.197300,0.510932
0.959600,-82.229000,-231.050000,1.169312,0.513253
1.259600,-82.229000,-231.050000,1.203987,0.508543
1.559600,-82.229000,-231.050000,1.154814,0.513605
1.859600,-82.229000,-231.050000,1.133868,0.506883
2.159600,-82.229000,-231.050000,1.173472,0.508817
2.459600,-82.229000,-231.050000,1.171402,0.510294
2.759600,-82.229000,-231.050000,1.161972,0.506289
3.059600,-82.229000,-231.050000,1.195325,0.510998
3.359600,-82.229000,-231.050000,1.190723,0.509512
3.659600,-82.229000,-231.050000,1.159450,0.514438
3.959600,-82.229000,-231.050000,1.186939,0.512892
4.259600,-82.229000,-231.050000,1.183743,0.512866
-11.640400,-82.529000,-230.750000,1.163657,0.508115
-11.340400,-82.529000,-230.750000,1.195425,0.509706
-11.040400,-82.529000,-230.750000,1.144618,0.507721
-10.740400,-82.529000,-230.750000,1.235265,0.517109
-10.440400,-82.529000,-230.750000,1.225978,0.508529
-10.140400,-82.529000,-230.750000,1.187537,0.506095
-9.840400,-82.529000,-230.750000,1.174357,0.510985
-9.540400,-82.529000,-230.750000,1.192879,0.508326
-9.240400,-82.529000,-230.750000,1.204188,0.513255
-8.940400,-82.529000,-230.750000,1.161987,0.509562
-8.640400,-82.529000,-230.750000,1.176117,0.516917
-8.340400,-82.529000,-230.750000,1.200450,0.515105
-8.040400,-82.529000,-230.750000,1.179632,0.514546
-7.740400,-82.529000,-230.750000,1.183224,0.507074
-7.440400,-82.529000,-230.750000,1.171935,0.511827
-7.140400,-82.529000,-230.750000,1.222157,0.514162
-6.840400,-82.529000,-230.750000,1.185184,0.515536
-6.540400,-82.529000,-230.750000,1.218560,0.518246
-6.240400,-82.529000,-230.750000,1.198727,0.519337
-5.940400,-82.529000,-230.750000,1.171761,0.508299
-5.640400,-82.529000,-230.750000,1.214866,0.513908
-5.340400,-82.529000,-230.750000,1.247674,0.516520
-5.040400,-82.529000,-230.750000,1.188497,0.515387
-4.740400,-82.529000,-230.750000,1.227093,0.515667
-4.440400,-82.529000,-230.750000,1.218968,0.516693
-4.140400,-82.529000,-230.750000,1.217877,0.519967
-3.840400,-82.529000,-230.750000,1.166584,0.515406
-3.540400,-82.529000,-230.750000,1.207168,0.511202
-3.240400,-82.529000,-230.750000,1.204002,0.515434
-2.940400,-82.529000,-230.750000,1.141212,0.514003
-2.640400,-82.529000,-230.750000,1.158841,0.511738
-2.340400,-82.529000,-230.750000,1.203795,0.514638
-2.040400,-82.529000,-230.750000,1.208315,0.520372
-1.740400,-82.529000,-230.750000,1.209023,0.516054
-1.440400,-82.529000,-230.750000,1.237827,0.515977
-1.140400,-82.529000,-230.750000,1.160404,0.511742
-0.840400,-82.529000,-230.750000,1.203329,0.512161
-0.540400,-82.529000,-230.750000,1.208602,0.510210
-0.240400,-82.529000,-230.750000,1.131776,0.509605
0.059600,-82.529000,-230.750000,1.163984,0.511575
0.359600,-82.529000,-230.750000,1.226267,0.514440
0.659600,-82.529000,-230.750000,1.173394,0.513779
0.959600,-82.529000,-230.750000,1.207282,0.513619
1.259600,-82.529000,-230.750000,1.148909,0.508064
1.559600,-82.529000,-230.750000,1.172117,0.508767
1.859600,-82.529000,-230.750000,1.176313,0.514172
2.159600,-82.529000,-230.750000,1.168494,0.511493
2.459600,-82.529000,-230.750000,1.163591,0.511868
2.759600,-82.529000,-230.750000,1.222965,0.516214
3.059600,-82.529000,-230.750000,1.175138,0.514092
3.359600,-82.529000,-230.750000,1.234311,0.515428
3.659600,-82.529000,-230.750000,1.197369,0.514282
3.959600,-82.529000,-230.750000,1.205759,0.516995
4.259600,-82.529000,-230.750000,1.175479,0.511219
-11.640400,-82.229000,-230.750000,1.196473,0.509916
-11.340400,-82.229000,-230.750000,1.201339,0.509656
-11.040400,-82.229000,-230.750000,1.171047,0.506135
-10.740400,-82.229000,-230.750000,1.189990,0.514030
-10.440400,-82.229000,-230.750000,1.184010,0.506307
-10.140400,-82.229000,-230.750000,1.210459,0.504676
-9.840400,-82.229000,-230.750000,1.184257,0.512513
-9.540400,-82.229000,-230.750000,1.184449,0.506616
-9.240400,-82.229000,-230.750000,1.151582,0.510982
-8.940400,-82.229000,-230.750000,1.160383,0.509045
-8.640400,-82.229000,-230.750000,1.186131,0.514564
-8.340400,-82.229000,-230.750000,1.187040,0.512884
-8.040400,-82.229000,-230.750000,1.199164,0.511485
-7.740400,-82.229000,-230.750000,1.172548,0.503247
-7.440400,-82.229000,-230.750000,1.160226,0.509502
-7.140400,-82.229000,-230.750000,1.163061,0.513895
-6.840400,-82.229000,-230.750000,1.209047,0.513666
-6.540400,-82.229000,-230.750000,1.209185,0.515482
-6.240400,-82.229000,-230.750000,1.146386,0.517058
-5.940400,-82.229000,-230.750000,1.209185,0.506850
-5.640400,-82.229000,-230.750000,1.226926,0.511758
-5.340400,-82.229000,-230.750000,1.175278,0.514951
-5.040400,-82.229000,-230.750000,1.146835,0.511153
-4.740400,-82.229000,-230.750000,1.252299,0.515702
-4.440400,-82.229000,-230.750000,1.243207,0.512920
-4.140400,-82.229000,-230.750000,1.250133,0.520895
-3.840400,-82.229000,-230.750000,1.193235,0.515701
-3.540400,-82.229000,-230.750000,1.166475,0.512178
-3.240400,-82.229000,-230.750000,1.224000,0.515343
-2.940400,-82.229000,-230.750000,1.239522,0.511675
-2.640400,-82.229000,-230.750000,1.170089,0.509228
-2.340400,-82.229000,-230.750000,1.179717,0.512260
-2.040400,-82.229000,-230.750000,1.194831,0.519429
-1.740400,-82.229000,-230.750000,1.169878,0.513195
-1.440400,-82.229000,-230.750000,1.207944,0.512319
-1.140400,-82.229000,-230.750000,1.224146,0.512706
-0.840400,-82.229000,-230.750000,1.190786,0.507595
-0.540400,-82.229000,-230.750000,1.197811,0.510074
-0.240400,-82.229000,-230.750000,1.159121,0.508348
0.059600,-82.229000,-230.750000,1.190221,0.513051
0.359600,-82.229000,-230.750000,1.165010,0.510132
0.659600,-82.229000,-230.750000,1.147476,0.511401
0.959600,-82.229000,-230.750000,1.178141,0.512828
1.259600,-82.229000,-230.750000,1.171585,0.508898
1.559600,-82.229000,-230.750000,1.151044,0.505942
1.859600,-82.229000,-230.750000,1.170984,0.512997
2.159600,-82.229000,-230.750000,1.197636,0.510148
2.459600,-82.229000,-230.750000,1.180117,0.511482
2.759600,-82.229000,-230.750000,1.184978,0.512110
3.059600,-82.229000,-230.750000,1.181443,0.510498
3.359600,-82.229000,-230.750000,1.158053,0.509485
3.659600,-82.229000,-230.750000,1.132183,0.509290
3.959600,-82.229000,-230.750000,1.174016,0.513231
4.259600,-82.229000,-230.750000,1.169365,0.510320
4.559600,-82.229000,-230.750000,1.182376,0.509186
-11.640400,-82.529000,-230.450000,1.177626,0.503658
-11.340400,-82.529000,-230.450000,1.221741,0.512866
-11.040400,-82.529000,-230.450000,1.176761,0.509514
-10.740400,-82.529000,-230.450000,1.210971,0.512331
-10.440400,-82.529000,-230.450000,1.162765,0.515844
-10.140400,-82.529000,-230.450000,1.189321,0.509084
-9.840400,-82.529000,-230.450000,1.185172,0.508887
-9.540400,-82.529000,-230.450000,1.181492,0.515660
-9.240400,-82.529000,-230.450000,1.196017,0.512380
-8.940400,-82.529000,-230.450000,1.183184,0.510481
-8.640400,-82.529000,-230.450000,1.213140,0.513685
-8.340400,-82.529000,-230.450000,1.207076,0.514453
-8.040400,-82.529000,-230.450000,1.210121,0.513853
-7.740400,-82.529000,-230.450000,1.179666,0.515744
-7.440400,-82.529000,-230.450000,1.208565,0.507760
-7.140400,-82.529000,-230.450000,1.195089,0.515481
-6.840400,-82.529000,-230.450000,1.247810,0.515918
-6.540400,-82.529000,-230.450000,1.174918,0.514293
-6.240400,-82.529000,-230.450000,1.193728,0.516400
-5.940400,-82.529000,-230.450000,1.163678,0.510061
-5.640400,-82.529000,-230.450000,1.185907,0.507629
-5.340400,-82.529000,-230.450000,1.188367,0.510742
-5.040400,-82.529000,-230.450000,1.155974,0.515649
-4.740400,-82.529000,-230.450000,1.261386,0.517925
-4.440400,-82.529000,-230.450000,1.211561,0.521503
-4.140400,-82.529000,-230.450000,1.170176,0.520331
-3.840400,-82.529000,-230.450000,1.157091,0.513893
-3.540400,-82.529000,-230.450000,1.198764,0.519214
-3.240400,-82.529000,-230.450000,1.131519,0.518785
-2.940400,-82.529000,-230.450000,1.166526,0.513000
-2.640400,-82.529000,-230.450000,1.205255,0.514176
-2.340400,-82.529000,-230.450000,1.177640,0.508751
-2.040400,-82.529000,-230.450000,1.193989,0.513573
-1.740400,-82.529000,-230.450000,1.179972,0.517961
-1.440400,-82.529000,-230.450000,1.187533,0.514849
-1.140400,-82.529000,-230.450000,1.210891,0.507141
-0.840400,-82.529000,-230.450000,1.208377,0.512430
-0.540400,-82.529000,-230.450000,1.150501,0.517088
-0.240400,-82.529000,-230.450000,1.155774,0.511599
0.059600,-82.529000,-230.450000,1.158992,0.517170
0.359600,-82.529000,-230.450000,1.237696,0.519710
0.659600,-82.529000,-230.450000,1.185367,0.516020
0.959600,-82.529000,-230.450000,1.206771,0.515501
1.259600,-82.529000,-230.450000,1.221682,0.519172
1.559600,-82.529000,-230.450000,1.190318,0.518977
1.859600,-82.529000,-230.450000,1.238669,0.513686
2.159600,-82.529000,-230.450000,1.208086,0.515974
2.459600,-82.529000,-230.450000,1.169329,0.514115
2.759600,-82.529000,-230.450000,1.191308,0.515763
3.059600,-82.529000,-230.450000,1.193567,0.514117
3.359600,-82.529000,-230.450000,1.181612,0.513315
3.659600,-82.529000,-230.450000,1.170853,0.520088
3.959600,-82.529000,-230.450000,1.226285,0.508448
4.259600,-82.529000,-230.450000,1.168811,0.517744
4.559600,-82.529000,-230.450000,1.184453,0.520241
4.859600,-82.529000,-230.450000,1.149528,0.510006
-11.640400,-82.229000,-230.450000,1.157833,0.500502
-11.340400,-82.229000,-230.450000,1.197355,0.509058
-11.040400,-82.229000,-230.450000,1.202632,0.507848
-10.740400,-82.229000,-230.450000,1.190047,0.508582
-10.440400,-82.229000,-230.450000,1.179842,0.512302
-10.140400,-82.229000,-230.450000,1.172638,0.509781
-9.840400,-82.229000,-230.450000,1.189682,0.508315
-9.540400,-82.229000,-230.450000,1.182277,0.514954
-9.240400,-82.229000,-230.450000,1.198385,0.512448
-8.940400,-82.229000,-230.450000,1.225753,0.510860
-8.640400,-82.229000,-230.450000,1.173408,0.511825
-8.340400,-82.229000,-230.450000,1.177148,0.509201
-8.040400,-82.229000,-230.450000,1.151821,0.509193
-7.740400,-82.229000,-230.450000,1.205396,0.515975
-7.440400,-82.229000,-230.450000,1.166358,0.509522
-7.140400,-82.229000,-230.450000,1.216488,0.513742
-6.840400,-82.229000,-230.450000,1.183100,0.511838
-6.540400,-82.229000,-230.450000,1.206822,0.510995
-6.240400,-82.229000,-230.450000,1.156816,0.514921
-5.940400,-82.229000,-230.450000,1.202144,0.509145
-5.640400,-82.229000,-230.450000,1.236206,0.509169
-5.340400,-82.229000,-230.450000,1.201113,0.511427
-5.040400,-82.229000,-230.450000,1.163245,0.511912
-4.740400,-82.229000,-230.450000,1.172073,0.514642
-4.440400,-82.229000,-230.450000,1.204108,0.516966
-4.140400,-82.229000,-230.450000,1.226773,0.522663
-3.840400,-82.229000,-230.450000,1.176304,0.512006
-3.540400,-82.229000,-230.450000,1.162331,0.514902
-3.240400,-82.229000,-230.450000,1.186660,0.518803
-2.940400,-82.229000,-230.450000,1.179096,0.512899
-2.640400,-82.229000,-230.450000,1.195173,0.511999
-2.340400,-82.229000,-230.450000,1.174365,0.506438
-2.040400,-82.229000,-230.450000,1.164480,0.510409
-1.740400,-82.229000,-230.450000,1.195859,0.516709
-1.440400,-82.229000,-230.450000,1.186047,0.512304
-1.140400,-82.229000,-230.450000,1.206878,0.507808
-0.840400,-82.229000,-230.450000,1.237893,0.512767
-0.540400,-82.229000,-230.450000,1.254572,0.516906
-0.240400,-82.229000,-230.450000,1.230204,0.512865
0.059600,-82.229000,-230.450000,1.240483,0.516652
0.359600,-82.229000,-230.450000,1.189732,0.515347
0.659600,-82.229000,-230.450000,1.196422,0.512959
0.959600,-82.229000,-230.450000,1.159141,0.515396
1.259600,-82.229000,-230.450000,1.160837,0.514816
1.559600,-82.229000,-230.450000,1.188436,0.517153
1.859600,-82.229000,-230.450000,1.201580,0.510820
2.159600,-82.229000,-230.450000,1.157061,0.511881
2.459600,-82.229000,-230.450000,1.152470,0.512571
2.759600,-82.229000,-230.450000,1.184591,0.513020
3.059600,-82.229000,-230.450000,1.176077,0.509875
3.359600,-82.229000,-230.450000,1.150429,0.510857
3.659600,-82.229000,-230.450000,1.172853,0.516865
3.959600,-82.229000,-230.450000,1.179695,0.504522
4.259600,-82.229000,-230.450000,1.159656,0.516876
4.559600,-82.229000,-230.450000,1.192051,0.514624
4.859600,-82.229000,-230.450000,1.247598,0.512461
-11.640400,-82.529000,-230.150000,1.208372,0.510971
-11.340400,-82.529000,-230.150000,1.175546,0.506331
-11.040400,-82.529000,-230.150000,1.183504,0.510454
-10.740400,-82.529000,-230.150000,1.191508,0.512189
-10.440400,-82.529000,-230.150000,1.197674,0.511579
-10.140400,-82.529000,-230.150000,1.213562,0.508162
-9.840400,-82.529000,-230.150000,1.182571,0.512988
-9.540400,-82.529000,-230.150000,1.191023,0.508872
-9.240400,-82.529000,-230.150000,1.228467,0.514155
-8.940400,-82.529000,-230.150000,1.196930,0.516340
-8.640400,-82.529000,-230.150000,1.168472,0.511251
-8.340400,-82.529000,-230.150000,1.175596,0.515741
-8.040400,-82.529000,-230.150000,1.197901,0.514623
-7.740400,-82.529000,-230.150000,1.210122,0.513434
-7.440400,-82.529000,-230.150000,1.202090,0.512596
-7.140400,-82.529000,-230.150000,1.192421,0.514422
-6.840400,-82.529000,-230.150000,1.216743,0.520230
-6.540400,-82.529000,-230.150000,1.173007,0.507387
-6.240400,-82.529000,-230.150000,1.165678,0.513763
-5.940400,-82.529000,-230.150000,1.195662,0.515703
-5.640400,-82.529000,-230.150000,1.181801,0.516365
-5.340400,-82.529000,-230.150000,1.193367,0.514831
-5.040400,-82.529000,-230.150000,1.196653,0.513797
-4.740400,-82.529000,-230.150000,1.205908,0.514539
-4.440400,-82.529000,-230.150000,1.167637,0.513781
-4.140400,-82.529000,-230.150000,1.197438,0.519077
-3.840400,-82.529000,-230.150000,1.240240,0.517142
-3.540400,-82.529000,-230.150000,1.203431,0.515764
-3.240400,-82.529000,-230.150000,1.175897,0.513715
-2.940400,-82.529000,-230.150000,1.191822,0.511540
-2.640400,-82.529000,-230.150000,1.192072,0.510213
-2.340400,-82.529000,-230.150000,1.161447,0.516741
-2.040400,-82.529000,-230.150000,1.160845,0.510343
-1.740400,-82.529000,-230.150000,1.184318,0.512873
-1.440400,-82.529000,-230.150000,1.164812,0.518133
-1.140400,-82.529000,-230.150000,1.199193,0.515005
-0.840400,-82.529000,-230.150000,1.204655,0.514708
-0.540400,-82.529000,-230.150000,1.150709,0.515698
-0.240400,-82.529000,-230.150000,1.200891,0.513222
0.059600,-82.529000,-230.150000,1.156875,0.510755
0.359600,-82.529000,-230.150000,1.204069,0.513638
0.659600,-82.529000,-230.150000,1.263495,0.517926
0.959600,-82.529000,-230.150000,1.177445,0.511694
1.259600,-82.529000,-230.150000,1.205673,0.520043
1.559600,-82.529000,-230.150000,1.211090,0.513296
1.859600,-82.529000,-230.150000,1.144808,0.510275
2.159600,-82.529000,-230.150000,1.181286,0.511782
2.459600,-82.529000,-230.150000,1.193635,0.508936
2.759600,-82.529000,-230.150000,1.147164,0.511814
3.059600,-82.529000,-230.150000,1.201591,0.515518
3.359600,-82.529000,-230.150000,1.211493,0.516421
3.659600,-82.529000,-230.150000,1.231331,0.509829
3.959600,-82.529000,-230.150000,1.173846,0.514839
4.259600,-82.529000,-230.150000,1.191706,0.515252
4.559600,-82.529000,-230.150000,1.205105,0.520833
4.859600,-82.529000,-230.150000,1.198880,0.515652
5.159600,-82.529000,-230.150000,1.211181,0.515738
5.459600,-82.529000,-230.150000,1.229348,0.515432
-11.640400,-82.229000,-230.150000,1.182084,0.508064
-11.340400,-82.229000,-230.150000,1.173694,0.502389
-11.040400,-82.229000,-230.150000,1.208836,0.508718
-10.740400,-82.229000,-230.150000,1.140885,0.506914
-10.440400,-82.229000,-230.150000,1.143767,0.508988
-10.140400,-82.229000,-230.150000,1.221843,0.503636
-9.840400,-82.229000,-230.150000,1.206779,0.512533
-9.540400,-82.229000,-230.150000,1.198132,0.509493
-9.240400,-82.229000,-230.150000,1.208066,0.509587
-8.940400,-82.229000,-230.150000,1.175788,0.515873
-8.640400,-82.229000,-230.150000,1.192501,0.507784
-8.340400,-82.229000,-230.150000,1.186420,0.514347
-8.040400,-82.229000,-230.150000,1.168743,0.513724
-7.740400,-82.229000,-230.150000,1.209389,0.509794
-7.440400,-82.229000,-230.150000,1.182200,0.511921
-7.140400,-82.229000,-230.150000,1.183747,0.511114
-6.840400,-82.229000,-230.150000,1.181329,0.517880
-6.540400,-82.229000,-230.150000,1.193614,0.508672
-6.240400,-82.229000,-230.150000,1.173554,0.514454
-5.940400,-82.229000,-230.150000,1.199458,0.512468
-5.640400,-82.229000,-230.150000,1.207269,0.516704
-5.340400,-82.229000,-230.150000,1.228445,0.513227
-5.040400,-82.229000,-230.150000,1.180209,0.511507
-4.740400,-82.229000,-230.150000,1.168941,0.511311
-4.440400,-82.229000,-230.150000,1.195911,0.513045
-4.140400,-82.229000,-230.150000,1.141631,0.515651
-3.840400,-82.229000,-230.150000,1.190413,0.512785
-3.540400,-82.229000,-230.150000,1.216084,0.514701
-3.240400,-82.229000,-230.150000,1.221941,0.513729
-2.940400,-82.229000,-230.150000,1.220541,0.511845
-2.640400,-82.229000,-230.150000,1.191408,0.507732
-2.340400,-82.229000,-230.150000,1.163701,0.514546
-2.040400,-82.229000,-230.150000,1.182143,0.512579
-1.740400,-82.229000,-230.150000,1.167332,0.511962
-1.440400,-82.229000,-230.150000,1.186800,0.518186
-1.140400,-82.229000,-230.150000,1.159303,0.511429
-0.840400,-82.229000,-230.150000,1.168782,0.509404
-0.540400,-82.229000,-230.150000,1.161298,0.515162
-0.240400,-82.229000,-230.150000,1.202383,0.512901
0.059600,-82.229000,-230.150000,1.205209,0.507466
0.359600,-82.229000,-230.150000,1.174466,0.508002
0.659600,-82.229000,-230.150000,1.191401,0.516950
0.959600,-82.229000,-230.150000,1.163047,0.508600
1.259600,-82.229000,-230.150000,1.174817,0.516937
1.559600,-82.229000,-230.150000,1.171664,0.510908
1.859600,-82.229000,-230.150000,1.208562,0.508416
2.159600,-82.229000,-230.150000,1.188370,0.510621
2.459600,-82.229000,-230.150000,1.174624,0.509182
2.759600,-82.229000,-230.150000,1.200783,0.512638
3.059600,-82.229000,-230.150000,1.209350,0.514206
3.359600,-82.229000,-230.150000,1.196841,0.511308
3.659600,-82.229000,-230.150000,1.216384,0.509228
3.959600,-82.229000,-230.150000,1.172289,0.512208
4.259600,-82.229000,-230.150000,1.220151,0.514918
4.559600,-82.229000,-230.150000,1.194759,0.516892
4.859600,-82.229000,-230.150000,1.194678,0.510042
5.159600,-82.229000,-230.150000,1.223418,0.513251
5.459600,-82.229000,-230.150000,1.215174,0.513868
-11.640400,-82.529000,-229.850000,1.198420,0.508682
-11.340400,-82.529000,-229.850000,1.157278,0.506751
-11.040400,-82.529000,-229.850000,1.192970,0.515667
-10.740400,-82.529000,-229.850000,1.202159,0.516450
-10.440400,-82.529000,-229.850000,1.206214,0.509912
-10.140400,-82.529000,-229.850000,1.184642,0.511936
-9.840400,-82.529000,-229.850000,1.195319,0.512706
-9.540400,-82.529000,-229.850000,1.207160,0.515016
-9.240400,-82.529000,-229.850000,1.205165,0.511192
-8.940400,-82.529000,-229.850000,1.252135,0.515690
-8.640400,-82.529000,-229.850000,1.114547,0.512441
-8.340400,-82.529000,-229.850000,1.216395,0.513192
-8.040400,-82.529000,-229.850000,1.184842,0.515734
-7.740400,-82.529000,-229.850000,1.170060,0.513238
-7.440400,-82.529000,-229.850000,1.200349,0.517359
-7.140400,-82.529000,-229.850000,1.179491,0.517485
-6.840400,-82.529000,-229.850000,1.179338,0.517700
-6.540400,-82.529000,-229.850000,1.140544,0.513190
-6.240400,-82.529000,-229.850000,1.168071,0.512179
-5.940400,-82.529000,-229.850000,1.167757,0.512354
-5.640400,-82.529000,-229.850000,1.154986,0.509327
-5.340400,-82.529000,-229.850000,1.171954,0.510807
-5.040400,-82.529000,-229.850000,1.222418,0.515116
-4.740400,-82.529000,-229.850000,1.196421,0.516755
-4.440400,-82.529000,-229.850000,1.175430,0.524677
-4.140400,-82.529000,-229.850000,1.239843,0.508621
-3.840400,-82.529000,-229.850000,1.218769,0.515408
-3.540400,-82.529000,-229.850000,1.180764,0.518030
-3.240400,-82.529000,-229.850000,1.160753,0.513291
-2.940400,-82.529000,-229.850000,1.206187,0.517633
-2.640400,-82.529000,-229.850000,1.198678,0.514832
-2.340400,-82.529000,-229.850000,1.145682,0.511713
-2.040400,-82.529000,-229.850000,1.181599,0.513441
-1.740400,-82.529000,-229.850000,1.188402,0.515982
-1.440400,-82.529000,-229.850000,1.217136,0.519338
-1.140400,-82.529000,-229.850000,1.218017,0.515967
-0.840400,-82.529000,-229.850000,1.193441,0.514781
-0.540400,-82.529000,-229.850000,1.192083,0.508045
-0.240400,-82.529000,-229.850000,1.239577,0.518125
0.059600,-82.529000,-229.850000,1.183195,0.513043
0.359600,-82.529000,-229.850000,1.180921,0.518976
0.659600,-82.529000,-229.850000,1.165466,0.512390
0.959600,-82.529000,-229.850000,1.202028,0.520442
1.259600,-82.529000,-229.850000,1.198144,0.512777
1.559600,-82.529000,-229.850000,1.205496,0.517917
1.859600,-82.529000,-229.850000,1.184844,0.510294
2.159600,-82.529000,-229.850000,1.186811,0.508115
2.459600,-82.529000,-229.850000,1.196132,0.517682
2.759600,-82.529000,-229.850000,1.163652,0.511417
3.059600,-82.529000,-229.850000,1.178078,0.513147
3.359600,-82.529000,-229.850000,1.190307,0.514465
3.659600,-82.529000,-229.850000,1.202648,0.514601
3.959600,-82.529000,-229.850000,1.207320,0.514774
4.259600,-82.529000,-229.850000,1.204057,0.512394
4.559600,-82.529000,-229.850000,1.210162,0.514103
4.859600,-82.529000,-229.850000,1.201753,0.511326
5.159600,-82.529000,-229.850000,1.233179,0.515105
5.459600,-82.529000,-229.850000,1.235531,0.509732
5.759600,-82.529000,-229.850000,1.221481,0.516792
6.059600,-82.529000,-229.850000,1.219128,0.520725
-11.640400,-82.229000,-229.850000,1.209512,0.507346
-11.340400,-82.229000,-229.850000,1.203651,0.505975
-11.040400,-82.229000,-229.850000,1.186369,0.513338
-10.740400,-82.229000,-229.850000,1.189368,0.514568
-10.440400,-82.229000,-229.850000,1.158121,0.505021
-10.140400,-82.229000,-229.850000,1.236166,0.511781
-9.840400,-82.229000,-229.850000,1.167472,0.513062
-9.540400,-82.229000,-229.850000,1.140876,0.512102
-9.240400,-82.229000,-229.850000,1.209352,0.509229
-8.940400,-82.229000,-229.850000,1.184761,0.513751
-8.640400,-82.229000,-229.850000,1.153733,0.509742
-8.340400,-82.229000,-229.850000,1.213170,0.511820
-8.040400,-82.229000,-229.850000,1.174251,0.512226
-7.740400,-82.229000,-229.850000,1.166006,0.508918
-7.440400,-82.229000,-229.850000,1.194642,0.514622
-7.140400,-82.229000,-229.850000,1.187101,0.514901
-6.840400,-82.229000,-229.850000,1.169106,0.511976
-6.540400,-82.229000,-229.850000,1.155027,0.512504
-6.240400,-82.229000,-229.850000,1.168927,0.511372
-5.940400,-82.229000,-229.850000,1.201823,0.514865
-5.640400,-82.229000,-229.850000,1.171980,0.509502
-5.340400,-82.229000,-229.850000,1.193411,0.508904
-5.040400,-82.229000,-229.850000,1.205679,0.513810
-4.740400,-82.229000,-229.850000,1.197408,0.515282
-4.440400,-82.229000,-229.850000,1.151792,0.519847
-4.140400,-82.229000,-229.850000,1.162413,0.506193
-3.840400,-82.229000,-229.850000,1.189350,0.510973
-3.540400,-82.229000,-229.850000,1.176297,0.516622
-3.240400,-82.229000,-229.850000,1.155203,0.510398
-2.940400,-82.229000,-229.850000,1.172691,0.518520
-2.640400,-82.229000,-229.850000,1.184139,0.511043
-2.340400,-82.229000,-229.850000,1.203804,0.508236
-2.040400,-82.229000,-229.850000,1.206487,0.511638
-1.740400,-82.229000,-229.850000,1.167561,0.513125
-1.440400,-82.229000,-229.850000,1.150311,0.517026
-1.140400,-82.229000,-229.850000,1.229308,0.516724
-0.840400,-82.229000,-229.850000,1.174350,0.509332
-0.540400,-82.229000,-229.850000,1.196722,0.508589
-0.240400,-82.229000,-229.850000,1.159956,0.514728
0.059600,-82.229000,-229.850000,1.195280,0.513243
0.359600,-82.229000,-229.850000,1.197053,0.516477
0.659600,-82.229000,-229.850000,1.150899,0.510247
0.959600,-82.229000,-229.850000,1.178299,0.516116
1.259600,-82.229000,-229.850000,1.143514,0.510021
1.559600,-82.229000,-229.850000,1.179259,0.515683
1.859600,-82.229000,-229.850000,1.190214,0.509569
2.159600,-82.229000,-229.850000,1.134998,0.503832
2.459600,-82.229000,-229.850000,1.196885,0.517046
2.759600,-82.229000,-229.850000,1.228900,0.509723
3.059600,-82.229000,-229.850000,1.181119,0.513596
3.359600,-82.229000,-229.850000,1.184448,0.512307
3.659600,-82.229000,-229.850000,1.190870,0.511450
3.959600,-82.229000,-229.850000,1.199736,0.513473
4.259600,-82.229000,-229.850000,1.142165,0.509614
4.559600,-82.229000,-229.850000,1.165736,0.510375
4.859600,-82.229000,-229.850000,1.178853,0.508481
5.159600,-82.229000,-229.850000,1.145170,0.510564
5.459600,-82.229000,-229.850000,1.196255,0.502815
5.759600,-82.229000,-229.850000,1.139487,0.510657
6.059600,-82.229000,-229.850000,1.182417,0.515006
-11.640400,-82.529000,-229.550000,1.201205,0.513109
-11.340400,-82.529000,-229.550000,1.211741,0.513439
-11.040400,-82.529000,-229.550000,1.223695,0.512981
-10.740400,-82.529000,-229.550000,1.230127,0.509776
-10.440400,-82.529000,-229.550000,1.160161,0.506631
-10.140400,-82.529000,-229.550000,1.217957,0.512633
-9.840400,-82.529000,-229.550000,1.191698,0.509846
-9.540400,-82.529000,-229.550000,1.234719,0.514120
-9.240400,-82.529000,-229.550000,1.215100,0.514962
-8.940400,-82.529000,-229.550000,1.230692,0.515161
-8.640400,-82.529000,-229.550000,1.172776,0.507631
-8.340400,-82.529000,-229.550000,1.207263,0.518044
-8.040400,-82.529000,-229.550000,1.224714,0.514338
-7.740400,-82.529000,-229.550000,1.219084,0.518951
-7.440400,-82.529000,-229.550000,1.184036,0.511263
-7.140400,-82.529000,-229.550000,1.228344,0.518791
-6.840400,-82.529000,-229.550000,1.205397,0.513247
-6.540400,-82.529000,-229.550000,1.166945,0.514383
-6.240400,-82.529000,-229.550000,1.156606,0.513318
-5.940400,-82.529000,-229.550000,1.171811,0.509397
-5.640400,-82.529000,-229.550000,1.185102,0.516184
-5.340400,-82.529000,-229.550000,1.181766,0.513701
-5.040400,-82.529000,-229.550000,1.179095,0.516359
-4.740400,-82.529000,-229.550000,1.203812,0.512625
-4.440400,-82.529000,-229.550000,1.237053,0.518728
-4.140400,-82.529000,-229.550000,1.187158,0.517127
-3.840400,-82.529000,-229.550000,1.188267,0.519763
-3.540400,-82.529000,-229.550000,1.182741,0.513146
-3.240400,-82.529000,-229.550000,1.167181,0.511053
-2.940400,-82.529000,-229.550000,1.212241,0.512416
-2.640400,-82.529000,-229.550000,1.195131,0.511651
-2.340400,-82.529000,-229.550000,1.231254,0.514904
-2.040400,-82.529000,-229.550000,1.207952,0.515256
-1.740400,-82.529000,-229.550000,1.208251,0.509095
-1.440400,-82.529000,-229.550000,1.206769,0.514026
-1.140400,-82.529000,-229.550000,1.187223,0.512881
-0.840400,-82.529000,-229.550000,1.212092,0.517588
-0.540400,-82.529000,-229.550000,1.144745,0.512603
-0.240400,-82.529000,-229.550000,1.137311,0.515738
0.059600,-82.529000,-229.550000,1.179683,0.514984
0.359600,-82.529000,-229.550000,1.216933,0.516656
0.659600,-82.529000,-229.550000,1.166849,0.515556
0.959600,-82.529000,-229.550000,1.182444,0.509012
1.259600,-82.529000,-229.550000,1.231211,0.515343
1.559600,-82.529000,-229.550000,1.177902,0.517583
1.859600,-82.529000,-229.550000,1.191357,0.516864
2.159600,-82.529000,-229.550000,1.166160,0.513339
2.459600,-82.529000,-229.550000,1.198889,0.512498
2.759600,-82.529000,-229.550000,1.185668,0.507550
3.059600,-82.529000,-229.550000,1.167936,0.510121
3.359600,-82.529000,-229.550000,1.201307,0.519445
3.659600,-82.529000,-229.550000,1.183370,0.514467
3.959600,-82.529000,-229.550000,1.202210,0.514423
4.259600,-82.529000,-229.550000,1.181710,0.511549
4.559600,-82.529000,-229.550000,1.148068,0.512715
4.859600,-82.529000,-229.550000,1.179469,0.513519
5.159600,-82.529000,-229.550000,1.189883,0.510635
5.459600,-82.529000,-229.550000,1.184527,0.512192
5.759600,-82.529000,-229.550000,1.180260,0.515861
6.059600,-82.529000,-229.550000,1.206635,0.509494
6.359600,-82.529000,-229.550000,1.175921,0.510822
-11.640400,-82.229000,-229.550000,1.176333,0.511599
-11.340400,-82.229000,-229.550000,1.186238,0.509060
-11.040400,-82.229000,-229.550000,1.195934,0.512066
-10.740400,-82.229000,-229.550000,1.188694,0.507560
-10.440400,-82.229000,-229.550000,1.204183,0.505744
-10.140400,-82.229000,-229.550000,1.178206,0.509327
-9.840400,-82.229000,-229.550000,1.172669,0.508508
-9.540400,-82.229000,-229.550000,1.213674,0.507380
-9.240400,-82.229000,-229.550000,1.194842,0.512259
-8.940400,-82.229000,-229.550000,1.220229,0.511801
-8.640400,-82.229000,-229.550000,1.169788,0.506930
-8.340400,-82.229000,-229.550000,1.171629,0.515904
-8.040400,-82.229000,-229.550000,1.172521,0.512282
-7.740400,-82.229000,-229.550000,1.154294,0.515286
-7.440400,-82.229000,-229.550000,1.192997,0.509858
-7.140400,-82.229000,-229.550000,1.203128,0.516199
-6.840400,-82.229000,-229.550000,1.174370,0.508345
-6.540400,-82.229000,-229.550000,1.184121,0.511501
-6.240400,-82.229000,-229.550000,1.194617,0.509956
-5.940400,-82.229000,-229.550000,1.190031,0.509502
-5.640400,-82.229000,-229.550000,1.154402,0.513029
-5.340400,-82.229000,-229.550000,1.149808,0.512397
-5.040400,-82.229000,-229.550000,1.174749,0.516216
-4.740400,-82.229000,-229.550000,1.197636,0.511013
-4.440400,-82.229000,-229.550000,1.200087,0.516969
-4.140400,-82.229000,-229.550000,1.228562,0.514424
-3.840400,-82.229000,-229.550000,1.213994,0.515440
-3.540400,-82.229000,-229.550000,1.156336,0.510869
-3.240400,-82.229000,-229.550000,1.187500,0.511252
-2.940400,-82.229000,-229.550000,1.176021,0.507684
-2.640400,-82.229000,-229.550000,1.185595,0.510351
-2.340400,-82.229000,-229.550000,1.170246,0.511943
-2.040400,-82.229000,-229.550000,1.200791,0.514180
-1.740400,-82.229000,-229.550000,1.213828,0.505820
-1.440400,-82.229000,-229.550000,1.173204,0.511134
-1.140400,-82.229000,-229.550000,1.183891,0.512452
-0.840400,-82.229000,-229.550000,1.144627,0.512514
-0.540400,-82.229000,-229.550000,1.205616,0.513847
-0.240400,-82.229000,-229.550000,1.213634,0.515848
0.059600,-82.229000,-229.550000,1.179074,0.514321
0.359600,-82.229000,-229.550000,1.189169,0.512744
0.659600,-82.229000,-229.550000,1.178254,0.515789
0.959600,-82.229000,-229.550000,1.167380,0.508877
1.259600,-82.229000,-229.550000,1.208276,0.512974
1.559600,-82.229000,-229.550000,1.172190,0.513627
1.859600,-82.229000,-229.550000,1.197255,0.514826
2.159600,-82.229000,-229.550000,1.201729,0.512774
2.459600,-82.229000,-229.550000,1.162175,0.508787
2.759600,-82.229000,-229.550000,1.222481,0.507292
3.059600,-82.229000,-229.550000,1.154142,0.506073
3.359600,-82.229000,-229.550000,1.156338,0.514214
3.659600,-82.229000,-229.550000,1.175634,0.512697
3.959600,-82.229000,-229.550000,1.137857,0.513833
4.259600,-82.229000,-229.550000,1.175331,0.510277
4.559600,-82.229000,-229.550000,1.159756,0.511708
4.859600,-82.229000,-229.550000,1.226768,0.511099
5.159600,-82.229000,-229.550000,1.183433,0.508685
5.459600,-82.229000,-229.550000,1.168494,0.510284
5.759600,-82.229000,-229.550000,1.208959,0.515088
6.059600,-82.229000,-229.550000,1.196599,0.508981
6.359600,-82.229000,-229.550000,1.275323,0.509046
6.659600,-82.229000,-229.550000,1.173491,0.510006
-11.640400,-82.529000,-229.250000,1.152512,0.505641
-11.340400,-82.529000,-229.250000,1.236999,0.509617
-11.040400,-82.529000,-229.250000,1.171647,0.506438
-10.740400,-82.529000,-229.250000,1.221352,0.514340
-10.440400,-82.529000,-229.250000,1.206525,0.512591
-10.140400,-82.529000,-229.250000,1.185107,0.511306
-9.840400,-82.529000,-229.250000,1.193685,0.512614
-9.540400,-82.529000,-229.250000,1.188202,0.510025
-9.240400,-82.529000,-229.250000,1.213043,0.508679
-8.940400,-82.529000,-229.250000,1.192315,0.512857
-8.640400,-82.529000,-229.250000,1.164828,0.514686
-8.340400,-82.529000,-229.250000,1.243025,0.515778
-8.040400,-82.529000,-229.250000,1.192278,0.512700
-7.740400,-82.529000,-229.250000,1.210899,0.510412
-7.440400,-82.529000,-229.250000,1.222255,0.515862
-7.140400,-82.529000,-229.250000,1.179140,0.510517
-6.840400,-82.529000,-229.250000,1.188507,0.515679
-6.540400,-82.529000,-229.250000,1.227748,0.514886
-6.240400,-82.529000,-229.250000,1.182009,0.514426
-5.940400,-82.529000,-229.250000,1.187539,0.514907
-5.640400,-82.529000,-229.250000,1.200001,0.513759
-5.340400,-82.529000,-229.250000,1.257001,0.513452
-5.040400,-82.529000,-229.250000,1.172522,0.515288
-4.740400,-82.529000,-229.250000,1.235607,0.517520
-4.440400,-82.529000,-229.250000,1.209358,0.509943
-4.140400,-82.529000,-229.250000,1.238808,0.516069
-3.840400,-82.529000,-229.250000,1.185599,0.517221
-3.540400,-82.529000,-229.250000,1.182038,0.520702
-3.240400,-82.529000,-229.250000,1.231019,0.514030
-2.940400,-82.529000,-229.250000,1.195140,0.508727
-2.640400,-82.529000,-229.250000,1.195756,0.517533
-2.340400,-82.529000,-229.250000,1.180110,0.514684
-2.040400,-82.529000,-229.250000,1.226206,0.511579
-1.740400,-82.529000,-229.250000,1.187610,0.515252
-1.440400,-82.529000,-229.250000,1.205850,0.514780
-1.140400,-82.529000,-229.250000,1.160034,0.512167
-0.840400,-82.529000,-229.250000,1.183021,0.513615
-0.540400,-82.529000,-229.250000,1.168788,0.512157
-0.240400,-82.529000,-229.250000,1.209126,0.509349
0.059600,-82.529000,-229.250000,1.212657,0.514870
0.359600,-82.529000,-229.250000,1.214937,0.511408
0.659600,-82.529000,-229.250000,1.162154,0.513105
0.959600,-82.529000,-229.250000,1.173495,0.513229
1.259600,-82.529000,-229.250000,1.186619,0.510177
1.559600,-82.529000,-229.250000,1.221150,0.512869
1.859600,-82.529000,-229.250000,1.218034,0.509990
2.159600,-82.529000,-229.250000,1.167236,0.515856
2.459600,-82.529000,-229.250000,1.195516,0.510826
2.759600,-82.529000,-229.250000,1.198066,0.512403
3.059600,-82.529000,-229.250000,1.152788,0.518143
3.359600,-82.529000,-229.250000,1.190457,0.519828
3.659600,-82.529000,-229.250000,1.204007,0.513753
3.959600,-82.529000,-229.250000,1.227501,0.521388
4.259600,-82.529000,-229.250000,1.171276,0.512314
4.559600,-82.529000,-229.250000,1.206414,0.516972
4.859600,-82.529000,-229.250000,1.189858,0.515455
5.159600,-82.529000,-229.250000,1.209707,0.514707
5.459600,-82.529000,-229.250000,1.148707,0.508192
5.759600,-82.529000,-229.250000,1.198957,0.504210
6.059600,-82.529000,-229.250000,1.193133,0.505976
6.359600,-82.529000,-229.250000,1.172146,0.515356
6.659600,-82.529000,-229.250000,1.169855,0.510380
-11.640400,-82.229000,-229.250000,1.148631,0.506696
-11.340400,-82.229000,-229.250000,1.179410,0.505491
-11.040400,-82.229000,-229.250000,1.222079,0.503574
-10.740400,-82.229000,-229.250000,1.185393,0.511472
-10.440400,-82.229000,-229.250000,1.176533,0.510111
-10.140400,-82.229000,-229.250000,1.159207,0.504341
-9.840400,-82.229000,-229.250000,1.188037,0.513928
-9.540400,-82.229000,-229.250000,1.159180,0.506222
-9.240400,-82.229000,-229.250000,1.215116,0.507433
-8.940400,-82.229000,-229.250000,1.194235,0.511153
-8.640400,-82.229000,-229.250000,1.213662,0.514072
-8.340400,-82.229000,-229.250000,1.161528,0.515272
-8.040400,-82.229000,-229.250000,1.193713,0.509694
-7.740400,-82.229000,-229.250000,1.190604,0.510242
-7.440400,-82.229000,-229.250000,1.172281,0.510983
-7.140400,-82.229000,-229.250000,1.217540,0.506185
-6.840400,-82.229000,-229.250000,1.172357,0.512173
-6.540400,-82.229000,-229.250000,1.249437,0.516291
-6.240400,-82.229000,-229.250000,1.213895,0.511802
-5.940400,-82.229000,-229.250000,1.159165,0.512261
-5.640400,-82.229000,-229.250000,1.171221,0.512247
-5.340400,-82.229000,-229.250000,1.155897,0.509004
-5.040400,-82.229000,-229.250000,1.186034,0.514893
-4.740400,-82.229000,-229.250000,1.150381,0.513110
-4.440400,-82.229000,-229.250000,1.177560,0.509434
-4.140400,-82.229000,-229.250000,1.221965,0.512199
-3.840400,-82.229000,-229.250000,1.232999,0.519421
-3.540400,-82.229000,-229.250000,1.154968,0.517957
-3.240400,-82.229000,-229.250000,1.196866,0.511468
-2.940400,-82.229000,-229.250000,1.262642,0.510585
-2.640400,-82.229000,-229.250000,1.221997,0.515081
-2.340400,-82.229000,-229.250000,1.198713,0.513684
-2.040400,-82.229000,-229.250000,1.219937,0.509819
-1.740400,-82.229000,-229.250000,1.165985,0.513487
-1.440400,-82.229000,-229.250000,1.185757,0.511790
-1.140400,-82.229000,-229.250000,1.206119,0.513341
-0.840400,-82.229000,-229.250000,1.207723,0.512452
-0.540400,-82.229000,-229.250000,1.177061,0.512271
-0.240400,-82.229000,-229.250000,1.182524,0.508471
0.059600,-82.229000,-229.250000,1.186611,0.512147
0.359600,-82.229000,-229.250000,1.206240,0.509297
0.659600,-82.229000,-229.250000,1.154178,0.509466
0.959600,-82.229000,-229.250000,1.156316,0.509683
1.259600,-82.229000,-229.250000,1.168056,0.507120
1.559600,-82.229000,-229.250000,1.187469,0.511401
1.859600,-82.229000,-229.250000,1.199384,0.508851
2.159600,-82.229000,-229.250000,1.203667,0.514720
2.459600,-82.229000,-229.250000,1.170124,0.509735
2.759600,-82.229000,-229.250000,1.199108,0.511206
3.059600,-82.229000,-229.250000,1.151620,0.514853
3.359600,-82.229000,-229.250000,1.187489,0.516506
3.659600,-82.229000,-229.250000,1.190207,0.516690
3.959600,-82.229000,-229.250000,1.199653,0.518687
4.259600,-82.229000,-229.250000,1.152934,0.509381
4.559600,-82.229000,-229.250000,1.169999,0.513727
4.859600,-82.229000,-229.250000,1.172918,0.513358
5.159600,-82.229000,-229.250000,1.212050,0.512556
5.459600,-82.229000,-229.250000,1.158635,0.506574
5.759600,-82.229000,-229.250000,1.234549,0.504420
6.059600,-82.229000,-229.250000,1.164749,0.504059
6.359600,-82.229000,-229.250000,1.164196,0.512723
6.659600,-82.229000,-229.250000,1.201847,0.511764
6.959600,-82.229000,-229.250000,1.200745,0.510333
-11.640400,-82.529000,-228.950000,1.195087,0.511585
-11.340400,-82.529000,-228.950000,1.158682,0.511072
-11.040400,-82.529000,-228.950000,1.120721,0.507074
-10.740400,-82.529000,-228.950000,1.149878,0.509155
-10.440400,-82.529000,-228.950000,1.168442,0.506204
-10.140400,-82.529000,-228.950000,1.149239,0.510550
-9.840400,-82.529000,-228.950000,1.222060,0.511177
-9.540400,-82.529000,-228.950000,1.173383,0.511197
-9.240400,-82.529000,-228.950000,1.234251,0.516011
-8.940400,-82.529000,-228.950000,1.154305,0.510218
-8.640400,-82.529000,-228.950000,1.208119,0.513932
-8.340400,-82.529000,-228.950000,1.181702,0.510855
-8.040400,-82.529000,-228.950000,1.173669,0.514290
-7.740400,-82.529000,-228.950000,1.152715,0.517141
-7.440400,-82.529000,-228.950000,1.169497,0.513012
-7.140400,-82.529000,-228.950000,1.209366,0.515379
-6.840400,-82.529000,-228.950000,1.155152,0.514419
-6.540400,-82.529000,-228.950000,1.169688,0.513802
-6.240400,-82.529000,-228.950000,1.167473,0.513704
-5.940400,-82.529000,-228.950000,1.201928,0.512653
-5.640400,-82.529000,-228.950000,1.198658,0.517701
-5.340400,-82.529000,-228.950000,1.193812,0.516919
-5.040400,-82.529000,-228.950000,1.204063,0.516746
-4.740400,-82.529000,-228.950000,1.208058,0.516879
-4.440400,-82.529000,-228.950000,1.215148,0.516718
-4.140400,-82.529000,-228.950000,1.190565,0.513153
-3.840400,-82.529000,-228.950000,1.180733,0.516203
-3.540400,-82.529000,-228.950000,1.151909,0.511040
-3.240400,-82.529000,-228.950000,1.213980,0.512486
-2.940400,-82.529000,-228.950000,1.176687,0.517476
-2.640400,-82.529000,-228.950000,1.162755,0.513630
-2.340400,-82.529000,-228.950000,1.184239,0.515307
-2.040400,-82.529000,-228.950000,1.192719,0.510720
-1.740400,-82.529000,-228.950000,1.179805,0.510218
-1.440400,-82.529000,-228.950000,1.176148,0.509335
-1.140400,-82.529000,-228.950000,1.120122,0.508147
-0.840400,-82.529000,-228.950000,1.209604,0.510542
-0.540400,-82.529000,-228.950000,1.168914,0.513350
-0.240400,-82.529000,-228.950000,1.203006,0.508994
0.059600,-82.529000,-228.950000,1.199276,0.517494
0.359600,-82.529000,-228.950000,1.192435,0.511918
0.659600,-82.529000,-228.950000,1.197472,0.518129
0.959600,-82.529000,-228.950000,1.177357,0.517830
1.259600,-82.529000,-228.950000,1.216150,0.510440
1.559600,-82.529000,-228.950000,1.172310,0.515760
1.859600,-82.529000,-228.950000,1.172604,0.514596
2.159600,-82.529000,-228.950000,1.184708,0.510358
2.459600,-82.529000,-228.950000,1.191872,0.509127
2.759600,-82.529000,-228.950000,1.206935,0.517152
3.059600,-82.529000,-228.950000,1.236112,0.517160
3.359600,-82.529000,-228.950000,1.188753,0.519303
3.659600,-82.529000,-228.950000,1.181485,0.517402
3.959600,-82.529000,-228.950000,1.222655,0.514887
4.259600,-82.529000,-228.950000,1.162776,0.515169
4.559600,-82.529000,-228.950000,1.181073,0.508624
4.859600,-82.529000,-228.950000,1.177489,0.514364
5.159600,-82.529000,-228.950000,1.156457,0.512240
5.459600,-82.529000,-228.950000,1.204040,0.511980
5.759600,-82.529000,-228.950000,1.239282,0.515206
6.059600,-82.529000,-228.950000,1.173889,0.507878
6.359600,-82.529000,-228.950000,1.189700,0.512612
6.659600,-82.529000,-228.950000,1.172911,0.519383
6.959600,-82.529000,-228.950000,1.202809,0.513511
7.259600,-82.529000,-228.950000,1.186608,0.512698
-11.640400,-82.229000,-228.950000,1.209683,0.508719
-11.340400,-82.229000,-228.950000,1.155560,0.511579
-11.040400,-82.229000,-228.950000,1.181478,0.507535
-10.740400,-82.229000,-228.950000,1.163561,0.505940
-10.440400,-82.229000,-228.950000,1.180560,0.503791
-10.140400,-82.229000,-228.950000,1.171685,0.507900
-9.840400,-82.229000,-228.950000,1.167326,0.511524
-9.540400,-82.229000,-228.950000,1.193662,0.511775
-9.240400,-82.229000,-228.950000,1.187258,0.511018
-8.940400,-82.229000,-228.950000,1.193987,0.509727
-8.640400,-82.229000,-228.950000,1.176950,0.512645
-8.340400,-82.229000,-228.950000,1.184157,0.509772
-8.040400,-82.229000,-228.950000,1.177449,0.511275
-7.740400,-82.229000,-228.950000,1.202467,0.512829
-7.440400,-82.229000,-228.950000,1.186995,0.515163
-7.140400,-82.229000,-228.950000,1.146116,0.510346
-6.840400,-82.229000,-228.950000,1.141112,0.513858
-6.540400,-82.229000,-228.950000,1.214933,0.514443
-6.240400,-82.229000,-228.950000,1.184461,0.513295
-5.940400,-82.229000,-228.950000,1.209227,0.511714
-5.640400,-82.229000,-228.950000,1.203532,0.514007
-5.340400,-82.229000,-228.950000,1.197742,0.514317
-5.040400,-82.229000,-228.950000,1.190039,0.513629
-4.740400,-82.229000,-228.950000,1.135169,0.510064
-4.440400,-82.229000,-228.950000,1.171484,0.513141
-4.140400,-82.229000,-228.950000,1.169507,0.509471
-3.840400,-82.229000,-228.950000,1.125930,0.518611
-3.540400,-82.229000,-228.950000,1.189188,0.510419
-3.240400,-82.229000,-228.950000,1.165648,0.506471
-2.940400,-82.229000,-228.950000,1.205979,0.514514
-2.640400,-82.229000,-228.950000,1.187805,0.511238
-2.340400,-82.229000,-228.950000,1.161669,0.515832
-2.040400,-82.229000,-228.950000,1.195656,0.511948
-1.740400,-82.229000,-228.950000,1.220647,0.511315
-1.440400,-82.229000,-228.950000,1.174822,0.509623
-1.140400,-82.229000,-228.950000,1.199376,0.509575
-0.840400,-82.229000,-228.950000,1.158875,0.508634
-0.540400,-82.229000,-228.950000,1.255293,0.514177
-0.240400,-82.229000,-228.950000,1.166372,0.509203
0.059600,-82.229000,-228.950000,1.192554,0.516382
0.359600,-82.229000,-228.950000,1.212918,0.509631
0.659600,-82.229000,-228.950000,1.195299,0.515904
0.959600,-82.229000,-228.950000,1.163183,0.516389
1.259600,-82.229000,-228.950000,1.199010,0.507431
1.559600,-82.229000,-228.950000,1.194058,0.511683
1.859600,-82.229000,-228.950000,1.210859,0.510944
2.159600,-82.229000,-228.950000,1.217337,0.509095
2.459600,-82.229000,-228.950000,1.235362,0.512554
2.759600,-82.229000,-228.950000,1.179957,0.511591
3.059600,-82.229000,-228.950000,1.175719,0.508730
3.359600,-82.229000,-228.950000,1.240396,0.518762
3.659600,-82.229000,-228.950000,1.190396,0.517121
3.959600,-82.229000,-228.950000,1.206409,0.511328
4.259600,-82.229000,-228.950000,1.196971,0.514327
4.559600,-82.229000,-228.950000,1.161459,0.509609
4.859600,-82.229000,-228.950000,1.213539,0.511940
5.159600,-82.229000,-228.950000,1.160082,0.509062
5.459600,-82.229000,-228.950000,1.174222,0.508955
5.759600,-82.229000,-228.950000,1.174895,0.513602
6.059600,-82.229000,-228.950000,1.170575,0.509554
6.359600,-82.229000,-228.950000,1.195059,0.510921
6.659600,-82.229000,-228.950000,1.156247,0.515430
6.959600,-82.229000,-228.950000,1.151152,0.511343
7.259600,-82.229000,-228.950000,1.142792,0.508042
7.559600,-82.229000,-228.950000,1.168804,0.512113
-11.640400,-82.529000,-228.650000,1.171958,0.504915
-11.340400,-82.529000,-228.650000,1.229151,0.507935
-11.040400,-82.529000,-228.650000,1.157470,0.514433
-10.740400,-82.529000,-228.650000,1.170196,0.516443
-10.440400,-82.529000,-228.650000,1.185809,0.515234
-10.140400,-82.529000,-228.650000,1.199936,0.514007
-9.840400,-82.529000,-228.650000,1.200643,0.519138
-9.540400,-82.529000,-228.650000,1.208242,0.512508
-9.240400,-82.529000,-228.650000,1.176433,0.511338
-8.940400,-82.529000,-228.650000,1.173154,0.514911
-8.640400,-82.529000,-228.650000,1.164655,0.513442
-8.340400,-82.529000,-228.650000,1.182989,0.513803
-8.040400,-82.529000,-228.650000,1.227874,0.510198
-7.740400,-82.529000,-228.650000,1.191091,0.516316
-7.440400,-82.529000,-228.650000,1.171878,0.513947
-7.140400,-82.529000,-228.650000,1.186660,0.509581
-6.840400,-82.529000,-228.650000,1.198729,0.514684
-6.540400,-82.529000,-228.650000,1.218277,0.514620
-6.240400,-82.529000,-228.650000,1.212378,0.510904
-5.940400,-82.529000,-228.650000,1.185129,0.516534
-5.640400,-82.529000,-228.650000,1.191123,0.509516
-5.340400,-82.529000,-228.650000,1.165561,0.511325
-5.040400,-82.529000,-228.650000,1.175837,0.514117
-4.740400,-82.529000,-228.650000,1.180812,0.511494
-4.440400,-82.529000,-228.650000,1.198768,0.511025
-4.140400,-82.529000,-228.650000,1.170959,0.513488
-3.840400,-82.529000,-228.650000,1.190760,0.515711
-3.540400,-82.529000,-228.650000,1.130131,0.515973
-3.240400,-82.529000,-228.650000,1.182605,0.516540
-2.940400,-82.529000,-228.650000,1.240589,0.518575
-2.640400,-82.529000,-228.650000,1.176433,0.517518
-2.340400,-82.529000,-228.650000,1.208360,0.519122
-2.040400,-82.529000,-228.650000,1.219233,0.514076
-1.740400,-82.529000,-228.650000,1.174113,0.511085
-1.440400,-82.529000,-228.650000,1.197627,0.515728
-1.140400,-82.529000,-228.650000,1.168339,0.512786
-0.840400,-82.529000,-228.650000,1.165189,0.515618
-0.540400,-82.529000,-228.650000,1.170925,0.508840
-0.240400,-82.529000,-228.650000,1.190178,0.510298
0.059600,-82.529000,-228.650000,1.187843,0.514224
0.359600,-82.529000,-228.650000,1.181115,0.515354
0.659600,-82.529000,-228.650000,1.256120,0.514212
0.959600,-82.529000,-228.650000,1.180877,0.514623
1.259600,-82.529000,-228.650000,1.188522,0.516168
1.559600,-82.529000,-228.650000,1.192500,0.511367
1.859600,-82.529000,-228.650000,1.183288,0.505023
2.159600,-82.529000,-228.650000,1.215924,0.511928
2.459600,-82.529000,-228.650000,1.226262,0.512643
2.759600,-82.529000,-228.650000,1.194718,0.516337
3.059600,-82.529000,-228.650000,1.206236,0.511092
3.359600,-82.529000,-228.650000,1.167755,0.510875
3.659600,-82.529000,-228.650000,1.203469,0.515063
3.959600,-82.529000,-228.650000,1.178578,0.515554
4.259600,-82.529000,-228.650000,1.186055,0.514976
4.559600,-82.529000,-228.650000,1.237934,0.513660
4.859600,-82.529000,-228.650000,1.217478,0.514453
5.159600,-82.529000,-228.650000,1.220565,0.517400
5.459600,-82.529000,-228.650000,1.165997,0.514877
5.759600,-82.529000,-228.650000,1.217893,0.508871
6.059600,-82.529000,-228.650000,1.223973,0.511394
6.359600,-82.529000,-228.650000,1.177708,0.512845
6.659600,-82.529000,-228.650000,1.154925,0.516667
6.959600,-82.529000,-228.650000,1.170686,0.512091
7.259600,-82.529000,-228.650000,1.201148,0.516344
7.559600,-82.529000,-228.650000,1.183389,0.514483
7.859600,-82.529000,-228.650000,1.182084,0.509712
-11.640400,-82.229000,-228.650000,1.156213,0.501077
-11.340400,-82.229000,-228.650000,1.170548,0.503486
-11.040400,-82.229000,-228.650000,1.133632,0.510628
-10.740400,-82.229000,-228.650000,1.186471,0.512646
-10.440400,-82.229000,-228.650000,1.174418,0.510912
-10.140400,-82.229000,-228.650000,1.178920,0.512974
-9.840400,-82.229000,-228.650000,1.172276,0.518556
-9.540400,-82.229000,-228.650000,1.179190,0.509370
-9.240400,-82.229000,-228.650000,1.224467,0.510723
-8.940400,-82.229000,-228.650000,1.168132,0.510854
-8.640400,-82.229000,-228.650000,1.158539,0.510863
-8.340400,-82.229000,-228.650000,1.141048,0.510906
-8.040400,-82.229000,-228.650000,1.151200,0.505187
-7.740400,-82.229000,-228.650000,1.206878,0.513548
-7.440400,-82.229000,-228.650000,1.168794,0.511555
-7.140400,-82.229000,-228.650000,1.162637,0.509757
-6.840400,-82.229000,-228.650000,1.180420,0.510239
-6.540400,-82.229000,-228.650000,1.195524,0.509852
-6.240400,-82.229000,-228.650000,1.186636,0.507709
-5.940400,-82.229000,-228.650000,1.180858,0.515573
-5.640400,-82.229000,-228.650000,1.169276,0.507948
-5.340400,-82.229000,-228.650000,1.195060,0.512313
-5.040400,-82.229000,-228.650000,1.203873,0.513021
-4.740400,-82.229000,-228.650000,1.159817,0.507154
-4.440400,-82.229000,-228.650000,1.198077,0.510210
-4.140400,-82.229000,-228.650000,1.127602,0.509040
-3.840400,-82.229000,-228.650000,1.104145,0.512269
-3.540400,-82.229000,-228.650000,1.227417,0.518361
-3.240400,-82.229000,-228.650000,1.162734,0.512852
-2.940400,-82.229000,-228.650000,1.180425,0.515762
-2.640400,-82.229000,-228.650000,1.146961,0.516390
-2.340400,-82.229000,-228.650000,1.162659,0.515862
-2.040400,-82.229000,-228.650000,1.178349,0.511680
-1.740400,-82.229000,-228.650000,1.242647,0.512558
-1.440400,-82.229000,-228.650000,1.152728,0.511024
-1.140400,-82.229000,-228.650000,1.196166,0.511235
-0.840400,-82.229000,-228.650000,1.182984,0.515606
-0.540400,-82.229000,-228.650000,1.234663,0.510876
-0.240400,-82.229000,-228.650000,1.194911,0.510626
0.059600,-82.229000,-228.650000,1.158648,0.512111
0.359600,-82.229000,-228.650000,1.181883,0.513645
0.659600,-82.229000,-228.650000,1.173278,0.510977
0.959600,-82.229000,-228.650000,1.153748,0.513325
1.259600,-82.229000,-228.650000,1.203035,0.516208
1.559600,-82.229000,-228.650000,1.223600,0.510556
1.859600,-82.229000,-228.650000,1.210657,0.504179
2.159600,-82.229000,-228.650000,1.203914,0.511806
2.459600,-82.229000,-228.650000,1.174199,0.508936
2.759600,-82.229000,-228.650000,1.220060,0.517134
3.059600,-82.229000,-228.650000,1.235206,0.511236
3.359600,-82.229000,-228.650000,1.222994,0.515685
3.659600,-82.229000,-228.650000,1.173205,0.514417
3.959600,-82.229000,-228.650000,1.177354,0.515920
4.259600,-82.229000,-228.650000,1.252432,0.514658
4.559600,-82.229000,-228.650000,1.220573,0.510616
4.859600,-82.229000,-228.650000,1.196613,0.511699
5.159600,-82.229000,-228.650000,1.145158,0.513935
5.459600,-82.229000,-228.650000,1.215208,0.511127
5.759600,-82.229000,-228.650000,1.188707,0.507634
6.059600,-82.229000,-228.650000,1.177396,0.509778
6.359600,-82.229000,-228.650000,1.172172,0.508707
6.659600,-82.229000,-228.650000,1.159364,0.514057
6.959600,-82.229000,-228.650000,1.188447,0.512316
7.259600,-82.229000,-228.650000,1.149712,0.512095
7.559600,-82.229000,-228.650000,1.192114,0.510718
7.859600,-82.229000,-228.650000,1.196557,0.507443
-11.640400,-82.529000,-228.350000,1.130990,0.504079
-11.340400,-82.529000,-228.350000,1.155248,0.514062
-11.040400,-82.529000,-228.350000,1.214111,0.511936
-10.740400,-82.529000,-228.350000,1.176560,0.514686
-10.440400,-82.529000,-228.350000,1.247649,0.507405
-10.140400,-82.529000,-228.350000,1.178216,0.508539
-9.840400,-82.529000,-228.350000,1.213743,0.511190
-9.540400,-82.529000,-228.350000,1.232193,0.512277
-9.240400,-82.529000,-228.350000,1.181586,0.512109
-8.940400,-82.529000,-228.350000,1.212211,0.513540
-8.640400,-82.529000,-228.350000,1.231174,0.516471
-8.340400,-82.529000,-228.350000,1.186436,0.509498
-8.040400,-82.529000,-228.350000,1.236092,0.518447
-7.740400,-82.529000,-228.350000,1.223314,0.516859
-7.440400,-82.529000,-228.350000,1.198923,0.515666
-7.140400,-82.529000,-228.350000,1.200023,0.510606
-6.840400,-82.529000,-228.350000,1.217968,0.512369
-6.540400,-82.529000,-228.350000,1.166591,0.515034
-6.240400,-82.529000,-228.350000,1.220817,0.515651
-5.940400,-82.529000,-228.350000,1.183135,0.511382
-5.640400,-82.529000,-228.350000,1.220435,0.515698
-5.340400,-82.529000,-228.350000,1.206267,0.511753
-5.040400,-82.529000,-228.350000,1.208875,0.512336
-4.740400,-82.529000,-228.350000,1.202044,0.515329
-4.440400,-82.529000,-228.350000,1.201434,0.508720
-4.140400,-82.529000,-228.350000,1.209428,0.513315
-3.840400,-82.529000,-228.350000,1.164415,0.514950
-3.540400,-82.529000,-228.350000,1.181825,0.515675
-3.240400,-82.529000,-228.350000,1.232021,0.513994
-2.940400,-82.529000,-228.350000,1.177743,0.507514
-2.640400,-82.529000,-228.350000,1.203025,0.509121
-2.340400,-82.529000,-228.350000,1.208222,0.513148
-2.040400,-82.529000,-228.350000,1.149305,0.507778
-1.740400,-82.529000,-228.350000,1.175547,0.513142
-1.440400,-82.529000,-228.350000,1.147242,0.516274
-1.140400,-82.529000,-228.350000,1.230389,0.522548
-0.840400,-82.529000,-228.350000,1.166662,0.516361
-0.540400,-82.529000,-228.350000,1.249080,0.518048
-0.240400,-82.529000,-228.350000,1.212121,0.515750
0.059600,-82.529000,-228.350000,1.232170,0.514140
0.359600,-82.529000,-228.350000,1.196244,0.518935
0.659600,-82.529000,-228.350000,1.227015,0.513601
0.959600,-82.529000,-228.350000,1.173991,0.514996
1.259600,-82.529000,-228.350000,1.212748,0.512742
1.559600,-82.529000,-228.350000,1.196540,0.514334
1.859600,-82.529000,-228.350000,1.145310,0.513921
2.159600,-82.529000,-228.350000,1.224772,0.511528
2.459600,-82.529000,-228.350000,1.207878,0.510733
2.759600,-82.529000,-228.350000,1.210845,0.515828
3.059600,-82.529000,-228.350000,1.217698,0.515567
3.359600,-82.529000,-228.350000,1.160964,0.509954
3.659600,-82.529000,-228.350000,1.190241,0.512394
3.959600,-82.529000,-228.350000,1.170991,0.517978
4.259600,-82.529000,-228.350000,1.213616,0.514291
4.559600,-82.529000,-228.350000,1.155254,0.515489
4.859600,-82.529000,-228.350000,1.178155,0.512939
5.159600,-82.529000,-228.350000,1.208056,0.511856
5.459600,-82.529000,-228.350000,1.165685,0.517722
5.759600,-82.529000,-228.350000,1.225273,0.510798
6.059600,-82.529000,-228.350000,1.166032,0.513520
6.359600,-82.529000,-228.350000,1.197884,0.515037
6.659600,-82.529000,-228.350000,1.201179,0.513751
6.959600,-82.529000,-228.350000,1.198919,0.511522
7.259600,-82.529000,-228.350000,1.240323,0.512647
7.559600,-82.529000,-228.350000,1.144761,0.512587
7.859600,-82.529000,-228.350000,1.171675,0.511907
8.159600,-82.529000,-228.350000,1.218391,0.510772
8.459600,-82.529000,-228.350000,1.169999,0.505223
-11.640400,-82.229000,-228.350000,1.195040,0.503330
-11.340400,-82.229000,-228.350000,1.168641,0.511036
-11.040400,-82.229000,-228.350000,1.194629,0.505170
-10.740400,-82.229000,-228.350000,1.195425,0.510440
-10.440400,-82.229000,-228.350000,1.124352,0.504894
-10.140400,-82.229000,-228.350000,1.143076,0.507935
-9.840400,-82.229000,-228.350000,1.216619,0.510776
-9.540400,-82.229000,-228.350000,1.186781,0.511456
-9.240400,-82.229000,-228.350000,1.192376,0.511340
-8.940400,-82.229000,-228.350000,1.207877,0.512930
-8.640400,-82.229000,-228.350000,1.221723,0.514721
-8.340400,-82.229000,-228.350000,1.191702,0.510042
-8.040400,-82.229000,-228.350000,1.210332,0.512608
-7.740400,-82.229000,-228.350000,1.143650,0.510059
-7.440400,-82.229000,-228.350000,1.239562,0.515929
-7.140400,-82.229000,-228.350000,1.175217,0.508032
-6.840400,-82.229000,-228.350000,1.156528,0.509368
-6.540400,-82.229000,-228.350000,1.211934,0.516747
-6.240400,-82.229000,-228.350000,1.182419,0.514326
-5.940400,-82.229000,-228.350000,1.234679,0.512622
-5.640400,-82.229000,-228.350000,1.200845,0.514110
-5.340400,-82.229000,-228.350000,1.158300,0.508410
-5.040400,-82.229000,-228.350000,1.254840,0.512223
-4.740400,-82.229000,-228.350000,1.180949,0.514104
-4.440400,-82.229000,-228.350000,1.190099,0.507353
-4.140400,-82.229000,-228.350000,1.203246,0.515265
-3.840400,-82.229000,-228.350000,1.199957,0.514926
-3.540400,-82.229000,-228.350000,1.184021,0.512941
-3.240400,-82.229000,-228.350000,1.225356,0.512572
-2.940400,-82.229000,-228.350000,1.244910,0.509721
-2.640400,-82.229000,-228.350000,1.155015,0.508965
-2.340400,-82.229000,-228.350000,1.191018,0.509126
-2.040400,-82.229000,-228.350000,1.118785,0.506830
-1.740400,-82.229000,-228.350000,1.188569,0.510531
-1.440400,-82.229000,-228.350000,1.171817,0.517371
-1.140400,-82.229000,-228.350000,1.195259,0.521388
-0.840400,-82.229000,-228.350000,1.194669,0.516480
-0.540400,-82.229000,-228.350000,1.185673,0.516149
-0.240400,-82.229000,-228.350000,1.157792,0.511566
0.059600,-82.229000,-228.350000,1.193156,0.512761
0.359600,-82.229000,-228.350000,1.188239,0.516607
0.659600,-82.229000,-228.350000,1.195147,0.512216
0.959600,-82.229000,-228.350000,1.177781,0.513580
1.259600,-82.229000,-228.350000,1.144577,0.508658
1.559600,-82.229000,-228.350000,1.186079,0.511478
1.859600,-82.229000,-228.350000,1.166988,0.512585
2.159600,-82.229000,-228.350000,1.181328,0.510059
2.459600,-82.229000,-228.350000,1.200633,0.508214
2.759600,-82.229000,-228.350000,1.211638,0.513743
3.059600,-82.229000,-228.350000,1.191215,0.513954
3.359600,-82.229000,-228.350000,1.204065,0.508033
3.659600,-82.229000,-228.350000,1.168681,0.513017
3.959600,-82.229000,-228.350000,1.221061,0.516805
4.259600,-82.229000,-228.350000,1.176575,0.511509
4.559600,-82.229000,-228.350000,1.144872,0.510039
4.859600,-82.229000,-228.350000,1.170635,0.511160
5.159600,-82.229000,-228.350000,1.163254,0.509885
5.459600,-82.229000,-228.350000,1.179017,0.515322
5.759600,-82.229000,-228.350000,1.200333,0.508752
6.059600,-82.229000,-228.350000,1.191559,0.512430
6.359600,-82.229000,-228.350000,1.160760,0.512390
6.659600,-82.229000,-228.350000,1.206923,0.515609
6.959600,-82.229000,-228.350000,1.253201,0.508742
7.259600,-82.229000,-228.350000,1.158261,0.507820
7.559600,-82.229000,-228.350000,1.177249,0.510799
7.859600,-82.229000,-228.350000,1.156381,0.508974
8.159600,-82.229000,-228.350000,1.183592,0.510072
8.459600,-82.229000,-228.350000,1.208058,0.503751
-11.640400,-82.529000,-228.050000,1.174418,0.503174
-11.340400,-82.529000,-228.050000,1.187906,0.512615
-11.040400,-82.529000,-228.050000,1.184460,0.507138
-10.740400,-82.529000,-228.050000,1.214997,0.513574
-10.440400,-82.529000,-228.050000,1.227489,0.514111
-10.140400,-82.529000,-228.050000,1.220760,0.514246
-9.840400,-82.529000,-228.050000,1.151065,0.511724
-9.540400,-82.529000,-228.050000,1.164560,0.510597
-9.240400,-82.529000,-228.050000,1.178928,0.515077
-8.940400,-82.529000,-228.050000,1.164804,0.509619
-8.640400,-82.529000,-228.050000,1.213867,0.510098
-8.340400,-82.529000,-228.050000,1.186429,0.514901
-8.040400,-82.529000,-228.050000,1.171139,0.501756
-7.740400,-82.529000,-228.050000,1.275238,0.516634
-7.440400,-82.529000,-228.050000,1.224299,0.513627
-7.140400,-82.529000,-228.050000,1.190307,0.516694
-6.840400,-82.529000,-228.050000,1.190467,0.514681
-6.540400,-82.529000,-228.050000,1.173676,0.518517
-6.240400,-82.529000,-228.050000,1.179516,0.509650
-5.940400,-82.529000,-228.050000,1.186193,0.509540
-5.640400,-82.529000,-228.050000,1.209739,0.512549
-5.340400,-82.529000,-228.050000,1.241027,0.521061
-5.040400,-82.529000,-228.050000,1.158148,0.512757
-4.740400,-82.529000,-228.050000,1.225130,0.514302
-4.440400,-82.529000,-228.050000,1.205663,0.513421
-4.140400,-82.529000,-228.050000,1.197164,0.517742
-3.840400,-82.529000,-228.050000,1.168874,0.513742
-3.540400,-82.529000,-228.050000,1.199278,0.513040
-3.240400,-82.529000,-228.050000,1.233436,0.508014
-2.940400,-82.529000,-228.050000,1.158659,0.515386
-2.640400,-82.529000,-228.050000,1.178503,0.506483
-2.340400,-82.529000,-228.050000,1.178919,0.509559
-2.040400,-82.529000,-228.050000,1.196075,0.516138
-1.740400,-82.529000,-228.050000,1.234749,0.514559
-1.440400,-82.529000,-228.050000,1.225399,0.519927
-1.140400,-82.529000,-228.050000,1.183251,0.513848
-0.840400,-82.529000,-228.050000,1.180655,0.512674
-0.540400,-82.529000,-228.050000,1.193307,0.511382
-0.240400,-82.529000,-228.050000,1.181198,0.520084
0.059600,-82.529000,-228.050000,1.198192,0.518498
0.359600,-82.529000,-228.050000,1.249368,0.518173
0.659600,-82.529000,-228.050000,1.201536,0.518074
0.959600,-82.529000,-228.050000,1.164544,0.515183
1.259600,-82.529000,-228.050000,1.182472,0.511148
1.559600,-82.529000,-228.050000,1.230540,0.519640
1.859600,-82.529000,-228.050000,1.215718,0.516621
2.159600,-82.529000,-228.050000,1.182781,0.512972
2.459600,-82.529000,-228.050000,1.164853,0.509228
2.759600,-82.529000,-228.050000,1.193205,0.513423
3.059600,-82.529000,-228.050000,1.200501,0.514087
3.359600,-82.529000,-228.050000,1.197006,0.514689
3.659600,-82.529000,-228.050000,1.243728,0.513554
3.959600,-82.529000,-228.050000,1.194511,0.517209
4.259600,-82.529000,-228.050000,1.243764,0.520086
4.559600,-82.529000,-228.050000,1.202909,0.515808
4.859600,-82.529000,-228.050000,1.229379,0.516499
5.159600,-82.529000,-228.050000,1.203384,0.517512
5.459600,-82.529000,-228.050000,1.170477,0.510283
5.759600,-82.529000,-228.050000,1.208905,0.511638
6.059600,-82.529000,-228.050000,1.229390,0.512509
6.359600,-82.529000,-228.050000,1.179406,0.513027
6.659600,-82.529000,-228.050000,1.190000,0.512893
6.959600,-82.529000,-228.050000,1.172254,0.512174
7.259600,-82.529000,-228.050000,1.202093,0.506716
7.559600,-82.529000,-228.050000,1.217350,0.511392
7.859600,-82.529000,-228.050000,1.199513,0.515240
8.159600,-82.529000,-228.050000,1.185831,0.513513
8.459600,-82.529000,-228.050000,1.169370,0.509355
8.759600,-82.529000,-228.050000,1.179185,0.512239
9.059600,-82.529000,-228.050000,1.194232,0.508084
-11.640400,-82.229000,-228.050000,1.145366,0.505838
-11.340400,-82.229000,-228.050000,1.216186,0.509809
-11.040400,-82.229000,-228.050000,1.224600,0.507655
-10.740400,-82.229000,-228.050000,1.202840,0.511917
-10.440400,-82.229000,-228.050000,1.169320,0.509047
-10.140400,-82.229000,-228.050000,1.138537,0.512018
-9.840400,-82.229000,-228.050000,1.177580,0.511706
-9.540400,-82.229000,-228.050000,1.186412,0.512477
-9.240400,-82.229000,-228.050000,1.185757,0.516065
-8.940400,-82.229000,-228.050000,1.197229,0.508196
-8.640400,-82.229000,-228.050000,1.177982,0.507104
-8.340400,-82.229000,-228.050000,1.171572,0.513051
-8.040400,-82.229000,-228.050000,1.200166,0.497657
-7.740400,-82.229000,-228.050000,1.164273,0.514662
-7.440400,-82.229000,-228.050000,1.234858,0.514446
-7.140400,-82.229000,-228.050000,1.191958,0.517081
-6.840400,-82.229000,-228.050000,1.167314,0.515494
-6.540400,-82.229000,-228.050000,1.148182,0.515780
-6.240400,-82.229000,-228.050000,1.224258,0.507833
-5.940400,-82.229000,-228.050000,1.201370,0.508630
-5.640400,-82.229000,-228.050000,1.173952,0.510236
-5.340400,-82.229000,-228.050000,1.165886,0.514283
-5.040400,-82.229000,-228.050000,1.153396,0.512076
-4.740400,-82.229000,-228.050000,1.194343,0.511882
-4.440400,-82.229000,-228.050000,1.223195,0.510100
-4.140400,-82.229000,-228.050000,1.176745,0.514597
-3.840400,-82.229000,-228.050000,1.188357,0.510696
-3.540400,-82.229000,-228.050000,1.187799,0.511377
-3.240400,-82.229000,-228.050000,1.177059,0.505142
-2.940400,-82.229000,-228.050000,1.156346,0.511980
-2.640400,-82.229000,-228.050000,1.173740,0.506264
-2.340400,-82.229000,-228.050000,1.167529,0.507607
-2.040400,-82.229000,-228.050000,1.157508,0.514120
-1.740400,-82.229000,-228.050000,1.194853,0.513295
-1.440400,-82.229000,-228.050000,1.176505,0.516219
-1.140400,-82.229000,-228.050000,1.214113,0.513046
-0.840400,-82.229000,-228.050000,1.184988,0.511975
-0.540400,-82.229000,-228.050000,1.192611,0.507860
-0.240400,-82.229000,-228.050000,1.180756,0.513945
0.059600,-82.229000,-228.050000,1.162765,0.513317
0.359600,-82.229000,-228.050000,1.180394,0.511958
0.659600,-82.229000,-228.050000,1.215222,0.515602
0.959600,-82.229000,-228.050000,1.182447,0.513375
1.259600,-82.229000,-228.050000,1.181435,0.510763
1.559600,-82.229000,-228.050000,1.212423,0.519652
1.859600,-82.229000,-228.050000,1.177934,0.510528
2.159600,-82.229000,-228.050000,1.151808,0.509008
2.459600,-82.229000,-228.050000,1.176626,0.506299
2.759600,-82.229000,-228.050000,1.161693,0.508682
3.059600,-82.229000,-228.050000,1.200615,0.513763
3.359600,-82.229000,-228.050000,1.173391,0.514414
3.659600,-82.229000,-228.050000,1.192034,0.512616
3.959600,-82.229000,-228.050000,1.137576,0.513046
4.259600,-82.229000,-228.050000,1.202861,0.516886
4.559600,-82.229000,-228.050000,1.214158,0.511850
4.859600,-82.229000,-228.050000,1.215684,0.511526
5.159600,-82.229000,-228.050000,1.157919,0.510557
5.459600,-82.229000,-228.050000,1.144240,0.508288
5.759600,-82.229000,-228.050000,1.159870,0.509041
6.059600,-82.229000,-228.050000,1.201283,0.512339
6.359600,-82.229000,-228.050000,1.177208,0.513259
6.659600,-82.229000,-228.050000,1.183066,0.511101
6.959600,-82.229000,-228.050000,1.190348,0.511802
7.259600,-82.229000,-228.050000,1.184109,0.505632
7.559600,-82.229000,-228.050000,1.191023,0.508509
7.859600,-82.229000,-228.050000,1.179210,0.514553
8.159600,-82.229000,-228.050000,1.169812,0.512510
8.459600,-82.229000,-228.050000,1.198251,0.511236
8.759600,-82.229000,-228.050000,1.207290,0.510418
9.059600,-82.229000,-228.050000,1.194680,0.505633
-11.640400,-82.529000,-227.750000,1.185279,0.513815
-11.340400,-82.529000,-227.750000,1.173521,0.504330
-11.040400,-82.529000,-227.750000,1.198257,0.511884
-10.740400,-82.529000,-227.750000,1.179431,0.514043
-10.440400,-82.529000,-227.750000,1.183440,0.508307
-10.140400,-82.529000,-227.750000,1.173451,0.510340
-9.840400,-82.529000,-227.750000,1.189093,0.510190
-9.540400,-82.529000,-227.750000,1.202380,0.510486
-9.240400,-82.529000,-227.750000,1.188038,0.512420
-8.940400,-82.529000,-227.750000,1.242165,0.514300
-8.640400,-82.529000,-227.750000,1.180849,0.510754
-8.340400,-82.529000,-227.750000,1.161204,0.512690
-8.040400,-82.529000,-227.750000,1.224281,0.515996
-7.740400,-82.529000,-227.750000,1.227272,0.511254
-7.440400,-82.529000,-227.750000,1.238162,0.513268
-7.140400,-82.529000,-227.750000,1.190262,0.516210
-6.840400,-82.529000,-227.750000,1.160414,0.512315
-6.540400,-82.529000,-227.750000,1.247300,0.515485
-6.240400,-82.529000,-227.750000,1.208266,0.514887
-5.940400,-82.529000,-227.750000,1.206621,0.514412
-5.640400,-82.529000,-227.750000,1.184724,0.520084
-5.340400,-82.529000,-227.750000,1.220614,0.513263
-5.040400,-82.529000,-227.750000,1.224830,0.520465
-4.740400,-82.529000,-227.750000,1.119425,0.508026
-4.440400,-82.529000,-227.750000,1.168645,0.517395
-4.140400,-82.529000,-227.750000,1.208901,0.515748
-3.840400,-82.529000,-227.750000,1.199877,0.509036
-3.540400,-82.529000,-227.750000,1.220751,0.511674
-3.240400,-82.529000,-227.750000,1.223383,0.520711
-2.940400,-82.529000,-227.750000,1.158240,0.513666
-2.640400,-82.529000,-227.750000,1.259514,0.511673
-2.340400,-82.529000,-227.750000,1.187405,0.506900
-2.040400,-82.529000,-227.750000,1.186069,0.512081
-1.740400,-82.529000,-227.750000,1.166859,0.517830
-1.440400,-82.529000,-227.750000,1.195876,0.518383
-1.140400,-82.529000,-227.750000,1.167834,0.511413
-0.840400,-82.529000,-227.750000,1.157118,0.510487
-0.540400,-82.529000,-227.750000,1.190287,0.518000
-0.240400,-82.529000,-227.750000,1.271178,0.514637
0.059600,-82.529000,-227.750000,1.184832,0.510496
0.359600,-82.529000,-227.750000,1.256555,0.516140
0.659600,-82.529000,-227.750000,1.207780,0.514299
0.959600,-82.529000,-227.750000,1.149351,0.515788
1.259600,-82.529000,-227.750000,1.202367,0.509807
1.559600,-82.529000,-227.750000,1.186796,0.515889
1.859600,-82.529000,-227.750000,1.231528,0.515890
2.159600,-82.529000,-227.750000,1.162930,0.513888
2.459600,-82.529000,-227.750000,1.165168,0.513366
2.759600,-82.529000,-227.750000,1.216274,0.512613
3.059600,-82.529000,-227.750000,1.163934,0.516088
3.359600,-82.529000,-227.750000,1.127962,0.505055
3.659600,-82.529000,-227.750000,1.207005,0.522248
3.959600,-82.529000,-227.750000,1.202667,0.512728
4.259600,-82.529000,-227.750000,1.167035,0.517990
4.559600,-82.529000,-227.750000,1.171175,0.515036
4.859600,-82.529000,-227.750000,1.171982,0.516524
5.159600,-82.529000,-227.750000,1.124690,0.510555
5.459600,-82.529000,-227.750000,1.203312,0.515472
5.759600,-82.529000,-227.750000,1.203261,0.518412
6.059600,-82.529000,-227.750000,1.215073,0.508589
6.359600,-82.529000,-227.750000,1.161606,0.514862
6.659600,-82.529000,-227.750000,1.219086,0.510935
6.959600,-82.529000,-227.750000,1.180101,0.512151
7.259600,-82.529000,-227.750000,1.177236,0.512054
7.559600,-82.529000,-227.750000,1.210963,0.514148
7.859600,-82.529000,-227.750000,1.192172,0.507977
8.159600,-82.529000,-227.750000,1.168596,0.509103
8.459600,-82.529000,-227.750000,1.171737,0.505024
8.759600,-82.529000,-227.750000,1.186600,0.509718
9.059600,-82.529000,-227.750000,1.195595,0.513920
9.359600,-82.529000,-227.750000,1.256879,0.509056
-11.640400,-82.229000,-227.750000,1.169121,0.515377
-11.340400,-82.229000,-227.750000,1.165827,0.503232
-11.040400,-82.229000,-227.750000,1.174974,0.509986
-10.740400,-82.229000,-227.750000,1.144740,0.510108
-10.440400,-82.229000,-227.750000,1.185188,0.509254
-10.140400,-82.229000,-227.750000,1.159114,0.508475
-9.840400,-82.229000,-227.750000,1.188881,0.512859
-9.540400,-82.229000,-227.750000,1.217139,0.508880
-9.240400,-82.229000,-227.750000,1.202616,0.513179
-8.940400,-82.229000,-227.750000,1.224938,0.512835
-8.640400,-82.229000,-227.750000,1.186374,0.510520
-8.340400,-82.229000,-227.750000,1.175415,0.509441
-8.040400,-82.229000,-227.750000,1.175059,0.513985
-7.740400,-82.229000,-227.750000,1.206013,0.511930
-7.440400,-82.229000,-227.750000,1.156528,0.510744
-7.140400,-82.229000,-227.750000,1.233286,0.517018
-6.840400,-82.229000,-227.750000,1.161284,0.510175
-6.540400,-82.229000,-227.750000,1.185194,0.509611
-6.240400,-82.229000,-227.750000,1.221069,0.514925
-5.940400,-82.229000,-227.750000,1.213362,0.513262
-5.640400,-82.229000,-227.750000,1.230149,0.518139
-5.340400,-82.229000,-227.750000,1.193004,0.511800
-5.040400,-82.229000,-227.750000,1.166798,0.518389
-4.740400,-82.229000,-227.750000,1.169210,0.508549
-4.440400,-82.229000,-227.750000,1.221774,0.516954
-4.140400,-82.229000,-227.750000,1.236951,0.516589
-3.840400,-82.229000,-227.750000,1.277727,0.508694
-3.540400,-82.229000,-227.750000,1.176120,0.509295
-3.240400,-82.229000,-227.750000,1.158846,0.514729
-2.940400,-82.229000,-227.750000,1.199776,0.512050
-2.640400,-82.229000,-227.750000,1.189253,0.509218
-2.340400,-82.229000,-227.750000,1.170553,0.509071
-2.040400,-82.229000,-227.750000,1.176070,0.510907
-1.740400,-82.229000,-227.750000,1.200652,0.515734
-1.440400,-82.229000,-227.750000,1.180744,0.513220
-1.140400,-82.229000,-227.750000,1.198017,0.512760
-0.840400,-82.229000,-227.750000,1.204895,0.508723
-0.540400,-82.229000,-227.750000,1.166135,0.513043
-0.240400,-82.229000,-227.750000,1.209734,0.509800
0.059600,-82.229000,-227.750000,1.260891,0.513849
0.359600,-82.229000,-227.750000,1.218897,0.511584
0.659600,-82.229000,-227.750000,1.208540,0.513988
0.959600,-82.229000,-227.750000,1.197353,0.514317
1.259600,-82.229000,-227.750000,1.183911,0.508424
1.559600,-82.229000,-227.750000,1.156656,0.512645
1.859600,-82.229000,-227.750000,1.216426,0.511042
2.159600,-82.229000,-227.750000,1.187744,0.513642
2.459600,-82.229000,-227.750000,1.155214,0.514143
2.759600,-82.229000,-227.750000,1.184360,0.509800
3.059600,-82.229000,-227.750000,1.203049,0.515517
3.359600,-82.229000,-227.750000,1.163238,0.506582
3.659600,-82.229000,-227.750000,1.158562,0.519019
3.959600,-82.229000,-227.750000,1.174716,0.506017
4.259600,-82.229000,-227.750000,1.216866,0.515702
4.559600,-82.229000,-227.750000,1.236920,0.511715
4.859600,-82.229000,-227.750000,1.193520,0.515092
5.159600,-82.229000,-227.750000,1.212962,0.510883
5.459600,-82.229000,-227.750000,1.275914,0.515271
5.759600,-82.229000,-227.750000,1.168303,0.516619
6.059600,-82.229000,-227.750000,1.205413,0.507341
6.359600,-82.229000,-227.750000,1.156910,0.510715
6.659600,-82.229000,-227.750000,1.170583,0.507195
6.959600,-82.229000,-227.750000,1.247908,0.512468
7.259600,-82.229000,-227.750000,1.189923,0.509813
7.559600,-82.229000,-227.750000,1.163189,0.507765
7.859600,-82.229000,-227.750000,1.126255,0.503667
8.159600,-82.229000,-227.750000,1.159911,0.507174
8.459600,-82.229000,-227.750000,1.182227,0.504152
8.759600,-82.229000,-227.750000,1.132749,0.507822
9.059600,-82.229000,-227.750000,1.182454,0.510691
9.359600,-82.229000,-227.750000,1.221064,0.503264
9.659600,-82.229000,-227.750000,1.156169,0.503324
-11.640400,-82.529000,-227.450000,1.186537,0.504972
-11.340400,-82.529000,-227.450000,1.203240,0.509248
-11.040400,-82.529000,-227.450000,1.229485,0.512586
-10.740400,-82.529000,-227.450000,1.167769,0.514165
-10.440400,-82.529000,-227.450000,1.169538,0.507402
-10.140400,-82.529000,-227.450000,1.176186,0.512432
-9.840400,-82.529000,-227.450000,1.154573,0.513538
-9.540400,-82.529000,-227.450000,1.220064,0.512550
-9.240400,-82.529000,-227.450000,1.160047,0.509854
-8.940400,-82.529000,-227.450000,1.153702,0.515620
-8.640400,-82.529000,-227.450000,1.215018,0.513532
-8.340400,-82.529000,-227.450000,1.185432,0.519376
-8.040400,-82.529000,-227.450000,1.214537,0.513367
-7.740400,-82.529000,-227.450000,1.202801,0.508453
-7.440400,-82.529000,-227.450000,1.185167,0.511814
-7.140400,-82.529000,-227.450000,1.181584,0.510361
-6.840400,-82.529000,-227.450000,1.166898,0.514000
-6.540400,-82.529000,-227.450000,1.232597,0.516781
-6.240400,-82.529000,-227.450000,1.240750,0.518291
-5.940400,-82.529000,-227.450000,1.211837,0.517556
-5.640400,-82.529000,-227.450000,1.207796,0.515994
-5.340400,-82.529000,-227.450000,1.173609,0.511409
-5.040400,-82.529000,-227.450000,1.213798,0.515173
-4.740400,-82.529000,-227.450000,1.197581,0.512912
-4.440400,-82.529000,-227.450000,1.183660,0.515826
-4.140400,-82.529000,-227.450000,1.182653,0.516253
-3.840400,-82.529000,-227.450000,1.240770,0.511964
-3.540400,-82.529000,-227.450000,1.141887,0.514592
-3.240400,-82.529000,-227.450000,1.226527,0.509396
-2.940400,-82.529000,-227.450000,1.185379,0.514253
-2.640400,-82.529000,-227.450000,1.233165,0.525589
-2.340400,-82.529000,-227.450000,1.203063,0.515712
-2.040400,-82.529000,-227.450000,1.243839,0.513967
-1.740400,-82.529000,-227.450000,1.158293,0.511694
-1.440400,-82.529000,-227.450000,1.171573,0.508660
-1.140400,-82.529000,-227.450000,1.216342,0.514916
-0.840400,-82.529000,-227.450000,1.214882,0.516310
-0.540400,-82.529000,-227.450000,1.196149,0.521035
-0.240400,-82.529000,-227.450000,1.219640,0.506632
0.059600,-82.529000,-227.450000,1.194845,0.513975
0.359600,-82.529000,-227.450000,1.221624,0.514512
0.659600,-82.529000,-227.450000,1.231674,0.516683
0.959600,-82.529000,-227.450000,1.186348,0.514422
1.259600,-82.529000,-227.450000,1.159011,0.514546
1.559600,-82.529000,-227.450000,1.198505,0.512453
1.859600,-82.529000,-227.450000,1.228776,0.516595
2.159600,-82.529000,-227.450000,1.190684,0.516495
2.459600,-82.529000,-227.450000,1.175142,0.510376
2.759600,-82.529000,-227.450000,1.176388,0.515510
3.059600,-82.529000,-227.450000,1.173826,0.515126
3.359600,-82.529000,-227.450000,1.181926,0.515899
3.659600,-82.529000,-227.450000,1.223976,0.518742
3.959600,-82.529000,-227.450000,1.167100,0.513097
4.259600,-82.529000,-227.450000,1.201637,0.516765
4.559600,-82.529000,-227.450000,1.136252,0.515625
4.859600,-82.529000,-227.450000,1.189498,0.510429
5.159600,-82.529000,-227.450000,1.223392,0.511773
5.459600,-82.529000,-227.450000,1.215362,0.508211
5.759600,-82.529000,-227.450000,1.162673,0.515828
6.059600,-82.529000,-227.450000,1.181011,0.517254
6.359600,-82.529000,-227.450000,1.153148,0.515224
6.659600,-82.529000,-227.450000,1.176675,0.510264
6.959600,-82.529000,-227.450000,1.160325,0.513893
7.259600,-82.529000,-227.450000,1.144490,0.514679
7.559600,-82.529000,-227.450000,1.205340,0.515822
7.859600,-82.529000,-227.450000,1.211255,0.516112
8.159600,-82.529000,-227.450000,1.177208,0.516628
8.459600,-82.529000,-227.450000,1.156196,0.517677
8.759600,-82.529000,-227.450000,1.185994,0.514078
9.059600,-82.529000,-227.450000,1.196272,0.507136
9.359600,-82.529000,-227.450000,1.208399,0.510881
9.659600,-82.529000,-227.450000,1.186637,0.505465
9.959600,-82.529000,-227.450000,1.193795,0.506535
-11.640400,-82.229000,-227.450000,1.190828,0.502358
-11.340400,-82.229000,-227.450000,1.175534,0.506178
-11.040400,-82.229000,-227.450000,1.181850,0.510069
-10.740400,-82.229000,-227.450000,1.183996,0.511146
-10.440400,-82.229000,-227.450000,1.132796,0.504605
-10.140400,-82.229000,-227.450000,1.149050,0.510465
-9.840400,-82.229000,-227.450000,1.198490,0.511449
-9.540400,-82.229000,-227.450000,1.187910,0.510987
-9.240400,-82.229000,-227.450000,1.189768,0.508586
-8.940400,-82.229000,-227.450000,1.206560,0.516106
-8.640400,-82.229000,-227.450000,1.156885,0.509971
-8.340400,-82.229000,-227.450000,1.164963,0.516905
-8.040400,-82.229000,-227.450000,1.153567,0.509637
-7.740400,-82.229000,-227.450000,1.178674,0.507574
-7.440400,-82.229000,-227.450000,1.206864,0.511921
-7.140400,-82.229000,-227.450000,1.206725,0.512421
-6.840400,-82.229000,-227.450000,1.174639,0.509100
-6.540400,-82.229000,-227.450000,1.190285,0.514854
-6.240400,-82.229000,-227.450000,1.191545,0.513720
-5.940400,-82.229000,-227.450000,1.179036,0.516037
-5.640400,-82.229000,-227.450000,1.182221,0.513157
-5.340400,-82.229000,-227.450000,1.169035,0.510009
-5.040400,-82.229000,-227.450000,1.190140,0.511528
-4.740400,-82.229000,-227.450000,1.179024,0.508479
-4.440400,-82.229000,-227.450000,1.147709,0.513365
-4.140400,-82.229000,-227.450000,1.177763,0.513993
-3.840400,-82.229000,-227.450000,1.221780,0.507291
-3.540400,-82.229000,-227.450000,1.188447,0.510919
-3.240400,-82.229000,-227.450000,1.166751,0.504522
-2.940400,-82.229000,-227.450000,1.197551,0.514324
-2.640400,-82.229000,-227.450000,1.109961,0.518687
-2.340400,-82.229000,-227.450000,1.200656,0.512764
-2.040400,-82.229000,-227.450000,1.202129,0.510331
-1.740400,-82.229000,-227.450000,1.199727,0.511372
-1.440400,-82.229000,-227.450000,1.161069,0.508297
-1.140400,-82.229000,-227.450000,1.243855,0.512833
-0.840400,-82.229000,-227.450000,1.157374,0.511445
-0.540400,-82.229000,-227.450000,1.184659,0.518867
-0.240400,-82.229000,-227.450000,1.175231,0.502967
0.059600,-82.229000,-227.450000,1.237669,0.513740
0.359600,-82.229000,-227.450000,1.176422,0.513672
0.659600,-82.229000,-227.450000,1.178914,0.512622
0.959600,-82.229000,-227.450000,1.122925,0.509631
1.259600,-82.229000,-227.450000,1.163577,0.515135
1.559600,-82.229000,-227.450000,1.177580,0.510725
1.859600,-82.229000,-227.450000,1.169545,0.512659
2.159600,-82.229000,-227.450000,1.197981,0.518317
2.459600,-82.229000,-227.450000,1.197568,0.510397
2.759600,-82.229000,-227.450000,1.175176,0.514089
3.059600,-82.229000,-227.450000,1.160561,0.513361
3.359600,-82.229000,-227.450000,1.220307,0.515454
3.659600,-82.229000,-227.450000,1.228392,0.515063
3.959600,-82.229000,-227.450000,1.201125,0.513830
4.259600,-82.229000,-227.450000,1.209124,0.515267
4.559600,-82.229000,-227.450000,1.237152,0.518888
4.859600,-82.229000,-227.450000,1.200046,0.510565
5.159600,-82.229000,-227.450000,1.210280,0.510522
5.459600,-82.229000,-227.450000,1.218884,0.507582
5.759600,-82.229000,-227.450000,1.220421,0.515282
6.059600,-82.229000,-227.450000,1.181694,0.517583
6.359600,-82.229000,-227.450000,1.194195,0.513092
6.659600,-82.229000,-227.450000,1.248446,0.510140
6.959600,-82.229000,-227.450000,1.180088,0.511405
7.259600,-82.229000,-227.450000,1.204641,0.513594
7.559600,-82.229000,-227.450000,1.219549,0.514888
7.859600,-82.229000,-227.450000,1.205800,0.513320
8.159600,-82.229000,-227.450000,1.181643,0.515186
8.459600,-82.229000,-227.450000,1.127152,0.514125
8.759600,-82.229000,-227.450000,1.179510,0.510960
9.059600,-82.229000,-227.450000,1.200478,0.506113
9.359600,-82.229000,-227.450000,1.223771,0.508979
9.659600,-82.229000,-227.450000,1.179611,0.507372
9.959600,-82.229000,-227.450000,1.169306,0.503703
-11.640400,-82.529000,-227.150000,1.191768,0.510759
-11.340400,-82.529000,-227.150000,1.193975,0.510499
-11.040400,-82.529000,-227.150000,1.191473,0.506894
-10.740400,-82.529000,-227.150000,1.231633,0.514375
-10.440400,-82.529000,-227.150000,1.189209,0.511064
-10.140400,-82.529000,-227.150000,1.188313,0.509113
-9.840400,-82.529000,-227.150000,1.190345,0.513544
-9.540400,-82.529000,-227.150000,1.207970,0.509304
-9.240400,-82.529000,-227.150000,1.248116,0.511115
-8.940400,-82.529000,-227.150000,1.252501,0.509563
-8.640400,-82.529000,-227.150000,1.191810,0.510980
-8.340400,-82.529000,-227.150000,1.204347,0.513600
-8.040400,-82.529000,-227.150000,1.195453,0.516018
-7.740400,-82.529000,-227.150000,1.145514,0.515882
-7.440400,-82.529000,-227.150000,1.204151,0.511995
-7.140400,-82.529000,-227.150000,1.206065,0.507588
-6.840400,-82.529000,-227.150000,1.178963,0.514144
-6.540400,-82.529000,-227.150000,1.174446,0.515124
-6.240400,-82.529000,-227.150000,1.196536,0.510360
-5.940400,-82.529000,-227.150000,1.218042,0.515886
-5.640400,-82.529000,-227.150000,1.170856,0.517823
-5.340400,-82.529000,-227.150000,1.216091,0.517141
-5.040400,-82.529000,-227.150000,1.190810,0.516566
-4.740400,-82.529000,-227.150000,1.215242,0.510444
-4.440400,-82.529000,-227.150000,1.216312,0.515090
-4.140400,-82.529000,-227.150000,1.164120,0.511546
-3.840400,-82.529000,-227.150000,1.204601,0.513192
-3.540400,-82.529000,-227.150000,1.220288,0.515649
-3.240400,-82.529000,-227.150000,1.222723,0.512406
-2.940400,-82.529000,-227.150000,1.215896,0.512087
-2.640400,-82.529000,-227.150000,1.202844,0.513994
-2.340400,-82.529000,-227.150000,1.196468,0.513099
-2.040400,-82.529000,-227.150000,1.174364,0.511577
-1.740400,-82.529000,-227.150000,1.119826,0.512146
-1.440400,-82.529000,-227.150000,1.187619,0.511815
-1.140400,-82.529000,-227.150000,1.214504,0.514723
-0.840400,-82.529000,-227.150000,1.148616,0.518101
-0.540400,-82.529000,-227.150000,1.204471,0.513793
-0.240400,-82.529000,-227.150000,1.252559,0.515681
0.059600,-82.529000,-227.150000,1.217819,0.512073
0.359600,-82.529000,-227.150000,1.212952,0.516604
0.659600,-82.529000,-227.150000,1.195153,0.511212
0.959600,-82.529000,-227.150000,1.197050,0.511883
1.259600,-82.529000,-227.150000,1.197491,0.514314
1.559600,-82.529000,-227.150000,1.264553,0.514670
1.859600,-82.529000,-227.150000,1.220982,0.517836
2.159600,-82.529000,-227.150000,1.210895,0.516404
2.459600,-82.529000,-227.150000,1.201968,0.518096
2.759600,-82.529000,-227.150000,1.170104,0.509231
3.059600,-82.529000,-227.150000,1.238533,0.512708
3.359600,-82.529000,-227.150000,1.227716,0.519783
3.659600,-82.529000,-227.150000,1.162085,0.517102
3.959600,-82.529000,-227.150000,1.153431,0.513723
4.259600,-82.529000,-227.150000,1.174436,0.511135
4.559600,-82.529000,-227.150000,1.211427,0.521110
4.859600,-82.529000,-227.150000,1.223184,0.514863
5.159600,-82.529000,-227.150000,1.177661,0.511911
5.459600,-82.529000,-227.150000,1.169591,0.510033
5.759600,-82.529000,-227.150000,1.204378,0.515852
6.059600,-82.529000,-227.150000,1.170479,0.516723
6.359600,-82.529000,-227.150000,1.202079,0.520254
6.659600,-82.529000,-227.150000,1.170364,0.506942
6.959600,-82.529000,-227.150000,1.215075,0.513719
7.259600,-82.529000,-227.150000,1.199003,0.514956
7.559600,-82.529000,-227.150000,1.191198,0.513893
7.859600,-82.529000,-227.150000,1.158987,0.514582
8.159600,-82.529000,-227.150000,1.183868,0.515278
8.459600,-82.529000,-227.150000,1.197420,0.509878
8.759600,-82.529000,-227.150000,1.194179,0.519215
9.059600,-82.529000,-227.150000,1.193566,0.510405
9.359600,-82.529000,-227.150000,1.241143,0.505398
9.659600,-82.529000,-227.150000,1.216113,0.513118
9.959600,-82.529000,-227.150000,1.159357,0.507627
10.259600,-82.529000,-227.150000,1.188174,0.509085
-11.640400,-82.229000,-227.150000,1.182644,0.512431
-11.340400,-82.229000,-227.150000,1.129824,0.508041
-11.040400,-82.229000,-227.150000,1.145798,0.501923
-10.740400,-82.229000,-227.150000,1.214953,0.512505
-10.440400,-82.229000,-227.150000,1.186077,0.509210
-10.140400,-82.229000,-227.150000,1.199700,0.506743
-9.840400,-82.229000,-227.150000,1.235063,0.514005
-9.540400,-82.229000,-227.150000,1.176056,0.507925
-9.240400,-82.229000,-227.150000,1.155866,0.507468
-8.940400,-82.229000,-227.150000,1.150043,0.507142
-8.640400,-82.229000,-227.150000,1.198980,0.509435
-8.340400,-82.229000,-227.150000,1.156261,0.511496
-8.040400,-82.229000,-227.150000,1.173324,0.512464
-7.740400,-82.229000,-227.150000,1.145190,0.512565
-7.440400,-82.229000,-227.150000,1.180507,0.510665
-7.140400,-82.229000,-227.150000,1.169440,0.508197
-6.840400,-82.229000,-227.150000,1.146696,0.511565
-6.540400,-82.229000,-227.150000,1.141888,0.513375
-6.240400,-82.229000,-227.150000,1.145784,0.508394
-5.940400,-82.229000,-227.150000,1.157038,0.511967
-5.640400,-82.229000,-227.150000,1.184359,0.515766
-5.340400,-82.229000,-227.150000,1.184040,0.511643
-5.040400,-82.229000,-227.150000,1.218596,0.518431
-4.740400,-82.229000,-227.150000,1.182604,0.510569
-4.440400,-82.229000,-227.150000,1.169434,0.510367
-4.140400,-82.229000,-227.150000,1.207936,0.509647
-3.840400,-82.229000,-227.150000,1.205527,0.511000
-3.540400,-82.229000,-227.150000,1.199649,0.513426
-3.240400,-82.229000,-227.150000,1.255899,0.512429
-2.940400,-82.229000,-227.150000,1.145749,0.510454
-2.640400,-82.229000,-227.150000,1.157467,0.506823
-2.340400,-82.229000,-227.150000,1.151828,0.506780
-2.040400,-82.229000,-227.150000,1.221506,0.510764
-1.740400,-82.229000,-227.150000,1.207792,0.512296
-1.440400,-82.229000,-227.150000,1.191843,0.510243
-1.140400,-82.229000,-227.150000,1.168390,0.512599
-0.840400,-82.229000,-227.150000,1.200029,0.519503
-0.540400,-82.229000,-227.150000,1.171570,0.511484
-0.240400,-82.229000,-227.150000,1.204211,0.513882
0.059600,-82.229000,-227.150000,1.200959,0.510363
0.359600,-82.229000,-227.150000,1.190369,0.512971
0.659600,-82.229000,-227.150000,1.198204,0.508467
0.959600,-82.229000,-227.150000,1.191584,0.510089
1.259600,-82.229000,-227.150000,1.200526,0.512794
1.559600,-82.229000,-227.150000,1.215370,0.511812
1.859600,-82.229000,-227.150000,1.222867,0.514445
2.159600,-82.229000,-227.150000,1.146284,0.511419
2.459600,-82.229000,-227.150000,1.196173,0.513964
2.759600,-82.229000,-227.150000,1.219315,0.512176
3.059600,-82.229000,-227.150000,1.252911,0.513183
3.359600,-82.229000,-227.150000,1.205468,0.516654
3.659600,-82.229000,-227.150000,1.177173,0.515447
3.959600,-82.229000,-227.150000,1.229294,0.512496
4.259600,-82.229000,-227.150000,1.207637,0.510543
4.559600,-82.229000,-227.150000,1.252204,0.518956
4.859600,-82.229000,-227.150000,1.182232,0.510397
5.159600,-82.229000,-227.150000,1.176134,0.510488
5.459600,-82.229000,-227.150000,1.190102,0.511057
5.759600,-82.229000,-227.150000,1.202861,0.512592
6.059600,-82.229000,-227.150000,1.189716,0.517214
6.359600,-82.229000,-227.150000,1.214425,0.519206
6.659600,-82.229000,-227.150000,1.180234,0.506063
6.959600,-82.229000,-227.150000,1.143138,0.510851
7.259600,-82.229000,-227.150000,1.209766,0.511393
7.559600,-82.229000,-227.150000,1.214310,0.513374
7.859600,-82.229000,-227.150000,1.167272,0.514973
8.159600,-82.229000,-227.150000,1.152517,0.509978
8.459600,-82.229000,-227.150000,1.193702,0.511185
8.759600,-82.229000,-227.150000,1.176385,0.515269
9.059600,-82.229000,-227.150000,1.175768,0.506567
9.359600,-82.229000,-227.150000,1.243865,0.502490
9.659600,-82.229000,-227.150000,1.189636,0.509226
9.959600,-82.229000,-227.150000,1.168864,0.508121
10.259600,-82.229000,-227.150000,1.168216,0.504693
-11.640400,-82.529000,-226.850000,1.159619,0.503974
-11.340400,-82.529000,-226.850000,1.221372,0.510364
-11.040400,-82.529000,-226.850000,1.144210,0.505389
-10.740400,-82.529000,-226.850000,1.213921,0.521028
-10.440400,-82.529000,-226.850000,1.187459,0.514251
-10.140400,-82.529000,-226.850000,1.182621,0.508794
-9.840400,-82.529000,-226.850000,1.239638,0.513936
-9.540400,-82.529000,-226.850000,1.206300,0.509685
-9.240400,-82.529000,-226.850000,1.228730,0.512968
-8.940400,-82.529000,-226.850000,1.183517,0.513131
-8.640400,-82.529000,-226.850000,1.202382,0.509293
-8.340400,-82.529000,-226.850000,1.152525,0.514726
-8.040400,-82.529000,-226.850000,1.212227,0.512111
-7.740400,-82.529000,-226.850000,1.169175,0.514709
-7.440400,-82.529000,-226.850000,1.223092,0.517553
-7.140400,-82.529000,-226.850000,1.189729,0.515998
-6.840400,-82.529000,-226.850000,1.214180,0.516787
-6.540400,-82.529000,-226.850000,1.155646,0.508956
-6.240400,-82.529000,-226.850000,1.159339,0.516300
-5.940400,-82.529000,-226.850000,1.213652,0.509790
-5.640400,-82.529000,-226.850000,1.236078,0.518592
-5.340400,-82.529000,-226.850000,1.210984,0.517017
-5.040400,-82.529000,-226.850000,1.164016,0.517577
-4.740400,-82.529000,-226.850000,1.159945,0.508838
-4.440400,-82.529000,-226.850000,1.213646,0.516412
-4.140400,-82.529000,-226.850000,1.187703,0.517066
-3.840400,-82.529000,-226.850000,1.228745,0.514336
-3.540400,-82.529000,-226.850000,1.180950,0.510647
-3.240400,-82.529000,-226.850000,1.207273,0.515872
-2.940400,-82.529000,-226.850000,1.203525,0.513449
-2.640400,-82.529000,-226.850000,1.177993,0.515787
-2.340400,-82.529000,-226.850000,1.202703,0.514774
-2.040400,-82.529000,-226.850000,1.227200,0.515141
-1.740400,-82.529000,-226.850000,1.219139,0.519431
-1.440400,-82.529000,-226.850000,1.164616,0.516559
-1.140400,-82.529000,-226.850000,1.225571,0.514423
-0.840400,-82.529000,-226.850000,1.181359,0.513538
-0.540400,-82.529000,-226.850000,1.166996,0.515026
-0.240400,-82.529000,-226.850000,1.178759,0.518743
0.059600,-82.529000,-226.850000,1.175102,0.514669
0.359600,-82.529000,-226.850000,1.168969,0.508717
0.659600,-82.529000,-226.850000,1.176387,0.515000
0.959600,-82.529000,-226.850000,1.200384,0.517770
1.259600,-82.529000,-226.850000,1.219306,0.514206
1.559600,-82.529000,-226.850000,1.201547,0.511367
1.859600,-82.529000,-226.850000,1.207237,0.517164
2.159600,-82.529000,-226.850000,1.209681,0.522102
2.459600,-82.529000,-226.850000,1.204233,0.514590
2.759600,-82.529000,-226.850000,1.207052,0.511177
3.059600,-82.529000,-226.850000,1.186112,0.512377
3.359600,-82.529000,-226.850000,1.249940,0.517179
3.659600,-82.529000,-226.850000,1.188326,0.513985
3.959600,-82.529000,-226.850000,1.169643,0.517966
4.259600,-82.529000,-226.850000,1.195504,0.512936
4.559600,-82.529000,-226.850000,1.207358,0.518450
4.859600,-82.529000,-226.850000,1.172886,0.516304
5.159600,-82.529000,-226.850000,1.200353,0.518009
5.459600,-82.529000,-226.850000,1.208179,0.511679
5.759600,-82.529000,-226.850000,1.150457,0.518195
6.059600,-82.529000,-226.850000,1.154011,0.508743
6.359600,-82.529000,-226.850000,1.170460,0.510176
6.659600,-82.529000,-226.850000,1.220180,0.519451
6.959600,-82.529000,-226.850000,1.188514,0.514266
7.259600,-82.529000,-226.850000,1.214112,0.518641
7.559600,-82.529000,-226.850000,1.181294,0.510976
7.859600,-82.529000,-226.850000,1.175232,0.513126
8.159600,-82.529000,-226.850000,1.171201,0.512492
8.459600,-82.529000,-226.850000,1.214569,0.512467
8.759600,-82.529000,-226.850000,1.224631,0.514585
9.059600,-82.529000,-226.850000,1.172949,0.507753
9.359600,-82.529000,-226.850000,1.236624,0.511711
9.659600,-82.529000,-226.850000,1.214221,0.509934
9.959600,-82.529000,-226.850000,1.176460,0.507086
10.259600,-82.529000,-226.850000,1.197627,0.511406
-11.640400,-82.229000,-226.850000,1.192650,0.502691
-11.340400,-82.229000,-226.850000,1.161800,0.505731
-11.040400,-82.229000,-226.850000,1.161712,0.503343
-10.740400,-82.229000,-226.850000,1.180980,0.518502
-10.440400,-82.229000,-226.850000,1.141968,0.511501
-10.140400,-82.229000,-226.850000,1.212967,0.507241
-9.840400,-82.229000,-226.850000,1.185369,0.513779
-9.540400,-82.229000,-226.850000,1.169842,0.509144
-9.240400,-82.229000,-226.850000,1.193312,0.508008
-8.940400,-82.229000,-226.850000,1.171666,0.512263
-8.640400,-82.229000,-226.850000,1.159636,0.505019
-8.340400,-82.229000,-226.850000,1.157282,0.511431
-8.040400,-82.229000,-226.850000,1.189090,0.511578
-7.740400,-82.229000,-226.850000,1.206070,0.511270
-7.440400,-82.229000,-226.850000,1.232793,0.516792
-7.140400,-82.229000,-226.850000,1.195189,0.515920
-6.840400,-82.229000,-226.850000,1.161865,0.514202
-6.540400,-82.229000,-226.850000,1.144882,0.507769
-6.240400,-82.229000,-226.850000,1.161276,0.515615
-5.940400,-82.229000,-226.850000,1.233727,0.507744
-5.640400,-82.229000,-226.850000,1.184050,0.514107
-5.340400,-82.229000,-226.850000,1.183755,0.514263
-5.040400,-82.229000,-226.850000,1.209453,0.515314
-4.740400,-82.229000,-226.850000,1.195930,0.506514
-4.440400,-82.229000,-226.850000,1.175233,0.510629
-4.140400,-82.229000,-226.850000,1.176958,0.513639
-3.840400,-82.229000,-226.850000,1.188318,0.512094
-3.540400,-82.229000,-226.850000,1.179782,0.509931
-3.240400,-82.229000,-226.850000,1.230116,0.516184
-2.940400,-82.229000,-226.850000,1.202358,0.512943
-2.640400,-82.229000,-226.850000,1.213260,0.515856
-2.340400,-82.229000,-226.850000,1.167824,0.510503
-2.040400,-82.229000,-226.850000,1.169654,0.510634
-1.740400,-82.229000,-226.850000,1.166149,0.513683
-1.440400,-82.229000,-226.850000,1.187302,0.515546
-1.140400,-82.229000,-226.850000,1.172521,0.508358
-0.840400,-82.229000,-226.850000,1.180894,0.513044
-0.540400,-82.229000,-226.850000,1.198053,0.515411
-0.240400,-82.229000,-226.850000,1.182354,0.514312
0.059600,-82.229000,-226.850000,1.190237,0.514516
0.359600,-82.229000,-226.850000,1.146169,0.508371
0.659600,-82.229000,-226.850000,1.177769,0.515631
0.959600,-82.229000,-226.850000,1.194656,0.515235
1.259600,-82.229000,-226.850000,1.196312,0.515230
1.559600,-82.229000,-226.850000,1.144359,0.507348
1.859600,-82.229000,-226.850000,1.213019,0.514387
2.159600,-82.229000,-226.850000,1.144364,0.519334
2.459600,-82.229000,-226.850000,1.186070,0.512675
2.759600,-82.229000,-226.850000,1.177535,0.512086
3.059600,-82.229000,-226.850000,1.207918,0.511435
3.359600,-82.229000,-226.850000,1.172576,0.516969
3.659600,-82.229000,-226.850000,1.161989,0.508633
3.959600,-82.229000,-226.850000,1.180263,0.517130
4.259600,-82.229000,-226.850000,1.171287,0.508770
4.559600,-82.229000,-226.850000,1.156401,0.516271
4.859600,-82.229000,-226.850000,1.193421,0.514610
5.159600,-82.229000,-226.850000,1.228084,0.516683
5.459600,-82.229000,-226.850000,1.180097,0.509737
5.759600,-82.229000,-226.850000,1.198432,0.519528
6.059600,-82.229000,-226.850000,1.194756,0.510515
6.359600,-82.229000,-226.850000,1.178606,0.511069
6.659600,-82.229000,-226.850000,1.211203,0.515065
6.959600,-82.229000,-226.850000,1.165860,0.510499
7.259600,-82.229000,-226.850000,1.161652,0.514854
7.559600,-82.229000,-226.850000,1.173553,0.511372
7.859600,-82.229000,-226.850000,1.188321,0.513745
8.159600,-82.229000,-226.850000,1.149428,0.510117
8.459600,-82.229000,-226.850000,1.171925,0.511273
8.759600,-82.229000,-226.850000,1.210262,0.512540
9.059600,-82.229000,-226.850000,1.199538,0.504535
9.359600,-82.229000,-226.850000,1.171431,0.507679
9.659600,-82.229000,-226.850000,1.154611,0.510226
9.959600,-82.229000,-226.850000,1.174656,0.501761
10.259600,-82.229000,-226.850000,1.166492,0.507759
10.559600,-82.229000,-226.850000,1.196932,0.501933
-11.640400,-82.529000,-226.550000,1.163753,0.505507
-11.340400,-82.529000,-226.550000,1.248217,0.513260
-11.040400,-82.529000,-226.550000,1.169586,0.514299
-10.740400,-82.529000,-226.550000,1.178350,0.513686
-10.440400,-82.529000,-226.550000,1.143067,0.519589
-10.140400,-82.529000,-226.550000,1.218825,0.511420
-9.840400,-82.529000,-226.550000,1.214914,0.508428
-9.540400,-82.529000,-226.550000,1.192731,0.514591
-9.240400,-82.529000,-226.550000,1.235840,0.519055
-8.940400,-82.529000,-226.550000,1.185254,0.510255
-8.640400,-82.529000,-226.550000,1.161767,0.514283
-8.340400,-82.529000,-226.550000,1.180184,0.512725
-8.040400,-82.529000,-226.550000,1.230873,0.516120
-7.740400,-82.529000,-226.550000,1.178986,0.520045
-7.440400,-82.529000,-226.550000,1.208576,0.514349
-7.140400,-82.529000,-226.550000,1.208167,0.515258
-6.840400,-82.529000,-226.550000,1.202433,0.513258
-6.540400,-82.529000,-226.550000,1.170320,0.508595
-6.240400,-82.529000,-226.550000,1.194973,0.515511
-5.940400,-82.529000,-226.550000,1.201158,0.514595
-5.640400,-82.529000,-226.550000,1.219724,0.514873
-5.340400,-82.529000,-226.550000,1.207305,0.512617
-5.040400,-82.529000,-226.550000,1.173372,0.512734
-4.740400,-82.529000,-226.550000,1.214525,0.515881
-4.440400,-82.529000,-226.550000,1.227770,0.513267
-4.140400,-82.529000,-226.550000,1.200459,0.511637
-3.840400,-82.529000,-226.550000,1.172496,0.517482
-3.540400,-82.529000,-226.550000,1.198956,0.514217
-3.240400,-82.529000,-226.550000,1.172350,0.515464
-2.940400,-82.529000,-226.550000,1.218005,0.517486
-2.640400,-82.529000,-226.550000,1.202986,0.508680
-2.340400,-82.529000,-226.550000,1.203914,0.511665
-2.040400,-82.529000,-226.550000,1.197965,0.518345
-1.740400,-82.529000,-226.550000,1.219934,0.514838
-1.440400,-82.529000,-226.550000,1.214841,0.508234
-1.140400,-82.529000,-226.550000,1.201982,0.513726
-0.840400,-82.529000,-226.550000,1.250565,0.515618
-0.540400,-82.529000,-226.550000,1.257772,0.518584
-0.240400,-82.529000,-226.550000,1.194512,0.521802
0.059600,-82.529000,-226.550000,1.203009,0.521061
0.359600,-82.529000,-226.550000,1.232138,0.516295
0.659600,-82.529000,-226.550000,1.171016,0.510473
0.959600,-82.529000,-226.550000,1.225906,0.519344
1.259600,-82.529000,-226.550000,1.228796,0.516551
1.559600,-82.529000,-226.550000,1.198964,0.516319
1.859600,-82.529000,-226.550000,1.213590,0.515669
2.159600,-82.529000,-226.550000,1.232832,0.512550
2.459600,-82.529000,-226.550000,1.163059,0.512985
2.759600,-82.529000,-226.550000,1.210011,0.521082
3.059600,-82.529000,-226.550000,1.161902,0.513822
3.359600,-82.529000,-226.550000,1.236225,0.517418
3.659600,-82.529000,-226.550000,1.210406,0.513941
3.959600,-82.529000,-226.550000,1.188731,0.514015
4.259600,-82.529000,-226.550000,1.153816,0.517540
4.559600,-82.529000,-226.550000,1.245068,0.512677
4.859600,-82.529000,-226.550000,1.195190,0.518669
5.159600,-82.529000,-226.550000,1.212223,0.513587
5.459600,-82.529000,-226.550000,1.180701,0.511155
5.759600,-82.529000,-226.550000,1.186574,0.511305
6.059600,-82.529000,-226.550000,1.183373,0.514448
6.359600,-82.529000,-226.550000,1.230124,0.517241
6.659600,-82.529000,-226.550000,1.159015,0.516046
6.959600,-82.529000,-226.550000,1.203708,0.515110
7.259600,-82.529000,-226.550000,1.203750,0.512515
7.559600,-82.529000,-226.550000,1.147766,0.506674
7.859600,-82.529000,-226.550000,1.184356,0.513183
8.159600,-82.529000,-226.550000,1.214426,0.514857
8.459600,-82.529000,-226.550000,1.179402,0.512325
8.759600,-82.529000,-226.550000,1.179247,0.511927
9.059600,-82.529000,-226.550000,1.186412,0.513118
9.359600,-82.529000,-226.550000,1.190864,0.511002
9.659600,-82.529000,-226.550000,1.238238,0.510051
9.959600,-82.529000,-226.550000,1.179259,0.506108
10.259600,-82.529000,-226.550000,1.170292,0.507194
10.559600,-82.529000,-226.550000,1.156558,0.507344
-11.640400,-82.229000,-226.550000,1.184796,0.505278
-11.340400,-82.229000,-226.550000,1.192026,0.509434
-11.040400,-82.229000,-226.550000,1.174664,0.513322
-10.740400,-82.229000,-226.550000,1.182271,0.510647
-10.440400,-82.229000,-226.550000,1.187214,0.518710
-10.140400,-82.229000,-226.550000,1.238917,0.511315
-9.840400,-82.229000,-226.550000,1.165776,0.508615
-9.540400,-82.229000,-226.550000,1.158341,0.513368
-9.240400,-82.229000,-226.550000,1.126230,0.515525
-8.940400,-82.229000,-226.550000,1.180411,0.507475
-8.640400,-82.229000,-226.550000,1.166114,0.513328
-8.340400,-82.229000,-226.550000,1.219676,0.515470
-8.040400,-82.229000,-226.550000,1.234797,0.515207
-7.740400,-82.229000,-226.550000,1.214985,0.516658
-7.440400,-82.229000,-226.550000,1.195327,0.510592
-7.140400,-82.229000,-226.550000,1.190827,0.516003
-6.840400,-82.229000,-226.550000,1.159111,0.514776
-6.540400,-82.229000,-226.550000,1.171014,0.507090
-6.240400,-82.229000,-226.550000,1.213179,0.518266
-5.940400,-82.229000,-226.550000,1.186054,0.513660
-5.640400,-82.229000,-226.550000,1.163390,0.511466
-5.340400,-82.229000,-226.550000,1.172062,0.512639
-5.040400,-82.229000,-226.550000,1.203299,0.510357
-4.740400,-82.229000,-226.550000,1.190351,0.510934
-4.440400,-82.229000,-226.550000,1.273649,0.514917
-4.140400,-82.229000,-226.550000,1.198499,0.510044
-3.840400,-82.229000,-226.550000,1.255436,0.517484
-3.540400,-82.229000,-226.550000,1.190500,0.510827
-3.240400,-82.229000,-226.550000,1.201442,0.513465
-2.940400,-82.229000,-226.550000,1.205643,0.517978
-2.640400,-82.229000,-226.550000,1.209960,0.508393
-2.340400,-82.229000,-226.550000,1.203846,0.508670
-2.040400,-82.229000,-226.550000,1.187913,0.515960
-1.740400,-82.229000,-226.550000,1.190271,0.512483
-1.440400,-82.229000,-226.550000,1.173784,0.508293
-1.140400,-82.229000,-226.550000,1.194852,0.509922
-0.840400,-82.229000,-226.550000,1.172085,0.511446
-0.540400,-82.229000,-226.550000,1.222414,0.515961
-0.240400,-82.229000,-226.550000,1.209430,0.518440
0.059600,-82.229000,-226.550000,1.206961,0.518451
0.359600,-82.229000,-226.550000,1.184528,0.514727
0.659600,-82.229000,-226.550000,1.191187,0.510298
0.959600,-82.229000,-226.550000,1.221076,0.518222
1.259600,-82.229000,-226.550000,1.162012,0.511908
1.559600,-82.229000,-226.550000,1.193323,0.513797
1.859600,-82.229000,-226.550000,1.202930,0.517186
2.159600,-82.229000,-226.550000,1.154936,0.511988
2.459600,-82.229000,-226.550000,1.172244,0.510135
2.759600,-82.229000,-226.550000,1.191678,0.518814
3.059600,-82.229000,-226.550000,1.173922,0.511621
3.359600,-82.229000,-226.550000,1.176286,0.515464
3.659600,-82.229000,-226.550000,1.194828,0.515062
3.959600,-82.229000,-226.550000,1.191823,0.511377
4.259600,-82.229000,-226.550000,1.194200,0.517866
4.559600,-82.229000,-226.550000,1.159260,0.510713
4.859600,-82.229000,-226.550000,1.196229,0.515669
5.159600,-82.229000,-226.550000,1.219482,0.513626
5.459600,-82.229000,-226.550000,1.207726,0.508579
5.759600,-82.229000,-226.550000,1.219191,0.508499
6.059600,-82.229000,-226.550000,1.159161,0.512402
6.359600,-82.229000,-226.550000,1.191761,0.512859
6.659600,-82.229000,-226.550000,1.183274,0.516586
6.959600,-82.229000,-226.550000,1.197536,0.514042
7.259600,-82.229000,-226.550000,1.208249,0.510822
7.559600,-82.229000,-226.550000,1.180148,0.507666
7.859600,-82.229000,-226.550000,1.199019,0.510920
8.159600,-82.229000,-226.550000,1.217033,0.511790
8.459600,-82.229000,-226.550000,1.151931,0.510281
8.759600,-82.229000,-226.550000,1.176893,0.509197
9.059600,-82.229000,-226.550000,1.195002,0.512875
9.359600,-82.229000,-226.550000,1.144879,0.511193
9.659600,-82.229000,-226.550000,1.215942,0.509241
9.959600,-82.229000,-226.550000,1.186761,0.506432
10.259600,-82.229000,-226.550000,1.145363,0.507308
10.559600,-82.229000,-226.550000,1.154543,0.503006
-11.640400,-82.529000,-226.250000,1.195797,0.512099
-11.340400,-82.529000,-226.250000,1.214345,0.510078
-11.040400,-82.529000,-226.250000,1.202337,0.507950
-10.740400,-82.529000,-226.250000,1.202676,0.511508
-10.440400,-82.529000,-226.250000,1.166472,0.506492
-10.140400,-82.529000,-226.250000,1.197388,0.509703
-9.840400,-82.529000,-226.250000,1.232796,0.515262
-9.540400,-82.529000,-226.250000,1.209349,0.508391
-9.240400,-82.529000,-226.250000,1.182567,0.511125
-8.940400,-82.529000,-226.250000,1.172887,0.509217
-8.640400,-82.529000,-226.250000,1.211862,0.511796
-8.340400,-82.529000,-226.250000,1.187662,0.517190
-8.040400,-82.529000,-226.250000,1.196690,0.517278
-7.740400,-82.529000,-226.250000,1.228170,0.519607
-7.440400,-82.529000,-226.250000,1.225351,0.514932
-7.140400,-82.529000,-226.250000,1.214848,0.519881
-6.840400,-82.529000,-226.250000,1.203102,0.509966
-6.540400,-82.529000,-226.250000,1.164044,0.514538
-6.240400,-82.529000,-226.250000,1.207493,0.512036
-5.940400,-82.529000,-226.250000,1.191334,0.516497
-5.640400,-82.529000,-226.250000,1.208688,0.519082
-5.340400,-82.529000,-226.250000,1.224755,0.515123
-5.040400,-82.529000,-226.250000,1.195941,0.514223
-4.740400,-82.529000,-226.250000,1.223795,0.517227
-4.440400,-82.529000,-226.250000,1.211793,0.519621
-4.140400,-82.529000,-226.250000,1.205643,0.518562
-3.840400,-82.529000,-226.250000,1.189803,0.519281
-3.540400,-82.529000,-226.250000,1.198335,0.515024
-3.240400,-82.529000,-226.250000,1.153073,0.515115
-2.940400,-82.529000,-226.250000,1.198195,0.512415
-2.640400,-82.529000,-226.250000,1.200587,0.513863
-2.340400,-82.529000,-226.250000,1.190930,0.516039
-2.040400,-82.529000,-226.250000,1.208776,0.513496
-1.740400,-82.529000,-226.250000,1.243696,0.518618
-1.440400,-82.529000,-226.250000,1.195535,0.513936
-1.140400,-82.529000,-226.250000,1.217596,0.515454
-0.840400,-82.529000,-226.250000,1.190781,0.507811
-0.540400,-82.529000,-226.250000,1.209400,0.512791
-0.240400,-82.529000,-226.250000,1.193704,0.515987
0.059600,-82.529000,-226.250000,1.237311,0.513257
0.359600,-82.529000,-226.250000,1.182967,0.513930
0.659600,-82.529000,-226.250000,1.181380,0.515939
0.959600,-82.529000,-226.250000,1.190480,0.513312
1.259600,-82.529000,-226.250000,1.228289,0.516906
1.559600,-82.529000,-226.250000,1.175125,0.506513
1.859600,-82.529000,-226.250000,1.195002,0.514403
2.159600,-82.529000,-226.250000,1.183357,0.512108
2.459600,-82.529000,-226.250000,1.162944,0.508922
2.759600,-82.529000,-226.250000,1.168221,0.507699
3.059600,-82.529000,-226.250000,1.125916,0.512800
3.359600,-82.529000,-226.250000,1.122023,0.508824
3.659600,-82.529000,-226.250000,1.240415,0.513867
3.959600,-82.529000,-226.250000,1.184327,0.513006
4.259600,-82.529000,-226.250000,1.193882,0.512223
4.559600,-82.529000,-226.250000,1.209069,0.512703
4.859600,-82.529000,-226.250000,1.169543,0.515903
5.159600,-82.529000,-226.250000,1.146322,0.517738
5.459600,-82.529000,-226.250000,1.204344,0.509902
5.759600,-82.529000,-226.250000,1.209721,0.513958
6.059600,-82.529000,-226.250000,1.219593,0.519918
6.359600,-82.529000,-226.250000,1.185237,0.504649
6.659600,-82.529000,-226.250000,1.141592,0.518280
6.959600,-82.529000,-226.250000,1.177618,0.520170
7.259600,-82.529000,-226.250000,1.149428,0.509800
7.559600,-82.529000,-226.250000,1.173212,0.507409
7.859600,-82.529000,-226.250000,1.187786,0.512040
8.159600,-82.529000,-226.250000,1.207593,0.512285
8.459600,-82.529000,-226.250000,1.169868,0.510212
8.759600,-82.529000,-226.250000,1.154991,0.510895
9.059600,-82.529000,-226.250000,1.172976,0.512184
9.359600,-82.529000,-226.250000,1.219230,0.510417
9.659600,-82.529000,-226.250000,1.227310,0.509332
9.959600,-82.529000,-226.250000,1.199177,0.508138
10.259600,-82.529000,-226.250000,1.165799,0.508071
10.559600,-82.529000,-226.250000,1.194574,0.513194
-11.640400,-82.229000,-226.250000,1.219024,0.510828
-11.340400,-82.229000,-226.250000,1.174262,0.508732
-11.040400,-82.229000,-226.250000,1.165056,0.506181
-10.740400,-82.229000,-226.250000,1.170259,0.508635
-10.440400,-82.229000,-226.250000,1.171726,0.507728
-10.140400,-82.229000,-226.250000,1.222701,0.509556
-9.840400,-82.229000,-226.250000,1.192840,0.516815
-9.540400,-82.229000,-226.250000,1.175205,0.505372
-9.240400,-82.229000,-226.250000,1.174032,0.510867
-8.940400,-82.229000,-226.250000,1.177159,0.508984
-8.640400,-82.229000,-226.250000,1.144828,0.507567
-8.340400,-82.229000,-226.250000,1.167451,0.516138
-8.040400,-82.229000,-226.250000,1.158849,0.512620
-7.740400,-82.229000,-226.250000,1.208215,0.516854
-7.440400,-82.229000,-226.250000,1.143034,0.513124
-7.140400,-82.229000,-226.250000,1.188211,0.516473
-6.840400,-82.229000,-226.250000,1.145345,0.505984
-6.540400,-82.229000,-226.250000,1.194405,0.514576
-6.240400,-82.229000,-226.250000,1.182055,0.509267
-5.940400,-82.229000,-226.250000,1.148792,0.513379
-5.640400,-82.229000,-226.250000,1.172175,0.515313
-5.340400,-82.229000,-226.250000,1.188347,0.509416
-5.040400,-82.229000,-226.250000,1.191048,0.510698
-4.740400,-82.229000,-226.250000,1.165759,0.513023
-4.440400,-82.229000,-226.250000,1.170949,0.516622
-4.140400,-82.229000,-226.250000,1.226659,0.514456
-3.840400,-82.229000,-226.250000,1.214704,0.519898
-3.540400,-82.229000,-226.250000,1.182680,0.513047
-3.240400,-82.229000,-226.250000,1.221935,0.514582
-2.940400,-82.229000,-226.250000,1.179703,0.511788
-2.640400,-82.229000,-226.250000,1.182913,0.514342
-2.340400,-82.229000,-226.250000,1.205918,0.515041
-2.040400,-82.229000,-226.250000,1.167773,0.508557
-1.740400,-82.229000,-226.250000,1.185264,0.513815
-1.440400,-82.229000,-226.250000,1.178684,0.510504
-1.140400,-82.229000,-226.250000,1.165310,0.512264
-0.840400,-82.229000,-226.250000,1.166159,0.506662
-0.540400,-82.229000,-226.250000,1.163775,0.508630
-0.240400,-82.229000,-226.250000,1.176027,0.512349
0.059600,-82.229000,-226.250000,1.146968,0.509236
0.359600,-82.229000,-226.250000,1.192447,0.508555
0.659600,-82.229000,-226.250000,1.172397,0.515068
0.959600,-82.229000,-226.250000,1.196543,0.512577
1.259600,-82.229000,-226.250000,1.143660,0.512740
1.559600,-82.229000,-226.250000,1.172016,0.501799
1.859600,-82.229000,-226.250000,1.230865,0.515763
2.159600,-82.229000,-226.250000,1.162031,0.511720
2.459600,-82.229000,-226.250000,1.186653,0.509748
2.759600,-82.229000,-226.250000,1.152287,0.504489
3.059600,-82.229000,-226.250000,1.128048,0.513212
3.359600,-82.229000,-226.250000,1.208424,0.510273
3.659600,-82.229000,-226.250000,1.167522,0.510957
3.959600,-82.229000,-226.250000,1.204950,0.514530
4.259600,-82.229000,-226.250000,1.159437,0.511316
4.559600,-82.229000,-226.250000,1.166269,0.511881
4.859600,-82.229000,-226.250000,1.163421,0.513877
5.159600,-82.229000,-226.250000,1.175735,0.514736
5.459600,-82.229000,-226.250000,1.171703,0.508089
5.759600,-82.229000,-226.250000,1.171960,0.511397
6.059600,-82.229000,-226.250000,1.173652,0.514887
6.359600,-82.229000,-226.250000,1.208489,0.504699
6.659600,-82.229000,-226.250000,1.225429,0.517042
6.959600,-82.229000,-226.250000,1.191503,0.519617
7.259600,-82.229000,-226.250000,1.195806,0.511647
7.559600,-82.229000,-226.250000,1.218515,0.508150
7.859600,-82.229000,-226.250000,1.193236,0.509649
8.159600,-82.229000,-226.250000,1.158838,0.505382
8.459600,-82.229000,-226.250000,1.164171,0.507594
8.759600,-82.229000,-226.250000,1.140144,0.509412
9.059600,-82.229000,-226.250000,1.170742,0.511788
9.359600,-82.229000,-226.250000,1.174734,0.509541
9.659600,-82.229000,-226.250000,1.155016,0.505646
9.959600,-82.229000,-226.250000,1.187852,0.504700
10.259600,-82.229000,-226.250000,1.164452,0.504384
10.559600,-82.229000,-226.250000,1.177754,0.507528
-11.640400,-82.529000,-225.950000,1.222415,0.507967
-11.340400,-82.529000,-225.950000,1.176860,0.509859
-11.040400,-82.529000,-225.950000,1.144929,0.515739
-10.740400,-82.529000,-225.950000,1.224106,0.513742
-10.440400,-82.529000,-225.950000,1.182452,0.515830
-10.140400,-82.529000,-225.950000,1.173456,0.512483
-9.840400,-82.529000,-225.950000,1.245752,0.512025
-9.540400,-82.529000,-225.950000,1.245974,0.516205
-9.240400,-82.529000,-225.950000,1.177883,0.513421
-8.940400,-82.529000,-225.950000,1.192243,0.511295
-8.640400,-82.529000,-225.950000,1.189047,0.513254
-8.340400,-82.529000,-225.950000,1.187180,0.509093
-8.040400,-82.529000,-225.950000,1.184042,0.514882
-7.740400,-82.529000,-225.950000,1.226606,0.518481
-7.440400,-82.529000,-225.950000,1.177817,0.515355
-7.140400,-82.529000,-225.950000,1.160580,0.513340
-6.840400,-82.529000,-225.950000,1.174728,0.515858
-6.540400,-82.529000,-225.950000,1.148761,0.510923
-6.240400,-82.529000,-225.950000,1.216920,0.518230
-5.940400,-82.529000,-225.950000,1.189944,0.515071
-5.640400,-82.529000,-225.950000,1.201714,0.511788
-5.340400,-82.529000,-225.950000,1.137536,0.516655
-5.040400,-82.529000,-225.950000,1.168977,0.518245
-4.740400,-82.529000,-225.950000,1.208033,0.512526
-4.440400,-82.529000,-225.950000,1.197138,0.516729
-4.140400,-82.529000,-225.950000,1.193816,0.513659
-3.840400,-82.529000,-225.950000,1.178478,0.515767
-3.540400,-82.529000,-225.950000,1.230926,0.518304
-3.240400,-82.529000,-225.950000,1.222212,0.514714
-2.940400,-82.529000,-225.950000,1.175319,0.511898
-2.640400,-82.529000,-225.950000,1.189549,0.517382
-2.340400,-82.529000,-225.950000,1.152044,0.513372
-2.040400,-82.529000,-225.950000,1.201098,0.515194
-1.740400,-82.529000,-225.950000,1.233263,0.515013
-1.440400,-82.529000,-225.950000,1.204898,0.515645
-1.140400,-82.529000,-225.950000,1.172453,0.510665
-0.840400,-82.529000,-225.950000,1.183688,0.511212
-0.540400,-82.529000,-225.950000,1.199438,0.514519
-0.240400,-82.529000,-225.950000,1.190210,0.515021
0.059600,-82.529000,-225.950000,1.238873,0.518521
0.359600,-82.529000,-225.950000,1.232047,0.521400
0.659600,-82.529000,-225.950000,1.169826,0.513497
0.959600,-82.529000,-225.950000,1.197101,0.513077
1.259600,-82.529000,-225.950000,1.164508,0.512524
1.559600,-82.529000,-225.950000,1.185738,0.516042
1.859600,-82.529000,-225.950000,1.184372,0.509143
2.159600,-82.529000,-225.950000,1.198382,0.512316
2.459600,-82.529000,-225.950000,1.169462,0.508467
2.759600,-82.529000,-225.950000,1.211273,0.514302
3.059600,-82.529000,-225.950000,1.160773,0.514177
3.359600,-82.529000,-225.950000,1.266145,0.516344
3.659600,-82.529000,-225.950000,1.200464,0.517222
3.959600,-82.529000,-225.950000,1.207161,0.516256
4.259600,-82.529000,-225.950000,1.245218,0.515997
4.559600,-82.529000,-225.950000,1.178848,0.513583
4.859600,-82.529000,-225.950000,1.212863,0.518185
5.159600,-82.529000,-225.950000,1.198008,0.512391
5.459600,-82.529000,-225.950000,1.185807,0.510792
5.759600,-82.529000,-225.950000,1.165340,0.512396
6.059600,-82.529000,-225.950000,1.227567,0.511494
6.359600,-82.529000,-225.950000,1.225798,0.515868
6.659600,-82.529000,-225.950000,1.171443,0.509382
6.959600,-82.529000,-225.950000,1.181797,0.514935
7.259600,-82.529000,-225.950000,1.184629,0.512445
7.559600,-82.529000,-225.950000,1.126898,0.509066
7.859600,-82.529000,-225.950000,1.235132,0.512198
8.159600,-82.529000,-225.950000,1.179650,0.504100
8.459600,-82.529000,-225.950000,1.186716,0.508546
8.759600,-82.529000,-225.950000,1.218570,0.519086
9.059600,-82.529000,-225.950000,1.164549,0.513588
9.359600,-82.529000,-225.950000,1.230836,0.513959
9.659600,-82.529000,-225.950000,1.209441,0.506787
9.959600,-82.529000,-225.950000,1.205946,0.507431
10.259600,-82.529000,-225.950000,1.223029,0.510988
10.559600,-82.529000,-225.950000,1.195655,0.510823
-11.640400,-82.229000,-225.950000,1.204891,0.507621
-11.340400,-82.229000,-225.950000,1.161121,0.508460
-11.040400,-82.229000,-225.950000,1.151221,0.514782
-10.740400,-82.229000,-225.950000,1.203072,0.512921
-10.440400,-82.229000,-225.950000,1.158065,0.510261
-10.140400,-82.229000,-225.950000,1.155764,0.510684
-9.840400,-82.229000,-225.950000,1.192830,0.506040
-9.540400,-82.229000,-225.950000,1.192522,0.512415
-9.240400,-82.229000,-225.950000,1.189378,0.512188
-8.940400,-82.229000,-225.950000,1.179512,0.508150
-8.640400,-82.229000,-225.950000,1.196423,0.512120
-8.340400,-82.229000,-225.950000,1.175166,0.505929
-8.040400,-82.229000,-225.950000,1.177785,0.512349
-7.740400,-82.229000,-225.950000,1.190145,0.517226
-7.440400,-82.229000,-225.950000,1.145175,0.513877
-7.140400,-82.229000,-225.950000,1.178660,0.513883
-6.840400,-82.229000,-225.950000,1.169302,0.513111
-6.540400,-82.229000,-225.950000,1.194206,0.510219
-6.240400,-82.229000,-225.950000,1.181309,0.513050
-5.940400,-82.229000,-225.950000,1.173696,0.514415
-5.640400,-82.229000,-225.950000,1.233425,0.510754
-5.340400,-82.229000,-225.950000,1.222472,0.517341
-5.040400,-82.229000,-225.950000,1.204674,0.521508
-4.740400,-82.229000,-225.950000,1.154232,0.510023
-4.440400,-82.229000,-225.950000,1.152039,0.516594
-4.140400,-82.229000,-225.950000,1.201485,0.511868
-3.840400,-82.229000,-225.950000,1.200373,0.513108
-3.540400,-82.229000,-225.950000,1.232416,0.514718
-3.240400,-82.229000,-225.950000,1.211917,0.510956
-2.940400,-82.229000,-225.950000,1.181707,0.509638
-2.640400,-82.229000,-225.950000,1.132971,0.515285
-2.340400,-82.229000,-225.950000,1.200512,0.512964
-2.040400,-82.229000,-225.950000,1.199194,0.511403
-1.740400,-82.229000,-225.950000,1.143528,0.510674
-1.440400,-82.229000,-225.950000,1.189309,0.510767
-1.140400,-82.229000,-225.950000,1.191059,0.509048
-0.840400,-82.229000,-225.950000,1.186069,0.510428
-0.540400,-82.229000,-225.950000,1.185772,0.514251
-0.240400,-82.229000,-225.950000,1.205544,0.512752
0.059600,-82.229000,-225.950000,1.211870,0.514098
0.359600,-82.229000,-225.950000,1.165694,0.515570
0.659600,-82.229000,-225.950000,1.191306,0.512661
0.959600,-82.229000,-225.950000,1.199760,0.511088
1.259600,-82.229000,-225.950000,1.177935,0.512689
1.559600,-82.229000,-225.950000,1.148105,0.513609
1.859600,-82.229000,-225.950000,1.156266,0.511534
2.159600,-82.229000,-225.950000,1.226457,0.513038
2.459600,-82.229000,-225.950000,1.177743,0.509608
2.759600,-82.229000,-225.950000,1.184485,0.512092
3.059600,-82.229000,-225.950000,1.135415,0.512036
3.359600,-82.229000,-225.950000,1.159092,0.513182
3.659600,-82.229000,-225.950000,1.224314,0.516047
3.959600,-82.229000,-225.950000,1.162615,0.512546
4.259600,-82.229000,-225.950000,1.195800,0.512530
4.559600,-82.229000,-225.950000,1.214464,0.514178
4.859600,-82.229000,-225.950000,1.204839,0.516506
5.159600,-82.229000,-225.950000,1.192165,0.512378
5.459600,-82.229000,-225.950000,1.161697,0.510945
5.759600,-82.229000,-225.950000,1.201853,0.510818
6.059600,-82.229000,-225.950000,1.184481,0.508753
6.359600,-82.229000,-225.950000,1.145431,0.512852
6.659600,-82.229000,-225.950000,1.150941,0.507677
6.959600,-82.229000,-225.950000,1.183664,0.509378
7.259600,-82.229000,-225.950000,1.165886,0.510200
7.559600,-82.229000,-225.950000,1.219210,0.507276
7.859600,-82.229000,-225.950000,1.166316,0.506508
8.159600,-82.229000,-225.950000,1.154504,0.501641
8.459600,-82.229000,-225.950000,1.183512,0.506049
8.759600,-82.229000,-225.950000,1.184409,0.514873
9.059600,-82.229000,-225.950000,1.141180,0.512024
9.359600,-82.229000,-225.950000,1.223117,0.509445
9.659600,-82.229000,-225.950000,1.178715,0.504800
9.959600,-82.229000,-225.950000,1.184308,0.503069
10.259600,-82.229000,-225.950000,1.174182,0.507883
10.559600,-82.229000,-225.950000,1.162449,0.506856
-11.640400,-82.529000,-225.650000,1.201196,0.509967
-11.340400,-82.529000,-225.650000,1.170439,0.515095
-11.040400,-82.529000,-225.650000,1.186893,0.504590
-10.740400,-82.529000,-225.650000,1.213471,0.511353
-10.440400,-82.529000,-225.650000,1.194258,0.513604
-10.140400,-82.529000,-225.650000,1.237460,0.513103
-9.840400,-82.529000,-225.650000,1.195559,0.510668
-9.540400,-82.529000,-225.650000,1.204480,0.513407
-9.240400,-82.529000,-225.650000,1.204514,0.508557
-8.940400,-82.529000,-225.650000,1.193329,0.519063
-8.640400,-82.529000,-225.650000,1.177229,0.514392
-8.340400,-82.529000,-225.650000,1.203512,0.512862
-8.040400,-82.529000,-225.650000,1.191522,0.516095
-7.740400,-82.529000,-225.650000,1.173165,0.511736
-7.440400,-82.529000,-225.650000,1.190625,0.517378
-7.140400,-82.529000,-225.650000,1.283574,0.510783
-6.840400,-82.529000,-225.650000,1.236802,0.509433
-6.540400,-82.529000,-225.650000,1.178740,0.511290
-6.240400,-82.529000,-225.650000,1.169314,0.513431
-5.940400,-82.529000,-225.650000,1.204468,0.521085
-5.640400,-82.529000,-225.650000,1.202902,0.517214
-5.340400,-82.529000,-225.650000,1.168087,0.513650
-5.040400,-82.529000,-225.650000,1.220796,0.517941
-4.740400,-82.529000,-225.650000,1.179441,0.516556
-4.440400,-82.529000,-225.650000,1.177732,0.516355
-4.140400,-82.529000,-225.650000,1.189207,0.516627
-3.840400,-82.529000,-225.650000,1.191081,0.518775
-3.540400,-82.529000,-225.650000,1.188509,0.513970
-3.240400,-82.529000,-225.650000,1.186109,0.515201
-2.940400,-82.529000,-225.650000,1.210011,0.511179
-2.640400,-82.529000,-225.650000,1.210159,0.516043
-2.340400,-82.529000,-225.650000,1.215272,0.514556
-2.040400,-82.529000,-225.650000,1.204433,0.513572
-1.740400,-82.529000,-225.650000,1.212105,0.516496
-1.440400,-82.529000,-225.650000,1.204953,0.516354
-1.140400,-82.529000,-225.650000,1.182126,0.518103
-0.840400,-82.529000,-225.650000,1.228533,0.518183
-0.540400,-82.529000,-225.650000,1.195552,0.510792
-0.240400,-82.529000,-225.650000,1.241351,0.511702
0.059600,-82.529000,-225.650000,1.169904,0.510534
0.359600,-82.529000,-225.650000,1.178163,0.511033
0.659600,-82.529000,-225.650000,1.177163,0.514550
0.959600,-82.529000,-225.650000,1.205384,0.516591
1.259600,-82.529000,-225.650000,1.193496,0.510220
1.559600,-82.529000,-225.650000,1.252144,0.516252
1.859600,-82.529000,-225.650000,1.205981,0.512087
2.159600,-82.529000,-225.650000,1.198813,0.514988
2.459600,-82.529000,-225.650000,1.196516,0.514965
2.759600,-82.529000,-225.650000,1.197230,0.519109
3.059600,-82.529000,-225.650000,1.160417,0.508490
3.359600,-82.529000,-225.650000,1.205541,0.518832
3.659600,-82.529000,-225.650000,1.213632,0.518373
3.959600,-82.529000,-225.650000,1.234450,0.515635
4.259600,-82.529000,-225.650000,1.225096,0.516876
4.559600,-82.529000,-225.650000,1.217373,0.514871
4.859600,-82.529000,-225.650000,1.194360,0.520109
5.159600,-82.529000,-225.650000,1.209308,0.513469
5.459600,-82.529000,-225.650000,1.178064,0.508534
5.759600,-82.529000,-225.650000,1.185777,0.517277
6.059600,-82.529000,-225.650000,1.189022,0.518083
6.359600,-82.529000,-225.650000,1.216646,0.511933
6.659600,-82.529000,-225.650000,1.152241,0.512283
6.959600,-82.529000,-225.650000,1.199633,0.510223
7.259600,-82.529000,-225.650000,1.228170,0.511060
7.559600,-82.529000,-225.650000,1.176929,0.508109
7.859600,-82.529000,-225.650000,1.176797,0.514872
8.159600,-82.529000,-225.650000,1.196394,0.509879
8.459600,-82.529000,-225.650000,1.221926,0.514306
8.759600,-82.529000,-225.650000,1.141628,0.514271
9.059600,-82.529000,-225.650000,1.234460,0.510797
9.359600,-82.529000,-225.650000,1.160835,0.509154
9.659600,-82.529000,-225.650000,1.160352,0.506327
9.959600,-82.529000,-225.650000,1.185581,0.503942
10.259600,-82.529000,-225.650000,1.179213,0.508422
10.559600,-82.529000,-225.650000,1.219970,0.509596
-11.640400,-82.229000,-225.650000,1.229887,0.507692
-11.340400,-82.229000,-225.650000,1.169179,0.512589
-11.040400,-82.229000,-225.650000,1.191040,0.505277
-10.740400,-82.229000,-225.650000,1.151886,0.504382
-10.440400,-82.229000,-225.650000,1.192939,0.508176
-10.140400,-82.229000,-225.650000,1.260783,0.512554
-9.840400,-82.229000,-225.650000,1.222641,0.510520
-9.540400,-82.229000,-225.650000,1.173480,0.510253
-9.240400,-82.229000,-225.650000,1.200391,0.507538
-8.940400,-82.229000,-225.650000,1.180816,0.520058
-8.640400,-82.229000,-225.650000,1.209181,0.513865
-8.340400,-82.229000,-225.650000,1.191340,0.509224
-8.040400,-82.229000,-225.650000,1.145606,0.509169
-7.740400,-82.229000,-225.650000,1.164676,0.511318
-7.440400,-82.229000,-225.650000,1.191182,0.515603
-7.140400,-82.229000,-225.650000,1.224090,0.505834
-6.840400,-82.229000,-225.650000,1.162090,0.505763
-6.540400,-82.229000,-225.650000,1.178729,0.511727
-6.240400,-82.229000,-225.650000,1.166864,0.511429
-5.940400,-82.229000,-225.650000,1.230275,0.517753
-5.640400,-82.229000,-225.650000,1.212122,0.514843
-5.340400,-82.229000,-225.650000,1.207289,0.514513
-5.040400,-82.229000,-225.650000,1.202456,0.514270
-4.740400,-82.229000,-225.650000,1.187141,0.514807
-4.440400,-82.229000,-225.650000,1.165806,0.514034
-4.140400,-82.229000,-225.650000,1.204498,0.517172
-3.840400,-82.229000,-225.650000,1.195216,0.514152
-3.540400,-82.229000,-225.650000,1.200604,0.512063
-3.240400,-82.229000,-225.650000,1.205260,0.511272
-2.940400,-82.229000,-225.650000,1.195684,0.512624
-2.640400,-82.229000,-225.650000,1.181251,0.512404
-2.340400,-82.229000,-225.650000,1.161139,0.513032
-2.040400,-82.229000,-225.650000,1.187864,0.514282
-1.740400,-82.229000,-225.650000,1.147025,0.512749
-1.440400,-82.229000,-225.650000,1.138145,0.512197
-1.140400,-82.229000,-225.650000,1.149425,0.515260
-0.840400,-82.229000,-225.650000,1.169388,0.512796
-0.540400,-82.229000,-225.650000,1.241593,0.511767
-0.240400,-82.229000,-225.650000,1.237597,0.509307
0.059600,-82.229000,-225.650000,1.201554,0.514269
0.359600,-82.229000,-225.650000,1.200870,0.508985
0.659600,-82.229000,-225.650000,1.186655,0.516161
0.959600,-82.229000,-225.650000,1.147650,0.510428
1.259600,-82.229000,-225.650000,1.203462,0.509602
1.559600,-82.229000,-225.650000,1.164320,0.513692
1.859600,-82.229000,-225.650000,1.195862,0.509553
2.159600,-82.229000,-225.650000,1.246744,0.514174
2.459600,-82.229000,-225.650000,1.195011,0.514773
2.759600,-82.229000,-225.650000,1.224327,0.512930
3.059600,-82.229000,-225.650000,1.180448,0.507794
3.359600,-82.229000,-225.650000,1.127939,0.515446
3.659600,-82.229000,-225.650000,1.157260,0.513610
3.959600,-82.229000,-225.650000,1.208117,0.513391
4.259600,-82.229000,-225.650000,1.186581,0.514033
4.559600,-82.229000,-225.650000,1.181177,0.509637
4.859600,-82.229000,-225.650000,1.160796,0.515109
5.159600,-82.229000,-225.650000,1.208882,0.515679
5.459600,-82.229000,-225.650000,1.148226,0.507688
5.759600,-82.229000,-225.650000,1.169609,0.511252
6.059600,-82.229000,-225.650000,1.245303,0.517334
6.359600,-82.229000,-225.650000,1.189318,0.511554
6.659600,-82.229000,-225.650000,1.215053,0.510760
6.959600,-82.229000,-225.650000,1.202407,0.508568
7.259600,-82.229000,-225.650000,1.192044,0.506230
7.559600,-82.229000,-225.650000,1.181686,0.506573
7.859600,-82.229000,-225.650000,1.174390,0.511993
8.159600,-82.229000,-225.650000,1.172265,0.510309
8.459600,-82.229000,-225.650000,1.200131,0.512610
8.759600,-82.229000,-225.650000,1.178445,0.517696
9.059600,-82.229000,-225.650000,1.127959,0.509416
9.359600,-82.229000,-225.650000,1.205324,0.508450
9.659600,-82.229000,-225.650000,1.176852,0.505673
9.959600,-82.229000,-225.650000,1.173802,0.500549
10.259600,-82.229000,-225.650000,1.152550,0.503099
10.559600,-82.229000,-225.650000,1.129904,0.506149
-11.640400,-82.529000,-225.350000,1.189347,0.509597
-11.340400,-82.529000,-225.350000,1.195129,0.519064
-11.040400,-82.529000,-225.350000,1.208539,0.508914
-10.740400,-82.529000,-225.350000,1.158940,0.512204
-10.440400,-82.529000,-225.350000,1.164582,0.511865
-10.140400,-82.529000,-225.350000,1.224644,0.514143
-9.840400,-82.529000,-225.350000,1.197500,0.510089
-9.540400,-82.529000,-225.350000,1.146850,0.507651
-9.240400,-82.529000,-225.350000,1.159706,0.516050
-8.940400,-82.529000,-225.350000,1.196606,0.514695
-8.640400,-82.529000,-225.350000,1.155926,0.514020
-8.340400,-82.529000,-225.350000,1.169990,0.508120
-8.040400,-82.529000,-225.350000,1.206715,0.517664
-7.740400,-82.529000,-225.350000,1.219379,0.514819
-7.440400,-82.529000,-225.350000,1.211871,0.514866
-7.140400,-82.529000,-225.350000,1.184222,0.510887
-6.840400,-82.529000,-225.350000,1.168582,0.513277
-6.540400,-82.529000,-225.350000,1.212609,0.514017
-6.240400,-82.529000,-225.350000,1.253638,0.512250
-5.940400,-82.529000,-225.350000,1.207448,0.515241
-5.640400,-82.529000,-225.350000,1.177617,0.509964
-5.340400,-82.529000,-225.350000,1.190408,0.514113
-5.040400,-82.529000,-225.350000,1.130532,0.514027
-4.740400,-82.529000,-225.350000,1.223363,0.518178
-4.440400,-82.529000,-225.350000,1.158048,0.515100
-4.140400,-82.529000,-225.350000,1.208748,0.513396
-3.840400,-82.529000,-225.350000,1.186469,0.513729
-3.540400,-82.529000,-225.350000,1.183402,0.515835
-3.240400,-82.529000,-225.350000,1.173236,0.520401
-2.940400,-82.529000,-225.350000,1.159654,0.510493
-2.640400,-82.529000,-225.350000,1.179613,0.513454
-2.340400,-82.529000,-225.350000,1.217262,0.513130
-2.040400,-82.529000,-225.350000,1.193210,0.515061
-1.740400,-82.529000,-225.350000,1.237066,0.512708
-1.440400,-82.529000,-225.350000,1.204096,0.516442
-1.140400,-82.529000,-225.350000,1.182730,0.509669
-0.840400,-82.529000,-225.350000,1.180885,0.516850
-0.540400,-82.529000,-225.350000,1.208996,0.515401
-0.240400,-82.529000,-225.350000,1.183397,0.512167
0.059600,-82.529000,-225.350000,1.208924,0.517956
0.359600,-82.529000,-225.350000,1.173482,0.514062
0.659600,-82.529000,-225.350000,1.142401,0.513979
0.959600,-82.529000,-225.350000,1.207447,0.515832
1.259600,-82.529000,-225.350000,1.182088,0.515505
1.559600,-82.529000,-225.350000,1.247013,0.517425
1.859600,-82.529000,-225.350000,1.182982,0.516218
2.159600,-82.529000,-225.350000,1.181385,0.521923
2.459600,-82.529000,-225.350000,1.174594,0.511740
2.759600,-82.529000,-225.350000,1.186291,0.518395
3.059600,-82.529000,-225.350000,1.161004,0.514513
3.359600,-82.529000,-225.350000,1.190618,0.514382
3.659600,-82.529000,-225.350000,1.211705,0.515890
3.959600,-82.529000,-225.350000,1.216443,0.513904
4.259600,-82.529000,-225.350000,1.194840,0.512573
4.559600,-82.529000,-225.350000,1.173360,0.514136
4.859600,-82.529000,-225.350000,1.174058,0.515123
5.159600,-82.529000,-225.350000,1.129893,0.516091
5.459600,-82.529000,-225.350000,1.146128,0.508494
5.759600,-82.529000,-225.350000,1.200151,0.515401
6.059600,-82.529000,-225.350000,1.198248,0.511056
6.359600,-82.529000,-225.350000,1.191292,0.513823
6.659600,-82.529000,-225.350000,1.180878,0.513648
6.959600,-82.529000,-225.350000,1.220199,0.515325
7.259600,-82.529000,-225.350000,1.137018,0.511906
7.559600,-82.529000,-225.350000,1.177908,0.512837
7.859600,-82.529000,-225.350000,1.154578,0.510050
8.159600,-82.529000,-225.350000,1.166786,0.508369
8.459600,-82.529000,-225.350000,1.161999,0.507106
8.759600,-82.529000,-225.350000,1.156577,0.512411
9.059600,-82.529000,-225.350000,1.175514,0.510055
9.359600,-82.529000,-225.350000,1.221957,0.513949
9.659600,-82.529000,-225.350000,1.171406,0.504439
9.959600,-82.529000,-225.350000,1.173343,0.514048
10.259600,-82.529000,-225.350000,1.163957,0.507408
10.559600,-82.529000,-225.350000,1.180473,0.504183
-11.640400,-82.229000,-225.350000,1.235853,0.509675
-11.340400,-82.229000,-225.350000,1.164261,0.515181
-11.040400,-82.229000,-225.350000,1.152475,0.505678
-10.740400,-82.229000,-225.350000,1.139961,0.508644
-10.440400,-82.229000,-225.350000,1.197619,0.508407
-10.140400,-82.229000,-225.350000,1.176857,0.512294
-9.840400,-82.229000,-225.350000,1.182049,0.506970
-9.540400,-82.229000,-225.350000,1.135333,0.502449
-9.240400,-82.229000,-225.350000,1.170623,0.512698
-8.940400,-82.229000,-225.350000,1.152234,0.510146
-8.640400,-82.229000,-225.350000,1.224068,0.513077
-8.340400,-82.229000,-225.350000,1.173945,0.505293
-8.040400,-82.229000,-225.350000,1.170903,0.513316
-7.740400,-82.229000,-225.350000,1.149978,0.510875
-7.440400,-82.229000,-225.350000,1.193479,0.510732
-7.140400,-82.229000,-225.350000,1.177720,0.508653
-6.840400,-82.229000,-225.350000,1.221722,0.514621
-6.540400,-82.229000,-225.350000,1.184967,0.510454
-6.240400,-82.229000,-225.350000,1.204274,0.508811
-5.940400,-82.229000,-225.350000,1.223603,0.515058
-5.640400,-82.229000,-225.350000,1.188378,0.509076
-5.340400,-82.229000,-225.350000,1.192955,0.512970
-5.040400,-82.229000,-225.350000,1.220273,0.515963
-4.740400,-82.229000,-225.350000,1.194223,0.515304
-4.440400,-82.229000,-225.350000,1.196393,0.513878
-4.140400,-82.229000,-225.350000,1.215385,0.509902
-3.840400,-82.229000,-225.350000,1.145575,0.513813
-3.540400,-82.229000,-225.350000,1.221122,0.513527
-3.240400,-82.229000,-225.350000,1.224327,0.518748
-2.940400,-82.229000,-225.350000,1.184399,0.510563
-2.640400,-82.229000,-225.350000,1.214104,0.513069
-2.340400,-82.229000,-225.350000,1.162487,0.508194
-2.040400,-82.229000,-225.350000,1.159927,0.511541
-1.740400,-82.229000,-225.350000,1.211748,0.509852
-1.440400,-82.229000,-225.350000,1.185804,0.513676
-1.140400,-82.229000,-225.350000,1.179108,0.510485
-0.840400,-82.229000,-225.350000,1.209064,0.516224
-0.540400,-82.229000,-225.350000,1.224306,0.514125
-0.240400,-82.229000,-225.350000,1.208017,0.510787
0.059600,-82.229000,-225.350000,1.208031,0.516048
0.359600,-82.229000,-225.350000,1.145448,0.509853
0.659600,-82.229000,-225.350000,1.183383,0.512629
0.959600,-82.229000,-225.350000,1.227553,0.512550
1.259600,-82.229000,-225.350000,1.193210,0.514748
1.559600,-82.229000,-225.350000,1.195334,0.515765
1.859600,-82.229000,-225.350000,1.147009,0.513211
2.159600,-82.229000,-225.350000,1.176020,0.515520
2.459600,-82.229000,-225.350000,1.182860,0.512523
2.759600,-82.229000,-225.350000,1.208106,0.516314
3.059600,-82.229000,-225.350000,1.185406,0.511991
3.359600,-82.229000,-225.350000,1.191818,0.512731
3.659600,-82.229000,-225.350000,1.142753,0.511097
3.959600,-82.229000,-225.350000,1.202685,0.512182
4.259600,-82.229000,-225.350000,1.160930,0.510112
4.559600,-82.229000,-225.350000,1.173327,0.512878
4.859600,-82.229000,-225.350000,1.170932,0.511234
5.159600,-82.229000,-225.350000,1.151761,0.514415
5.459600,-82.229000,-225.350000,1.161549,0.506297
5.759600,-82.229000,-225.350000,1.193814,0.512804
6.059600,-82.229000,-225.350000,1.210708,0.511260
6.359600,-82.229000,-225.350000,1.213477,0.513982
6.659600,-82.229000,-225.350000,1.183919,0.513396
6.959600,-82.229000,-225.350000,1.145532,0.507855
7.259600,-82.229000,-225.350000,1.198631,0.513091
7.559600,-82.229000,-225.350000,1.181442,0.513025
7.859600,-82.229000,-225.350000,1.176393,0.507024
8.159600,-82.229000,-225.350000,1.197163,0.507660
8.459600,-82.229000,-225.350000,1.163395,0.508432
8.759600,-82.229000,-225.350000,1.148230,0.507369
9.059600,-82.229000,-225.350000,1.185109,0.509933
9.359600,-82.229000,-225.350000,1.179403,0.509889
9.659600,-82.229000,-225.350000,1.172921,0.504056
9.959600,-82.229000,-225.350000,1.220046,0.512252
10.259600,-82.229000,-225.350000,1.147113,0.505987
10.559600,-82.229000,-225.350000,1.141070,0.502164
-11.640400,-82.529000,-225.050000,1.144279,0.505865
-11.340400,-82.529000,-225.050000,1.166334,0.508221
-11.040400,-82.529000,-225.050000,1.171854,0.512455
-10.740400,-82.529000,-225.050000,1.170402,0.513397
-10.440400,-82.529000,-225.050000,1.206012,0.507590
-10.140400,-82.529000,-225.050000,1.200915,0.509727
-9.840400,-82.529000,-225.050000,1.194744,0.513282
-9.540400,-82.529000,-225.050000,1.187219,0.512159
-9.240400,-82.529000,-225.050000,1.223388,0.507672
-8.940400,-82.529000,-225.050000,1.192922,0.512801
-8.640400,-82.529000,-225.050000,1.180456,0.512513
-8.340400,-82.529000,-225.050000,1.219355,0.518870
-8.040400,-82.529000,-225.050000,1.158203,0.509682
-7.740400,-82.529000,-225.050000,1.168591,0.514356
-7.440400,-82.529000,-225.050000,1.208226,0.517238
-7.140400,-82.529000,-225.050000,1.219099,0.508725
-6.840400,-82.529000,-225.050000,1.245900,0.517501
-6.540400,-82.529000,-225.050000,1.225041,0.514715
-6.240400,-82.529000,-225.050000,1.190498,0.514615
-5.940400,-82.529000,-225.050000,1.181863,0.509354
-5.640400,-82.529000,-225.050000,1.172759,0.514123
-5.340400,-82.529000,-225.050000,1.172155,0.517698
-5.040400,-82.529000,-225.050000,1.164570,0.509858
-4.740400,-82.529000,-225.050000,1.153018,0.520307
-4.440400,-82.529000,-225.050000,1.192775,0.517578
-4.140400,-82.529000,-225.050000,1.217956,0.516563
-3.840400,-82.529000,-225.050000,1.228788,0.521053
-3.540400,-82.529000,-225.050000,1.219207,0.514884
-3.240400,-82.529000,-225.050000,1.178587,0.515358
-2.940400,-82.529000,-225.050000,1.204505,0.517223
-2.640400,-82.529000,-225.050000,1.167615,0.513610
-2.340400,-82.529000,-225.050000,1.175836,0.514297
-2.040400,-82.529000,-225.050000,1.180912,0.512801
-1.740400,-82.529000,-225.050000,1.265250,0.516396
-1.440400,-82.529000,-225.050000,1.192820,0.514286
-1.140400,-82.529000,-225.050000,1.171521,0.511818
-0.840400,-82.529000,-225.050000,1.195913,0.516002
-0.540400,-82.529000,-225.050000,1.200718,0.510686
-0.240400,-82.529000,-225.050000,1.183940,0.518142
0.059600,-82.529000,-225.050000,1.233514,0.515048
0.359600,-82.529000,-225.050000,1.198609,0.513635
0.659600,-82.529000,-225.050000,1.192726,0.515865
0.959600,-82.529000,-225.050000,1.208196,0.515848
1.259600,-82.529000,-225.050000,1.183604,0.511552
1.559600,-82.529000,-225.050000,1.230726,0.515522
1.859600,-82.529000,-225.050000,1.206599,0.519814
2.159600,-82.529000,-225.050000,1.203856,0.520408
2.459600,-82.529000,-225.050000,1.203471,0.516616
2.759600,-82.529000,-225.050000,1.165637,0.511707
3.059600,-82.529000,-225.050000,1.184442,0.519599
3.359600,-82.529000,-225.050000,1.163819,0.515634
3.659600,-82.529000,-225.050000,1.186507,0.514138
3.959600,-82.529000,-225.050000,1.173447,0.510254
4.259600,-82.529000,-225.050000,1.230688,0.511174
4.559600,-82.529000,-225.050000,1.189212,0.516307
4.859600,-82.529000,-225.050000,1.244116,0.513947
5.159600,-82.529000,-225.050000,1.189789,0.514522
5.459600,-82.529000,-225.050000,1.147356,0.513220
5.759600,-82.529000,-225.050000,1.213972,0.516727
6.059600,-82.529000,-225.050000,1.229663,0.514760
6.359600,-82.529000,-225.050000,1.206929,0.514435
6.659600,-82.529000,-225.050000,1.183399,0.508928
6.959600,-82.529000,-225.050000,1.227562,0.514573
7.259600,-82.529000,-225.050000,1.228344,0.520731
7.559600,-82.529000,-225.050000,1.165771,0.509891
7.859600,-82.529000,-225.050000,1.186569,0.512372
8.159600,-82.529000,-225.050000,1.157877,0.508254
8.459600,-82.529000,-225.050000,1.227591,0.511951
8.759600,-82.529000,-225.050000,1.208822,0.516063
9.059600,-82.529000,-225.050000,1.145166,0.504068
9.359600,-82.529000,-225.050000,1.191279,0.512512
9.659600,-82.529000,-225.050000,1.131835,0.515031
9.959600,-82.529000,-225.050000,1.160904,0.501480
10.259600,-82.529000,-225.050000,1.160362,0.507325
10.559600,-82.529000,-225.050000,1.215502,0.507063
-11.640400,-82.229000,-225.050000,1.205504,0.504608
-11.340400,-82.229000,-225.050000,1.147493,0.508170
-11.040400,-82.229000,-225.050000,1.179164,0.509871
-10.740400,-82.229000,-225.050000,1.165676,0.512140
-10.440400,-82.229000,-225.050000,1.222984,0.506295
-10.140400,-82.229000,-225.050000,1.181409,0.506032
-9.840400,-82.229000,-225.050000,1.176745,0.511303
-9.540400,-82.229000,-225.050000,1.181581,0.509804
-9.240400,-82.229000,-225.050000,1.191416,0.509782
-8.940400,-82.229000,-225.050000,1.199459,0.508862
-8.640400,-82.229000,-225.050000,1.210047,0.509275
-8.340400,-82.229000,-225.050000,1.168176,0.513852
-8.040400,-82.229000,-225.050000,1.148386,0.504654
-7.740400,-82.229000,-225.050000,1.178405,0.510321
-7.440400,-82.229000,-225.050000,1.231882,0.512848
-7.140400,-82.229000,-225.050000,1.166969,0.507791
-6.840400,-82.229000,-225.050000,1.148411,0.515053
-6.540400,-82.229000,-225.050000,1.165500,0.510884
-6.240400,-82.229000,-225.050000,1.209768,0.510800
-5.940400,-82.229000,-225.050000,1.181414,0.508209
-5.640400,-82.229000,-225.050000,1.219629,0.511216
-5.340400,-82.229000,-225.050000,1.195146,0.518819
-5.040400,-82.229000,-225.050000,1.154926,0.509910
-4.740400,-82.229000,-225.050000,1.126462,0.521287
-4.440400,-82.229000,-225.050000,1.232228,0.517643
-4.140400,-82.229000,-225.050000,1.215951,0.514510
-3.840400,-82.229000,-225.050000,1.225775,0.515067
-3.540400,-82.229000,-225.050000,1.182688,0.516290
-3.240400,-82.229000,-225.050000,1.177742,0.512108
-2.940400,-82.229000,-225.050000,1.218697,0.513495
-2.640400,-82.229000,-225.050000,1.192513,0.511173
-2.340400,-82.229000,-225.050000,1.150270,0.510282
-2.040400,-82.229000,-225.050000,1.209220,0.511635
-1.740400,-82.229000,-225.050000,1.247515,0.514053
-1.440400,-82.229000,-225.050000,1.170870,0.512907
-1.140400,-82.229000,-225.050000,1.187640,0.511753
-0.840400,-82.229000,-225.050000,1.178504,0.514464
-0.540400,-82.229000,-225.050000,1.167373,0.509251
-0.240400,-82.229000,-225.050000,1.196523,0.516692
0.059600,-82.229000,-225.050000,1.180387,0.514382
0.359600,-82.229000,-225.050000,1.157858,0.513546
0.659600,-82.229000,-225.050000,1.217605,0.515164
0.959600,-82.229000,-225.050000,1.179587,0.516507
1.259600,-82.229000,-225.050000,1.182877,0.512925
1.559600,-82.229000,-225.050000,1.226018,0.515225
1.859600,-82.229000,-225.050000,1.164097,0.515612
2.159600,-82.229000,-225.050000,1.182039,0.516069
2.459600,-82.229000,-225.050000,1.154511,0.512946
2.759600,-82.229000,-225.050000,1.170318,0.509678
3.059600,-82.229000,-225.050000,1.163980,0.515547
3.359600,-82.229000,-225.050000,1.169132,0.511926
3.659600,-82.229000,-225.050000,1.148041,0.511507
3.959600,-82.229000,-225.050000,1.187170,0.509036
4.259600,-82.229000,-225.050000,1.194788,0.511095
4.559600,-82.229000,-225.050000,1.165670,0.513080
4.859600,-82.229000,-225.050000,1.216878,0.512951
5.159600,-82.229000,-225.050000,1.164556,0.507975
5.459600,-82.229000,-225.050000,1.169436,0.510027
5.759600,-82.229000,-225.050000,1.183489,0.516312
6.059600,-82.229000,-225.050000,1.190848,0.513193
6.359600,-82.229000,-225.050000,1.183457,0.511401
6.659600,-82.229000,-225.050000,1.172578,0.509819
6.959600,-82.229000,-225.050000,1.174365,0.507663
7.259600,-82.229000,-225.050000,1.204877,0.518846
7.559600,-82.229000,-225.050000,1.187765,0.509115
7.859600,-82.229000,-225.050000,1.158893,0.507812
8.159600,-82.229000,-225.050000,1.214917,0.508124
8.459600,-82.229000,-225.050000,1.211850,0.507920
8.759600,-82.229000,-225.050000,1.172095,0.513517
9.059600,-82.229000,-225.050000,1.199246,0.504056
9.359600,-82.229000,-225.050000,1.242044,0.513645
9.659600,-82.229000,-225.050000,1.166976,0.512902
9.959600,-82.229000,-225.050000,1.185252,0.500338
10.259600,-82.229000,-225.050000,1.177730,0.506071
10.559600,-82.229000,-225.050000,1.172036,0.506027
-11.640400,-82.529000,-224.750000,1.120844,0.506331
-11.340400,-82.529000,-224.750000,1.201513,0.509981
-11.040400,-82.529000,-224.750000,1.227325,0.509152
-10.740400,-82.529000,-224.750000,1.173640,0.514715
-10.440400,-82.529000,-224.750000,1.175500,0.506600
-10.140400,-82.529000,-224.750000,1.294683,0.516989
-9.840400,-82.529000,-224.750000,1.217583,0.512760
-9.540400,-82.529000,-224.750000,1.236128,0.513468
-9.240400,-82.529000,-224.750000,1.193644,0.514545
-8.940400,-82.529000,-224.750000,1.227533,0.518996
-8.640400,-82.529000,-224.750000,1.209998,0.514574
-8.340400,-82.529000,-224.750000,1.199414,0.517535
-8.040400,-82.529000,-224.750000,1.181487,0.515377
-7.740400,-82.529000,-224.750000,1.212700,0.513370
-7.440400,-82.529000,-224.750000,1.204829,0.510303
-7.140400,-82.529000,-224.750000,1.179855,0.510150
-6.840400,-82.529000,-224.750000,1.151702,0.510205
-6.540400,-82.529000,-224.750000,1.225037,0.516352
-6.240400,-82.529000,-224.750000,1.217279,0.516806
-5.940400,-82.529000,-224.750000,1.151654,0.512952
-5.640400,-82.529000,-224.750000,1.173252,0.514497
-5.340400,-82.529000,-224.750000,1.165252,0.512971
-5.040400,-82.529000,-224.750000,1.224000,0.513889
-4.740400,-82.529000,-224.750000,1.183185,0.511949
-4.440400,-82.529000,-224.750000,1.160822,0.510778
-4.140400,-82.529000,-224.750000,1.228695,0.518726
-3.840400,-82.529000,-224.750000,1.173558,0.509108
-3.540400,-82.529000,-224.750000,1.197658,0.514780
-3.240400,-82.529000,-224.750000,1.198845,0.508183
-2.940400,-82.529000,-224.750000,1.209541,0.518380
-2.640400,-82.529000,-224.750000,1.228589,0.519279
-2.340400,-82.529000,-224.750000,1.147349,0.518023
-2.040400,-82.529000,-224.750000,1.198312,0.519861
-1.740400,-82.529000,-224.750000,1.213326,0.513042
-1.440400,-82.529000,-224.750000,1.170503,0.516283
-1.140400,-82.529000,-224.750000,1.190040,0.516596
-0.840400,-82.529000,-224.750000,1.168387,0.517961
-0.540400,-82.529000,-224.750000,1.195996,0.514670
-0.240400,-82.529000,-224.750000,1.239548,0.518865
0.059600,-82.529000,-224.750000,1.179386,0.514060
0.359600,-82.529000,-224.750000,1.203106,0.514116
0.659600,-82.529000,-224.750000,1.203592,0.513244
0.959600,-82.529000,-224.750000,1.179508,0.513288
1.259600,-82.529000,-224.750000,1.202564,0.519383
1.559600,-82.529000,-224.750000,1.220196,0.518405
1.859600,-82.529000,-224.750000,1.224593,0.507792
2.159600,-82.529000,-224.750000,1.230058,0.510726
2.459600,-82.529000,-224.750000,1.191986,0.517839
2.759600,-82.529000,-224.750000,1.220437,0.517036
3.059600,-82.529000,-224.750000,1.235110,0.514264
3.359600,-82.529000,-224.750000,1.172808,0.513326
3.659600,-82.529000,-224.750000,1.195181,0.516089
3.959600,-82.529000,-224.750000,1.201811,0.514015
4.259600,-82.529000,-224.750000,1.169649,0.511654
4.559600,-82.529000,-224.750000,1.204818,0.515797
4.859600,-82.529000,-224.750000,1.229634,0.512111
5.159600,-82.529000,-224.750000,1.188870,0.517504
5.459600,-82.529000,-224.750000,1.224010,0.513839
5.759600,-82.529000,-224.750000,1.214458,0.514488
6.059600,-82.529000,-224.750000,1.178335,0.510804
6.359600,-82.529000,-224.750000,1.179409,0.508749
6.659600,-82.529000,-224.750000,1.179334,0.509532
6.959600,-82.529000,-224.750000,1.230506,0.520334
7.259600,-82.529000,-224.750000,1.182714,0.508657
7.559600,-82.529000,-224.750000,1.189457,0.514684
7.859600,-82.529000,-224.750000,1.188177,0.510661
8.159600,-82.529000,-224.750000,1.147455,0.517793
8.459600,-82.529000,-224.750000,1.163363,0.510074
8.759600,-82.529000,-224.750000,1.194847,0.510504
9.059600,-82.529000,-224.750000,1.211422,0.509181
9.359600,-82.529000,-224.750000,1.197384,0.507985
9.659600,-82.529000,-224.750000,1.182034,0.511255
9.959600,-82.529000,-224.750000,1.229102,0.508818
10.259600,-82.529000,-224.750000,1.212952,0.503104
10.559600,-82.529000,-224.750000,1.200541,0.503449
-11.640400,-82.229000,-224.750000,1.139352,0.505436
-11.340400,-82.229000,-224.750000,1.144348,0.506640
-11.040400,-82.229000,-224.750000,1.143138,0.503637
-10.740400,-82.229000,-224.750000,1.143567,0.510420
-10.440400,-82.229000,-224.750000,1.192391,0.505801
-10.140400,-82.229000,-224.750000,1.132485,0.511039
-9.840400,-82.229000,-224.750000,1.166836,0.507862
-9.540400,-82.229000,-224.750000,1.171258,0.510233
-9.240400,-82.229000,-224.750000,1.218959,0.512471
-8.940400,-82.229000,-224.750000,1.149158,0.514599
-8.640400,-82.229000,-224.750000,1.187224,0.511742
-8.340400,-82.229000,-224.750000,1.158573,0.513669
-8.040400,-82.229000,-224.750000,1.156862,0.513395
-7.740400,-82.229000,-224.750000,1.161032,0.509382
-7.440400,-82.229000,-224.750000,1.203637,0.509203
-7.140400,-82.229000,-224.750000,1.213170,0.507221
-6.840400,-82.229000,-224.750000,1.162208,0.508621
-6.540400,-82.229000,-224.750000,1.133138,0.508771
-6.240400,-82.229000,-224.750000,1.180530,0.515932
-5.940400,-82.229000,-224.750000,1.192006,0.514750
-5.640400,-82.229000,-224.750000,1.217235,0.513604
-5.340400,-82.229000,-224.750000,1.157119,0.513999
-5.040400,-82.229000,-224.750000,1.195330,0.509609
-4.740400,-82.229000,-224.750000,1.168945,0.511678
-4.440400,-82.229000,-224.750000,1.177121,0.509538
-4.140400,-82.229000,-224.750000,1.172976,0.515986
-3.840400,-82.229000,-224.750000,1.154539,0.505135
-3.540400,-82.229000,-224.750000,1.202414,0.516814
-3.240400,-82.229000,-224.750000,1.177359,0.509212
-2.940400,-82.229000,-224.750000,1.165671,0.516841
-2.640400,-82.229000,-224.750000,1.175000,0.517470
-2.340400,-82.229000,-224.750000,1.159036,0.515752
-2.040400,-82.229000,-224.750000,1.153034,0.515423
-1.740400,-82.229000,-224.750000,1.141183,0.509326
-1.440400,-82.229000,-224.750000,1.180937,0.513215
-1.140400,-82.229000,-224.750000,1.181781,0.516418
-0.840400,-82.229000,-224.750000,1.212379,0.517437
-0.540400,-82.229000,-224.750000,1.185839,0.514636
-0.240400,-82.229000,-224.750000,1.155694,0.518094
0.059600,-82.229000,-224.750000,1.157573,0.511190
0.359600,-82.229000,-224.750000,1.136172,0.509819
0.659600,-82.229000,-224.750000,1.162534,0.510862
0.959600,-82.229000,-224.750000,1.182777,0.512886
1.259600,-82.229000,-224.750000,1.184790,0.516688
1.559600,-82.229000,-224.750000,1.175119,0.513553
1.859600,-82.229000,-224.750000,1.155132,0.504644
2.159600,-82.229000,-224.750000,1.233312,0.509578
2.459600,-82.229000,-224.750000,1.190970,0.516189
2.759600,-82.229000,-224.750000,1.182962,0.512657
3.059600,-82.229000,-224.750000,1.177990,0.510112
3.359600,-82.229000,-224.750000,1.166076,0.514054
3.659600,-82.229000,-224.750000,1.197858,0.511944
3.959600,-82.229000,-224.750000,1.184791,0.513207
4.259600,-82.229000,-224.750000,1.217141,0.509903
4.559600,-82.229000,-224.750000,1.232011,0.512751
4.859600,-82.229000,-224.750000,1.177508,0.511635
5.159600,-82.229000,-224.750000,1.176989,0.516395
5.459600,-82.229000,-224.750000,1.228940,0.512788
5.759600,-82.229000,-224.750000,1.186550,0.515912
6.059600,-82.229000,-224.750000,1.172285,0.508938
6.359600,-82.229000,-224.750000,1.204905,0.508922
6.659600,-82.229000,-224.750000,1.201075,0.512080
6.959600,-82.229000,-224.750000,1.197259,0.518917
7.259600,-82.229000,-224.750000,1.204611,0.510471
7.559600,-82.229000,-224.750000,1.179534,0.513043
7.859600,-82.229000,-224.750000,1.172433,0.507873
8.159600,-82.229000,-224.750000,1.171658,0.516113
8.459600,-82.229000,-224.750000,1.208306,0.507946
8.759600,-82.229000,-224.750000,1.170300,0.508673
9.059600,-82.229000,-224.750000,1.170901,0.504026
9.359600,-82.229000,-224.750000,1.180809,0.510186
9.659600,-82.229000,-224.750000,1.150981,0.509756
9.959600,-82.229000,-224.750000,1.203710,0.504735
10.259600,-82.229000,-224.750000,1.194155,0.502399
10.559600,-82.229000,-224.750000,1.181678,0.501606
-11.640400,-82.529000,-224.450000,1.200463,0.513344
-11.340400,-82.529000,-224.450000,1.197465,0.510659
-11.040400,-82.529000,-224.450000,1.197073,0.517381
-10.740400,-82.529000,-224.450000,1.202955,0.512756
-10.440400,-82.529000,-224.450000,1.198699,0.511004
-10.140400,-82.529000,-224.450000,1.225976,0.512073
-9.840400,-82.529000,-224.450000,1.182572,0.512172
-9.540400,-82.529000,-224.450000,1.165173,0.509868
-9.240400,-82.529000,-224.450000,1.175657,0.514381
-8.940400,-82.529000,-224.450000,1.248217,0.512398
-8.640400,-82.529000,-224.450000,1.170938,0.515770
-8.340400,-82.529000,-224.450000,1.175241,0.513811
-8.040400,-82.529000,-224.450000,1.220542,0.517917
-7.740400,-82.529000,-224.450000,1.209055,0.515654
-7.440400,-82.529000,-224.450000,1.186525,0.516086
-7.140400,-82.529000,-224.450000,1.174230,0.510413
-6.840400,-82.529000,-224.450000,1.181974,0.510346
-6.540400,-82.529000,-224.450000,1.200290,0.511257
-6.240400,-82.529000,-224.450000,1.215723,0.516733
-5.940400,-82.529000,-224.450000,1.214336,0.513871
-5.640400,-82.529000,-224.450000,1.190801,0.513894
-5.340400,-82.529000,-224.450000,1.181034,0.517372
-5.040400,-82.529000,-224.450000,1.176649,0.515915
-4.740400,-82.529000,-224.450000,1.156544,0.516653
-4.440400,-82.529000,-224.450000,1.189981,0.509272
-4.140400,-82.529000,-224.450000,1.173830,0.511580
-3.840400,-82.529000,-224.450000,1.172810,0.510532
-3.540400,-82.529000,-224.450000,1.174304,0.515496
-3.240400,-82.529000,-224.450000,1.174047,0.518549
-2.940400,-82.529000,-224.450000,1.220660,0.517520
-2.640400,-82.529000,-224.450000,1.223003,0.518032
-2.340400,-82.529000,-224.450000,1.202106,0.508743
-2.040400,-82.529000,-224.450000,1.153394,0.514048
-1.740400,-82.529000,-224.450000,1.193281,0.518978
-1.440400,-82.529000,-224.450000,1.193966,0.511500
-1.140400,-82.529000,-224.450000,1.169046,0.519879
-0.840400,-82.529000,-224.450000,1.188576,0.514563
-0.540400,-82.529000,-224.450000,1.230075,0.517348
-0.240400,-82.529000,-224.450000,1.200218,0.516190
0.059600,-82.529000,-224.450000,1.200662,0.518508
0.359600,-82.529000,-224.450000,1.212695,0.513577
0.659600,-82.529000,-224.450000,1.190597,0.509900
0.959600,-82.529000,-224.450000,1.200993,0.512720
1.259600,-82.529000,-224.450000,1.241792,0.517771
1.559600,-82.529000,-224.450000,1.182522,0.511902
1.859600,-82.529000,-224.450000,1.188345,0.519237
2.159600,-82.529000,-224.450000,1.201103,0.513534
2.459600,-82.529000,-224.450000,1.180654,0.512016
2.759600,-82.529000,-224.450000,1.216864,0.513030
3.059600,-82.529000,-224.450000,1.213836,0.516483
3.359600,-82.529000,-224.450000,1.204866,0.510229
3.659600,-82.529000,-224.450000,1.197295,0.518233
3.959600,-82.529000,-224.450000,1.211371,0.517790
4.259600,-82.529000,-224.450000,1.165522,0.510474
4.559600,-82.529000,-224.450000,1.197159,0.518705
4.859600,-82.529000,-224.450000,1.204077,0.515281
5.159600,-82.529000,-224.450000,1.223336,0.515538
5.459600,-82.529000,-224.450000,1.197199,0.513042
5.759600,-82.529000,-224.450000,1.183027,0.512567
6.059600,-82.529000,-224.450000,1.187608,0.513374
6.359600,-82.529000,-224.450000,1.193795,0.512269
6.659600,-82.529000,-224.450000,1.232072,0.518569
6.959600,-82.529000,-224.450000,1.156264,0.513789
7.259600,-82.529000,-224.450000,1.180131,0.517912
7.559600,-82.529000,-224.450000,1.146266,0.507363
7.859600,-82.529000,-224.450000,1.180396,0.515086
8.159600,-82.529000,-224.450000,1.171913,0.510180
8.459600,-82.529000,-224.450000,1.203763,0.509801
8.759600,-82.529000,-224.450000,1.207263,0.511151
9.059600,-82.529000,-224.450000,1.160265,0.510521
9.359600,-82.529000,-224.450000,1.170981,0.512883
9.659600,-82.529000,-224.450000,1.158026,0.509908
9.959600,-82.529000,-224.450000,1.171220,0.508396
10.259600,-82.529000,-224.450000,1.157443,0.501680
10.559600,-82.529000,-224.450000,1.159602,0.505213
-11.640400,-82.229000,-224.450000,1.170257,0.509059
-11.340400,-82.229000,-224.450000,1.178826,0.507631
-11.040400,-82.229000,-224.450000,1.131259,0.512729
-10.740400,-82.229000,-224.450000,1.203387,0.510521
-10.440400,-82.229000,-224.450000,1.146748,0.510860
-10.140400,-82.229000,-224.450000,1.189976,0.510210
-9.840400,-82.229000,-224.450000,1.177842,0.510896
-9.540400,-82.229000,-224.450000,1.184893,0.510311
-9.240400,-82.229000,-224.450000,1.200290,0.511918
-8.940400,-82.229000,-224.450000,1.184880,0.508167
-8.640400,-82.229000,-224.450000,1.183029,0.511004
-8.340400,-82.229000,-224.450000,1.165798,0.510505
-8.040400,-82.229000,-224.450000,1.210989,0.513836
-7.740400,-82.229000,-224.450000,1.250547,0.514880
-7.440400,-82.229000,-224.450000,1.192912,0.516491
-7.140400,-82.229000,-224.450000,1.218849,0.512515
-6.840400,-82.229000,-224.450000,1.200942,0.511276
-6.540400,-82.229000,-224.450000,1.199130,0.506835
-6.240400,-82.229000,-224.450000,1.206089,0.512068
-5.940400,-82.229000,-224.450000,1.198052,0.512549
-5.640400,-82.229000,-224.450000,1.186862,0.513741
-5.340400,-82.229000,-224.450000,1.168384,0.514787
-5.040400,-82.229000,-224.450000,1.185313,0.512097
-4.740400,-82.229000,-224.450000,1.174854,0.516248
-4.440400,-82.229000,-224.450000,1.162449,0.507103
-4.140400,-82.229000,-224.450000,1.199907,0.511818
-3.840400,-82.229000,-224.450000,1.221728,0.508508
-3.540400,-82.229000,-224.450000,1.180991,0.513966
-3.240400,-82.229000,-224.450000,1.226777,0.514912
-2.940400,-82.229000,-224.450000,1.180190,0.512893
-2.640400,-82.229000,-224.450000,1.171143,0.512566
-2.340400,-82.229000,-224.450000,1.173252,0.507400
-2.040400,-82.229000,-224.450000,1.204196,0.512632
-1.740400,-82.229000,-224.450000,1.162607,0.517551
-1.440400,-82.229000,-224.450000,1.217740,0.510054
-1.140400,-82.229000,-224.450000,1.171799,0.517097
-0.840400,-82.229000,-224.450000,1.251547,0.513286
-0.540400,-82.229000,-224.450000,1.180208,0.510802
-0.240400,-82.229000,-224.450000,1.167300,0.512062
0.059600,-82.229000,-224.450000,1.207389,0.517323
0.359600,-82.229000,-224.450000,1.161458,0.515305
0.659600,-82.229000,-224.450000,1.160496,0.508059
0.959600,-82.229000,-224.450000,1.154832,0.510593
1.259600,-82.229000,-224.450000,1.187960,0.514610
1.559600,-82.229000,-224.450000,1.161415,0.507185
1.859600,-82.229000,-224.450000,1.209538,0.517699
2.159600,-82.229000,-224.450000,1.228413,0.514095
2.459600,-82.229000,-224.450000,1.164877,0.511216
2.759600,-82.229000,-224.450000,1.235359,0.512499
3.059600,-82.229000,-224.450000,1.180150,0.512642
3.359600,-82.229000,-224.450000,1.154667,0.506924
3.659600,-82.229000,-224.450000,1.140097,0.516319
3.959600,-82.229000,-224.450000,1.175913,0.514116
4.259600,-82.229000,-224.450000,1.198651,0.509725
4.559600,-82.229000,-224.450000,1.191945,0.518547
4.859600,-82.229000,-224.450000,1.192284,0.510317
5.159600,-82.229000,-224.450000,1.181683,0.514150
5.459600,-82.229000,-224.450000,1.204463,0.512205
5.759600,-82.229000,-224.450000,1.187259,0.512098
6.059600,-82.229000,-224.450000,1.150523,0.510519
6.359600,-82.229000,-224.450000,1.202037,0.510535
6.659600,-82.229000,-224.450000,1.206646,0.516879
6.959600,-82.229000,-224.450000,1.236311,0.512696
7.259600,-82.229000,-224.450000,1.193877,0.516884
7.559600,-82.229000,-224.450000,1.206190,0.507857
7.859600,-82.229000,-224.450000,1.139733,0.513901
8.159600,-82.229000,-224.450000,1.182549,0.510404
8.459600,-82.229000,-224.450000,1.188223,0.508164
8.759600,-82.229000,-224.450000,1.158477,0.508260
9.059600,-82.229000,-224.450000,1.204345,0.507914
9.359600,-82.229000,-224.450000,1.173068,0.511650
9.659600,-82.229000,-224.450000,1.175158,0.506648
9.959600,-82.229000,-224.450000,1.207440,0.509686
10.259600,-82.229000,-224.450000,1.149876,0.501117
10.559600,-82.229000,-224.450000,1.127663,0.502505
-11.640400,-82.529000,-224.150000,1.175371,0.509571
-11.340400,-82.529000,-224.150000,1.194640,0.510415
-11.040400,-82.529000,-224.150000,1.230995,0.508120
-10.740400,-82.529000,-224.150000,1.170614,0.506360
-10.440400,-82.529000,-224.150000,1.210662,0.509182
-10.140400,-82.529000,-224.150000,1.226476,0.512664
-9.840400,-82.529000,-224.150000,1.186947,0.512882
-9.540400,-82.529000,-224.150000,1.166702,0.510766
-9.240400,-82.529000,-224.150000,1.188219,0.516329
-8.940400,-82.529000,-224.150000,1.192356,0.511656
-8.640400,-82.529000,-224.150000,1.225064,0.510326
-8.340400,-82.529000,-224.150000,1.180323,0.515899
-8.040400,-82.529000,-224.150000,1.168051,0.515553
-7.740400,-82.529000,-224.150000,1.172523,0.521226
-7.440400,-82.529000,-224.150000,1.219476,0.509628
-7.140400,-82.529000,-224.150000,1.171924,0.510106
-6.840400,-82.529000,-224.150000,1.170800,0.510324
-6.540400,-82.529000,-224.150000,1.170009,0.514738
-6.240400,-82.529000,-224.150000,1.130073,0.512121
-5.940400,-82.529000,-224.150000,1.192541,0.512539
-5.640400,-82.529000,-224.150000,1.225071,0.514327
-5.340400,-82.529000,-224.150000,1.197256,0.517317
-5.040400,-82.529000,-224.150000,1.178553,0.511839
-4.740400,-82.529000,-224.150000,1.140853,0.515518
-4.440400,-82.529000,-224.150000,1.186954,0.513987
-4.140400,-82.529000,-224.150000,1.198934,0.512049
-3.840400,-82.529000,-224.150000,1.225454,0.511111
-3.540400,-82.529000,-224.150000,1.153389,0.505259
-3.240400,-82.529000,-224.150000,1.191995,0.512082
-2.940400,-82.529000,-224.150000,1.179163,0.514675
-2.640400,-82.529000,-224.150000,1.190964,0.506400
-2.340400,-82.529000,-224.150000,1.120261,0.513262
-2.040400,-82.529000,-224.150000,1.251576,0.517061
-1.740400,-82.529000,-224.150000,1.205431,0.515895
-1.440400,-82.529000,-224.150000,1.193004,0.513142
-1.140400,-82.529000,-224.150000,1.182050,0.513512
-0.840400,-82.529000,-224.150000,1.161851,0.514992
-0.540400,-82.529000,-224.150000,1.212737,0.522950
-0.240400,-82.529000,-224.150000,1.201738,0.518937
0.059600,-82.529000,-224.150000,1.212948,0.515967
0.359600,-82.529000,-224.150000,1.202074,0.514676
0.659600,-82.529000,-224.150000,1.183618,0.515787
0.959600,-82.529000,-224.150000,1.200876,0.513502
1.259600,-82.529000,-224.150000,1.177074,0.513670
1.559600,-82.529000,-224.150000,1.252113,0.519192
1.859600,-82.529000,-224.150000,1.191904,0.521287
2.159600,-82.529000,-224.150000,1.171713,0.516442
2.459600,-82.529000,-224.150000,1.187203,0.511397
2.759600,-82.529000,-224.150000,1.232569,0.519469
3.059600,-82.529000,-224.150000,1.174520,0.516339
3.359600,-82.529000,-224.150000,1.222341,0.521233
3.659600,-82.529000,-224.150000,1.204684,0.511603
3.959600,-82.529000,-224.150000,1.156331,0.516543
4.259600,-82.529000,-224.150000,1.190621,0.520143
4.559600,-82.529000,-224.150000,1.182663,0.516182
4.859600,-82.529000,-224.150000,1.137989,0.508480
5.159600,-82.529000,-224.150000,1.163803,0.509030
5.459600,-82.529000,-224.150000,1.242310,0.515942
5.759600,-82.529000,-224.150000,1.215861,0.518509
6.059600,-82.529000,-224.150000,1.201721,0.510712
6.359600,-82.529000,-224.150000,1.164194,0.509383
6.659600,-82.529000,-224.150000,1.221696,0.514763
6.959600,-82.529000,-224.150000,1.191244,0.517856
7.259600,-82.529000,-224.150000,1.215077,0.516747
7.559600,-82.529000,-224.150000,1.175872,0.511905
7.859600,-82.529000,-224.150000,1.178501,0.511537
8.159600,-82.529000,-224.150000,1.195990,0.512939
8.459600,-82.529000,-224.150000,1.258173,0.512872
8.759600,-82.529000,-224.150000,1.143144,0.508734
9.059600,-82.529000,-224.150000,1.200674,0.507164
9.359600,-82.529000,-224.150000,1.185696,0.508271
9.659600,-82.529000,-224.150000,1.160511,0.510508
9.959600,-82.529000,-224.150000,1.150130,0.509483
10.259600,-82.529000,-224.150000,1.204716,0.509344
10.559600,-82.529000,-224.150000,1.184485,0.510207
-11.640400,-82.229000,-224.150000,1.180798,0.504892
-11.340400,-82.229000,-224.150000,1.166631,0.510490
-11.040400,-82.229000,-224.150000,1.186222,0.504210
-10.740400,-82.229000,-224.150000,1.222159,0.507099
-10.440400,-82.229000,-224.150000,1.124984,0.508061
-10.140400,-82.229000,-224.150000,1.216897,0.509826
-9.840400,-82.229000,-224.150000,1.206282,0.510933
-9.540400,-82.229000,-224.150000,1.182684,0.508220
-9.240400,-82.229000,-224.150000,1.127907,0.512257
-8.940400,-82.229000,-224.150000,1.230311,0.509338
-8.640400,-82.229000,-224.150000,1.177620,0.508374
-8.340400,-82.229000,-224.150000,1.184471,0.517975
-8.040400,-82.229000,-224.150000,1.199565,0.514482
-7.740400,-82.229000,-224.150000,1.185790,0.517112
-7.440400,-82.229000,-224.150000,1.238670,0.511106
-7.140400,-82.229000,-224.150000,1.208355,0.510555
-6.840400,-82.229000,-224.150000,1.187313,0.509237
-6.540400,-82.229000,-224.150000,1.166161,0.514766
-6.240400,-82.229000,-224.150000,1.206053,0.512305
-5.940400,-82.229000,-224.150000,1.134107,0.508567
-5.640400,-82.229000,-224.150000,1.154891,0.515986
-5.340400,-82.229000,-224.150000,1.200733,0.515232
-5.040400,-82.229000,-224.150000,1.234455,0.511782
-4.740400,-82.229000,-224.150000,1.158921,0.512119
-4.440400,-82.229000,-224.150000,1.175750,0.511663
-4.140400,-82.229000,-224.150000,1.189917,0.513600
-3.840400,-82.229000,-224.150000,1.169737,0.507466
-3.540400,-82.229000,-224.150000,1.205242,0.505070
-3.240400,-82.229000,-224.150000,1.189410,0.509769
-2.940400,-82.229000,-224.150000,1.244130,0.516257
-2.640400,-82.229000,-224.150000,1.217393,0.505692
-2.340400,-82.229000,-224.150000,1.181223,0.510865
-2.040400,-82.229000,-224.150000,1.189480,0.509956
-1.740400,-82.229000,-224.150000,1.196749,0.514023
-1.440400,-82.229000,-224.150000,1.174749,0.511574
-1.140400,-82.229000,-224.150000,1.171447,0.510232
-0.840400,-82.229000,-224.150000,1.158829,0.511958
-0.540400,-82.229000,-224.150000,1.141786,0.517473
-0.240400,-82.229000,-224.150000,1.227193,0.516666
0.059600,-82.229000,-224.150000,1.201462,0.510453
0.359600,-82.229000,-224.150000,1.198065,0.512170
0.659600,-82.229000,-224.150000,1.165209,0.514043
0.959600,-82.229000,-224.150000,1.173591,0.512393
1.259600,-82.229000,-224.150000,1.171336,0.511178
1.559600,-82.229000,-224.150000,1.179035,0.515086
1.859600,-82.229000,-224.150000,1.162131,0.516890
2.159600,-82.229000,-224.150000,1.133715,0.512367
2.459600,-82.229000,-224.150000,1.189553,0.507087
2.759600,-82.229000,-224.150000,1.213650,0.513345
3.059600,-82.229000,-224.150000,1.202044,0.513792
3.359600,-82.229000,-224.150000,1.207602,0.515713
3.659600,-82.229000,-224.150000,1.168860,0.510447
3.959600,-82.229000,-224.150000,1.178543,0.514543
4.259600,-82.229000,-224.150000,1.201357,0.518706
4.559600,-82.229000,-224.150000,1.214108,0.516588
4.859600,-82.229000,-224.150000,1.203583,0.506724
5.159600,-82.229000,-224.150000,1.221078,0.509718
5.459600,-82.229000,-224.150000,1.219381,0.513228
5.759600,-82.229000,-224.150000,1.197932,0.515670
6.059600,-82.229000,-224.150000,1.226097,0.508871
6.359600,-82.229000,-224.150000,1.190607,0.507630
6.659600,-82.229000,-224.150000,1.180529,0.511676
6.959600,-82.229000,-224.150000,1.187681,0.517821
7.259600,-82.229000,-224.150000,1.172644,0.514052
7.559600,-82.229000,-224.150000,1.219042,0.511220
7.859600,-82.229000,-224.150000,1.186772,0.508009
8.159600,-82.229000,-224.150000,1.178011,0.509770
8.459600,-82.229000,-224.150000,1.211213,0.507217
8.759600,-82.229000,-224.150000,1.169789,0.508308
9.059600,-82.229000,-224.150000,1.205010,0.506946
9.359600,-82.229000,-224.150000,1.212079,0.507830
9.659600,-82.229000,-224.150000,1.192599,0.510183
9.959600,-82.229000,-224.150000,1.169431,0.509765
10.259600,-82.229000,-224.150000,1.196113,0.506201
10.559600,-82.229000,-224.150000,1.191336,0.509878
-11.640400,-82.529000,-223.850000,1.208094,0.509129
-11.340400,-82.529000,-223.850000,1.162691,0.511846
-11.040400,-82.529000,-223.850000,1.220116,0.511874
-10.740400,-82.529000,-223.850000,1.218155,0.507725
-10.440400,-82.529000,-223.850000,1.145380,0.514942
-10.140400,-82.529000,-223.850000,1.209344,0.515266
-9.840400,-82.529000,-223.850000,1.191068,0.516012
-9.540400,-82.529000,-223.850000,1.225044,0.514026
-9.240400,-82.529000,-223.850000,1.170874,0.511363
-8.940400,-82.529000,-223.850000,1.201962,0.508966
-8.640400,-82.529000,-223.850000,1.183740,0.513979
-8.340400,-82.529000,-223.850000,1.197030,0.519198
-8.040400,-82.529000,-223.850000,1.201033,0.516139
-7.740400,-82.529000,-223.850000,1.192847,0.516881
-7.440400,-82.529000,-223.850000,1.213528,0.516134
-7.140400,-82.529000,-223.850000,1.228007,0.518690
-6.840400,-82.529000,-223.850000,1.206068,0.514183
-6.540400,-82.529000,-223.850000,1.193990,0.517447
-6.240400,-82.529000,-223.850000,1.175064,0.510749
-5.940400,-82.529000,-223.850000,1.182050,0.517009
-5.640400,-82.529000,-223.850000,1.186549,0.511543
-5.340400,-82.529000,-223.850000,1.221208,0.516716
-5.040400,-82.529000,-223.850000,1.233558,0.514928
-4.740400,-82.529000,-223.850000,1.177315,0.517871
-4.440400,-82.529000,-223.850000,1.216094,0.509480
-4.140400,-82.529000,-223.850000,1.199403,0.513588
-3.840400,-82.529000,-223.850000,1.188274,0.515665
-3.540400,-82.529000,-223.850000,1.177036,0.510379
-3.240400,-82.529000,-223.850000,1.149651,0.510071
-2.940400,-82.529000,-223.850000,1.185872,0.512230
-2.640400,-82.529000,-223.850000,1.194612,0.520817
-2.340400,-82.529000,-223.850000,1.148201,0.514656
-2.040400,-82.529000,-223.850000,1.225350,0.514520
-1.740400,-82.529000,-223.850000,1.187749,0.521737
-1.440400,-82.529000,-223.850000,1.217400,0.514252
-1.140400,-82.529000,-223.850000,1.181858,0.513173
-0.840400,-82.529000,-223.850000,1.217522,0.516092
-0.540400,-82.529000,-223.850000,1.188948,0.510831
-0.240400,-82.529000,-223.850000,1.205142,0.514746
0.059600,-82.529000,-223.850000,1.216575,0.517089
0.359600,-82.529000,-223.850000,1.191733,0.518841
0.659600,-82.529000,-223.850000,1.189156,0.512715
0.959600,-82.529000,-223.850000,1.181630,0.517152
1.259600,-82.529000,-223.850000,1.167901,0.513884
1.559600,-82.529000,-223.850000,1.157158,0.513031
1.859600,-82.529000,-223.850000,1.198606,0.521107
2.159600,-82.529000,-223.850000,1.240260,0.518429
2.459600,-82.529000,-223.850000,1.229658,0.520558
2.759600,-82.529000,-223.850000,1.224612,0.520660
3.059600,-82.529000,-223.850000,1.230079,0.517899
3.359600,-82.529000,-223.850000,1.220600,0.517067
3.659600,-82.529000,-223.850000,1.178246,0.511279
3.959600,-82.529000,-223.850000,1.205933,0.517696
4.259600,-82.529000,-223.850000,1.186800,0.519177
4.559600,-82.529000,-223.850000,1.176561,0.510412
4.859600,-82.529000,-223.850000,1.181662,0.515801
5.159600,-82.529000,-223.850000,1.246679,0.512766
5.459600,-82.529000,-223.850000,1.240750,0.517718
5.759600,-82.529000,-223.850000,1.189201,0.515766
6.059600,-82.529000,-223.850000,1.181486,0.508439
6.359600,-82.529000,-223.850000,1.199714,0.515191
6.659600,-82.529000,-223.850000,1.143223,0.512662
6.959600,-82.529000,-223.850000,1.215657,0.513942
7.259600,-82.529000,-223.850000,1.196667,0.514343
7.559600,-82.529000,-223.850000,1.178509,0.506886
7.859600,-82.529000,-223.850000,1.159885,0.510441
8.159600,-82.529000,-223.850000,1.183347,0.514346
8.459600,-82.529000,-223.850000,1.177601,0.513678
8.759600,-82.529000,-223.850000,1.198995,0.508617
9.059600,-82.529000,-223.850000,1.200027,0.511232
9.359600,-82.529000,-223.850000,1.159792,0.510257
9.659600,-82.529000,-223.850000,1.173516,0.508391
9.959600,-82.529000,-223.850000,1.174730,0.511457
10.259600,-82.529000,-223.850000,1.149831,0.505435
10.559600,-82.529000,-223.850000,1.151505,0.509901
-11.640400,-82.229000,-223.850000,1.203180,0.510449
-11.340400,-82.229000,-223.850000,1.226020,0.512949
-11.040400,-82.229000,-223.850000,1.168583,0.508765
-10.740400,-82.229000,-223.850000,1.179157,0.506889
-10.440400,-82.229000,-223.850000,1.167708,0.512399
-10.140400,-82.229000,-223.850000,1.154691,0.512687
-9.840400,-82.229000,-223.850000,1.192008,0.515550
-9.540400,-82.229000,-223.850000,1.194887,0.511151
-9.240400,-82.229000,-223.850000,1.161551,0.508526
-8.940400,-82.229000,-223.850000,1.204201,0.508045
-8.640400,-82.229000,-223.850000,1.196233,0.511386
-8.340400,-82.229000,-223.850000,1.208640,0.518608
-8.040400,-82.229000,-223.850000,1.211235,0.516746
-7.740400,-82.229000,-223.850000,1.192257,0.516549
-7.440400,-82.229000,-223.850000,1.209445,0.513544
-7.140400,-82.229000,-223.850000,1.191801,0.520394
-6.840400,-82.229000,-223.850000,1.208328,0.511029
-6.540400,-82.229000,-223.850000,1.175349,0.515439
-6.240400,-82.229000,-223.850000,1.193082,0.510539
-5.940400,-82.229000,-223.850000,1.158436,0.515868
-5.640400,-82.229000,-223.850000,1.191476,0.510545
-5.340400,-82.229000,-223.850000,1.176534,0.510981
-5.040400,-82.229000,-223.850000,1.206927,0.516356
-4.740400,-82.229000,-223.850000,1.192129,0.515590
-4.440400,-82.229000,-223.850000,1.134562,0.505737
-4.140400,-82.229000,-223.850000,1.158139,0.509138
-3.840400,-82.229000,-223.850000,1.187614,0.511546
-3.540400,-82.229000,-223.850000,1.191598,0.508825
-3.240400,-82.229000,-223.850000,1.158675,0.510771
-2.940400,-82.229000,-223.850000,1.215569,0.510197
-2.640400,-82.229000,-223.850000,1.205144,0.517090
-2.340400,-82.229000,-223.850000,1.237651,0.515771
-2.040400,-82.229000,-223.850000,1.192652,0.511196
-1.740400,-82.229000,-223.850000,1.176375,0.516771
-1.440400,-82.229000,-223.850000,1.189850,0.511686
-1.140400,-82.229000,-223.850000,1.180281,0.512568
-0.840400,-82.229000,-223.850000,1.165339,0.509573
-0.540400,-82.229000,-223.850000,1.184353,0.510792
-0.240400,-82.229000,-223.850000,1.198352,0.511866
0.059600,-82.229000,-223.850000,1.224884,0.514797
0.359600,-82.229000,-223.850000,1.225641,0.517305
0.659600,-82.229000,-223.850000,1.217489,0.511323
0.959600,-82.229000,-223.850000,1.215897,0.518075
1.259600,-82.229000,-223.850000,1.157603,0.513175
1.559600,-82.229000,-223.850000,1.179543,0.512079
1.859600,-82.229000,-223.850000,1.265820,0.517617
2.159600,-82.229000,-223.850000,1.190832,0.517874
2.459600,-82.229000,-223.850000,1.208318,0.514985
2.759600,-82.229000,-223.850000,1.175796,0.518151
3.059600,-82.229000,-223.850000,1.169855,0.513541
3.359600,-82.229000,-223.850000,1.190404,0.513141
3.659600,-82.229000,-223.850000,1.217251,0.514866
3.959600,-82.229000,-223.850000,1.176239,0.514960
4.259600,-82.229000,-223.850000,1.253514,0.516970
4.559600,-82.229000,-223.850000,1.179261,0.508636
4.859600,-82.229000,-223.850000,1.190036,0.514414
5.159600,-82.229000,-223.850000,1.199414,0.511494
5.459600,-82.229000,-223.850000,1.182644,0.510939
5.759600,-82.229000,-223.850000,1.172629,0.513067
6.059600,-82.229000,-223.850000,1.165566,0.506414
6.359600,-82.229000,-223.850000,1.199550,0.514420
6.659600,-82.229000,-223.850000,1.198505,0.515559
6.959600,-82.229000,-223.850000,1.204597,0.511407
7.259600,-82.229000,-223.850000,1.214519,0.510478
7.559600,-82.229000,-223.850000,1.177383,0.506070
7.859600,-82.229000,-223.850000,1.161999,0.509679
8.159600,-82.229000,-223.850000,1.173818,0.510453
8.459600,-82.229000,-223.850000,1.239573,0.511436
8.759600,-82.229000,-223.850000,1.169392,0.506912
9.059600,-82.229000,-223.850000,1.177124,0.510831
9.359600,-82.229000,-223.850000,1.225547,0.513226
9.659600,-82.229000,-223.850000,1.211374,0.506959
9.959600,-82.229000,-223.850000,1.134161,0.507229
10.259600,-82.229000,-223.850000,1.197302,0.504271
10.559600,-82.229000,-223.850000,1.174920,0.509022
-11.640400,-82.529000,-223.550000,1.144264,0.504017
-11.340400,-82.529000,-223.550000,1.148548,0.511316
-11.040400,-82.529000,-223.550000,1.169337,0.509535
-10.740400,-82.529000,-223.550000,1.200416,0.510421
-10.440400,-82.529000,-223.550000,1.152032,0.510941
-10.140400,-82.529000,-223.550000,1.199828,0.512723
-9.840400,-82.529000,-223.550000,1.182873,0.513183
-9.540400,-82.529000,-223.550000,1.214181,0.513280
-9.240400,-82.529000,-223.550000,1.197665,0.508748
-8.940400,-82.529000,-223.550000,1.183524,0.513571
-8.640400,-82.529000,-223.550000,1.162270,0.512261
-8.340400,-82.529000,-223.550000,1.182761,0.509836
-8.040400,-82.529000,-223.550000,1.197141,0.512902
-7.740400,-82.529000,-223.550000,1.192840,0.516237
-7.440400,-82.529000,-223.550000,1.228161,0.515867
-7.140400,-82.529000,-223.550000,1.219106,0.523754
-6.840400,-82.529000,-223.550000,1.186081,0.512185
-6.540400,-82.529000,-223.550000,1.186413,0.516121
-6.240400,-82.529000,-223.550000,1.198030,0.513443
-5.940400,-82.529000,-223.550000,1.182302,0.510885
-5.640400,-82.529000,-223.550000,1.198596,0.513819
-5.340400,-82.529000,-223.550000,1.196591,0.515785
-5.040400,-82.529000,-223.550000,1.184084,0.514310
-4.740400,-82.529000,-223.550000,1.144890,0.513783
-4.440400,-82.529000,-223.550000,1.140518,0.510082
-4.140400,-82.529000,-223.550000,1.197235,0.517886
-3.840400,-82.529000,-223.550000,1.201835,0.513426
-3.540400,-82.529000,-223.550000,1.187311,0.515009
-3.240400,-82.529000,-223.550000,1.184580,0.520848
-2.940400,-82.529000,-223.550000,1.202243,0.510914
-2.640400,-82.529000,-223.550000,1.247795,0.516705
-2.340400,-82.529000,-223.550000,1.212857,0.515725
-2.040400,-82.529000,-223.550000,1.204365,0.515924
-1.740400,-82.529000,-223.550000,1.211088,0.516894
-1.440400,-82.529000,-223.550000,1.236082,0.522954
-1.140400,-82.529000,-223.550000,1.201114,0.519538
-0.840400,-82.529000,-223.550000,1.174742,0.512667
-0.540400,-82.529000,-223.550000,1.223105,0.517632
-0.240400,-82.529000,-223.550000,1.181304,0.513986
0.059600,-82.529000,-223.550000,1.213449,0.511946
0.359600,-82.529000,-223.550000,1.170120,0.512405
0.659600,-82.529000,-223.550000,1.171349,0.511715
0.959600,-82.529000,-223.550000,1.166180,0.510183
1.259600,-82.529000,-223.550000,1.185362,0.510980
1.559600,-82.529000,-223.550000,1.174171,0.512003
1.859600,-82.529000,-223.550000,1.267172,0.512289
2.159600,-82.529000,-223.550000,1.174229,0.511809
2.459600,-82.529000,-223.550000,1.217324,0.512656
2.759600,-82.529000,-223.550000,1.193576,0.510760
3.059600,-82.529000,-223.550000,1.191668,0.514486
3.359600,-82.529000,-223.550000,1.175569,0.514262
3.659600,-82.529000,-223.550000,1.211836,0.520360
3.959600,-82.529000,-223.550000,1.205975,0.515097
4.259600,-82.529000,-223.550000,1.212771,0.515058
4.559600,-82.529000,-223.550000,1.200445,0.510216
4.859600,-82.529000,-223.550000,1.213480,0.514300
5.159600,-82.529000,-223.550000,1.173668,0.513669
5.459600,-82.529000,-223.550000,1.199718,0.518448
5.759600,-82.529000,-223.550000,1.193704,0.515603
6.059600,-82.529000,-223.550000,1.216364,0.515073
6.359600,-82.529000,-223.550000,1.169995,0.516865
6.659600,-82.529000,-223.550000,1.180637,0.517639
6.959600,-82.529000,-223.550000,1.200474,0.514497
7.259600,-82.529000,-223.550000,1.204254,0.517282
7.559600,-82.529000,-223.550000,1.153969,0.508210
7.859600,-82.529000,-223.550000,1.207015,0.513173
8.159600,-82.529000,-223.550000,1.236559,0.512534
8.459600,-82.529000,-223.550000,1.165984,0.510839
8.759600,-82.529000,-223.550000,1.192012,0.513304
9.059600,-82.529000,-223.550000,1.189364,0.510879
9.359600,-82.529000,-223.550000,1.201191,0.509491
9.659600,-82.529000,-223.550000,1.170504,0.509292
9.959600,-82.529000,-223.550000,1.258111,0.509328
10.259600,-82.529000,-223.550000,1.159345,0.506256
10.559600,-82.529000,-223.550000,1.142918,0.502705
-11.640400,-82.229000,-223.550000,1.182458,0.502004
-11.340400,-82.229000,-223.550000,1.204646,0.512461
-11.040400,-82.229000,-223.550000,1.158989,0.508945
-10.740400,-82.229000,-223.550000,1.190501,0.508596
-10.440400,-82.229000,-223.550000,1.187367,0.511171
-10.140400,-82.229000,-223.550000,1.177953,0.512448
-9.840400,-82.229000,-223.550000,1.142344,0.509744
-9.540400,-82.229000,-223.550000,1.215747,0.512974
-9.240400,-82.229000,-223.550000,1.195204,0.506764
-8.940400,-82.229000,-223.550000,1.194119,0.510852
-8.640400,-82.229000,-223.550000,1.163957,0.509625
-8.340400,-82.229000,-223.550000,1.179936,0.507010
-8.040400,-82.229000,-223.550000,1.265247,0.511298
-7.740400,-82.229000,-223.550000,1.170380,0.511402
-7.440400,-82.229000,-223.550000,1.205305,0.515432
-7.140400,-82.229000,-223.550000,1.193706,0.516206
-6.840400,-82.229000,-223.550000,1.158437,0.509970
-6.540400,-82.229000,-223.550000,1.198933,0.511783
-6.240400,-82.229000,-223.550000,1.222801,0.513763
-5.940400,-82.229000,-223.550000,1.218998,0.511345
-5.640400,-82.229000,-223.550000,1.190321,0.511838
-5.340400,-82.229000,-223.550000,1.165133,0.516096
-5.040400,-82.229000,-223.550000,1.171279,0.512716
-4.740400,-82.229000,-223.550000,1.197112,0.512103
-4.440400,-82.229000,-223.550000,1.179269,0.508867
-4.140400,-82.229000,-223.550000,1.165847,0.515420
-3.840400,-82.229000,-223.550000,1.163753,0.512504
-3.540400,-82.229000,-223.550000,1.149475,0.512701
-3.240400,-82.229000,-223.550000,1.158938,0.517804
-2.940400,-82.229000,-223.550000,1.144804,0.506536
-2.640400,-82.229000,-223.550000,1.194454,0.513793
-2.340400,-82.229000,-223.550000,1.208784,0.513964
-2.040400,-82.229000,-223.550000,1.202549,0.513601
-1.740400,-82.229000,-223.550000,1.202090,0.513702
-1.440400,-82.229000,-223.550000,1.201730,0.519891
-1.140400,-82.229000,-223.550000,1.208361,0.517791
-0.840400,-82.229000,-223.550000,1.217947,0.510572
-0.540400,-82.229000,-223.550000,1.201079,0.516527
-0.240400,-82.229000,-223.550000,1.185135,0.515197
0.059600,-82.229000,-223.550000,1.177481,0.508221
0.359600,-82.229000,-223.550000,1.215407,0.512485
0.659600,-82.229000,-223.550000,1.180020,0.511241
0.959600,-82.229000,-223.550000,1.167694,0.508576
1.259600,-82.229000,-223.550000,1.131689,0.507395
1.559600,-82.229000,-223.550000,1.159175,0.509428
1.859600,-82.229000,-223.550000,1.231790,0.510676
2.159600,-82.229000,-223.550000,1.181219,0.507946
2.459600,-82.229000,-223.550000,1.194485,0.512117
2.759600,-82.229000,-223.550000,1.171297,0.512219
3.059600,-82.229000,-223.550000,1.207721,0.512452
3.359600,-82.229000,-223.550000,1.132260,0.513211
3.659600,-82.229000,-223.550000,1.198825,0.517901
3.959600,-82.229000,-223.550000,1.220870,0.512370
4.259600,-82.229000,-223.550000,1.258819,0.514474
4.559600,-82.229000,-223.550000,1.198898,0.508226
4.859600,-82.229000,-223.550000,1.183488,0.513962
5.159600,-82.229000,-223.550000,1.167983,0.512901
5.459600,-82.229000,-223.550000,1.231191,0.519723
5.759600,-82.229000,-223.550000,1.155180,0.510598
6.059600,-82.229000,-223.550000,1.169642,0.510888
6.359600,-82.229000,-223.550000,1.231449,0.519223
6.659600,-82.229000,-223.550000,1.217012,0.514154
6.959600,-82.229000,-223.550000,1.127450,0.508550
7.259600,-82.229000,-223.550000,1.180920,0.515125
7.559600,-82.229000,-223.550000,1.160514,0.504913
7.859600,-82.229000,-223.550000,1.164208,0.510173
8.159600,-82.229000,-223.550000,1.191815,0.510086
8.459600,-82.229000,-223.550000,1.190104,0.508119
8.759600,-82.229000,-223.550000,1.194051,0.513670
9.059600,-82.229000,-223.550000,1.184949,0.507897
9.359600,-82.229000,-223.550000,1.175805,0.508171
9.659600,-82.229000,-223.550000,1.160905,0.506752
9.959600,-82.229000,-223.550000,1.185679,0.505965
10.259600,-82.229000,-223.550000,1.177897,0.504696
10.559600,-82.229000,-223.550000,1.171164,0.503329
-11.640400,-82.529000,-223.250000,1.165531,0.510007
-11.340400,-82.529000,-223.250000,1.186607,0.506667
-11.040400,-82.529000,-223.250000,1.167537,0.507905
-10.740400,-82.529000,-223.250000,1.149715,0.510529
-10.440400,-82.529000,-223.250000,1.198720,0.507643
-10.140400,-82.529000,-223.250000,1.210818,0.514474
-9.840400,-82.529000,-223.250000,1.214286,0.514152
-9.540400,-82.529000,-223.250000,1.212715,0.513193
-9.240400,-82.529000,-223.250000,1.144056,0.508699
-8.940400,-82.529000,-223.250000,1.175802,0.510066
-8.640400,-82.529000,-223.250000,1.200383,0.512812
-8.340400,-82.529000,-223.250000,1.162561,0.508749
-8.040400,-82.529000,-223.250000,1.188167,0.511903
-7.740400,-82.529000,-223.250000,1.184075,0.512756
-7.440400,-82.529000,-223.250000,1.172457,0.514073
-7.140400,-82.529000,-223.250000,1.186102,0.523047
-6.840400,-82.529000,-223.250000,1.177232,0.514688
-6.540400,-82.529000,-223.250000,1.167027,0.514288
-6.240400,-82.529000,-223.250000,1.176629,0.517521
-5.940400,-82.529000,-223.250000,1.190721,0.518546
-5.640400,-82.529000,-223.250000,1.194239,0.515942
-5.340400,-82.529000,-223.250000,1.205860,0.513073
-5.040400,-82.529000,-223.250000,1.173208,0.510807
-4.740400,-82.529000,-223.250000,1.189098,0.515781
-4.440400,-82.529000,-223.250000,1.175936,0.514887
-4.140400,-82.529000,-223.250000,1.211516,0.515785
-3.840400,-82.529000,-223.250000,1.188939,0.518292
-3.540400,-82.529000,-223.250000,1.201653,0.509931
-3.240400,-82.529000,-223.250000,1.163535,0.511868
-2.940400,-82.529000,-223.250000,1.213997,0.511453
-2.640400,-82.529000,-223.250000,1.222875,0.516404
-2.340400,-82.529000,-223.250000,1.240714,0.514770
-2.040400,-82.529000,-223.250000,1.186040,0.513594
-1.740400,-82.529000,-223.250000,1.181503,0.514496
-1.440400,-82.529000,-223.250000,1.178438,0.520151
-1.140400,-82.529000,-223.250000,1.184162,0.509342
-0.840400,-82.529000,-223.250000,1.172174,0.511498
-0.540400,-82.529000,-223.250000,1.186237,0.515438
-0.240400,-82.529000,-223.250000,1.175620,0.511084
0.059600,-82.529000,-223.250000,1.175466,0.513367
0.359600,-82.529000,-223.250000,1.183336,0.511643
0.659600,-82.529000,-223.250000,1.228567,0.511533
0.959600,-82.529000,-223.250000,1.160812,0.512348
1.259600,-82.529000,-223.250000,1.191103,0.515487
1.559600,-82.529000,-223.250000,1.176142,0.513241
1.859600,-82.529000,-223.250000,1.215233,0.515374
2.159600,-82.529000,-223.250000,1.177173,0.507260
2.459600,-82.529000,-223.250000,1.166237,0.507496
2.759600,-82.529000,-223.250000,1.178025,0.513899
3.059600,-82.529000,-223.250000,1.165297,0.521211
3.359600,-82.529000,-223.250000,1.178946,0.520677
3.659600,-82.529000,-223.250000,1.161752,0.514004
3.959600,-82.529000,-223.250000,1.186148,0.510283
4.259600,-82.529000,-223.250000,1.156445,0.517330
4.559600,-82.529000,-223.250000,1.235509,0.515244
4.859600,-82.529000,-223.250000,1.237746,0.513632
5.159600,-82.529000,-223.250000,1.222993,0.513960
5.459600,-82.529000,-223.250000,1.184883,0.517837
5.759600,-82.529000,-223.250000,1.249649,0.511010
6.059600,-82.529000,-223.250000,1.216862,0.517328
6.359600,-82.529000,-223.250000,1.195579,0.517327
6.659600,-82.529000,-223.250000,1.237599,0.513383
6.959600,-82.529000,-223.250000,1.185647,0.512890
7.259600,-82.529000,-223.250000,1.143154,0.514069
7.559600,-82.529000,-223.250000,1.186950,0.515534
7.859600,-82.529000,-223.250000,1.206516,0.515262
8.159600,-82.529000,-223.250000,1.198501,0.504868
8.459600,-82.529000,-223.250000,1.187231,0.510564
8.759600,-82.529000,-223.250000,1.181336,0.511572
9.059600,-82.529000,-223.250000,1.184304,0.511847
9.359600,-82.529000,-223.250000,1.166600,0.509435
9.659600,-82.529000,-223.250000,1.197162,0.505322
9.959600,-82.529000,-223.250000,1.176200,0.506553
10.259600,-82.529000,-223.250000,1.162469,0.508645
10.559600,-82.529000,-223.250000,1.182293,0.500778
-11.640400,-82.229000,-223.250000,1.173790,0.505746
-11.340400,-82.229000,-223.250000,1.135859,0.505689
-11.040400,-82.229000,-223.250000,1.178501,0.505291
-10.740400,-82.229000,-223.250000,1.126918,0.504982
-10.440400,-82.229000,-223.250000,1.175803,0.504276
-10.140400,-82.229000,-223.250000,1.184757,0.510561
-9.840400,-82.229000,-223.250000,1.157512,0.511878
-9.540400,-82.229000,-223.250000,1.167194,0.508419
-9.240400,-82.229000,-223.250000,1.141533,0.505008
-8.940400,-82.229000,-223.250000,1.166802,0.507519
-8.640400,-82.229000,-223.250000,1.183527,0.508148
-8.340400,-82.229000,-223.250000,1.216362,0.508324
-8.040400,-82.229000,-223.250000,1.160716,0.509506
-7.740400,-82.229000,-223.250000,1.178129,0.511029
-7.440400,-82.229000,-223.250000,1.151663,0.512501
-7.140400,-82.229000,-223.250000,1.161082,0.517659
-6.840400,-82.229000,-223.250000,1.143869,0.512279
-6.540400,-82.229000,-223.250000,1.178259,0.514060
-6.240400,-82.229000,-223.250000,1.165254,0.513243
-5.940400,-82.229000,-223.250000,1.183058,0.514144
-5.640400,-82.229000,-223.250000,1.217149,0.514208
-5.340400,-82.229000,-223.250000,1.198675,0.511151
-5.040400,-82.229000,-223.250000,1.184167,0.507556
-4.740400,-82.229000,-223.250000,1.188793,0.513158
-4.440400,-82.229000,-223.250000,1.219098,0.512816
-4.140400,-82.229000,-223.250000,1.184972,0.514577
-3.840400,-82.229000,-223.250000,1.177268,0.516535
-3.540400,-82.229000,-223.250000,1.172291,0.506356
-3.240400,-82.229000,-223.250000,1.165230,0.511455
-2.940400,-82.229000,-223.250000,1.186291,0.509531
-2.640400,-82.229000,-223.250000,1.220268,0.513853
-2.340400,-82.229000,-223.250000,1.170713,0.513630
-2.040400,-82.229000,-223.250000,1.191582,0.513422
-1.740400,-82.229000,-223.250000,1.241786,0.516216
-1.440400,-82.229000,-223.250000,1.198066,0.516574
-1.140400,-82.229000,-223.250000,1.184168,0.510699
-0.840400,-82.229000,-223.250000,1.146216,0.506791
-0.540400,-82.229000,-223.250000,1.236602,0.513407
-0.240400,-82.229000,-223.250000,1.160638,0.509205
0.059600,-82.229000,-223.250000,1.177591,0.513683
0.359600,-82.229000,-223.250000,1.204690,0.511344
0.659600,-82.229000,-223.250000,1.187542,0.506660
0.959600,-82.229000,-223.250000,1.180752,0.512691
1.259600,-82.229000,-223.250000,1.169824,0.511361
1.559600,-82.229000,-223.250000,1.193316,0.512546
1.859600,-82.229000,-223.250000,1.239158,0.514279
2.159600,-82.229000,-223.250000,1.209720,0.508368
2.459600,-82.229000,-223.250000,1.226359,0.506460
2.759600,-82.229000,-223.250000,1.172187,0.512473
3.059600,-82.229000,-223.250000,1.153344,0.518574
3.359600,-82.229000,-223.250000,1.145906,0.514670
3.659600,-82.229000,-223.250000,1.189854,0.508149
3.959600,-82.229000,-223.250000,1.203023,0.510580
4.259600,-82.229000,-223.250000,1.216016,0.516416
4.559600,-82.229000,-223.250000,1.222902,0.512207
4.859600,-82.229000,-223.250000,1.208792,0.512277
5.159600,-82.229000,-223.250000,1.207425,0.511388
5.459600,-82.229000,-223.250000,1.213543,0.516845
5.759600,-82.229000,-223.250000,1.221730,0.508009
6.059600,-82.229000,-223.250000,1.217534,0.511343
6.359600,-82.229000,-223.250000,1.169829,0.515901
6.659600,-82.229000,-223.250000,1.202656,0.512363
6.959600,-82.229000,-223.250000,1.134353,0.509043
7.259600,-82.229000,-223.250000,1.186386,0.512736
7.559600,-82.229000,-223.250000,1.154874,0.512176
7.859600,-82.229000,-223.250000,1.128876,0.510250
8.159600,-82.229000,-223.250000,1.181715,0.502782
8.459600,-82.229000,-223.250000,1.184844,0.507685
8.759600,-82.229000,-223.250000,1.227124,0.509551
9.059600,-82.229000,-223.250000,1.167090,0.508810
9.359600,-82.229000,-223.250000,1.173039,0.509135
9.659600,-82.229000,-223.250000,1.148721,0.499350
9.959600,-82.229000,-223.250000,1.181317,0.507142
10.259600,-82.229000,-223.250000,1.184894,0.507304
10.559600,-82.229000,-223.250000,1.189651,0.497471
-11.640400,-82.529000,-222.950000,1.196991,0.503427
-11.340400,-82.529000,-222.950000,1.189086,0.510061
-11.040400,-82.529000,-222.950000,1.214727,0.506555
-10.740400,-82.529000,-222.950000,1.180058,0.509197
-10.440400,-82.529000,-222.950000,1.212841,0.509848
-10.140400,-82.529000,-222.950000,1.181448,0.509025
-9.840400,-82.529000,-222.950000,1.204699,0.509257
-9.540400,-82.529000,-222.950000,1.232442,0.515017
-9.240400,-82.529000,-222.950000,1.238372,0.512264
-8.940400,-82.529000,-222.950000,1.186532,0.516749
-8.640400,-82.529000,-222.950000,1.222374,0.512294
-8.340400,-82.529000,-222.950000,1.182498,0.513339
-8.040400,-82.529000,-222.950000,1.218312,0.519238
-7.740400,-82.529000,-222.950000,1.214970,0.513878
-7.440400,-82.529000,-222.950000,1.188852,0.513764
-7.140400,-82.529000,-222.950000,1.223210,0.516716
-6.840400,-82.529000,-222.950000,1.157145,0.508768
-6.540400,-82.529000,-222.950000,1.168967,0.515285
-6.240400,-82.529000,-222.950000,1.173439,0.514717
-5.940400,-82.529000,-222.950000,1.198367,0.513939
-5.640400,-82.529000,-222.950000,1.199244,0.515267
-5.340400,-82.529000,-222.950000,1.180294,0.518462
-5.040400,-82.529000,-222.950000,1.159460,0.515187
-4.740400,-82.529000,-222.950000,1.212463,0.518206
-4.440400,-82.529000,-222.950000,1.135695,0.516022
-4.140400,-82.529000,-222.950000,1.146742,0.514162
-3.840400,-82.529000,-222.950000,1.184177,0.511691
-3.540400,-82.529000,-222.950000,1.203233,0.515941
-3.240400,-82.529000,-222.950000,1.192719,0.514369
-2.940400,-82.529000,-222.950000,1.201482,0.513991
-2.640400,-82.529000,-222.950000,1.192674,0.513253
-2.340400,-82.529000,-222.950000,1.194951,0.514995
-2.040400,-82.529000,-222.950000,1.217829,0.519154
-1.740400,-82.529000,-222.950000,1.187429,0.517150
-1.440400,-82.529000,-222.950000,1.199373,0.516956
-1.140400,-82.529000,-222.950000,1.174244,0.510171
-0.840400,-82.529000,-222.950000,1.158692,0.512021
-0.540400,-82.529000,-222.950000,1.210423,0.514873
-0.240400,-82.529000,-222.950000,1.176802,0.510160
0.059600,-82.529000,-222.950000,1.204569,0.515420
0.359600,-82.529000,-222.950000,1.184093,0.515363
0.659600,-82.529000,-222.950000,1.153804,0.511819
0.959600,-82.529000,-222.950000,1.211170,0.514361
1.259600,-82.529000,-222.950000,1.214631,0.515611
1.559600,-82.529000,-222.950000,1.205529,0.517646
1.859600,-82.529000,-222.950000,1.192849,0.514024
2.159600,-82.529000,-222.950000,1.164007,0.510946
2.459600,-82.529000,-222.950000,1.186723,0.516442
2.759600,-82.529000,-222.950000,1.190295,0.513596
3.059600,-82.529000,-222.950000,1.191685,0.517638
3.359600,-82.529000,-222.950000,1.191005,0.512120
3.659600,-82.529000,-222.950000,1.187423,0.516775
3.959600,-82.529000,-222.950000,1.174745,0.516284
4.259600,-82.529000,-222.950000,1.219627,0.513368
4.559600,-82.529000,-222.950000,1.201805,0.513349
4.859600,-82.529000,-222.950000,1.212348,0.519302
5.159600,-82.529000,-222.950000,1.227637,0.514994
5.459600,-82.529000,-222.950000,1.174496,0.517534
5.759600,-82.529000,-222.950000,1.210487,0.510988
6.059600,-82.529000,-222.950000,1.211384,0.513547
6.359600,-82.529000,-222.950000,1.179908,0.508963
6.659600,-82.529000,-222.950000,1.155757,0.515499
6.959600,-82.529000,-222.950000,1.171790,0.512199
7.259600,-82.529000,-222.950000,1.218693,0.512690
7.559600,-82.529000,-222.950000,1.196372,0.507079
7.859600,-82.529000,-222.950000,1.195910,0.515856
8.159600,-82.529000,-222.950000,1.165463,0.512914
8.459600,-82.529000,-222.950000,1.223946,0.513644
8.759600,-82.529000,-222.950000,1.168185,0.515263
9.059600,-82.529000,-222.950000,1.167477,0.510128
9.359600,-82.529000,-222.950000,1.184190,0.508619
9.659600,-82.529000,-222.950000,1.199730,0.505507
9.959600,-82.529000,-222.950000,1.178262,0.508576
10.259600,-82.529000,-222.950000,1.180513,0.502047
10.559600,-82.529000,-222.950000,1.183138,0.502334
-11.640400,-82.229000,-222.950000,1.185511,0.502994
-11.340400,-82.229000,-222.950000,1.192660,0.507761
-11.040400,-82.229000,-222.950000,1.176420,0.503466
-10.740400,-82.229000,-222.950000,1.182434,0.506837
-10.440400,-82.229000,-222.950000,1.142606,0.506384
-10.140400,-82.229000,-222.950000,1.162694,0.508634
-9.840400,-82.229000,-222.950000,1.196365,0.507716
-9.540400,-82.229000,-222.950000,1.171730,0.512863
-9.240400,-82.229000,-222.950000,1.208187,0.509431
-8.940400,-82.229000,-222.950000,1.196753,0.516268
-8.640400,-82.229000,-222.950000,1.152041,0.510672
-8.340400,-82.229000,-222.950000,1.203312,0.512686
-8.040400,-82.229000,-222.950000,1.204597,0.515628
-7.740400,-82.229000,-222.950000,1.206435,0.510127
-7.440400,-82.229000,-222.950000,1.175144,0.512082
-7.140400,-82.229000,-222.950000,1.188737,0.512133
-6.840400,-82.229000,-222.950000,1.142000,0.510382
-6.540400,-82.229000,-222.950000,1.203191,0.515612
-6.240400,-82.229000,-222.950000,1.169648,0.512344
-5.940400,-82.229000,-222.950000,1.211379,0.512157
-5.640400,-82.229000,-222.950000,1.206486,0.511662
-5.340400,-82.229000,-222.950000,1.204760,0.517925
-5.040400,-82.229000,-222.950000,1.152695,0.512417
-4.740400,-82.229000,-222.950000,1.156681,0.516676
-4.440400,-82.229000,-222.950000,1.204752,0.517003
-4.140400,-82.229000,-222.950000,1.241344,0.516979
-3.840400,-82.229000,-222.950000,1.159932,0.508798
-3.540400,-82.229000,-222.950000,1.175918,0.515743
-3.240400,-82.229000,-222.950000,1.192201,0.514923
-2.940400,-82.229000,-222.950000,1.233754,0.512663
-2.640400,-82.229000,-222.950000,1.168362,0.509454
-2.340400,-82.229000,-222.950000,1.180080,0.510061
-2.040400,-82.229000,-222.950000,1.183011,0.516411
-1.740400,-82.229000,-222.950000,1.207980,0.515348
-1.440400,-82.229000,-222.950000,1.159887,0.515553
-1.140400,-82.229000,-222.950000,1.182643,0.511311
-0.840400,-82.229000,-222.950000,1.223206,0.512188
-0.540400,-82.229000,-222.950000,1.185470,0.512664
-0.240400,-82.229000,-222.950000,1.268526,0.510536
0.059600,-82.229000,-222.950000,1.199306,0.513368
0.359600,-82.229000,-222.950000,1.178322,0.513438
0.659600,-82.229000,-222.950000,1.240681,0.515189
0.959600,-82.229000,-222.950000,1.181962,0.511931
1.259600,-82.229000,-222.950000,1.212605,0.514623
1.559600,-82.229000,-222.950000,1.225311,0.516065
1.859600,-82.229000,-222.950000,1.199302,0.512203
2.159600,-82.229000,-222.950000,1.264884,0.513663
2.459600,-82.229000,-222.950000,1.157092,0.514458
2.759600,-82.229000,-222.950000,1.179189,0.510720
3.059600,-82.229000,-222.950000,1.150166,0.513995
3.359600,-82.229000,-222.950000,1.175523,0.510054
3.659600,-82.229000,-222.950000,1.192584,0.513719
3.959600,-82.229000,-222.950000,1.236671,0.515600
4.259600,-82.229000,-222.950000,1.240592,0.510874
4.559600,-82.229000,-222.950000,1.184396,0.511142
4.859600,-82.229000,-222.950000,1.177765,0.514932
5.159600,-82.229000,-222.950000,1.251471,0.511505
5.459600,-82.229000,-222.950000,1.217961,0.519284
5.759600,-82.229000,-222.950000,1.181285,0.508079
6.059600,-82.229000,-222.950000,1.178742,0.513182
6.359600,-82.229000,-222.950000,1.196273,0.507491
6.659600,-82.229000,-222.950000,1.195492,0.518577
6.959600,-82.229000,-222.950000,1.173808,0.511985
7.259600,-82.229000,-222.950000,1.150824,0.509570
7.559600,-82.229000,-222.950000,1.187937,0.502839
7.859600,-82.229000,-222.950000,1.191737,0.511311
8.159600,-82.229000,-222.950000,1.168638,0.509390
8.459600,-82.229000,-222.950000,1.224065,0.513582
8.759600,-82.229000,-222.950000,1.182490,0.514076
9.059600,-82.229000,-222.950000,1.262684,0.513146
9.359600,-82.229000,-222.950000,1.185687,0.507668
9.659600,-82.229000,-222.950000,1.141702,0.503695
9.959600,-82.229000,-222.950000,1.152706,0.507016
10.259600,-82.229000,-222.950000,1.191936,0.503209
10.559600,-82.229000,-222.950000,1.185869,0.497702
-11.640400,-82.529000,-222.650000,1.172278,0.505830
-11.340400,-82.529000,-222.650000,1.210050,0.514598
-11.040400,-82.529000,-222.650000,1.201277,0.516829
-10.740400,-82.529000,-222.650000,1.179457,0.512525
-10.440400,-82.529000,-222.650000,1.180782,0.509050
-10.140400,-82.529000,-222.650000,1.170439,0.511717
-9.840400,-82.529000,-222.650000,1.156832,0.512949
-9.540400,-82.529000,-222.650000,1.173165,0.516265
-9.240400,-82.529000,-222.650000,1.195759,0.512038
-8.940400,-82.529000,-222.650000,1.178872,0.517070
-8.640400,-82.529000,-222.650000,1.194661,0.513554
-8.340400,-82.529000,-222.650000,1.183684,0.510907
-8.040400,-82.529000,-222.650000,1.196159,0.514576
-7.740400,-82.529000,-222.650000,1.155691,0.513289
-7.440400,-82.529000,-222.650000,1.162026,0.520926
-7.140400,-82.529000,-222.650000,1.168661,0.514513
-6.840400,-82.529000,-222.650000,1.191596,0.512837
-6.540400,-82.529000,-222.650000,1.228569,0.518427
-6.240400,-82.529000,-222.650000,1.187194,0.514164
-5.940400,-82.529000,-222.650000,1.186820,0.517239
-5.640400,-82.529000,-222.650000,1.206340,0.515326
-5.340400,-82.529000,-222.650000,1.228238,0.521658
-5.040400,-82.529000,-222.650000,1.190689,0.514097
-4.740400,-82.529000,-222.650000,1.162063,0.513190
-4.440400,-82.529000,-222.650000,1.213796,0.510566
-4.140400,-82.529000,-222.650000,1.188025,0.514963
-3.840400,-82.529000,-222.650000,1.225856,0.512949
-3.540400,-82.529000,-222.650000,1.172650,0.514273
-3.240400,-82.529000,-222.650000,1.207061,0.515482
-2.940400,-82.529000,-222.650000,1.213009,0.512898
-2.640400,-82.529000,-222.650000,1.186491,0.513313
-2.340400,-82.529000,-222.650000,1.188310,0.514151
-2.040400,-82.529000,-222.650000,1.176412,0.514086
-1.740400,-82.529000,-222.650000,1.261804,0.517133
-1.440400,-82.529000,-222.650000,1.208916,0.520213
-1.140400,-82.529000,-222.650000,1.159201,0.514198
-0.840400,-82.529000,-222.650000,1.219378,0.519235
-0.540400,-82.529000,-222.650000,1.196590,0.508551
-0.240400,-82.529000,-222.650000,1.176621,0.519267
0.059600,-82.529000,-222.650000,1.174708,0.511584
0.359600,-82.529000,-222.650000,1.177152,0.512251
0.659600,-82.529000,-222.650000,1.172283,0.514445
0.959600,-82.529000,-222.650000,1.193228,0.520077
1.259600,-82.529000,-222.650000,1.198502,0.516815
1.559600,-82.529000,-222.650000,1.202912,0.512191
1.859600,-82.529000,-222.650000,1.219180,0.516676
2.159600,-82.529000,-222.650000,1.221506,0.512228
2.459600,-82.529000,-222.650000,1.156358,0.510834
2.759600,-82.529000,-222.650000,1.181125,0.512758
3.059600,-82.529000,-222.650000,1.192704,0.520792
3.359600,-82.529000,-222.650000,1.246531,0.516794
3.659600,-82.529000,-222.650000,1.214270,0.518212
3.959600,-82.529000,-222.650000,1.180335,0.515083
4.259600,-82.529000,-222.650000,1.192191,0.515418
4.559600,-82.529000,-222.650000,1.140617,0.508734
4.859600,-82.529000,-222.650000,1.202528,0.516668
5.159600,-82.529000,-222.650000,1.182010,0.514468
5.459600,-82.529000,-222.650000,1.196680,0.515972
5.759600,-82.529000,-222.650000,1.181206,0.514234
6.059600,-82.529000,-222.650000,1.209801,0.514106
6.359600,-82.529000,-222.650000,1.203098,0.516369
6.659600,-82.529000,-222.650000,1.171996,0.515610
6.959600,-82.529000,-222.650000,1.185024,0.512435
7.259600,-82.529000,-222.650000,1.180128,0.510218
7.559600,-82.529000,-222.650000,1.176742,0.512854
7.859600,-82.529000,-222.650000,1.221549,0.519707
8.159600,-82.529000,-222.650000,1.159592,0.513821
8.459600,-82.529000,-222.650000,1.176561,0.511477
8.759600,-82.529000,-222.650000,1.175129,0.508792
9.059600,-82.529000,-222.650000,1.142753,0.510271
9.359600,-82.529000,-222.650000,1.214474,0.508038
9.659600,-82.529000,-222.650000,1.175910,0.511795
9.959600,-82.529000,-222.650000,1.174912,0.509302
10.259600,-82.529000,-222.650000,1.173680,0.505606
-11.640400,-82.229000,-222.650000,1.196442,0.505342
-11.340400,-82.229000,-222.650000,1.175030,0.510987
-11.040400,-82.229000,-222.650000,1.197201,0.512221
-10.740400,-82.229000,-222.650000,1.184386,0.511564
-10.440400,-82.229000,-222.650000,1.221280,0.507708
-10.140400,-82.229000,-222.650000,1.180927,0.512327
-9.840400,-82.229000,-222.650000,1.220458,0.514239
-9.540400,-82.229000,-222.650000,1.175299,0.516608
-9.240400,-82.229000,-222.650000,1.212019,0.512945
-8.940400,-82.229000,-222.650000,1.163639,0.515581
-8.640400,-82.229000,-222.650000,1.222621,0.514281
-8.340400,-82.229000,-222.650000,1.202628,0.512810
-8.040400,-82.229000,-222.650000,1.218818,0.513808
-7.740400,-82.229000,-222.650000,1.179972,0.514099
-7.440400,-82.229000,-222.650000,1.169263,0.518252
-7.140400,-82.229000,-222.650000,1.166973,0.509966
-6.840400,-82.229000,-222.650000,1.176566,0.509084
-6.540400,-82.229000,-222.650000,1.234445,0.515159
-6.240400,-82.229000,-222.650000,1.176429,0.512538
-5.940400,-82.229000,-222.650000,1.165028,0.513524
-5.640400,-82.229000,-222.650000,1.126479,0.513932
-5.340400,-82.229000,-222.650000,1.178700,0.518951
-5.040400,-82.229000,-222.650000,1.208825,0.511291
-4.740400,-82.229000,-222.650000,1.144824,0.509867
-4.440400,-82.229000,-222.650000,1.188445,0.509265
-4.140400,-82.229000,-222.650000,1.168853,0.511058
-3.840400,-82.229000,-222.650000,1.211148,0.510659
-3.540400,-82.229000,-222.650000,1.192314,0.513357
-3.240400,-82.229000,-222.650000,1.181022,0.513071
-2.940400,-82.229000,-222.650000,1.201582,0.512439
-2.640400,-82.229000,-222.650000,1.181260,0.511448
-2.340400,-82.229000,-222.650000,1.134059,0.510933
-2.040400,-82.229000,-222.650000,1.185378,0.512014
-1.740400,-82.229000,-222.650000,1.173882,0.513292
-1.440400,-82.229000,-222.650000,1.175132,0.517852
-1.140400,-82.229000,-222.650000,1.177891,0.508244
-0.840400,-82.229000,-222.650000,1.162552,0.513811
-0.540400,-82.229000,-222.650000,1.185026,0.508999
-0.240400,-82.229000,-222.650000,1.187420,0.514817
0.059600,-82.229000,-222.650000,1.179676,0.509830
0.359600,-82.229000,-222.650000,1.169318,0.510094
0.659600,-82.229000,-222.650000,1.194897,0.513121
0.959600,-82.229000,-222.650000,1.233536,0.517978
1.259600,-82.229000,-222.650000,1.268846,0.516761
1.559600,-82.229000,-222.650000,1.173291,0.508749
1.859600,-82.229000,-222.650000,1.174888,0.513833
2.159600,-82.229000,-222.650000,1.218075,0.511497
2.459600,-82.229000,-222.650000,1.184525,0.511087
2.759600,-82.229000,-222.650000,1.141324,0.508780
3.059600,-82.229000,-222.650000,1.189525,0.517119
3.359600,-82.229000,-222.650000,1.207972,0.512543
3.659600,-82.229000,-222.650000,1.174408,0.515030
3.959600,-82.229000,-222.650000,1.200137,0.510906
4.259600,-82.229000,-222.650000,1.209714,0.513740
4.559600,-82.229000,-222.650000,1.186699,0.508563
4.859600,-82.229000,-222.650000,1.189617,0.514756
5.159600,-82.229000,-222.650000,1.180677,0.514554
5.459600,-82.229000,-222.650000,1.212146,0.510776
5.759600,-82.229000,-222.650000,1.200548,0.512378
6.059600,-82.229000,-222.650000,1.207887,0.509477
6.359600,-82.229000,-222.650000,1.241935,0.514979
6.659600,-82.229000,-222.650000,1.206170,0.515199
6.959600,-82.229000,-222.650000,1.201140,0.511931
7.259600,-82.229000,-222.650000,1.170890,0.508865
7.559600,-82.229000,-222.650000,1.195860,0.510907
7.859600,-82.229000,-222.650000,1.212488,0.519596
8.159600,-82.229000,-222.650000,1.199964,0.511298
8.459600,-82.229000,-222.650000,1.169196,0.509460
8.759600,-82.229000,-222.650000,1.156212,0.507754
9.059600,-82.229000,-222.650000,1.180775,0.509604
9.359600,-82.229000,-222.650000,1.155124,0.504511
9.659600,-82.229000,-222.650000,1.134383,0.504726
9.959600,-82.229000,-222.650000,1.195207,0.507790
10.259600,-82.229000,-222.650000,1.195385,0.504033
10.559600,-82.229000,-222.650000,1.159962,0.502911
-11.640400,-82.529000,-222.350000,1.166084,0.510924
-11.340400,-82.529000,-222.350000,1.161314,0.512279
-11.040400,-82.529000,-222.350000,1.196431,0.507138
-10.740400,-82.529000,-222.350000,1.175431,0.509732
-10.440400,-82.529000,-222.350000,1.172115,0.508777
-10.140400,-82.529000,-222.350000,1.158860,0.509426
-9.840400,-82.529000,-222.350000,1.156857,0.508990
-9.540400,-82.529000,-222.350000,1.180033,0.511952
-9.240400,-82.529000,-222.350000,1.173297,0.515585
-8.940400,-82.529000,-222.350000,1.155161,0.511895
-8.640400,-82.529000,-222.350000,1.219152,0.518157
-8.340400,-82.529000,-222.350000,1.230368,0.514822
-8.040400,-82.529000,-222.350000,1.173695,0.513742
-7.740400,-82.529000,-222.350000,1.162073,0.520051
-7.440400,-82.529000,-222.350000,1.232002,0.519656
-7.140400,-82.529000,-222.350000,1.173601,0.511795
-6.840400,-82.529000,-222.350000,1.189786,0.512701
-6.540400,-82.529000,-222.350000,1.222678,0.515809
-6.240400,-82.529000,-222.350000,1.230852,0.518129
-5.940400,-82.529000,-222.350000,1.168225,0.514778
-5.640400,-82.529000,-222.350000,1.220850,0.511681
-5.340400,-82.529000,-222.350000,1.179637,0.517793
-5.040400,-82.529000,-222.350000,1.161891,0.519580
-4.740400,-82.529000,-222.350000,1.159065,0.513058
-4.440400,-82.529000,-222.350000,1.186508,0.511924
-4.140400,-82.529000,-222.350000,1.172502,0.517100
-3.840400,-82.529000,-222.350000,1.184240,0.515466
-3.540400,-82.529000,-222.350000,1.197160,0.510527
-3.240400,-82.529000,-222.350000,1.213071,0.512156
-2.940400,-82.529000,-222.350000,1.183430,0.517830
-2.640400,-82.529000,-222.350000,1.239414,0.519159
-2.340400,-82.529000,-222.350000,1.193509,0.512766
-2.040400,-82.529000,-222.350000,1.185216,0.517133
-1.740400,-82.529000,-222.350000,1.264370,0.514356
-1.440400,-82.529000,-222.350000,1.210323,0.515717
-1.140400,-82.529000,-222.350000,1.160917,0.515312
-0.840400,-82.529000,-222.350000,1.193205,0.520218
-0.540400,-82.529000,-222.350000,1.204927,0.515745
-0.240400,-82.529000,-222.350000,1.234192,0.512297
0.059600,-82.529000,-222.350000,1.248085,0.513998
0.359600,-82.529000,-222.350000,1.226278,0.520349
0.659600,-82.529000,-222.350000,1.203394,0.511000
0.959600,-82.529000,-222.350000,1.173599,0.508792
1.259600,-82.529000,-222.350000,1.169035,0.519649
1.559600,-82.529000,-222.350000,1.177287,0.511917
1.859600,-82.529000,-222.350000,1.190627,0.514767
2.159600,-82.529000,-222.350000,1.191588,0.514090
2.459600,-82.529000,-222.350000,1.223815,0.514827
2.759600,-82.529000,-222.350000,1.203489,0.515353
3.059600,-82.529000,-222.350000,1.196058,0.511774
3.359600,-82.529000,-222.350000,1.192114,0.514066
3.659600,-82.529000,-222.350000,1.208486,0.516004
3.959600,-82.529000,-222.350000,1.240496,0.521935
4.259600,-82.529000,-222.350000,1.204941,0.510244
4.559600,-82.529000,-222.350000,1.182414,0.510049
4.859600,-82.529000,-222.350000,1.176969,0.516483
5.159600,-82.529000,-222.350000,1.151288,0.512598
5.459600,-82.529000,-222.350000,1.197101,0.515706
5.759600,-82.529000,-222.350000,1.179296,0.513736
6.059600,-82.529000,-222.350000,1.254238,0.513194
6.359600,-82.529000,-222.350000,1.167899,0.508410
6.659600,-82.529000,-222.350000,1.216639,0.515097
6.959600,-82.529000,-222.350000,1.196126,0.519508
7.259600,-82.529000,-222.350000,1.198840,0.514006
7.559600,-82.529000,-222.350000,1.163983,0.508802
7.859600,-82.529000,-222.350000,1.202080,0.512463
8.159600,-82.529000,-222.350000,1.192789,0.509750
8.459600,-82.529000,-222.350000,1.173044,0.510155
8.759600,-82.529000,-222.350000,1.179506,0.504549
9.059600,-82.529000,-222.350000,1.193516,0.510225
9.359600,-82.529000,-222.350000,1.204616,0.502890
9.659600,-82.529000,-222.350000,1.192320,0.505428
9.959600,-82.529000,-222.350000,1.245871,0.512390
10.259600,-82.529000,-222.350000,1.174271,0.510816
-11.640400,-82.229000,-222.350000,1.137075,0.508743
-11.340400,-82.229000,-222.350000,1.147749,0.508495
-11.040400,-82.229000,-222.350000,1.200034,0.510925
-10.740400,-82.229000,-222.350000,1.165806,0.505213
-10.440400,-82.229000,-222.350000,1.166732,0.506613
-10.140400,-82.229000,-222.350000,1.155491,0.506335
-9.840400,-82.229000,-222.350000,1.218367,0.507427
-9.540400,-82.229000,-222.350000,1.173750,0.508675
-9.240400,-82.229000,-222.350000,1.187787,0.517677
-8.940400,-82.229000,-222.350000,1.174922,0.512387
-8.640400,-82.229000,-222.350000,1.209580,0.516196
-8.340400,-82.229000,-222.350000,1.215953,0.512605
-8.040400,-82.229000,-222.350000,1.208393,0.511967
-7.740400,-82.229000,-222.350000,1.221994,0.516387
-7.440400,-82.229000,-222.350000,1.195767,0.515065
-7.140400,-82.229000,-222.350000,1.195491,0.508352
-6.840400,-82.229000,-222.350000,1.183091,0.512591
-6.540400,-82.229000,-222.350000,1.164705,0.514754
-6.240400,-82.229000,-222.350000,1.223392,0.515917
-5.940400,-82.229000,-222.350000,1.175255,0.516386
-5.640400,-82.229000,-222.350000,1.192526,0.508513
-5.340400,-82.229000,-222.350000,1.155638,0.515677
-5.040400,-82.229000,-222.350000,1.194082,0.519089
-4.740400,-82.229000,-222.350000,1.142852,0.512878
-4.440400,-82.229000,-222.350000,1.144204,0.511268
-4.140400,-82.229000,-222.350000,1.177141,0.518629
-3.840400,-82.229000,-222.350000,1.239889,0.514974
-3.540400,-82.229000,-222.350000,1.217207,0.512381
-3.240400,-82.229000,-222.350000,1.254848,0.510516
-2.940400,-82.229000,-222.350000,1.160096,0.512101
-2.640400,-82.229000,-222.350000,1.225458,0.516094
-2.340400,-82.229000,-222.350000,1.192340,0.511924
-2.040400,-82.229000,-222.350000,1.169181,0.512401
-1.740400,-82.229000,-222.350000,1.204832,0.509559
-1.440400,-82.229000,-222.350000,1.164825,0.511725
-1.140400,-82.229000,-222.350000,1.174644,0.510972
-0.840400,-82.229000,-222.350000,1.180313,0.514307
-0.540400,-82.229000,-222.350000,1.154124,0.511573
-0.240400,-82.229000,-222.350000,1.220394,0.508751
0.059600,-82.229000,-222.350000,1.179542,0.510531
0.359600,-82.229000,-222.350000,1.140672,0.513468
0.659600,-82.229000,-222.350000,1.196838,0.512487
0.959600,-82.229000,-222.350000,1.214134,0.507580
1.259600,-82.229000,-222.350000,1.162133,0.517764
1.559600,-82.229000,-222.350000,1.168819,0.510643
1.859600,-82.229000,-222.350000,1.159412,0.515106
2.159600,-82.229000,-222.350000,1.167078,0.511171
2.459600,-82.229000,-222.350000,1.186088,0.513527
2.759600,-82.229000,-222.350000,1.191175,0.515896
3.059600,-82.229000,-222.350000,1.212206,0.508701
3.359600,-82.229000,-222.350000,1.169043,0.516139
3.659600,-82.229000,-222.350000,1.242869,0.515363
3.959600,-82.229000,-222.350000,1.157223,0.518016
4.259600,-82.229000,-222.350000,1.200733,0.510602
4.559600,-82.229000,-222.350000,1.182061,0.510945
4.859600,-82.229000,-222.350000,1.172359,0.514859
5.159600,-82.229000,-222.350000,1.173433,0.512186
5.459600,-82.229000,-222.350000,1.156847,0.510327
5.759600,-82.229000,-222.350000,1.176073,0.510129
6.059600,-82.229000,-222.350000,1.169756,0.510034
6.359600,-82.229000,-222.350000,1.181698,0.505692
6.659600,-82.229000,-222.350000,1.192953,0.512350
6.959600,-82.229000,-222.350000,1.186781,0.519740
7.259600,-82.229000,-222.350000,1.200096,0.514644
7.559600,-82.229000,-222.350000,1.210635,0.509821
7.859600,-82.229000,-222.350000,1.177391,0.509580
8.159600,-82.229000,-222.350000,1.180487,0.507895
8.459600,-82.229000,-222.350000,1.161489,0.508076
8.759600,-82.229000,-222.350000,1.171074,0.501362
9.059600,-82.229000,-222.350000,1.191275,0.506877
9.359600,-82.229000,-222.350000,1.172358,0.501025
9.659600,-82.229000,-222.350000,1.198892,0.504698
9.959600,-82.229000,-222.350000,1.131958,0.508000
10.259600,-82.229000,-222.350000,1.198166,0.506884
-11.640400,-82.529000,-222.050000,1.191731,0.507529
-11.340400,-82.529000,-222.050000,1.190234,0.510964
-11.040400,-82.529000,-222.050000,1.184899,0.512387
-10.740400,-82.529000,-222.050000,1.177022,0.508138
-10.440400,-82.529000,-222.050000,1.188695,0.516036
-10.140400,-82.529000,-222.050000,1.179388,0.516496
-9.840400,-82.529000,-222.050000,1.161150,0.513201
-9.540400,-82.529000,-222.050000,1.177303,0.516119
-9.240400,-82.529000,-222.050000,1.196022,0.514161
-8.940400,-82.529000,-222.050000,1.190183,0.514319
-8.640400,-82.529000,-222.050000,1.194796,0.515623
-8.340400,-82.529000,-222.050000,1.196461,0.513668
-8.040400,-82.529000,-222.050000,1.171142,0.512508
-7.740400,-82.529000,-222.050000,1.167538,0.511542
-7.440400,-82.529000,-222.050000,1.177917,0.512146
-7.140400,-82.529000,-222.050000,1.203391,0.515379
-6.840400,-82.529000,-222.050000,1.184900,0.511099
-6.540400,-82.529000,-222.050000,1.167827,0.509714
-6.240400,-82.529000,-222.050000,1.158576,0.507554
-5.940400,-82.529000,-222.050000,1.234455,0.516872
-5.640400,-82.529000,-222.050000,1.166267,0.514728
-5.340400,-82.529000,-222.050000,1.169779,0.508644
-5.040400,-82.529000,-222.050000,1.164380,0.515496
-4.740400,-82.529000,-222.050000,1.155433,0.516981
-4.440400,-82.529000,-222.050000,1.164953,0.514825
-4.140400,-82.529000,-222.050000,1.189877,0.515138
-3.840400,-82.529000,-222.050000,1.238756,0.512305
-3.540400,-82.529000,-222.050000,1.194331,0.517085
-3.240400,-82.529000,-222.050000,1.206380,0.513902
-2.940400,-82.529000,-222.050000,1.166630,0.510056
-2.640400,-82.529000,-222.050000,1.204419,0.514366
-2.340400,-82.529000,-222.050000,1.188469,0.509523
-2.040400,-82.529000,-222.050000,1.216252,0.519993
-1.740400,-82.529000,-222.050000,1.219743,0.514341
-1.440400,-82.529000,-222.050000,1.170794,0.512650
-1.140400,-82.529000,-222.050000,1.186748,0.512862
-0.840400,-82.529000,-222.050000,1.178783,0.518423
-0.540400,-82.529000,-222.050000,1.214997,0.512811
-0.240400,-82.529000,-222.050000,1.197252,0.513560
0.059600,-82.529000,-222.050000,1.185898,0.512964
0.359600,-82.529000,-222.050000,1.169940,0.512898
0.659600,-82.529000,-222.050000,1.216968,0.520326
0.959600,-82.529000,-222.050000,1.213485,0.516098
1.259600,-82.529000,-222.050000,1.193604,0.513734
1.559600,-82.529000,-222.050000,1.153804,0.509802
1.859600,-82.529000,-222.050000,1.157814,0.514690
2.159600,-82.529000,-222.050000,1.249452,0.514888
2.459600,-82.529000,-222.050000,1.202606,0.513949
2.759600,-82.529000,-222.050000,1.168017,0.517237
3.059600,-82.529000,-222.050000,1.166581,0.515623
3.359600,-82.529000,-222.050000,1.211827,0.515991
3.659600,-82.529000,-222.050000,1.202525,0.514501
3.959600,-82.529000,-222.050000,1.199098,0.516104
4.259600,-82.529000,-222.050000,1.201656,0.513047
4.559600,-82.529000,-222.050000,1.234813,0.517734
4.859600,-82.529000,-222.050000,1.225930,0.520334
5.159600,-82.529000,-222.050000,1.180220,0.510298
5.459600,-82.529000,-222.050000,1.166385,0.516203
5.759600,-82.529000,-222.050000,1.176679,0.515924
6.059600,-82.529000,-222.050000,1.197264,0.518227
6.359600,-82.529000,-222.050000,1.143770,0.515204
6.659600,-82.529000,-222.050000,1.179569,0.511873
6.959600,-82.529000,-222.050000,1.193308,0.514046
7.259600,-82.529000,-222.050000,1.213565,0.512197
7.559600,-82.529000,-222.050000,1.241394,0.515551
7.859600,-82.529000,-222.050000,1.196302,0.511017
8.159600,-82.529000,-222.050000,1.174686,0.511687
8.459600,-82.529000,-222.050000,1.185537,0.509566
8.759600,-82.529000,-222.050000,1.177500,0.506602
9.059600,-82.529000,-222.050000,1.203931,0.507834
9.359600,-82.529000,-222.050000,1.216595,0.509133
9.659600,-82.529000,-222.050000,1.144746,0.511282
9.959600,-82.529000,-222.050000,1.166854,0.510256
10.259600,-82.529000,-222.050000,1.165015,0.503553
-11.640400,-82.229000,-222.050000,1.175148,0.504843
-11.340400,-82.229000,-222.050000,1.154573,0.509627
-11.040400,-82.229000,-222.050000,1.195212,0.509804
-10.740400,-82.229000,-222.050000,1.180151,0.509101
-10.440400,-82.229000,-222.050000,1.159458,0.510432
-10.140400,-82.229000,-222.050000,1.120958,0.513421
-9.840400,-82.229000,-222.050000,1.173698,0.515202
-9.540400,-82.229000,-222.050000,1.209052,0.512835
-9.240400,-82.229000,-222.050000,1.152829,0.507192
-8.940400,-82.229000,-222.050000,1.177110,0.512974
-8.640400,-82.229000,-222.050000,1.175528,0.513444
-8.340400,-82.229000,-222.050000,1.194673,0.514765
-8.040400,-82.229000,-222.050000,1.204515,0.514884
-7.740400,-82.229000,-222.050000,1.204343,0.509792
-7.440400,-82.229000,-222.050000,1.163899,0.511741
-7.140400,-82.229000,-222.050000,1.131503,0.511247
-6.840400,-82.229000,-222.050000,1.192349,0.507714
-6.540400,-82.229000,-222.050000,1.173970,0.510247
-6.240400,-82.229000,-222.050000,1.239447,0.507986
-5.940400,-82.229000,-222.050000,1.164836,0.513575
-5.640400,-82.229000,-222.050000,1.153964,0.512664
-5.340400,-82.229000,-222.050000,1.209024,0.508035
-5.040400,-82.229000,-222.050000,1.182728,0.512865
-4.740400,-82.229000,-222.050000,1.179864,0.517012
-4.440400,-82.229000,-222.050000,1.166593,0.513188
-4.140400,-82.229000,-222.050000,1.202221,0.510521
-3.840400,-82.229000,-222.050000,1.206196,0.507780
-3.540400,-82.229000,-222.050000,1.205449,0.513375
-3.240400,-82.229000,-222.050000,1.188915,0.512191
-2.940400,-82.229000,-222.050000,1.180727,0.505786
-2.640400,-82.229000,-222.050000,1.201087,0.513862
-2.340400,-82.229000,-222.050000,1.152705,0.506283
-2.040400,-82.229000,-222.050000,1.212771,0.515751
-1.740400,-82.229000,-222.050000,1.208407,0.511520
-1.440400,-82.229000,-222.050000,1.161792,0.509840
-1.140400,-82.229000,-222.050000,1.190621,0.510388
-0.840400,-82.229000,-222.050000,1.262233,0.518528
-0.540400,-82.229000,-222.050000,1.271934,0.514018
-0.240400,-82.229000,-222.050000,1.195948,0.510117
0.059600,-82.229000,-222.050000,1.143715,0.508485
0.359600,-82.229000,-222.050000,1.156942,0.510471
0.659600,-82.229000,-222.050000,1.160853,0.515177
0.959600,-82.229000,-222.050000,1.158034,0.510761
1.259600,-82.229000,-222.050000,1.178314,0.510924
1.559600,-82.229000,-222.050000,1.130909,0.506979
1.859600,-82.229000,-222.050000,1.143025,0.510837
2.159600,-82.229000,-222.050000,1.156001,0.509488
2.459600,-82.229000,-222.050000,1.214836,0.513591
2.759600,-82.229000,-222.050000,1.152515,0.515738
3.059600,-82.229000,-222.050000,1.135589,0.513518
3.359600,-82.229000,-222.050000,1.184850,0.514488
3.659600,-82.229000,-222.050000,1.163139,0.512287
3.959600,-82.229000,-222.050000,1.235760,0.514945
4.259600,-82.229000,-222.050000,1.188034,0.511912
4.559600,-82.229000,-222.050000,1.221614,0.514336
4.859600,-82.229000,-222.050000,1.184713,0.518113
5.159600,-82.229000,-222.050000,1.193826,0.512513
5.459600,-82.229000,-222.050000,1.168684,0.516189
5.759600,-82.229000,-222.050000,1.137514,0.511511
6.059600,-82.229000,-222.050000,1.203816,0.517094
6.359600,-82.229000,-222.050000,1.191326,0.514558
6.659600,-82.229000,-222.050000,1.225931,0.510566
6.959600,-82.229000,-222.050000,1.215596,0.514450
7.259600,-82.229000,-222.050000,1.185572,0.511898
7.559600,-82.229000,-222.050000,1.145919,0.511239
7.859600,-82.229000,-222.050000,1.160308,0.510116
8.159600,-82.229000,-222.050000,1.165043,0.510458
8.459600,-82.229000,-222.050000,1.188456,0.505101
8.759600,-82.229000,-222.050000,1.176959,0.504200
9.059600,-82.229000,-222.050000,1.219535,0.508421
9.359600,-82.229000,-222.050000,1.175489,0.509807
9.659600,-82.229000,-222.050000,1.178922,0.508376
9.959600,-82.229000,-222.050000,1.154979,0.505419
10.259600,-82.229000,-222.050000,1.212582,0.505413
-11.640400,-82.529000,-221.750000,1.178903,0.508687
-11.340400,-82.529000,-221.750000,1.162362,0.506429
-11.040400,-82.529000,-221.750000,1.163581,0.508577
-10.740400,-82.529000,-221.750000,1.175408,0.509864
-10.440400,-82.529000,-221.750000,1.167349,0.511680
-10.140400,-82.529000,-221.750000,1.212584,0.513999
-9.840400,-82.529000,-221.750000,1.212377,0.511738
-9.540400,-82.529000,-221.750000,1.179338,0.510491
-9.240400,-82.529000,-221.750000,1.188991,0.511906
-8.940400,-82.529000,-221.750000,1.210027,0.515473
-8.640400,-82.529000,-221.750000,1.199261,0.515333
-8.340400,-82.529000,-221.750000,1.179669,0.513820
-8.040400,-82.529000,-221.750000,1.177228,0.517323
-7.740400,-82.529000,-221.750000,1.166478,0.514643
-7.440400,-82.529000,-221.750000,1.244517,0.520777
-7.140400,-82.529000,-221.750000,1.193098,0.510911
-6.840400,-82.529000,-221.750000,1.192088,0.515944
-6.540400,-82.529000,-221.750000,1.162464,0.515264
-6.240400,-82.529000,-221.750000,1.167870,0.511181
-5.940400,-82.529000,-221.750000,1.195237,0.514201
-5.640400,-82.529000,-221.750000,1.205268,0.511622
-5.340400,-82.529000,-221.750000,1.199773,0.513588
-5.040400,-82.529000,-221.750000,1.201859,0.510216
-4.740400,-82.529000,-221.750000,1.205340,0.513206
-4.440400,-82.529000,-221.750000,1.186505,0.510947
-4.140400,-82.529000,-221.750000,1.205624,0.511992
-3.840400,-82.529000,-221.750000,1.184154,0.518719
-3.540400,-82.529000,-221.750000,1.190567,0.514554
-3.240400,-82.529000,-221.750000,1.199519,0.512284
-2.940400,-82.529000,-221.750000,1.179193,0.514328
-2.640400,-82.529000,-221.750000,1.182465,0.512080
-2.340400,-82.529000,-221.750000,1.208119,0.517960
-2.040400,-82.529000,-221.750000,1.182755,0.515770
-1.740400,-82.529000,-221.750000,1.183547,0.517496
-1.440400,-82.529000,-221.750000,1.217155,0.513748
-1.140400,-82.529000,-221.750000,1.167650,0.507415
-0.840400,-82.529000,-221.750000,1.190955,0.515545
-0.540400,-82.529000,-221.750000,1.182809,0.519339
-0.240400,-82.529000,-221.750000,1.156252,0.514363
0.059600,-82.529000,-221.750000,1.191858,0.511532
0.359600,-82.529000,-221.750000,1.181198,0.511442
0.659600,-82.529000,-221.750000,1.189135,0.517155
0.959600,-82.529000,-221.750000,1.186412,0.511184
1.259600,-82.529000,-221.750000,1.215585,0.515184
1.559600,-82.529000,-221.750000,1.161808,0.510526
1.859600,-82.529000,-221.750000,1.157837,0.514485
2.159600,-82.529000,-221.750000,1.199804,0.518175
2.459600,-82.529000,-221.750000,1.200414,0.518493
2.759600,-82.529000,-221.750000,1.180789,0.517873
3.059600,-82.529000,-221.750000,1.184326,0.519390
3.359600,-82.529000,-221.750000,1.182484,0.508771
3.659600,-82.529000,-221.750000,1.199506,0.511997
3.959600,-82.529000,-221.750000,1.188105,0.523878
4.259600,-82.529000,-221.750000,1.255257,0.515070
4.559600,-82.529000,-221.750000,1.208800,0.515822
4.859600,-82.529000,-221.750000,1.257089,0.513873
5.159600,-82.529000,-221.750000,1.187787,0.510937
5.459600,-82.529000,-221.750000,1.241192,0.512235
5.759600,-82.529000,-221.750000,1.168355,0.508160
6.059600,-82.529000,-221.750000,1.159123,0.514212
6.359600,-82.529000,-221.750000,1.200410,0.517277
6.659600,-82.529000,-221.750000,1.175888,0.515322
6.959600,-82.529000,-221.750000,1.165975,0.516588
7.259600,-82.529000,-221.750000,1.215774,0.512880
7.559600,-82.529000,-221.750000,1.160826,0.512254
7.859600,-82.529000,-221.750000,1.225263,0.511497
8.159600,-82.529000,-221.750000,1.196983,0.514191
8.459600,-82.529000,-221.750000,1.201939,0.512300
8.759600,-82.529000,-221.750000,1.193900,0.514865
9.059600,-82.529000,-221.750000,1.170346,0.511506
9.359600,-82.529000,-221.750000,1.205213,0.511334
9.659600,-82.529000,-221.750000,1.159539,0.508680
9.959600,-82.529000,-221.750000,1.168687,0.510922
10.259600,-82.529000,-221.750000,1.212345,0.510830
-11.640400,-82.229000,-221.750000,1.160312,0.506679
-11.340400,-82.229000,-221.750000,1.165824,0.503984
-11.040400,-82.229000,-221.750000,1.154585,0.506416
-10.740400,-82.229000,-221.750000,1.173631,0.507264
-10.440400,-82.229000,-221.750000,1.186049,0.509898
-10.140400,-82.229000,-221.750000,1.218557,0.511337
-9.840400,-82.229000,-221.750000,1.217924,0.508825
-9.540400,-82.229000,-221.750000,1.205919,0.509277
-9.240400,-82.229000,-221.750000,1.208863,0.510910
-8.940400,-82.229000,-221.750000,1.141869,0.514856
-8.640400,-82.229000,-221.750000,1.205274,0.513494
-8.340400,-82.229000,-221.750000,1.157332,0.512443
-8.040400,-82.229000,-221.750000,1.209824,0.513962
-7.740400,-82.229000,-221.750000,1.156798,0.514855
-7.440400,-82.229000,-221.750000,1.194307,0.516955
-7.140400,-82.229000,-221.750000,1.134879,0.504848
-6.840400,-82.229000,-221.750000,1.174676,0.513088
-6.540400,-82.229000,-221.750000,1.209888,0.515767
-6.240400,-82.229000,-221.750000,1.225154,0.508565
-5.940400,-82.229000,-221.750000,1.157117,0.513015
-5.640400,-82.229000,-221.750000,1.173340,0.507547
-5.340400,-82.229000,-221.750000,1.183067,0.508764
-5.040400,-82.229000,-221.750000,1.183040,0.507277
-4.740400,-82.229000,-221.750000,1.176219,0.510395
-4.440400,-82.229000,-221.750000,1.204845,0.510198
-4.140400,-82.229000,-221.750000,1.207841,0.510137
-3.840400,-82.229000,-221.750000,1.201614,0.517399
-3.540400,-82.229000,-221.750000,1.207247,0.516304
-3.240400,-82.229000,-221.750000,1.189253,0.511269
-2.940400,-82.229000,-221.750000,1.204758,0.512777
-2.640400,-82.229000,-221.750000,1.189909,0.510926
-2.340400,-82.229000,-221.750000,1.219880,0.514998
-2.040400,-82.229000,-221.750000,1.187014,0.516664
-1.740400,-82.229000,-221.750000,1.201440,0.517401
-1.440400,-82.229000,-221.750000,1.197249,0.510218
-1.140400,-82.229000,-221.750000,1.157794,0.507489
-0.840400,-82.229000,-221.750000,1.171146,0.513092
-0.540400,-82.229000,-221.750000,1.216179,0.515191
-0.240400,-82.229000,-221.750000,1.170959,0.513783
0.059600,-82.229000,-221.750000,1.163820,0.508424
0.359600,-82.229000,-221.750000,1.187194,0.509562
0.659600,-82.229000,-221.750000,1.150848,0.514914
0.959600,-82.229000,-221.750000,1.183466,0.515422
1.259600,-82.229000,-221.750000,1.207034,0.513776
1.559600,-82.229000,-221.750000,1.225790,0.509987
1.859600,-82.229000,-221.750000,1.175513,0.515140
2.159600,-82.229000,-221.750000,1.163973,0.513929
2.459600,-82.229000,-221.750000,1.150337,0.512162
2.759600,-82.229000,-221.750000,1.257793,0.520234
3.059600,-82.229000,-221.750000,1.209074,0.516439
3.359600,-82.229000,-221.750000,1.147777,0.508613
3.659600,-82.229000,-221.750000,1.192856,0.511997
3.959600,-82.229000,-221.750000,1.166911,0.517408
4.259600,-82.229000,-221.750000,1.223362,0.512069
4.559600,-82.229000,-221.750000,1.206977,0.512926
4.859600,-82.229000,-221.750000,1.203643,0.510061
5.159600,-82.229000,-221.750000,1.198883,0.511639
5.459600,-82.229000,-221.750000,1.197181,0.513706
5.759600,-82.229000,-221.750000,1.226908,0.508765
6.059600,-82.229000,-221.750000,1.231506,0.509993
6.359600,-82.229000,-221.750000,1.164222,0.514130
6.659600,-82.229000,-221.750000,1.230190,0.513070
6.959600,-82.229000,-221.750000,1.199517,0.515990
7.259600,-82.229000,-221.750000,1.210655,0.509371
7.559600,-82.229000,-221.750000,1.221398,0.512602
7.859600,-82.229000,-221.750000,1.146444,0.507871
8.159600,-82.229000,-221.750000,1.150235,0.509463
8.459600,-82.229000,-221.750000,1.194767,0.510278
8.759600,-82.229000,-221.750000,1.198374,0.510904
9.059600,-82.229000,-221.750000,1.162459,0.509710
9.359600,-82.229000,-221.750000,1.165472,0.507160
9.659600,-82.229000,-221.750000,1.182672,0.508428
9.959600,-82.229000,-221.750000,1.162609,0.506739
10.259600,-82.229000,-221.750000,1.141347,0.508473
-11.640400,-82.529000,-221.450000,1.174547,0.506762
-11.340400,-82.529000,-221.450000,1.184143,0.503335
-11.040400,-82.529000,-221.450000,1.152520,0.507542
-10.740400,-82.529000,-221.450000,1.221445,0.508128
-10.440400,-82.529000,-221.450000,1.228805,0.518791
-10.140400,-82.529000,-221.450000,1.207402,0.512481
-9.840400,-82.529000,-221.450000,1.197072,0.516358
-9.540400,-82.529000,-221.450000,1.198112,0.514662
-9.240400,-82.529000,-221.450000,1.233679,0.511943
-8.940400,-82.529000,-221.450000,1.185115,0.514938
-8.640400,-82.529000,-221.450000,1.173629,0.512790
-8.340400,-82.529000,-221.450000,1.197578,0.516120
-8.040400,-82.529000,-221.450000,1.153647,0.516567
-7.740400,-82.529000,-221.450000,1.146914,0.515871
-7.440400,-82.529000,-221.450000,1.227231,0.516653
-7.140400,-82.529000,-221.450000,1.198236,0.510378
-6.840400,-82.529000,-221.450000,1.185304,0.513599
-6.540400,-82.529000,-221.450000,1.176783,0.511497
-6.240400,-82.529000,-221.450000,1.231759,0.512914
-5.940400,-82.529000,-221.450000,1.169056,0.509470
-5.640400,-82.529000,-221.450000,1.167219,0.514450
-5.340400,-82.529000,-221.450000,1.225939,0.519312
-5.040400,-82.529000,-221.450000,1.195945,0.505571
-4.740400,-82.529000,-221.450000,1.196900,0.516212
-4.440400,-82.529000,-221.450000,1.214144,0.515313
-4.140400,-82.529000,-221.450000,1.170359,0.517606
-3.840400,-82.529000,-221.450000,1.149700,0.516221
-3.540400,-82.529000,-221.450000,1.185212,0.516364
-3.240400,-82.529000,-221.450000,1.230679,0.522497
-2.940400,-82.529000,-221.450000,1.182589,0.512565
-2.640400,-82.529000,-221.450000,1.174279,0.514359
-2.340400,-82.529000,-221.450000,1.184260,0.513401
-2.040400,-82.529000,-221.450000,1.187232,0.513860
-1.740400,-82.529000,-221.450000,1.171533,0.513694
-1.440400,-82.529000,-221.450000,1.190039,0.512118
-1.140400,-82.529000,-221.450000,1.219608,0.511081
-0.840400,-82.529000,-221.450000,1.203140,0.516191
-0.540400,-82.529000,-221.450000,1.195582,0.511579
-0.240400,-82.529000,-221.450000,1.185024,0.518775
0.059600,-82.529000,-221.450000,1.165828,0.506579
0.359600,-82.529000,-221.450000,1.206635,0.517963
0.659600,-82.529000,-221.450000,1.168241,0.516205
0.959600,-82.529000,-221.450000,1.157754,0.512802
1.259600,-82.529000,-221.450000,1.175589,0.519144
1.559600,-82.529000,-221.450000,1.152094,0.509968
1.859600,-82.529000,-221.450000,1.168580,0.514646
2.159600,-82.529000,-221.450000,1.241766,0.509546
2.459600,-82.529000,-221.450000,1.161634,0.513050
2.759600,-82.529000,-221.450000,1.221738,0.516932
3.059600,-82.529000,-221.450000,1.229955,0.518535
3.359600,-82.529000,-221.450000,1.219162,0.511337
3.659600,-82.529000,-221.450000,1.153728,0.511785
3.959600,-82.529000,-221.450000,1.139810,0.512695
4.259600,-82.529000,-221.450000,1.196338,0.511058
4.559600,-82.529000,-221.450000,1.230181,0.513817
4.859600,-82.529000,-221.450000,1.246591,0.520932
5.159600,-82.529000,-221.450000,1.162632,0.510850
5.459600,-82.529000,-221.450000,1.203490,0.513124
5.759600,-82.529000,-221.450000,1.249777,0.514499
6.059600,-82.529000,-221.450000,1.209431,0.515528
6.359600,-82.529000,-221.450000,1.181153,0.513668
6.659600,-82.529000,-221.450000,1.182014,0.515893
6.959600,-82.529000,-221.450000,1.151105,0.514326
7.259600,-82.529000,-221.450000,1.194221,0.510143
7.559600,-82.529000,-221.450000,1.198858,0.512583
7.859600,-82.529000,-221.450000,1.206930,0.516260
8.159600,-82.529000,-221.450000,1.233185,0.511343
8.459600,-82.529000,-221.450000,1.172256,0.506441
8.759600,-82.529000,-221.450000,1.176480,0.513231
9.059600,-82.529000,-221.450000,1.203896,0.508876
9.359600,-82.529000,-221.450000,1.227942,0.509900
9.659600,-82.529000,-221.450000,1.186436,0.510578
9.959600,-82.529000,-221.450000,1.209044,0.502238
-11.640400,-82.229000,-221.450000,1.167444,0.506345
-11.340400,-82.229000,-221.450000,1.153617,0.501593
-11.040400,-82.229000,-221.450000,1.204798,0.509423
-10.740400,-82.229000,-221.450000,1.201307,0.505586
-10.440400,-82.229000,-221.450000,1.176774,0.515497
-10.140400,-82.229000,-221.450000,1.197701,0.514675
-9.840400,-82.229000,-221.450000,1.166325,0.513581
-9.540400,-82.229000,-221.450000,1.174994,0.510459
-9.240400,-82.229000,-221.450000,1.203611,0.509450
-8.940400,-82.229000,-221.450000,1.203720,0.515970
-8.640400,-82.229000,-221.450000,1.178294,0.509736
-8.340400,-82.229000,-221.450000,1.184293,0.512644
-8.040400,-82.229000,-221.450000,1.171988,0.513748
-7.740400,-82.229000,-221.450000,1.152894,0.517790
-7.440400,-82.229000,-221.450000,1.186768,0.513257
-7.140400,-82.229000,-221.450000,1.185415,0.507523
-6.840400,-82.229000,-221.450000,1.199598,0.510964
-6.540400,-82.229000,-221.450000,1.160763,0.510728
-6.240400,-82.229000,-221.450000,1.218230,0.512110
-5.940400,-82.229000,-221.450000,1.165156,0.508376
-5.640400,-82.229000,-221.450000,1.149695,0.510283
-5.340400,-82.229000,-221.450000,1.147137,0.517498
-5.040400,-82.229000,-221.450000,1.228200,0.504448
-4.740400,-82.229000,-221.450000,1.224456,0.512289
-4.440400,-82.229000,-221.450000,1.171112,0.509114
-4.140400,-82.229000,-221.450000,1.216790,0.515707
-3.840400,-82.229000,-221.450000,1.189204,0.514579
-3.540400,-82.229000,-221.450000,1.205735,0.513594
-3.240400,-82.229000,-221.450000,1.194822,0.517895
-2.940400,-82.229000,-221.450000,1.218103,0.509801
-2.640400,-82.229000,-221.450000,1.186670,0.513308
-2.340400,-82.229000,-221.450000,1.221671,0.510618
-2.040400,-82.229000,-221.450000,1.166408,0.512122
-1.740400,-82.229000,-221.450000,1.173349,0.514582
-1.440400,-82.229000,-221.450000,1.184738,0.510472
-1.140400,-82.229000,-221.450000,1.191690,0.510799
-0.840400,-82.229000,-221.450000,1.164726,0.514695
-0.540400,-82.229000,-221.450000,1.174606,0.509131
-0.240400,-82.229000,-221.450000,1.138805,0.515818
0.059600,-82.229000,-221.450000,1.156433,0.507243
0.359600,-82.229000,-221.450000,1.177567,0.516607
0.659600,-82.229000,-221.450000,1.162898,0.515525
0.959600,-82.229000,-221.450000,1.176062,0.509385
1.259600,-82.229000,-221.450000,1.196880,0.510528
1.559600,-82.229000,-221.450000,1.156978,0.508241
1.859600,-82.229000,-221.450000,1.213653,0.512860
2.159600,-82.229000,-221.450000,1.193257,0.508407
2.459600,-82.229000,-221.450000,1.167266,0.511516
2.759600,-82.229000,-221.450000,1.186757,0.516577
3.059600,-82.229000,-221.450000,1.202459,0.516167
3.359600,-82.229000,-221.450000,1.223344,0.509900
3.659600,-82.229000,-221.450000,1.153671,0.510756
3.959600,-82.229000,-221.450000,1.169244,0.511551
4.259600,-82.229000,-221.450000,1.182781,0.505783
4.559600,-82.229000,-221.450000,1.216708,0.510304
4.859600,-82.229000,-221.450000,1.185470,0.516916
5.159600,-82.229000,-221.450000,1.170928,0.507694
5.459600,-82.229000,-221.450000,1.171192,0.512668
5.759600,-82.229000,-221.450000,1.207594,0.514004
6.059600,-82.229000,-221.450000,1.180529,0.513851
6.359600,-82.229000,-221.450000,1.152926,0.511463
6.659600,-82.229000,-221.450000,1.184328,0.515544
6.959600,-82.229000,-221.450000,1.158576,0.516157
7.259600,-82.229000,-221.450000,1.145580,0.506000
7.559600,-82.229000,-221.450000,1.199516,0.512314
7.859600,-82.229000,-221.450000,1.186583,0.515190
8.159600,-82.229000,-221.450000,1.212744,0.507903
8.459600,-82.229000,-221.450000,1.152412,0.504493
8.759600,-82.229000,-221.450000,1.169604,0.508497
9.059600,-82.229000,-221.450000,1.206223,0.505337
9.359600,-82.229000,-221.450000,1.189305,0.505978
9.659600,-82.229000,-221.450000,1.176319,0.508196
9.959600,-82.229000,-221.450000,1.162533,0.498138
10.259600,-82.229000,-221.450000,1.242050,0.507171
-11.640400,-82.529000,-221.150000,1.156931,0.505203
-11.340400,-82.529000,-221.150000,1.168900,0.510852
-11.040400,-82.529000,-221.150000,1.234101,0.511025
-10.740400,-82.529000,-221.150000,1.210051,0.513412
-10.440400,-82.529000,-221.150000,1.172920,0.517714
-10.140400,-82.529000,-221.150000,1.178769,0.514983
-9.840400,-82.529000,-221.150000,1.222809,0.508628
-9.540400,-82.529000,-221.150000,1.207912,0.511411
-9.240400,-82.529000,-221.150000,1.150630,0.508372
-8.940400,-82.529000,-221.150000,1.229275,0.512974
-8.640400,-82.529000,-221.150000,1.203468,0.514545
-8.340400,-82.529000,-221.150000,1.188740,0.514684
-8.040400,-82.529000,-221.150000,1.199775,0.512716
-7.740400,-82.529000,-221.150000,1.176667,0.512784
-7.440400,-82.529000,-221.150000,1.156901,0.509106
-7.140400,-82.529000,-221.150000,1.197890,0.515097
-6.840400,-82.529000,-221.150000,1.203841,0.514145
-6.540400,-82.529000,-221.150000,1.148464,0.509108
-6.240400,-82.529000,-221.150000,1.191239,0.512207
-5.940400,-82.529000,-221.150000,1.163707,0.516454
-5.640400,-82.529000,-221.150000,1.170199,0.519320
-5.340400,-82.529000,-221.150000,1.205948,0.513380
-5.040400,-82.529000,-221.150000,1.237963,0.517822
-4.740400,-82.529000,-221.150000,1.202435,0.511704
-4.440400,-82.529000,-221.150000,1.164539,0.511929
-4.140400,-82.529000,-221.150000,1.200324,0.512953
-3.840400,-82.529000,-221.150000,1.174469,0.515276
-3.540400,-82.529000,-221.150000,1.212727,0.515923
-3.240400,-82.529000,-221.150000,1.198207,0.515638
-2.940400,-82.529000,-221.150000,1.199727,0.515993
-2.640400,-82.529000,-221.150000,1.210243,0.519130
-2.340400,-82.529000,-221.150000,1.182547,0.514953
-2.040400,-82.529000,-221.150000,1.159664,0.518588
-1.740400,-82.529000,-221.150000,1.189067,0.518214
-1.440400,-82.529000,-221.150000,1.152768,0.521494
-1.140400,-82.529000,-221.150000,1.205703,0.516673
-0.840400,-82.529000,-221.150000,1.223509,0.515092
-0.540400,-82.529000,-221.150000,1.194451,0.512704
-0.240400,-82.529000,-221.150000,1.221733,0.517247
0.059600,-82.529000,-221.150000,1.168496,0.514193
0.359600,-82.529000,-221.150000,1.209850,0.517047
0.659600,-82.529000,-221.150000,1.213126,0.514383
0.959600,-82.529000,-221.150000,1.144001,0.513283
1.259600,-82.529000,-221.150000,1.175294,0.512623
1.559600,-82.529000,-221.150000,1.201355,0.520635
1.859600,-82.529000,-221.150000,1.156857,0.513034
2.159600,-82.529000,-221.150000,1.179985,0.514451
2.459600,-82.529000,-221.150000,1.149935,0.514491
2.759600,-82.529000,-221.150000,1.199636,0.516952
3.059600,-82.529000,-221.150000,1.199522,0.516087
3.359600,-82.529000,-221.150000,1.194284,0.512991
3.659600,-82.529000,-221.150000,1.203807,0.510648
3.959600,-82.529000,-221.150000,1.194215,0.520202
4.259600,-82.529000,-221.150000,1.196033,0.509777
4.559600,-82.529000,-221.150000,1.172111,0.518946
4.859600,-82.529000,-221.150000,1.213431,0.518232
5.159600,-82.529000,-221.150000,1.183017,0.513961
5.459600,-82.529000,-221.150000,1.160558,0.517817
5.759600,-82.529000,-221.150000,1.191836,0.515905
6.059600,-82.529000,-221.150000,1.166182,0.510177
6.359600,-82.529000,-221.150000,1.254863,0.520845
6.659600,-82.529000,-221.150000,1.206218,0.515181
6.959600,-82.529000,-221.150000,1.164090,0.510082
7.259600,-82.529000,-221.150000,1.187529,0.513501
7.559600,-82.529000,-221.150000,1.175543,0.517482
7.859600,-82.529000,-221.150000,1.225235,0.512158
8.159600,-82.529000,-221.150000,1.248551,0.511197
8.459600,-82.529000,-221.150000,1.247741,0.519218
8.759600,-82.529000,-221.150000,1.200746,0.511784
9.059600,-82.529000,-221.150000,1.176377,0.515730
9.359600,-82.529000,-221.150000,1.191998,0.510440
9.659600,-82.529000,-221.150000,1.183218,0.509477
9.959600,-82.529000,-221.150000,1.171001,0.507058
-11.640400,-82.229000,-221.150000,1.154656,0.502530
-11.340400,-82.229000,-221.150000,1.192071,0.509358
-11.040400,-82.229000,-221.150000,1.183469,0.509033
-10.740400,-82.229000,-221.150000,1.194611,0.512845
-10.440400,-82.229000,-221.150000,1.244160,0.515241
-10.140400,-82.229000,-221.150000,1.129404,0.510921
-9.840400,-82.229000,-221.150000,1.219750,0.506927
-9.540400,-82.229000,-221.150000,1.163325,0.509444
-9.240400,-82.229000,-221.150000,1.183849,0.508687
-8.940400,-82.229000,-221.150000,1.192652,0.512226
-8.640400,-82.229000,-221.150000,1.182767,0.508673
-8.340400,-82.229000,-221.150000,1.132982,0.514674
-8.040400,-82.229000,-221.150000,1.190637,0.509633
-7.740400,-82.229000,-221.150000,1.210758,0.513426
-7.440400,-82.229000,-221.150000,1.184793,0.510764
-7.140400,-82.229000,-221.150000,1.196980,0.511649
-6.840400,-82.229000,-221.150000,1.162638,0.515494
-6.540400,-82.229000,-221.150000,1.132343,0.506189
-6.240400,-82.229000,-221.150000,1.141872,0.509419
-5.940400,-82.229000,-221.150000,1.156215,0.512369
-5.640400,-82.229000,-221.150000,1.127515,0.515736
-5.340400,-82.229000,-221.150000,1.174999,0.511269
-5.040400,-82.229000,-221.150000,1.206766,0.518344
-4.740400,-82.229000,-221.150000,1.201297,0.511029
-4.440400,-82.229000,-221.150000,1.136918,0.510249
-4.140400,-82.229000,-221.150000,1.134027,0.511020
-3.840400,-82.229000,-221.150000,1.149250,0.509799
-3.540400,-82.229000,-221.150000,1.201371,0.515754
-3.240400,-82.229000,-221.150000,1.194110,0.515053
-2.940400,-82.229000,-221.150000,1.158614,0.513886
-2.640400,-82.229000,-221.150000,1.165278,0.515556
-2.340400,-82.229000,-221.150000,1.195590,0.515717
-2.040400,-82.229000,-221.150000,1.206136,0.516689
-1.740400,-82.229000,-221.150000,1.217199,0.517922
-1.440400,-82.229000,-221.150000,1.168978,0.519118
-1.140400,-82.229000,-221.150000,1.158075,0.510866
-0.840400,-82.229000,-221.150000,1.186893,0.512694
-0.540400,-82.229000,-221.150000,1.218792,0.512525
-0.240400,-82.229000,-221.150000,1.170104,0.511138
0.059600,-82.229000,-221.150000,1.142724,0.513249
0.359600,-82.229000,-221.150000,1.186524,0.514551
0.659600,-82.229000,-221.150000,1.166423,0.511496
0.959600,-82.229000,-221.150000,1.220230,0.510323
1.259600,-82.229000,-221.150000,1.180130,0.509168
1.559600,-82.229000,-221.150000,1.171092,0.516090
1.859600,-82.229000,-221.150000,1.208597,0.513708
2.159600,-82.229000,-221.150000,1.169477,0.512321
2.459600,-82.229000,-221.150000,1.158868,0.513933
2.759600,-82.229000,-221.150000,1.233850,0.515102
3.059600,-82.229000,-221.150000,1.220276,0.513795
3.359600,-82.229000,-221.150000,1.148905,0.509315
3.659600,-82.229000,-221.150000,1.205088,0.507807
3.959600,-82.229000,-221.150000,1.191079,0.519629
4.259600,-82.229000,-221.150000,1.176870,0.507453
4.559600,-82.229000,-221.150000,1.185810,0.518490
4.859600,-82.229000,-221.150000,1.218919,0.514063
5.159600,-82.229000,-221.150000,1.178261,0.512796
5.459600,-82.229000,-221.150000,1.149411,0.515426
5.759600,-82.229000,-221.150000,1.148947,0.512574
6.059600,-82.229000,-221.150000,1.135678,0.508751
6.359600,-82.229000,-221.150000,1.147276,0.516449
6.659600,-82.229000,-221.150000,1.184763,0.511025
6.959600,-82.229000,-221.150000,1.175851,0.509059
7.259600,-82.229000,-221.150000,1.165712,0.511604
7.559600,-82.229000,-221.150000,1.179329,0.514486
7.859600,-82.229000,-221.150000,1.189930,0.509163
8.159600,-82.229000,-221.150000,1.218497,0.508335
8.459600,-82.229000,-221.150000,1.194052,0.514435
8.759600,-82.229000,-221.150000,1.199290,0.510547
9.059600,-82.229000,-221.150000,1.150446,0.511903
9.359600,-82.229000,-221.150000,1.206432,0.508542
9.659600,-82.229000,-221.150000,1.193321,0.508114
9.959600,-82.229000,-221.150000,1.171775,0.504779
-11.640400,-82.529000,-220.850000,1.180813,0.506645
-11.340400,-82.529000,-220.850000,1.178001,0.508638
-11.040400,-82.529000,-220.850000,1.214142,0.508743
-10.740400,-82.529000,-220.850000,1.200037,0.509128
-10.440400,-82.529000,-220.850000,1.169818,0.509447
-10.140400,-82.529000,-220.850000,1.177489,0.513539
-9.840400,-82.529000,-220.850000,1.178983,0.510932
-9.540400,-82.529000,-220.850000,1.197482,0.514525
-9.240400,-82.529000,-220.850000,1.204834,0.506980
-8.940400,-82.529000,-220.850000,1.167561,0.507453
-8.640400,-82.529000,-220.850000,1.213130,0.511588
-8.340400,-82.529000,-220.850000,1.171259,0.510173
-8.040400,-82.529000,-220.850000,1.170714,0.510420
-7.740400,-82.529000,-220.850000,1.199068,0.511851
-7.440400,-82.529000,-220.850000,1.169659,0.510672
-7.140400,-82.529000,-220.850000,1.215790,0.510967
-6.840400,-82.529000,-220.850000,1.186901,0.503389
-6.540400,-82.529000,-220.850000,1.208163,0.513689
-6.240400,-82.529000,-220.850000,1.164382,0.515347
-5.940400,-82.529000,-220.850000,1.204133,0.518524
-5.640400,-82.529000,-220.850000,1.178785,0.515132
-5.340400,-82.529000,-220.850000,1.204063,0.508869
-5.040400,-82.529000,-220.850000,1.229128,0.517919
-4.740400,-82.529000,-220.850000,1.221822,0.520251
-4.440400,-82.529000,-220.850000,1.185402,0.516188
-4.140400,-82.529000,-220.850000,1.205549,0.513384
-3.840400,-82.529000,-220.850000,1.179002,0.516516
-3.540400,-82.529000,-220.850000,1.206138,0.515377
-3.240400,-82.529000,-220.850000,1.179012,0.512191
-2.940400,-82.529000,-220.850000,1.165734,0.516547
-2.640400,-82.529000,-220.850000,1.207247,0.513596
-2.340400,-82.529000,-220.850000,1.191785,0.515065
-2.040400,-82.529000,-220.850000,1.226866,0.514858
-1.740400,-82.529000,-220.850000,1.200108,0.514147
-1.440400,-82.529000,-220.850000,1.184509,0.520502
-1.140400,-82.529000,-220.850000,1.185825,0.515046
-0.840400,-82.529000,-220.850000,1.191348,0.510154
-0.540400,-82.529000,-220.850000,1.155466,0.511929
-0.240400,-82.529000,-220.850000,1.176570,0.512723
0.059600,-82.529000,-220.850000,1.191176,0.512996
0.359600,-82.529000,-220.850000,1.215329,0.515625
0.659600,-82.529000,-220.850000,1.141385,0.515786
0.959600,-82.529000,-220.850000,1.168650,0.518199
1.259600,-82.529000,-220.850000,1.159693,0.511401
1.559600,-82.529000,-220.850000,1.219111,0.515239
1.859600,-82.529000,-220.850000,1.222124,0.515262
2.159600,-82.529000,-220.850000,1.220052,0.512989
2.459600,-82.529000,-220.850000,1.214683,0.513038
2.759600,-82.529000,-220.850000,1.172249,0.513404
3.059600,-82.529000,-220.850000,1.167211,0.519771
3.359600,-82.529000,-220.850000,1.219468,0.513888
3.659600,-82.529000,-220.850000,1.159055,0.514218
3.959600,-82.529000,-220.850000,1.177187,0.508610
4.259600,-82.529000,-220.850000,1.177293,0.512372
4.559600,-82.529000,-220.850000,1.201144,0.513402
4.859600,-82.529000,-220.850000,1.187922,0.517282
5.159600,-82.529000,-220.850000,1.210086,0.511800
5.459600,-82.529000,-220.850000,1.162161,0.516341
5.759600,-82.529000,-220.850000,1.221848,0.512023
6.059600,-82.529000,-220.850000,1.175238,0.510544
6.359600,-82.529000,-220.850000,1.169997,0.515928
6.659600,-82.529000,-220.850000,1.224537,0.508937
6.959600,-82.529000,-220.850000,1.199691,0.510183
7.259600,-82.529000,-220.850000,1.206047,0.509373
7.559600,-82.529000,-220.850000,1.207456,0.508354
7.859600,-82.529000,-220.850000,1.177919,0.509977
8.159600,-82.529000,-220.850000,1.163952,0.514458
8.459600,-82.529000,-220.850000,1.187740,0.511597
8.759600,-82.529000,-220.850000,1.173559,0.512618
9.059600,-82.529000,-220.850000,1.203558,0.510047
9.359600,-82.529000,-220.850000,1.160456,0.507209
9.659600,-82.529000,-220.850000,1.170102,0.513366
-11.640400,-82.229000,-220.850000,1.152622,0.504413
-11.340400,-82.229000,-220.850000,1.167461,0.506802
-11.040400,-82.229000,-220.850000,1.177191,0.504879
-10.740400,-82.229000,-220.850000,1.165136,0.509543
-10.440400,-82.229000,-220.850000,1.202664,0.508832
-10.140400,-82.229000,-220.850000,1.196472,0.512454
-9.840400,-82.229000,-220.850000,1.162263,0.508751
-9.540400,-82.229000,-220.850000,1.212293,0.510165
-9.240400,-82.229000,-220.850000,1.199858,0.504791
-8.940400,-82.229000,-220.850000,1.208286,0.506773
-8.640400,-82.229000,-220.850000,1.176156,0.508813
-8.340400,-82.229000,-220.850000,1.164496,0.508684
-8.040400,-82.229000,-220.850000,1.202078,0.508068
-7.740400,-82.229000,-220.850000,1.146955,0.511919
-7.440400,-82.229000,-220.850000,1.151783,0.511842
-7.140400,-82.229000,-220.850000,1.221428,0.510267
-6.840400,-82.229000,-220.850000,1.206149,0.498937
-6.540400,-82.229000,-220.850000,1.163184,0.515732
-6.240400,-82.229000,-220.850000,1.120431,0.511438
-5.940400,-82.229000,-220.850000,1.175313,0.515537
-5.640400,-82.229000,-220.850000,1.202250,0.514804
-5.340400,-82.229000,-220.850000,1.208663,0.507562
-5.040400,-82.229000,-220.850000,1.211876,0.515457
-4.740400,-82.229000,-220.850000,1.179427,0.512843
-4.440400,-82.229000,-220.850000,1.176932,0.513574
-4.140400,-82.229000,-220.850000,1.143086,0.512371
-3.840400,-82.229000,-220.850000,1.155126,0.512849
-3.540400,-82.229000,-220.850000,1.194100,0.513556
-3.240400,-82.229000,-220.850000,1.232819,0.512652
-2.940400,-82.229000,-220.850000,1.162778,0.517296
-2.640400,-82.229000,-220.850000,1.168056,0.515231
-2.340400,-82.229000,-220.850000,1.194850,0.513423
-2.040400,-82.229000,-220.850000,1.184800,0.512913
-1.740400,-82.229000,-220.850000,1.214785,0.513531
-1.440400,-82.229000,-220.850000,1.194490,0.515963
-1.140400,-82.229000,-220.850000,1.199638,0.512618
-0.840400,-82.229000,-220.850000,1.249587,0.509346
-0.540400,-82.229000,-220.850000,1.153480,0.510402
-0.240400,-82.229000,-220.850000,1.183007,0.509835
0.059600,-82.229000,-220.850000,1.148607,0.512663
0.359600,-82.229000,-220.850000,1.151898,0.510924
0.659600,-82.229000,-220.850000,1.168215,0.514228
0.959600,-82.229000,-220.850000,1.204825,0.516125
1.259600,-82.229000,-220.850000,1.149642,0.509656
1.559600,-82.229000,-220.850000,1.198842,0.512026
1.859600,-82.229000,-220.850000,1.204110,0.513240
2.159600,-82.229000,-220.850000,1.224547,0.511118
2.459600,-82.229000,-220.850000,1.197277,0.511117
2.759600,-82.229000,-220.850000,1.216662,0.513369
3.059600,-82.229000,-220.850000,1.204813,0.519033
3.359600,-82.229000,-220.850000,1.204110,0.512524
3.659600,-82.229000,-220.850000,1.185172,0.513083
3.959600,-82.229000,-220.850000,1.204839,0.508862
4.259600,-82.229000,-220.850000,1.163115,0.511858
4.559600,-82.229000,-220.850000,1.181676,0.512292
4.859600,-82.229000,-220.850000,1.151190,0.513654
5.159600,-82.229000,-220.850000,1.221735,0.512412
5.459600,-82.229000,-220.850000,1.199411,0.513700
5.759600,-82.229000,-220.850000,1.155785,0.508276
6.059600,-82.229000,-220.850000,1.181175,0.510570
6.359600,-82.229000,-220.850000,1.175354,0.512552
6.659600,-82.229000,-220.850000,1.155585,0.504240
6.959600,-82.229000,-220.850000,1.155721,0.508105
7.259600,-82.229000,-220.850000,1.214308,0.507214
7.559600,-82.229000,-220.850000,1.174984,0.510128
7.859600,-82.229000,-220.850000,1.186130,0.507809
8.159600,-82.229000,-220.850000,1.249040,0.516821
8.459600,-82.229000,-220.850000,1.191897,0.509308
8.759600,-82.229000,-220.850000,1.190754,0.509621
9.059600,-82.229000,-220.850000,1.160076,0.506324
9.359600,-82.229000,-220.850000,1.198579,0.507888
9.659600,-82.229000,-220.850000,1.148994,0.508846
-11.640400,-82.529000,-220.550000,1.176250,0.509235
-11.340400,-82.529000,-220.550000,1.199074,0.509170
-11.040400,-82.529000,-220.550000,1.182400,0.510390
-10.740400,-82.529000,-220.550000,1.222930,0.512084
-10.440400,-82.529000,-220.550000,1.180620,0.516192
-10.140400,-82.529000,-220.550000,1.180027,0.514877
-9.840400,-82.529000,-220.550000,1.189872,0.510369
-9.540400,-82.529000,-220.550000,1.205752,0.512610
-9.240400,-82.529000,-220.550000,1.171834,0.512755
-8.940400,-82.529000,-220.550000,1.152370,0.510032
-8.640400,-82.529000,-220.550000,1.166779,0.511839
-8.340400,-82.529000,-220.550000,1.171906,0.510246
-8.040400,-82.529000,-220.550000,1.166593,0.515967
-7.740400,-82.529000,-220.550000,1.212695,0.509451
-7.440400,-82.529000,-220.550000,1.159423,0.512990
-7.140400,-82.529000,-220.550000,1.172416,0.513287
-6.840400,-82.529000,-220.550000,1.192456,0.515265
-6.540400,-82.529000,-220.550000,1.177111,0.513925
-6.240400,-82.529000,-220.550000,1.190245,0.513413
-5.940400,-82.529000,-220.550000,1.200667,0.518789
-5.640400,-82.529000,-220.550000,1.160548,0.511261
-5.340400,-82.529000,-220.550000,1.228020,0.516459
-5.040400,-82.529000,-220.550000,1.175647,0.519849
-4.740400,-82.529000,-220.550000,1.186071,0.511117
-4.440400,-82.529000,-220.550000,1.181649,0.518251
-4.140400,-82.529000,-220.550000,1.151786,0.519330
-3.840400,-82.529000,-220.550000,1.180075,0.513135
-3.540400,-82.529000,-220.550000,1.189250,0.507941
-3.240400,-82.529000,-220.550000,1.190022,0.515769
-2.940400,-82.529000,-220.550000,1.209813,0.510987
-2.640400,-82.529000,-220.550000,1.192455,0.514024
-2.340400,-82.529000,-220.550000,1.159882,0.516518
-2.040400,-82.529000,-220.550000,1.255401,0.515817
-1.740400,-82.529000,-220.550000,1.135390,0.517246
-1.440400,-82.529000,-220.550000,1.210477,0.514849
-1.140400,-82.529000,-220.550000,1.181929,0.515777
-0.840400,-82.529000,-220.550000,1.147883,0.515507
-0.540400,-82.529000,-220.550000,1.193088,0.508756
-0.240400,-82.529000,-220.550000,1.222485,0.516229
0.059600,-82.529000,-220.550000,1.153181,0.514364
0.359600,-82.529000,-220.550000,1.149688,0.513872
0.659600,-82.529000,-220.550000,1.206082,0.516287
0.959600,-82.529000,-220.550000,1.195762,0.513328
1.259600,-82.529000,-220.550000,1.172238,0.515028
1.559600,-82.529000,-220.550000,1.174573,0.512085
1.859600,-82.529000,-220.550000,1.163554,0.516417
2.159600,-82.529000,-220.550000,1.171049,0.515637
2.459600,-82.529000,-220.550000,1.218970,0.512941
2.759600,-82.529000,-220.550000,1.170315,0.515146
3.059600,-82.529000,-220.550000,1.201813,0.506890
3.359600,-82.529000,-220.550000,1.188989,0.513732
3.659600,-82.529000,-220.550000,1.205157,0.511867
3.959600,-82.529000,-220.550000,1.214475,0.517097
4.259600,-82.529000,-220.550000,1.217171,0.513790
4.559600,-82.529000,-220.550000,1.155213,0.508877
4.859600,-82.529000,-220.550000,1.178089,0.513048
5.159600,-82.529000,-220.550000,1.241525,0.509984
5.459600,-82.529000,-220.550000,1.154260,0.514115
5.759600,-82.529000,-220.550000,1.203761,0.518064
6.059600,-82.529000,-220.550000,1.197129,0.512512
6.359600,-82.529000,-220.550000,1.220413,0.509784
6.659600,-82.529000,-220.550000,1.210150,0.513797
6.959600,-82.529000,-220.550000,1.184186,0.513857
7.259600,-82.529000,-220.550000,1.170426,0.512289
7.559600,-82.529000,-220.550000,1.182697,0.508933
7.859600,-82.529000,-220.550000,1.170738,0.518945
8.159600,-82.529000,-220.550000,1.146719,0.512851
8.459600,-82.529000,-220.550000,1.199109,0.513080
8.759600,-82.529000,-220.550000,1.238071,0.504338
9.059600,-82.529000,-220.550000,1.212460,0.510983
-11.640400,-82.229000,-220.550000,1.192809,0.506428
-11.340400,-82.229000,-220.550000,1.178031,0.509774
-11.040400,-82.229000,-220.550000,1.127928,0.507711
-10.740400,-82.229000,-220.550000,1.155744,0.505863
-10.440400,-82.229000,-220.550000,1.172317,0.512801
-10.140400,-82.229000,-220.550000,1.179926,0.514321
-9.840400,-82.229000,-220.550000,1.239919,0.509628
-9.540400,-82.229000,-220.550000,1.191918,0.513581
-9.240400,-82.229000,-220.550000,1.159585,0.510130
-8.940400,-82.229000,-220.550000,1.166057,0.508927
-8.640400,-82.229000,-220.550000,1.172691,0.508222
-8.340400,-82.229000,-220.550000,1.181143,0.511804
-8.040400,-82.229000,-220.550000,1.242511,0.517972
-7.740400,-82.229000,-220.550000,1.203293,0.508537
-7.440400,-82.229000,-220.550000,1.201195,0.509845
-7.140400,-82.229000,-220.550000,1.160813,0.511913
-6.840400,-82.229000,-220.550000,1.126255,0.512202
-6.540400,-82.229000,-220.550000,1.187669,0.513732
-6.240400,-82.229000,-220.550000,1.175506,0.514924
-5.940400,-82.229000,-220.550000,1.153328,0.515558
-5.640400,-82.229000,-220.550000,1.163368,0.510873
-5.340400,-82.229000,-220.550000,1.193785,0.512581
-5.040400,-82.229000,-220.550000,1.175750,0.518513
-4.740400,-82.229000,-220.550000,1.172573,0.510718
-4.440400,-82.229000,-220.550000,1.178379,0.513940
-4.140400,-82.229000,-220.550000,1.201274,0.516128
-3.840400,-82.229000,-220.550000,1.212388,0.509466
-3.540400,-82.229000,-220.550000,1.190450,0.512350
-3.240400,-82.229000,-220.550000,1.208310,0.517685
-2.940400,-82.229000,-220.550000,1.151502,0.510098
-2.640400,-82.229000,-220.550000,1.141241,0.512126
-2.340400,-82.229000,-220.550000,1.204427,0.515776
-2.040400,-82.229000,-220.550000,1.194046,0.510654
-1.740400,-82.229000,-220.550000,1.152999,0.513351
-1.440400,-82.229000,-220.550000,1.168663,0.512363
-1.140400,-82.229000,-220.550000,1.167811,0.513519
-0.840400,-82.229000,-220.550000,1.205765,0.517615
-0.540400,-82.229000,-220.550000,1.165448,0.506429
-0.240400,-82.229000,-220.550000,1.170184,0.509387
0.059600,-82.229000,-220.550000,1.200439,0.511179
0.359600,-82.229000,-220.550000,1.187254,0.512173
0.659600,-82.229000,-220.550000,1.196362,0.512926
0.959600,-82.229000,-220.550000,1.200657,0.514271
1.259600,-82.229000,-220.550000,1.190835,0.512459
1.559600,-82.229000,-220.550000,1.213882,0.511028
1.859600,-82.229000,-220.550000,1.170320,0.512618
2.159600,-82.229000,-220.550000,1.162445,0.513260
2.459600,-82.229000,-220.550000,1.215290,0.511071
2.759600,-82.229000,-220.550000,1.196718,0.512408
3.059600,-82.229000,-220.550000,1.208179,0.506013
3.359600,-82.229000,-220.550000,1.161839,0.513107
3.659600,-82.229000,-220.550000,1.211580,0.510713
3.959600,-82.229000,-220.550000,1.165737,0.514703
4.259600,-82.229000,-220.550000,1.245404,0.516633
4.559600,-82.229000,-220.550000,1.203438,0.507440
4.859600,-82.229000,-220.550000,1.202627,0.514495
5.159600,-82.229000,-220.550000,1.165853,0.509459
5.459600,-82.229000,-220.550000,1.173514,0.514420
5.759600,-82.229000,-220.550000,1.154214,0.513316
6.059600,-82.229000,-220.550000,1.242332,0.510417
6.359600,-82.229000,-220.550000,1.203364,0.508444
6.659600,-82.229000,-220.550000,1.192830,0.513761
6.959600,-82.229000,-220.550000,1.227373,0.514153
7.259600,-82.229000,-220.550000,1.188022,0.512686
7.559600,-82.229000,-220.550000,1.154379,0.505463
7.859600,-82.229000,-220.550000,1.145454,0.515382
8.159600,-82.229000,-220.550000,1.166713,0.512068
8.459600,-82.229000,-220.550000,1.188657,0.508910
8.759600,-82.229000,-220.550000,1.165178,0.501016
9.059600,-82.229000,-220.550000,1.189668,0.507629
9.359600,-82.229000,-220.550000,1.188817,0.507794
-11.640400,-82.529000,-220.250000,1.219741,0.512298
-11.340400,-82.529000,-220.250000,1.216616,0.511116
-11.040400,-82.529000,-220.250000,1.189476,0.509974
-10.740400,-82.529000,-220.250000,1.202448,0.502804
-10.440400,-82.529000,-220.250000,1.190672,0.510664
-10.140400,-82.529000,-220.250000,1.172735,0.516362
-9.840400,-82.529000,-220.250000,1.193154,0.512976
-9.540400,-82.529000,-220.250000,1.226579,0.511597
-9.240400,-82.529000,-220.250000,1.183037,0.514344
-8.940400,-82.529000,-220.250000,1.171053,0.512227
-8.640400,-82.529000,-220.250000,1.164300,0.513027
-8.340400,-82.529000,-220.250000,1.181841,0.514484
-8.040400,-82.529000,-220.250000,1.212227,0.513955
-7.740400,-82.529000,-220.250000,1.163113,0.513062
-7.440400,-82.529000,-220.250000,1.165596,0.512251
-7.140400,-82.529000,-220.250000,1.174518,0.512616
-6.840400,-82.529000,-220.250000,1.214418,0.507282
-6.540400,-82.529000,-220.250000,1.205416,0.511872
-6.240400,-82.529000,-220.250000,1.185716,0.513181
-5.940400,-82.529000,-220.250000,1.193448,0.517502
-5.640400,-82.529000,-220.250000,1.179903,0.512050
-5.340400,-82.529000,-220.250000,1.149938,0.510856
-5.040400,-82.529000,-220.250000,1.175564,0.517631
-4.740400,-82.529000,-220.250000,1.198916,0.515300
-4.440400,-82.529000,-220.250000,1.181119,0.517099
-4.140400,-82.529000,-220.250000,1.188316,0.507076
-3.840400,-82.529000,-220.250000,1.195874,0.512428
-3.540400,-82.529000,-220.250000,1.233758,0.515927
-3.240400,-82.529000,-220.250000,1.177184,0.513380
-2.940400,-82.529000,-220.250000,1.194906,0.510160
-2.640400,-82.529000,-220.250000,1.214526,0.514575
-2.340400,-82.529000,-220.250000,1.228782,0.520304
-2.040400,-82.529000,-220.250000,1.212813,0.516680
-1.740400,-82.529000,-220.250000,1.234982,0.513285
-1.440400,-82.529000,-220.250000,1.182639,0.514840
-1.140400,-82.529000,-220.250000,1.163076,0.511031
-0.840400,-82.529000,-220.250000,1.200462,0.521076
-0.540400,-82.529000,-220.250000,1.206512,0.505141
-0.240400,-82.529000,-220.250000,1.191410,0.519073
0.059600,-82.529000,-220.250000,1.210538,0.514049
0.359600,-82.529000,-220.250000,1.157086,0.516807
0.659600,-82.529000,-220.250000,1.206514,0.513940
0.959600,-82.529000,-220.250000,1.149953,0.515871
1.259600,-82.529000,-220.250000,1.166525,0.514358
1.559600,-82.529000,-220.250000,1.179477,0.515004
1.859600,-82.529000,-220.250000,1.148157,0.510336
2.159600,-82.529000,-220.250000,1.199421,0.510917
2.459600,-82.529000,-220.250000,1.160176,0.512867
2.759600,-82.529000,-220.250000,1.189078,0.514095
3.059600,-82.529000,-220.250000,1.197180,0.516388
3.359600,-82.529000,-220.250000,1.196306,0.515357
3.659600,-82.529000,-220.250000,1.219893,0.516387
3.959600,-82.529000,-220.250000,1.214027,0.515261
4.259600,-82.529000,-220.250000,1.218259,0.517029
4.559600,-82.529000,-220.250000,1.199369,0.516546
4.859600,-82.529000,-220.250000,1.189021,0.512954
5.159600,-82.529000,-220.250000,1.207619,0.515070
5.459600,-82.529000,-220.250000,1.192622,0.511426
5.759600,-82.529000,-220.250000,1.183090,0.517817
6.059600,-82.529000,-220.250000,1.185847,0.509167
6.359600,-82.529000,-220.250000,1.187347,0.514023
6.659600,-82.529000,-220.250000,1.162148,0.512657
6.959600,-82.529000,-220.250000,1.187295,0.511416
7.259600,-82.529000,-220.250000,1.209413,0.518582
7.559600,-82.529000,-220.250000,1.164166,0.508650
7.859600,-82.529000,-220.250000,1.185949,0.514157
8.159600,-82.529000,-220.250000,1.196175,0.509405
-11.640400,-82.229000,-220.250000,1.243053,0.509381
-11.340400,-82.229000,-220.250000,1.258378,0.511394
-11.040400,-82.229000,-220.250000,1.132619,0.506243
-10.740400,-82.229000,-220.250000,1.136975,0.501962
-10.440400,-82.229000,-220.250000,1.214916,0.510073
-10.140400,-82.229000,-220.250000,1.172883,0.513695
-9.840400,-82.229000,-220.250000,1.208292,0.512197
-9.540400,-82.229000,-220.250000,1.179050,0.504105
-9.240400,-82.229000,-220.250000,1.179287,0.514333
-8.940400,-82.229000,-220.250000,1.185249,0.510757
-8.640400,-82.229000,-220.250000,1.155445,0.510825
-8.340400,-82.229000,-220.250000,1.176944,0.511491
-8.040400,-82.229000,-220.250000,1.219644,0.509971
-7.740400,-82.229000,-220.250000,1.159358,0.511358
-7.440400,-82.229000,-220.250000,1.199926,0.510352
-7.140400,-82.229000,-220.250000,1.167906,0.511242
-6.840400,-82.229000,-220.250000,1.159722,0.504634
-6.540400,-82.229000,-220.250000,1.164326,0.510560
-6.240400,-82.229000,-220.250000,1.168586,0.510607
-5.940400,-82.229000,-220.250000,1.171469,0.512681
-5.640400,-82.229000,-220.250000,1.172632,0.510591
-5.340400,-82.229000,-220.250000,1.197854,0.510759
-5.040400,-82.229000,-220.250000,1.103875,0.511936
-4.740400,-82.229000,-220.250000,1.136934,0.511784
-4.440400,-82.229000,-220.250000,1.170069,0.516860
-4.140400,-82.229000,-220.250000,1.176096,0.507781
-3.840400,-82.229000,-220.250000,1.159943,0.505954
-3.540400,-82.229000,-220.250000,1.184153,0.511884
-3.240400,-82.229000,-220.250000,1.169163,0.511701
-2.940400,-82.229000,-220.250000,1.144540,0.509853
-2.640400,-82.229000,-220.250000,1.183125,0.515806
-2.340400,-82.229000,-220.250000,1.186990,0.517445
-2.040400,-82.229000,-220.250000,1.201929,0.514073
-1.740400,-82.229000,-220.250000,1.162865,0.510713
-1.440400,-82.229000,-220.250000,1.215149,0.512232
-1.140400,-82.229000,-220.250000,1.215808,0.511181
-0.840400,-82.229000,-220.250000,1.252456,0.520648
-0.540400,-82.229000,-220.250000,1.203698,0.503162
-0.240400,-82.229000,-220.250000,1.169109,0.518915
0.059600,-82.229000,-220.250000,1.194734,0.512701
0.359600,-82.229000,-220.250000,1.174582,0.514708
0.659600,-82.229000,-220.250000,1.182637,0.510458
0.959600,-82.229000,-220.250000,1.193563,0.515393
1.259600,-82.229000,-220.250000,1.188281,0.513765
1.559600,-82.229000,-220.250000,1.238293,0.515225
1.859600,-82.229000,-220.250000,1.179074,0.509917
2.159600,-82.229000,-220.250000,1.175675,0.509871
2.459600,-82.229000,-220.250000,1.186467,0.513455
2.759600,-82.229000,-220.250000,1.214674,0.513619
3.059600,-82.229000,-220.250000,1.150087,0.512874
3.359600,-82.229000,-220.250000,1.173343,0.512270
3.659600,-82.229000,-220.250000,1.201370,0.515620
3.959600,-82.229000,-220.250000,1.164215,0.514521
4.259600,-82.229000,-220.250000,1.226340,0.518608
4.559600,-82.229000,-220.250000,1.212473,0.514381
4.859600,-82.229000,-220.250000,1.166219,0.508460
5.159600,-82.229000,-220.250000,1.207717,0.513126
5.459600,-82.229000,-220.250000,1.205174,0.509637
5.759600,-82.229000,-220.250000,1.211367,0.517743
6.059600,-82.229000,-220.250000,1.243932,0.508492
6.359600,-82.229000,-220.250000,1.172247,0.511982
6.659600,-82.229000,-220.250000,1.174022,0.508522
6.959600,-82.229000,-220.250000,1.186355,0.509552
7.259600,-82.229000,-220.250000,1.144360,0.515236
7.559600,-82.229000,-220.250000,1.216241,0.508865
7.859600,-82.229000,-220.250000,1.177628,0.512497
8.159600,-82.229000,-220.250000,1.119979,0.503829
8.459600,-82.229000,-220.250000,1.200882,0.510227
-11.640400,-82.529000,-219.950000,1.176863,0.506212
-11.340400,-82.529000,-219.950000,1.198026,0.504472
-11.040400,-82.529000,-219.950000,1.189955,0.507275
-10.740400,-82.529000,-219.950000,1.215521,0.516221
-10.440400,-82.529000,-219.950000,1.185282,0.509829
-10.140400,-82.529000,-219.950000,1.176150,0.516652
-9.840400,-82.529000,-219.950000,1.248608,0.507854
-9.540400,-82.529000,-219.950000,1.184722,0.511762
-9.240400,-82.529000,-219.950000,1.194281,0.512827
-8.940400,-82.529000,-219.950000,1.200276,0.509363
-8.640400,-82.529000,-219.950000,1.195698,0.515326
-8.340400,-82.529000,-219.950000,1.165378,0.512681
-8.040400,-82.529000,-219.950000,1.185728,0.518336
-7.740400,-82.529000,-219.950000,1.169120,0.512882
-7.440400,-82.529000,-219.950000,1.178867,0.512861
-7.140400,-82.529000,-219.950000,1.182658,0.513531
-6.840400,-82.529000,-219.950000,1.217411,0.512938
-6.540400,-82.529000,-219.950000,1.172150,0.515212
-6.240400,-82.529000,-219.950000,1.197664,0.514516
-5.940400,-82.529000,-219.950000,1.200131,0.515467
-5.640400,-82.529000,-219.950000,1.213658,0.510409
-5.340400,-82.529000,-219.950000,1.171547,0.512191
-5.040400,-82.529000,-219.950000,1.164516,0.515456
-4.740400,-82.529000,-219.950000,1.171100,0.512013
-4.440400,-82.529000,-219.950000,1.142783,0.511773
-4.140400,-82.529000,-219.950000,1.191134,0.514140
-3.840400,-82.529000,-219.950000,1.186367,0.515315
-3.540400,-82.529000,-219.950000,1.168093,0.513617
-3.240400,-82.529000,-219.950000,1.191598,0.517099
-2.940400,-82.529000,-219.950000,1.217816,0.518604
-2.640400,-82.529000,-219.950000,1.198856,0.514436
-2.340400,-82.529000,-219.950000,1.222900,0.515757
-2.040400,-82.529000,-219.950000,1.230037,0.514691
-1.740400,-82.529000,-219.950000,1.214408,0.520452
-1.440400,-82.529000,-219.950000,1.163780,0.518637
-1.140400,-82.529000,-219.950000,1.151863,0.512463
-0.840400,-82.529000,-219.950000,1.174881,0.513328
-0.540400,-82.529000,-219.950000,1.212960,0.515989
-0.240400,-82.529000,-219.950000,1.154363,0.510359
0.059600,-82.529000,-219.950000,1.203251,0.515718
0.359600,-82.529000,-219.950000,1.195731,0.518276
0.659600,-82.529000,-219.950000,1.199790,0.513235
0.959600,-82.529000,-219.950000,1.170616,0.515190
1.259600,-82.529000,-219.950000,1.183075,0.514255
1.559600,-82.529000,-219.950000,1.213076,0.514805
1.859600,-82.529000,-219.950000,1.197203,0.516874
2.159600,-82.529000,-219.950000,1.179340,0.515795
2.459600,-82.529000,-219.950000,1.214264,0.515751
2.759600,-82.529000,-219.950000,1.208558,0.515062
3.059600,-82.529000,-219.950000,1.225955,0.511656
3.359600,-82.529000,-219.950000,1.197696,0.517147
3.659600,-82.529000,-219.950000,1.200066,0.517432
3.959600,-82.529000,-219.950000,1.171200,0.510467
4.259600,-82.529000,-219.950000,1.150821,0.513460
4.559600,-82.529000,-219.950000,1.213432,0.516241
4.859600,-82.529000,-219.950000,1.221678,0.511682
5.159600,-82.529000,-219.950000,1.207497,0.514856
5.459600,-82.529000,-219.950000,1.199200,0.510970
5.759600,-82.529000,-219.950000,1.183194,0.513081
6.059600,-82.529000,-219.950000,1.182096,0.509789
6.359600,-82.529000,-219.950000,1.207083,0.513205
6.659600,-82.529000,-219.950000,1.188347,0.510728
6.959600,-82.529000,-219.950000,1.192565,0.513679
-11.640400,-82.229000,-219.950000,1.195388,0.503981
-11.340400,-82.229000,-219.950000,1.220692,0.505129
-11.040400,-82.229000,-219.950000,1.175620,0.506160
-10.740400,-82.229000,-219.950000,1.199892,0.512407
-10.440400,-82.229000,-219.950000,1.175378,0.507477
-10.140400,-82.229000,-219.950000,1.184584,0.513547
-9.840400,-82.229000,-219.950000,1.158634,0.505266
-9.540400,-82.229000,-219.950000,1.204648,0.510730
-9.240400,-82.229000,-219.950000,1.189002,0.510891
-8.940400,-82.229000,-219.950000,1.183102,0.508165
-8.640400,-82.229000,-219.950000,1.208943,0.513457
-8.340400,-82.229000,-219.950000,1.174806,0.509967
-8.040400,-82.229000,-219.950000,1.183614,0.512905
-7.740400,-82.229000,-219.950000,1.162323,0.513909
-7.440400,-82.229000,-219.950000,1.146600,0.511500
-7.140400,-82.229000,-219.950000,1.186448,0.514213
-6.840400,-82.229000,-219.950000,1.230059,0.509390
-6.540400,-82.229000,-219.950000,1.196183,0.514567
-6.240400,-82.229000,-219.950000,1.211483,0.514502
-5.940400,-82.229000,-219.950000,1.199829,0.514052
-5.640400,-82.229000,-219.950000,1.184171,0.506876
-5.340400,-82.229000,-219.950000,1.177149,0.509480
-5.040400,-82.229000,-219.950000,1.158218,0.514405
-4.740400,-82.229000,-219.950000,1.157232,0.510223
-4.440400,-82.229000,-219.950000,1.185262,0.515879
-4.140400,-82.229000,-219.950000,1.210892,0.512373
-3.840400,-82.229000,-219.950000,1.141772,0.513466
-3.540400,-82.229000,-219.950000,1.208261,0.513935
-3.240400,-82.229000,-219.950000,1.203690,0.516042
-2.940400,-82.229000,-219.950000,1.154514,0.514780
-2.640400,-82.229000,-219.950000,1.230682,0.512654
-2.340400,-82.229000,-219.950000,1.168608,0.512544
-2.040400,-82.229000,-219.950000,1.192430,0.512128
-1.740400,-82.229000,-219.950000,1.137475,0.515187
-1.440400,-82.229000,-219.950000,1.170163,0.515741
-1.140400,-82.229000,-219.950000,1.166698,0.511061
-0.840400,-82.229000,-219.950000,1.169148,0.514205
-0.540400,-82.229000,-219.950000,1.211981,0.512980
-0.240400,-82.229000,-219.950000,1.170846,0.510590
0.059600,-82.229000,-219.950000,1.196127,0.513075
0.359600,-82.229000,-219.950000,1.259017,0.515669
0.659600,-82.229000,-219.950000,1.204677,0.510080
0.959600,-82.229000,-219.950000,1.192553,0.512551
1.259600,-82.229000,-219.950000,1.181913,0.513689
1.559600,-82.229000,-219.950000,1.194003,0.509908
1.859600,-82.229000,-219.950000,1.207722,0.513940
2.159600,-82.229000,-219.950000,1.206328,0.517412
2.459600,-82.229000,-219.950000,1.180634,0.511771
2.759600,-82.229000,-219.950000,1.160590,0.509811
3.059600,-82.229000,-219.950000,1.217496,0.510238
3.359600,-82.229000,-219.950000,1.252358,0.516946
3.659600,-82.229000,-219.950000,1.197060,0.519122
3.959600,-82.229000,-219.950000,1.175786,0.510041
4.259600,-82.229000,-219.950000,1.197343,0.514719
4.559600,-82.229000,-219.950000,1.199704,0.515350
4.859600,-82.229000,-219.950000,1.189878,0.509492
5.159600,-82.229000,-219.950000,1.208653,0.512248
5.459600,-82.229000,-219.950000,1.151890,0.510111
5.759600,-82.229000,-219.950000,1.199202,0.511782
6.059600,-82.229000,-219.950000,1.224081,0.508812
6.359600,-82.229000,-219.950000,1.160963,0.510453
6.659600,-82.229000,-219.950000,1.193331,0.507676
6.959600,-82.229000,-219.950000,1.187539,0.507593
7.259600,-82.229000,-219.950000,1.203696,0.514426
-11.640400,-82.529000,-219.650000,1.208319,0.507343
-11.340400,-82.529000,-219.650000,1.235138,0.516297
-11.040400,-82.529000,-219.650000,1.178981,0.510924
-10.740400,-82.529000,-219.650000,1.139956,0.512196
-10.440400,-82.529000,-219.650000,1.172751,0.507360
-10.140400,-82.529000,-219.650000,1.162894,0.512628
-9.840400,-82.529000,-219.650000,1.162424,0.510390
-9.540400,-82.529000,-219.650000,1.194658,0.509787
-9.240400,-82.529000,-219.650000,1.179615,0.516642
-8.940400,-82.529000,-219.650000,1.248715,0.516963
-8.640400,-82.529000,-219.650000,1.222164,0.514457
-8.340400,-82.529000,-219.650000,1.210521,0.515563
-8.040400,-82.529000,-219.650000,1.184773,0.515784
-7.740400,-82.529000,-219.650000,1.208336,0.516017
-7.440400,-82.529000,-219.650000,1.206048,0.512400
-7.140400,-82.529000,-219.650000,1.194530,0.515478
-6.840400,-82.529000,-219.650000,1.190268,0.513065
-6.540400,-82.529000,-219.650000,1.193153,0.514433
-6.240400,-82.529000,-219.650000,1.191861,0.513747
-5.940400,-82.529000,-219.650000,1.193242,0.517785
-5.640400,-82.529000,-219.650000,1.194540,0.516881
-5.340400,-82.529000,-219.650000,1.154484,0.514801
-5.040400,-82.529000,-219.650000,1.185702,0.510195
-4.740400,-82.529000,-219.650000,1.167318,0.509760
-4.440400,-82.529000,-219.650000,1.188225,0.510741
-4.140400,-82.529000,-219.650000,1.188410,0.513047
-3.840400,-82.529000,-219.650000,1.206186,0.513482
-3.540400,-82.529000,-219.650000,1.230039,0.516035
-3.240400,-82.529000,-219.650000,1.241536,0.519403
-2.940400,-82.529000,-219.650000,1.234002,0.515586
-2.640400,-82.529000,-219.650000,1.237007,0.517383
-2.340400,-82.529000,-219.650000,1.192233,0.522017
-2.040400,-82.529000,-219.650000,1.177068,0.511680
-1.740400,-82.529000,-219.650000,1.214430,0.517426
-1.440400,-82.529000,-219.650000,1.214962,0.516966
-1.140400,-82.529000,-219.650000,1.212280,0.516527
-0.840400,-82.529000,-219.650000,1.212852,0.514976
-0.540400,-82.529000,-219.650000,1.197240,0.514318
-0.240400,-82.529000,-219.650000,1.192805,0.515941
0.059600,-82.529000,-219.650000,1.172401,0.512016
0.359600,-82.529000,-219.650000,1.224968,0.508423
0.659600,-82.529000,-219.650000,1.176833,0.514371
0.959600,-82.529000,-219.650000,1.168286,0.515933
1.259600,-82.529000,-219.650000,1.172121,0.512944
1.559600,-82.529000,-219.650000,1.215979,0.512481
1.859600,-82.529000,-219.650000,1.181162,0.512821
2.159600,-82.529000,-219.650000,1.240235,0.518391
2.459600,-82.529000,-219.650000,1.196907,0.524418
2.759600,-82.529000,-219.650000,1.203493,0.513941
3.059600,-82.529000,-219.650000,1.177865,0.513502
3.359600,-82.529000,-219.650000,1.210823,0.516335
3.659600,-82.529000,-219.650000,1.215816,0.511405
3.959600,-82.529000,-219.650000,1.178901,0.511586
4.259600,-82.529000,-219.650000,1.166596,0.508563
4.559600,-82.529000,-219.650000,1.206368,0.513584
4.859600,-82.529000,-219.650000,1.180802,0.512523
5.159600,-82.529000,-219.650000,1.197951,0.514867
5.459600,-82.529000,-219.650000,1.183665,0.517805
5.759600,-82.529000,-219.650000,1.217715,0.518978
6.059600,-82.529000,-219.650000,1.209698,0.512957
6.359600,-82.529000,-219.650000,1.196512,0.511329
-11.640400,-82.229000,-219.650000,1.187052,0.502778
-11.340400,-82.229000,-219.650000,1.155424,0.511967
-11.040400,-82.229000,-219.650000,1.216839,0.507169
-10.740400,-82.229000,-219.650000,1.180587,0.512036
-10.440400,-82.229000,-219.650000,1.171037,0.506034
-10.140400,-82.229000,-219.650000,1.149116,0.511419
-9.840400,-82.229000,-219.650000,1.193855,0.507845
-9.540400,-82.229000,-219.650000,1.181346,0.508933
-9.240400,-82.229000,-219.650000,1.210860,0.514579
-8.940400,-82.229000,-219.650000,1.178509,0.513558
-8.640400,-82.229000,-219.650000,1.213350,0.513452
-8.340400,-82.229000,-219.650000,1.178598,0.516290
-8.040400,-82.229000,-219.650000,1.185269,0.514315
-7.740400,-82.229000,-219.650000,1.162910,0.512775
-7.440400,-82.229000,-219.650000,1.183336,0.509422
-7.140400,-82.229000,-219.650000,1.152200,0.508690
-6.840400,-82.229000,-219.650000,1.229612,0.511474
-6.540400,-82.229000,-219.650000,1.159443,0.510934
-6.240400,-82.229000,-219.650000,1.215178,0.515584
-5.940400,-82.229000,-219.650000,1.205764,0.514908
-5.640400,-82.229000,-219.650000,1.193080,0.514336
-5.340400,-82.229000,-219.650000,1.145072,0.514403
-5.040400,-82.229000,-219.650000,1.156831,0.508443
-4.740400,-82.229000,-219.650000,1.185025,0.509449
-4.440400,-82.229000,-219.650000,1.213148,0.511436
-4.140400,-82.229000,-219.650000,1.179867,0.510510
-3.840400,-82.229000,-219.650000,1.138947,0.510163
-3.540400,-82.229000,-219.650000,1.217041,0.515402
-3.240400,-82.229000,-219.650000,1.193992,0.516856
-2.940400,-82.229000,-219.650000,1.215588,0.514238
-2.640400,-82.229000,-219.650000,1.184364,0.512819
-2.340400,-82.229000,-219.650000,1.196315,0.519896
-2.040400,-82.229000,-219.650000,1.203964,0.511349
-1.740400,-82.229000,-219.650000,1.164297,0.513298
-1.440400,-82.229000,-219.650000,1.197148,0.514731
-1.140400,-82.229000,-219.650000,1.171863,0.513730
-0.840400,-82.229000,-219.650000,1.201749,0.513039
-0.540400,-82.229000,-219.650000,1.236007,0.515363
-0.240400,-82.229000,-219.650000,1.233477,0.517983
0.059600,-82.229000,-219.650000,1.193493,0.510183
0.359600,-82.229000,-219.650000,1.218368,0.507254
0.659600,-82.229000,-219.650000,1.189043,0.512270
0.959600,-82.229000,-219.650000,1.177257,0.515189
1.259600,-82.229000,-219.650000,1.198783,0.509694
1.559600,-82.229000,-219.650000,1.187678,0.511409
1.859600,-82.229000,-219.650000,1.213147,0.509983
2.159600,-82.229000,-219.650000,1.180583,0.515500
2.459600,-82.229000,-219.650000,1.179783,0.519682
2.759600,-82.229000,-219.650000,1.206791,0.514920
3.059600,-82.229000,-219.650000,1.216909,0.515260
3.359600,-82.229000,-219.650000,1.200459,0.513260
3.659600,-82.229000,-219.650000,1.208097,0.510821
3.959600,-82.229000,-219.650000,1.205642,0.512071
4.259600,-82.229000,-219.650000,1.170241,0.507212
4.559600,-82.229000,-219.650000,1.197092,0.509578
4.859600,-82.229000,-219.650000,1.164362,0.511832
5.159600,-82.229000,-219.650000,1.170523,0.512947
5.459600,-82.229000,-219.650000,1.160823,0.511787
5.759600,-82.229000,-219.650000,1.229499,0.515243
6.059600,-82.229000,-219.650000,1.207773,0.510678
6.359600,-82.229000,-219.650000,1.177683,0.509753
6.659600,-82.229000,-219.650000,1.157181,0.513262
-11.640400,-82.529000,-219.350000,1.182811,0.505349
-11.340400,-82.529000,-219.350000,1.174289,0.508829
-11.040400,-82.529000,-219.350000,1.175882,0.511167
-10.740400,-82.529000,-219.350000,1.185454,0.513229
-10.440400,-82.529000,-219.350000,1.160708,0.510701
-10.140400,-82.529000,-219.350000,1.152434,0.515381
-9.840400,-82.529000,-219.350000,1.194048,0.515597
-9.540400,-82.529000,-219.350000,1.188017,0.515577
-9.240400,-82.529000,-219.350000,1.213080,0.517989
-8.940400,-82.529000,-219.350000,1.202631,0.522446
-8.640400,-82.529000,-219.350000,1.196120,0.511615
-8.340400,-82.529000,-219.350000,1.174632,0.510282
-8.040400,-82.529000,-219.350000,1.164005,0.513946
-7.740400,-82.529000,-219.350000,1.150710,0.511645
-7.440400,-82.529000,-219.350000,1.197165,0.513265
-7.140400,-82.529000,-219.350000,1.169517,0.512093
-6.840400,-82.529000,-219.350000,1.178194,0.511878
-6.540400,-82.529000,-219.350000,1.213117,0.513814
-6.240400,-82.529000,-219.350000,1.211926,0.511122
-5.940400,-82.529000,-219.350000,1.197634,0.509743
-5.640400,-82.529000,-219.350000,1.200322,0.511772
-5.340400,-82.529000,-219.350000,1.200176,0.511256
-5.040400,-82.529000,-219.350000,1.168039,0.513786
-4.740400,-82.529000,-219.350000,1.196749,0.516511
-4.440400,-82.529000,-219.350000,1.169455,0.511516
-4.140400,-82.529000,-219.350000,1.168643,0.514303
-3.840400,-82.529000,-219.350000,1.200764,0.518202
-3.540400,-82.529000,-219.350000,1.181459,0.518320
-3.240400,-82.529000,-219.350000,1.200721,0.513836
-2.940400,-82.529000,-219.350000,1.220886,0.516940
-2.640400,-82.529000,-219.350000,1.178765,0.516647
-2.340400,-82.529000,-219.350000,1.170950,0.518549
-2.040400,-82.529000,-219.350000,1.177747,0.513212
-1.740400,-82.529000,-219.350000,1.173918,0.508965
-1.440400,-82.529000,-219.350000,1.217997,0.513152
-1.140400,-82.529000,-219.350000,1.222084,0.515687
-0.840400,-82.529000,-219.350000,1.222217,0.509402
-0.540400,-82.529000,-219.350000,1.215702,0.518067
-0.240400,-82.529000,-219.350000,1.200202,0.514721
0.059600,-82.529000,-219.350000,1.176582,0.516574
0.359600,-82.529000,-219.350000,1.206668,0.513256
0.659600,-82.529000,-219.350000,1.179584,0.510514
0.959600,-82.529000,-219.350000,1.207463,0.515356
1.259600,-82.529000,-219.350000,1.195617,0.519570
1.559600,-82.529000,-219.350000,1.233412,0.518249
1.859600,-82.529000,-219.350000,1.209194,0.519267
2.159600,-82.529000,-219.350000,1.188462,0.512037
2.459600,-82.529000,-219.350000,1.174753,0.513336
2.759600,-82.529000,-219.350000,1.203704,0.514795
3.059600,-82.529000,-219.350000,1.226782,0.512452
3.359600,-82.529000,-219.350000,1.203387,0.516803
3.659600,-82.529000,-219.350000,1.171255,0.513053
3.959600,-82.529000,-219.350000,1.162795,0.513289
4.259600,-82.529000,-219.350000,1.155429,0.512025
4.559600,-82.529000,-219.350000,1.167423,0.510691
4.859600,-82.529000,-219.350000,1.188239,0.515082
5.159600,-82.529000,-219.350000,1.208474,0.513210
5.459600,-82.529000,-219.350000,1.166594,0.515870
5.759600,-82.529000,-219.350000,1.185776,0.516150
-11.640400,-82.229000,-219.350000,1.213924,0.505893
-11.340400,-82.229000,-219.350000,1.193343,0.509445
-11.040400,-82.229000,-219.350000,1.191645,0.508051
-10.740400,-82.229000,-219.350000,1.202528,0.510549
-10.440400,-82.229000,-219.350000,1.155928,0.509582
-10.140400,-82.229000,-219.350000,1.169394,0.512878
-9.840400,-82.229000,-219.350000,1.222345,0.516641
-9.540400,-82.229000,-219.350000,1.169037,0.510285
-9.240400,-82.229000,-219.350000,1.174418,0.514271
-8.940400,-82.229000,-219.350000,1.213648,0.517146
-8.640400,-82.229000,-219.350000,1.178979,0.511554
-8.340400,-82.229000,-219.350000,1.163223,0.507674
-8.040400,-82.229000,-219.350000,1.196647,0.517006
-7.740400,-82.229000,-219.350000,1.172145,0.508131
-7.440400,-82.229000,-219.350000,1.199692,0.510032
-7.140400,-82.229000,-219.350000,1.177985,0.512442
-6.840400,-82.229000,-219.350000,1.172670,0.508936
-6.540400,-82.229000,-219.350000,1.182907,0.513458
-6.240400,-82.229000,-219.350000,1.166425,0.511680
-5.940400,-82.229000,-219.350000,1.173402,0.508604
-5.640400,-82.229000,-219.350000,1.219807,0.510753
-5.340400,-82.229000,-219.350000,1.194639,0.508663
-5.040400,-82.229000,-219.350000,1.178569,0.511328
-4.740400,-82.229000,-219.350000,1.231054,0.513955
-4.440400,-82.229000,-219.350000,1.175629,0.509649
-4.140400,-82.229000,-219.350000,1.150579,0.513562
-3.840400,-82.229000,-219.350000,1.152948,0.516681
-3.540400,-82.229000,-219.350000,1.189507,0.513940
-3.240400,-82.229000,-219.350000,1.165906,0.511934
-2.940400,-82.229000,-219.350000,1.211091,0.517674
-2.640400,-82.229000,-219.350000,1.164625,0.515220
-2.340400,-82.229000,-219.350000,1.181423,0.516043
-2.040400,-82.229000,-219.350000,1.162852,0.510873
-1.740400,-82.229000,-219.350000,1.188815,0.508187
-1.440400,-82.229000,-219.350000,1.182243,0.511739
-1.140400,-82.229000,-219.350000,1.197932,0.512275
-0.840400,-82.229000,-219.350000,1.152929,0.509387
-0.540400,-82.229000,-219.350000,1.178012,0.514197
-0.240400,-82.229000,-219.350000,1.211014,0.514612
0.059600,-82.229000,-219.350000,1.233455,0.512155
0.359600,-82.229000,-219.350000,1.144906,0.509662
0.659600,-82.229000,-219.350000,1.207367,0.513242
0.959600,-82.229000,-219.350000,1.198241,0.511763
1.259600,-82.229000,-219.350000,1.207688,0.517046
1.559600,-82.229000,-219.350000,1.155254,0.508457
1.859600,-82.229000,-219.350000,1.172734,0.515656
2.159600,-82.229000,-219.350000,1.195463,0.508896
2.459600,-82.229000,-219.350000,1.143206,0.511319
2.759600,-82.229000,-219.350000,1.183421,0.511768
3.059600,-82.229000,-219.350000,1.194562,0.510919
3.359600,-82.229000,-219.350000,1.166923,0.513747
3.659600,-82.229000,-219.350000,1.166004,0.512521
3.959600,-82.229000,-219.350000,1.160516,0.514397
4.259600,-82.229000,-219.350000,1.170025,0.509133
4.559600,-82.229000,-219.350000,1.227512,0.511782
4.859600,-82.229000,-219.350000,1.189091,0.514158
5.159600,-82.229000,-219.350000,1.181881,0.512692
5.459600,-82.229000,-219.350000,1.224303,0.511955
5.759600,-82.229000,-219.350000,1.207495,0.514171
-11.640400,-82.529000,-219.050000,1.154717,0.506821
-11.340400,-82.529000,-219.050000,1.147102,0.508337
-11.040400,-82.529000,-219.050000,1.180712,0.506661
-10.740400,-82.529000,-219.050000,1.236261,0.508545
-10.440400,-82.529000,-219.050000,1.172400,0.507793
-10.140400,-82.529000,-219.050000,1.155454,0.506349
-9.840400,-82.529000,-219.050000,1.131371,0.510216
-9.540400,-82.529000,-219.050000,1.188945,0.514484
-9.240400,-82.529000,-219.050000,1.187122,0.511913
-8.940400,-82.529000,-219.050000,1.199564,0.519926
-8.640400,-82.529000,-219.050000,1.250821,0.515636
-8.340400,-82.529000,-219.050000,1.228392,0.516002
-8.040400,-82.529000,-219.050000,1.198010,0.511583
-7.740400,-82.529000,-219.050000,1.171138,0.519421
-7.440400,-82.529000,-219.050000,1.236146,0.522516
-7.140400,-82.529000,-219.050000,1.209331,0.512916
-6.840400,-82.529000,-219.050000,1.202373,0.509764
-6.540400,-82.529000,-219.050000,1.236969,0.521542
-6.240400,-82.529000,-219.050000,1.185224,0.509559
-5.940400,-82.529000,-219.050000,1.195799,0.509667
-5.640400,-82.529000,-219.050000,1.173868,0.511463
-5.340400,-82.529000,-219.050000,1.232714,0.511951
-5.040400,-82.529000,-219.050000,1.205048,0.511782
-4.740400,-82.529000,-219.050000,1.219938,0.513422
-4.440400,-82.529000,-219.050000,1.175438,0.516061
-4.140400,-82.529000,-219.050000,1.183027,0.516811
-3.840400,-82.529000,-219.050000,1.219434,0.508123
-3.540400,-82.529000,-219.050000,1.149526,0.512226
-3.240400,-82.529000,-219.050000,1.193724,0.507640
-2.940400,-82.529000,-219.050000,1.190743,0.518438
-2.640400,-82.529000,-219.050000,1.151774,0.512472
-2.340400,-82.529000,-219.050000,1.200745,0.516502
-2.040400,-82.529000,-219.050000,1.244787,0.515553
-1.740400,-82.529000,-219.050000,1.196141,0.517248
-1.440400,-82.529000,-219.050000,1.160167,0.513416
-1.140400,-82.529000,-219.050000,1.193493,0.513159
-0.840400,-82.529000,-219.050000,1.214249,0.511202
-0.540400,-82.529000,-219.050000,1.232972,0.516364
-0.240400,-82.529000,-219.050000,1.177441,0.508253
0.059600,-82.529000,-219.050000,1.214761,0.513792
0.359600,-82.529000,-219.050000,1.202374,0.512201
0.659600,-82.529000,-219.050000,1.137705,0.510752
0.959600,-82.529000,-219.050000,1.165535,0.509991
1.259600,-82.529000,-219.050000,1.217647,0.516207
1.559600,-82.529000,-219.050000,1.207447,0.516935
1.859600,-82.529000,-219.050000,1.202531,0.512166
2.159600,-82.529000,-219.050000,1.210771,0.510556
2.459600,-82.529000,-219.050000,1.207214,0.519778
2.759600,-82.529000,-219.050000,1.163912,0.513352
3.059600,-82.529000,-219.050000,1.198583,0.516438
3.359600,-82.529000,-219.050000,1.196867,0.510690
3.659600,-82.529000,-219.050000,1.204851,0.513304
3.959600,-82.529000,-219.050000,1.182222,0.514515
4.259600,-82.529000,-219.050000,1.146035,0.509205
4.559600,-82.529000,-219.050000,1.159733,0.507076
4.859600,-82.529000,-219.050000,1.202525,0.510958
5.159600,-82.529000,-219.050000,1.223500,0.513226
-11.640400,-82.229000,-219.050000,1.168770,0.506220
-11.340400,-82.229000,-219.050000,1.149317,0.509474
-11.040400,-82.229000,-219.050000,1.157563,0.507074
-10.740400,-82.229000,-219.050000,1.163745,0.504692
-10.440400,-82.229000,-219.050000,1.202359,0.509680
-10.140400,-82.229000,-219.050000,1.145594,0.504576
-9.840400,-82.229000,-219.050000,1.227867,0.506632
-9.540400,-82.229000,-219.050000,1.184867,0.508472
-9.240400,-82.229000,-219.050000,1.190086,0.509065
-8.940400,-82.229000,-219.050000,1.137638,0.514840
-8.640400,-82.229000,-219.050000,1.176762,0.512839
-8.340400,-82.229000,-219.050000,1.186003,0.509142
-8.040400,-82.229000,-219.050000,1.150516,0.509137
-7.740400,-82.229000,-219.050000,1.217447,0.515812
-7.440400,-82.229000,-219.050000,1.150514,0.519683
-7.140400,-82.229000,-219.050000,1.185798,0.509866
-6.840400,-82.229000,-219.050000,1.154734,0.506619
-6.540400,-82.229000,-219.050000,1.196583,0.519744
-6.240400,-82.229000,-219.050000,1.134468,0.507747
-5.940400,-82.229000,-219.050000,1.150897,0.506772
-5.640400,-82.229000,-219.050000,1.157892,0.507619
-5.340400,-82.229000,-219.050000,1.151459,0.510284
-5.040400,-82.229000,-219.050000,1.169542,0.510538
-4.740400,-82.229000,-219.050000,1.160641,0.511129
-4.440400,-82.229000,-219.050000,1.154387,0.513122
-4.140400,-82.229000,-219.050000,1.192921,0.512642
-3.840400,-82.229000,-219.050000,1.192202,0.507558
-3.540400,-82.229000,-219.050000,1.174280,0.512804
-3.240400,-82.229000,-219.050000,1.154476,0.506965
-2.940400,-82.229000,-219.050000,1.190827,0.516442
-2.640400,-82.229000,-219.050000,1.187298,0.509085
-2.340400,-82.229000,-219.050000,1.172843,0.515985
-2.040400,-82.229000,-219.050000,1.177458,0.512506
-1.740400,-82.229000,-219.050000,1.179462,0.516201
-1.440400,-82.229000,-219.050000,1.244299,0.514037
-1.140400,-82.229000,-219.050000,1.185968,0.508069
-0.840400,-82.229000,-219.050000,1.182523,0.508465
-0.540400,-82.229000,-219.050000,1.225768,0.513841
-0.240400,-82.229000,-219.050000,1.198173,0.506201
0.059600,-82.229000,-219.050000,1.196984,0.512357
0.359600,-82.229000,-219.050000,1.224513,0.509901
0.659600,-82.229000,-219.050000,1.172065,0.511284
0.959600,-82.229000,-219.050000,1.173808,0.509463
1.259600,-82.229000,-219.050000,1.177164,0.513138
1.559600,-82.229000,-219.050000,1.154304,0.509842
1.859600,-82.229000,-219.050000,1.158401,0.509881
2.159600,-82.229000,-219.050000,1.189226,0.507597
2.459600,-82.229000,-219.050000,1.163982,0.515619
2.759600,-82.229000,-219.050000,1.217540,0.514048
3.059600,-82.229000,-219.050000,1.184827,0.512649
3.359600,-82.229000,-219.050000,1.213277,0.512360
3.659600,-82.229000,-219.050000,1.143518,0.508442
3.959600,-82.229000,-219.050000,1.163931,0.510525
4.259600,-82.229000,-219.050000,1.171700,0.509387
4.559600,-82.229000,-219.050000,1.193273,0.508865
4.859600,-82.229000,-219.050000,1.183615,0.507770
5.159600,-82.229000,-219.050000,1.183645,0.509991
5.459600,-82.229000,-219.050000,1.184516,0.510781
-11.640400,-82.529000,-218.750000,1.154944,0.502959
-11.340400,-82.529000,-218.750000,1.165878,0.505375
-11.040400,-82.529000,-218.750000,1.191046,0.505661
-10.740400,-82.529000,-218.750000,1.206347,0.512206
-10.440400,-82.529000,-218.750000,1.144881,0.510188
-10.140400,-82.529000,-218.750000,1.238280,0.512499
-9.840400,-82.529000,-218.750000,1.167080,0.512562
-9.540400,-82.529000,-218.750000,1.187026,0.514183
-9.240400,-82.529000,-218.750000,1.186074,0.514712
-8.940400,-82.529000,-218.750000,1.175787,0.516021
-8.640400,-82.529000,-218.750000,1.211947,0.514093
-8.340400,-82.529000,-218.750000,1.165812,0.512802
-8.040400,-82.529000,-218.750000,1.171800,0.509489
-7.740400,-82.529000,-218.750000,1.234320,0.506225
-7.440400,-82.529000,-218.750000,1.154592,0.519140
-7.140400,-82.529000,-218.750000,1.179971,0.516074
-6.840400,-82.529000,-218.750000,1.153062,0.513643
-6.540400,-82.529000,-218.750000,1.117429,0.507615
-6.240400,-82.529000,-218.750000,1.182501,0.511911
-5.940400,-82.529000,-218.750000,1.138202,0.510848
-5.640400,-82.529000,-218.750000,1.203089,0.515353
-5.340400,-82.529000,-218.750000,1.213976,0.507899
-5.040400,-82.529000,-218.750000,1.203313,0.515008
-4.740400,-82.529000,-218.750000,1.156805,0.511039
-4.440400,-82.529000,-218.750000,1.202950,0.514928
-4.140400,-82.529000,-218.750000,1.194471,0.514478
-3.840400,-82.529000,-218.750000,1.155543,0.512871
-3.540400,-82.529000,-218.750000,1.163290,0.511051
-3.240400,-82.529000,-218.750000,1.228718,0.515643
-2.940400,-82.529000,-218.750000,1.236850,0.511432
-2.640400,-82.529000,-218.750000,1.222975,0.514559
-2.340400,-82.529000,-218.750000,1.179695,0.514043
-2.040400,-82.529000,-218.750000,1.181879,0.513683
-1.740400,-82.529000,-218.750000,1.177009,0.516008
-1.440400,-82.529000,-218.750000,1.199802,0.511210
-1.140400,-82.529000,-218.750000,1.135076,0.507504
-0.840400,-82.529000,-218.750000,1.178872,0.515561
-0.540400,-82.529000,-218.750000,1.183832,0.512165
-0.240400,-82.529000,-218.750000,1.149704,0.513193
0.059600,-82.529000,-218.750000,1.217669,0.512054
0.359600,-82.529000,-218.750000,1.173932,0.508340
0.659600,-82.529000,-218.750000,1.174152,0.514901
0.959600,-82.529000,-218.750000,1.200841,0.516279
1.259600,-82.529000,-218.750000,1.179434,0.514502
1.559600,-82.529000,-218.750000,1.202326,0.513628
1.859600,-82.529000,-218.750000,1.200778,0.516915
2.159600,-82.529000,-218.750000,1.185993,0.514679
2.459600,-82.529000,-218.750000,1.190190,0.510189
2.759600,-82.529000,-218.750000,1.149892,0.508209
3.059600,-82.529000,-218.750000,1.221165,0.515777
3.359600,-82.529000,-218.750000,1.186989,0.520832
3.659600,-82.529000,-218.750000,1.191977,0.510417
3.959600,-82.529000,-218.750000,1.207868,0.516293
4.259600,-82.529000,-218.750000,1.177841,0.509093
4.559600,-82.529000,-218.750000,1.167584,0.510219
-11.640400,-82.229000,-218.750000,1.178284,0.503282
-11.340400,-82.229000,-218.750000,1.148663,0.503354
-11.040400,-82.229000,-218.750000,1.220230,0.503559
-10.740400,-82.229000,-218.750000,1.184936,0.510767
-10.440400,-82.229000,-218.750000,1.200791,0.508484
-10.140400,-82.229000,-218.750000,1.157609,0.509500
-9.840400,-82.229000,-218.750000,1.204946,0.511206
-9.540400,-82.229000,-218.750000,1.135804,0.513410
-9.240400,-82.229000,-218.750000,1.179375,0.512362
-8.940400,-82.229000,-218.750000,1.184478,0.515623
-8.640400,-82.229000,-218.750000,1.148660,0.511790
-8.340400,-82.229000,-218.750000,1.184632,0.510615
-8.040400,-82.229000,-218.750000,1.162216,0.507967
-7.740400,-82.229000,-218.750000,1.184999,0.504007
-7.440400,-82.229000,-218.750000,1.211769,0.517649
-7.140400,-82.229000,-218.750000,1.168142,0.514512
-6.840400,-82.229000,-218.750000,1.164014,0.513048
-6.540400,-82.229000,-218.750000,1.166505,0.507027
-6.240400,-82.229000,-218.750000,1.170407,0.508576
-5.940400,-82.229000,-218.750000,1.181352,0.510180
-5.640400,-82.229000,-218.750000,1.130322,0.513431
-5.340400,-82.229000,-218.750000,1.208671,0.507698
-5.040400,-82.229000,-218.750000,1.156586,0.511091
-4.740400,-82.229000,-218.750000,1.170750,0.508614
-4.440400,-82.229000,-218.750000,1.158624,0.514040
-4.140400,-82.229000,-218.750000,1.229873,0.513916
-3.840400,-82.229000,-218.750000,1.178539,0.512554
-3.540400,-82.229000,-218.750000,1.171582,0.509330
-3.240400,-82.229000,-218.750000,1.170233,0.511632
-2.940400,-82.229000,-218.750000,1.201430,0.505911
-2.640400,-82.229000,-218.750000,1.158082,0.509839
-2.340400,-82.229000,-218.750000,1.152327,0.508694
-2.040400,-82.229000,-218.750000,1.155247,0.511566
-1.740400,-82.229000,-218.750000,1.143007,0.514430
-1.440400,-82.229000,-218.750000,1.188848,0.510703
-1.140400,-82.229000,-218.750000,1.227562,0.512013
-0.840400,-82.229000,-218.750000,1.236486,0.517569
-0.540400,-82.229000,-218.750000,1.164396,0.512923
-0.240400,-82.229000,-218.750000,1.143278,0.510468
0.059600,-82.229000,-218.750000,1.175752,0.510580
0.359600,-82.229000,-218.750000,1.143831,0.505200
0.659600,-82.229000,-218.750000,1.189913,0.513747
0.959600,-82.229000,-218.750000,1.144572,0.511462
1.259600,-82.229000,-218.750000,1.171582,0.512684
1.559600,-82.229000,-218.750000,1.167875,0.513545
1.859600,-82.229000,-218.750000,1.196039,0.514384
2.159600,-82.229000,-218.750000,1.163011,0.508976
2.459600,-82.229000,-218.750000,1.173277,0.508081
2.759600,-82.229000,-218.750000,1.171152,0.507729
3.059600,-82.229000,-218.750000,1.215208,0.517332
3.359600,-82.229000,-218.750000,1.175205,0.515827
3.659600,-82.229000,-218.750000,1.207058,0.508765
3.959600,-82.229000,-218.750000,1.173578,0.510974
4.259600,-82.229000,-218.750000,1.139811,0.508056
4.559600,-82.229000,-218.750000,1.190149,0.508079
4.859600,-82.229000,-218.750000,1.137516,0.512787
-11.640400,-82.529000,-218.450000,1.141295,0.504456
-11.340400,-82.529000,-218.450000,1.164845,0.508285
-11.040400,-82.529000,-218.450000,1.156328,0.509852
-10.740400,-82.529000,-218.450000,1.165679,0.509909
-10.440400,-82.529000,-218.450000,1.183060,0.510422
-10.140400,-82.529000,-218.450000,1.221515,0.504578
-9.840400,-82.529000,-218.450000,1.248200,0.504932
-9.540400,-82.529000,-218.450000,1.237033,0.515090
-9.240400,-82.529000,-218.450000,1.216580,0.510472
-8.940400,-82.529000,-218.450000,1.176030,0.507523
-8.640400,-82.529000,-218.450000,1.220534,0.513187
-8.340400,-82.529000,-218.450000,1.211551,0.514612
-8.040400,-82.529000,-218.450000,1.207619,0.513018
-7.740400,-82.529000,-218.450000,1.250125,0.514198
-7.440400,-82.529000,-218.450000,1.166351,0.511497
-7.140400,-82.529000,-218.450000,1.204713,0.515096
-6.840400,-82.529000,-218.450000,1.199071,0.512635
-6.540400,-82.529000,-218.450000,1.214184,0.514845
-6.240400,-82.529000,-218.450000,1.163109,0.511034
-5.940400,-82.529000,-218.450000,1.209528,0.511252
-5.640400,-82.529000,-218.450000,1.194052,0.512960
-5.340400,-82.529000,-218.450000,1.148476,0.514657
-5.040400,-82.529000,-218.450000,1.170827,0.516749
-4.740400,-82.529000,-218.450000,1.208610,0.509995
-4.440400,-82.529000,-218.450000,1.137410,0.511721
-4.140400,-82.529000,-218.450000,1.192114,0.508041
-3.840400,-82.529000,-218.450000,1.154707,0.516717
-3.540400,-82.529000,-218.450000,1.190502,0.513529
-3.240400,-82.529000,-218.450000,1.225729,0.514326
-2.940400,-82.529000,-218.450000,1.238086,0.516605
-2.640400,-82.529000,-218.450000,1.211252,0.515897
-2.340400,-82.529000,-218.450000,1.209296,0.516968
-2.040400,-82.529000,-218.450000,1.233144,0.516599
-1.740400,-82.529000,-218.450000,1.201066,0.510876
-1.440400,-82.529000,-218.450000,1.151182,0.515660
-1.140400,-82.529000,-218.450000,1.185279,0.514609
-0.840400,-82.529000,-218.450000,1.256220,0.509526
-0.540400,-82.529000,-218.450000,1.176998,0.511517
-0.240400,-82.529000,-218.450000,1.172487,0.513222
0.059600,-82.529000,-218.450000,1.205824,0.515427
0.359600,-82.529000,-218.450000,1.234004,0.512833
0.659600,-82.529000,-218.450000,1.181032,0.513298
0.959600,-82.529000,-218.450000,1.182803,0.514058
1.259600,-82.529000,-218.450000,1.186452,0.507573
1.559600,-82.529000,-218.450000,1.184686,0.509039
1.859600,-82.529000,-218.450000,1.232851,0.515726
2.159600,-82.529000,-218.450000,1.211803,0.511176
2.459600,-82.529000,-218.450000,1.204587,0.513827
2.759600,-82.529000,-218.450000,1.199051,0.511790
3.059600,-82.529000,-218.450000,1.184444,0.510260
3.359600,-82.529000,-218.450000,1.185738,0.519538
3.659600,-82.529000,-218.450000,1.213186,0.511569
3.959600,-82.529000,-218.450000,1.129809,0.510414
4.259600,-82.529000,-218.450000,1.213438,0.510481
-11.640400,-82.229000,-218.450000,1.153042,0.500129
-11.340400,-82.229000,-218.450000,1.154910,0.507530
-11.040400,-82.229000,-218.450000,1.181947,0.506872
-10.740400,-82.229000,-218.450000,1.187313,0.507607
-10.440400,-82.229000,-218.450000,1.199565,0.508048
-10.140400,-82.229000,-218.450000,1.183170,0.504755
-9.840400,-82.229000,-218.450000,1.213918,0.501974
-9.540400,-82.229000,-218.450000,1.154757,0.514474
-9.240400,-82.229000,-218.450000,1.192936,0.507070
-8.940400,-82.229000,-218.450000,1.130711,0.506882
-8.640400,-82.229000,-218.450000,1.185347,0.512084
-8.340400,-82.229000,-218.450000,1.211125,0.513470
-8.040400,-82.229000,-218.450000,1.215032,0.511633
-7.740400,-82.229000,-218.450000,1.204524,0.509785
-7.440400,-82.229000,-218.450000,1.181004,0.509756
-7.140400,-82.229000,-218.450000,1.150456,0.510442
-6.840400,-82.229000,-218.450000,1.212221,0.513328
-6.540400,-82.229000,-218.450000,1.159246,0.512282
-6.240400,-82.229000,-218.450000,1.182925,0.509504
-5.940400,-82.229000,-218.450000,1.200331,0.511773
-5.640400,-82.229000,-218.450000,1.195199,0.510459
-5.340400,-82.229000,-218.450000,1.229532,0.513481
-5.040400,-82.229000,-218.450000,1.205730,0.515363
-4.740400,-82.229000,-218.450000,1.182057,0.508707
-4.440400,-82.229000,-218.450000,1.179308,0.508942
-4.140400,-82.229000,-218.450000,1.207449,0.508889
-3.840400,-82.229000,-218.450000,1.175630,0.513495
-3.540400,-82.229000,-218.450000,1.251086,0.514222
-3.240400,-82.229000,-218.450000,1.246896,0.510733
-2.940400,-82.229000,-218.450000,1.168556,0.512724
-2.640400,-82.229000,-218.450000,1.218568,0.510535
-2.340400,-82.229000,-218.450000,1.162049,0.512092
-2.040400,-82.229000,-218.450000,1.200756,0.514051
-1.740400,-82.229000,-218.450000,1.201996,0.513381
-1.440400,-82.229000,-218.450000,1.150030,0.512352
-1.140400,-82.229000,-218.450000,1.200348,0.514287
-0.840400,-82.229000,-218.450000,1.198560,0.508088
-0.540400,-82.229000,-218.450000,1.170593,0.510099
-0.240400,-82.229000,-218.450000,1.141747,0.507646
0.059600,-82.229000,-218.450000,1.153982,0.515814
0.359600,-82.229000,-218.450000,1.131079,0.507966
0.659600,-82.229000,-218.450000,1.205053,0.514036
0.959600,-82.229000,-218.450000,1.190398,0.512722
1.259600,-82.229000,-218.450000,1.165599,0.505893
1.559600,-82.229000,-218.450000,1.155460,0.508803
1.859600,-82.229000,-218.450000,1.214197,0.513591
2.159600,-82.229000,-218.450000,1.196008,0.506707
2.459600,-82.229000,-218.450000,1.156328,0.509184
2.759600,-82.229000,-218.450000,1.182254,0.509129
3.059600,-82.229000,-218.450000,1.241928,0.512405
3.359600,-82.229000,-218.450000,1.201109,0.516540
3.659600,-82.229000,-218.450000,1.149509,0.506276
3.959600,-82.229000,-218.450000,1.154466,0.510851
4.259600,-82.229000,-218.450000,1.168462,0.511232
-11.640400,-82.529000,-218.150000,1.135083,0.506784
-11.340400,-82.529000,-218.150000,1.136279,0.511868
-11.040400,-82.529000,-218.150000,1.161999,0.506668
-10.740400,-82.529000,-218.150000,1.217963,0.510920
-10.440400,-82.529000,-218.150000,1.161518,0.509203
-10.140400,-82.529000,-218.150000,1.182194,0.508098
-9.840400,-82.529000,-218.150000,1.176422,0.511680
-9.540400,-82.529000,-218.150000,1.187321,0.515444
-9.240400,-82.529000,-218.150000,1.206584,0.515846
-8.940400,-82.529000,-218.150000,1.183493,0.511389
-8.640400,-82.529000,-218.150000,1.204058,0.508168
-8.340400,-82.529000,-218.150000,1.152299,0.508090
-8.040400,-82.529000,-218.150000,1.181458,0.512342
-7.740400,-82.529000,-218.150000,1.192592,0.516294
-7.440400,-82.529000,-218.150000,1.177001,0.507090
-7.140400,-82.529000,-218.150000,1.198072,0.522668
-6.840400,-82.529000,-218.150000,1.193409,0.515067
-6.540400,-82.529000,-218.150000,1.194523,0.512060
-6.240400,-82.529000,-218.150000,1.174092,0.512092
-5.940400,-82.529000,-218.150000,1.211597,0.513955
-5.640400,-82.529000,-218.150000,1.176237,0.516132
-5.340400,-82.529000,-218.150000,1.176764,0.514129
-5.040400,-82.529000,-218.150000,1.181461,0.512190
-4.740400,-82.529000,-218.150000,1.260080,0.511681
-4.440400,-82.529000,-218.150000,1.202673,0.515355
-4.140400,-82.529000,-218.150000,1.215038,0.514546
-3.840400,-82.529000,-218.150000,1.167350,0.505816
-3.540400,-82.529000,-218.150000,1.172375,0.510490
-3.240400,-82.529000,-218.150000,1.136289,0.509411
-2.940400,-82.529000,-218.150000,1.155768,0.515453
-2.640400,-82.529000,-218.150000,1.148320,0.515718
-2.340400,-82.529000,-218.150000,1.188677,0.515695
-2.040400,-82.529000,-218.150000,1.207039,0.518846
-1.740400,-82.529000,-218.150000,1.231277,0.519085
-1.440400,-82.529000,-218.150000,1.166162,0.510082
-1.140400,-82.529000,-218.150000,1.177912,0.510143
-0.840400,-82.529000,-218.150000,1.166296,0.513505
-0.540400,-82.529000,-218.150000,1.207356,0.513905
-0.240400,-82.529000,-218.150000,1.206789,0.514839
0.059600,-82.529000,-218.150000,1.190282,0.516242
0.359600,-82.529000,-218.150000,1.176192,0.509669
0.659600,-82.529000,-218.150000,1.206704,0.518955
0.959600,-82.529000,-218.150000,1.174780,0.515009
1.259600,-82.529000,-218.150000,1.180457,0.509935
1.559600,-82.529000,-218.150000,1.168489,0.514962
1.859600,-82.529000,-218.150000,1.180248,0.513036
2.159600,-82.529000,-218.150000,1.239784,0.512947
2.459600,-82.529000,-218.150000,1.147151,0.512979
2.759600,-82.529000,-218.150000,1.173856,0.517669
3.059600,-82.529000,-218.150000,1.203567,0.510706
3.359600,-82.529000,-218.150000,1.184572,0.512491
3.659600,-82.529000,-218.150000,1.180569,0.512705
-11.640400,-82.229000,-218.150000,1.175875,0.505925
-11.340400,-82.229000,-218.150000,1.120878,0.509829
-11.040400,-82.229000,-218.150000,1.215767,0.505515
-10.740400,-82.229000,-218.150000,1.157314,0.506762
-10.440400,-82.229000,-218.150000,1.160688,0.510521
-10.140400,-82.229000,-218.150000,1.162746,0.507649
-9.840400,-82.229000,-218.150000,1.211292,0.510126
-9.540400,-82.229000,-218.150000,1.169354,0.509900
-9.240400,-82.229000,-218.150000,1.156914,0.513020
-8.940400,-82.229000,-218.150000,1.156551,0.506047
-8.640400,-82.229000,-218.150000,1.217312,0.506265
-8.340400,-82.229000,-218.150000,1.159956,0.505276
-8.040400,-82.229000,-218.150000,1.169303,0.509574
-7.740400,-82.229000,-218.150000,1.121414,0.512428
-7.440400,-82.229000,-218.150000,1.114211,0.503863
-7.140400,-82.229000,-218.150000,1.200130,0.519683
-6.840400,-82.229000,-218.150000,1.219774,0.510597
-6.540400,-82.229000,-218.150000,1.170691,0.510876
-6.240400,-82.229000,-218.150000,1.163194,0.509726
-5.940400,-82.229000,-218.150000,1.191130,0.512273
-5.640400,-82.229000,-218.150000,1.136010,0.513207
-5.340400,-82.229000,-218.150000,1.244824,0.512883
-5.040400,-82.229000,-218.150000,1.188354,0.508792
-4.740400,-82.229000,-218.150000,1.197593,0.509026
-4.440400,-82.229000,-218.150000,1.197743,0.511553
-4.140400,-82.229000,-218.150000,1.172886,0.510855
-3.840400,-82.229000,-218.150000,1.184933,0.503450
-3.540400,-82.229000,-218.150000,1.158614,0.509146
-3.240400,-82.229000,-218.150000,1.236814,0.512291
-2.940400,-82.229000,-218.150000,1.187602,0.515169
-2.640400,-82.229000,-218.150000,1.180753,0.514723
-2.340400,-82.229000,-218.150000,1.196785,0.514199
-2.040400,-82.229000,-218.150000,1.246482,0.518762
-1.740400,-82.229000,-218.150000,1.154521,0.515294
-1.440400,-82.229000,-218.150000,1.169362,0.509779
-1.140400,-82.229000,-218.150000,1.167314,0.505436
-0.840400,-82.229000,-218.150000,1.218904,0.512471
-0.540400,-82.229000,-218.150000,1.145914,0.510198
-0.240400,-82.229000,-218.150000,1.159536,0.511383
0.059600,-82.229000,-218.150000,1.160387,0.512357
0.359600,-82.229000,-218.150000,1.169941,0.506041
0.659600,-82.229000,-218.150000,1.171227,0.513375
0.959600,-82.229000,-218.150000,1.134321,0.510952
1.259600,-82.229000,-218.150000,1.199523,0.509425
1.559600,-82.229000,-218.150000,1.202159,0.513966
1.859600,-82.229000,-218.150000,1.211746,0.511411
2.159600,-82.229000,-218.150000,1.204171,0.511750
2.459600,-82.229000,-218.150000,1.236100,0.514264
2.759600,-82.229000,-218.150000,1.199945,0.516910
3.059600,-82.229000,-218.150000,1.199456,0.507745
3.359600,-82.229000,-218.150000,1.175571,0.512094
3.659600,-82.229000,-218.150000,1.139409,0.510506
3.959600,-82.229000,-218.150000,1.211067,0.512363
-11.640400,-82.529000,-217.850000,1.157404,0.505275
-11.340400,-82.529000,-217.850000,1.179556,0.503718
-11.040400,-82.529000,-217.850000,1.168403,0.509096
-10.740400,-82.529000,-217.850000,1.186952,0.507007
-10.440400,-82.529000,-217.850000,1.189097,0.508747
-10.140400,-82.529000,-217.850000,1.238374,0.514679
-9.840400,-82.529000,-217.850000,1.183048,0.512707
-9.540400,-82.529000,-217.850000,1.205929,0.512668
-9.240400,-82.529000,-217.850000,1.190843,0.509579
-8.940400,-82.529000,-217.850000,1.167001,0.512034
-8.640400,-82.529000,-217.850000,1.179616,0.513123
-8.340400,-82.529000,-217.850000,1.190617,0.512630
-8.040400,-82.529000,-217.850000,1.177593,0.515407
-7.740400,-82.529000,-217.850000,1.165326,0.508117
-7.440400,-82.529000,-217.850000,1.164244,0.513186
-7.140400,-82.529000,-217.850000,1.175988,0.512704
-6.840400,-82.529000,-217.850000,1.163353,0.512336
-6.540400,-82.529000,-217.850000,1.218391,0.519275
-6.240400,-82.529000,-217.850000,1.244891,0.514566
-5.940400,-82.529000,-217.850000,1.186524,0.512452
-5.640400,-82.529000,-217.850000,1.156894,0.511941
-5.340400,-82.529000,-217.850000,1.142164,0.512733
-5.040400,-82.529000,-217.850000,1.191052,0.512274
-4.740400,-82.529000,-217.850000,1.180767,0.514224
-4.440400,-82.529000,-217.850000,1.193350,0.517576
-4.140400,-82.529000,-217.850000,1.170869,0.511453
-3.840400,-82.529000,-217.850000,1.137479,0.510316
-3.540400,-82.529000,-217.850000,1.230061,0.511655
-3.240400,-82.529000,-217.850000,1.163155,0.512642
-2.940400,-82.529000,-217.850000,1.126009,0.504007
-2.640400,-82.529000,-217.850000,1.241703,0.516413
-2.340400,-82.529000,-217.850000,1.171465,0.516558
-2.040400,-82.529000,-217.850000,1.197437,0.513927
-1.740400,-82.529000,-217.850000,1.267553,0.514058
-1.440400,-82.529000,-217.850000,1.205843,0.513488
-1.140400,-82.529000,-217.850000,1.144418,0.511795
-0.840400,-82.529000,-217.850000,1.147355,0.507614
-0.540400,-82.529000,-217.850000,1.169809,0.507077
-0.240400,-82.529000,-217.850000,1.174425,0.514534
0.059600,-82.529000,-217.850000,1.174741,0.511566
0.359600,-82.529000,-217.850000,1.180571,0.517984
0.659600,-82.529000,-217.850000,1.135870,0.514449
0.959600,-82.529000,-217.850000,1.187289,0.511359
1.259600,-82.529000,-217.850000,1.169770,0.509664
1.559600,-82.529000,-217.850000,1.177334,0.516321
1.859600,-82.529000,-217.850000,1.193043,0.512086
2.159600,-82.529000,-217.850000,1.229028,0.515974
2.459600,-82.529000,-217.850000,1.187669,0.512592
2.759600,-82.529000,-217.850000,1.182569,0.516665
-11.640400,-82.229000,-217.850000,1.169226,0.501315
-11.340400,-82.229000,-217.850000,1.135296,0.502734
-11.040400,-82.229000,-217.850000,1.150879,0.507620
-10.740400,-82.229000,-217.850000,1.223166,0.507579
-10.440400,-82.229000,-217.850000,1.212774,0.510533
-10.140400,-82.229000,-217.850000,1.200265,0.513969
-9.840400,-82.229000,-217.850000,1.216676,0.509669
-9.540400,-82.229000,-217.850000,1.214824,0.511847
-9.240400,-82.229000,-217.850000,1.174246,0.509219
-8.940400,-82.229000,-217.850000,1.159216,0.509369
-8.640400,-82.229000,-217.850000,1.206516,0.509128
-8.340400,-82.229000,-217.850000,1.176811,0.511048
-8.040400,-82.229000,-217.850000,1.174377,0.509079
-7.740400,-82.229000,-217.850000,1.161390,0.509283
-7.440400,-82.229000,-217.850000,1.183647,0.512644
-7.140400,-82.229000,-217.850000,1.193796,0.511494
-6.840400,-82.229000,-217.850000,1.178773,0.510028
-6.540400,-82.229000,-217.850000,1.155447,0.514326
-6.240400,-82.229000,-217.850000,1.121355,0.507434
-5.940400,-82.229000,-217.850000,1.188680,0.514247
-5.640400,-82.229000,-217.850000,1.167791,0.510400
-5.340400,-82.229000,-217.850000,1.192184,0.514730
-5.040400,-82.229000,-217.850000,1.210184,0.509668
-4.740400,-82.229000,-217.850000,1.223662,0.513536
-4.440400,-82.229000,-217.850000,1.192349,0.517931
-4.140400,-82.229000,-217.850000,1.179589,0.512313
-3.840400,-82.229000,-217.850000,1.160066,0.510893
-3.540400,-82.229000,-217.850000,1.181250,0.508875
-3.240400,-82.229000,-217.850000,1.211730,0.512574
-2.940400,-82.229000,-217.850000,1.157778,0.503408
-2.640400,-82.229000,-217.850000,1.156993,0.509912
-2.340400,-82.229000,-217.850000,1.191225,0.511628
-2.040400,-82.229000,-217.850000,1.144865,0.510759
-1.740400,-82.229000,-217.850000,1.183552,0.511763
-1.440400,-82.229000,-217.850000,1.154784,0.509387
-1.140400,-82.229000,-217.850000,1.160309,0.508615
-0.840400,-82.229000,-217.850000,1.236457,0.510436
-0.540400,-82.229000,-217.850000,1.225494,0.507350
-0.240400,-82.229000,-217.850000,1.162920,0.514387
0.059600,-82.229000,-217.850000,1.186654,0.511935
0.359600,-82.229000,-217.850000,1.200874,0.517645
0.659600,-82.229000,-217.850000,1.197665,0.510409
0.959600,-82.229000,-217.850000,1.177448,0.505940
1.259600,-82.229000,-217.850000,1.156932,0.509819
1.559600,-82.229000,-217.850000,1.242475,0.512764
1.859600,-82.229000,-217.850000,1.186839,0.512615
2.159600,-82.229000,-217.850000,1.221223,0.515912
2.459600,-82.229000,-217.850000,1.164292,0.512262
2.759600,-82.229000,-217.850000,1.155156,0.513556
3.059600,-82.229000,-217.850000,1.207506,0.510428
-11.640400,-82.529000,-217.550000,1.168799,0.510166
-11.340400,-82.529000,-217.550000,1.175355,0.507353
-11.040400,-82.529000,-217.550000,1.170028,0.508399
-10.740400,-82.529000,-217.550000,1.176943,0.510752
-10.440400,-82.529000,-217.550000,1.215281,0.510427
-10.140400,-82.529000,-217.550000,1.201690,0.512957
-9.840400,-82.529000,-217.550000,1.195598,0.517903
-9.540400,-82.529000,-217.550000,1.197927,0.509433
-9.240400,-82.529000,-217.550000,1.205945,0.510919
-8.940400,-82.529000,-217.550000,1.212607,0.518952
-8.640400,-82.529000,-217.550000,1.193616,0.509624
-8.340400,-82.529000,-217.550000,1.173504,0.515500
-8.040400,-82.529000,-217.550000,1.200517,0.509061
-7.740400,-82.529000,-217.550000,1.164769,0.511846
-7.440400,-82.529000,-217.550000,1.143621,0.513327
2.159600,-82.529000,-217.550000,1.206963,0.514633
2.459600,-82.529000,-217.550000,1.178630,0.514065
-11.640400,-82.229000,-217.550000,1.166775,0.505415
-11.340400,-82.229000,-217.550000,1.174860,0.504217
-11.040400,-82.229000,-217.550000,1.147665,0.505760
-10.740400,-82.229000,-217.550000,1.173568,0.507764
-10.440400,-82.229000,-217.550000,1.174840,0.505219
-10.140400,-82.229000,-217.550000,1.193738,0.510234
-9.840400,-82.229000,-217.550000,1.196436,0.513302
-9.540400,-82.229000,-217.550000,1.207850,0.509355
-9.240400,-82.229000,-217.550000,1.184127,0.509667
-8.940400,-82.229000,-217.550000,1.227698,0.517115
-8.640400,-82.229000,-217.550000,1.152678,0.506211
-8.340400,-82.229000,-217.550000,1.153632,0.509472
-8.040400,-82.229000,-217.550000,1.165185,0.506934
-7.740400,-82.229000,-217.550000,1.189044,0.513488
-7.440400,-82.229000,-217.550000,1.203175,0.510906
-7.140400,-82.229000,-217.550000,1.184294,0.515185
-6.840400,-82.229000,-217.550000,1.200143,0.506426
-6.540400,-82.229000,-217.550000,1.174479,0.513210
-6.240400,-82.229000,-217.550000,1.164316,0.514113
-5.940400,-82.229000,-217.550000,1.199124,0.508358
-5.640400,-82.229000,-217.550000,1.172367,0.507100
-5.340400,-82.229000,-217.550000,1.191905,0.509295
-5.040400,-82.229000,-217.550000,1.183075,0.513829
-4.740400,-82.229000,-217.550000,1.202495,0.510724
-4.440400,-82.229000,-217.550000,1.203414,0.512031
-4.140400,-82.229000,-217.550000,1.193825,0.514814
-3.840400,-82.229000,-217.550000,1.148063,0.505219
-3.540400,-82.229000,-217.550000,1.172768,0.504637
-3.240400,-82.229000,-217.550000,1.194887,0.512194
-2.940400,-82.229000,-217.550000,1.170057,0.511708
-2.640400,-82.229000,-217.550000,1.153627,0.512989
-2.340400,-82.229000,-217.550000,1.216985,0.516549
-2.040400,-82.229000,-217.550000,1.157992,0.512448
-1.740400,-82.229000,-217.550000,1.157421,0.508416
-1.440400,-82.229000,-217.550000,1.137761,0.507679
-1.140400,-82.229000,-217.550000,1.142214,0.512972
-0.840400,-82.229000,-217.550000,1.205074,0.514654
-0.540400,-82.229000,-217.550000,1.179837,0.512531
-0.240400,-82.229000,-217.550000,1.190378,0.512571
0.059600,-82.229000,-217.550000,1.185383,0.504164
0.359600,-82.229000,-217.550000,1.223641,0.508421
0.659600,-82.229000,-217.550000,1.207809,0.514786
0.959600,-82.229000,-217.550000,1.186198,0.516559
1.259600,-82.229000,-217.550000,1.165290,0.511730
1.559600,-82.229000,-217.550000,1.162380,0.507826
1.859600,-82.229000,-217.550000,1.183932,0.510763
2.159600,-82.229000,-217.550000,1.207158,0.513097
2.459600,-82.229000,-217.550000,1.158849,0.511136
-11.340400,-82.529000,-217.250000,1.185253,0.509049
-11.640400,-82.229000,-217.250000,1.141087,0.501777
-11.340400,-82.229000,-217.250000,1.175728,0.507226
-11.040400,-82.229000,-217.250000,1.159589,0.508253
