x_mm,y_mm,z_mm,LET_keV_per_um,Physical_dose
13.590774,-82.344400,-284.000000,12.185187,6.968732
14.110774,-82.344400,-284.000000,11.997222,6.915972
14.630774,-82.344400,-284.000000,12.124308,6.965324
15.150774,-82.344400,-284.000000,12.158007,6.976986
15.670774,-82.344400,-284.000000,12.131943,7.028517
16.190774,-82.344400,-284.000000,12.135810,7.066187
16.710774,-82.344400,-284.000000,12.030191,7.060204
17.230774,-82.344400,-284.000000,11.982795,7.010621
17.750774,-82.344400,-284.000000,12.171473,7.128507
18.270774,-82.344400,-284.000000,12.042747,7.096514
18.790774,-82.344400,-284.000000,12.243132,7.092688
19.310774,-82.344400,-284.000000,11.869803,6.974020
19.830774,-82.344400,-284.000000,11.986244,7.122664
20.350774,-82.344400,-284.000000,12.207503,7.201706
20.870774,-82.344400,-284.000000,11.838537,7.147247
21.390774,-82.344400,-284.000000,11.956685,7.199843
21.910774,-82.344400,-284.000000,11.986460,7.214568
22.430774,-82.344400,-284.000000,12.220063,7.269533
22.950774,-82.344400,-284.000000,12.189430,7.160758
23.470774,-82.344400,-284.000000,12.186145,7.180760
23.990774,-82.344400,-284.000000,12.029719,7.100281
24.510774,-82.344400,-284.000000,12.084043,7.196951
25.030774,-82.344400,-284.000000,11.980788,7.232699
25.550774,-82.344400,-284.000000,12.170397,7.209092
26.070774,-82.344400,-284.000000,12.014971,7.191745
26.590774,-82.344400,-284.000000,12.183331,7.206323
27.110774,-82.344400,-284.000000,11.976008,7.203174
27.630774,-82.344400,-284.000000,12.251009,7.219913
28.150774,-82.344400,-284.000000,12.181025,7.184885
28.670774,-82.344400,-284.000000,12.258635,7.209316
29.190774,-82.344400,-284.000000,11.871553,7.174182
29.710774,-82.344400,-284.000000,12.051006,7.208176
30.230774,-82.344400,-284.000000,11.938340,7.251602
30.750774,-82.344400,-284.000000,11.747795,7.232093
31.270774,-82.344400,-284.000000,12.127705,7.247483
31.790774,-82.344400,-284.000000,12.198805,7.234503
32.310774,-82.344400,-284.000000,11.973378,7.150519
32.830774,-82.344400,-284.000000,12.162620,7.105001
33.350774,-82.344400,-284.000000,12.054523,7.222430
33.870774,-82.344400,-284.000000,12.057554,7.181223
34.390774,-82.344400,-284.000000,11.941960,7.219639
34.910774,-82.344400,-284.000000,12.121428,7.230591
35.430774,-82.344400,-284.000000,12.048162,7.264102
35.950774,-82.344400,-284.000000,12.108665,7.209225
36.470774,-82.344400,-284.000000,12.224314,7.159510
36.990774,-82.344400,-284.000000,12.054713,7.243348
37.510774,-82.344400,-284.000000,12.002972,7.201780
38.030774,-82.344400,-284.000000,12.074375,7.188233
38.550774,-82.344400,-284.000000,11.978603,7.174599
39.070774,-82.344400,-284.000000,12.059380,7.174517
39.590774,-82.344400,-284.000000,11.833508,7.102414
40.110774,-82.344400,-284.000000,11.952042,7.262968
40.630774,-82.344400,-284.000000,11.988605,7.233039
41.150774,-82.344400,-284.000000,12.055820,7.210117
41.670774,-82.344400,-284.000000,12.106494,7.244752
42.190774,-82.344400,-284.000000,12.044600,7.201750
42.710774,-82.344400,-284.000000,12.123311,7.242315
43.230774,-82.344400,-284.000000,12.114511,7.175712
43.750774,-82.344400,-284.000000,12.019571,7.232797
44.270774,-82.344400,-284.000000,12.284932,7.177983
44.790774,-82.344400,-284.000000,12.126624,7.302547
45.310774,-82.344400,-284.000000,11.838634,7.153473
45.830774,-82.344400,-284.000000,12.043907,7.210876
46.350774,-82.344400,-284.000000,11.992919,7.235967
46.870774,-82.344400,-284.000000,12.104469,7.174794
47.390774,-82.344400,-284.000000,11.987988,7.208003
47.910774,-82.344400,-284.000000,12.102939,7.265610
48.430774,-82.344400,-284.000000,11.921678,7.199897
48.950774,-82.344400,-284.000000,11.997891,7.237428
49.470774,-82.344400,-284.000000,12.193325,7.233236
49.990774,-82.344400,-284.000000,12.135327,7.256080
50.510774,-82.344400,-284.000000,12.036923,7.151754
51.030774,-82.344400,-284.000000,12.010633,7.209702
13.070774,-81.824400,-284.000000,12.188700,6.923308
13.590774,-81.824400,-284.000000,12.183435,6.972131
14.110774,-81.824400,-284.000000,11.948677,6.934779
14.630774,-81.824400,-284.000000,12.112133,6.985201
15.150774,-81.824400,-284.000000,12.168513,6.991724
15.670774,-81.824400,-284.000000,12.036147,7.064835
16.190774,-81.824400,-284.000000,12.091340,7.080856
16.710774,-81.824400,-284.000000,12.050412,7.057867
17.230774,-81.824400,-284.000000,12.028380,7.045124
17.750774,-81.824400,-284.000000,12.217443,7.139398
18.270774,-81.824400,-284.000000,12.022799,7.107858
18.790774,-81.824400,-284.000000,12.241618,7.119128
19.310774,-81.824400,-284.000000,11.904174,7.004425
19.830774,-81.824400,-284.000000,11.959127,7.116709
20.350774,-81.824400,-284.000000,12.181751,7.240699
20.870774,-81.824400,-284.000000,11.911103,7.151031
21.390774,-81.824400,-284.000000,11.833783,7.203354
21.910774,-81.824400,-284.000000,12.037028,7.246884
22.430774,-81.824400,-284.000000,12.260032,7.293523
22.950774,-81.824400,-284.000000,12.228750,7.181137
23.470774,-81.824400,-284.000000,12.117484,7.213148
23.990774,-81.824400,-284.000000,12.027699,7.106276
24.510774,-81.824400,-284.000000,12.047168,7.215379
25.030774,-81.824400,-284.000000,11.984467,7.281853
25.550774,-81.824400,-284.000000,12.119208,7.197690
26.070774,-81.824400,-284.000000,12.019921,7.198103
26.590774,-81.824400,-284.000000,12.144897,7.243055
27.110774,-81.824400,-284.000000,11.979118,7.207306
27.630774,-81.824400,-284.000000,12.192630,7.228965
28.150774,-81.824400,-284.000000,12.165009,7.191938
28.670774,-81.824400,-284.000000,12.265685,7.252370
29.190774,-81.824400,-284.000000,11.878573,7.180676
29.710774,-81.824400,-284.000000,12.022021,7.218533
30.230774,-81.824400,-284.000000,11.917438,7.270460
30.750774,-81.824400,-284.000000,11.733509,7.212054
31.270774,-81.824400,-284.000000,12.093251,7.237760
31.790774,-81.824400,-284.000000,12.191321,7.225848
32.310774,-81.824400,-284.000000,11.995872,7.152685
32.830774,-81.824400,-284.000000,12.100405,7.109510
33.350774,-81.824400,-284.000000,12.044440,7.267730
33.870774,-81.824400,-284.000000,12.063899,7.162159
34.390774,-81.824400,-284.000000,11.910515,7.234539
34.910774,-81.824400,-284.000000,12.090316,7.264137
35.430774,-81.824400,-284.000000,12.016565,7.282654
35.950774,-81.824400,-284.000000,12.024283,7.211803
36.470774,-81.824400,-284.000000,12.227557,7.175579
36.990774,-81.824400,-284.000000,12.146335,7.264309
37.510774,-81.824400,-284.000000,11.970184,7.178586
38.030774,-81.824400,-284.000000,12.079719,7.231359
38.550774,-81.824400,-284.000000,11.970181,7.197558
39.070774,-81.824400,-284.000000,12.083769,7.191232
39.590774,-81.824400,-284.000000,11.846736,7.108094
40.110774,-81.824400,-284.000000,11.982855,7.278618
40.630774,-81.824400,-284.000000,11.958616,7.227651
41.150774,-81.824400,-284.000000,11.992293,7.232113
41.670774,-81.824400,-284.000000,12.139248,7.277623
42.190774,-81.824400,-284.000000,11.975387,7.237244
42.710774,-81.824400,-284.000000,12.166413,7.237885
43.230774,-81.824400,-284.000000,12.112710,7.205956
43.750774,-81.824400,-284.000000,11.961305,7.214521
44.270774,-81.824400,-284.000000,12.357475,7.236233
44.790774,-81.824400,-284.000000,12.081085,7.305708
45.310774,-81.824400,-284.000000,11.894143,7.187790
45.830774,-81.824400,-284.000000,11.986850,7.230191
46.350774,-81.824400,-284.000000,12.049188,7.257851
46.870774,-81.824400,-284.000000,12.098157,7.168521
47.390774,-81.824400,-284.000000,12.038070,7.260852
47.910774,-81.824400,-284.000000,12.019011,7.266469
48.430774,-81.824400,-284.000000,11.913797,7.209296
48.950774,-81.824400,-284.000000,11.981457,7.235308
49.470774,-81.824400,-284.000000,12.163298,7.252619
49.990774,-81.824400,-284.000000,12.076086,7.290949
50.510774,-81.824400,-284.000000,11.936299,7.159159
51.030774,-81.824400,-284.000000,11.989847,7.228172
51.550774,-81.824400,-284.000000,12.184473,7.197502
52.070774,-81.824400,-284.000000,11.983146,7.245944
52.590774,-81.824400,-284.000000,11.987249,7.250354
53.110774,-81.824400,-284.000000,12.148895,7.282548
53.630774,-81.824400,-284.000000,11.970048,7.243517
54.150774,-81.824400,-284.000000,11.881145,7.193270
14.630774,-81.304400,-284.000000,12.006877,7.011134
15.150774,-81.304400,-284.000000,12.203219,7.010863
15.670774,-81.304400,-284.000000,12.000795,7.085153
16.190774,-81.304400,-284.000000,12.060908,7.077167
16.710774,-81.304400,-284.000000,12.029516,7.063819
17.230774,-81.304400,-284.000000,12.039320,7.066844
17.750774,-81.304400,-284.000000,12.286517,7.184937
18.270774,-81.304400,-284.000000,12.003846,7.121897
18.790774,-81.304400,-284.000000,12.243303,7.172962
19.310774,-81.304400,-284.000000,11.939692,7.001958
42.710774,-81.304400,-284.000000,12.165864,7.251148
43.230774,-81.304400,-284.000000,12.104323,7.245526
43.750774,-81.304400,-284.000000,11.853993,7.198895
44.270774,-81.304400,-284.000000,12.407576,7.273741
44.790774,-81.304400,-284.000000,12.016458,7.295660
45.310774,-81.304400,-284.000000,11.978559,7.204834
45.830774,-81.304400,-284.000000,11.924010,7.258416
46.350774,-81.304400,-284.000000,12.091586,7.247812
46.870774,-81.304400,-284.000000,12.111305,7.197164
47.390774,-81.304400,-284.000000,12.079782,7.278074
47.910774,-81.304400,-284.000000,12.043666,7.300169
48.430774,-81.304400,-284.000000,11.930439,7.217491
48.950774,-81.304400,-284.000000,11.889584,7.247350
13.590774,-82.344400,-283.000000,12.199218,7.065648
14.110774,-82.344400,-283.000000,12.128709,7.101542
14.630774,-82.344400,-283.000000,12.371360,7.146641
15.150774,-82.344400,-283.000000,11.957732,7.099302
15.670774,-82.344400,-283.000000,12.295388,7.120008
16.190774,-82.344400,-283.000000,12.280624,7.153592
16.710774,-82.344400,-283.000000,12.186748,7.130610
17.230774,-82.344400,-283.000000,12.109192,7.264496
17.750774,-82.344400,-283.000000,12.215734,7.215844
18.270774,-82.344400,-283.000000,11.963587,7.218921
18.790774,-82.344400,-283.000000,12.271453,7.271374
19.310774,-82.344400,-283.000000,12.217514,7.212320
19.830774,-82.344400,-283.000000,12.022455,7.307215
20.350774,-82.344400,-283.000000,12.252824,7.305011
20.870774,-82.344400,-283.000000,12.376462,7.345504
21.390774,-82.344400,-283.000000,12.165718,7.339938
21.910774,-82.344400,-283.000000,12.171210,7.269364
22.430774,-82.344400,-283.000000,12.262423,7.283327
22.950774,-82.344400,-283.000000,12.036660,7.262396
23.470774,-82.344400,-283.000000,12.286990,7.312292
23.990774,-82.344400,-283.000000,12.195361,7.334447
24.510774,-82.344400,-283.000000,12.260815,7.332339
25.030774,-82.344400,-283.000000,12.069601,7.325226
25.550774,-82.344400,-283.000000,12.251035,7.353003
26.070774,-82.344400,-283.000000,12.053950,7.246159
26.590774,-82.344400,-283.000000,12.183610,7.324657
27.110774,-82.344400,-283.000000,12.188040,7.270685
27.630774,-82.344400,-283.000000,12.153996,7.301266
28.150774,-82.344400,-283.000000,12.113735,7.282099
28.670774,-82.344400,-283.000000,12.318336,7.352665
29.190774,-82.344400,-283.000000,12.152438,7.327012
29.710774,-82.344400,-283.000000,12.108192,7.290318
30.230774,-82.344400,-283.000000,12.174066,7.294807
30.750774,-82.344400,-283.000000,12.141179,7.265878
31.270774,-82.344400,-283.000000,12.110190,7.209805
31.790774,-82.344400,-283.000000,12.015932,7.293462
32.310774,-82.344400,-283.000000,12.292720,7.300547
32.830774,-82.344400,-283.000000,12.303748,7.348804
33.350774,-82.344400,-283.000000,12.143111,7.351461
33.870774,-82.344400,-283.000000,12.317039,7.289671
34.390774,-82.344400,-283.000000,12.115499,7.352449
34.910774,-82.344400,-283.000000,12.340308,7.335673
35.430774,-82.344400,-283.000000,12.297980,7.438716
35.950774,-82.344400,-283.000000,11.958775,7.384547
36.470774,-82.344400,-283.000000,11.953158,7.305340
36.990774,-82.344400,-283.000000,12.058167,7.380809
37.510774,-82.344400,-283.000000,12.248998,7.329171
38.030774,-82.344400,-283.000000,12.078188,7.357913
38.550774,-82.344400,-283.000000,12.215994,7.381905
39.070774,-82.344400,-283.000000,12.109838,7.340372
39.590774,-82.344400,-283.000000,11.836903,7.252396
40.110774,-82.344400,-283.000000,12.268878,7.339545
40.630774,-82.344400,-283.000000,12.216833,7.362590
41.150774,-82.344400,-283.000000,12.228194,7.318933
41.670774,-82.344400,-283.000000,12.141442,7.380924
42.190774,-82.344400,-283.000000,12.247789,7.363235
42.710774,-82.344400,-283.000000,11.912187,7.367071
43.230774,-82.344400,-283.000000,12.471747,7.341872
43.750774,-82.344400,-283.000000,12.050079,7.348057
44.270774,-82.344400,-283.000000,12.242695,7.387417
44.790774,-82.344400,-283.000000,12.099555,7.346493
45.310774,-82.344400,-283.000000,12.245878,7.350130
45.830774,-82.344400,-283.000000,12.160747,7.318109
46.350774,-82.344400,-283.000000,12.371583,7.403727
46.870774,-82.344400,-283.000000,12.174552,7.317183
47.390774,-82.344400,-283.000000,12.050326,7.386943
47.910774,-82.344400,-283.000000,11.840564,7.258678
48.430774,-82.344400,-283.000000,12.082401,7.345795
48.950774,-82.344400,-283.000000,12.217950,7.463292
49.470774,-82.344400,-283.000000,12.322137,7.442680
49.990774,-82.344400,-283.000000,12.506817,7.406783
50.510774,-82.344400,-283.000000,12.094384,7.300838
51.030774,-82.344400,-283.000000,12.170500,7.445793
51.550774,-82.344400,-283.000000,12.236530,7.282969
52.070774,-82.344400,-283.000000,12.099700,7.328678
52.590774,-82.344400,-283.000000,12.268332,7.425642
53.110774,-82.344400,-283.000000,12.263918,7.229714
53.630774,-82.344400,-283.000000,12.281154,7.343434
54.150774,-82.344400,-283.000000,12.145964,7.330671
54.670774,-82.344400,-283.000000,12.133976,7.414979
55.190774,-82.344400,-283.000000,11.983557,7.343398
55.710774,-82.344400,-283.000000,12.005146,7.305508
13.070774,-81.824400,-283.000000,12.415275,6.981734
13.590774,-81.824400,-283.000000,12.183242,7.064981
14.110774,-81.824400,-283.000000,12.118892,7.114827
14.630774,-81.824400,-283.000000,12.360153,7.172823
15.150774,-81.824400,-283.000000,12.007235,7.120605
15.670774,-81.824400,-283.000000,12.277789,7.102841
16.190774,-81.824400,-283.000000,12.216063,7.171412
16.710774,-81.824400,-283.000000,12.190821,7.167780
17.230774,-81.824400,-283.000000,12.104144,7.253037
17.750774,-81.824400,-283.000000,12.203599,7.226916
18.270774,-81.824400,-283.000000,11.918696,7.211393
18.790774,-81.824400,-283.000000,12.285953,7.289662
19.310774,-81.824400,-283.000000,12.184425,7.204646
19.830774,-81.824400,-283.000000,12.002535,7.313645
20.350774,-81.824400,-283.000000,12.295608,7.301643
20.870774,-81.824400,-283.000000,12.366897,7.355962
21.390774,-81.824400,-283.000000,12.195472,7.359380
21.910774,-81.824400,-283.000000,12.115732,7.253397
22.430774,-81.824400,-283.000000,12.218417,7.290397
22.950774,-81.824400,-283.000000,12.050849,7.297217
23.470774,-81.824400,-283.000000,12.209092,7.311984
23.990774,-81.824400,-283.000000,12.280451,7.339373
24.510774,-81.824400,-283.000000,12.256763,7.347704
25.030774,-81.824400,-283.000000,12.021073,7.292098
25.550774,-81.824400,-283.000000,12.213248,7.361897
26.070774,-81.824400,-283.000000,12.105294,7.257653
26.590774,-81.824400,-283.000000,12.173919,7.321627
27.110774,-81.824400,-283.000000,12.199903,7.307643
27.630774,-81.824400,-283.000000,12.119824,7.321832
28.150774,-81.824400,-283.000000,12.095296,7.311675
28.670774,-81.824400,-283.000000,12.321536,7.381153
29.190774,-81.824400,-283.000000,12.134735,7.354841
29.710774,-81.824400,-283.000000,12.114058,7.302430
30.230774,-81.824400,-283.000000,12.154669,7.292969
30.750774,-81.824400,-283.000000,12.164514,7.301719
31.270774,-81.824400,-283.000000,12.070910,7.227054
31.790774,-81.824400,-283.000000,12.073550,7.320719
32.310774,-81.824400,-283.000000,12.323294,7.296551
32.830774,-81.824400,-283.000000,12.311081,7.357562
33.350774,-81.824400,-283.000000,12.167442,7.347755
33.870774,-81.824400,-283.000000,12.296123,7.301359
34.390774,-81.824400,-283.000000,12.181707,7.376300
34.910774,-81.824400,-283.000000,12.411395,7.352937
35.430774,-81.824400,-283.000000,12.246984,7.407936
35.950774,-81.824400,-283.000000,11.987571,7.416238
36.470774,-81.824400,-283.000000,11.957713,7.316736
36.990774,-81.824400,-283.000000,12.099029,7.385027
37.510774,-81.824400,-283.000000,12.188566,7.341455
38.030774,-81.824400,-283.000000,12.061908,7.368379
38.550774,-81.824400,-283.000000,12.191004,7.380959
39.070774,-81.824400,-283.000000,12.113566,7.333703
39.590774,-81.824400,-283.000000,11.860768,7.282454
40.110774,-81.824400,-283.000000,12.161372,7.329576
40.630774,-81.824400,-283.000000,12.175764,7.369704
41.150774,-81.824400,-283.000000,12.240714,7.306290
41.670774,-81.824400,-283.000000,12.197482,7.373970
42.190774,-81.824400,-283.000000,12.227611,7.378400
42.710774,-81.824400,-283.000000,11.904441,7.377861
43.230774,-81.824400,-283.000000,12.446970,7.349711
43.750774,-81.824400,-283.000000,12.059970,7.340764
44.270774,-81.824400,-283.000000,12.115323,7.403778
44.790774,-81.824400,-283.000000,12.074394,7.360306
45.310774,-81.824400,-283.000000,12.326159,7.401813
45.830774,-81.824400,-283.000000,12.132840,7.310268
46.350774,-81.824400,-283.000000,12.199233,7.383577
46.870774,-81.824400,-283.000000,12.276084,7.373992
47.390774,-81.824400,-283.000000,12.026157,7.350738
47.910774,-81.824400,-283.000000,11.866014,7.267252
48.430774,-81.824400,-283.000000,12.058358,7.372581
48.950774,-81.824400,-283.000000,12.207030,7.465608
49.470774,-81.824400,-283.000000,12.293517,7.441831
49.990774,-81.824400,-283.000000,12.470846,7.375792
50.510774,-81.824400,-283.000000,12.112850,7.307244
51.030774,-81.824400,-283.000000,12.179836,7.475356
51.550774,-81.824400,-283.000000,12.242323,7.285920
52.070774,-81.824400,-283.000000,12.122244,7.353096
52.590774,-81.824400,-283.000000,12.245044,7.395395
53.110774,-81.824400,-283.000000,12.241934,7.231479
53.630774,-81.824400,-283.000000,12.384849,7.331526
54.150774,-81.824400,-283.000000,12.215110,7.361133
54.670774,-81.824400,-283.000000,12.121140,7.435041
55.190774,-81.824400,-283.000000,11.977866,7.329990
55.710774,-81.824400,-283.000000,12.056004,7.296300
56.230774,-81.824400,-283.000000,12.282474,7.355707
13.590774,-81.304400,-283.000000,12.168494,7.061158
55.710774,-81.304400,-283.000000,12.026748,7.296143
13.590774,-82.344400,-282.000000,12.313546,7.179442
14.110774,-82.344400,-282.000000,12.092669,7.070808
14.630774,-82.344400,-282.000000,12.361191,7.236896
15.150774,-82.344400,-282.000000,12.264846,7.145908
15.670774,-82.344400,-282.000000,12.156603,7.167567
16.190774,-82.344400,-282.000000,12.467166,7.339021
16.710774,-82.344400,-282.000000,12.255532,7.227912
17.230774,-82.344400,-282.000000,12.185287,7.285811
17.750774,-82.344400,-282.000000,12.308219,7.265907
18.270774,-82.344400,-282.000000,12.060132,7.254099
18.790774,-82.344400,-282.000000,12.371795,7.357894
19.310774,-82.344400,-282.000000,12.327201,7.236700
19.830774,-82.344400,-282.000000,12.429540,7.356291
20.350774,-82.344400,-282.000000,12.360885,7.312856
20.870774,-82.344400,-282.000000,11.936195,7.378163
21.390774,-82.344400,-282.000000,12.212708,7.398076
21.910774,-82.344400,-282.000000,11.943330,7.336338
22.430774,-82.344400,-282.000000,12.497885,7.330110
22.950774,-82.344400,-282.000000,12.284061,7.299394
23.470774,-82.344400,-282.000000,12.328998,7.296719
23.990774,-82.344400,-282.000000,12.495448,7.344910
24.510774,-82.344400,-282.000000,12.429647,7.445954
25.030774,-82.344400,-282.000000,12.315188,7.371167
25.550774,-82.344400,-282.000000,12.382364,7.312992
26.070774,-82.344400,-282.000000,12.511902,7.498950
26.590774,-82.344400,-282.000000,12.352550,7.359569
27.110774,-82.344400,-282.000000,12.335298,7.333695
27.630774,-82.344400,-282.000000,12.374104,7.414404
28.150774,-82.344400,-282.000000,12.129151,7.334815
28.670774,-82.344400,-282.000000,12.073686,7.355530
29.190774,-82.344400,-282.000000,12.347407,7.397853
29.710774,-82.344400,-282.000000,12.156932,7.382564
30.230774,-82.344400,-282.000000,12.460799,7.469617
30.750774,-82.344400,-282.000000,12.139631,7.320133
31.270774,-82.344400,-282.000000,12.415467,7.417975
31.790774,-82.344400,-282.000000,12.020354,7.319696
32.310774,-82.344400,-282.000000,12.105773,7.437473
32.830774,-82.344400,-282.000000,12.387761,7.384271
33.350774,-82.344400,-282.000000,12.508631,7.436333
33.870774,-82.344400,-282.000000,12.181678,7.403009
34.390774,-82.344400,-282.000000,12.124232,7.410573
34.910774,-82.344400,-282.000000,12.376082,7.391090
35.430774,-82.344400,-282.000000,12.440193,7.345297
35.950774,-82.344400,-282.000000,12.173186,7.397433
36.470774,-82.344400,-282.000000,12.203021,7.366894
36.990774,-82.344400,-282.000000,12.298465,7.356943
37.510774,-82.344400,-282.000000,11.915334,7.363992
38.030774,-82.344400,-282.000000,12.148041,7.441813
38.550774,-82.344400,-282.000000,12.397956,7.421344
39.070774,-82.344400,-282.000000,12.407516,7.438108
39.590774,-82.344400,-282.000000,12.210718,7.400024
40.110774,-82.344400,-282.000000,12.110368,7.383333
40.630774,-82.344400,-282.000000,12.471069,7.416885
41.150774,-82.344400,-282.000000,12.035039,7.317120
41.670774,-82.344400,-282.000000,12.115780,7.266606
42.190774,-82.344400,-282.000000,12.129733,7.394369
42.710774,-82.344400,-282.000000,12.263095,7.373513
43.230774,-82.344400,-282.000000,12.246322,7.485228
43.750774,-82.344400,-282.000000,12.154106,7.370044
44.270774,-82.344400,-282.000000,12.124482,7.361936
44.790774,-82.344400,-282.000000,12.189319,7.418791
45.310774,-82.344400,-282.000000,12.227910,7.364804
45.830774,-82.344400,-282.000000,12.058311,7.377931
46.350774,-82.344400,-282.000000,12.097625,7.355302
46.870774,-82.344400,-282.000000,12.309623,7.443398
47.390774,-82.344400,-282.000000,12.079417,7.454971
47.910774,-82.344400,-282.000000,12.196616,7.392398
48.430774,-82.344400,-282.000000,12.325967,7.346425
48.950774,-82.344400,-282.000000,12.145818,7.362405
49.470774,-82.344400,-282.000000,12.090452,7.512578
49.990774,-82.344400,-282.000000,12.335898,7.466285
50.510774,-82.344400,-282.000000,12.387786,7.460362
51.030774,-82.344400,-282.000000,12.180469,7.397953
51.550774,-82.344400,-282.000000,12.401414,7.474570
52.070774,-82.344400,-282.000000,12.265773,7.399343
52.590774,-82.344400,-282.000000,12.366963,7.383663
53.110774,-82.344400,-282.000000,12.316436,7.401305
53.630774,-82.344400,-282.000000,12.249272,7.442104
54.150774,-82.344400,-282.000000,12.316531,7.489583
54.670774,-82.344400,-282.000000,12.354442,7.540498
55.190774,-82.344400,-282.000000,12.123084,7.468257
55.710774,-82.344400,-282.000000,12.169920,7.433145
56.230774,-82.344400,-282.000000,12.304481,7.334567
56.750774,-82.344400,-282.000000,12.282288,7.423923
57.270774,-82.344400,-282.000000,12.178496,7.413132
13.070774,-81.824400,-282.000000,12.364262,7.113741
13.590774,-81.824400,-282.000000,12.236427,7.167074
14.110774,-81.824400,-282.000000,12.117488,7.088097
14.630774,-81.824400,-282.000000,12.347369,7.235111
15.150774,-81.824400,-282.000000,12.380429,7.195625
15.670774,-81.824400,-282.000000,12.081079,7.166061
16.190774,-81.824400,-282.000000,12.436960,7.362329
16.710774,-81.824400,-282.000000,12.135825,7.175741
17.230774,-81.824400,-282.000000,12.169838,7.279971
17.750774,-81.824400,-282.000000,12.407264,7.287263
18.270774,-81.824400,-282.000000,12.062576,7.261111
18.790774,-81.824400,-282.000000,12.354282,7.358799
19.310774,-81.824400,-282.000000,12.232425,7.253201
19.830774,-81.824400,-282.000000,12.440747,7.379662
20.350774,-81.824400,-282.000000,12.308537,7.346047
20.870774,-81.824400,-282.000000,11.977881,7.364604
21.390774,-81.824400,-282.000000,12.163185,7.394846
21.910774,-81.824400,-282.000000,11.939164,7.376584
22.430774,-81.824400,-282.000000,12.498322,7.314104
22.950774,-81.824400,-282.000000,12.278372,7.314791
23.470774,-81.824400,-282.000000,12.271861,7.312361
23.990774,-81.824400,-282.000000,12.564841,7.362366
24.510774,-81.824400,-282.000000,12.327259,7.420409
25.030774,-81.824400,-282.000000,12.399499,7.394950
25.550774,-81.824400,-282.000000,12.398308,7.332585
26.070774,-81.824400,-282.000000,12.460025,7.512243
26.590774,-81.824400,-282.000000,12.399741,7.387615
27.110774,-81.824400,-282.000000,12.315126,7.367648
27.630774,-81.824400,-282.000000,12.317837,7.401908
28.150774,-81.824400,-282.000000,12.127691,7.374443
28.670774,-81.824400,-282.000000,12.063640,7.343929
29.190774,-81.824400,-282.000000,12.348432,7.410520
29.710774,-81.824400,-282.000000,12.122467,7.372885
30.230774,-81.824400,-282.000000,12.386651,7.486637
30.750774,-81.824400,-282.000000,12.203319,7.352461
31.270774,-81.824400,-282.000000,12.411883,7.400838
31.790774,-81.824400,-282.000000,11.932853,7.317541
32.310774,-81.824400,-282.000000,12.088743,7.450569
32.830774,-81.824400,-282.000000,12.378153,7.394925
33.350774,-81.824400,-282.000000,12.529635,7.457677
33.870774,-81.824400,-282.000000,12.213986,7.429664
34.390774,-81.824400,-282.000000,12.067811,7.382046
34.910774,-81.824400,-282.000000,12.402877,7.420505
35.430774,-81.824400,-282.000000,12.441908,7.382322
35.950774,-81.824400,-282.000000,12.162382,7.374788
36.470774,-81.824400,-282.000000,12.223985,7.389113
36.990774,-81.824400,-282.000000,12.259012,7.373318
37.510774,-81.824400,-282.000000,11.914138,7.370979
38.030774,-81.824400,-282.000000,12.044870,7.461627
38.550774,-81.824400,-282.000000,12.373492,7.444541
39.070774,-81.824400,-282.000000,12.420096,7.440754
39.590774,-81.824400,-282.000000,12.141394,7.382205
40.110774,-81.824400,-282.000000,12.101161,7.398307
40.630774,-81.824400,-282.000000,12.480369,7.429814
41.150774,-81.824400,-282.000000,12.018687,7.333889
41.670774,-81.824400,-282.000000,12.107089,7.307057
42.190774,-81.824400,-282.000000,12.225327,7.433253
42.710774,-81.824400,-282.000000,12.169038,7.379410
43.230774,-81.824400,-282.000000,12.260408,7.488688
43.750774,-81.824400,-282.000000,12.102736,7.357825
44.270774,-81.824400,-282.000000,12.151589,7.380745
44.790774,-81.824400,-282.000000,12.247197,7.451271
45.310774,-81.824400,-282.000000,12.217464,7.354272
45.830774,-81.824400,-282.000000,12.064387,7.376576
46.350774,-81.824400,-282.000000,12.025034,7.358719
46.870774,-81.824400,-282.000000,12.297383,7.447619
47.390774,-81.824400,-282.000000,12.069042,7.487186
47.910774,-81.824400,-282.000000,12.202221,7.401341
48.430774,-81.824400,-282.000000,12.385167,7.374783
48.950774,-81.824400,-282.000000,12.143296,7.372731
49.470774,-81.824400,-282.000000,12.155646,7.542024
49.990774,-81.824400,-282.000000,12.356175,7.494989
50.510774,-81.824400,-282.000000,12.261853,7.469503
51.030774,-81.824400,-282.000000,12.277713,7.428681
51.550774,-81.824400,-282.000000,12.278781,7.440330
52.070774,-81.824400,-282.000000,12.274823,7.400651
52.590774,-81.824400,-282.000000,12.341836,7.383455
53.110774,-81.824400,-282.000000,12.333655,7.437185
53.630774,-81.824400,-282.000000,12.207934,7.448938
54.150774,-81.824400,-282.000000,12.329879,7.494569
54.670774,-81.824400,-282.000000,12.284511,7.542405
55.190774,-81.824400,-282.000000,12.149360,7.494228
55.710774,-81.824400,-282.000000,12.104723,7.419162
56.230774,-81.824400,-282.000000,12.344913,7.375190
56.750774,-81.824400,-282.000000,12.210121,7.462464
57.270774,-81.824400,-282.000000,12.216109,7.412978
57.790774,-81.824400,-282.000000,12.134029,7.368681
13.590774,-82.344400,-281.000000,12.141025,7.106640
14.110774,-82.344400,-281.000000,12.310213,7.181462
14.630774,-82.344400,-281.000000,12.253922,7.150513
15.150774,-82.344400,-281.000000,12.134612,7.227705
15.670774,-82.344400,-281.000000,12.451171,7.254169
16.190774,-82.344400,-281.000000,12.259855,7.231383
16.710774,-82.344400,-281.000000,12.261683,7.300740
17.230774,-82.344400,-281.000000,12.290182,7.353763
17.750774,-82.344400,-281.000000,12.273601,7.336521
18.270774,-82.344400,-281.000000,12.449052,7.284384
18.790774,-82.344400,-281.000000,12.528159,7.432275
19.310774,-82.344400,-281.000000,12.197174,7.335470
19.830774,-82.344400,-281.000000,11.986528,7.247933
20.350774,-82.344400,-281.000000,12.288688,7.309345
20.870774,-82.344400,-281.000000,12.293128,7.367241
21.390774,-82.344400,-281.000000,12.241071,7.353263
21.910774,-82.344400,-281.000000,12.230507,7.422531
22.430774,-82.344400,-281.000000,12.297907,7.387503
22.950774,-82.344400,-281.000000,12.279704,7.348459
23.470774,-82.344400,-281.000000,12.234282,7.367697
23.990774,-82.344400,-281.000000,12.360731,7.454664
24.510774,-82.344400,-281.000000,12.145115,7.322514
25.030774,-82.344400,-281.000000,12.422187,7.446589
25.550774,-82.344400,-281.000000,12.440991,7.450571
26.070774,-82.344400,-281.000000,12.461147,7.511652
26.590774,-82.344400,-281.000000,12.034348,7.369665
27.110774,-82.344400,-281.000000,12.287086,7.419946
27.630774,-82.344400,-281.000000,12.403876,7.384751
28.150774,-82.344400,-281.000000,12.387797,7.377242
28.670774,-82.344400,-281.000000,12.292459,7.405043
29.190774,-82.344400,-281.000000,12.373926,7.482628
29.710774,-82.344400,-281.000000,12.426989,7.482900
30.230774,-82.344400,-281.000000,12.475241,7.516677
30.750774,-82.344400,-281.000000,12.361294,7.475832
31.270774,-82.344400,-281.000000,12.260695,7.416348
31.790774,-82.344400,-281.000000,12.318297,7.468567
32.310774,-82.344400,-281.000000,12.244171,7.434409
32.830774,-82.344400,-281.000000,12.355956,7.425457
33.350774,-82.344400,-281.000000,12.222998,7.344882
33.870774,-82.344400,-281.000000,12.450853,7.548290
34.390774,-82.344400,-281.000000,12.206740,7.433195
34.910774,-82.344400,-281.000000,12.359747,7.419210
35.430774,-82.344400,-281.000000,12.310572,7.521221
35.950774,-82.344400,-281.000000,12.415658,7.483463
36.470774,-82.344400,-281.000000,12.355707,7.418361
36.990774,-82.344400,-281.000000,12.231600,7.418191
37.510774,-82.344400,-281.000000,12.056674,7.328487
38.030774,-82.344400,-281.000000,12.161487,7.401778
38.550774,-82.344400,-281.000000,12.376847,7.487176
39.070774,-82.344400,-281.000000,12.384908,7.432558
39.590774,-82.344400,-281.000000,12.221465,7.487247
40.110774,-82.344400,-281.000000,12.260755,7.404418
40.630774,-82.344400,-281.000000,12.326040,7.439905
41.150774,-82.344400,-281.000000,12.305007,7.486381
41.670774,-82.344400,-281.000000,12.412803,7.473534
42.190774,-82.344400,-281.000000,12.141620,7.449296
42.710774,-82.344400,-281.000000,12.456002,7.549150
43.230774,-82.344400,-281.000000,12.265838,7.460414
43.750774,-82.344400,-281.000000,12.313390,7.459800
44.270774,-82.344400,-281.000000,12.451949,7.471243
44.790774,-82.344400,-281.000000,12.405202,7.418166
45.310774,-82.344400,-281.000000,12.335405,7.463957
45.830774,-82.344400,-281.000000,12.316989,7.537576
46.350774,-82.344400,-281.000000,12.204135,7.409108
46.870774,-82.344400,-281.000000,12.268280,7.482181
47.390774,-82.344400,-281.000000,12.451458,7.460607
47.910774,-82.344400,-281.000000,12.179891,7.366039
48.430774,-82.344400,-281.000000,12.236358,7.484989
48.950774,-82.344400,-281.000000,12.099029,7.379086
49.470774,-82.344400,-281.000000,12.436292,7.448965
49.990774,-82.344400,-281.000000,12.184800,7.478827
50.510774,-82.344400,-281.000000,11.876641,7.375450
51.030774,-82.344400,-281.000000,12.041041,7.457036
51.550774,-82.344400,-281.000000,12.257282,7.380208
52.070774,-82.344400,-281.000000,11.916918,7.339871
52.590774,-82.344400,-281.000000,12.363376,7.502067
53.110774,-82.344400,-281.000000,12.380698,7.508090
53.630774,-82.344400,-281.000000,12.379221,7.447134
54.150774,-82.344400,-281.000000,12.333822,7.455926
54.670774,-82.344400,-281.000000,12.282742,7.403385
55.190774,-82.344400,-281.000000,12.118677,7.321456
55.710774,-82.344400,-281.000000,12.211822,7.540389
56.230774,-82.344400,-281.000000,12.733063,7.514067
56.750774,-82.344400,-281.000000,12.254985,7.496764
57.270774,-82.344400,-281.000000,12.280372,7.507333
57.790774,-82.344400,-281.000000,12.544269,7.446115
58.310774,-82.344400,-281.000000,12.115595,7.457759
58.830774,-82.344400,-281.000000,12.212787,7.407108
13.070774,-81.824400,-281.000000,11.964628,7.030674
13.590774,-81.824400,-281.000000,12.103229,7.099522
14.110774,-81.824400,-281.000000,12.273616,7.200141
14.630774,-81.824400,-281.000000,12.233279,7.172433
15.150774,-81.824400,-281.000000,12.104828,7.204089
15.670774,-81.824400,-281.000000,12.507215,7.274018
16.190774,-81.824400,-281.000000,12.301533,7.231619
16.710774,-81.824400,-281.000000,12.223320,7.337553
17.230774,-81.824400,-281.000000,12.345372,7.379886
17.750774,-81.824400,-281.000000,12.203571,7.329811
18.270774,-81.824400,-281.000000,12.414816,7.315277
18.790774,-81.824400,-281.000000,12.576122,7.441636
19.310774,-81.824400,-281.000000,12.230935,7.347228
19.830774,-81.824400,-281.000000,11.983195,7.254676
20.350774,-81.824400,-281.000000,12.323550,7.300387
20.870774,-81.824400,-281.000000,12.179150,7.373307
21.390774,-81.824400,-281.000000,12.336087,7.395292
21.910774,-81.824400,-281.000000,12.293591,7.403092
22.430774,-81.824400,-281.000000,12.251998,7.417134
22.950774,-81.824400,-281.000000,12.277809,7.337026
23.470774,-81.824400,-281.000000,12.263994,7.391316
23.990774,-81.824400,-281.000000,12.377557,7.494670
24.510774,-81.824400,-281.000000,12.104048,7.342320
25.030774,-81.824400,-281.000000,12.398351,7.441313
25.550774,-81.824400,-281.000000,12.413542,7.450131
26.070774,-81.824400,-281.000000,12.426098,7.515743
26.590774,-81.824400,-281.000000,11.988662,7.370334
27.110774,-81.824400,-281.000000,12.360649,7.440389
27.630774,-81.824400,-281.000000,12.391309,7.376128
28.150774,-81.824400,-281.000000,12.388726,7.399980
28.670774,-81.824400,-281.000000,12.309038,7.388533
29.190774,-81.824400,-281.000000,12.375030,7.473883
29.710774,-81.824400,-281.000000,12.426474,7.506840
30.230774,-81.824400,-281.000000,12.478084,7.509250
30.750774,-81.824400,-281.000000,12.375008,7.516248
31.270774,-81.824400,-281.000000,12.247242,7.427974
31.790774,-81.824400,-281.000000,12.265442,7.488807
32.310774,-81.824400,-281.000000,12.323360,7.436543
32.830774,-81.824400,-281.000000,12.330684,7.440259
33.350774,-81.824400,-281.000000,12.159614,7.339820
33.870774,-81.824400,-281.000000,12.497414,7.562071
34.390774,-81.824400,-281.000000,12.128371,7.418115
34.910774,-81.824400,-281.000000,12.356154,7.433113
35.430774,-81.824400,-281.000000,12.282875,7.512983
35.950774,-81.824400,-281.000000,12.429095,7.487989
36.470774,-81.824400,-281.000000,12.404939,7.453723
36.990774,-81.824400,-281.000000,12.177909,7.413640
37.510774,-81.824400,-281.000000,12.076392,7.376414
38.030774,-81.824400,-281.000000,12.102879,7.403413
38.550774,-81.824400,-281.000000,12.334799,7.474161
39.070774,-81.824400,-281.000000,12.383958,7.493382
39.590774,-81.824400,-281.000000,12.206569,7.485780
40.110774,-81.824400,-281.000000,12.249646,7.391935
40.630774,-81.824400,-281.000000,12.361316,7.474905
41.150774,-81.824400,-281.000000,12.248321,7.481709
41.670774,-81.824400,-281.000000,12.352344,7.475201
42.190774,-81.824400,-281.000000,12.079978,7.456219
42.710774,-81.824400,-281.000000,12.438155,7.544803
43.230774,-81.824400,-281.000000,12.268663,7.456334
43.750774,-81.824400,-281.000000,12.325484,7.478026
44.270774,-81.824400,-281.000000,12.435508,7.485875
44.790774,-81.824400,-281.000000,12.383574,7.410631
45.310774,-81.824400,-281.000000,12.329903,7.466741
45.830774,-81.824400,-281.000000,12.273279,7.529727
46.350774,-81.824400,-281.000000,12.209141,7.434067
46.870774,-81.824400,-281.000000,12.210046,7.501560
47.390774,-81.824400,-281.000000,12.465484,7.461988
47.910774,-81.824400,-281.000000,12.092209,7.382264
48.430774,-81.824400,-281.000000,12.239306,7.482533
48.950774,-81.824400,-281.000000,12.185059,7.434675
49.470774,-81.824400,-281.000000,12.384325,7.465623
49.990774,-81.824400,-281.000000,12.207549,7.487796
50.510774,-81.824400,-281.000000,11.956771,7.379422
51.030774,-81.824400,-281.000000,11.961876,7.465572
51.550774,-81.824400,-281.000000,12.260365,7.397355
52.070774,-81.824400,-281.000000,11.941606,7.345004
52.590774,-81.824400,-281.000000,12.331835,7.491932
53.110774,-81.824400,-281.000000,12.360256,7.518750
53.630774,-81.824400,-281.000000,12.212382,7.441949
54.150774,-81.824400,-281.000000,12.482834,7.480105
54.670774,-81.824400,-281.000000,12.220980,7.412648
55.190774,-81.824400,-281.000000,12.056376,7.333134
55.710774,-81.824400,-281.000000,12.291702,7.570201
56.230774,-81.824400,-281.000000,12.709950,7.520205
56.750774,-81.824400,-281.000000,12.222701,7.457569
57.270774,-81.824400,-281.000000,12.333928,7.528266
57.790774,-81.824400,-281.000000,12.522396,7.471134
58.310774,-81.824400,-281.000000,12.118342,7.460038
58.830774,-81.824400,-281.000000,12.240252,7.406653
59.350774,-81.824400,-281.000000,12.043008,7.456810
58.310774,-81.304400,-281.000000,12.140112,7.464632
13.590774,-82.344400,-280.000000,12.313079,7.208547
14.110774,-82.344400,-280.000000,12.351887,7.198711
14.630774,-82.344400,-280.000000,12.279943,7.230835
15.150774,-82.344400,-280.000000,12.249850,7.246127
15.670774,-82.344400,-280.000000,12.422317,7.259254
16.190774,-82.344400,-280.000000,12.598000,7.317475
16.710774,-82.344400,-280.000000,12.356744,7.266537
17.230774,-82.344400,-280.000000,12.501420,7.410967
17.750774,-82.344400,-280.000000,12.305997,7.309971
18.270774,-82.344400,-280.000000,12.212625,7.278567
18.790774,-82.344400,-280.000000,12.211504,7.292789
19.310774,-82.344400,-280.000000,12.353999,7.390438
19.830774,-82.344400,-280.000000,12.284451,7.456459
20.350774,-82.344400,-280.000000,12.374148,7.473041
20.870774,-82.344400,-280.000000,12.338772,7.366401
21.390774,-82.344400,-280.000000,12.255216,7.423117
21.910774,-82.344400,-280.000000,12.067332,7.397523
22.430774,-82.344400,-280.000000,12.605849,7.346151
22.950774,-82.344400,-280.000000,12.423615,7.410667
23.470774,-82.344400,-280.000000,12.425777,7.399506
23.990774,-82.344400,-280.000000,12.364454,7.567652
24.510774,-82.344400,-280.000000,12.547029,7.499682
25.030774,-82.344400,-280.000000,12.654895,7.450195
25.550774,-82.344400,-280.000000,12.510863,7.385437
26.070774,-82.344400,-280.000000,12.033461,7.347028
26.590774,-82.344400,-280.000000,12.362182,7.430287
27.110774,-82.344400,-280.000000,12.479738,7.472291
27.630774,-82.344400,-280.000000,12.363673,7.424281
28.150774,-82.344400,-280.000000,12.262471,7.381424
28.670774,-82.344400,-280.000000,12.319470,7.460641
29.190774,-82.344400,-280.000000,12.555324,7.423620
29.710774,-82.344400,-280.000000,12.699158,7.536354
30.230774,-82.344400,-280.000000,12.504332,7.536601
30.750774,-82.344400,-280.000000,12.474010,7.458362
31.270774,-82.344400,-280.000000,12.288733,7.396672
31.790774,-82.344400,-280.000000,12.238548,7.350157
32.310774,-82.344400,-280.000000,12.254786,7.449142
32.830774,-82.344400,-280.000000,12.302855,7.487818
33.350774,-82.344400,-280.000000,12.388318,7.475899
33.870774,-82.344400,-280.000000,12.429255,7.535238
34.390774,-82.344400,-280.000000,12.315234,7.440564
34.910774,-82.344400,-280.000000,12.194935,7.403568
35.430774,-82.344400,-280.000000,12.574916,7.492657
35.950774,-82.344400,-280.000000,12.255754,7.396376
36.470774,-82.344400,-280.000000,12.207079,7.466739
36.990774,-82.344400,-280.000000,12.291384,7.484666
37.510774,-82.344400,-280.000000,12.377090,7.501831
38.030774,-82.344400,-280.000000,12.352147,7.392479
38.550774,-82.344400,-280.000000,12.290732,7.438186
39.070774,-82.344400,-280.000000,12.227052,7.486944
39.590774,-82.344400,-280.000000,12.023173,7.420959
40.110774,-82.344400,-280.000000,12.215672,7.413437
40.630774,-82.344400,-280.000000,12.542062,7.564100
41.150774,-82.344400,-280.000000,12.255992,7.479681
41.670774,-82.344400,-280.000000,12.421008,7.499054
42.190774,-82.344400,-280.000000,12.058673,7.380619
42.710774,-82.344400,-280.000000,12.493182,7.384834
43.230774,-82.344400,-280.000000,12.080129,7.467513
43.750774,-82.344400,-280.000000,12.194747,7.496362
44.270774,-82.344400,-280.000000,12.330768,7.462635
44.790774,-82.344400,-280.000000,12.289822,7.433137
45.310774,-82.344400,-280.000000,12.291457,7.488887
45.830774,-82.344400,-280.000000,12.384665,7.526156
46.350774,-82.344400,-280.000000,12.253049,7.458482
46.870774,-82.344400,-280.000000,12.138671,7.521544
47.390774,-82.344400,-280.000000,12.129323,7.455502
47.910774,-82.344400,-280.000000,12.439578,7.532245
48.430774,-82.344400,-280.000000,12.200139,7.473581
48.950774,-82.344400,-280.000000,12.209579,7.403380
49.470774,-82.344400,-280.000000,12.033606,7.362525
49.990774,-82.344400,-280.000000,12.424503,7.460091
50.510774,-82.344400,-280.000000,12.300473,7.535729
51.030774,-82.344400,-280.000000,12.161304,7.486577
51.550774,-82.344400,-280.000000,12.300603,7.423668
52.070774,-82.344400,-280.000000,12.244593,7.400951
52.590774,-82.344400,-280.000000,12.430886,7.588793
53.110774,-82.344400,-280.000000,12.378463,7.439875
53.630774,-82.344400,-280.000000,12.293830,7.434221
54.150774,-82.344400,-280.000000,12.524257,7.545865
54.670774,-82.344400,-280.000000,12.550987,7.504701
55.190774,-82.344400,-280.000000,12.221632,7.432123
55.710774,-82.344400,-280.000000,12.408025,7.581726
56.230774,-82.344400,-280.000000,12.298245,7.480565
56.750774,-82.344400,-280.000000,12.298677,7.542254
57.270774,-82.344400,-280.000000,12.163210,7.506263
57.790774,-82.344400,-280.000000,12.048117,7.438697
58.310774,-82.344400,-280.000000,12.446952,7.529792
58.830774,-82.344400,-280.000000,12.159717,7.447192
59.350774,-82.344400,-280.000000,12.241655,7.486974
59.870774,-82.344400,-280.000000,11.944616,7.284104
60.390774,-82.344400,-280.000000,12.251120,7.437249
60.910774,-82.344400,-280.000000,12.358299,7.435602
13.070774,-81.824400,-280.000000,12.332447,7.110723
13.590774,-81.824400,-280.000000,12.261981,7.225251
14.110774,-81.824400,-280.000000,12.340674,7.198633
14.630774,-81.824400,-280.000000,12.249938,7.241798
15.150774,-81.824400,-280.000000,12.274184,7.230505
15.670774,-81.824400,-280.000000,12.370170,7.287368
16.190774,-81.824400,-280.000000,12.650260,7.368077
16.710774,-81.824400,-280.000000,12.324649,7.260734
17.230774,-81.824400,-280.000000,12.457627,7.390750
17.750774,-81.824400,-280.000000,12.306618,7.341671
18.270774,-81.824400,-280.000000,12.234752,7.298556
18.790774,-81.824400,-280.000000,12.155302,7.307012
19.310774,-81.824400,-280.000000,12.300518,7.388330
19.830774,-81.824400,-280.000000,12.315835,7.467456
20.350774,-81.824400,-280.000000,12.378074,7.493373
20.870774,-81.824400,-280.000000,12.286319,7.376779
21.390774,-81.824400,-280.000000,12.174258,7.384598
21.910774,-81.824400,-280.000000,12.045012,7.406473
22.430774,-81.824400,-280.000000,12.621649,7.335583
22.950774,-81.824400,-280.000000,12.320857,7.412295
23.470774,-81.824400,-280.000000,12.388857,7.397933
23.990774,-81.824400,-280.000000,12.315560,7.582416
24.510774,-81.824400,-280.000000,12.532360,7.493149
25.030774,-81.824400,-280.000000,12.598047,7.453512
25.550774,-81.824400,-280.000000,12.491685,7.394111
26.070774,-81.824400,-280.000000,12.008269,7.330730
26.590774,-81.824400,-280.000000,12.392712,7.447456
27.110774,-81.824400,-280.000000,12.435304,7.420945
27.630774,-81.824400,-280.000000,12.358771,7.422060
28.150774,-81.824400,-280.000000,12.205523,7.394562
28.670774,-81.824400,-280.000000,12.344075,7.484953
29.190774,-81.824400,-280.000000,12.569232,7.469927
29.710774,-81.824400,-280.000000,12.658875,7.529219
30.230774,-81.824400,-280.000000,12.521891,7.560627
30.750774,-81.824400,-280.000000,12.397448,7.435244
31.270774,-81.824400,-280.000000,12.317520,7.428177
31.790774,-81.824400,-280.000000,12.249698,7.345710
32.310774,-81.824400,-280.000000,12.282321,7.477599
32.830774,-81.824400,-280.000000,12.311029,7.466928
33.350774,-81.824400,-280.000000,12.436476,7.507929
33.870774,-81.824400,-280.000000,12.363565,7.513151
34.390774,-81.824400,-280.000000,12.330028,7.466710
34.910774,-81.824400,-280.000000,12.239660,7.410000
35.430774,-81.824400,-280.000000,12.572124,7.515992
35.950774,-81.824400,-280.000000,12.246103,7.408233
36.470774,-81.824400,-280.000000,12.245787,7.507066
36.990774,-81.824400,-280.000000,12.382501,7.475172
37.510774,-81.824400,-280.000000,12.324383,7.499090
38.030774,-81.824400,-280.000000,12.329947,7.404171
38.550774,-81.824400,-280.000000,12.328358,7.482508
39.070774,-81.824400,-280.000000,12.233607,7.462082
39.590774,-81.824400,-280.000000,12.038854,7.439336
40.110774,-81.824400,-280.000000,12.251620,7.444101
40.630774,-81.824400,-280.000000,12.476089,7.557645
41.150774,-81.824400,-280.000000,12.354506,7.471661
41.670774,-81.824400,-280.000000,12.347861,7.520294
42.190774,-81.824400,-280.000000,12.082253,7.401019
42.710774,-81.824400,-280.000000,12.449635,7.384137
43.230774,-81.824400,-280.000000,12.099303,7.493142
43.750774,-81.824400,-280.000000,12.191062,7.492562
44.270774,-81.824400,-280.000000,12.335148,7.464458
44.790774,-81.824400,-280.000000,12.263201,7.464622
45.310774,-81.824400,-280.000000,12.282774,7.499113
45.830774,-81.824400,-280.000000,12.356203,7.497673
46.350774,-81.824400,-280.000000,12.295509,7.507656
46.870774,-81.824400,-280.000000,12.094755,7.495400
47.390774,-81.824400,-280.000000,12.153339,7.484918
47.910774,-81.824400,-280.000000,12.418909,7.534379
48.430774,-81.824400,-280.000000,12.219953,7.499124
48.950774,-81.824400,-280.000000,12.153776,7.417292
49.470774,-81.824400,-280.000000,12.135203,7.394942
49.990774,-81.824400,-280.000000,12.366195,7.430604
50.510774,-81.824400,-280.000000,12.328558,7.522934
51.030774,-81.824400,-280.000000,12.112918,7.496684
51.550774,-81.824400,-280.000000,12.286105,7.415737
52.070774,-81.824400,-280.000000,12.308844,7.395329
52.590774,-81.824400,-280.000000,12.392887,7.590451
53.110774,-81.824400,-280.000000,12.476947,7.493945
53.630774,-81.824400,-280.000000,12.296662,7.428371
54.150774,-81.824400,-280.000000,12.559443,7.560777
54.670774,-81.824400,-280.000000,12.491145,7.486695
55.190774,-81.824400,-280.000000,12.274375,7.463999
55.710774,-81.824400,-280.000000,12.416826,7.557565
56.230774,-81.824400,-280.000000,12.293226,7.497210
56.750774,-81.824400,-280.000000,12.237902,7.552850
57.270774,-81.824400,-280.000000,12.133117,7.496168
57.790774,-81.824400,-280.000000,12.037864,7.453457
58.310774,-81.824400,-280.000000,12.374885,7.524146
58.830774,-81.824400,-280.000000,12.171164,7.474559
59.350774,-81.824400,-280.000000,12.148416,7.470838
59.870774,-81.824400,-280.000000,11.951684,7.315840
60.390774,-81.824400,-280.000000,12.264616,7.473215
60.910774,-81.824400,-280.000000,12.355122,7.432231
61.430774,-81.824400,-280.000000,12.336879,7.509742
60.910774,-81.304400,-280.000000,12.272721,7.428762
13.590774,-82.344400,-279.000000,12.354909,7.147236
14.110774,-82.344400,-279.000000,12.360301,7.229139
14.630774,-82.344400,-279.000000,12.499819,7.247139
15.150774,-82.344400,-279.000000,12.395562,7.257514
15.670774,-82.344400,-279.000000,12.623858,7.358227
16.190774,-82.344400,-279.000000,12.332891,7.296039
16.710774,-82.344400,-279.000000,12.108154,7.316122
17.230774,-82.344400,-279.000000,12.346397,7.374296
17.750774,-82.344400,-279.000000,12.412903,7.416723
18.270774,-82.344400,-279.000000,12.304519,7.324738
18.790774,-82.344400,-279.000000,12.202363,7.368437
19.310774,-82.344400,-279.000000,12.268067,7.371247
19.830774,-82.344400,-279.000000,12.271399,7.372731
20.350774,-82.344400,-279.000000,12.353141,7.423371
20.870774,-82.344400,-279.000000,12.354821,7.503048
21.390774,-82.344400,-279.000000,12.252510,7.359028
21.910774,-82.344400,-279.000000,12.359870,7.491712
22.430774,-82.344400,-279.000000,12.186078,7.353294
22.950774,-82.344400,-279.000000,12.478503,7.479152
23.470774,-82.344400,-279.000000,12.370010,7.393951
23.990774,-82.344400,-279.000000,12.140475,7.375668
24.510774,-82.344400,-279.000000,12.377784,7.431240
25.030774,-82.344400,-279.000000,12.205218,7.401627
25.550774,-82.344400,-279.000000,12.315622,7.529380
26.070774,-82.344400,-279.000000,12.264620,7.483050
26.590774,-82.344400,-279.000000,12.118595,7.484715
27.110774,-82.344400,-279.000000,12.475315,7.485048
27.630774,-82.344400,-279.000000,12.463742,7.601182
28.150774,-82.344400,-279.000000,12.156257,7.314131
28.670774,-82.344400,-279.000000,12.129226,7.507223
29.190774,-82.344400,-279.000000,12.360033,7.547001
29.710774,-82.344400,-279.000000,12.492138,7.525288
30.230774,-82.344400,-279.000000,12.142303,7.403197
30.750774,-82.344400,-279.000000,12.387683,7.470754
31.270774,-82.344400,-279.000000,12.566410,7.519502
31.790774,-82.344400,-279.000000,12.246511,7.438078
32.310774,-82.344400,-279.000000,12.487221,7.507379
32.830774,-82.344400,-279.000000,12.193341,7.493845
33.350774,-82.344400,-279.000000,12.386832,7.548216
33.870774,-82.344400,-279.000000,12.281998,7.467118
34.390774,-82.344400,-279.000000,12.347526,7.400980
34.910774,-82.344400,-279.000000,12.350268,7.476757
35.430774,-82.344400,-279.000000,12.342860,7.565206
35.950774,-82.344400,-279.000000,12.196012,7.415521
36.470774,-82.344400,-279.000000,12.547816,7.464773
36.990774,-82.344400,-279.000000,12.200004,7.478304
37.510774,-82.344400,-279.000000,12.242506,7.475489
38.030774,-82.344400,-279.000000,12.195861,7.490692
38.550774,-82.344400,-279.000000,12.370208,7.485323
39.070774,-82.344400,-279.000000,12.075263,7.427574
39.590774,-82.344400,-279.000000,12.202065,7.435974
40.110774,-82.344400,-279.000000,12.296187,7.460476
40.630774,-82.344400,-279.000000,12.456222,7.444551
41.150774,-82.344400,-279.000000,12.530407,7.582984
41.670774,-82.344400,-279.000000,12.151884,7.419025
42.190774,-82.344400,-279.000000,12.484984,7.469565
42.710774,-82.344400,-279.000000,12.075753,7.452040
43.230774,-82.344400,-279.000000,12.364497,7.488925
43.750774,-82.344400,-279.000000,12.417617,7.473536
44.270774,-82.344400,-279.000000,12.272576,7.444510
44.790774,-82.344400,-279.000000,12.513050,7.501652
45.310774,-82.344400,-279.000000,12.138526,7.513652
45.830774,-82.344400,-279.000000,12.157359,7.367958
46.350774,-82.344400,-279.000000,12.296064,7.483302
46.870774,-82.344400,-279.000000,12.281993,7.527992
47.390774,-82.344400,-279.000000,12.280669,7.463675
47.910774,-82.344400,-279.000000,12.585883,7.528303
48.430774,-82.344400,-279.000000,12.240536,7.457156
48.950774,-82.344400,-279.000000,12.288956,7.437783
49.470774,-82.344400,-279.000000,12.200923,7.496147
49.990774,-82.344400,-279.000000,12.301743,7.456922
50.510774,-82.344400,-279.000000,12.220832,7.550403
51.030774,-82.344400,-279.000000,12.088082,7.515412
51.550774,-82.344400,-279.000000,12.176473,7.520295
52.070774,-82.344400,-279.000000,12.316154,7.470555
52.590774,-82.344400,-279.000000,12.389501,7.431382
53.110774,-82.344400,-279.000000,12.339797,7.452759
53.630774,-82.344400,-279.000000,12.362578,7.481023
54.150774,-82.344400,-279.000000,12.123952,7.494636
54.670774,-82.344400,-279.000000,11.941081,7.458272
55.190774,-82.344400,-279.000000,12.152844,7.476357
55.710774,-82.344400,-279.000000,12.219680,7.513450
56.230774,-82.344400,-279.000000,12.305469,7.464102
56.750774,-82.344400,-279.000000,12.105876,7.494762
57.270774,-82.344400,-279.000000,12.350345,7.492819
57.790774,-82.344400,-279.000000,12.272648,7.466837
58.310774,-82.344400,-279.000000,12.251462,7.465618
58.830774,-82.344400,-279.000000,12.408654,7.490806
59.350774,-82.344400,-279.000000,12.304216,7.499346
59.870774,-82.344400,-279.000000,12.224404,7.488290
60.390774,-82.344400,-279.000000,12.360826,7.441047
60.910774,-82.344400,-279.000000,12.307192,7.486002
61.430774,-82.344400,-279.000000,12.293689,7.434711
61.950774,-82.344400,-279.000000,12.360568,7.457884
62.470774,-82.344400,-279.000000,12.291839,7.434616
13.070774,-81.824400,-279.000000,12.378878,7.099701
13.590774,-81.824400,-279.000000,12.297303,7.194623
14.110774,-81.824400,-279.000000,12.400630,7.254716
14.630774,-81.824400,-279.000000,12.488555,7.262966
15.150774,-81.824400,-279.000000,12.382008,7.263710
15.670774,-81.824400,-279.000000,12.589403,7.361860
16.190774,-81.824400,-279.000000,12.354042,7.301311
16.710774,-81.824400,-279.000000,12.140926,7.324274
17.230774,-81.824400,-279.000000,12.349508,7.403968
17.750774,-81.824400,-279.000000,12.352339,7.408971
18.270774,-81.824400,-279.000000,12.285812,7.338476
18.790774,-81.824400,-279.000000,12.259532,7.394717
19.310774,-81.824400,-279.000000,12.313561,7.380689
19.830774,-81.824400,-279.000000,12.251772,7.389224
20.350774,-81.824400,-279.000000,12.404628,7.415053
20.870774,-81.824400,-279.000000,12.329964,7.501071
21.390774,-81.824400,-279.000000,12.268538,7.401813
21.910774,-81.824400,-279.000000,12.346515,7.484120
22.430774,-81.824400,-279.000000,12.257438,7.391203
22.950774,-81.824400,-279.000000,12.380664,7.440449
23.470774,-81.824400,-279.000000,12.369617,7.433394
23.990774,-81.824400,-279.000000,12.089847,7.349841
24.510774,-81.824400,-279.000000,12.385376,7.435872
25.030774,-81.824400,-279.000000,12.168399,7.403773
25.550774,-81.824400,-279.000000,12.299026,7.508802
26.070774,-81.824400,-279.000000,12.340610,7.511535
26.590774,-81.824400,-279.000000,12.091471,7.510993
27.110774,-81.824400,-279.000000,12.475859,7.475719
27.630774,-81.824400,-279.000000,12.426222,7.610219
28.150774,-81.824400,-279.000000,12.122377,7.328217
28.670774,-81.824400,-279.000000,12.074142,7.518833
29.190774,-81.824400,-279.000000,12.355330,7.535048
29.710774,-81.824400,-279.000000,12.514857,7.553213
30.230774,-81.824400,-279.000000,12.148559,7.392231
30.750774,-81.824400,-279.000000,12.415114,7.508920
31.270774,-81.824400,-279.000000,12.553438,7.535784
31.790774,-81.824400,-279.000000,12.160548,7.426650
32.310774,-81.824400,-279.000000,12.498994,7.552364
32.830774,-81.824400,-279.000000,12.202552,7.471070
33.350774,-81.824400,-279.000000,12.321982,7.546603
33.870774,-81.824400,-279.000000,12.383188,7.479977
34.390774,-81.824400,-279.000000,12.282367,7.401803
34.910774,-81.824400,-279.000000,12.367488,7.495617
35.430774,-81.824400,-279.000000,12.337489,7.562032
35.950774,-81.824400,-279.000000,12.282408,7.429823
36.470774,-81.824400,-279.000000,12.447855,7.494945
36.990774,-81.824400,-279.000000,12.191327,7.498434
37.510774,-81.824400,-279.000000,12.217083,7.473989
38.030774,-81.824400,-279.000000,12.281348,7.508358
38.550774,-81.824400,-279.000000,12.334493,7.475751
39.070774,-81.824400,-279.000000,12.068000,7.451252
39.590774,-81.824400,-279.000000,12.227527,7.410492
40.110774,-81.824400,-279.000000,12.313744,7.459803
40.630774,-81.824400,-279.000000,12.518163,7.487657
41.150774,-81.824400,-279.000000,12.363580,7.543386
41.670774,-81.824400,-279.000000,12.129844,7.447768
42.190774,-81.824400,-279.000000,12.437532,7.476222
42.710774,-81.824400,-279.000000,12.136474,7.504113
43.230774,-81.824400,-279.000000,12.324576,7.499579
43.750774,-81.824400,-279.000000,12.398706,7.463235
44.270774,-81.824400,-279.000000,12.266862,7.480101
44.790774,-81.824400,-279.000000,12.451313,7.479410
45.310774,-81.824400,-279.000000,12.125426,7.546426
45.830774,-81.824400,-279.000000,12.129915,7.387847
46.350774,-81.824400,-279.000000,12.251613,7.496282
46.870774,-81.824400,-279.000000,12.301054,7.521662
47.390774,-81.824400,-279.000000,12.284125,7.481117
47.910774,-81.824400,-279.000000,12.585177,7.533740
48.430774,-81.824400,-279.000000,12.128791,7.455838
48.950774,-81.824400,-279.000000,12.277596,7.407411
49.470774,-81.824400,-279.000000,12.136508,7.501167
49.990774,-81.824400,-279.000000,12.364977,7.492016
50.510774,-81.824400,-279.000000,12.187259,7.522778
51.030774,-81.824400,-279.000000,12.235431,7.519559
51.550774,-81.824400,-279.000000,12.080871,7.522031
52.070774,-81.824400,-279.000000,12.223508,7.483224
52.590774,-81.824400,-279.000000,12.459861,7.443099
53.110774,-81.824400,-279.000000,12.299332,7.476910
53.630774,-81.824400,-279.000000,12.340351,7.479862
54.150774,-81.824400,-279.000000,12.088091,7.490497
54.670774,-81.824400,-279.000000,12.003459,7.492072
55.190774,-81.824400,-279.000000,12.243649,7.482941
55.710774,-81.824400,-279.000000,12.152599,7.505104
56.230774,-81.824400,-279.000000,12.315049,7.481351
56.750774,-81.824400,-279.000000,12.136651,7.515318
57.270774,-81.824400,-279.000000,12.306059,7.478912
57.790774,-81.824400,-279.000000,12.294423,7.475663
58.310774,-81.824400,-279.000000,12.278890,7.487303
58.830774,-81.824400,-279.000000,12.426038,7.467021
59.350774,-81.824400,-279.000000,12.265212,7.495759
59.870774,-81.824400,-279.000000,12.248992,7.517831
60.390774,-81.824400,-279.000000,12.269189,7.441279
60.910774,-81.824400,-279.000000,12.328717,7.477750
61.430774,-81.824400,-279.000000,12.290580,7.441179
61.950774,-81.824400,-279.000000,12.308284,7.470689
62.470774,-81.824400,-279.000000,12.269069,7.447797
62.990774,-81.824400,-279.000000,12.405751,7.448285
61.430774,-81.304400,-279.000000,12.244449,7.419968
13.590774,-82.344400,-278.000000,12.396014,7.156250
14.110774,-82.344400,-278.000000,12.362586,7.216571
14.630774,-82.344400,-278.000000,12.561000,7.334028
15.150774,-82.344400,-278.000000,12.176581,7.249815
15.670774,-82.344400,-278.000000,12.376848,7.270740
16.190774,-82.344400,-278.000000,12.423478,7.360013
16.710774,-82.344400,-278.000000,12.316257,7.249815
17.230774,-82.344400,-278.000000,12.496975,7.319952
17.750774,-82.344400,-278.000000,12.650002,7.419184
18.270774,-82.344400,-278.000000,12.253572,7.375378
18.790774,-82.344400,-278.000000,12.254358,7.440450
19.310774,-82.344400,-278.000000,12.436455,7.422722
19.830774,-82.344400,-278.000000,12.394063,7.426296
20.350774,-82.344400,-278.000000,12.387042,7.317499
20.870774,-82.344400,-278.000000,12.266585,7.407801
21.390774,-82.344400,-278.000000,12.293108,7.352956
21.910774,-82.344400,-278.000000,12.268059,7.418161
22.430774,-82.344400,-278.000000,12.405799,7.407647
22.950774,-82.344400,-278.000000,12.143732,7.385801
23.470774,-82.344400,-278.000000,12.244758,7.360671
23.990774,-82.344400,-278.000000,12.528212,7.416177
24.510774,-82.344400,-278.000000,12.471175,7.541209
25.030774,-82.344400,-278.000000,12.469258,7.520988
25.550774,-82.344400,-278.000000,12.263829,7.447331
26.070774,-82.344400,-278.000000,12.187347,7.388892
26.590774,-82.344400,-278.000000,12.276217,7.514847
27.110774,-82.344400,-278.000000,12.310120,7.436786
27.630774,-82.344400,-278.000000,12.434504,7.451735
28.150774,-82.344400,-278.000000,12.428599,7.524234
28.670774,-82.344400,-278.000000,12.343209,7.547299
29.190774,-82.344400,-278.000000,12.468747,7.499756
29.710774,-82.344400,-278.000000,12.495746,7.463089
30.230774,-82.344400,-278.000000,12.197301,7.435384
30.750774,-82.344400,-278.000000,12.287774,7.401339
31.270774,-82.344400,-278.000000,12.263500,7.513078
31.790774,-82.344400,-278.000000,12.320075,7.495940
32.310774,-82.344400,-278.000000,12.111841,7.521396
32.830774,-82.344400,-278.000000,12.242353,7.435622
33.350774,-82.344400,-278.000000,12.389236,7.446450
33.870774,-82.344400,-278.000000,12.223060,7.484016
34.390774,-82.344400,-278.000000,12.344974,7.435516
34.910774,-82.344400,-278.000000,12.186908,7.416097
35.430774,-82.344400,-278.000000,12.469637,7.557004
35.950774,-82.344400,-278.000000,12.457580,7.508971
36.470774,-82.344400,-278.000000,12.702033,7.563263
36.990774,-82.344400,-278.000000,12.429006,7.538480
37.510774,-82.344400,-278.000000,12.346346,7.505622
38.030774,-82.344400,-278.000000,12.270352,7.496130
38.550774,-82.344400,-278.000000,12.370231,7.488589
39.070774,-82.344400,-278.000000,12.330620,7.522202
39.590774,-82.344400,-278.000000,12.221568,7.508671
40.110774,-82.344400,-278.000000,12.510651,7.509459
40.630774,-82.344400,-278.000000,12.491555,7.529316
41.150774,-82.344400,-278.000000,12.171431,7.500622
41.670774,-82.344400,-278.000000,12.343979,7.465782
42.190774,-82.344400,-278.000000,12.314911,7.379583
42.710774,-82.344400,-278.000000,12.404185,7.437001
43.230774,-82.344400,-278.000000,12.447852,7.551772
43.750774,-82.344400,-278.000000,12.418891,7.433930
44.270774,-82.344400,-278.000000,12.255973,7.482810
44.790774,-82.344400,-278.000000,12.221387,7.500214
45.310774,-82.344400,-278.000000,12.478241,7.560741
45.830774,-82.344400,-278.000000,12.385392,7.413629
46.350774,-82.344400,-278.000000,12.391601,7.544428
46.870774,-82.344400,-278.000000,12.167620,7.538861
47.390774,-82.344400,-278.000000,12.514319,7.581300
47.910774,-82.344400,-278.000000,12.383361,7.555547
48.430774,-82.344400,-278.000000,12.244529,7.563221
48.950774,-82.344400,-278.000000,12.382636,7.531637
49.470774,-82.344400,-278.000000,12.209121,7.470024
49.990774,-82.344400,-278.000000,12.281179,7.440610
50.510774,-82.344400,-278.000000,12.408704,7.602334
51.030774,-82.344400,-278.000000,12.459121,7.461397
51.550774,-82.344400,-278.000000,12.373576,7.518728
52.070774,-82.344400,-278.000000,12.497417,7.560578
52.590774,-82.344400,-278.000000,12.279914,7.559489
53.110774,-82.344400,-278.000000,12.315339,7.502765
53.630774,-82.344400,-278.000000,12.315950,7.529371
54.150774,-82.344400,-278.000000,12.348287,7.481699
54.670774,-82.344400,-278.000000,12.449794,7.517125
55.190774,-82.344400,-278.000000,12.019792,7.473044
55.710774,-82.344400,-278.000000,12.228225,7.500007
56.230774,-82.344400,-278.000000,12.318508,7.520743
56.750774,-82.344400,-278.000000,12.104304,7.465006
57.270774,-82.344400,-278.000000,12.220205,7.540149
57.790774,-82.344400,-278.000000,12.557832,7.521990
58.310774,-82.344400,-278.000000,12.529107,7.591963
58.830774,-82.344400,-278.000000,12.266567,7.454359
59.350774,-82.344400,-278.000000,12.263751,7.465014
59.870774,-82.344400,-278.000000,12.283145,7.492371
60.390774,-82.344400,-278.000000,12.266015,7.528517
60.910774,-82.344400,-278.000000,12.495012,7.519399
61.430774,-82.344400,-278.000000,12.386794,7.491531
61.950774,-82.344400,-278.000000,12.352885,7.373146
62.470774,-82.344400,-278.000000,12.267158,7.513598
62.990774,-82.344400,-278.000000,12.637892,7.600284
63.510774,-82.344400,-278.000000,12.385058,7.528180
64.030774,-82.344400,-278.000000,12.321087,7.474347
13.070774,-81.824400,-278.000000,12.269422,7.180065
13.590774,-81.824400,-278.000000,12.327307,7.158420
14.110774,-81.824400,-278.000000,12.359012,7.235978
14.630774,-81.824400,-278.000000,12.587519,7.328814
15.150774,-81.824400,-278.000000,12.172047,7.262431
15.670774,-81.824400,-278.000000,12.343825,7.278842
16.190774,-81.824400,-278.000000,12.365413,7.320883
16.710774,-81.824400,-278.000000,12.297256,7.262243
17.230774,-81.824400,-278.000000,12.492672,7.321146
17.750774,-81.824400,-278.000000,12.686992,7.425239
18.270774,-81.824400,-278.000000,12.252830,7.397546
18.790774,-81.824400,-278.000000,12.165627,7.404169
19.310774,-81.824400,-278.000000,12.447214,7.449113
19.830774,-81.824400,-278.000000,12.301970,7.412757
20.350774,-81.824400,-278.000000,12.336814,7.294986
20.870774,-81.824400,-278.000000,12.261030,7.416410
21.390774,-81.824400,-278.000000,12.320842,7.359844
21.910774,-81.824400,-278.000000,12.254969,7.465816
22.430774,-81.824400,-278.000000,12.398612,7.410576
22.950774,-81.824400,-278.000000,12.123756,7.390008
23.470774,-81.824400,-278.000000,12.221106,7.349909
23.990774,-81.824400,-278.000000,12.619777,7.444680
24.510774,-81.824400,-278.000000,12.425599,7.559190
25.030774,-81.824400,-278.000000,12.421942,7.525978
25.550774,-81.824400,-278.000000,12.268274,7.459399
26.070774,-81.824400,-278.000000,12.124310,7.413452
26.590774,-81.824400,-278.000000,12.248096,7.494614
27.110774,-81.824400,-278.000000,12.310093,7.478722
27.630774,-81.824400,-278.000000,12.437089,7.454849
28.150774,-81.824400,-278.000000,12.417010,7.535994
28.670774,-81.824400,-278.000000,12.317225,7.518650
29.190774,-81.824400,-278.000000,12.440104,7.505439
29.710774,-81.824400,-278.000000,12.426688,7.443893
30.230774,-81.824400,-278.000000,12.181740,7.434050
30.750774,-81.824400,-278.000000,12.310871,7.427706
31.270774,-81.824400,-278.000000,12.283670,7.507436
31.790774,-81.824400,-278.000000,12.360522,7.485640
32.310774,-81.824400,-278.000000,12.089072,7.525330
32.830774,-81.824400,-278.000000,12.243876,7.447079
33.350774,-81.824400,-278.000000,12.423461,7.488045
33.870774,-81.824400,-278.000000,12.163312,7.460679
34.390774,-81.824400,-278.000000,12.392686,7.445635
34.910774,-81.824400,-278.000000,12.161614,7.406629
35.430774,-81.824400,-278.000000,12.478809,7.536817
35.950774,-81.824400,-278.000000,12.437296,7.499850
36.470774,-81.824400,-278.000000,12.704137,7.556244
36.990774,-81.824400,-278.000000,12.458835,7.535074
37.510774,-81.824400,-278.000000,12.224992,7.501442
38.030774,-81.824400,-278.000000,12.204081,7.506840
38.550774,-81.824400,-278.000000,12.355884,7.500694
39.070774,-81.824400,-278.000000,12.287739,7.552817
39.590774,-81.824400,-278.000000,12.155784,7.515332
40.110774,-81.824400,-278.000000,12.529376,7.534616
40.630774,-81.824400,-278.000000,12.406294,7.519864
41.150774,-81.824400,-278.000000,12.223419,7.504878
41.670774,-81.824400,-278.000000,12.371089,7.491437
42.190774,-81.824400,-278.000000,12.330330,7.418950
42.710774,-81.824400,-278.000000,12.368884,7.427899
43.230774,-81.824400,-278.000000,12.420497,7.535364
43.750774,-81.824400,-278.000000,12.416621,7.460782
44.270774,-81.824400,-278.000000,12.338455,7.503239
44.790774,-81.824400,-278.000000,12.179729,7.503139
45.310774,-81.824400,-278.000000,12.413751,7.519632
45.830774,-81.824400,-278.000000,12.439535,7.445645
46.350774,-81.824400,-278.000000,12.375884,7.551525
46.870774,-81.824400,-278.000000,12.141438,7.568323
47.390774,-81.824400,-278.000000,12.508265,7.584457
47.910774,-81.824400,-278.000000,12.265282,7.573033
48.430774,-81.824400,-278.000000,12.305443,7.560103
48.950774,-81.824400,-278.000000,12.317028,7.542954
49.470774,-81.824400,-278.000000,12.182119,7.483930
49.990774,-81.824400,-278.000000,12.224739,7.450165
50.510774,-81.824400,-278.000000,12.445391,7.607313
51.030774,-81.824400,-278.000000,12.469937,7.497928
51.550774,-81.824400,-278.000000,12.346595,7.532164
52.070774,-81.824400,-278.000000,12.452759,7.553280
52.590774,-81.824400,-278.000000,12.346741,7.568196
53.110774,-81.824400,-278.000000,12.352012,7.529758
53.630774,-81.824400,-278.000000,12.285748,7.524272
54.150774,-81.824400,-278.000000,12.316352,7.483466
54.670774,-81.824400,-278.000000,12.424065,7.536057
55.190774,-81.824400,-278.000000,12.055777,7.492648
55.710774,-81.824400,-278.000000,12.219997,7.478178
56.230774,-81.824400,-278.000000,12.356745,7.539702
56.750774,-81.824400,-278.000000,12.131545,7.464822
57.270774,-81.824400,-278.000000,12.198075,7.574914
57.790774,-81.824400,-278.000000,12.556464,7.549533
58.310774,-81.824400,-278.000000,12.505415,7.560646
58.830774,-81.824400,-278.000000,12.257323,7.482316
59.350774,-81.824400,-278.000000,12.164625,7.464534
59.870774,-81.824400,-278.000000,12.318986,7.507746
60.390774,-81.824400,-278.000000,12.234686,7.538549
60.910774,-81.824400,-278.000000,12.412105,7.509855
61.430774,-81.824400,-278.000000,12.408359,7.496674
61.950774,-81.824400,-278.000000,12.333365,7.403922
62.470774,-81.824400,-278.000000,12.281447,7.522593
62.990774,-81.824400,-278.000000,12.643443,7.586891
63.510774,-81.824400,-278.000000,12.342390,7.501383
64.030774,-81.824400,-278.000000,12.361754,7.467920
64.550774,-81.824400,-278.000000,12.362586,7.505067
65.070774,-81.824400,-278.000000,12.416467,7.515730
63.510774,-81.304400,-278.000000,12.349563,7.522305
13.590774,-82.344400,-277.000000,12.210068,7.116023
14.110774,-82.344400,-277.000000,12.332778,7.256671
14.630774,-82.344400,-277.000000,12.501226,7.220100
15.150774,-82.344400,-277.000000,12.266402,7.178549
15.670774,-82.344400,-277.000000,12.429566,7.263090
16.190774,-82.344400,-277.000000,12.174543,7.260096
16.710774,-82.344400,-277.000000,12.371521,7.469268
17.230774,-82.344400,-277.000000,12.675616,7.410030
17.750774,-82.344400,-277.000000,12.593658,7.358303
18.270774,-82.344400,-277.000000,12.223674,7.391549
18.790774,-82.344400,-277.000000,12.484655,7.431598
19.310774,-82.344400,-277.000000,12.501848,7.401161
19.830774,-82.344400,-277.000000,12.578055,7.450026
20.350774,-82.344400,-277.000000,12.302893,7.348617
20.870774,-82.344400,-277.000000,12.555487,7.385401
21.390774,-82.344400,-277.000000,12.280078,7.414155
21.910774,-82.344400,-277.000000,12.389421,7.454322
22.430774,-82.344400,-277.000000,12.334186,7.519506
22.950774,-82.344400,-277.000000,12.306514,7.328381
23.470774,-82.344400,-277.000000,12.419447,7.495198
23.990774,-82.344400,-277.000000,12.079402,7.394161
24.510774,-82.344400,-277.000000,12.381145,7.492125
25.030774,-82.344400,-277.000000,12.433041,7.505413
25.550774,-82.344400,-277.000000,12.454514,7.437991
26.070774,-82.344400,-277.000000,12.435386,7.507723
26.590774,-82.344400,-277.000000,12.294276,7.438615
27.110774,-82.344400,-277.000000,12.206462,7.468135
27.630774,-82.344400,-277.000000,12.194201,7.456944
28.150774,-82.344400,-277.000000,12.213945,7.383079
28.670774,-82.344400,-277.000000,12.422988,7.408462
29.190774,-82.344400,-277.000000,12.316492,7.509610
29.710774,-82.344400,-277.000000,12.264015,7.487227
30.230774,-82.344400,-277.000000,12.406019,7.379168
30.750774,-82.344400,-277.000000,12.458364,7.466675
31.270774,-82.344400,-277.000000,12.306258,7.474122
31.790774,-82.344400,-277.000000,12.200477,7.425761
32.310774,-82.344400,-277.000000,12.496333,7.457383
32.830774,-82.344400,-277.000000,12.509469,7.587379
33.350774,-82.344400,-277.000000,12.498303,7.523794
33.870774,-82.344400,-277.000000,12.389098,7.494960
34.390774,-82.344400,-277.000000,12.171641,7.511677
34.910774,-82.344400,-277.000000,12.314007,7.460938
35.430774,-82.344400,-277.000000,12.286780,7.412205
35.950774,-82.344400,-277.000000,12.425176,7.517563
36.470774,-82.344400,-277.000000,12.445312,7.498302
36.990774,-82.344400,-277.000000,12.456283,7.442429
37.510774,-82.344400,-277.000000,12.204577,7.487127
38.030774,-82.344400,-277.000000,12.321042,7.505049
38.550774,-82.344400,-277.000000,12.070528,7.397429
39.070774,-82.344400,-277.000000,12.241110,7.460512
39.590774,-82.344400,-277.000000,12.469253,7.497348
40.110774,-82.344400,-277.000000,12.269559,7.432515
40.630774,-82.344400,-277.000000,12.223720,7.515167
41.150774,-82.344400,-277.000000,12.325592,7.491970
41.670774,-82.344400,-277.000000,12.382983,7.497530
42.190774,-82.344400,-277.000000,12.541271,7.536370
42.710774,-82.344400,-277.000000,12.431281,7.481008
43.230774,-82.344400,-277.000000,12.266163,7.403136
43.750774,-82.344400,-277.000000,12.486761,7.552504
44.270774,-82.344400,-277.000000,12.230594,7.483336
44.790774,-82.344400,-277.000000,12.368677,7.416670
45.310774,-82.344400,-277.000000,12.497264,7.560639
45.830774,-82.344400,-277.000000,12.507256,7.514346
46.350774,-82.344400,-277.000000,12.334567,7.384876
46.870774,-82.344400,-277.000000,12.287223,7.502848
47.390774,-82.344400,-277.000000,12.352012,7.541605
47.910774,-82.344400,-277.000000,12.386285,7.484509
48.430774,-82.344400,-277.000000,12.417611,7.506254
48.950774,-82.344400,-277.000000,12.168429,7.519258
49.470774,-82.344400,-277.000000,12.313993,7.604020
49.990774,-82.344400,-277.000000,12.159456,7.524243
50.510774,-82.344400,-277.000000,12.286713,7.490846
51.030774,-82.344400,-277.000000,12.458706,7.562787
51.550774,-82.344400,-277.000000,12.304265,7.441123
52.070774,-82.344400,-277.000000,12.350131,7.475646
52.590774,-82.344400,-277.000000,12.325651,7.515144
53.110774,-82.344400,-277.000000,12.430556,7.483202
53.630774,-82.344400,-277.000000,12.053561,7.421059
54.150774,-82.344400,-277.000000,12.474174,7.517500
54.670774,-82.344400,-277.000000,12.372128,7.544404
55.190774,-82.344400,-277.000000,12.708739,7.576712
55.710774,-82.344400,-277.000000,12.530219,7.520898
56.230774,-82.344400,-277.000000,12.364422,7.503996
56.750774,-82.344400,-277.000000,12.214660,7.496430
57.270774,-82.344400,-277.000000,12.154641,7.439401
57.790774,-82.344400,-277.000000,12.401369,7.519279
58.310774,-82.344400,-277.000000,12.324835,7.540992
58.830774,-82.344400,-277.000000,12.251571,7.429884
59.350774,-82.344400,-277.000000,12.290697,7.522034
59.870774,-82.344400,-277.000000,12.382983,7.456543
60.390774,-82.344400,-277.000000,12.181444,7.509305
60.910774,-82.344400,-277.000000,12.292893,7.458120
61.430774,-82.344400,-277.000000,12.412873,7.509126
61.950774,-82.344400,-277.000000,12.442228,7.420457
62.470774,-82.344400,-277.000000,12.249766,7.464107
62.990774,-82.344400,-277.000000,12.434256,7.493751
63.510774,-82.344400,-277.000000,12.378074,7.519372
64.030774,-82.344400,-277.000000,12.211982,7.540215
64.550774,-82.344400,-277.000000,12.361986,7.455636
65.070774,-82.344400,-277.000000,12.361686,7.459969
65.590774,-82.344400,-277.000000,12.192790,7.437455
66.110774,-82.344400,-277.000000,12.378383,7.567706
13.070774,-81.824400,-277.000000,12.157056,7.252230
13.590774,-81.824400,-277.000000,12.219314,7.119814
14.110774,-81.824400,-277.000000,12.326194,7.272560
14.630774,-81.824400,-277.000000,12.476966,7.232386
15.150774,-81.824400,-277.000000,12.283360,7.167636
15.670774,-81.824400,-277.000000,12.410276,7.300884
16.190774,-81.824400,-277.000000,12.178591,7.258025
16.710774,-81.824400,-277.000000,12.412769,7.480201
17.230774,-81.824400,-277.000000,12.605117,7.415683
17.750774,-81.824400,-277.000000,12.518648,7.362190
18.270774,-81.824400,-277.000000,12.253845,7.452086
18.790774,-81.824400,-277.000000,12.478529,7.449314
19.310774,-81.824400,-277.000000,12.391352,7.381854
19.830774,-81.824400,-277.000000,12.517299,7.472262
20.350774,-81.824400,-277.000000,12.292782,7.368730
20.870774,-81.824400,-277.000000,12.498946,7.379134
21.390774,-81.824400,-277.000000,12.274638,7.407104
21.910774,-81.824400,-277.000000,12.404587,7.472009
22.430774,-81.824400,-277.000000,12.347388,7.532194
22.950774,-81.824400,-277.000000,12.268830,7.342165
23.470774,-81.824400,-277.000000,12.425311,7.507780
23.990774,-81.824400,-277.000000,12.075467,7.413288
24.510774,-81.824400,-277.000000,12.438518,7.468400
25.030774,-81.824400,-277.000000,12.455326,7.525754
25.550774,-81.824400,-277.000000,12.383408,7.441667
26.070774,-81.824400,-277.000000,12.433932,7.521276
26.590774,-81.824400,-277.000000,12.337196,7.442348
27.110774,-81.824400,-277.000000,12.202374,7.492652
27.630774,-81.824400,-277.000000,12.217412,7.475718
28.150774,-81.824400,-277.000000,12.158416,7.390211
28.670774,-81.824400,-277.000000,12.462953,7.418217
29.190774,-81.824400,-277.000000,12.195069,7.491940
29.710774,-81.824400,-277.000000,12.354219,7.523745
30.230774,-81.824400,-277.000000,12.316459,7.390803
30.750774,-81.824400,-277.000000,12.465146,7.459344
31.270774,-81.824400,-277.000000,12.369830,7.477602
31.790774,-81.824400,-277.000000,12.162441,7.416296
32.310774,-81.824400,-277.000000,12.433571,7.463393
32.830774,-81.824400,-277.000000,12.499133,7.610346
33.350774,-81.824400,-277.000000,12.464131,7.509169
33.870774,-81.824400,-277.000000,12.434590,7.517071
34.390774,-81.824400,-277.000000,12.123396,7.497963
34.910774,-81.824400,-277.000000,12.371350,7.502019
35.430774,-81.824400,-277.000000,12.250916,7.423936
35.950774,-81.824400,-277.000000,12.391555,7.552877
36.470774,-81.824400,-277.000000,12.401668,7.491906
36.990774,-81.824400,-277.000000,12.460855,7.460114
37.510774,-81.824400,-277.000000,12.218340,7.493515
38.030774,-81.824400,-277.000000,12.297469,7.486627
38.550774,-81.824400,-277.000000,12.109480,7.425114
39.070774,-81.824400,-277.000000,12.249168,7.468530
39.590774,-81.824400,-277.000000,12.402732,7.486470
40.110774,-81.824400,-277.000000,12.281764,7.440687
40.630774,-81.824400,-277.000000,12.205609,7.530051
41.150774,-81.824400,-277.000000,12.372487,7.510763
41.670774,-81.824400,-277.000000,12.361310,7.524529
42.190774,-81.824400,-277.000000,12.532817,7.523065
42.710774,-81.824400,-277.000000,12.329217,7.491976
43.230774,-81.824400,-277.000000,12.262667,7.413826
43.750774,-81.824400,-277.000000,12.496057,7.536912
44.270774,-81.824400,-277.000000,12.180999,7.486483
44.790774,-81.824400,-277.000000,12.392476,7.413911
45.310774,-81.824400,-277.000000,12.430136,7.603843
45.830774,-81.824400,-277.000000,12.409328,7.485407
46.350774,-81.824400,-277.000000,12.326275,7.395419
46.870774,-81.824400,-277.000000,12.251793,7.503229
47.390774,-81.824400,-277.000000,12.381362,7.536694
47.910774,-81.824400,-277.000000,12.324024,7.490964
48.430774,-81.824400,-277.000000,12.450290,7.521438
48.950774,-81.824400,-277.000000,12.283539,7.510104
49.470774,-81.824400,-277.000000,12.291493,7.609059
49.990774,-81.824400,-277.000000,12.201094,7.539083
50.510774,-81.824400,-277.000000,12.178544,7.504303
51.030774,-81.824400,-277.000000,12.446814,7.559438
51.550774,-81.824400,-277.000000,12.256359,7.439705
52.070774,-81.824400,-277.000000,12.361383,7.483669
52.590774,-81.824400,-277.000000,12.319237,7.529814
53.110774,-81.824400,-277.000000,12.443332,7.482596
53.630774,-81.824400,-277.000000,12.044370,7.427943
54.150774,-81.824400,-277.000000,12.399158,7.498528
54.670774,-81.824400,-277.000000,12.401251,7.555233
55.190774,-81.824400,-277.000000,12.652820,7.570222
55.710774,-81.824400,-277.000000,12.455386,7.506352
56.230774,-81.824400,-277.000000,12.405723,7.531266
56.750774,-81.824400,-277.000000,12.143537,7.503249
57.270774,-81.824400,-277.000000,12.019612,7.398885
57.790774,-81.824400,-277.000000,12.380433,7.521703
58.310774,-81.824400,-277.000000,12.328968,7.580778
58.830774,-81.824400,-277.000000,12.235658,7.448855
59.350774,-81.824400,-277.000000,12.313994,7.496667
59.870774,-81.824400,-277.000000,12.359534,7.485377
60.390774,-81.824400,-277.000000,12.261207,7.517876
60.910774,-81.824400,-277.000000,12.253741,7.453367
61.430774,-81.824400,-277.000000,12.492765,7.545625
61.950774,-81.824400,-277.000000,12.409328,7.424398
62.470774,-81.824400,-277.000000,12.219304,7.458052
62.990774,-81.824400,-277.000000,12.382428,7.520602
63.510774,-81.824400,-277.000000,12.408515,7.507897
64.030774,-81.824400,-277.000000,12.303824,7.592805
64.550774,-81.824400,-277.000000,12.306083,7.440747
65.070774,-81.824400,-277.000000,12.366469,7.481295
65.590774,-81.824400,-277.000000,12.113805,7.418150
66.110774,-81.824400,-277.000000,12.308543,7.564222
66.630774,-81.824400,-277.000000,12.271654,7.427193
66.110774,-81.304400,-277.000000,12.231372,7.557664
13.590774,-82.344400,-276.000000,12.356120,7.168343
14.110774,-82.344400,-276.000000,12.264657,7.168915
14.630774,-82.344400,-276.000000,12.409495,7.217105
15.150774,-82.344400,-276.000000,12.174850,7.197346
15.670774,-82.344400,-276.000000,12.239496,7.250546
16.190774,-82.344400,-276.000000,12.313239,7.324828
16.710774,-82.344400,-276.000000,12.509233,7.394647
17.230774,-82.344400,-276.000000,12.220808,7.359145
17.750774,-82.344400,-276.000000,12.459755,7.402303
18.270774,-82.344400,-276.000000,12.207275,7.400067
18.790774,-82.344400,-276.000000,12.355332,7.370039
19.310774,-82.344400,-276.000000,12.340832,7.350809
19.830774,-82.344400,-276.000000,12.233854,7.414189
20.350774,-82.344400,-276.000000,12.524406,7.451207
20.870774,-82.344400,-276.000000,12.455882,7.373904
21.390774,-82.344400,-276.000000,12.312663,7.414197
21.910774,-82.344400,-276.000000,12.357360,7.400893
22.430774,-82.344400,-276.000000,12.424259,7.389373
22.950774,-82.344400,-276.000000,12.486720,7.491151
23.470774,-82.344400,-276.000000,12.446926,7.447124
23.990774,-82.344400,-276.000000,12.375946,7.437476
24.510774,-82.344400,-276.000000,12.677310,7.497234
25.030774,-82.344400,-276.000000,12.325107,7.436194
25.550774,-82.344400,-276.000000,12.404533,7.454313
26.070774,-82.344400,-276.000000,12.457259,7.501188
26.590774,-82.344400,-276.000000,12.643617,7.463052
27.110774,-82.344400,-276.000000,12.216461,7.510160
27.630774,-82.344400,-276.000000,12.203773,7.410797
28.150774,-82.344400,-276.000000,12.526306,7.471268
28.670774,-82.344400,-276.000000,12.180573,7.500670
29.190774,-82.344400,-276.000000,12.217050,7.439954
29.710774,-82.344400,-276.000000,12.317129,7.585570
30.230774,-82.344400,-276.000000,11.931217,7.411556
30.750774,-82.344400,-276.000000,12.430192,7.555813
31.270774,-82.344400,-276.000000,12.508475,7.551235
31.790774,-82.344400,-276.000000,12.235717,7.410093
32.310774,-82.344400,-276.000000,12.335396,7.456049
32.830774,-82.344400,-276.000000,12.470443,7.557931
33.350774,-82.344400,-276.000000,12.190877,7.529071
33.870774,-82.344400,-276.000000,12.238747,7.476974
34.390774,-82.344400,-276.000000,12.345840,7.514513
34.910774,-82.344400,-276.000000,12.254603,7.500500
35.430774,-82.344400,-276.000000,12.413267,7.542727
35.950774,-82.344400,-276.000000,12.235839,7.460035
36.470774,-82.344400,-276.000000,12.294917,7.520056
36.990774,-82.344400,-276.000000,12.303492,7.457566
37.510774,-82.344400,-276.000000,12.607337,7.601067
38.030774,-82.344400,-276.000000,12.207145,7.376254
38.550774,-82.344400,-276.000000,12.291512,7.554914
39.070774,-82.344400,-276.000000,12.337197,7.418342
39.590774,-82.344400,-276.000000,12.290976,7.464502
40.110774,-82.344400,-276.000000,12.490297,7.575393
40.630774,-82.344400,-276.000000,12.403033,7.472484
41.150774,-82.344400,-276.000000,12.300611,7.455989
41.670774,-82.344400,-276.000000,12.377997,7.493317
42.190774,-82.344400,-276.000000,12.369235,7.578697
42.710774,-82.344400,-276.000000,12.220786,7.451487
43.230774,-82.344400,-276.000000,12.334721,7.496210
43.750774,-82.344400,-276.000000,12.408361,7.547735
44.270774,-82.344400,-276.000000,12.489830,7.541504
44.790774,-82.344400,-276.000000,12.227151,7.453208
45.310774,-82.344400,-276.000000,12.416918,7.441483
45.830774,-82.344400,-276.000000,12.460515,7.563732
46.350774,-82.344400,-276.000000,12.505722,7.568609
46.870774,-82.344400,-276.000000,12.208250,7.425815
47.390774,-82.344400,-276.000000,12.131785,7.407042
47.910774,-82.344400,-276.000000,12.144034,7.561402
48.430774,-82.344400,-276.000000,12.368987,7.484288
48.950774,-82.344400,-276.000000,12.417909,7.531881
49.470774,-82.344400,-276.000000,12.294904,7.476052
49.990774,-82.344400,-276.000000,12.389044,7.426933
50.510774,-82.344400,-276.000000,12.537845,7.511266
51.030774,-82.344400,-276.000000,12.251118,7.569053
51.550774,-82.344400,-276.000000,12.457200,7.509689
52.070774,-82.344400,-276.000000,12.285995,7.508602
52.590774,-82.344400,-276.000000,12.395771,7.496964
53.110774,-82.344400,-276.000000,12.456687,7.503188
53.630774,-82.344400,-276.000000,12.268311,7.497410
54.150774,-82.344400,-276.000000,12.463294,7.471944
54.670774,-82.344400,-276.000000,12.290862,7.575532
55.190774,-82.344400,-276.000000,12.338049,7.518426
55.710774,-82.344400,-276.000000,12.368477,7.473392
56.230774,-82.344400,-276.000000,12.272780,7.430734
56.750774,-82.344400,-276.000000,12.309432,7.475880
57.270774,-82.344400,-276.000000,12.283932,7.526259
57.790774,-82.344400,-276.000000,12.416827,7.526350
58.310774,-82.344400,-276.000000,12.473034,7.516318
58.830774,-82.344400,-276.000000,12.321419,7.524836
59.350774,-82.344400,-276.000000,12.291039,7.514592
59.870774,-82.344400,-276.000000,12.626233,7.602352
60.390774,-82.344400,-276.000000,12.369579,7.487350
60.910774,-82.344400,-276.000000,12.485365,7.550332
61.430774,-82.344400,-276.000000,12.302492,7.516299
61.950774,-82.344400,-276.000000,12.367896,7.499060
62.470774,-82.344400,-276.000000,12.405698,7.519492
62.990774,-82.344400,-276.000000,12.324360,7.532720
63.510774,-82.344400,-276.000000,12.161505,7.486736
64.030774,-82.344400,-276.000000,12.335395,7.475279
64.550774,-82.344400,-276.000000,12.357744,7.518616
65.070774,-82.344400,-276.000000,12.319856,7.469985
65.590774,-82.344400,-276.000000,12.203803,7.477823
66.110774,-82.344400,-276.000000,12.392463,7.441076
66.630774,-82.344400,-276.000000,12.101400,7.379012
67.150774,-82.344400,-276.000000,12.367308,7.443089
67.670774,-82.344400,-276.000000,12.178229,7.546338
13.070774,-81.824400,-276.000000,12.241519,7.075235
13.590774,-81.824400,-276.000000,12.330574,7.169767
14.110774,-81.824400,-276.000000,12.277263,7.188595
14.630774,-81.824400,-276.000000,12.457649,7.226668
15.150774,-81.824400,-276.000000,12.196829,7.227426
15.670774,-81.824400,-276.000000,12.215564,7.216729
16.190774,-81.824400,-276.000000,12.309021,7.325107
16.710774,-81.824400,-276.000000,12.448290,7.379945
17.230774,-81.824400,-276.000000,12.231838,7.413120
17.750774,-81.824400,-276.000000,12.500375,7.415950
18.270774,-81.824400,-276.000000,12.229917,7.417433
18.790774,-81.824400,-276.000000,12.339851,7.374987
19.310774,-81.824400,-276.000000,12.390618,7.339080
19.830774,-81.824400,-276.000000,12.254326,7.442334
20.350774,-81.824400,-276.000000,12.544074,7.441250
20.870774,-81.824400,-276.000000,12.419964,7.381459
21.390774,-81.824400,-276.000000,12.344676,7.410752
21.910774,-81.824400,-276.000000,12.294593,7.391789
22.430774,-81.824400,-276.000000,12.401861,7.428250
22.950774,-81.824400,-276.000000,12.479472,7.466398
23.470774,-81.824400,-276.000000,12.400168,7.440818
23.990774,-81.824400,-276.000000,12.408587,7.458638
24.510774,-81.824400,-276.000000,12.560684,7.489996
25.030774,-81.824400,-276.000000,12.332743,7.467772
25.550774,-81.824400,-276.000000,12.393282,7.452415
26.070774,-81.824400,-276.000000,12.406646,7.487948
26.590774,-81.824400,-276.000000,12.628819,7.446653
27.110774,-81.824400,-276.000000,12.263289,7.507155
27.630774,-81.824400,-276.000000,12.161166,7.447131
28.150774,-81.824400,-276.000000,12.484290,7.486014
28.670774,-81.824400,-276.000000,12.134875,7.508974
29.190774,-81.824400,-276.000000,12.208858,7.455885
29.710774,-81.824400,-276.000000,12.360834,7.552611
30.230774,-81.824400,-276.000000,11.981893,7.440993
30.750774,-81.824400,-276.000000,12.352127,7.549315
31.270774,-81.824400,-276.000000,12.512041,7.571024
31.790774,-81.824400,-276.000000,12.250041,7.420544
32.310774,-81.824400,-276.000000,12.333494,7.487677
32.830774,-81.824400,-276.000000,12.342527,7.517808
33.350774,-81.824400,-276.000000,12.264336,7.545034
33.870774,-81.824400,-276.000000,12.272663,7.482621
34.390774,-81.824400,-276.000000,12.326648,7.517435
34.910774,-81.824400,-276.000000,12.247430,7.488529
35.430774,-81.824400,-276.000000,12.298949,7.536072
35.950774,-81.824400,-276.000000,12.253257,7.474277
36.470774,-81.824400,-276.000000,12.247141,7.503808
36.990774,-81.824400,-276.000000,12.320701,7.488414
37.510774,-81.824400,-276.000000,12.576163,7.603317
38.030774,-81.824400,-276.000000,12.207496,7.373141
38.550774,-81.824400,-276.000000,12.232101,7.558717
39.070774,-81.824400,-276.000000,12.367960,7.442231
39.590774,-81.824400,-276.000000,12.252212,7.492648
40.110774,-81.824400,-276.000000,12.521527,7.543148
40.630774,-81.824400,-276.000000,12.362135,7.502512
41.150774,-81.824400,-276.000000,12.295280,7.454181
41.670774,-81.824400,-276.000000,12.382743,7.508080
42.190774,-81.824400,-276.000000,12.467816,7.617939
42.710774,-81.824400,-276.000000,12.201192,7.439879
43.230774,-81.824400,-276.000000,12.275630,7.501352
43.750774,-81.824400,-276.000000,12.323497,7.518852
44.270774,-81.824400,-276.000000,12.527315,7.553486
44.790774,-81.824400,-276.000000,12.229401,7.481119
45.310774,-81.824400,-276.000000,12.383608,7.445816
45.830774,-81.824400,-276.000000,12.457924,7.561161
46.350774,-81.824400,-276.000000,12.537475,7.566658
46.870774,-81.824400,-276.000000,12.231003,7.434853
47.390774,-81.824400,-276.000000,12.152919,7.453284
47.910774,-81.824400,-276.000000,12.042422,7.539608
48.430774,-81.824400,-276.000000,12.387575,7.517145
48.950774,-81.824400,-276.000000,12.363620,7.542915
49.470774,-81.824400,-276.000000,12.240758,7.472459
49.990774,-81.824400,-276.000000,12.420337,7.440910
50.510774,-81.824400,-276.000000,12.442214,7.485553
51.030774,-81.824400,-276.000000,12.322314,7.558918
51.550774,-81.824400,-276.000000,12.479241,7.508158
52.070774,-81.824400,-276.000000,12.203025,7.514038
52.590774,-81.824400,-276.000000,12.392570,7.483890
53.110774,-81.824400,-276.000000,12.386004,7.491772
53.630774,-81.824400,-276.000000,12.219370,7.498865
54.150774,-81.824400,-276.000000,12.471281,7.505566
54.670774,-81.824400,-276.000000,12.143712,7.538365
55.190774,-81.824400,-276.000000,12.342010,7.518283
55.710774,-81.824400,-276.000000,12.411509,7.490946
56.230774,-81.824400,-276.000000,12.241027,7.435710
56.750774,-81.824400,-276.000000,12.339184,7.498721
57.270774,-81.824400,-276.000000,12.290336,7.524353
57.790774,-81.824400,-276.000000,12.416780,7.520359
58.310774,-81.824400,-276.000000,12.451547,7.519032
58.830774,-81.824400,-276.000000,12.293128,7.531288
59.350774,-81.824400,-276.000000,12.284656,7.536429
59.870774,-81.824400,-276.000000,12.594789,7.632877
60.390774,-81.824400,-276.000000,12.331748,7.498246
60.910774,-81.824400,-276.000000,12.446982,7.543467
61.430774,-81.824400,-276.000000,12.292855,7.511810
61.950774,-81.824400,-276.000000,12.325171,7.513535
62.470774,-81.824400,-276.000000,12.413486,7.515931
62.990774,-81.824400,-276.000000,12.358895,7.571350
63.510774,-81.824400,-276.000000,12.079929,7.475331
64.030774,-81.824400,-276.000000,12.275002,7.468084
64.550774,-81.824400,-276.000000,12.314311,7.558969
65.070774,-81.824400,-276.000000,12.378196,7.484792
65.590774,-81.824400,-276.000000,12.189334,7.468235
66.110774,-81.824400,-276.000000,12.388768,7.446174
66.630774,-81.824400,-276.000000,12.133299,7.407883
67.150774,-81.824400,-276.000000,12.338229,7.436071
67.670774,-81.824400,-276.000000,12.227975,7.563741
68.190774,-81.824400,-276.000000,12.207747,7.447355
13.590774,-82.344400,-275.000000,12.473121,7.189046
14.110774,-82.344400,-275.000000,12.199736,7.198695
14.630774,-82.344400,-275.000000,12.476668,7.258603
15.150774,-82.344400,-275.000000,12.493931,7.307020
15.670774,-82.344400,-275.000000,12.398192,7.324659
16.190774,-82.344400,-275.000000,12.323106,7.306624
16.710774,-82.344400,-275.000000,12.177507,7.418737
17.230774,-82.344400,-275.000000,12.271079,7.291321
17.750774,-82.344400,-275.000000,12.291510,7.411935
18.270774,-82.344400,-275.000000,12.473184,7.458593
18.790774,-82.344400,-275.000000,12.385081,7.342868
19.310774,-82.344400,-275.000000,12.438405,7.372871
19.830774,-82.344400,-275.000000,12.344960,7.432927
20.350774,-82.344400,-275.000000,12.227269,7.411070
20.870774,-82.344400,-275.000000,12.655101,7.465545
21.390774,-82.344400,-275.000000,12.433619,7.453651
21.910774,-82.344400,-275.000000,12.339750,7.453939
22.430774,-82.344400,-275.000000,12.291106,7.410445
22.950774,-82.344400,-275.000000,12.464957,7.427909
23.470774,-82.344400,-275.000000,12.587501,7.483270
23.990774,-82.344400,-275.000000,12.446116,7.414643
24.510774,-82.344400,-275.000000,12.290347,7.366508
25.030774,-82.344400,-275.000000,12.290392,7.440659
25.550774,-82.344400,-275.000000,12.481710,7.383280
26.070774,-82.344400,-275.000000,12.336772,7.497378
26.590774,-82.344400,-275.000000,12.300197,7.440260
27.110774,-82.344400,-275.000000,12.383626,7.493962
27.630774,-82.344400,-275.000000,12.413579,7.497443
28.150774,-82.344400,-275.000000,12.452013,7.512478
28.670774,-82.344400,-275.000000,12.247280,7.510624
29.190774,-82.344400,-275.000000,12.602605,7.516543
29.710774,-82.344400,-275.000000,12.443406,7.516881
30.230774,-82.344400,-275.000000,12.295093,7.428146
30.750774,-82.344400,-275.000000,12.234625,7.529868
31.270774,-82.344400,-275.000000,12.518304,7.478564
31.790774,-82.344400,-275.000000,12.486593,7.528953
32.310774,-82.344400,-275.000000,12.227796,7.489176
32.830774,-82.344400,-275.000000,12.321613,7.489122
33.350774,-82.344400,-275.000000,12.450866,7.491757
33.870774,-82.344400,-275.000000,12.136299,7.423088
34.390774,-82.344400,-275.000000,12.239490,7.493384
34.910774,-82.344400,-275.000000,12.328007,7.507596
35.430774,-82.344400,-275.000000,12.171584,7.537311
35.950774,-82.344400,-275.000000,12.104270,7.451917
36.470774,-82.344400,-275.000000,12.162797,7.535334
36.990774,-82.344400,-275.000000,11.963748,7.430802
37.510774,-82.344400,-275.000000,12.204189,7.551505
38.030774,-82.344400,-275.000000,12.619327,7.563624
38.550774,-82.344400,-275.000000,12.566388,7.497263
39.070774,-82.344400,-275.000000,12.342388,7.478144
39.590774,-82.344400,-275.000000,12.421522,7.523706
40.110774,-82.344400,-275.000000,12.280064,7.364653
40.630774,-82.344400,-275.000000,12.299885,7.476428
41.150774,-82.344400,-275.000000,12.289118,7.503974
41.670774,-82.344400,-275.000000,12.414337,7.535355
42.190774,-82.344400,-275.000000,12.494955,7.501134
42.710774,-82.344400,-275.000000,12.375384,7.536656
43.230774,-82.344400,-275.000000,12.534179,7.563754
43.750774,-82.344400,-275.000000,12.333249,7.445215
44.270774,-82.344400,-275.000000,12.230867,7.526148
44.790774,-82.344400,-275.000000,12.376319,7.575943
45.310774,-82.344400,-275.000000,12.186419,7.474998
45.830774,-82.344400,-275.000000,12.075057,7.463087
46.350774,-82.344400,-275.000000,12.122115,7.594272
46.870774,-82.344400,-275.000000,12.239333,7.493877
47.390774,-82.344400,-275.000000,12.307654,7.488956
47.910774,-82.344400,-275.000000,12.338057,7.522307
48.430774,-82.344400,-275.000000,12.194503,7.453577
48.950774,-82.344400,-275.000000,12.367988,7.476240
49.470774,-82.344400,-275.000000,12.330409,7.468521
49.990774,-82.344400,-275.000000,12.359959,7.581956
50.510774,-82.344400,-275.000000,12.574340,7.505627
51.030774,-82.344400,-275.000000,12.419811,7.454656
51.550774,-82.344400,-275.000000,12.515951,7.582867
52.070774,-82.344400,-275.000000,12.321516,7.480317
52.590774,-82.344400,-275.000000,12.157920,7.444894
53.110774,-82.344400,-275.000000,12.288028,7.482797
53.630774,-82.344400,-275.000000,12.311934,7.491022
54.150774,-82.344400,-275.000000,12.247599,7.474448
54.670774,-82.344400,-275.000000,12.497665,7.551201
55.190774,-82.344400,-275.000000,12.295427,7.493869
55.710774,-82.344400,-275.000000,12.482623,7.492370
56.230774,-82.344400,-275.000000,12.245234,7.402552
56.750774,-82.344400,-275.000000,12.458807,7.567107
57.270774,-82.344400,-275.000000,12.208839,7.468743
57.790774,-82.344400,-275.000000,12.503526,7.554818
58.310774,-82.344400,-275.000000,12.266620,7.583680
58.830774,-82.344400,-275.000000,12.377195,7.555387
59.350774,-82.344400,-275.000000,12.189105,7.518955
59.870774,-82.344400,-275.000000,12.439475,7.465418
60.390774,-82.344400,-275.000000,12.390513,7.542852
60.910774,-82.344400,-275.000000,12.517844,7.574172
61.430774,-82.344400,-275.000000,12.392916,7.479286
61.950774,-82.344400,-275.000000,12.390661,7.492084
62.470774,-82.344400,-275.000000,12.479838,7.502880
62.990774,-82.344400,-275.000000,12.503704,7.450332
63.510774,-82.344400,-275.000000,12.335672,7.495488
64.030774,-82.344400,-275.000000,12.251103,7.547366
64.550774,-82.344400,-275.000000,12.373975,7.487947
65.070774,-82.344400,-275.000000,12.309855,7.492353
65.590774,-82.344400,-275.000000,12.486931,7.549390
66.110774,-82.344400,-275.000000,12.434973,7.548755
66.630774,-82.344400,-275.000000,12.077959,7.533557
67.150774,-82.344400,-275.000000,12.372125,7.498420
67.670774,-82.344400,-275.000000,12.315570,7.455174
68.190774,-82.344400,-275.000000,12.466236,7.542540
68.710774,-82.344400,-275.000000,12.389668,7.545916
69.230774,-82.344400,-275.000000,12.214232,7.455052
13.070774,-81.824400,-275.000000,12.387533,7.056080
13.590774,-81.824400,-275.000000,12.377524,7.190634
14.110774,-81.824400,-275.000000,12.190843,7.217686
14.630774,-81.824400,-275.000000,12.469264,7.267699
15.150774,-81.824400,-275.000000,12.446951,7.303999
15.670774,-81.824400,-275.000000,12.388945,7.328806
16.190774,-81.824400,-275.000000,12.312209,7.299874
16.710774,-81.824400,-275.000000,12.117742,7.446745
17.230774,-81.824400,-275.000000,12.283751,7.279261
17.750774,-81.824400,-275.000000,12.274684,7.447140
18.270774,-81.824400,-275.000000,12.504409,7.453729
18.790774,-81.824400,-275.000000,12.306187,7.371434
19.310774,-81.824400,-275.000000,12.394519,7.359054
19.830774,-81.824400,-275.000000,12.336375,7.429143
20.350774,-81.824400,-275.000000,12.215228,7.431131
20.870774,-81.824400,-275.000000,12.594504,7.463016
21.390774,-81.824400,-275.000000,12.410724,7.484491
21.910774,-81.824400,-275.000000,12.342852,7.437279
22.430774,-81.824400,-275.000000,12.332169,7.453649
22.950774,-81.824400,-275.000000,12.344334,7.419352
23.470774,-81.824400,-275.000000,12.615008,7.507753
23.990774,-81.824400,-275.000000,12.426411,7.392704
24.510774,-81.824400,-275.000000,12.295488,7.406847
25.030774,-81.824400,-275.000000,12.266257,7.425187
25.550774,-81.824400,-275.000000,12.404235,7.371816
26.070774,-81.824400,-275.000000,12.299400,7.499538
26.590774,-81.824400,-275.000000,12.349266,7.455652
27.110774,-81.824400,-275.000000,12.365731,7.491506
27.630774,-81.824400,-275.000000,12.373798,7.499697
28.150774,-81.824400,-275.000000,12.490066,7.553977
28.670774,-81.824400,-275.000000,12.246908,7.510691
29.190774,-81.824400,-275.000000,12.517955,7.517864
29.710774,-81.824400,-275.000000,12.460068,7.535005
30.230774,-81.824400,-275.000000,12.179914,7.427433
30.750774,-81.824400,-275.000000,12.276302,7.534732
31.270774,-81.824400,-275.000000,12.507765,7.507538
31.790774,-81.824400,-275.000000,12.370578,7.481801
32.310774,-81.824400,-275.000000,12.258311,7.527351
32.830774,-81.824400,-275.000000,12.284921,7.488289
33.350774,-81.824400,-275.000000,12.350866,7.485840
33.870774,-81.824400,-275.000000,12.166629,7.436978
34.390774,-81.824400,-275.000000,12.260558,7.512656
34.910774,-81.824400,-275.000000,12.279902,7.502729
35.430774,-81.824400,-275.000000,12.114016,7.548401
35.950774,-81.824400,-275.000000,12.088969,7.464138
36.470774,-81.824400,-275.000000,12.178750,7.534845
36.990774,-81.824400,-275.000000,11.972034,7.452466
37.510774,-81.824400,-275.000000,12.200334,7.563124
38.030774,-81.824400,-275.000000,12.586997,7.569583
38.550774,-81.824400,-275.000000,12.577979,7.481603
39.070774,-81.824400,-275.000000,12.302872,7.471880
39.590774,-81.824400,-275.000000,12.381117,7.537364
40.110774,-81.824400,-275.000000,12.319512,7.410594
40.630774,-81.824400,-275.000000,12.309516,7.497946
41.150774,-81.824400,-275.000000,12.210376,7.526577
41.670774,-81.824400,-275.000000,12.421769,7.518982
42.190774,-81.824400,-275.000000,12.456293,7.522895
42.710774,-81.824400,-275.000000,12.400911,7.532410
43.230774,-81.824400,-275.000000,12.520827,7.567196
43.750774,-81.824400,-275.000000,12.321535,7.459127
44.270774,-81.824400,-275.000000,12.241824,7.533683
44.790774,-81.824400,-275.000000,12.294660,7.570999
45.310774,-81.824400,-275.000000,12.139713,7.467994
45.830774,-81.824400,-275.000000,12.113036,7.493612
46.350774,-81.824400,-275.000000,12.235020,7.623502
46.870774,-81.824400,-275.000000,12.180199,7.500767
47.390774,-81.824400,-275.000000,12.242846,7.453306
47.910774,-81.824400,-275.000000,12.328752,7.565748
48.430774,-81.824400,-275.000000,12.217339,7.464289
48.950774,-81.824400,-275.000000,12.353278,7.484093
49.470774,-81.824400,-275.000000,12.348709,7.431774
49.990774,-81.824400,-275.000000,12.372855,7.599961
50.510774,-81.824400,-275.000000,12.571676,7.538045
51.030774,-81.824400,-275.000000,12.405947,7.476688
51.550774,-81.824400,-275.000000,12.522537,7.617681
52.070774,-81.824400,-275.000000,12.288252,7.479779
52.590774,-81.824400,-275.000000,12.177215,7.451848
53.110774,-81.824400,-275.000000,12.252574,7.470327
53.630774,-81.824400,-275.000000,12.295363,7.500776
54.150774,-81.824400,-275.000000,12.197709,7.473782
54.670774,-81.824400,-275.000000,12.495868,7.529426
55.190774,-81.824400,-275.000000,12.403667,7.535091
55.710774,-81.824400,-275.000000,12.454126,7.495471
56.230774,-81.824400,-275.000000,12.114059,7.397633
56.750774,-81.824400,-275.000000,12.442756,7.563856
57.270774,-81.824400,-275.000000,12.218393,7.463132
57.790774,-81.824400,-275.000000,12.505664,7.584782
58.310774,-81.824400,-275.000000,12.275055,7.579860
58.830774,-81.824400,-275.000000,12.392556,7.551002
59.350774,-81.824400,-275.000000,12.213826,7.526978
59.870774,-81.824400,-275.000000,12.364865,7.500717
60.390774,-81.824400,-275.000000,12.386661,7.546152
60.910774,-81.824400,-275.000000,12.566047,7.600257
61.430774,-81.824400,-275.000000,12.353821,7.478934
61.950774,-81.824400,-275.000000,12.394164,7.501061
62.470774,-81.824400,-275.000000,12.494218,7.497173
62.990774,-81.824400,-275.000000,12.453304,7.456297
63.510774,-81.824400,-275.000000,12.320682,7.480587
64.030774,-81.824400,-275.000000,12.342962,7.573987
64.550774,-81.824400,-275.000000,12.333934,7.482061
65.070774,-81.824400,-275.000000,12.298005,7.508417
65.590774,-81.824400,-275.000000,12.449885,7.530996
66.110774,-81.824400,-275.000000,12.452137,7.544996
66.630774,-81.824400,-275.000000,12.022041,7.539266
67.150774,-81.824400,-275.000000,12.350276,7.510006
67.670774,-81.824400,-275.000000,12.260371,7.465399
68.190774,-81.824400,-275.000000,12.447251,7.547606
68.710774,-81.824400,-275.000000,12.290183,7.551105
69.230774,-81.824400,-275.000000,12.214841,7.475941
69.750774,-81.824400,-275.000000,12.452064,7.522202
70.270774,-81.824400,-275.000000,12.254232,7.496613
68.710774,-81.304400,-275.000000,12.272351,7.549762
69.230774,-81.304400,-275.000000,12.156785,7.508029
13.590774,-82.344400,-274.000000,12.291610,7.174868
14.110774,-82.344400,-274.000000,12.446034,7.218968
14.630774,-82.344400,-274.000000,12.171290,7.181507
15.150774,-82.344400,-274.000000,12.511386,7.416879
15.670774,-82.344400,-274.000000,12.605931,7.369164
16.190774,-82.344400,-274.000000,12.534423,7.349174
16.710774,-82.344400,-274.000000,12.298662,7.332344
17.230774,-82.344400,-274.000000,12.383543,7.309710
17.750774,-82.344400,-274.000000,12.148075,7.343332
18.270774,-82.344400,-274.000000,12.270569,7.329020
18.790774,-82.344400,-274.000000,12.107885,7.364709
19.310774,-82.344400,-274.000000,12.548068,7.403929
19.830774,-82.344400,-274.000000,12.485277,7.467946
20.350774,-82.344400,-274.000000,12.726127,7.491052
20.870774,-82.344400,-274.000000,12.274501,7.387772
21.390774,-82.344400,-274.000000,12.259280,7.422861
21.910774,-82.344400,-274.000000,12.405756,7.522202
22.430774,-82.344400,-274.000000,12.402265,7.497114
22.950774,-82.344400,-274.000000,12.424647,7.492543
23.470774,-82.344400,-274.000000,12.557846,7.469549
23.990774,-82.344400,-274.000000,12.112404,7.361956
24.510774,-82.344400,-274.000000,12.333782,7.469297
25.030774,-82.344400,-274.000000,12.364065,7.428882
25.550774,-82.344400,-274.000000,12.448585,7.568473
26.070774,-82.344400,-274.000000,12.318143,7.538011
26.590774,-82.344400,-274.000000,12.282962,7.536986
27.110774,-82.344400,-274.000000,12.518842,7.443003
27.630774,-82.344400,-274.000000,12.294219,7.437409
28.150774,-82.344400,-274.000000,12.408386,7.516817
28.670774,-82.344400,-274.000000,12.273133,7.442226
29.190774,-82.344400,-274.000000,12.273999,7.525766
29.710774,-82.344400,-274.000000,12.329871,7.482244
30.230774,-82.344400,-274.000000,12.290475,7.454224
30.750774,-82.344400,-274.000000,12.473863,7.471596
31.270774,-82.344400,-274.000000,12.485217,7.477306
31.790774,-82.344400,-274.000000,12.252072,7.424974
32.310774,-82.344400,-274.000000,12.553591,7.568597
32.830774,-82.344400,-274.000000,12.550653,7.505927
33.350774,-82.344400,-274.000000,12.343475,7.526403
33.870774,-82.344400,-274.000000,12.366313,7.573400
34.390774,-82.344400,-274.000000,12.396239,7.508964
34.910774,-82.344400,-274.000000,12.294750,7.523105
35.430774,-82.344400,-274.000000,12.085036,7.453602
35.950774,-82.344400,-274.000000,12.046463,7.460860
36.470774,-82.344400,-274.000000,12.392489,7.457400
36.990774,-82.344400,-274.000000,12.356843,7.534591
37.510774,-82.344400,-274.000000,12.383706,7.534975
38.030774,-82.344400,-274.000000,12.416413,7.512673
38.550774,-82.344400,-274.000000,12.254973,7.472716
39.070774,-82.344400,-274.000000,12.450851,7.560956
39.590774,-82.344400,-274.000000,12.249422,7.538023
40.110774,-82.344400,-274.000000,12.459580,7.549038
40.630774,-82.344400,-274.000000,12.241930,7.490378
41.150774,-82.344400,-274.000000,12.367401,7.486190
41.670774,-82.344400,-274.000000,12.227612,7.392300
42.190774,-82.344400,-274.000000,12.464613,7.665565
42.710774,-82.344400,-274.000000,12.415504,7.523567
43.230774,-82.344400,-274.000000,12.324839,7.467239
43.750774,-82.344400,-274.000000,12.240307,7.464776
44.270774,-82.344400,-274.000000,12.239675,7.447610
44.790774,-82.344400,-274.000000,12.432788,7.506632
45.310774,-82.344400,-274.000000,12.338962,7.601599
45.830774,-82.344400,-274.000000,12.410471,7.518330
46.350774,-82.344400,-274.000000,12.488524,7.516811
46.870774,-82.344400,-274.000000,12.343169,7.444112
47.390774,-82.344400,-274.000000,12.477082,7.543911
47.910774,-82.344400,-274.000000,12.445473,7.532342
48.430774,-82.344400,-274.000000,12.522223,7.597717
48.950774,-82.344400,-274.000000,12.649980,7.568468
49.470774,-82.344400,-274.000000,12.346801,7.489258
49.990774,-82.344400,-274.000000,12.480861,7.580319
50.510774,-82.344400,-274.000000,12.307640,7.556201
51.030774,-82.344400,-274.000000,12.256273,7.493910
51.550774,-82.344400,-274.000000,12.239657,7.585592
52.070774,-82.344400,-274.000000,12.297341,7.598626
52.590774,-82.344400,-274.000000,12.204049,7.523501
53.110774,-82.344400,-274.000000,12.474678,7.588334
53.630774,-82.344400,-274.000000,12.390325,7.534365
54.150774,-82.344400,-274.000000,12.190330,7.520567
54.670774,-82.344400,-274.000000,12.222098,7.502567
55.190774,-82.344400,-274.000000,12.554403,7.464971
55.710774,-82.344400,-274.000000,12.138015,7.552480
56.230774,-82.344400,-274.000000,12.281492,7.528171
56.750774,-82.344400,-274.000000,12.390153,7.574012
57.270774,-82.344400,-274.000000,12.500998,7.566884
57.790774,-82.344400,-274.000000,12.360553,7.526324
58.310774,-82.344400,-274.000000,12.407870,7.528459
58.830774,-82.344400,-274.000000,12.207927,7.430705
59.350774,-82.344400,-274.000000,12.394378,7.526349
59.870774,-82.344400,-274.000000,12.502758,7.526592
60.390774,-82.344400,-274.000000,12.263741,7.493522
60.910774,-82.344400,-274.000000,12.383880,7.533521
61.430774,-82.344400,-274.000000,12.407149,7.517390
61.950774,-82.344400,-274.000000,12.258245,7.494037
62.470774,-82.344400,-274.000000,12.363589,7.532896
62.990774,-82.344400,-274.000000,12.427029,7.576796
63.510774,-82.344400,-274.000000,12.288367,7.528767
64.030774,-82.344400,-274.000000,12.824702,7.574973
64.550774,-82.344400,-274.000000,12.199563,7.456958
65.070774,-82.344400,-274.000000,12.560898,7.551157
65.590774,-82.344400,-274.000000,12.274725,7.515125
66.110774,-82.344400,-274.000000,12.348338,7.500883
66.630774,-82.344400,-274.000000,12.290748,7.495883
67.150774,-82.344400,-274.000000,12.454781,7.528029
67.670774,-82.344400,-274.000000,12.384246,7.456871
68.190774,-82.344400,-274.000000,12.343380,7.514351
68.710774,-82.344400,-274.000000,12.422450,7.456370
69.230774,-82.344400,-274.000000,12.338460,7.493433
69.750774,-82.344400,-274.000000,12.169048,7.434934
70.270774,-82.344400,-274.000000,12.370247,7.437717
70.790774,-82.344400,-274.000000,12.574861,7.531151
71.310774,-82.344400,-274.000000,12.338030,7.450605
13.070774,-81.824400,-274.000000,12.515470,7.143511
13.590774,-81.824400,-274.000000,12.299460,7.225201
14.110774,-81.824400,-274.000000,12.517231,7.220311
14.630774,-81.824400,-274.000000,12.138648,7.194603
15.150774,-81.824400,-274.000000,12.536302,7.416589
15.670774,-81.824400,-274.000000,12.618961,7.409616
16.190774,-81.824400,-274.000000,12.565560,7.376893
16.710774,-81.824400,-274.000000,12.214746,7.313625
17.230774,-81.824400,-274.000000,12.357851,7.313686
17.750774,-81.824400,-274.000000,12.117855,7.358526
18.270774,-81.824400,-274.000000,12.311304,7.334905
18.790774,-81.824400,-274.000000,12.097211,7.389520
19.310774,-81.824400,-274.000000,12.609288,7.427934
19.830774,-81.824400,-274.000000,12.407735,7.464837
20.350774,-81.824400,-274.000000,12.693521,7.485280
20.870774,-81.824400,-274.000000,12.322284,7.393260
21.390774,-81.824400,-274.000000,12.236243,7.420302
21.910774,-81.824400,-274.000000,12.394645,7.554215
22.430774,-81.824400,-274.000000,12.455158,7.506756
22.950774,-81.824400,-274.000000,12.418520,7.496509
23.470774,-81.824400,-274.000000,12.559463,7.482213
23.990774,-81.824400,-274.000000,12.195578,7.404151
24.510774,-81.824400,-274.000000,12.309117,7.462056
25.030774,-81.824400,-274.000000,12.358203,7.455472
25.550774,-81.824400,-274.000000,12.416100,7.554205
26.070774,-81.824400,-274.000000,12.271655,7.557687
26.590774,-81.824400,-274.000000,12.311119,7.546155
27.110774,-81.824400,-274.000000,12.467994,7.438059
27.630774,-81.824400,-274.000000,12.290205,7.442338
28.150774,-81.824400,-274.000000,12.371119,7.501873
28.670774,-81.824400,-274.000000,12.286335,7.452620
29.190774,-81.824400,-274.000000,12.260826,7.537569
29.710774,-81.824400,-274.000000,12.299508,7.475222
30.230774,-81.824400,-274.000000,12.268491,7.451859
30.750774,-81.824400,-274.000000,12.493475,7.482481
31.270774,-81.824400,-274.000000,12.486327,7.486006
31.790774,-81.824400,-274.000000,12.258474,7.427709
32.310774,-81.824400,-274.000000,12.538173,7.556393
32.830774,-81.824400,-274.000000,12.537292,7.525727
33.350774,-81.824400,-274.000000,12.406985,7.534629
33.870774,-81.824400,-274.000000,12.362271,7.596257
34.390774,-81.824400,-274.000000,12.347091,7.520049
34.910774,-81.824400,-274.000000,12.347470,7.521298
35.430774,-81.824400,-274.000000,12.092441,7.460114
35.950774,-81.824400,-274.000000,12.039085,7.471955
36.470774,-81.824400,-274.000000,12.307558,7.431508
36.990774,-81.824400,-274.000000,12.342613,7.533280
37.510774,-81.824400,-274.000000,12.400322,7.587294
38.030774,-81.824400,-274.000000,12.397271,7.530021
38.550774,-81.824400,-274.000000,12.210322,7.488958
39.070774,-81.824400,-274.000000,12.462688,7.541654
39.590774,-81.824400,-274.000000,12.220019,7.528379
40.110774,-81.824400,-274.000000,12.471605,7.550384
40.630774,-81.824400,-274.000000,12.214099,7.506508
41.150774,-81.824400,-274.000000,12.320115,7.516909
41.670774,-81.824400,-274.000000,12.237265,7.386829
42.190774,-81.824400,-274.000000,12.424045,7.639228
42.710774,-81.824400,-274.000000,12.350780,7.505901
43.230774,-81.824400,-274.000000,12.407310,7.514082
43.750774,-81.824400,-274.000000,12.210134,7.500678
44.270774,-81.824400,-274.000000,12.215083,7.437662
44.790774,-81.824400,-274.000000,12.475284,7.523108
45.310774,-81.824400,-274.000000,12.373281,7.611652
45.830774,-81.824400,-274.000000,12.423368,7.519082
46.350774,-81.824400,-274.000000,12.386124,7.507821
46.870774,-81.824400,-274.000000,12.412204,7.451803
47.390774,-81.824400,-274.000000,12.463384,7.553346
47.910774,-81.824400,-274.000000,12.468611,7.505987
48.430774,-81.824400,-274.000000,12.456905,7.595030
48.950774,-81.824400,-274.000000,12.601399,7.587306
49.470774,-81.824400,-274.000000,12.385141,7.501689
49.990774,-81.824400,-274.000000,12.459011,7.582531
50.510774,-81.824400,-274.000000,12.263184,7.536438
51.030774,-81.824400,-274.000000,12.206617,7.460193
51.550774,-81.824400,-274.000000,12.227686,7.598184
52.070774,-81.824400,-274.000000,12.243503,7.604632
52.590774,-81.824400,-274.000000,12.229473,7.536075
53.110774,-81.824400,-274.000000,12.508455,7.600434
53.630774,-81.824400,-274.000000,12.397771,7.551766
54.150774,-81.824400,-274.000000,12.183117,7.537066
54.670774,-81.824400,-274.000000,12.256637,7.502800
55.190774,-81.824400,-274.000000,12.504048,7.480805
55.710774,-81.824400,-274.000000,12.181952,7.572227
56.230774,-81.824400,-274.000000,12.291197,7.536306
56.750774,-81.824400,-274.000000,12.342958,7.564010
57.270774,-81.824400,-274.000000,12.404151,7.549818
57.790774,-81.824400,-274.000000,12.383731,7.541961
58.310774,-81.824400,-274.000000,12.388128,7.516738
58.830774,-81.824400,-274.000000,12.223587,7.472136
59.350774,-81.824400,-274.000000,12.358386,7.542527
59.870774,-81.824400,-274.000000,12.446589,7.519380
60.390774,-81.824400,-274.000000,12.275765,7.503537
60.910774,-81.824400,-274.000000,12.345768,7.549366
61.430774,-81.824400,-274.000000,12.351639,7.520976
61.950774,-81.824400,-274.000000,12.314610,7.536944
62.470774,-81.824400,-274.000000,12.331892,7.524560
62.990774,-81.824400,-274.000000,12.378343,7.588698
63.510774,-81.824400,-274.000000,12.308455,7.544868
64.030774,-81.824400,-274.000000,12.738692,7.562193
64.550774,-81.824400,-274.000000,12.250514,7.469316
65.070774,-81.824400,-274.000000,12.498468,7.550138
65.590774,-81.824400,-274.000000,12.305814,7.524888
66.110774,-81.824400,-274.000000,12.288008,7.483458
66.630774,-81.824400,-274.000000,12.310048,7.503354
67.150774,-81.824400,-274.000000,12.487810,7.544912
67.670774,-81.824400,-274.000000,12.355906,7.457701
68.190774,-81.824400,-274.000000,12.311570,7.534034
68.710774,-81.824400,-274.000000,12.387870,7.456993
69.230774,-81.824400,-274.000000,12.303946,7.486680
69.750774,-81.824400,-274.000000,12.135395,7.409957
70.270774,-81.824400,-274.000000,12.390620,7.446262
70.790774,-81.824400,-274.000000,12.502860,7.514448
71.310774,-81.824400,-274.000000,12.365709,7.470327
71.830774,-81.824400,-274.000000,12.324381,7.443182
71.310774,-81.304400,-274.000000,12.303977,7.456849
13.590774,-82.344400,-273.000000,12.397582,7.260122
14.110774,-82.344400,-273.000000,12.366192,7.285076
14.630774,-82.344400,-273.000000,12.165753,7.174326
15.150774,-82.344400,-273.000000,12.562048,7.258267
15.670774,-82.344400,-273.000000,12.395598,7.262961
16.190774,-82.344400,-273.000000,12.235043,7.349237
16.710774,-82.344400,-273.000000,12.307971,7.389285
17.230774,-82.344400,-273.000000,12.324656,7.389343
17.750774,-82.344400,-273.000000,12.542994,7.406195
18.270774,-82.344400,-273.000000,12.322182,7.405958
18.790774,-82.344400,-273.000000,12.374232,7.436869
19.310774,-82.344400,-273.000000,12.457948,7.423208
19.830774,-82.344400,-273.000000,12.155279,7.380772
20.350774,-82.344400,-273.000000,12.523133,7.516881
20.870774,-82.344400,-273.000000,12.626924,7.474675
21.390774,-82.344400,-273.000000,12.271632,7.507795
21.910774,-82.344400,-273.000000,12.343160,7.491476
22.430774,-82.344400,-273.000000,12.390925,7.504794
22.950774,-82.344400,-273.000000,12.299294,7.460617
23.470774,-82.344400,-273.000000,12.107787,7.438909
23.990774,-82.344400,-273.000000,12.244197,7.432806
24.510774,-82.344400,-273.000000,12.493694,7.483407
25.030774,-82.344400,-273.000000,12.189595,7.380128
25.550774,-82.344400,-273.000000,12.431940,7.483565
26.070774,-82.344400,-273.000000,12.222941,7.454577
26.590774,-82.344400,-273.000000,12.285941,7.467076
27.110774,-82.344400,-273.000000,12.441115,7.513831
27.630774,-82.344400,-273.000000,12.315308,7.486583
28.150774,-82.344400,-273.000000,12.296877,7.438584
28.670774,-82.344400,-273.000000,12.553492,7.638904
29.190774,-82.344400,-273.000000,12.439544,7.527444
29.710774,-82.344400,-273.000000,12.331036,7.533506
30.230774,-82.344400,-273.000000,12.557288,7.562391
30.750774,-82.344400,-273.000000,12.457981,7.475671
31.270774,-82.344400,-273.000000,12.550118,7.517646
31.790774,-82.344400,-273.000000,12.488626,7.602461
32.310774,-82.344400,-273.000000,12.396750,7.553772
32.830774,-82.344400,-273.000000,12.295266,7.518274
33.350774,-82.344400,-273.000000,12.552585,7.489838
33.870774,-82.344400,-273.000000,12.427402,7.476362
34.390774,-82.344400,-273.000000,12.581912,7.526640
34.910774,-82.344400,-273.000000,12.354831,7.475557
35.430774,-82.344400,-273.000000,12.773102,7.656823
35.950774,-82.344400,-273.000000,12.407164,7.541435
36.470774,-82.344400,-273.000000,12.335990,7.494308
36.990774,-82.344400,-273.000000,12.371593,7.466932
37.510774,-82.344400,-273.000000,12.481557,7.469638
38.030774,-82.344400,-273.000000,12.371524,7.514180
38.550774,-82.344400,-273.000000,12.420361,7.540813
39.070774,-82.344400,-273.000000,12.378410,7.508207
39.590774,-82.344400,-273.000000,12.295600,7.537360
40.110774,-82.344400,-273.000000,12.443423,7.556157
40.630774,-82.344400,-273.000000,12.404414,7.532721
41.150774,-82.344400,-273.000000,12.242155,7.410209
41.670774,-82.344400,-273.000000,12.569377,7.624959
42.190774,-82.344400,-273.000000,12.070109,7.448872
42.710774,-82.344400,-273.000000,12.271734,7.503476
43.230774,-82.344400,-273.000000,12.386707,7.570876
43.750774,-82.344400,-273.000000,12.521876,7.554539
44.270774,-82.344400,-273.000000,12.384088,7.570219
44.790774,-82.344400,-273.000000,12.297992,7.496393
45.310774,-82.344400,-273.000000,12.431939,7.556669
45.830774,-82.344400,-273.000000,12.528738,7.497685
46.350774,-82.344400,-273.000000,12.375513,7.437593
46.870774,-82.344400,-273.000000,12.257176,7.529561
47.390774,-82.344400,-273.000000,12.250245,7.446055
47.910774,-82.344400,-273.000000,12.444095,7.560563
48.430774,-82.344400,-273.000000,12.374309,7.509470
48.950774,-82.344400,-273.000000,12.235427,7.440356
49.470774,-82.344400,-273.000000,12.351279,7.519167
49.990774,-82.344400,-273.000000,12.395801,7.555448
50.510774,-82.344400,-273.000000,12.259150,7.625425
51.030774,-82.344400,-273.000000,12.312753,7.529932
51.550774,-82.344400,-273.000000,12.283006,7.531296
52.070774,-82.344400,-273.000000,12.458205,7.523335
52.590774,-82.344400,-273.000000,12.258674,7.560073
53.110774,-82.344400,-273.000000,12.534316,7.564382
53.630774,-82.344400,-273.000000,12.344382,7.522651
54.150774,-82.344400,-273.000000,12.366572,7.516346
54.670774,-82.344400,-273.000000,12.511004,7.581215
55.190774,-82.344400,-273.000000,12.494674,7.515349
55.710774,-82.344400,-273.000000,12.465264,7.506921
56.230774,-82.344400,-273.000000,12.646678,7.560306
56.750774,-82.344400,-273.000000,12.158684,7.490081
57.270774,-82.344400,-273.000000,12.539775,7.541221
57.790774,-82.344400,-273.000000,12.389144,7.560842
58.310774,-82.344400,-273.000000,12.372989,7.540368
58.830774,-82.344400,-273.000000,12.354844,7.481573
59.350774,-82.344400,-273.000000,12.304699,7.524290
59.870774,-82.344400,-273.000000,12.401077,7.455842
60.390774,-82.344400,-273.000000,12.265079,7.455978
60.910774,-82.344400,-273.000000,12.326704,7.491701
61.430774,-82.344400,-273.000000,12.267397,7.425572
61.950774,-82.344400,-273.000000,12.500759,7.585201
62.470774,-82.344400,-273.000000,12.467254,7.518808
62.990774,-82.344400,-273.000000,12.487683,7.480101
63.510774,-82.344400,-273.000000,12.385592,7.527263
64.030774,-82.344400,-273.000000,12.321629,7.512764
64.550774,-82.344400,-273.000000,12.434196,7.579700
65.070774,-82.344400,-273.000000,12.300464,7.560048
65.590774,-82.344400,-273.000000,12.369110,7.527927
66.110774,-82.344400,-273.000000,12.432040,7.530393
66.630774,-82.344400,-273.000000,12.323543,7.551247
67.150774,-82.344400,-273.000000,12.508595,7.588384
67.670774,-82.344400,-273.000000,12.533877,7.616794
68.190774,-82.344400,-273.000000,12.465219,7.539523
68.710774,-82.344400,-273.000000,12.363912,7.447282
69.230774,-82.344400,-273.000000,12.460740,7.525300
69.750774,-82.344400,-273.000000,12.423926,7.478070
70.270774,-82.344400,-273.000000,12.455376,7.547585
70.790774,-82.344400,-273.000000,12.246730,7.499681
71.310774,-82.344400,-273.000000,12.549946,7.509215
71.830774,-82.344400,-273.000000,12.410220,7.513509
72.350774,-82.344400,-273.000000,12.309424,7.486677
72.870774,-82.344400,-273.000000,12.246491,7.454244
13.070774,-81.824400,-273.000000,12.417784,7.220503
13.590774,-81.824400,-273.000000,12.356120,7.271544
14.110774,-81.824400,-273.000000,12.329547,7.271076
14.630774,-81.824400,-273.000000,12.174562,7.155634
15.150774,-81.824400,-273.000000,12.600153,7.277116
15.670774,-81.824400,-273.000000,12.357432,7.284526
16.190774,-81.824400,-273.000000,12.203582,7.333886
16.710774,-81.824400,-273.000000,12.317631,7.414006
17.230774,-81.824400,-273.000000,12.406501,7.395694
17.750774,-81.824400,-273.000000,12.414497,7.386668
18.270774,-81.824400,-273.000000,12.382666,7.433855
18.790774,-81.824400,-273.000000,12.397894,7.430682
19.310774,-81.824400,-273.000000,12.415340,7.421420
19.830774,-81.824400,-273.000000,12.191175,7.408480
20.350774,-81.824400,-273.000000,12.470330,7.512437
20.870774,-81.824400,-273.000000,12.634555,7.530576
21.390774,-81.824400,-273.000000,12.278601,7.517141
21.910774,-81.824400,-273.000000,12.283304,7.513310
22.430774,-81.824400,-273.000000,12.416400,7.489182
22.950774,-81.824400,-273.000000,12.188686,7.478187
23.470774,-81.824400,-273.000000,12.192177,7.449565
23.990774,-81.824400,-273.000000,12.175769,7.414240
24.510774,-81.824400,-273.000000,12.493136,7.517522
25.030774,-81.824400,-273.000000,12.156337,7.372139
25.550774,-81.824400,-273.000000,12.389503,7.498305
26.070774,-81.824400,-273.000000,12.310023,7.452713
26.590774,-81.824400,-273.000000,12.299159,7.475948
27.110774,-81.824400,-273.000000,12.413061,7.518122
27.630774,-81.824400,-273.000000,12.286345,7.501677
28.150774,-81.824400,-273.000000,12.265609,7.422317
28.670774,-81.824400,-273.000000,12.500888,7.625803
29.190774,-81.824400,-273.000000,12.376849,7.542276
29.710774,-81.824400,-273.000000,12.349384,7.549041
30.230774,-81.824400,-273.000000,12.541686,7.563732
30.750774,-81.824400,-273.000000,12.452964,7.525428
31.270774,-81.824400,-273.000000,12.565112,7.543946
31.790774,-81.824400,-273.000000,12.438356,7.571658
32.310774,-81.824400,-273.000000,12.380881,7.554200
32.830774,-81.824400,-273.000000,12.266547,7.518664
33.350774,-81.824400,-273.000000,12.501143,7.502440
33.870774,-81.824400,-273.000000,12.388431,7.471102
34.390774,-81.824400,-273.000000,12.534583,7.502948
34.910774,-81.824400,-273.000000,12.309964,7.472418
35.430774,-81.824400,-273.000000,12.739085,7.664504
35.950774,-81.824400,-273.000000,12.442149,7.569006
36.470774,-81.824400,-273.000000,12.304656,7.477563
36.990774,-81.824400,-273.000000,12.468311,7.518091
37.510774,-81.824400,-273.000000,12.433990,7.421867
38.030774,-81.824400,-273.000000,12.362967,7.540879
38.550774,-81.824400,-273.000000,12.437268,7.516675
39.070774,-81.824400,-273.000000,12.287133,7.503395
39.590774,-81.824400,-273.000000,12.281759,7.548513
40.110774,-81.824400,-273.000000,12.434150,7.526535
40.630774,-81.824400,-273.000000,12.378386,7.567903
41.150774,-81.824400,-273.000000,12.161319,7.407331
41.670774,-81.824400,-273.000000,12.548921,7.594069
42.190774,-81.824400,-273.000000,12.065780,7.466167
42.710774,-81.824400,-273.000000,12.275544,7.538294
43.230774,-81.824400,-273.000000,12.327292,7.577610
43.750774,-81.824400,-273.000000,12.500537,7.539200
44.270774,-81.824400,-273.000000,12.342031,7.580557
44.790774,-81.824400,-273.000000,12.332381,7.506130
45.310774,-81.824400,-273.000000,12.425891,7.588580
45.830774,-81.824400,-273.000000,12.506414,7.483700
46.350774,-81.824400,-273.000000,12.310434,7.436243
46.870774,-81.824400,-273.000000,12.243425,7.507575
47.390774,-81.824400,-273.000000,12.172890,7.454986
47.910774,-81.824400,-273.000000,12.435061,7.584694
48.430774,-81.824400,-273.000000,12.361691,7.538065
48.950774,-81.824400,-273.000000,12.250749,7.461609
49.470774,-81.824400,-273.000000,12.365950,7.497436
49.990774,-81.824400,-273.000000,12.429325,7.584774
50.510774,-81.824400,-273.000000,12.279222,7.639266
51.030774,-81.824400,-273.000000,12.328136,7.543731
51.550774,-81.824400,-273.000000,12.290160,7.538909
52.070774,-81.824400,-273.000000,12.419440,7.515397
52.590774,-81.824400,-273.000000,12.285021,7.569342
53.110774,-81.824400,-273.000000,12.428333,7.558897
53.630774,-81.824400,-273.000000,12.338154,7.548254
54.150774,-81.824400,-273.000000,12.399808,7.546838
54.670774,-81.824400,-273.000000,12.478984,7.577077
55.190774,-81.824400,-273.000000,12.448465,7.524895
55.710774,-81.824400,-273.000000,12.430672,7.555799
56.230774,-81.824400,-273.000000,12.576397,7.555146
56.750774,-81.824400,-273.000000,12.297879,7.512444
57.270774,-81.824400,-273.000000,12.478179,7.558683
57.790774,-81.824400,-273.000000,12.437591,7.570954
58.310774,-81.824400,-273.000000,12.397128,7.554048
58.830774,-81.824400,-273.000000,12.356200,7.478065
59.350774,-81.824400,-273.000000,12.406309,7.568238
59.870774,-81.824400,-273.000000,12.352501,7.432779
60.390774,-81.824400,-273.000000,12.297824,7.462437
60.910774,-81.824400,-273.000000,12.325353,7.484077
61.430774,-81.824400,-273.000000,12.233948,7.416711
61.950774,-81.824400,-273.000000,12.426736,7.567283
62.470774,-81.824400,-273.000000,12.484717,7.511846
62.990774,-81.824400,-273.000000,12.461256,7.490643
63.510774,-81.824400,-273.000000,12.419025,7.548171
64.030774,-81.824400,-273.000000,12.319893,7.536307
64.550774,-81.824400,-273.000000,12.309840,7.559769
65.070774,-81.824400,-273.000000,12.326647,7.565609
65.590774,-81.824400,-273.000000,12.446039,7.530618
66.110774,-81.824400,-273.000000,12.381898,7.541011
66.630774,-81.824400,-273.000000,12.333298,7.528805
67.150774,-81.824400,-273.000000,12.493678,7.580508
67.670774,-81.824400,-273.000000,12.483815,7.625762
68.190774,-81.824400,-273.000000,12.501421,7.567308
68.710774,-81.824400,-273.000000,12.391383,7.463750
69.230774,-81.824400,-273.000000,12.530860,7.564615
69.750774,-81.824400,-273.000000,12.412823,7.485765
70.270774,-81.824400,-273.000000,12.432420,7.567460
70.790774,-81.824400,-273.000000,12.252216,7.501564
71.310774,-81.824400,-273.000000,12.482276,7.516046
71.830774,-81.824400,-273.000000,12.358282,7.519379
72.350774,-81.824400,-273.000000,12.341809,7.507174
72.870774,-81.824400,-273.000000,12.300081,7.469580
73.390774,-81.824400,-273.000000,12.105895,7.362480
72.870774,-81.304400,-273.000000,12.261073,7.456478
13.590774,-82.344400,-272.000000,12.364409,7.245283
14.110774,-82.344400,-272.000000,12.279930,7.235270
14.630774,-82.344400,-272.000000,12.503519,7.338056
15.150774,-82.344400,-272.000000,12.523918,7.306380
15.670774,-82.344400,-272.000000,12.591462,7.381975
16.190774,-82.344400,-272.000000,12.239881,7.262504
16.710774,-82.344400,-272.000000,12.298003,7.357953
17.230774,-82.344400,-272.000000,12.283582,7.386131
17.750774,-82.344400,-272.000000,12.220665,7.375546
18.270774,-82.344400,-272.000000,12.283816,7.307581
18.790774,-82.344400,-272.000000,12.520398,7.442322
19.310774,-82.344400,-272.000000,12.344174,7.358127
19.830774,-82.344400,-272.000000,12.288426,7.438635
20.350774,-82.344400,-272.000000,12.105329,7.302420
20.870774,-82.344400,-272.000000,12.571707,7.503256
21.390774,-82.344400,-272.000000,12.619609,7.447011
21.910774,-82.344400,-272.000000,12.320150,7.444790
22.430774,-82.344400,-272.000000,12.200015,7.425956
22.950774,-82.344400,-272.000000,12.218653,7.465696
23.470774,-82.344400,-272.000000,12.300394,7.390110
23.990774,-82.344400,-272.000000,12.305923,7.394501
24.510774,-82.344400,-272.000000,12.326054,7.397872
25.030774,-82.344400,-272.000000,12.271673,7.501512
25.550774,-82.344400,-272.000000,12.667076,7.602889
26.070774,-82.344400,-272.000000,12.512301,7.562230
26.590774,-82.344400,-272.000000,12.272482,7.449577
27.110774,-82.344400,-272.000000,12.255909,7.535872
27.630774,-82.344400,-272.000000,12.415415,7.477806
28.150774,-82.344400,-272.000000,12.331000,7.463079
28.670774,-82.344400,-272.000000,12.371140,7.520172
29.190774,-82.344400,-272.000000,12.386104,7.423818
29.710774,-82.344400,-272.000000,12.452170,7.516521
30.230774,-82.344400,-272.000000,12.263436,7.483023
30.750774,-82.344400,-272.000000,12.354701,7.495833
31.270774,-82.344400,-272.000000,12.333950,7.559536
31.790774,-82.344400,-272.000000,12.488680,7.547852
32.310774,-82.344400,-272.000000,12.367949,7.460243
32.830774,-82.344400,-272.000000,12.227947,7.508379
33.350774,-82.344400,-272.000000,12.207393,7.517516
33.870774,-82.344400,-272.000000,12.300756,7.501261
34.390774,-82.344400,-272.000000,12.347857,7.464145
34.910774,-82.344400,-272.000000,12.313853,7.533834
35.430774,-82.344400,-272.000000,12.323695,7.540777
35.950774,-82.344400,-272.000000,12.376484,7.444160
36.470774,-82.344400,-272.000000,12.346153,7.478003
36.990774,-82.344400,-272.000000,12.511409,7.457476
37.510774,-82.344400,-272.000000,12.436223,7.505219
38.030774,-82.344400,-272.000000,12.261155,7.531757
38.550774,-82.344400,-272.000000,12.316260,7.521350
39.070774,-82.344400,-272.000000,12.363338,7.557786
39.590774,-82.344400,-272.000000,12.504683,7.524436
40.110774,-82.344400,-272.000000,12.271394,7.563141
40.630774,-82.344400,-272.000000,12.247491,7.437969
41.150774,-82.344400,-272.000000,12.397418,7.472256
41.670774,-82.344400,-272.000000,12.340901,7.482015
42.190774,-82.344400,-272.000000,12.291581,7.485297
42.710774,-82.344400,-272.000000,12.132376,7.467100
43.230774,-82.344400,-272.000000,12.084416,7.470976
43.750774,-82.344400,-272.000000,12.395728,7.504831
44.270774,-82.344400,-272.000000,12.374953,7.572482
44.790774,-82.344400,-272.000000,12.400438,7.575478
45.310774,-82.344400,-272.000000,12.383854,7.556476
45.830774,-82.344400,-272.000000,12.459217,7.402655
46.350774,-82.344400,-272.000000,12.179015,7.443254
46.870774,-82.344400,-272.000000,12.071373,7.493859
47.390774,-82.344400,-272.000000,12.491731,7.511747
47.910774,-82.344400,-272.000000,12.351564,7.526474
48.430774,-82.344400,-272.000000,12.364712,7.515005
48.950774,-82.344400,-272.000000,12.464477,7.534993
49.470774,-82.344400,-272.000000,12.422429,7.566878
49.990774,-82.344400,-272.000000,12.307408,7.435538
50.510774,-82.344400,-272.000000,12.321989,7.439574
51.030774,-82.344400,-272.000000,12.272151,7.496624
51.550774,-82.344400,-272.000000,12.386405,7.569458
52.070774,-82.344400,-272.000000,12.461665,7.503458
52.590774,-82.344400,-272.000000,12.401350,7.475669
53.110774,-82.344400,-272.000000,12.427054,7.562723
53.630774,-82.344400,-272.000000,12.429205,7.529724
54.150774,-82.344400,-272.000000,12.437568,7.537061
54.670774,-82.344400,-272.000000,12.432392,7.435918
55.190774,-82.344400,-272.000000,12.193197,7.525156
55.710774,-82.344400,-272.000000,12.520573,7.604800
56.230774,-82.344400,-272.000000,12.282574,7.490072
56.750774,-82.344400,-272.000000,12.462416,7.581120
57.270774,-82.344400,-272.000000,12.173559,7.480029
57.790774,-82.344400,-272.000000,12.396600,7.540857
58.310774,-82.344400,-272.000000,12.252481,7.472256
58.830774,-82.344400,-272.000000,12.387438,7.465884
59.350774,-82.344400,-272.000000,12.415879,7.525300
59.870774,-82.344400,-272.000000,11.984689,7.536447
60.390774,-82.344400,-272.000000,12.366302,7.507440
60.910774,-82.344400,-272.000000,12.353116,7.511562
61.430774,-82.344400,-272.000000,12.454669,7.566725
61.950774,-82.344400,-272.000000,12.169977,7.514969
62.470774,-82.344400,-272.000000,12.256854,7.517930
62.990774,-82.344400,-272.000000,12.337893,7.493906
63.510774,-82.344400,-272.000000,12.183753,7.559537
64.030774,-82.344400,-272.000000,12.488330,7.571503
64.550774,-82.344400,-272.000000,12.264433,7.517539
65.070774,-82.344400,-272.000000,12.767709,7.586922
65.590774,-82.344400,-272.000000,12.380793,7.504078
66.110774,-82.344400,-272.000000,12.171039,7.545759
66.630774,-82.344400,-272.000000,12.425439,7.488497
67.150774,-82.344400,-272.000000,12.239893,7.489115
67.670774,-82.344400,-272.000000,12.330981,7.518860
68.190774,-82.344400,-272.000000,12.385073,7.515715
68.710774,-82.344400,-272.000000,12.482577,7.576899
69.230774,-82.344400,-272.000000,12.382151,7.458516
69.750774,-82.344400,-272.000000,12.412833,7.459795
70.270774,-82.344400,-272.000000,12.275889,7.490470
70.790774,-82.344400,-272.000000,12.277914,7.483270
71.310774,-82.344400,-272.000000,12.341647,7.459617
71.830774,-82.344400,-272.000000,12.453116,7.518921
72.350774,-82.344400,-272.000000,12.297320,7.480924
72.870774,-82.344400,-272.000000,12.268655,7.520576
73.390774,-82.344400,-272.000000,12.508378,7.487264
73.910774,-82.344400,-272.000000,12.229457,7.381336
74.430774,-82.344400,-272.000000,12.343814,7.507738
13.070774,-81.824400,-272.000000,12.635889,7.223525
13.590774,-81.824400,-272.000000,12.348286,7.223851
14.110774,-81.824400,-272.000000,12.287515,7.266906
14.630774,-81.824400,-272.000000,12.502443,7.323558
15.150774,-81.824400,-272.000000,12.513770,7.336176
15.670774,-81.824400,-272.000000,12.566845,7.353148
16.190774,-81.824400,-272.000000,12.291820,7.303340
16.710774,-81.824400,-272.000000,12.299250,7.363896
17.230774,-81.824400,-272.000000,12.311168,7.403644
17.750774,-81.824400,-272.000000,12.218626,7.375869
18.270774,-81.824400,-272.000000,12.233848,7.321205
18.790774,-81.824400,-272.000000,12.442217,7.400803
19.310774,-81.824400,-272.000000,12.384920,7.396716
19.830774,-81.824400,-272.000000,12.234553,7.397873
20.350774,-81.824400,-272.000000,12.173121,7.316616
20.870774,-81.824400,-272.000000,12.574771,7.509071
21.390774,-81.824400,-272.000000,12.522456,7.421134
21.910774,-81.824400,-272.000000,12.361071,7.467162
22.430774,-81.824400,-272.000000,12.165667,7.424867
22.950774,-81.824400,-272.000000,12.228618,7.443805
23.470774,-81.824400,-272.000000,12.239287,7.373616
23.990774,-81.824400,-272.000000,12.295187,7.423290
24.510774,-81.824400,-272.000000,12.394069,7.437722
25.030774,-81.824400,-272.000000,12.279207,7.526550
25.550774,-81.824400,-272.000000,12.574146,7.602280
26.070774,-81.824400,-272.000000,12.467952,7.588797
26.590774,-81.824400,-272.000000,12.251264,7.444879
27.110774,-81.824400,-272.000000,12.273864,7.578017
27.630774,-81.824400,-272.000000,12.370597,7.482369
28.150774,-81.824400,-272.000000,12.388343,7.474676
28.670774,-81.824400,-272.000000,12.360895,7.551361
29.190774,-81.824400,-272.000000,12.316213,7.413801
29.710774,-81.824400,-272.000000,12.360152,7.515713
30.230774,-81.824400,-272.000000,12.381527,7.509594
30.750774,-81.824400,-272.000000,12.216087,7.478039
31.270774,-81.824400,-272.000000,12.346671,7.600077
31.790774,-81.824400,-272.000000,12.504118,7.582272
32.310774,-81.824400,-272.000000,12.298197,7.482017
32.830774,-81.824400,-272.000000,12.172716,7.495090
33.350774,-81.824400,-272.000000,12.265135,7.545906
33.870774,-81.824400,-272.000000,12.292890,7.536161
34.390774,-81.824400,-272.000000,12.370249,7.477420
34.910774,-81.824400,-272.000000,12.365871,7.549768
35.430774,-81.824400,-272.000000,12.307071,7.526022
35.950774,-81.824400,-272.000000,12.353787,7.458543
36.470774,-81.824400,-272.000000,12.264140,7.469524
36.990774,-81.824400,-272.000000,12.435805,7.461060
37.510774,-81.824400,-272.000000,12.469428,7.494823
38.030774,-81.824400,-272.000000,12.301643,7.546302
38.550774,-81.824400,-272.000000,12.226026,7.509920
39.070774,-81.824400,-272.000000,12.344646,7.591139
39.590774,-81.824400,-272.000000,12.572689,7.556929
40.110774,-81.824400,-272.000000,12.214095,7.554161
40.630774,-81.824400,-272.000000,12.250906,7.436862
41.150774,-81.824400,-272.000000,12.360351,7.474549
41.670774,-81.824400,-272.000000,12.321075,7.503268
42.190774,-81.824400,-272.000000,12.281897,7.487352
42.710774,-81.824400,-272.000000,12.058472,7.472493
43.230774,-81.824400,-272.000000,12.122715,7.474072
43.750774,-81.824400,-272.000000,12.404219,7.515871
44.270774,-81.824400,-272.000000,12.397403,7.581056
44.790774,-81.824400,-272.000000,12.403764,7.563902
45.310774,-81.824400,-272.000000,12.447723,7.550165
45.830774,-81.824400,-272.000000,12.366061,7.408108
46.350774,-81.824400,-272.000000,12.184354,7.484862
46.870774,-81.824400,-272.000000,12.022937,7.459705
47.390774,-81.824400,-272.000000,12.475085,7.494568
47.910774,-81.824400,-272.000000,12.327891,7.566561
48.430774,-81.824400,-272.000000,12.323217,7.533684
48.950774,-81.824400,-272.000000,12.541142,7.561592
49.470774,-81.824400,-272.000000,12.362889,7.590597
49.990774,-81.824400,-272.000000,12.268766,7.437032
50.510774,-81.824400,-272.000000,12.319685,7.424017
51.030774,-81.824400,-272.000000,12.242426,7.491072
51.550774,-81.824400,-272.000000,12.363585,7.567804
52.070774,-81.824400,-272.000000,12.443491,7.522194
52.590774,-81.824400,-272.000000,12.375938,7.478893
53.110774,-81.824400,-272.000000,12.500086,7.565996
53.630774,-81.824400,-272.000000,12.358199,7.530233
54.150774,-81.824400,-272.000000,12.428814,7.515925
54.670774,-81.824400,-272.000000,12.403399,7.455818
55.190774,-81.824400,-272.000000,12.243488,7.559875
55.710774,-81.824400,-272.000000,12.549163,7.579240
56.230774,-81.824400,-272.000000,12.211360,7.493106
56.750774,-81.824400,-272.000000,12.410295,7.572783
57.270774,-81.824400,-272.000000,12.242825,7.521521
57.790774,-81.824400,-272.000000,12.405909,7.546607
58.310774,-81.824400,-272.000000,12.196172,7.481420
58.830774,-81.824400,-272.000000,12.351274,7.490660
59.350774,-81.824400,-272.000000,12.418022,7.549952
59.870774,-81.824400,-272.000000,12.001829,7.580471
60.390774,-81.824400,-272.000000,12.348590,7.495461
60.910774,-81.824400,-272.000000,12.321609,7.500852
61.430774,-81.824400,-272.000000,12.525441,7.613768
61.950774,-81.824400,-272.000000,12.189894,7.525429
62.470774,-81.824400,-272.000000,12.251273,7.508417
62.990774,-81.824400,-272.000000,12.298319,7.476980
63.510774,-81.824400,-272.000000,12.119633,7.551819
64.030774,-81.824400,-272.000000,12.415280,7.584384
64.550774,-81.824400,-272.000000,12.262531,7.554137
65.070774,-81.824400,-272.000000,12.660052,7.569483
65.590774,-81.824400,-272.000000,12.355020,7.511967
66.110774,-81.824400,-272.000000,12.195572,7.562511
66.630774,-81.824400,-272.000000,12.370590,7.506153
67.150774,-81.824400,-272.000000,12.269718,7.510895
67.670774,-81.824400,-272.000000,12.313766,7.520804
68.190774,-81.824400,-272.000000,12.334834,7.526216
68.710774,-81.824400,-272.000000,12.494729,7.561332
69.230774,-81.824400,-272.000000,12.422157,7.465909
69.750774,-81.824400,-272.000000,12.457760,7.487579
70.270774,-81.824400,-272.000000,12.273864,7.513572
70.790774,-81.824400,-272.000000,12.241092,7.449611
71.310774,-81.824400,-272.000000,12.401153,7.519927
71.830774,-81.824400,-272.000000,12.385338,7.511597
72.350774,-81.824400,-272.000000,12.284565,7.490713
72.870774,-81.824400,-272.000000,12.270260,7.530538
73.390774,-81.824400,-272.000000,12.433929,7.484849
73.910774,-81.824400,-272.000000,12.168118,7.377859
74.430774,-81.824400,-272.000000,12.313951,7.496912
74.950774,-81.824400,-272.000000,12.423363,7.494354
73.910774,-81.304400,-272.000000,12.223404,7.419190
74.430774,-81.304400,-272.000000,12.305490,7.500811
13.590774,-82.344400,-271.000000,12.462863,7.331877
14.110774,-82.344400,-271.000000,12.355942,7.233953
14.630774,-82.344400,-271.000000,12.779770,7.250066
15.150774,-82.344400,-271.000000,12.222430,7.339355
15.670774,-82.344400,-271.000000,12.628146,7.341896
16.190774,-82.344400,-271.000000,12.406249,7.411624
16.710774,-82.344400,-271.000000,12.368528,7.332605
17.230774,-82.344400,-271.000000,12.250399,7.310237
17.750774,-82.344400,-271.000000,12.458977,7.430717
18.270774,-82.344400,-271.000000,12.309683,7.361130
18.790774,-82.344400,-271.000000,12.294771,7.360243
19.310774,-82.344400,-271.000000,12.433205,7.391623
19.830774,-82.344400,-271.000000,12.245734,7.436343
20.350774,-82.344400,-271.000000,12.453623,7.418681
20.870774,-82.344400,-271.000000,12.333303,7.425416
21.390774,-82.344400,-271.000000,12.200489,7.426013
21.910774,-82.344400,-271.000000,12.323383,7.415729
22.430774,-82.344400,-271.000000,12.341059,7.406175
22.950774,-82.344400,-271.000000,12.674472,7.429163
23.470774,-82.344400,-271.000000,12.146857,7.348210
23.990774,-82.344400,-271.000000,12.474305,7.537486
24.510774,-82.344400,-271.000000,12.453728,7.501426
25.030774,-82.344400,-271.000000,12.331950,7.475905
25.550774,-82.344400,-271.000000,12.331294,7.509509
26.070774,-82.344400,-271.000000,12.473214,7.487010
26.590774,-82.344400,-271.000000,12.386545,7.495292
27.110774,-82.344400,-271.000000,12.334347,7.533367
27.630774,-82.344400,-271.000000,12.512996,7.529647
28.150774,-82.344400,-271.000000,12.374252,7.587374
28.670774,-82.344400,-271.000000,12.323415,7.523843
29.190774,-82.344400,-271.000000,12.414704,7.511714
29.710774,-82.344400,-271.000000,12.278179,7.449075
30.230774,-82.344400,-271.000000,12.384548,7.558468
30.750774,-82.344400,-271.000000,12.364342,7.486200
31.270774,-82.344400,-271.000000,12.208259,7.465802
31.790774,-82.344400,-271.000000,12.255627,7.528895
32.310774,-82.344400,-271.000000,12.139538,7.503862
32.830774,-82.344400,-271.000000,12.306470,7.400136
33.350774,-82.344400,-271.000000,12.410900,7.552497
33.870774,-82.344400,-271.000000,12.289743,7.429224
34.390774,-82.344400,-271.000000,12.577535,7.575463
34.910774,-82.344400,-271.000000,12.633834,7.595033
35.430774,-82.344400,-271.000000,12.358733,7.645369
35.950774,-82.344400,-271.000000,12.312947,7.504550
36.470774,-82.344400,-271.000000,12.616277,7.519736
36.990774,-82.344400,-271.000000,12.251044,7.467449
37.510774,-82.344400,-271.000000,12.210693,7.519756
38.030774,-82.344400,-271.000000,12.315548,7.588332
38.550774,-82.344400,-271.000000,12.384635,7.553326
39.070774,-82.344400,-271.000000,12.340352,7.566018
39.590774,-82.344400,-271.000000,12.463107,7.568946
40.110774,-82.344400,-271.000000,12.493447,7.497014
40.630774,-82.344400,-271.000000,12.369745,7.526448
41.150774,-82.344400,-271.000000,12.530590,7.602034
41.670774,-82.344400,-271.000000,12.310786,7.520761
42.190774,-82.344400,-271.000000,12.408982,7.466370
42.710774,-82.344400,-271.000000,12.414035,7.549311
43.230774,-82.344400,-271.000000,12.657031,7.554703
43.750774,-82.344400,-271.000000,12.685061,7.571281
44.270774,-82.344400,-271.000000,12.457969,7.625498
44.790774,-82.344400,-271.000000,12.324310,7.549890
45.310774,-82.344400,-271.000000,12.356562,7.503981
45.830774,-82.344400,-271.000000,12.465566,7.544336
46.350774,-82.344400,-271.000000,12.245654,7.537018
46.870774,-82.344400,-271.000000,12.741058,7.673524
47.390774,-82.344400,-271.000000,12.235015,7.540051
47.910774,-82.344400,-271.000000,12.334496,7.539479
48.430774,-82.344400,-271.000000,12.530200,7.479495
48.950774,-82.344400,-271.000000,12.660019,7.584159
49.470774,-82.344400,-271.000000,12.246160,7.489610
49.990774,-82.344400,-271.000000,12.416259,7.536153
50.510774,-82.344400,-271.000000,12.335861,7.490342
51.030774,-82.344400,-271.000000,12.354687,7.553542
51.550774,-82.344400,-271.000000,12.232118,7.618150
52.070774,-82.344400,-271.000000,12.460958,7.545115
52.590774,-82.344400,-271.000000,12.186668,7.562577
53.110774,-82.344400,-271.000000,12.294943,7.560128
53.630774,-82.344400,-271.000000,12.285192,7.520306
54.150774,-82.344400,-271.000000,12.258018,7.475534
54.670774,-82.344400,-271.000000,12.271091,7.513492
55.190774,-82.344400,-271.000000,12.469011,7.504045
55.710774,-82.344400,-271.000000,12.329202,7.460225
56.230774,-82.344400,-271.000000,12.234980,7.529058
56.750774,-82.344400,-271.000000,12.086022,7.516306
57.270774,-82.344400,-271.000000,12.462859,7.576355
57.790774,-82.344400,-271.000000,12.279468,7.448772
58.310774,-82.344400,-271.000000,12.314701,7.513878
58.830774,-82.344400,-271.000000,12.400314,7.542943
59.350774,-82.344400,-271.000000,12.296464,7.549493
59.870774,-82.344400,-271.000000,12.134124,7.503241
60.390774,-82.344400,-271.000000,12.438321,7.570692
60.910774,-82.344400,-271.000000,12.537860,7.585241
61.430774,-82.344400,-271.000000,12.423160,7.605295
61.950774,-82.344400,-271.000000,12.250716,7.423468
62.470774,-82.344400,-271.000000,12.248523,7.494558
62.990774,-82.344400,-271.000000,12.459846,7.544646
63.510774,-82.344400,-271.000000,12.282895,7.544333
64.030774,-82.344400,-271.000000,12.433130,7.506677
64.550774,-82.344400,-271.000000,12.315027,7.528537
65.070774,-82.344400,-271.000000,12.442198,7.547473
65.590774,-82.344400,-271.000000,12.374299,7.389490
66.110774,-82.344400,-271.000000,12.406774,7.617762
66.630774,-82.344400,-271.000000,12.448909,7.443696
67.150774,-82.344400,-271.000000,12.350669,7.485629
67.670774,-82.344400,-271.000000,12.450880,7.494913
68.190774,-82.344400,-271.000000,12.388839,7.561060
68.710774,-82.344400,-271.000000,12.242669,7.481380
69.230774,-82.344400,-271.000000,12.350347,7.520213
69.750774,-82.344400,-271.000000,12.340509,7.558829
70.270774,-82.344400,-271.000000,12.173025,7.410408
70.790774,-82.344400,-271.000000,12.211676,7.458251
71.310774,-82.344400,-271.000000,12.427547,7.462039
71.830774,-82.344400,-271.000000,12.341975,7.529103
72.350774,-82.344400,-271.000000,12.332520,7.499557
72.870774,-82.344400,-271.000000,12.374038,7.439985
73.390774,-82.344400,-271.000000,12.262081,7.451334
73.910774,-82.344400,-271.000000,12.285741,7.400256
74.430774,-82.344400,-271.000000,12.454784,7.477548
74.950774,-82.344400,-271.000000,12.127307,7.438757
75.470774,-82.344400,-271.000000,12.536128,7.453279
75.990774,-82.344400,-271.000000,12.360833,7.463809
13.070774,-81.824400,-271.000000,12.429467,7.146548
13.590774,-81.824400,-271.000000,12.486662,7.350758
14.110774,-81.824400,-271.000000,12.302020,7.234681
14.630774,-81.824400,-271.000000,12.735168,7.241720
15.150774,-81.824400,-271.000000,12.199859,7.367776
15.670774,-81.824400,-271.000000,12.623425,7.354313
16.190774,-81.824400,-271.000000,12.382567,7.390965
16.710774,-81.824400,-271.000000,12.400506,7.349012
17.230774,-81.824400,-271.000000,12.212337,7.321961
17.750774,-81.824400,-271.000000,12.418960,7.407621
18.270774,-81.824400,-271.000000,12.417854,7.381730
18.790774,-81.824400,-271.000000,12.233266,7.372109
19.310774,-81.824400,-271.000000,12.373115,7.383648
19.830774,-81.824400,-271.000000,12.255022,7.428958
20.350774,-81.824400,-271.000000,12.485884,7.457584
20.870774,-81.824400,-271.000000,12.221392,7.393097
21.390774,-81.824400,-271.000000,12.195752,7.438044
21.910774,-81.824400,-271.000000,12.254163,7.383768
22.430774,-81.824400,-271.000000,12.356051,7.420537
22.950774,-81.824400,-271.000000,12.674828,7.434525
23.470774,-81.824400,-271.000000,12.148271,7.328849
23.990774,-81.824400,-271.000000,12.436957,7.547998
24.510774,-81.824400,-271.000000,12.486852,7.498190
25.030774,-81.824400,-271.000000,12.264261,7.473751
25.550774,-81.824400,-271.000000,12.351837,7.474739
26.070774,-81.824400,-271.000000,12.451846,7.504411
26.590774,-81.824400,-271.000000,12.390583,7.511994
27.110774,-81.824400,-271.000000,12.305183,7.552375
27.630774,-81.824400,-271.000000,12.450840,7.536997
28.150774,-81.824400,-271.000000,12.321243,7.576518
28.670774,-81.824400,-271.000000,12.338962,7.572128
29.190774,-81.824400,-271.000000,12.304992,7.473816
29.710774,-81.824400,-271.000000,12.258858,7.451048
30.230774,-81.824400,-271.000000,12.397769,7.546585
30.750774,-81.824400,-271.000000,12.261399,7.473158
31.270774,-81.824400,-271.000000,12.226873,7.508247
31.790774,-81.824400,-271.000000,12.332997,7.541700
32.310774,-81.824400,-271.000000,12.190593,7.491684
32.830774,-81.824400,-271.000000,12.321887,7.432498
33.350774,-81.824400,-271.000000,12.333117,7.535583
33.870774,-81.824400,-271.000000,12.390985,7.445703
34.390774,-81.824400,-271.000000,12.457454,7.546675
34.910774,-81.824400,-271.000000,12.633792,7.605830
35.430774,-81.824400,-271.000000,12.370009,7.663227
35.950774,-81.824400,-271.000000,12.282561,7.515488
36.470774,-81.824400,-271.000000,12.661361,7.550257
36.990774,-81.824400,-271.000000,12.224704,7.469556
37.510774,-81.824400,-271.000000,12.191912,7.536111
38.030774,-81.824400,-271.000000,12.338537,7.631325
38.550774,-81.824400,-271.000000,12.376637,7.541485
39.070774,-81.824400,-271.000000,12.447264,7.608098
39.590774,-81.824400,-271.000000,12.421976,7.563477
40.110774,-81.824400,-271.000000,12.554328,7.527319
40.630774,-81.824400,-271.000000,12.311398,7.516899
41.150774,-81.824400,-271.000000,12.556602,7.590114
41.670774,-81.824400,-271.000000,12.317461,7.519656
42.190774,-81.824400,-271.000000,12.390897,7.490892
42.710774,-81.824400,-271.000000,12.411399,7.552151
43.230774,-81.824400,-271.000000,12.628936,7.551204
43.750774,-81.824400,-271.000000,12.570224,7.602964
44.270774,-81.824400,-271.000000,12.464634,7.615152
44.790774,-81.824400,-271.000000,12.360082,7.555793
45.310774,-81.824400,-271.000000,12.329360,7.507926
45.830774,-81.824400,-271.000000,12.432055,7.553641
46.350774,-81.824400,-271.000000,12.323709,7.549312
46.870774,-81.824400,-271.000000,12.715785,7.698011
47.390774,-81.824400,-271.000000,12.242030,7.543360
47.910774,-81.824400,-271.000000,12.256862,7.542683
48.430774,-81.824400,-271.000000,12.502086,7.491067
48.950774,-81.824400,-271.000000,12.688945,7.628274
49.470774,-81.824400,-271.000000,12.167087,7.496161
49.990774,-81.824400,-271.000000,12.399358,7.543836
50.510774,-81.824400,-271.000000,12.352302,7.520229
51.030774,-81.824400,-271.000000,12.307062,7.543287
51.550774,-81.824400,-271.000000,12.160460,7.622183
52.070774,-81.824400,-271.000000,12.519135,7.550307
52.590774,-81.824400,-271.000000,12.137533,7.562747
53.110774,-81.824400,-271.000000,12.296203,7.591558
53.630774,-81.824400,-271.000000,12.227592,7.518403
54.150774,-81.824400,-271.000000,12.191073,7.472034
54.670774,-81.824400,-271.000000,12.331837,7.528859
55.190774,-81.824400,-271.000000,12.453994,7.532061
55.710774,-81.824400,-271.000000,12.339507,7.475013
56.230774,-81.824400,-271.000000,12.205573,7.512212
56.750774,-81.824400,-271.000000,12.139792,7.504836
57.270774,-81.824400,-271.000000,12.409955,7.585373
57.790774,-81.824400,-271.000000,12.210612,7.443813
58.310774,-81.824400,-271.000000,12.322944,7.489605
58.830774,-81.824400,-271.000000,12.429789,7.564306
59.350774,-81.824400,-271.000000,12.244796,7.551859
59.870774,-81.824400,-271.000000,12.126660,7.488590
60.390774,-81.824400,-271.000000,12.534411,7.580859
60.910774,-81.824400,-271.000000,12.537268,7.603917
61.430774,-81.824400,-271.000000,12.366534,7.595922
61.950774,-81.824400,-271.000000,12.243854,7.415636
62.470774,-81.824400,-271.000000,12.248977,7.513984
62.990774,-81.824400,-271.000000,12.554062,7.564567
63.510774,-81.824400,-271.000000,12.226439,7.529718
64.030774,-81.824400,-271.000000,12.431792,7.544428
64.550774,-81.824400,-271.000000,12.358489,7.546352
65.070774,-81.824400,-271.000000,12.370294,7.516101
65.590774,-81.824400,-271.000000,12.309810,7.348644
66.110774,-81.824400,-271.000000,12.466571,7.620989
66.630774,-81.824400,-271.000000,12.401137,7.471068
67.150774,-81.824400,-271.000000,12.275924,7.483111
67.670774,-81.824400,-271.000000,12.443262,7.498981
68.190774,-81.824400,-271.000000,12.351665,7.561652
68.710774,-81.824400,-271.000000,12.226007,7.506620
69.230774,-81.824400,-271.000000,12.317119,7.553694
69.750774,-81.824400,-271.000000,12.300340,7.541385
70.270774,-81.824400,-271.000000,12.120891,7.397142
70.790774,-81.824400,-271.000000,12.226481,7.496886
71.310774,-81.824400,-271.000000,12.518184,7.504944
71.830774,-81.824400,-271.000000,12.295383,7.508158
72.350774,-81.824400,-271.000000,12.374005,7.489393
72.870774,-81.824400,-271.000000,12.372278,7.462959
73.390774,-81.824400,-271.000000,12.208320,7.459234
73.910774,-81.824400,-271.000000,12.264316,7.404952
74.430774,-81.824400,-271.000000,12.451023,7.497436
74.950774,-81.824400,-271.000000,12.145333,7.458282
75.470774,-81.824400,-271.000000,12.553332,7.458033
75.990774,-81.824400,-271.000000,12.377495,7.462683
13.590774,-82.344400,-270.000000,12.396091,7.190707
14.110774,-82.344400,-270.000000,12.724587,7.260769
14.630774,-82.344400,-270.000000,12.397905,7.161257
15.150774,-82.344400,-270.000000,12.329146,7.305643
15.670774,-82.344400,-270.000000,12.468529,7.300184
16.190774,-82.344400,-270.000000,12.298499,7.377614
16.710774,-82.344400,-270.000000,12.260234,7.355622
17.230774,-82.344400,-270.000000,12.249022,7.374992
17.750774,-82.344400,-270.000000,12.382033,7.394506
18.270774,-82.344400,-270.000000,12.315763,7.404897
18.790774,-82.344400,-270.000000,12.607364,7.358862
19.310774,-82.344400,-270.000000,12.345527,7.388276
19.830774,-82.344400,-270.000000,12.443075,7.535270
20.350774,-82.344400,-270.000000,12.399369,7.430649
20.870774,-82.344400,-270.000000,12.360486,7.392540
21.390774,-82.344400,-270.000000,12.209628,7.412616
21.910774,-82.344400,-270.000000,12.301306,7.416738
22.430774,-82.344400,-270.000000,12.372551,7.406407
22.950774,-82.344400,-270.000000,12.428782,7.455080
23.470774,-82.344400,-270.000000,12.366504,7.439336
23.990774,-82.344400,-270.000000,12.516526,7.554712
24.510774,-82.344400,-270.000000,12.356627,7.469319
25.030774,-82.344400,-270.000000,12.458371,7.514687
25.550774,-82.344400,-270.000000,12.296827,7.460032
26.070774,-82.344400,-270.000000,12.834081,7.617527
26.590774,-82.344400,-270.000000,12.530911,7.502965
27.110774,-82.344400,-270.000000,12.246840,7.477797
27.630774,-82.344400,-270.000000,12.452099,7.504011
28.150774,-82.344400,-270.000000,12.374454,7.525541
28.670774,-82.344400,-270.000000,12.309658,7.469387
29.190774,-82.344400,-270.000000,12.595972,7.523423
29.710774,-82.344400,-270.000000,12.291858,7.476254
30.230774,-82.344400,-270.000000,12.301250,7.458353
30.750774,-82.344400,-270.000000,12.502887,7.472161
31.270774,-82.344400,-270.000000,12.501731,7.480897
31.790774,-82.344400,-270.000000,12.555069,7.611287
32.310774,-82.344400,-270.000000,12.501958,7.507364
32.830774,-82.344400,-270.000000,12.194638,7.431199
33.350774,-82.344400,-270.000000,12.208663,7.470635
33.870774,-82.344400,-270.000000,12.418958,7.541180
34.390774,-82.344400,-270.000000,12.518591,7.531551
34.910774,-82.344400,-270.000000,12.392249,7.495455
35.430774,-82.344400,-270.000000,12.429260,7.463977
35.950774,-82.344400,-270.000000,12.335969,7.510536
36.470774,-82.344400,-270.000000,12.202909,7.526623
36.990774,-82.344400,-270.000000,12.476682,7.616883
37.510774,-82.344400,-270.000000,12.389099,7.530527
38.030774,-82.344400,-270.000000,12.393229,7.580258
38.550774,-82.344400,-270.000000,12.202606,7.488822
39.070774,-82.344400,-270.000000,12.229501,7.468580
39.590774,-82.344400,-270.000000,12.370377,7.492424
40.110774,-82.344400,-270.000000,12.360635,7.519004
40.630774,-82.344400,-270.000000,12.284551,7.513864
41.150774,-82.344400,-270.000000,12.494322,7.571092
41.670774,-82.344400,-270.000000,12.319579,7.493552
42.190774,-82.344400,-270.000000,12.437264,7.585621
42.710774,-82.344400,-270.000000,12.268855,7.490976
43.230774,-82.344400,-270.000000,12.462482,7.559987
43.750774,-82.344400,-270.000000,12.192634,7.501439
44.270774,-82.344400,-270.000000,12.419377,7.622080
44.790774,-82.344400,-270.000000,12.452330,7.589435
45.310774,-82.344400,-270.000000,12.333808,7.517920
45.830774,-82.344400,-270.000000,12.446267,7.540464
46.350774,-82.344400,-270.000000,12.358234,7.539634
46.870774,-82.344400,-270.000000,12.340470,7.493744
47.390774,-82.344400,-270.000000,12.239768,7.521284
47.910774,-82.344400,-270.000000,12.344954,7.514740
48.430774,-82.344400,-270.000000,12.219640,7.515684
48.950774,-82.344400,-270.000000,12.280686,7.536481
49.470774,-82.344400,-270.000000,12.409678,7.549314
49.990774,-82.344400,-270.000000,12.380605,7.547176
50.510774,-82.344400,-270.000000,12.437652,7.571733
51.030774,-82.344400,-270.000000,12.298880,7.505551
51.550774,-82.344400,-270.000000,12.343244,7.603382
52.070774,-82.344400,-270.000000,12.409029,7.598591
52.590774,-82.344400,-270.000000,12.358279,7.506898
53.110774,-82.344400,-270.000000,12.389989,7.499599
53.630774,-82.344400,-270.000000,12.253010,7.532248
54.150774,-82.344400,-270.000000,12.292139,7.489623
54.670774,-82.344400,-270.000000,12.273961,7.506393
55.190774,-82.344400,-270.000000,12.606082,7.613000
55.710774,-82.344400,-270.000000,12.600020,7.613437
56.230774,-82.344400,-270.000000,12.413360,7.448267
56.750774,-82.344400,-270.000000,12.405795,7.496672
57.270774,-82.344400,-270.000000,12.431208,7.521135
57.790774,-82.344400,-270.000000,12.341390,7.534776
58.310774,-82.344400,-270.000000,12.412594,7.483582
58.830774,-82.344400,-270.000000,12.525889,7.593171
59.350774,-82.344400,-270.000000,12.240989,7.481273
59.870774,-82.344400,-270.000000,12.302060,7.510080
60.390774,-82.344400,-270.000000,11.961994,7.382767
60.910774,-82.344400,-270.000000,12.287666,7.455695
61.430774,-82.344400,-270.000000,12.284827,7.509962
61.950774,-82.344400,-270.000000,12.266596,7.528136
62.470774,-82.344400,-270.000000,12.422026,7.517373
62.990774,-82.344400,-270.000000,12.371345,7.544445
63.510774,-82.344400,-270.000000,12.415356,7.598543
64.030774,-82.344400,-270.000000,12.355258,7.505436
64.550774,-82.344400,-270.000000,12.285608,7.431746
65.070774,-82.344400,-270.000000,12.262444,7.536719
65.590774,-82.344400,-270.000000,12.333233,7.470188
66.110774,-82.344400,-270.000000,12.331508,7.475631
66.630774,-82.344400,-270.000000,12.484867,7.594702
67.150774,-82.344400,-270.000000,12.435293,7.490824
67.670774,-82.344400,-270.000000,12.190760,7.490603
68.190774,-82.344400,-270.000000,12.423810,7.480033
68.710774,-82.344400,-270.000000,12.309621,7.521544
69.230774,-82.344400,-270.000000,12.265076,7.508190
69.750774,-82.344400,-270.000000,12.475837,7.561607
70.270774,-82.344400,-270.000000,12.199067,7.459052
70.790774,-82.344400,-270.000000,12.216890,7.506144
71.310774,-82.344400,-270.000000,12.328424,7.552789
71.830774,-82.344400,-270.000000,12.294955,7.358454
72.350774,-82.344400,-270.000000,12.313381,7.450191
72.870774,-82.344400,-270.000000,12.215018,7.463950
73.390774,-82.344400,-270.000000,12.301696,7.479325
73.910774,-82.344400,-270.000000,12.338540,7.537893
74.430774,-82.344400,-270.000000,12.442225,7.463663
74.950774,-82.344400,-270.000000,12.166133,7.505861
75.470774,-82.344400,-270.000000,12.243300,7.406886
75.990774,-82.344400,-270.000000,12.362136,7.388855
13.070774,-81.824400,-270.000000,12.292136,7.126136
13.590774,-81.824400,-270.000000,12.408143,7.202129
14.110774,-81.824400,-270.000000,12.621428,7.234756
14.630774,-81.824400,-270.000000,12.418208,7.164227
15.150774,-81.824400,-270.000000,12.227601,7.290445
15.670774,-81.824400,-270.000000,12.453704,7.319518
16.190774,-81.824400,-270.000000,12.334486,7.369001
16.710774,-81.824400,-270.000000,12.276240,7.383458
17.230774,-81.824400,-270.000000,12.230789,7.361604
17.750774,-81.824400,-270.000000,12.302704,7.389618
18.270774,-81.824400,-270.000000,12.317976,7.379639
18.790774,-81.824400,-270.000000,12.531197,7.364978
19.310774,-81.824400,-270.000000,12.410662,7.430634
19.830774,-81.824400,-270.000000,12.418293,7.506330
20.350774,-81.824400,-270.000000,12.357112,7.448498
20.870774,-81.824400,-270.000000,12.400233,7.430519
21.390774,-81.824400,-270.000000,12.209284,7.434519
21.910774,-81.824400,-270.000000,12.249947,7.414752
22.430774,-81.824400,-270.000000,12.425052,7.436899
22.950774,-81.824400,-270.000000,12.409288,7.472958
23.470774,-81.824400,-270.000000,12.343804,7.446431
23.990774,-81.824400,-270.000000,12.459870,7.529799
24.510774,-81.824400,-270.000000,12.418756,7.482913
25.030774,-81.824400,-270.000000,12.384933,7.520210
25.550774,-81.824400,-270.000000,12.321047,7.464299
26.070774,-81.824400,-270.000000,12.763900,7.632773
26.590774,-81.824400,-270.000000,12.483861,7.489005
27.110774,-81.824400,-270.000000,12.372309,7.488279
27.630774,-81.824400,-270.000000,12.379609,7.541402
28.150774,-81.824400,-270.000000,12.409953,7.513205
28.670774,-81.824400,-270.000000,12.299355,7.487959
29.190774,-81.824400,-270.000000,12.567405,7.552900
29.710774,-81.824400,-270.000000,12.324139,7.460533
30.230774,-81.824400,-270.000000,12.368385,7.469082
30.750774,-81.824400,-270.000000,12.474619,7.494354
31.270774,-81.824400,-270.000000,12.486946,7.504811
31.790774,-81.824400,-270.000000,12.528634,7.639868
32.310774,-81.824400,-270.000000,12.477320,7.490726
32.830774,-81.824400,-270.000000,12.179090,7.420038
33.350774,-81.824400,-270.000000,12.201572,7.480603
33.870774,-81.824400,-270.000000,12.346057,7.553312
34.390774,-81.824400,-270.000000,12.517609,7.521358
34.910774,-81.824400,-270.000000,12.407790,7.501153
35.430774,-81.824400,-270.000000,12.389889,7.439607
35.950774,-81.824400,-270.000000,12.320446,7.538304
36.470774,-81.824400,-270.000000,12.222212,7.537557
36.990774,-81.824400,-270.000000,12.457633,7.601838
37.510774,-81.824400,-270.000000,12.318482,7.534252
38.030774,-81.824400,-270.000000,12.364506,7.576308
38.550774,-81.824400,-270.000000,12.177726,7.513932
39.070774,-81.824400,-270.000000,12.187847,7.475694
39.590774,-81.824400,-270.000000,12.380095,7.490583
40.110774,-81.824400,-270.000000,12.290609,7.511397
40.630774,-81.824400,-270.000000,12.302967,7.504560
41.150774,-81.824400,-270.000000,12.455523,7.578760
41.670774,-81.824400,-270.000000,12.406212,7.526013
42.190774,-81.824400,-270.000000,12.348327,7.599163
42.710774,-81.824400,-270.000000,12.253905,7.490629
43.230774,-81.824400,-270.000000,12.503749,7.580190
43.750774,-81.824400,-270.000000,12.181649,7.517240
44.270774,-81.824400,-270.000000,12.434317,7.587804
44.790774,-81.824400,-270.000000,12.385810,7.585741
45.310774,-81.824400,-270.000000,12.435455,7.564103
45.830774,-81.824400,-270.000000,12.404576,7.543165
46.350774,-81.824400,-270.000000,12.346616,7.548388
46.870774,-81.824400,-270.000000,12.335305,7.520691
47.390774,-81.824400,-270.000000,12.285445,7.518995
47.910774,-81.824400,-270.000000,12.308240,7.488037
48.430774,-81.824400,-270.000000,12.145688,7.536535
48.950774,-81.824400,-270.000000,12.295815,7.519941
49.470774,-81.824400,-270.000000,12.423119,7.554686
49.990774,-81.824400,-270.000000,12.327717,7.551338
50.510774,-81.824400,-270.000000,12.446820,7.557827
51.030774,-81.824400,-270.000000,12.315964,7.500049
51.550774,-81.824400,-270.000000,12.363008,7.626756
52.070774,-81.824400,-270.000000,12.395379,7.594084
52.590774,-81.824400,-270.000000,12.337810,7.523772
53.110774,-81.824400,-270.000000,12.340017,7.515521
53.630774,-81.824400,-270.000000,12.247255,7.513072
54.150774,-81.824400,-270.000000,12.224487,7.484190
54.670774,-81.824400,-270.000000,12.250583,7.505736
55.190774,-81.824400,-270.000000,12.631606,7.624615
55.710774,-81.824400,-270.000000,12.549209,7.607902
56.230774,-81.824400,-270.000000,12.436621,7.449871
56.750774,-81.824400,-270.000000,12.318696,7.480103
57.270774,-81.824400,-270.000000,12.408875,7.512794
57.790774,-81.824400,-270.000000,12.305490,7.593733
58.310774,-81.824400,-270.000000,12.441688,7.451525
58.830774,-81.824400,-270.000000,12.518392,7.591030
59.350774,-81.824400,-270.000000,12.252823,7.514586
59.870774,-81.824400,-270.000000,12.289917,7.516169
60.390774,-81.824400,-270.000000,11.947346,7.382440
60.910774,-81.824400,-270.000000,12.319405,7.481935
61.430774,-81.824400,-270.000000,12.296719,7.525517
61.950774,-81.824400,-270.000000,12.211452,7.506825
62.470774,-81.824400,-270.000000,12.437442,7.539324
62.990774,-81.824400,-270.000000,12.348563,7.541238
63.510774,-81.824400,-270.000000,12.403398,7.632840
64.030774,-81.824400,-270.000000,12.428316,7.532988
64.550774,-81.824400,-270.000000,12.188995,7.424203
65.070774,-81.824400,-270.000000,12.379558,7.572148
65.590774,-81.824400,-270.000000,12.337138,7.476725
66.110774,-81.824400,-270.000000,12.284465,7.460157
66.630774,-81.824400,-270.000000,12.438348,7.595752
67.150774,-81.824400,-270.000000,12.454439,7.474030
67.670774,-81.824400,-270.000000,12.196720,7.505952
68.190774,-81.824400,-270.000000,12.427894,7.490918
68.710774,-81.824400,-270.000000,12.348188,7.530353
69.230774,-81.824400,-270.000000,12.220129,7.488609
69.750774,-81.824400,-270.000000,12.439540,7.562936
70.270774,-81.824400,-270.000000,12.166083,7.478473
70.790774,-81.824400,-270.000000,12.124816,7.483809
71.310774,-81.824400,-270.000000,12.330600,7.558355
71.830774,-81.824400,-270.000000,12.267206,7.359859
72.350774,-81.824400,-270.000000,12.272863,7.453815
72.870774,-81.824400,-270.000000,12.246919,7.471936
73.390774,-81.824400,-270.000000,12.242772,7.474049
73.910774,-81.824400,-270.000000,12.359605,7.544937
74.430774,-81.824400,-270.000000,12.387273,7.458599
74.950774,-81.824400,-270.000000,12.187206,7.543043
75.470774,-81.824400,-270.000000,12.114641,7.399428
75.990774,-81.824400,-270.000000,12.414775,7.408309
13.590774,-82.344400,-269.000000,12.243037,7.159695
14.110774,-82.344400,-269.000000,12.479684,7.249923
14.630774,-82.344400,-269.000000,12.568614,7.312475
15.150774,-82.344400,-269.000000,12.155670,7.321128
15.670774,-82.344400,-269.000000,12.527739,7.406207
16.190774,-82.344400,-269.000000,12.452946,7.369562
16.710774,-82.344400,-269.000000,12.381442,7.360869
17.230774,-82.344400,-269.000000,12.523473,7.419024
17.750774,-82.344400,-269.000000,12.454440,7.336598
18.270774,-82.344400,-269.000000,12.430882,7.343029
18.790774,-82.344400,-269.000000,12.456073,7.468112
19.310774,-82.344400,-269.000000,12.310056,7.352332
19.830774,-82.344400,-269.000000,12.357539,7.393584
20.350774,-82.344400,-269.000000,12.323608,7.490387
20.870774,-82.344400,-269.000000,12.343204,7.455156
21.390774,-82.344400,-269.000000,12.315534,7.420081
21.910774,-82.344400,-269.000000,12.399526,7.439975
22.430774,-82.344400,-269.000000,12.510253,7.492612
22.950774,-82.344400,-269.000000,12.523670,7.477245
23.470774,-82.344400,-269.000000,12.683672,7.419768
23.990774,-82.344400,-269.000000,12.451291,7.419824
24.510774,-82.344400,-269.000000,12.267022,7.457420
25.030774,-82.344400,-269.000000,12.305533,7.509345
25.550774,-82.344400,-269.000000,12.398424,7.467858
26.070774,-82.344400,-269.000000,12.448892,7.495071
26.590774,-82.344400,-269.000000,12.446754,7.540391
27.110774,-82.344400,-269.000000,12.352095,7.549239
27.630774,-82.344400,-269.000000,12.376519,7.580305
28.150774,-82.344400,-269.000000,12.297156,7.425117
28.670774,-82.344400,-269.000000,12.321307,7.511323
29.190774,-82.344400,-269.000000,12.410428,7.549156
29.710774,-82.344400,-269.000000,12.352397,7.528094
30.230774,-82.344400,-269.000000,12.442698,7.512208
30.750774,-82.344400,-269.000000,12.385964,7.545322
31.270774,-82.344400,-269.000000,12.337417,7.419380
31.790774,-82.344400,-269.000000,12.285491,7.520271
32.310774,-82.344400,-269.000000,12.539394,7.537916
32.830774,-82.344400,-269.000000,12.507374,7.582029
33.350774,-82.344400,-269.000000,12.282676,7.493694
33.870774,-82.344400,-269.000000,12.130407,7.514778
34.390774,-82.344400,-269.000000,12.225388,7.505243
34.910774,-82.344400,-269.000000,12.325541,7.400964
35.430774,-82.344400,-269.000000,12.404352,7.503630
35.950774,-82.344400,-269.000000,12.223212,7.451319
36.470774,-82.344400,-269.000000,12.178267,7.470308
36.990774,-82.344400,-269.000000,12.393168,7.621631
37.510774,-82.344400,-269.000000,12.281264,7.456295
38.030774,-82.344400,-269.000000,12.370043,7.396930
38.550774,-82.344400,-269.000000,12.424928,7.579433
39.070774,-82.344400,-269.000000,12.500422,7.614154
39.590774,-82.344400,-269.000000,12.221892,7.497990
40.110774,-82.344400,-269.000000,12.383528,7.559708
40.630774,-82.344400,-269.000000,12.437168,7.580819
41.150774,-82.344400,-269.000000,12.338624,7.518116
41.670774,-82.344400,-269.000000,12.139958,7.584763
42.190774,-82.344400,-269.000000,12.480800,7.587540
42.710774,-82.344400,-269.000000,12.369593,7.465034
43.230774,-82.344400,-269.000000,12.262408,7.552409
43.750774,-82.344400,-269.000000,12.395360,7.523242
44.270774,-82.344400,-269.000000,12.458159,7.521648
44.790774,-82.344400,-269.000000,12.240143,7.528977
45.310774,-82.344400,-269.000000,12.440107,7.555657
45.830774,-82.344400,-269.000000,12.533657,7.535861
46.350774,-82.344400,-269.000000,12.302815,7.531811
46.870774,-82.344400,-269.000000,12.248996,7.514327
47.390774,-82.344400,-269.000000,12.447552,7.532955
47.910774,-82.344400,-269.000000,12.466821,7.519596
48.430774,-82.344400,-269.000000,12.250030,7.524627
48.950774,-82.344400,-269.000000,12.238232,7.569553
49.470774,-82.344400,-269.000000,12.341765,7.444580
49.990774,-82.344400,-269.000000,12.479044,7.567948
50.510774,-82.344400,-269.000000,12.234058,7.486238
51.030774,-82.344400,-269.000000,12.457530,7.582807
51.550774,-82.344400,-269.000000,12.439009,7.619825
52.070774,-82.344400,-269.000000,12.360380,7.494596
52.590774,-82.344400,-269.000000,12.497586,7.477821
53.110774,-82.344400,-269.000000,12.567172,7.565287
53.630774,-82.344400,-269.000000,12.443267,7.582546
54.150774,-82.344400,-269.000000,12.358882,7.453146
54.670774,-82.344400,-269.000000,12.516563,7.508110
55.190774,-82.344400,-269.000000,12.590051,7.612898
55.710774,-82.344400,-269.000000,12.298972,7.522583
56.230774,-82.344400,-269.000000,12.467761,7.569067
56.750774,-82.344400,-269.000000,12.254839,7.491349
57.270774,-82.344400,-269.000000,12.454160,7.490448
57.790774,-82.344400,-269.000000,12.310754,7.553659
58.310774,-82.344400,-269.000000,12.461348,7.572751
58.830774,-82.344400,-269.000000,12.438046,7.541358
59.350774,-82.344400,-269.000000,12.515843,7.559830
59.870774,-82.344400,-269.000000,12.368705,7.562672
60.390774,-82.344400,-269.000000,12.477343,7.600571
60.910774,-82.344400,-269.000000,12.428688,7.509777
61.430774,-82.344400,-269.000000,12.483620,7.542445
61.950774,-82.344400,-269.000000,12.316385,7.519529
62.470774,-82.344400,-269.000000,12.440814,7.619518
62.990774,-82.344400,-269.000000,12.499783,7.549325
63.510774,-82.344400,-269.000000,12.537688,7.569520
64.030774,-82.344400,-269.000000,12.214665,7.432484
64.550774,-82.344400,-269.000000,12.461764,7.490335
65.070774,-82.344400,-269.000000,12.658867,7.519048
65.590774,-82.344400,-269.000000,12.298930,7.497834
66.110774,-82.344400,-269.000000,12.404532,7.513301
66.630774,-82.344400,-269.000000,12.026294,7.484774
67.150774,-82.344400,-269.000000,12.385361,7.461163
67.670774,-82.344400,-269.000000,12.138442,7.535710
68.190774,-82.344400,-269.000000,12.325508,7.452040
68.710774,-82.344400,-269.000000,12.285697,7.583933
69.230774,-82.344400,-269.000000,12.524192,7.526677
69.750774,-82.344400,-269.000000,12.359365,7.541017
70.270774,-82.344400,-269.000000,12.348534,7.593213
70.790774,-82.344400,-269.000000,12.459310,7.508847
71.310774,-82.344400,-269.000000,12.589926,7.495754
71.830774,-82.344400,-269.000000,12.455054,7.473234
72.350774,-82.344400,-269.000000,12.081797,7.413285
72.870774,-82.344400,-269.000000,12.328452,7.416914
73.390774,-82.344400,-269.000000,12.523603,7.496051
73.910774,-82.344400,-269.000000,12.628733,7.489842
74.430774,-82.344400,-269.000000,12.397357,7.463480
74.950774,-82.344400,-269.000000,12.420503,7.497270
75.470774,-82.344400,-269.000000,12.410861,7.535129
75.990774,-82.344400,-269.000000,12.515059,7.519320
13.070774,-81.824400,-269.000000,12.337570,7.144623
13.590774,-81.824400,-269.000000,12.237642,7.175749
14.110774,-81.824400,-269.000000,12.460383,7.245838
14.630774,-81.824400,-269.000000,12.565877,7.319840
15.150774,-81.824400,-269.000000,12.208542,7.371643
15.670774,-81.824400,-269.000000,12.559595,7.420332
16.190774,-81.824400,-269.000000,12.387248,7.372289
16.710774,-81.824400,-269.000000,12.446648,7.395362
17.230774,-81.824400,-269.000000,12.438996,7.431296
17.750774,-81.824400,-269.000000,12.483045,7.327820
18.270774,-81.824400,-269.000000,12.350123,7.325638
18.790774,-81.824400,-269.000000,12.458797,7.480598
19.310774,-81.824400,-269.000000,12.305315,7.361738
19.830774,-81.824400,-269.000000,12.377159,7.410321
20.350774,-81.824400,-269.000000,12.373809,7.498525
20.870774,-81.824400,-269.000000,12.248195,7.473136
21.390774,-81.824400,-269.000000,12.319020,7.385113
21.910774,-81.824400,-269.000000,12.410706,7.449782
22.430774,-81.824400,-269.000000,12.449050,7.486131
22.950774,-81.824400,-269.000000,12.565382,7.496419
23.470774,-81.824400,-269.000000,12.642809,7.429801
23.990774,-81.824400,-269.000000,12.447326,7.413179
24.510774,-81.824400,-269.000000,12.250525,7.468623
25.030774,-81.824400,-269.000000,12.251403,7.524707
25.550774,-81.824400,-269.000000,12.399907,7.491818
26.070774,-81.824400,-269.000000,12.453810,7.508847
26.590774,-81.824400,-269.000000,12.413144,7.521132
27.110774,-81.824400,-269.000000,12.338132,7.542352
27.630774,-81.824400,-269.000000,12.345903,7.575481
28.150774,-81.824400,-269.000000,12.282992,7.454875
28.670774,-81.824400,-269.000000,12.374916,7.485387
29.190774,-81.824400,-269.000000,12.347831,7.521546
29.710774,-81.824400,-269.000000,12.349608,7.567125
30.230774,-81.824400,-269.000000,12.430418,7.497110
30.750774,-81.824400,-269.000000,12.347514,7.544430
31.270774,-81.824400,-269.000000,12.399800,7.435669
31.790774,-81.824400,-269.000000,12.318958,7.537857
32.310774,-81.824400,-269.000000,12.470430,7.551778
32.830774,-81.824400,-269.000000,12.588881,7.608608
33.350774,-81.824400,-269.000000,12.211936,7.484158
33.870774,-81.824400,-269.000000,12.162783,7.520811
34.390774,-81.824400,-269.000000,12.272561,7.520962
34.910774,-81.824400,-269.000000,12.258855,7.416709
35.430774,-81.824400,-269.000000,12.339414,7.500644
35.950774,-81.824400,-269.000000,12.199866,7.457847
36.470774,-81.824400,-269.000000,12.218859,7.499000
36.990774,-81.824400,-269.000000,12.345259,7.592751
37.510774,-81.824400,-269.000000,12.296031,7.477961
38.030774,-81.824400,-269.000000,12.326989,7.391909
38.550774,-81.824400,-269.000000,12.429694,7.595183
39.070774,-81.824400,-269.000000,12.406497,7.609694
39.590774,-81.824400,-269.000000,12.227443,7.507438
40.110774,-81.824400,-269.000000,12.499569,7.600152
40.630774,-81.824400,-269.000000,12.394570,7.578771
41.150774,-81.824400,-269.000000,12.389424,7.546178
41.670774,-81.824400,-269.000000,12.170002,7.611824
42.190774,-81.824400,-269.000000,12.489930,7.594233
42.710774,-81.824400,-269.000000,12.346143,7.478962
43.230774,-81.824400,-269.000000,12.158837,7.549520
43.750774,-81.824400,-269.000000,12.372957,7.540061
44.270774,-81.824400,-269.000000,12.447707,7.534675
44.790774,-81.824400,-269.000000,12.327572,7.596599
45.310774,-81.824400,-269.000000,12.365134,7.552994
45.830774,-81.824400,-269.000000,12.517638,7.536179
46.350774,-81.824400,-269.000000,12.314010,7.521250
46.870774,-81.824400,-269.000000,12.223570,7.520908
47.390774,-81.824400,-269.000000,12.344000,7.505954
47.910774,-81.824400,-269.000000,12.582068,7.525332
48.430774,-81.824400,-269.000000,12.202762,7.546636
48.950774,-81.824400,-269.000000,12.300963,7.564341
49.470774,-81.824400,-269.000000,12.274338,7.413213
49.990774,-81.824400,-269.000000,12.514422,7.588931
50.510774,-81.824400,-269.000000,12.152716,7.466526
51.030774,-81.824400,-269.000000,12.480555,7.611832
51.550774,-81.824400,-269.000000,12.380053,7.610339
52.070774,-81.824400,-269.000000,12.445315,7.520092
52.590774,-81.824400,-269.000000,12.475125,7.488646
53.110774,-81.824400,-269.000000,12.531384,7.561295
53.630774,-81.824400,-269.000000,12.451793,7.573544
54.150774,-81.824400,-269.000000,12.333901,7.456556
54.670774,-81.824400,-269.000000,12.574534,7.560402
55.190774,-81.824400,-269.000000,12.551922,7.588809
55.710774,-81.824400,-269.000000,12.270061,7.585060
56.230774,-81.824400,-269.000000,12.457916,7.557050
56.750774,-81.824400,-269.000000,12.329320,7.535752
57.270774,-81.824400,-269.000000,12.443684,7.513335
57.790774,-81.824400,-269.000000,12.399020,7.571799
58.310774,-81.824400,-269.000000,12.438358,7.580763
58.830774,-81.824400,-269.000000,12.393570,7.542832
59.350774,-81.824400,-269.000000,12.477715,7.562174
59.870774,-81.824400,-269.000000,12.325016,7.571435
60.390774,-81.824400,-269.000000,12.410385,7.583978
60.910774,-81.824400,-269.000000,12.486402,7.537530
61.430774,-81.824400,-269.000000,12.501687,7.544652
61.950774,-81.824400,-269.000000,12.308617,7.509420
62.470774,-81.824400,-269.000000,12.464336,7.597108
62.990774,-81.824400,-269.000000,12.348066,7.513478
63.510774,-81.824400,-269.000000,12.572154,7.572342
64.030774,-81.824400,-269.000000,12.210224,7.463665
64.550774,-81.824400,-269.000000,12.473872,7.485511
65.070774,-81.824400,-269.000000,12.621601,7.512767
65.590774,-81.824400,-269.000000,12.325660,7.523250
66.110774,-81.824400,-269.000000,12.344419,7.496301
66.630774,-81.824400,-269.000000,12.060969,7.498151
67.150774,-81.824400,-269.000000,12.356359,7.504833
67.670774,-81.824400,-269.000000,12.137421,7.518838
68.190774,-81.824400,-269.000000,12.313872,7.466848
68.710774,-81.824400,-269.000000,12.290144,7.593877
69.230774,-81.824400,-269.000000,12.480632,7.517187
69.750774,-81.824400,-269.000000,12.365097,7.528471
70.270774,-81.824400,-269.000000,12.325507,7.606623
70.790774,-81.824400,-269.000000,12.486507,7.509411
71.310774,-81.824400,-269.000000,12.522574,7.499623
71.830774,-81.824400,-269.000000,12.424823,7.472953
72.350774,-81.824400,-269.000000,12.111743,7.417013
72.870774,-81.824400,-269.000000,12.289355,7.440269
73.390774,-81.824400,-269.000000,12.614929,7.516167
73.910774,-81.824400,-269.000000,12.573654,7.504115
74.430774,-81.824400,-269.000000,12.349786,7.451197
74.950774,-81.824400,-269.000000,12.358401,7.519657
75.470774,-81.824400,-269.000000,12.388950,7.501825
75.990774,-81.824400,-269.000000,12.602239,7.554452
13.590774,-82.344400,-268.000000,12.437221,7.211989
14.110774,-82.344400,-268.000000,12.535953,7.267896
14.630774,-82.344400,-268.000000,12.547225,7.328924
15.150774,-82.344400,-268.000000,12.598083,7.405648
15.670774,-82.344400,-268.000000,12.173157,7.354558
16.190774,-82.344400,-268.000000,12.336776,7.344230
16.710774,-82.344400,-268.000000,12.496864,7.360754
17.230774,-82.344400,-268.000000,12.253839,7.428002
17.750774,-82.344400,-268.000000,12.493573,7.423486
18.270774,-82.344400,-268.000000,12.368677,7.426506
18.790774,-82.344400,-268.000000,12.509458,7.378783
19.310774,-82.344400,-268.000000,12.308237,7.420688
19.830774,-82.344400,-268.000000,12.207279,7.432143
20.350774,-82.344400,-268.000000,12.409083,7.395760
20.870774,-82.344400,-268.000000,12.322901,7.407772
21.390774,-82.344400,-268.000000,12.459438,7.605081
21.910774,-82.344400,-268.000000,12.512128,7.520376
22.430774,-82.344400,-268.000000,12.314423,7.387160
22.950774,-82.344400,-268.000000,12.341742,7.485055
23.470774,-82.344400,-268.000000,12.493352,7.453311
23.990774,-82.344400,-268.000000,12.450046,7.467510
24.510774,-82.344400,-268.000000,12.578854,7.437961
25.030774,-82.344400,-268.000000,12.321284,7.463873
25.550774,-82.344400,-268.000000,12.163477,7.435525
26.070774,-82.344400,-268.000000,12.433585,7.493655
26.590774,-82.344400,-268.000000,12.406877,7.441047
27.110774,-82.344400,-268.000000,12.266528,7.522828
27.630774,-82.344400,-268.000000,12.156708,7.449621
28.150774,-82.344400,-268.000000,12.554893,7.495915
28.670774,-82.344400,-268.000000,12.424356,7.532598
29.190774,-82.344400,-268.000000,12.422636,7.510666
29.710774,-82.344400,-268.000000,12.592339,7.540360
30.230774,-82.344400,-268.000000,12.373674,7.520942
30.750774,-82.344400,-268.000000,12.284099,7.517995
31.270774,-82.344400,-268.000000,12.298288,7.460320
31.790774,-82.344400,-268.000000,12.391826,7.424989
32.310774,-82.344400,-268.000000,12.397734,7.419274
32.830774,-82.344400,-268.000000,12.150707,7.473375
33.350774,-82.344400,-268.000000,12.228015,7.519456
33.870774,-82.344400,-268.000000,12.277446,7.541431
34.390774,-82.344400,-268.000000,12.424912,7.497636
34.910774,-82.344400,-268.000000,12.376287,7.481659
35.430774,-82.344400,-268.000000,12.358512,7.541306
35.950774,-82.344400,-268.000000,12.487062,7.490523
36.470774,-82.344400,-268.000000,12.297775,7.522168
36.990774,-82.344400,-268.000000,12.526214,7.532286
37.510774,-82.344400,-268.000000,12.318974,7.544920
38.030774,-82.344400,-268.000000,12.694248,7.567285
38.550774,-82.344400,-268.000000,12.525262,7.543218
39.070774,-82.344400,-268.000000,12.681616,7.585578
39.590774,-82.344400,-268.000000,12.581779,7.638577
40.110774,-82.344400,-268.000000,12.564602,7.589890
40.630774,-82.344400,-268.000000,12.110452,7.449553
41.150774,-82.344400,-268.000000,12.225689,7.471678
41.670774,-82.344400,-268.000000,12.278245,7.485431
42.190774,-82.344400,-268.000000,12.464050,7.546297
42.710774,-82.344400,-268.000000,12.172490,7.513029
43.230774,-82.344400,-268.000000,12.148101,7.486758
43.750774,-82.344400,-268.000000,12.371848,7.548826
44.270774,-82.344400,-268.000000,12.314626,7.440469
44.790774,-82.344400,-268.000000,12.610179,7.577094
45.310774,-82.344400,-268.000000,12.522141,7.562454
45.830774,-82.344400,-268.000000,12.501006,7.567996
46.350774,-82.344400,-268.000000,12.491366,7.644932
46.870774,-82.344400,-268.000000,12.427264,7.493632
47.390774,-82.344400,-268.000000,12.187439,7.516936
47.910774,-82.344400,-268.000000,12.223799,7.509501
48.430774,-82.344400,-268.000000,12.408587,7.557692
48.950774,-82.344400,-268.000000,12.383299,7.502068
49.470774,-82.344400,-268.000000,12.363686,7.573591
49.990774,-82.344400,-268.000000,12.396131,7.577698
50.510774,-82.344400,-268.000000,12.268718,7.539534
51.030774,-82.344400,-268.000000,12.542738,7.546919
51.550774,-82.344400,-268.000000,12.275615,7.442634
52.070774,-82.344400,-268.000000,12.457232,7.529516
52.590774,-82.344400,-268.000000,12.260223,7.529443
53.110774,-82.344400,-268.000000,12.364622,7.529463
53.630774,-82.344400,-268.000000,12.604690,7.584098
54.150774,-82.344400,-268.000000,12.297412,7.518718
54.670774,-82.344400,-268.000000,12.411922,7.604709
55.190774,-82.344400,-268.000000,12.738508,7.642340
55.710774,-82.344400,-268.000000,12.515464,7.481270
56.230774,-82.344400,-268.000000,12.218955,7.478092
56.750774,-82.344400,-268.000000,12.506126,7.570099
57.270774,-82.344400,-268.000000,12.420451,7.645262
57.790774,-82.344400,-268.000000,12.299258,7.513828
58.310774,-82.344400,-268.000000,12.386642,7.512251
58.830774,-82.344400,-268.000000,12.284490,7.495185
59.350774,-82.344400,-268.000000,12.263848,7.477446
59.870774,-82.344400,-268.000000,12.321918,7.481483
60.390774,-82.344400,-268.000000,12.306939,7.597080
60.910774,-82.344400,-268.000000,12.353520,7.521196
61.430774,-82.344400,-268.000000,12.426816,7.562230
61.950774,-82.344400,-268.000000,12.234218,7.435844
62.470774,-82.344400,-268.000000,12.568017,7.597937
62.990774,-82.344400,-268.000000,12.479526,7.609694
63.510774,-82.344400,-268.000000,12.292992,7.457840
64.030774,-82.344400,-268.000000,12.525589,7.524565
64.550774,-82.344400,-268.000000,12.281035,7.572238
65.070774,-82.344400,-268.000000,12.457627,7.542573
65.590774,-82.344400,-268.000000,12.345883,7.449177
66.110774,-82.344400,-268.000000,12.205708,7.512654
66.630774,-82.344400,-268.000000,12.389281,7.546486
67.150774,-82.344400,-268.000000,12.228641,7.461902
67.670774,-82.344400,-268.000000,12.346541,7.472726
68.190774,-82.344400,-268.000000,12.491728,7.632647
68.710774,-82.344400,-268.000000,12.291153,7.533088
69.230774,-82.344400,-268.000000,12.320974,7.565735
69.750774,-82.344400,-268.000000,12.390308,7.476581
70.270774,-82.344400,-268.000000,12.513270,7.473816
70.790774,-82.344400,-268.000000,12.330400,7.506630
71.310774,-82.344400,-268.000000,12.458343,7.514414
71.830774,-82.344400,-268.000000,12.219382,7.529724
72.350774,-82.344400,-268.000000,12.394228,7.495677
72.870774,-82.344400,-268.000000,12.200606,7.586027
73.390774,-82.344400,-268.000000,12.267398,7.452576
73.910774,-82.344400,-268.000000,12.412725,7.526726
74.430774,-82.344400,-268.000000,12.310423,7.453357
74.950774,-82.344400,-268.000000,12.222178,7.456945
75.470774,-82.344400,-268.000000,12.439186,7.498315
75.990774,-82.344400,-268.000000,12.353046,7.424569
13.070774,-81.824400,-268.000000,12.699504,7.190580
13.590774,-81.824400,-268.000000,12.332090,7.211716
14.110774,-81.824400,-268.000000,12.498706,7.248682
14.630774,-81.824400,-268.000000,12.556998,7.350910
15.150774,-81.824400,-268.000000,12.535857,7.374369
15.670774,-81.824400,-268.000000,12.226759,7.364672
16.190774,-81.824400,-268.000000,12.343368,7.343263
16.710774,-81.824400,-268.000000,12.450868,7.366113
17.230774,-81.824400,-268.000000,12.226349,7.427964
17.750774,-81.824400,-268.000000,12.498927,7.436760
18.270774,-81.824400,-268.000000,12.343765,7.418501
18.790774,-81.824400,-268.000000,12.547445,7.386353
19.310774,-81.824400,-268.000000,12.274071,7.423942
19.830774,-81.824400,-268.000000,12.172206,7.430248
20.350774,-81.824400,-268.000000,12.394808,7.387829
20.870774,-81.824400,-268.000000,12.352070,7.409443
21.390774,-81.824400,-268.000000,12.387634,7.552544
21.910774,-81.824400,-268.000000,12.487308,7.533487
22.430774,-81.824400,-268.000000,12.384613,7.427279
22.950774,-81.824400,-268.000000,12.343732,7.489520
23.470774,-81.824400,-268.000000,12.478145,7.455281
23.990774,-81.824400,-268.000000,12.473887,7.504079
24.510774,-81.824400,-268.000000,12.526176,7.461553
25.030774,-81.824400,-268.000000,12.436893,7.483590
25.550774,-81.824400,-268.000000,12.121247,7.428500
26.070774,-81.824400,-268.000000,12.416990,7.485307
26.590774,-81.824400,-268.000000,12.412396,7.435699
27.110774,-81.824400,-268.000000,12.275420,7.548579
27.630774,-81.824400,-268.000000,12.214564,7.442830
28.150774,-81.824400,-268.000000,12.412238,7.499562
28.670774,-81.824400,-268.000000,12.498806,7.556534
29.190774,-81.824400,-268.000000,12.467745,7.521233
29.710774,-81.824400,-268.000000,12.522589,7.515571
30.230774,-81.824400,-268.000000,12.421039,7.563145
30.750774,-81.824400,-268.000000,12.386851,7.535079
31.270774,-81.824400,-268.000000,12.257740,7.482515
31.790774,-81.824400,-268.000000,12.386570,7.412119
32.310774,-81.824400,-268.000000,12.419211,7.451706
32.830774,-81.824400,-268.000000,12.158134,7.517492
33.350774,-81.824400,-268.000000,12.276444,7.527820
33.870774,-81.824400,-268.000000,12.208923,7.562787
34.390774,-81.824400,-268.000000,12.458838,7.489504
34.910774,-81.824400,-268.000000,12.316450,7.473683
35.430774,-81.824400,-268.000000,12.263273,7.505748
35.950774,-81.824400,-268.000000,12.526607,7.519423
36.470774,-81.824400,-268.000000,12.316093,7.528161
36.990774,-81.824400,-268.000000,12.485476,7.531800
37.510774,-81.824400,-268.000000,12.368327,7.567533
38.030774,-81.824400,-268.000000,12.643117,7.566278
38.550774,-81.824400,-268.000000,12.477344,7.570377
39.070774,-81.824400,-268.000000,12.648978,7.611234
39.590774,-81.824400,-268.000000,12.565922,7.634524
40.110774,-81.824400,-268.000000,12.424813,7.589308
40.630774,-81.824400,-268.000000,12.135582,7.463630
41.150774,-81.824400,-268.000000,12.215089,7.476649
41.670774,-81.824400,-268.000000,12.240169,7.494374
42.190774,-81.824400,-268.000000,12.379172,7.563763
42.710774,-81.824400,-268.000000,12.137014,7.511321
43.230774,-81.824400,-268.000000,12.183802,7.497993
43.750774,-81.824400,-268.000000,12.362639,7.560445
44.270774,-81.824400,-268.000000,12.277846,7.445862
44.790774,-81.824400,-268.000000,12.586664,7.567298
45.310774,-81.824400,-268.000000,12.519278,7.538214
45.830774,-81.824400,-268.000000,12.470037,7.607956
46.350774,-81.824400,-268.000000,12.441857,7.627010
46.870774,-81.824400,-268.000000,12.385427,7.514387
47.390774,-81.824400,-268.000000,12.310199,7.543216
47.910774,-81.824400,-268.000000,12.153839,7.511397
48.430774,-81.824400,-268.000000,12.419044,7.566468
48.950774,-81.824400,-268.000000,12.332040,7.491867
49.470774,-81.824400,-268.000000,12.354339,7.584816
49.990774,-81.824400,-268.000000,12.413079,7.569777
50.510774,-81.824400,-268.000000,12.194168,7.551008
51.030774,-81.824400,-268.000000,12.601759,7.586850
51.550774,-81.824400,-268.000000,12.273170,7.440812
52.070774,-81.824400,-268.000000,12.403366,7.538134
52.590774,-81.824400,-268.000000,12.265053,7.553216
53.110774,-81.824400,-268.000000,12.410795,7.551364
53.630774,-81.824400,-268.000000,12.584694,7.576015
54.150774,-81.824400,-268.000000,12.264264,7.483346
54.670774,-81.824400,-268.000000,12.408668,7.583148
55.190774,-81.824400,-268.000000,12.676186,7.657443
55.710774,-81.824400,-268.000000,12.468397,7.470110
56.230774,-81.824400,-268.000000,12.274947,7.470901
56.750774,-81.824400,-268.000000,12.547129,7.608657
57.270774,-81.824400,-268.000000,12.384765,7.645306
57.790774,-81.824400,-268.000000,12.291229,7.523994
58.310774,-81.824400,-268.000000,12.368274,7.513525
58.830774,-81.824400,-268.000000,12.288498,7.520631
59.350774,-81.824400,-268.000000,12.331122,7.479754
59.870774,-81.824400,-268.000000,12.263254,7.509021
60.390774,-81.824400,-268.000000,12.306513,7.604928
60.910774,-81.824400,-268.000000,12.337131,7.517505
61.430774,-81.824400,-268.000000,12.434033,7.546008
61.950774,-81.824400,-268.000000,12.218960,7.460313
62.470774,-81.824400,-268.000000,12.540856,7.587667
62.990774,-81.824400,-268.000000,12.453231,7.613002
63.510774,-81.824400,-268.000000,12.260684,7.471047
64.030774,-81.824400,-268.000000,12.512691,7.548397
64.550774,-81.824400,-268.000000,12.296277,7.548007
65.070774,-81.824400,-268.000000,12.410028,7.514970
65.590774,-81.824400,-268.000000,12.396360,7.476249
66.110774,-81.824400,-268.000000,12.202789,7.513103
66.630774,-81.824400,-268.000000,12.384356,7.562056
67.150774,-81.824400,-268.000000,12.322297,7.473398
67.670774,-81.824400,-268.000000,12.314754,7.482754
68.190774,-81.824400,-268.000000,12.532274,7.658908
68.710774,-81.824400,-268.000000,12.301810,7.526019
69.230774,-81.824400,-268.000000,12.359983,7.590271
69.750774,-81.824400,-268.000000,12.344717,7.482122
70.270774,-81.824400,-268.000000,12.474959,7.491624
70.790774,-81.824400,-268.000000,12.358542,7.494089
71.310774,-81.824400,-268.000000,12.423107,7.521462
71.830774,-81.824400,-268.000000,12.199600,7.553958
72.350774,-81.824400,-268.000000,12.432549,7.520898
72.870774,-81.824400,-268.000000,12.172801,7.595891
73.390774,-81.824400,-268.000000,12.212322,7.456842
73.910774,-81.824400,-268.000000,12.345630,7.524558
74.430774,-81.824400,-268.000000,12.335118,7.458055
74.950774,-81.824400,-268.000000,12.252934,7.457802
75.470774,-81.824400,-268.000000,12.424914,7.509750
75.990774,-81.824400,-268.000000,12.310615,7.427082
75.990774,-81.304400,-268.000000,12.289090,7.424472
13.590774,-82.344400,-267.000000,12.148864,7.179438
14.110774,-82.344400,-267.000000,12.383708,7.285159
14.630774,-82.344400,-267.000000,12.108010,7.242191
15.150774,-82.344400,-267.000000,12.446582,7.354004
15.670774,-82.344400,-267.000000,12.310493,7.324513
16.190774,-82.344400,-267.000000,12.267219,7.416727
16.710774,-82.344400,-267.000000,12.402180,7.344753
17.230774,-82.344400,-267.000000,12.360583,7.401037
17.750774,-82.344400,-267.000000,12.476150,7.384664
18.270774,-82.344400,-267.000000,12.459736,7.424831
18.790774,-82.344400,-267.000000,12.653578,7.450019
19.310774,-82.344400,-267.000000,12.353761,7.380718
19.830774,-82.344400,-267.000000,12.376420,7.430351
20.350774,-82.344400,-267.000000,12.300540,7.457000
20.870774,-82.344400,-267.000000,12.357562,7.366767
21.390774,-82.344400,-267.000000,12.188201,7.426584
21.910774,-82.344400,-267.000000,12.410649,7.387139
22.430774,-82.344400,-267.000000,12.465544,7.552376
22.950774,-82.344400,-267.000000,12.427072,7.462823
23.470774,-82.344400,-267.000000,12.360823,7.494365
23.990774,-82.344400,-267.000000,12.343060,7.517956
24.510774,-82.344400,-267.000000,12.277987,7.429296
25.030774,-82.344400,-267.000000,12.185562,7.479388
25.550774,-82.344400,-267.000000,12.358645,7.496275
26.070774,-82.344400,-267.000000,12.383037,7.432859
26.590774,-82.344400,-267.000000,12.250068,7.417830
27.110774,-82.344400,-267.000000,12.498559,7.535750
27.630774,-82.344400,-267.000000,12.547507,7.452604
28.150774,-82.344400,-267.000000,12.250342,7.526694
28.670774,-82.344400,-267.000000,12.386921,7.453843
29.190774,-82.344400,-267.000000,12.437680,7.509862
29.710774,-82.344400,-267.000000,12.192023,7.432199
30.230774,-82.344400,-267.000000,12.564008,7.480692
30.750774,-82.344400,-267.000000,12.404226,7.500419
31.270774,-82.344400,-267.000000,12.488202,7.508266
31.790774,-82.344400,-267.000000,12.519322,7.568890
32.310774,-82.344400,-267.000000,12.433761,7.509969
32.830774,-82.344400,-267.000000,12.423497,7.497751
33.350774,-82.344400,-267.000000,12.397738,7.464465
33.870774,-82.344400,-267.000000,12.339814,7.446811
34.390774,-82.344400,-267.000000,12.658731,7.529792
34.910774,-82.344400,-267.000000,12.326888,7.529799
35.430774,-82.344400,-267.000000,12.297019,7.473188
35.950774,-82.344400,-267.000000,12.655902,7.634027
36.470774,-82.344400,-267.000000,12.371474,7.452784
36.990774,-82.344400,-267.000000,12.240132,7.507961
37.510774,-82.344400,-267.000000,12.343513,7.522156
38.030774,-82.344400,-267.000000,12.351778,7.543839
38.550774,-82.344400,-267.000000,12.525116,7.578899
39.070774,-82.344400,-267.000000,12.288777,7.495750
39.590774,-82.344400,-267.000000,12.221957,7.507790
40.110774,-82.344400,-267.000000,12.616455,7.540587
40.630774,-82.344400,-267.000000,12.340442,7.503262
41.150774,-82.344400,-267.000000,12.357921,7.612161
41.670774,-82.344400,-267.000000,12.493925,7.550934
42.190774,-82.344400,-267.000000,12.355128,7.511672
42.710774,-82.344400,-267.000000,12.279470,7.495007
43.230774,-82.344400,-267.000000,12.395873,7.473905
43.750774,-82.344400,-267.000000,12.454648,7.507901
44.270774,-82.344400,-267.000000,12.332074,7.572873
44.790774,-82.344400,-267.000000,12.273207,7.568831
45.310774,-82.344400,-267.000000,12.569128,7.626978
45.830774,-82.344400,-267.000000,12.685168,7.623797
46.350774,-82.344400,-267.000000,12.321665,7.598012
46.870774,-82.344400,-267.000000,12.228418,7.436470
47.390774,-82.344400,-267.000000,12.286519,7.492783
47.910774,-82.344400,-267.000000,12.411811,7.494568
48.430774,-82.344400,-267.000000,12.169982,7.526660
48.950774,-82.344400,-267.000000,12.350898,7.518674
49.470774,-82.344400,-267.000000,12.300317,7.550401
49.990774,-82.344400,-267.000000,12.633462,7.538702
50.510774,-82.344400,-267.000000,12.703795,7.594184
51.030774,-82.344400,-267.000000,12.562029,7.527299
51.550774,-82.344400,-267.000000,12.419475,7.480966
52.070774,-82.344400,-267.000000,12.491101,7.554150
52.590774,-82.344400,-267.000000,12.423798,7.554291
53.110774,-82.344400,-267.000000,12.568667,7.565588
53.630774,-82.344400,-267.000000,12.211514,7.507881
54.150774,-82.344400,-267.000000,12.398517,7.506276
54.670774,-82.344400,-267.000000,12.367920,7.545701
55.190774,-82.344400,-267.000000,12.411391,7.475087
55.710774,-82.344400,-267.000000,12.217598,7.581439
56.230774,-82.344400,-267.000000,12.441707,7.587751
56.750774,-82.344400,-267.000000,12.171890,7.481882
57.270774,-82.344400,-267.000000,12.181355,7.549407
57.790774,-82.344400,-267.000000,12.193159,7.454601
58.310774,-82.344400,-267.000000,12.443276,7.540684
58.830774,-82.344400,-267.000000,12.343772,7.538633
59.350774,-82.344400,-267.000000,12.689333,7.536553
59.870774,-82.344400,-267.000000,12.116245,7.493543
60.390774,-82.344400,-267.000000,12.480954,7.560718
60.910774,-82.344400,-267.000000,12.459178,7.432755
61.430774,-82.344400,-267.000000,12.368883,7.513256
61.950774,-82.344400,-267.000000,12.201877,7.515696
62.470774,-82.344400,-267.000000,12.340738,7.491292
62.990774,-82.344400,-267.000000,12.577151,7.544466
63.510774,-82.344400,-267.000000,12.461247,7.523142
64.030774,-82.344400,-267.000000,12.496535,7.580537
64.550774,-82.344400,-267.000000,12.123101,7.541005
65.070774,-82.344400,-267.000000,12.437868,7.593259
65.590774,-82.344400,-267.000000,12.682662,7.484907
66.110774,-82.344400,-267.000000,12.415614,7.556054
66.630774,-82.344400,-267.000000,12.198941,7.562777
67.150774,-82.344400,-267.000000,12.451225,7.550153
67.670774,-82.344400,-267.000000,12.276176,7.423050
68.190774,-82.344400,-267.000000,12.580567,7.565902
68.710774,-82.344400,-267.000000,12.574673,7.571424
69.230774,-82.344400,-267.000000,12.467243,7.567616
69.750774,-82.344400,-267.000000,12.521473,7.543741
70.270774,-82.344400,-267.000000,12.434863,7.561766
70.790774,-82.344400,-267.000000,12.469115,7.591259
71.310774,-82.344400,-267.000000,12.425600,7.554608
71.830774,-82.344400,-267.000000,12.307319,7.516255
72.350774,-82.344400,-267.000000,12.447390,7.466551
72.870774,-82.344400,-267.000000,12.427010,7.491709
73.390774,-82.344400,-267.000000,12.391360,7.546793
73.910774,-82.344400,-267.000000,12.366740,7.555753
74.430774,-82.344400,-267.000000,12.412588,7.540994
74.950774,-82.344400,-267.000000,12.370751,7.511332
75.470774,-82.344400,-267.000000,12.357447,7.456353
75.990774,-82.344400,-267.000000,12.475443,7.476667
13.070774,-81.824400,-267.000000,12.457202,7.190727
13.590774,-81.824400,-267.000000,12.174339,7.174385
14.110774,-81.824400,-267.000000,12.309392,7.285828
14.630774,-81.824400,-267.000000,12.060247,7.230549
15.150774,-81.824400,-267.000000,12.444390,7.358160
15.670774,-81.824400,-267.000000,12.300732,7.334109
16.190774,-81.824400,-267.000000,12.327539,7.426888
16.710774,-81.824400,-267.000000,12.427525,7.368936
17.230774,-81.824400,-267.000000,12.270834,7.386790
17.750774,-81.824400,-267.000000,12.426732,7.375729
18.270774,-81.824400,-267.000000,12.404555,7.437571
18.790774,-81.824400,-267.000000,12.599011,7.426880
19.310774,-81.824400,-267.000000,12.451696,7.439753
19.830774,-81.824400,-267.000000,12.400867,7.432153
20.350774,-81.824400,-267.000000,12.249442,7.445259
20.870774,-81.824400,-267.000000,12.318583,7.383763
21.390774,-81.824400,-267.000000,12.217447,7.474480
21.910774,-81.824400,-267.000000,12.308961,7.369577
22.430774,-81.824400,-267.000000,12.464894,7.549509
22.950774,-81.824400,-267.000000,12.456508,7.477268
23.470774,-81.824400,-267.000000,12.325877,7.494658
23.990774,-81.824400,-267.000000,12.377677,7.551880
24.510774,-81.824400,-267.000000,12.355052,7.418130
25.030774,-81.824400,-267.000000,12.149829,7.471107
25.550774,-81.824400,-267.000000,12.277758,7.505106
26.070774,-81.824400,-267.000000,12.350700,7.429996
26.590774,-81.824400,-267.000000,12.247484,7.465281
27.110774,-81.824400,-267.000000,12.529510,7.571383
27.630774,-81.824400,-267.000000,12.580260,7.461023
28.150774,-81.824400,-267.000000,12.284830,7.531628
28.670774,-81.824400,-267.000000,12.331525,7.445283
29.190774,-81.824400,-267.000000,12.368415,7.473013
29.710774,-81.824400,-267.000000,12.178258,7.444111
30.230774,-81.824400,-267.000000,12.551193,7.487119
30.750774,-81.824400,-267.000000,12.458999,7.500337
31.270774,-81.824400,-267.000000,12.372717,7.491203
31.790774,-81.824400,-267.000000,12.528210,7.593486
32.310774,-81.824400,-267.000000,12.357801,7.516213
32.830774,-81.824400,-267.000000,12.423984,7.481400
33.350774,-81.824400,-267.000000,12.353949,7.466907
33.870774,-81.824400,-267.000000,12.309097,7.496655
34.390774,-81.824400,-267.000000,12.704983,7.515344
34.910774,-81.824400,-267.000000,12.286410,7.554090
35.430774,-81.824400,-267.000000,12.294784,7.464927
35.950774,-81.824400,-267.000000,12.658779,7.644002
36.470774,-81.824400,-267.000000,12.342842,7.464229
36.990774,-81.824400,-267.000000,12.179169,7.492321
37.510774,-81.824400,-267.000000,12.325843,7.525446
38.030774,-81.824400,-267.000000,12.370732,7.572402
38.550774,-81.824400,-267.000000,12.480744,7.554322
39.070774,-81.824400,-267.000000,12.398347,7.513538
39.590774,-81.824400,-267.000000,12.198704,7.509086
40.110774,-81.824400,-267.000000,12.551482,7.539730
40.630774,-81.824400,-267.000000,12.301172,7.539871
41.150774,-81.824400,-267.000000,12.391232,7.600019
41.670774,-81.824400,-267.000000,12.423938,7.541059
42.190774,-81.824400,-267.000000,12.393016,7.533284
42.710774,-81.824400,-267.000000,12.302540,7.536201
43.230774,-81.824400,-267.000000,12.382209,7.463928
43.750774,-81.824400,-267.000000,12.409624,7.537906
44.270774,-81.824400,-267.000000,12.259563,7.537386
44.790774,-81.824400,-267.000000,12.247136,7.582997
45.310774,-81.824400,-267.000000,12.597021,7.631356
45.830774,-81.824400,-267.000000,12.629169,7.617772
46.350774,-81.824400,-267.000000,12.364058,7.597764
46.870774,-81.824400,-267.000000,12.183356,7.451744
47.390774,-81.824400,-267.000000,12.317057,7.529551
47.910774,-81.824400,-267.000000,12.317481,7.497550
48.430774,-81.824400,-267.000000,12.197800,7.539026
48.950774,-81.824400,-267.000000,12.342216,7.517063
49.470774,-81.824400,-267.000000,12.279064,7.568370
49.990774,-81.824400,-267.000000,12.579241,7.545779
50.510774,-81.824400,-267.000000,12.681396,7.607833
51.030774,-81.824400,-267.000000,12.459217,7.529799
51.550774,-81.824400,-267.000000,12.469793,7.459510
52.070774,-81.824400,-267.000000,12.482429,7.586623
52.590774,-81.824400,-267.000000,12.399815,7.551059
53.110774,-81.824400,-267.000000,12.471992,7.559824
53.630774,-81.824400,-267.000000,12.305110,7.539856
54.150774,-81.824400,-267.000000,12.310512,7.522788
54.670774,-81.824400,-267.000000,12.391349,7.574738
55.190774,-81.824400,-267.000000,12.406951,7.499760
55.710774,-81.824400,-267.000000,12.273093,7.586603
56.230774,-81.824400,-267.000000,12.381568,7.606449
56.750774,-81.824400,-267.000000,12.176185,7.482809
57.270774,-81.824400,-267.000000,12.226097,7.518745
57.790774,-81.824400,-267.000000,12.161961,7.481489
58.310774,-81.824400,-267.000000,12.419753,7.549026
58.830774,-81.824400,-267.000000,12.265826,7.534189
59.350774,-81.824400,-267.000000,12.627974,7.572004
59.870774,-81.824400,-267.000000,12.158986,7.483695
60.390774,-81.824400,-267.000000,12.430785,7.549678
60.910774,-81.824400,-267.000000,12.474932,7.492909
61.430774,-81.824400,-267.000000,12.305217,7.510056
61.950774,-81.824400,-267.000000,12.191230,7.518385
62.470774,-81.824400,-267.000000,12.334117,7.480022
62.990774,-81.824400,-267.000000,12.495286,7.551675
63.510774,-81.824400,-267.000000,12.571582,7.558414
64.030774,-81.824400,-267.000000,12.430238,7.533472
64.550774,-81.824400,-267.000000,12.131480,7.570215
65.070774,-81.824400,-267.000000,12.447936,7.598401
65.590774,-81.824400,-267.000000,12.633285,7.487525
66.110774,-81.824400,-267.000000,12.424094,7.598897
66.630774,-81.824400,-267.000000,12.209535,7.560661
67.150774,-81.824400,-267.000000,12.403389,7.565272
67.670774,-81.824400,-267.000000,12.330888,7.448357
68.190774,-81.824400,-267.000000,12.472735,7.556314
68.710774,-81.824400,-267.000000,12.569716,7.578193
69.230774,-81.824400,-267.000000,12.481086,7.551870
69.750774,-81.824400,-267.000000,12.504060,7.544781
70.270774,-81.824400,-267.000000,12.427474,7.555898
70.790774,-81.824400,-267.000000,12.427705,7.607805
71.310774,-81.824400,-267.000000,12.429049,7.566136
71.830774,-81.824400,-267.000000,12.251956,7.528327
72.350774,-81.824400,-267.000000,12.413061,7.450259
72.870774,-81.824400,-267.000000,12.419726,7.521633
73.390774,-81.824400,-267.000000,12.394189,7.567020
73.910774,-81.824400,-267.000000,12.332365,7.548156
74.430774,-81.824400,-267.000000,12.469751,7.574409
74.950774,-81.824400,-267.000000,12.337907,7.532098
75.470774,-81.824400,-267.000000,12.358962,7.469947
75.990774,-81.824400,-267.000000,12.411883,7.500400
75.990774,-81.304400,-267.000000,12.306567,7.481544
13.070774,-82.344400,-266.000000,12.663692,7.235376
13.590774,-82.344400,-266.000000,12.154620,7.156741
14.110774,-82.344400,-266.000000,12.291683,7.221560
14.630774,-82.344400,-266.000000,12.205711,7.245763
15.150774,-82.344400,-266.000000,12.524831,7.303653
15.670774,-82.344400,-266.000000,12.430760,7.278840
16.190774,-82.344400,-266.000000,12.291850,7.377885
16.710774,-82.344400,-266.000000,12.655743,7.474177
17.230774,-82.344400,-266.000000,12.572899,7.374002
17.750774,-82.344400,-266.000000,12.476615,7.401564
18.270774,-82.344400,-266.000000,12.244988,7.313712
18.790774,-82.344400,-266.000000,12.381332,7.402008
19.310774,-82.344400,-266.000000,12.360156,7.490313
19.830774,-82.344400,-266.000000,12.066616,7.320304
20.350774,-82.344400,-266.000000,12.601954,7.512734
20.870774,-82.344400,-266.000000,12.428058,7.422445
21.390774,-82.344400,-266.000000,12.377332,7.513818
21.910774,-82.344400,-266.000000,12.223519,7.418177
22.430774,-82.344400,-266.000000,12.292823,7.405540
22.950774,-82.344400,-266.000000,11.978232,7.447932
23.470774,-82.344400,-266.000000,12.253323,7.443909
23.990774,-82.344400,-266.000000,12.268129,7.466521
24.510774,-82.344400,-266.000000,12.444049,7.423500
25.030774,-82.344400,-266.000000,12.474559,7.473741
25.550774,-82.344400,-266.000000,12.441861,7.533194
26.070774,-82.344400,-266.000000,12.566333,7.515935
26.590774,-82.344400,-266.000000,12.289428,7.455721
27.110774,-82.344400,-266.000000,12.468472,7.460387
27.630774,-82.344400,-266.000000,12.314142,7.537466
28.150774,-82.344400,-266.000000,12.347179,7.565467
28.670774,-82.344400,-266.000000,12.430395,7.445635
29.190774,-82.344400,-266.000000,12.367594,7.468103
29.710774,-82.344400,-266.000000,12.537308,7.619554
30.230774,-82.344400,-266.000000,12.356608,7.371866
30.750774,-82.344400,-266.000000,12.447077,7.517202
31.270774,-82.344400,-266.000000,12.242723,7.435083
31.790774,-82.344400,-266.000000,12.326370,7.488054
32.310774,-82.344400,-266.000000,12.292676,7.510036
32.830774,-82.344400,-266.000000,12.283061,7.456002
33.350774,-82.344400,-266.000000,12.186599,7.443663
33.870774,-82.344400,-266.000000,12.477403,7.568121
34.390774,-82.344400,-266.000000,12.337832,7.585843
34.910774,-82.344400,-266.000000,12.514800,7.555524
35.430774,-82.344400,-266.000000,12.415462,7.490971
35.950774,-82.344400,-266.000000,12.457004,7.498600
36.470774,-82.344400,-266.000000,12.235769,7.549731
36.990774,-82.344400,-266.000000,12.140068,7.494812
37.510774,-82.344400,-266.000000,12.221526,7.494945
38.030774,-82.344400,-266.000000,12.315166,7.524064
38.550774,-82.344400,-266.000000,12.727691,7.642891
39.070774,-82.344400,-266.000000,12.441352,7.524807
39.590774,-82.344400,-266.000000,12.399634,7.548761
40.110774,-82.344400,-266.000000,12.434569,7.489154
40.630774,-82.344400,-266.000000,12.387117,7.528718
41.150774,-82.344400,-266.000000,12.219985,7.545572
41.670774,-82.344400,-266.000000,12.502340,7.546175
42.190774,-82.344400,-266.000000,12.183875,7.494797
42.710774,-82.344400,-266.000000,12.524520,7.606471
43.230774,-82.344400,-266.000000,12.322404,7.511195
43.750774,-82.344400,-266.000000,12.466653,7.583566
44.270774,-82.344400,-266.000000,12.483905,7.599006
44.790774,-82.344400,-266.000000,12.438673,7.610799
45.310774,-82.344400,-266.000000,12.608795,7.564913
45.830774,-82.344400,-266.000000,12.525438,7.564848
46.350774,-82.344400,-266.000000,12.301010,7.475884
46.870774,-82.344400,-266.000000,12.394004,7.596502
47.390774,-82.344400,-266.000000,12.244444,7.497311
47.910774,-82.344400,-266.000000,12.620664,7.543560
48.430774,-82.344400,-266.000000,12.292747,7.457940
48.950774,-82.344400,-266.000000,12.407167,7.528975
49.470774,-82.344400,-266.000000,12.407569,7.484808
49.990774,-82.344400,-266.000000,12.516105,7.548048
50.510774,-82.344400,-266.000000,12.486594,7.551397
51.030774,-82.344400,-266.000000,12.417684,7.524561
51.550774,-82.344400,-266.000000,12.551480,7.516321
52.070774,-82.344400,-266.000000,12.330080,7.482961
52.590774,-82.344400,-266.000000,12.271372,7.533929
53.110774,-82.344400,-266.000000,12.691311,7.552202
53.630774,-82.344400,-266.000000,12.343963,7.534448
54.150774,-82.344400,-266.000000,12.361112,7.581772
54.670774,-82.344400,-266.000000,12.530585,7.574949
55.190774,-82.344400,-266.000000,12.220019,7.533347
55.710774,-82.344400,-266.000000,12.221987,7.479657
56.230774,-82.344400,-266.000000,12.464347,7.524694
56.750774,-82.344400,-266.000000,12.392005,7.480740
57.270774,-82.344400,-266.000000,12.338889,7.475477
57.790774,-82.344400,-266.000000,12.555391,7.562181
58.310774,-82.344400,-266.000000,12.304778,7.526896
58.830774,-82.344400,-266.000000,12.351509,7.404856
59.350774,-82.344400,-266.000000,12.285144,7.534691
59.870774,-82.344400,-266.000000,12.314667,7.501330
60.390774,-82.344400,-266.000000,12.659223,7.502294
60.910774,-82.344400,-266.000000,12.555923,7.547400
61.430774,-82.344400,-266.000000,12.316442,7.561380
61.950774,-82.344400,-266.000000,12.493878,7.591704
62.470774,-82.344400,-266.000000,12.280604,7.448192
62.990774,-82.344400,-266.000000,12.197124,7.443007
63.510774,-82.344400,-266.000000,12.493399,7.532368
64.030774,-82.344400,-266.000000,12.528098,7.624065
64.550774,-82.344400,-266.000000,12.304572,7.493119
65.070774,-82.344400,-266.000000,12.344559,7.508893
65.590774,-82.344400,-266.000000,12.403675,7.576865
66.110774,-82.344400,-266.000000,12.506765,7.563065
66.630774,-82.344400,-266.000000,12.465517,7.640223
67.150774,-82.344400,-266.000000,12.519011,7.489812
67.670774,-82.344400,-266.000000,12.379605,7.482864
68.190774,-82.344400,-266.000000,12.479865,7.510529
68.710774,-82.344400,-266.000000,12.180404,7.479228
69.230774,-82.344400,-266.000000,12.613879,7.477775
69.750774,-82.344400,-266.000000,12.304558,7.463096
70.270774,-82.344400,-266.000000,12.415893,7.499414
70.790774,-82.344400,-266.000000,12.350123,7.454041
71.310774,-82.344400,-266.000000,12.265347,7.531854
71.830774,-82.344400,-266.000000,12.377810,7.505746
72.350774,-82.344400,-266.000000,12.191165,7.533830
72.870774,-82.344400,-266.000000,12.392097,7.552476
73.390774,-82.344400,-266.000000,12.430705,7.509248
73.910774,-82.344400,-266.000000,12.464401,7.537145
74.430774,-82.344400,-266.000000,12.369656,7.479068
74.950774,-82.344400,-266.000000,12.278710,7.393405
75.470774,-82.344400,-266.000000,12.434196,7.475126
75.990774,-82.344400,-266.000000,12.409723,7.588295
13.070774,-81.824400,-266.000000,12.708421,7.253316
13.590774,-81.824400,-266.000000,12.176251,7.156399
14.110774,-81.824400,-266.000000,12.302049,7.228021
14.630774,-81.824400,-266.000000,12.158697,7.261906
15.150774,-81.824400,-266.000000,12.499435,7.287932
15.670774,-81.824400,-266.000000,12.375097,7.302783
16.190774,-81.824400,-266.000000,12.233421,7.419836
16.710774,-81.824400,-266.000000,12.684819,7.454661
17.230774,-81.824400,-266.000000,12.550457,7.405450
17.750774,-81.824400,-266.000000,12.477948,7.370992
18.270774,-81.824400,-266.000000,12.314774,7.362512
18.790774,-81.824400,-266.000000,12.355308,7.389819
19.310774,-81.824400,-266.000000,12.263085,7.504994
19.830774,-81.824400,-266.000000,12.087274,7.319176
20.350774,-81.824400,-266.000000,12.597191,7.512230
20.870774,-81.824400,-266.000000,12.417568,7.479711
21.390774,-81.824400,-266.000000,12.336171,7.472154
21.910774,-81.824400,-266.000000,12.265923,7.420551
22.430774,-81.824400,-266.000000,12.253356,7.430528
22.950774,-81.824400,-266.000000,11.911837,7.418664
23.470774,-81.824400,-266.000000,12.296374,7.468877
23.990774,-81.824400,-266.000000,12.263010,7.483741
24.510774,-81.824400,-266.000000,12.416084,7.430246
25.030774,-81.824400,-266.000000,12.437293,7.454200
25.550774,-81.824400,-266.000000,12.511851,7.558856
26.070774,-81.824400,-266.000000,12.483378,7.538090
26.590774,-81.824400,-266.000000,12.309386,7.447106
27.110774,-81.824400,-266.000000,12.473463,7.467713
27.630774,-81.824400,-266.000000,12.266480,7.562274
28.150774,-81.824400,-266.000000,12.269903,7.531231
28.670774,-81.824400,-266.000000,12.442447,7.490497
29.190774,-81.824400,-266.000000,12.324351,7.447702
29.710774,-81.824400,-266.000000,12.497770,7.632145
30.230774,-81.824400,-266.000000,12.380288,7.403101
30.750774,-81.824400,-266.000000,12.336739,7.498971
31.270774,-81.824400,-266.000000,12.317071,7.465674
31.790774,-81.824400,-266.000000,12.276344,7.489016
32.310774,-81.824400,-266.000000,12.347942,7.523770
32.830774,-81.824400,-266.000000,12.237682,7.444441
33.350774,-81.824400,-266.000000,12.167175,7.432778
33.870774,-81.824400,-266.000000,12.331819,7.561888
34.390774,-81.824400,-266.000000,12.414783,7.606889
34.910774,-81.824400,-266.000000,12.465284,7.571132
35.430774,-81.824400,-266.000000,12.380095,7.524595
35.950774,-81.824400,-266.000000,12.427885,7.480251
36.470774,-81.824400,-266.000000,12.235251,7.569946
36.990774,-81.824400,-266.000000,12.067697,7.501051
37.510774,-81.824400,-266.000000,12.221220,7.484632
38.030774,-81.824400,-266.000000,12.338994,7.570871
38.550774,-81.824400,-266.000000,12.688485,7.634864
39.070774,-81.824400,-266.000000,12.414672,7.529592
39.590774,-81.824400,-266.000000,12.366004,7.564645
40.110774,-81.824400,-266.000000,12.456316,7.494394
40.630774,-81.824400,-266.000000,12.437185,7.545979
41.150774,-81.824400,-266.000000,12.188726,7.543706
41.670774,-81.824400,-266.000000,12.547834,7.578244
42.190774,-81.824400,-266.000000,12.176133,7.501199
42.710774,-81.824400,-266.000000,12.446490,7.597561
43.230774,-81.824400,-266.000000,12.384007,7.535504
43.750774,-81.824400,-266.000000,12.461524,7.577734
44.270774,-81.824400,-266.000000,12.518088,7.617483
44.790774,-81.824400,-266.000000,12.512804,7.620745
45.310774,-81.824400,-266.000000,12.497565,7.579335
45.830774,-81.824400,-266.000000,12.550918,7.571234
46.350774,-81.824400,-266.000000,12.242511,7.481449
46.870774,-81.824400,-266.000000,12.353459,7.575103
47.390774,-81.824400,-266.000000,12.219218,7.511761
47.910774,-81.824400,-266.000000,12.626571,7.545459
48.430774,-81.824400,-266.000000,12.239688,7.459493
48.950774,-81.824400,-266.000000,12.397590,7.533544
49.470774,-81.824400,-266.000000,12.407050,7.506299
49.990774,-81.824400,-266.000000,12.545176,7.523921
50.510774,-81.824400,-266.000000,12.397835,7.523388
51.030774,-81.824400,-266.000000,12.415595,7.510645
51.550774,-81.824400,-266.000000,12.499236,7.536243
52.070774,-81.824400,-266.000000,12.387852,7.495385
52.590774,-81.824400,-266.000000,12.263423,7.545479
53.110774,-81.824400,-266.000000,12.587157,7.529160
53.630774,-81.824400,-266.000000,12.341294,7.534853
54.150774,-81.824400,-266.000000,12.394483,7.603286
54.670774,-81.824400,-266.000000,12.546660,7.579040
55.190774,-81.824400,-266.000000,12.202338,7.541709
55.710774,-81.824400,-266.000000,12.205853,7.484100
56.230774,-81.824400,-266.000000,12.449825,7.520154
56.750774,-81.824400,-266.000000,12.389651,7.493730
57.270774,-81.824400,-266.000000,12.340075,7.498442
57.790774,-81.824400,-266.000000,12.483699,7.563094
58.310774,-81.824400,-266.000000,12.294566,7.543288
58.830774,-81.824400,-266.000000,12.352601,7.423947
59.350774,-81.824400,-266.000000,12.307291,7.530032
59.870774,-81.824400,-266.000000,12.333505,7.521048
60.390774,-81.824400,-266.000000,12.574180,7.490741
60.910774,-81.824400,-266.000000,12.536198,7.545584
61.430774,-81.824400,-266.000000,12.336456,7.581195
61.950774,-81.824400,-266.000000,12.479890,7.610731
62.470774,-81.824400,-266.000000,12.230927,7.454529
62.990774,-81.824400,-266.000000,12.281512,7.471974
63.510774,-81.824400,-266.000000,12.463525,7.524545
64.030774,-81.824400,-266.000000,12.534167,7.672213
64.550774,-81.824400,-266.000000,12.355712,7.480616
65.070774,-81.824400,-266.000000,12.304465,7.504584
65.590774,-81.824400,-266.000000,12.427188,7.597860
66.110774,-81.824400,-266.000000,12.412841,7.552916
66.630774,-81.824400,-266.000000,12.521204,7.647703
67.150774,-81.824400,-266.000000,12.508814,7.519050
67.670774,-81.824400,-266.000000,12.399942,7.483224
68.190774,-81.824400,-266.000000,12.478648,7.521184
68.710774,-81.824400,-266.000000,12.199740,7.486485
69.230774,-81.824400,-266.000000,12.523257,7.459036
69.750774,-81.824400,-266.000000,12.324936,7.473692
70.270774,-81.824400,-266.000000,12.489335,7.520535
70.790774,-81.824400,-266.000000,12.339175,7.468277
71.310774,-81.824400,-266.000000,12.253891,7.550970
71.830774,-81.824400,-266.000000,12.454402,7.495978
72.350774,-81.824400,-266.000000,12.180159,7.507214
72.870774,-81.824400,-266.000000,12.335013,7.529130
73.390774,-81.824400,-266.000000,12.420524,7.508310
73.910774,-81.824400,-266.000000,12.465770,7.558400
74.430774,-81.824400,-266.000000,12.386549,7.494565
74.950774,-81.824400,-266.000000,12.258468,7.369621
75.470774,-81.824400,-266.000000,12.351936,7.467859
75.990774,-81.824400,-266.000000,12.418468,7.601533
75.990774,-81.304400,-266.000000,12.421658,7.593503
13.070774,-82.344400,-265.000000,12.600237,7.176603
13.590774,-82.344400,-265.000000,12.395737,7.176122
14.110774,-82.344400,-265.000000,12.388188,7.299314
14.630774,-82.344400,-265.000000,12.447032,7.309471
15.150774,-82.344400,-265.000000,12.462836,7.341120
15.670774,-82.344400,-265.000000,12.285270,7.323614
16.190774,-82.344400,-265.000000,12.470534,7.444665
16.710774,-82.344400,-265.000000,12.324528,7.501444
17.230774,-82.344400,-265.000000,12.433131,7.400168
17.750774,-82.344400,-265.000000,12.277846,7.412607
18.270774,-82.344400,-265.000000,12.454227,7.305192
18.790774,-82.344400,-265.000000,12.358218,7.402264
19.310774,-82.344400,-265.000000,12.410704,7.397089
19.830774,-82.344400,-265.000000,12.386008,7.487169
20.350774,-82.344400,-265.000000,12.564475,7.475509
20.870774,-82.344400,-265.000000,12.628198,7.549473
21.390774,-82.344400,-265.000000,12.584536,7.497646
21.910774,-82.344400,-265.000000,12.415828,7.475264
22.430774,-82.344400,-265.000000,12.503386,7.536184
22.950774,-82.344400,-265.000000,12.200583,7.434425
23.470774,-82.344400,-265.000000,12.576072,7.498151
23.990774,-82.344400,-265.000000,12.320076,7.445754
24.510774,-82.344400,-265.000000,12.562289,7.482512
25.030774,-82.344400,-265.000000,12.499868,7.632016
25.550774,-82.344400,-265.000000,12.301585,7.504504
26.070774,-82.344400,-265.000000,12.413966,7.548218
26.590774,-82.344400,-265.000000,12.229110,7.451949
27.110774,-82.344400,-265.000000,12.410687,7.516400
27.630774,-82.344400,-265.000000,12.263387,7.449839
28.150774,-82.344400,-265.000000,12.452380,7.495011
28.670774,-82.344400,-265.000000,12.595516,7.582331
29.190774,-82.344400,-265.000000,12.309205,7.466065
29.710774,-82.344400,-265.000000,12.113456,7.447892
30.230774,-82.344400,-265.000000,12.283210,7.505498
30.750774,-82.344400,-265.000000,12.527350,7.554339
31.270774,-82.344400,-265.000000,12.415667,7.527799
31.790774,-82.344400,-265.000000,12.131092,7.446919
32.310774,-82.344400,-265.000000,12.132045,7.341552
32.830774,-82.344400,-265.000000,12.575370,7.546235
33.350774,-82.344400,-265.000000,12.205491,7.496467
33.870774,-82.344400,-265.000000,12.216170,7.466466
34.390774,-82.344400,-265.000000,12.410857,7.546019
34.910774,-82.344400,-265.000000,12.544486,7.512367
35.430774,-82.344400,-265.000000,12.321384,7.504655
35.950774,-82.344400,-265.000000,12.296801,7.526462
36.470774,-82.344400,-265.000000,12.298267,7.532920
36.990774,-82.344400,-265.000000,12.357591,7.605840
37.510774,-82.344400,-265.000000,12.368279,7.511767
38.030774,-82.344400,-265.000000,12.324761,7.667330
38.550774,-82.344400,-265.000000,12.423393,7.488849
39.070774,-82.344400,-265.000000,12.374609,7.595710
39.590774,-82.344400,-265.000000,12.292668,7.577201
40.110774,-82.344400,-265.000000,12.396697,7.667377
40.630774,-82.344400,-265.000000,12.476094,7.492541
41.150774,-82.344400,-265.000000,12.360713,7.546980
41.670774,-82.344400,-265.000000,12.238609,7.566444
42.190774,-82.344400,-265.000000,12.295707,7.504704
42.710774,-82.344400,-265.000000,12.493831,7.604480
43.230774,-82.344400,-265.000000,12.692447,7.590201
43.750774,-82.344400,-265.000000,12.261677,7.438140
44.270774,-82.344400,-265.000000,12.291373,7.502563
44.790774,-82.344400,-265.000000,12.231415,7.508473
45.310774,-82.344400,-265.000000,12.380886,7.531050
45.830774,-82.344400,-265.000000,12.741187,7.552354
46.350774,-82.344400,-265.000000,12.287069,7.536906
46.870774,-82.344400,-265.000000,12.394150,7.528603
47.390774,-82.344400,-265.000000,12.426052,7.514425
47.910774,-82.344400,-265.000000,12.362730,7.550650
48.430774,-82.344400,-265.000000,12.266593,7.445108
48.950774,-82.344400,-265.000000,12.317239,7.505993
49.470774,-82.344400,-265.000000,12.470954,7.526481
49.990774,-82.344400,-265.000000,12.196602,7.479447
50.510774,-82.344400,-265.000000,12.369746,7.505395
51.030774,-82.344400,-265.000000,12.389693,7.507229
51.550774,-82.344400,-265.000000,12.425061,7.576869
52.070774,-82.344400,-265.000000,12.318667,7.487992
52.590774,-82.344400,-265.000000,12.396418,7.557717
53.110774,-82.344400,-265.000000,12.551974,7.555079
53.630774,-82.344400,-265.000000,12.372273,7.587862
54.150774,-82.344400,-265.000000,12.408232,7.585803
54.670774,-82.344400,-265.000000,12.331310,7.546529
55.190774,-82.344400,-265.000000,12.599643,7.563917
55.710774,-82.344400,-265.000000,12.246057,7.515373
56.230774,-82.344400,-265.000000,12.490578,7.515420
56.750774,-82.344400,-265.000000,12.356219,7.506354
57.270774,-82.344400,-265.000000,12.380389,7.500209
57.790774,-82.344400,-265.000000,12.397282,7.500162
58.310774,-82.344400,-265.000000,12.310434,7.537680
58.830774,-82.344400,-265.000000,12.301289,7.480929
59.350774,-82.344400,-265.000000,12.538467,7.545393
59.870774,-82.344400,-265.000000,12.656083,7.646086
60.390774,-82.344400,-265.000000,12.380118,7.541903
60.910774,-82.344400,-265.000000,12.450438,7.573930
61.430774,-82.344400,-265.000000,12.189172,7.579751
61.950774,-82.344400,-265.000000,12.293258,7.422091
62.470774,-82.344400,-265.000000,12.371674,7.548874
62.990774,-82.344400,-265.000000,12.391899,7.467769
63.510774,-82.344400,-265.000000,12.372066,7.478846
64.030774,-82.344400,-265.000000,12.185398,7.532831
64.550774,-82.344400,-265.000000,12.400978,7.517197
65.070774,-82.344400,-265.000000,12.557695,7.520444
65.590774,-82.344400,-265.000000,12.546477,7.546338
66.110774,-82.344400,-265.000000,12.638026,7.604467
66.630774,-82.344400,-265.000000,12.395860,7.538716
67.150774,-82.344400,-265.000000,12.623305,7.586995
67.670774,-82.344400,-265.000000,12.445079,7.502504
68.190774,-82.344400,-265.000000,12.394113,7.556428
68.710774,-82.344400,-265.000000,12.478051,7.506127
69.230774,-82.344400,-265.000000,12.336813,7.611525
69.750774,-82.344400,-265.000000,12.356467,7.487327
70.270774,-82.344400,-265.000000,12.352080,7.511826
70.790774,-82.344400,-265.000000,12.367579,7.527405
71.310774,-82.344400,-265.000000,12.605774,7.532381
71.830774,-82.344400,-265.000000,12.169028,7.424379
72.350774,-82.344400,-265.000000,12.404613,7.494071
72.870774,-82.344400,-265.000000,12.376626,7.433160
73.390774,-82.344400,-265.000000,12.298941,7.496870
73.910774,-82.344400,-265.000000,12.473660,7.547281
74.430774,-82.344400,-265.000000,12.673814,7.593760
74.950774,-82.344400,-265.000000,12.421206,7.458817
75.470774,-82.344400,-265.000000,12.598744,7.533365
75.990774,-82.344400,-265.000000,12.296700,7.477059
13.070774,-81.824400,-265.000000,12.544933,7.179054
13.590774,-81.824400,-265.000000,12.427291,7.177489
14.110774,-81.824400,-265.000000,12.367700,7.311712
14.630774,-81.824400,-265.000000,12.521385,7.346532
15.150774,-81.824400,-265.000000,12.447013,7.328197
15.670774,-81.824400,-265.000000,12.257565,7.321876
16.190774,-81.824400,-265.000000,12.391151,7.419268
16.710774,-81.824400,-265.000000,12.358378,7.512690
17.230774,-81.824400,-265.000000,12.421794,7.421489
17.750774,-81.824400,-265.000000,12.324866,7.425124
18.270774,-81.824400,-265.000000,12.418311,7.319261
18.790774,-81.824400,-265.000000,12.388172,7.413195
19.310774,-81.824400,-265.000000,12.424887,7.426098
19.830774,-81.824400,-265.000000,12.378364,7.459745
20.350774,-81.824400,-265.000000,12.520836,7.462745
20.870774,-81.824400,-265.000000,12.625350,7.549141
21.390774,-81.824400,-265.000000,12.621425,7.551870
21.910774,-81.824400,-265.000000,12.405073,7.489119
22.430774,-81.824400,-265.000000,12.543021,7.532571
22.950774,-81.824400,-265.000000,12.266838,7.403068
23.470774,-81.824400,-265.000000,12.513990,7.497507
23.990774,-81.824400,-265.000000,12.447964,7.490428
24.510774,-81.824400,-265.000000,12.435404,7.468306
25.030774,-81.824400,-265.000000,12.499278,7.596942
25.550774,-81.824400,-265.000000,12.324511,7.526332
26.070774,-81.824400,-265.000000,12.403780,7.556847
26.590774,-81.824400,-265.000000,12.306930,7.476366
27.110774,-81.824400,-265.000000,12.290463,7.479913
27.630774,-81.824400,-265.000000,12.247242,7.448569
28.150774,-81.824400,-265.000000,12.500669,7.526972
28.670774,-81.824400,-265.000000,12.526351,7.543365
29.190774,-81.824400,-265.000000,12.282190,7.463855
29.710774,-81.824400,-265.000000,12.118454,7.446957
30.230774,-81.824400,-265.000000,12.278335,7.523445
30.750774,-81.824400,-265.000000,12.492586,7.543303
31.270774,-81.824400,-265.000000,12.448621,7.568590
31.790774,-81.824400,-265.000000,12.098258,7.451190
32.310774,-81.824400,-265.000000,12.187804,7.363908
32.830774,-81.824400,-265.000000,12.551959,7.567172
33.350774,-81.824400,-265.000000,12.244708,7.499144
33.870774,-81.824400,-265.000000,12.224405,7.487237
34.390774,-81.824400,-265.000000,12.346679,7.535748
34.910774,-81.824400,-265.000000,12.504704,7.509836
35.430774,-81.824400,-265.000000,12.366921,7.521843
35.950774,-81.824400,-265.000000,12.244154,7.505143
36.470774,-81.824400,-265.000000,12.344531,7.544773
36.990774,-81.824400,-265.000000,12.433900,7.618463
37.510774,-81.824400,-265.000000,12.284188,7.484210
38.030774,-81.824400,-265.000000,12.278965,7.681635
38.550774,-81.824400,-265.000000,12.352548,7.482279
39.070774,-81.824400,-265.000000,12.425364,7.620689
39.590774,-81.824400,-265.000000,12.219127,7.526518
40.110774,-81.824400,-265.000000,12.339396,7.670219
40.630774,-81.824400,-265.000000,12.489973,7.516666
41.150774,-81.824400,-265.000000,12.298922,7.523429
41.670774,-81.824400,-265.000000,12.297659,7.582882
42.190774,-81.824400,-265.000000,12.292660,7.516910
42.710774,-81.824400,-265.000000,12.512218,7.598047
43.230774,-81.824400,-265.000000,12.719942,7.632464
43.750774,-81.824400,-265.000000,12.248970,7.426034
44.270774,-81.824400,-265.000000,12.277725,7.516011
44.790774,-81.824400,-265.000000,12.217572,7.535774
45.310774,-81.824400,-265.000000,12.395658,7.533208
45.830774,-81.824400,-265.000000,12.737777,7.549236
46.350774,-81.824400,-265.000000,12.278375,7.529690
46.870774,-81.824400,-265.000000,12.408648,7.550738
47.390774,-81.824400,-265.000000,12.412520,7.506285
47.910774,-81.824400,-265.000000,12.375744,7.578855
48.430774,-81.824400,-265.000000,12.317029,7.454821
48.950774,-81.824400,-265.000000,12.242547,7.488597
49.470774,-81.824400,-265.000000,12.478148,7.547751
49.990774,-81.824400,-265.000000,12.189454,7.477381
50.510774,-81.824400,-265.000000,12.355691,7.499424
51.030774,-81.824400,-265.000000,12.337183,7.506727
51.550774,-81.824400,-265.000000,12.490205,7.599263
52.070774,-81.824400,-265.000000,12.292712,7.507638
52.590774,-81.824400,-265.000000,12.392861,7.575961
53.110774,-81.824400,-265.000000,12.548469,7.584783
53.630774,-81.824400,-265.000000,12.392406,7.610919
54.150774,-81.824400,-265.000000,12.354583,7.585463
54.670774,-81.824400,-265.000000,12.312995,7.573470
55.190774,-81.824400,-265.000000,12.496993,7.540873
55.710774,-81.824400,-265.000000,12.382144,7.558678
56.230774,-81.824400,-265.000000,12.400561,7.516975
56.750774,-81.824400,-265.000000,12.384219,7.521543
57.270774,-81.824400,-265.000000,12.393580,7.516037
57.790774,-81.824400,-265.000000,12.453697,7.538185
58.310774,-81.824400,-265.000000,12.200552,7.539213
58.830774,-81.824400,-265.000000,12.314944,7.481163
59.350774,-81.824400,-265.000000,12.568753,7.556774
59.870774,-81.824400,-265.000000,12.656283,7.629929
60.390774,-81.824400,-265.000000,12.281194,7.520069
60.910774,-81.824400,-265.000000,12.429854,7.617879
61.430774,-81.824400,-265.000000,12.198436,7.610001
61.950774,-81.824400,-265.000000,12.250722,7.402713
62.470774,-81.824400,-265.000000,12.382974,7.565431
62.990774,-81.824400,-265.000000,12.398136,7.483119
63.510774,-81.824400,-265.000000,12.329867,7.479726
64.030774,-81.824400,-265.000000,12.151792,7.513267
64.550774,-81.824400,-265.000000,12.320735,7.536293
65.070774,-81.824400,-265.000000,12.620330,7.543743
65.590774,-81.824400,-265.000000,12.415135,7.539037
66.110774,-81.824400,-265.000000,12.643950,7.598039
66.630774,-81.824400,-265.000000,12.363887,7.563054
67.150774,-81.824400,-265.000000,12.667193,7.583209
67.670774,-81.824400,-265.000000,12.425044,7.508290
68.190774,-81.824400,-265.000000,12.332882,7.553033
68.710774,-81.824400,-265.000000,12.480439,7.527751
69.230774,-81.824400,-265.000000,12.350444,7.612386
69.750774,-81.824400,-265.000000,12.406384,7.520386
70.270774,-81.824400,-265.000000,12.297191,7.526793
70.790774,-81.824400,-265.000000,12.381332,7.532347
71.310774,-81.824400,-265.000000,12.497355,7.518208
71.830774,-81.824400,-265.000000,12.221894,7.457708
72.350774,-81.824400,-265.000000,12.376801,7.504335
72.870774,-81.824400,-265.000000,12.421844,7.423659
73.390774,-81.824400,-265.000000,12.282660,7.518841
73.910774,-81.824400,-265.000000,12.411138,7.537570
74.430774,-81.824400,-265.000000,12.620449,7.585134
74.950774,-81.824400,-265.000000,12.466380,7.511504
75.470774,-81.824400,-265.000000,12.578385,7.532557
75.990774,-81.824400,-265.000000,12.297129,7.477616
13.070774,-82.344400,-264.000000,12.619149,7.143999
13.590774,-82.344400,-264.000000,12.470997,7.268547
14.110774,-82.344400,-264.000000,12.394046,7.257329
14.630774,-82.344400,-264.000000,12.512257,7.317424
15.150774,-82.344400,-264.000000,12.346080,7.260882
15.670774,-82.344400,-264.000000,12.485224,7.330531
16.190774,-82.344400,-264.000000,12.496144,7.357778
16.710774,-82.344400,-264.000000,12.273919,7.315874
17.230774,-82.344400,-264.000000,12.404253,7.367904
17.750774,-82.344400,-264.000000,12.321809,7.382190
18.270774,-82.344400,-264.000000,12.420345,7.399517
18.790774,-82.344400,-264.000000,12.441335,7.358332
19.310774,-82.344400,-264.000000,12.234181,7.435737
19.830774,-82.344400,-264.000000,12.444674,7.514045
20.350774,-82.344400,-264.000000,12.379750,7.459549
20.870774,-82.344400,-264.000000,12.056746,7.414477
21.390774,-82.344400,-264.000000,12.244655,7.331236
21.910774,-82.344400,-264.000000,12.326515,7.429882
22.430774,-82.344400,-264.000000,12.590537,7.582481
22.950774,-82.344400,-264.000000,12.243721,7.466909
23.470774,-82.344400,-264.000000,12.382389,7.505365
23.990774,-82.344400,-264.000000,12.292640,7.455237
24.510774,-82.344400,-264.000000,12.191734,7.523916
25.030774,-82.344400,-264.000000,12.364249,7.476613
25.550774,-82.344400,-264.000000,12.528336,7.560475
26.070774,-82.344400,-264.000000,12.823140,7.572598
26.590774,-82.344400,-264.000000,12.062208,7.499173
27.110774,-82.344400,-264.000000,12.156086,7.370710
27.630774,-82.344400,-264.000000,12.321113,7.528293
28.150774,-82.344400,-264.000000,12.212208,7.466646
28.670774,-82.344400,-264.000000,12.325768,7.455230
29.190774,-82.344400,-264.000000,12.403871,7.478055
29.710774,-82.344400,-264.000000,12.358221,7.528518
30.230774,-82.344400,-264.000000,12.435027,7.529462
30.750774,-82.344400,-264.000000,12.095921,7.500065
31.270774,-82.344400,-264.000000,12.231658,7.529936
31.790774,-82.344400,-264.000000,12.062858,7.562916
32.310774,-82.344400,-264.000000,12.400043,7.588220
32.830774,-82.344400,-264.000000,12.344245,7.506759
33.350774,-82.344400,-264.000000,12.445557,7.576574
33.870774,-82.344400,-264.000000,12.108144,7.439412
34.390774,-82.344400,-264.000000,12.203708,7.478944
34.910774,-82.344400,-264.000000,12.332091,7.529820
35.430774,-82.344400,-264.000000,12.399512,7.602070
35.950774,-82.344400,-264.000000,12.552130,7.576935
36.470774,-82.344400,-264.000000,12.529800,7.675030
36.990774,-82.344400,-264.000000,12.444663,7.590341
37.510774,-82.344400,-264.000000,12.437782,7.517613
38.030774,-82.344400,-264.000000,12.237853,7.516435
38.550774,-82.344400,-264.000000,12.331328,7.525449
39.070774,-82.344400,-264.000000,12.384541,7.521316
39.590774,-82.344400,-264.000000,12.436136,7.557108
40.110774,-82.344400,-264.000000,12.280589,7.538917
40.630774,-82.344400,-264.000000,12.498791,7.605112
41.150774,-82.344400,-264.000000,12.332812,7.567042
41.670774,-82.344400,-264.000000,12.284531,7.556540
42.190774,-82.344400,-264.000000,12.337787,7.505393
42.710774,-82.344400,-264.000000,12.517472,7.589639
43.230774,-82.344400,-264.000000,12.350712,7.516020
43.750774,-82.344400,-264.000000,12.113433,7.529353
44.270774,-82.344400,-264.000000,12.569201,7.612551
44.790774,-82.344400,-264.000000,12.322854,7.499782
45.310774,-82.344400,-264.000000,12.329995,7.538263
45.830774,-82.344400,-264.000000,12.462844,7.435805
46.350774,-82.344400,-264.000000,12.038711,7.413005
46.870774,-82.344400,-264.000000,12.376183,7.550737
47.390774,-82.344400,-264.000000,12.331042,7.491920
47.910774,-82.344400,-264.000000,12.326451,7.552402
48.430774,-82.344400,-264.000000,12.210498,7.478793
48.950774,-82.344400,-264.000000,12.401851,7.522898
49.470774,-82.344400,-264.000000,12.499483,7.609358
49.990774,-82.344400,-264.000000,12.254990,7.506538
50.510774,-82.344400,-264.000000,12.335707,7.470333
51.030774,-82.344400,-264.000000,12.424636,7.496831
51.550774,-82.344400,-264.000000,12.325972,7.571648
52.070774,-82.344400,-264.000000,12.204097,7.563538
52.590774,-82.344400,-264.000000,12.405894,7.520075
53.110774,-82.344400,-264.000000,12.602968,7.538969
53.630774,-82.344400,-264.000000,12.473351,7.516697
54.150774,-82.344400,-264.000000,12.365180,7.602654
54.670774,-82.344400,-264.000000,12.326568,7.545772
55.190774,-82.344400,-264.000000,12.237140,7.488585
55.710774,-82.344400,-264.000000,12.431908,7.407948
56.230774,-82.344400,-264.000000,12.280482,7.406107
56.750774,-82.344400,-264.000000,12.472374,7.541472
57.270774,-82.344400,-264.000000,12.192460,7.584509
57.790774,-82.344400,-264.000000,12.300326,7.570096
58.310774,-82.344400,-264.000000,12.400607,7.510350
58.830774,-82.344400,-264.000000,12.387938,7.507148
59.350774,-82.344400,-264.000000,12.431503,7.551734
59.870774,-82.344400,-264.000000,12.384843,7.609979
60.390774,-82.344400,-264.000000,12.412449,7.530327
60.910774,-82.344400,-264.000000,12.614148,7.614456
61.430774,-82.344400,-264.000000,12.384469,7.471454
61.950774,-82.344400,-264.000000,12.522452,7.555825
62.470774,-82.344400,-264.000000,12.442140,7.555584
62.990774,-82.344400,-264.000000,12.347702,7.545389
63.510774,-82.344400,-264.000000,12.451480,7.504243
64.030774,-82.344400,-264.000000,12.443140,7.505395
64.550774,-82.344400,-264.000000,12.513364,7.487818
65.070774,-82.344400,-264.000000,12.444270,7.563639
65.590774,-82.344400,-264.000000,12.394309,7.559274
66.110774,-82.344400,-264.000000,12.630542,7.501332
66.630774,-82.344400,-264.000000,12.248293,7.535859
67.150774,-82.344400,-264.000000,12.330425,7.508966
67.670774,-82.344400,-264.000000,12.452521,7.501569
68.190774,-82.344400,-264.000000,12.644547,7.524931
68.710774,-82.344400,-264.000000,12.334506,7.491989
69.230774,-82.344400,-264.000000,12.401785,7.502939
69.750774,-82.344400,-264.000000,12.331811,7.452774
70.270774,-82.344400,-264.000000,12.279554,7.497293
70.790774,-82.344400,-264.000000,12.604233,7.441895
71.310774,-82.344400,-264.000000,12.399055,7.552836
71.830774,-82.344400,-264.000000,12.651019,7.491209
72.350774,-82.344400,-264.000000,12.455100,7.536373
72.870774,-82.344400,-264.000000,12.445991,7.549925
73.390774,-82.344400,-264.000000,12.427196,7.427388
73.910774,-82.344400,-264.000000,12.176386,7.426410
74.430774,-82.344400,-264.000000,12.528834,7.518556
74.950774,-82.344400,-264.000000,12.224345,7.562347
75.470774,-82.344400,-264.000000,12.245780,7.505692
75.990774,-82.344400,-264.000000,12.469249,7.493041
13.070774,-81.824400,-264.000000,12.575679,7.151860
13.590774,-81.824400,-264.000000,12.477593,7.273586
14.110774,-81.824400,-264.000000,12.352718,7.263894
14.630774,-81.824400,-264.000000,12.584736,7.341719
15.150774,-81.824400,-264.000000,12.258993,7.267532
15.670774,-81.824400,-264.000000,12.511959,7.361682
16.190774,-81.824400,-264.000000,12.518748,7.368200
16.710774,-81.824400,-264.000000,12.195174,7.292928
17.230774,-81.824400,-264.000000,12.378311,7.402738
17.750774,-81.824400,-264.000000,12.296738,7.376255
18.270774,-81.824400,-264.000000,12.444605,7.441029
18.790774,-81.824400,-264.000000,12.374978,7.358965
19.310774,-81.824400,-264.000000,12.268698,7.438712
19.830774,-81.824400,-264.000000,12.404433,7.541646
20.350774,-81.824400,-264.000000,12.363018,7.459107
20.870774,-81.824400,-264.000000,11.924788,7.392465
21.390774,-81.824400,-264.000000,12.274310,7.334861
21.910774,-81.824400,-264.000000,12.353122,7.449470
22.430774,-81.824400,-264.000000,12.634629,7.598379
22.950774,-81.824400,-264.000000,12.113232,7.456866
23.470774,-81.824400,-264.000000,12.365489,7.516973
23.990774,-81.824400,-264.000000,12.214225,7.453655
24.510774,-81.824400,-264.000000,12.184155,7.494565
25.030774,-81.824400,-264.000000,12.384830,7.495872
25.550774,-81.824400,-264.000000,12.524978,7.574249
26.070774,-81.824400,-264.000000,12.812045,7.579569
26.590774,-81.824400,-264.000000,12.017631,7.514726
27.110774,-81.824400,-264.000000,12.225399,7.373968
27.630774,-81.824400,-264.000000,12.301748,7.549421
28.150774,-81.824400,-264.000000,12.218077,7.454717
28.670774,-81.824400,-264.000000,12.290585,7.433206
29.190774,-81.824400,-264.000000,12.367351,7.492057
29.710774,-81.824400,-264.000000,12.251849,7.510345
30.230774,-81.824400,-264.000000,12.507133,7.547536
30.750774,-81.824400,-264.000000,12.155593,7.561024
31.270774,-81.824400,-264.000000,12.180594,7.492461
31.790774,-81.824400,-264.000000,12.056153,7.563013
32.310774,-81.824400,-264.000000,12.260030,7.555242
32.830774,-81.824400,-264.000000,12.331658,7.504850
33.350774,-81.824400,-264.000000,12.436021,7.561908
33.870774,-81.824400,-264.000000,12.106335,7.476644
34.390774,-81.824400,-264.000000,12.160684,7.472347
34.910774,-81.824400,-264.000000,12.342587,7.524986
35.430774,-81.824400,-264.000000,12.325713,7.586862
35.950774,-81.824400,-264.000000,12.525463,7.573727
36.470774,-81.824400,-264.000000,12.437423,7.663659
36.990774,-81.824400,-264.000000,12.458403,7.611497
37.510774,-81.824400,-264.000000,12.404597,7.535547
38.030774,-81.824400,-264.000000,12.304152,7.514113
38.550774,-81.824400,-264.000000,12.279716,7.559203
39.070774,-81.824400,-264.000000,12.431880,7.537599
39.590774,-81.824400,-264.000000,12.412181,7.560358
40.110774,-81.824400,-264.000000,12.378418,7.556134
40.630774,-81.824400,-264.000000,12.426564,7.612950
41.150774,-81.824400,-264.000000,12.295196,7.575970
41.670774,-81.824400,-264.000000,12.264020,7.536700
42.190774,-81.824400,-264.000000,12.351661,7.510951
42.710774,-81.824400,-264.000000,12.454787,7.594465
43.230774,-81.824400,-264.000000,12.272035,7.485917
43.750774,-81.824400,-264.000000,12.099619,7.512694
44.270774,-81.824400,-264.000000,12.578446,7.626245
44.790774,-81.824400,-264.000000,12.281090,7.501449
45.310774,-81.824400,-264.000000,12.330099,7.529153
45.830774,-81.824400,-264.000000,12.433065,7.441970
46.350774,-81.824400,-264.000000,12.036144,7.446916
46.870774,-81.824400,-264.000000,12.343108,7.568473
47.390774,-81.824400,-264.000000,12.383307,7.512197
47.910774,-81.824400,-264.000000,12.347404,7.539673
48.430774,-81.824400,-264.000000,12.208266,7.477939
48.950774,-81.824400,-264.000000,12.393591,7.503903
49.470774,-81.824400,-264.000000,12.498610,7.659387
49.990774,-81.824400,-264.000000,12.225983,7.502452
50.510774,-81.824400,-264.000000,12.316826,7.469254
51.030774,-81.824400,-264.000000,12.451320,7.510211
51.550774,-81.824400,-264.000000,12.339388,7.593826
52.070774,-81.824400,-264.000000,12.155667,7.537698
52.590774,-81.824400,-264.000000,12.420374,7.530006
53.110774,-81.824400,-264.000000,12.510203,7.538074
53.630774,-81.824400,-264.000000,12.531142,7.540681
54.150774,-81.824400,-264.000000,12.388711,7.601007
54.670774,-81.824400,-264.000000,12.325094,7.544212
55.190774,-81.824400,-264.000000,12.210325,7.471639
55.710774,-81.824400,-264.000000,12.370923,7.405892
56.230774,-81.824400,-264.000000,12.278497,7.450757
56.750774,-81.824400,-264.000000,12.474519,7.533278
57.270774,-81.824400,-264.000000,12.160205,7.572957
57.790774,-81.824400,-264.000000,12.201990,7.586125
58.310774,-81.824400,-264.000000,12.498342,7.514851
58.830774,-81.824400,-264.000000,12.375281,7.500932
59.350774,-81.824400,-264.000000,12.396887,7.582785
59.870774,-81.824400,-264.000000,12.365005,7.587157
60.390774,-81.824400,-264.000000,12.374606,7.537095
60.910774,-81.824400,-264.000000,12.641824,7.620477
61.430774,-81.824400,-264.000000,12.330394,7.477631
61.950774,-81.824400,-264.000000,12.497982,7.570956
62.470774,-81.824400,-264.000000,12.538105,7.549712
62.990774,-81.824400,-264.000000,12.313266,7.541985
63.510774,-81.824400,-264.000000,12.436253,7.529905
64.030774,-81.824400,-264.000000,12.438586,7.523970
64.550774,-81.824400,-264.000000,12.440456,7.496925
65.070774,-81.824400,-264.000000,12.425736,7.538198
65.590774,-81.824400,-264.000000,12.461024,7.593029
66.110774,-81.824400,-264.000000,12.580859,7.483824
66.630774,-81.824400,-264.000000,12.273398,7.543080
67.150774,-81.824400,-264.000000,12.308427,7.498784
67.670774,-81.824400,-264.000000,12.436393,7.543312
68.190774,-81.824400,-264.000000,12.590063,7.519028
68.710774,-81.824400,-264.000000,12.290148,7.473422
69.230774,-81.824400,-264.000000,12.368446,7.510448
69.750774,-81.824400,-264.000000,12.233123,7.432174
70.270774,-81.824400,-264.000000,12.278875,7.509439
70.790774,-81.824400,-264.000000,12.540980,7.479687
71.310774,-81.824400,-264.000000,12.443002,7.539258
71.830774,-81.824400,-264.000000,12.600598,7.493352
72.350774,-81.824400,-264.000000,12.437736,7.553056
72.870774,-81.824400,-264.000000,12.476674,7.583954
73.390774,-81.824400,-264.000000,12.397514,7.447982
73.910774,-81.824400,-264.000000,12.214735,7.413419
74.430774,-81.824400,-264.000000,12.503943,7.540480
74.950774,-81.824400,-264.000000,12.270176,7.525551
75.470774,-81.824400,-264.000000,12.215592,7.503700
75.990774,-81.824400,-264.000000,12.401581,7.490270
75.990774,-81.304400,-264.000000,12.378912,7.492053
13.070774,-82.344400,-263.000000,12.457640,7.018705
13.590774,-82.344400,-263.000000,12.330794,7.221920
14.110774,-82.344400,-263.000000,12.457683,7.231141
14.630774,-82.344400,-263.000000,12.185691,7.230350
15.150774,-82.344400,-263.000000,12.352627,7.319727
15.670774,-82.344400,-263.000000,12.396138,7.317790
16.190774,-82.344400,-263.000000,12.537772,7.323083
16.710774,-82.344400,-263.000000,12.334353,7.376760
17.230774,-82.344400,-263.000000,12.386939,7.439346
17.750774,-82.344400,-263.000000,12.455711,7.375769
18.270774,-82.344400,-263.000000,12.452093,7.504411
18.790774,-82.344400,-263.000000,12.545815,7.496644
19.310774,-82.344400,-263.000000,12.546989,7.448347
19.830774,-82.344400,-263.000000,12.591823,7.457620
20.350774,-82.344400,-263.000000,12.385102,7.437356
20.870774,-82.344400,-263.000000,12.651960,7.573012
21.390774,-82.344400,-263.000000,12.371527,7.482799
21.910774,-82.344400,-263.000000,12.242155,7.384976
22.430774,-82.344400,-263.000000,12.505881,7.462310
22.950774,-82.344400,-263.000000,12.371997,7.419973
23.470774,-82.344400,-263.000000,12.296503,7.569380
23.990774,-82.344400,-263.000000,12.311132,7.471271
24.510774,-82.344400,-263.000000,12.190007,7.474900
25.030774,-82.344400,-263.000000,12.434539,7.496047
25.550774,-82.344400,-263.000000,12.279376,7.429845
26.070774,-82.344400,-263.000000,12.410807,7.467129
26.590774,-82.344400,-263.000000,12.155123,7.484611
27.110774,-82.344400,-263.000000,12.361211,7.495759
27.630774,-82.344400,-263.000000,12.551027,7.565501
28.150774,-82.344400,-263.000000,12.379622,7.606896
28.670774,-82.344400,-263.000000,12.346692,7.541650
29.190774,-82.344400,-263.000000,12.583030,7.600950
29.710774,-82.344400,-263.000000,12.577301,7.531458
30.230774,-82.344400,-263.000000,12.285663,7.439573
30.750774,-82.344400,-263.000000,12.301666,7.455112
31.270774,-82.344400,-263.000000,12.376078,7.506351
31.790774,-82.344400,-263.000000,12.469727,7.503632
32.310774,-82.344400,-263.000000,12.167259,7.478448
32.830774,-82.344400,-263.000000,12.564933,7.544868
33.350774,-82.344400,-263.000000,12.617142,7.551172
33.870774,-82.344400,-263.000000,12.564599,7.544839
34.390774,-82.344400,-263.000000,12.522555,7.539711
34.910774,-82.344400,-263.000000,12.169859,7.482186
35.430774,-82.344400,-263.000000,12.203523,7.460091
35.950774,-82.344400,-263.000000,12.250913,7.455752
36.470774,-82.344400,-263.000000,12.291965,7.589328
36.990774,-82.344400,-263.000000,12.576304,7.646185
37.510774,-82.344400,-263.000000,12.284736,7.497415
38.030774,-82.344400,-263.000000,12.244012,7.464160
38.550774,-82.344400,-263.000000,12.065508,7.481678
39.070774,-82.344400,-263.000000,12.258166,7.463260
39.590774,-82.344400,-263.000000,12.367953,7.582018
40.110774,-82.344400,-263.000000,12.285327,7.561587
40.630774,-82.344400,-263.000000,12.290107,7.560411
41.150774,-82.344400,-263.000000,12.616312,7.582263
41.670774,-82.344400,-263.000000,12.416512,7.476413
42.190774,-82.344400,-263.000000,12.399628,7.549069
42.710774,-82.344400,-263.000000,12.310081,7.509706
43.230774,-82.344400,-263.000000,12.532464,7.491611
43.750774,-82.344400,-263.000000,12.341651,7.510296
44.270774,-82.344400,-263.000000,12.212901,7.498681
44.790774,-82.344400,-263.000000,12.298755,7.547815
45.310774,-82.344400,-263.000000,12.143691,7.526426
45.830774,-82.344400,-263.000000,12.435477,7.596521
46.350774,-82.344400,-263.000000,12.158540,7.462686
46.870774,-82.344400,-263.000000,12.428050,7.622903
47.390774,-82.344400,-263.000000,12.199454,7.425978
47.910774,-82.344400,-263.000000,12.299979,7.545574
48.430774,-82.344400,-263.000000,12.424013,7.518677
48.950774,-82.344400,-263.000000,12.359558,7.525993
49.470774,-82.344400,-263.000000,12.276006,7.529377
49.990774,-82.344400,-263.000000,12.270558,7.524231
50.510774,-82.344400,-263.000000,12.293193,7.506332
51.030774,-82.344400,-263.000000,12.204394,7.510390
51.550774,-82.344400,-263.000000,12.577514,7.593697
52.070774,-82.344400,-263.000000,12.248330,7.480055
52.590774,-82.344400,-263.000000,12.477747,7.548992
53.110774,-82.344400,-263.000000,12.312464,7.550923
53.630774,-82.344400,-263.000000,12.397329,7.546472
54.150774,-82.344400,-263.000000,12.211516,7.537115
54.670774,-82.344400,-263.000000,12.500519,7.633587
55.190774,-82.344400,-263.000000,12.463880,7.587509
55.710774,-82.344400,-263.000000,12.449906,7.519831
56.230774,-82.344400,-263.000000,12.324162,7.545220
56.750774,-82.344400,-263.000000,12.293225,7.616441
57.270774,-82.344400,-263.000000,12.709682,7.679259
57.790774,-82.344400,-263.000000,12.288783,7.443364
58.310774,-82.344400,-263.000000,12.396373,7.602217
58.830774,-82.344400,-263.000000,12.608279,7.611191
59.350774,-82.344400,-263.000000,12.576835,7.440136
59.870774,-82.344400,-263.000000,12.430175,7.545184
60.390774,-82.344400,-263.000000,12.292179,7.507187
60.910774,-82.344400,-263.000000,12.256025,7.528781
61.430774,-82.344400,-263.000000,12.351545,7.594204
61.950774,-82.344400,-263.000000,12.556461,7.624498
62.470774,-82.344400,-263.000000,12.517051,7.471779
62.990774,-82.344400,-263.000000,12.373721,7.533575
63.510774,-82.344400,-263.000000,12.324311,7.474667
64.030774,-82.344400,-263.000000,12.505571,7.540038
64.550774,-82.344400,-263.000000,12.316312,7.553842
65.070774,-82.344400,-263.000000,12.434989,7.482684
65.590774,-82.344400,-263.000000,12.315088,7.580465
66.110774,-82.344400,-263.000000,12.340144,7.456031
66.630774,-82.344400,-263.000000,12.438617,7.573724
67.150774,-82.344400,-263.000000,12.376174,7.543692
67.670774,-82.344400,-263.000000,12.541646,7.543594
68.190774,-82.344400,-263.000000,12.407102,7.454858
68.710774,-82.344400,-263.000000,12.370078,7.527077
69.230774,-82.344400,-263.000000,12.440981,7.554357
69.750774,-82.344400,-263.000000,12.096537,7.433553
70.270774,-82.344400,-263.000000,12.267233,7.506186
70.790774,-82.344400,-263.000000,12.213575,7.454365
71.310774,-82.344400,-263.000000,12.267431,7.556088
71.830774,-82.344400,-263.000000,12.383060,7.580996
72.350774,-82.344400,-263.000000,12.418777,7.569705
72.870774,-82.344400,-263.000000,12.334151,7.590551
73.390774,-82.344400,-263.000000,12.480189,7.428443
73.910774,-82.344400,-263.000000,12.557667,7.506867
74.430774,-82.344400,-263.000000,12.314704,7.506715
74.950774,-82.344400,-263.000000,12.387866,7.491079
75.470774,-82.344400,-263.000000,12.347588,7.423439
75.990774,-82.344400,-263.000000,12.390229,7.434512
13.070774,-81.824400,-263.000000,12.453695,7.042666
13.590774,-81.824400,-263.000000,12.377635,7.246800
14.110774,-81.824400,-263.000000,12.395992,7.228572
14.630774,-81.824400,-263.000000,12.177958,7.231313
15.150774,-81.824400,-263.000000,12.391978,7.302981
15.670774,-81.824400,-263.000000,12.398208,7.331610
16.190774,-81.824400,-263.000000,12.455834,7.326227
16.710774,-81.824400,-263.000000,12.389380,7.403243
17.230774,-81.824400,-263.000000,12.437800,7.434050
17.750774,-81.824400,-263.000000,12.429356,7.391648
18.270774,-81.824400,-263.000000,12.425859,7.482901
18.790774,-81.824400,-263.000000,12.492434,7.499968
19.310774,-81.824400,-263.000000,12.629489,7.495076
19.830774,-81.824400,-263.000000,12.604449,7.472652
20.350774,-81.824400,-263.000000,12.378746,7.449609
20.870774,-81.824400,-263.000000,12.644752,7.567383
21.390774,-81.824400,-263.000000,12.401757,7.509254
21.910774,-81.824400,-263.000000,12.228927,7.395613
22.430774,-81.824400,-263.000000,12.475257,7.481930
22.950774,-81.824400,-263.000000,12.398666,7.422362
23.470774,-81.824400,-263.000000,12.250731,7.550741
23.990774,-81.824400,-263.000000,12.299070,7.482381
24.510774,-81.824400,-263.000000,12.159919,7.484488
25.030774,-81.824400,-263.000000,12.322433,7.467432
25.550774,-81.824400,-263.000000,12.235552,7.426046
26.070774,-81.824400,-263.000000,12.425249,7.494062
26.590774,-81.824400,-263.000000,12.140862,7.496814
27.110774,-81.824400,-263.000000,12.419008,7.532079
27.630774,-81.824400,-263.000000,12.545723,7.579123
28.150774,-81.824400,-263.000000,12.318086,7.583331
28.670774,-81.824400,-263.000000,12.373982,7.585877
29.190774,-81.824400,-263.000000,12.572089,7.599359
29.710774,-81.824400,-263.000000,12.554111,7.548845
30.230774,-81.824400,-263.000000,12.223174,7.462601
30.750774,-81.824400,-263.000000,12.159382,7.456265
31.270774,-81.824400,-263.000000,12.387866,7.521807
31.790774,-81.824400,-263.000000,12.444110,7.486361
32.310774,-81.824400,-263.000000,12.172220,7.496518
32.830774,-81.824400,-263.000000,12.519225,7.546814
33.350774,-81.824400,-263.000000,12.602919,7.546352
33.870774,-81.824400,-263.000000,12.544408,7.560632
34.390774,-81.824400,-263.000000,12.553710,7.547056
34.910774,-81.824400,-263.000000,12.191847,7.495102
35.430774,-81.824400,-263.000000,12.160522,7.471883
35.950774,-81.824400,-263.000000,12.291315,7.479344
36.470774,-81.824400,-263.000000,12.395266,7.618074
36.990774,-81.824400,-263.000000,12.556010,7.648283
37.510774,-81.824400,-263.000000,12.299802,7.514575
38.030774,-81.824400,-263.000000,12.178797,7.439752
38.550774,-81.824400,-263.000000,12.064714,7.483983
39.070774,-81.824400,-263.000000,12.207374,7.437356
39.590774,-81.824400,-263.000000,12.304707,7.572130
40.110774,-81.824400,-263.000000,12.275412,7.585570
40.630774,-81.824400,-263.000000,12.293501,7.562590
41.150774,-81.824400,-263.000000,12.547258,7.597958
41.670774,-81.824400,-263.000000,12.417539,7.474967
42.190774,-81.824400,-263.000000,12.438879,7.569447
42.710774,-81.824400,-263.000000,12.265677,7.496577
43.230774,-81.824400,-263.000000,12.578415,7.495533
43.750774,-81.824400,-263.000000,12.336860,7.553612
44.270774,-81.824400,-263.000000,12.172210,7.501457
44.790774,-81.824400,-263.000000,12.187928,7.551715
45.310774,-81.824400,-263.000000,12.249254,7.570714
45.830774,-81.824400,-263.000000,12.435719,7.594958
46.350774,-81.824400,-263.000000,12.161078,7.471704
46.870774,-81.824400,-263.000000,12.442688,7.635330
47.390774,-81.824400,-263.000000,12.164172,7.429377
47.910774,-81.824400,-263.000000,12.312392,7.566226
48.430774,-81.824400,-263.000000,12.402336,7.540018
48.950774,-81.824400,-263.000000,12.346015,7.524060
49.470774,-81.824400,-263.000000,12.247165,7.487347
49.990774,-81.824400,-263.000000,12.145980,7.558105
50.510774,-81.824400,-263.000000,12.270283,7.507112
51.030774,-81.824400,-263.000000,12.252946,7.546025
51.550774,-81.824400,-263.000000,12.536886,7.578448
52.070774,-81.824400,-263.000000,12.244746,7.496356
52.590774,-81.824400,-263.000000,12.412136,7.551913
53.110774,-81.824400,-263.000000,12.254901,7.548145
53.630774,-81.824400,-263.000000,12.344836,7.541829
54.150774,-81.824400,-263.000000,12.229748,7.560121
54.670774,-81.824400,-263.000000,12.456779,7.639813
55.190774,-81.824400,-263.000000,12.507818,7.581808
55.710774,-81.824400,-263.000000,12.476018,7.527286
56.230774,-81.824400,-263.000000,12.273285,7.526457
56.750774,-81.824400,-263.000000,12.361230,7.622771
57.270774,-81.824400,-263.000000,12.629823,7.674892
57.790774,-81.824400,-263.000000,12.357067,7.478812
58.310774,-81.824400,-263.000000,12.352874,7.598389
58.830774,-81.824400,-263.000000,12.573524,7.626167
59.350774,-81.824400,-263.000000,12.467770,7.441387
59.870774,-81.824400,-263.000000,12.454008,7.529352
60.390774,-81.824400,-263.000000,12.240508,7.512663
60.910774,-81.824400,-263.000000,12.327487,7.553442
61.430774,-81.824400,-263.000000,12.288882,7.594762
61.950774,-81.824400,-263.000000,12.574602,7.612944
62.470774,-81.824400,-263.000000,12.434578,7.461846
62.990774,-81.824400,-263.000000,12.422690,7.541522
63.510774,-81.824400,-263.000000,12.347636,7.529424
64.030774,-81.824400,-263.000000,12.459907,7.527309
64.550774,-81.824400,-263.000000,12.300509,7.581766
65.070774,-81.824400,-263.000000,12.373309,7.502161
65.590774,-81.824400,-263.000000,12.346766,7.570282
66.110774,-81.824400,-263.000000,12.280623,7.473718
66.630774,-81.824400,-263.000000,12.403010,7.594997
67.150774,-81.824400,-263.000000,12.398364,7.535766
67.670774,-81.824400,-263.000000,12.515316,7.560832
68.190774,-81.824400,-263.000000,12.422778,7.468499
68.710774,-81.824400,-263.000000,12.409858,7.534810
69.230774,-81.824400,-263.000000,12.473743,7.602187
69.750774,-81.824400,-263.000000,12.095035,7.426994
70.270774,-81.824400,-263.000000,12.258208,7.501755
70.790774,-81.824400,-263.000000,12.249041,7.463118
71.310774,-81.824400,-263.000000,12.246951,7.558592
71.830774,-81.824400,-263.000000,12.382116,7.578522
72.350774,-81.824400,-263.000000,12.306548,7.571023
72.870774,-81.824400,-263.000000,12.290184,7.565882
73.390774,-81.824400,-263.000000,12.466464,7.444360
73.910774,-81.824400,-263.000000,12.519774,7.513384
74.430774,-81.824400,-263.000000,12.340659,7.531151
74.950774,-81.824400,-263.000000,12.342724,7.484681
75.470774,-81.824400,-263.000000,12.347107,7.455035
75.990774,-81.824400,-263.000000,12.369137,7.424867
75.990774,-81.304400,-263.000000,12.301378,7.414557
13.070774,-82.344400,-262.000000,12.287845,7.107791
13.590774,-82.344400,-262.000000,12.495997,7.240237
14.110774,-82.344400,-262.000000,12.383358,7.373918
14.630774,-82.344400,-262.000000,12.395587,7.376781
15.150774,-82.344400,-262.000000,12.452556,7.323993
15.670774,-82.344400,-262.000000,12.252274,7.297066
16.190774,-82.344400,-262.000000,12.193328,7.326874
16.710774,-82.344400,-262.000000,12.461516,7.376819
17.230774,-82.344400,-262.000000,12.452947,7.385313
17.750774,-82.344400,-262.000000,12.298018,7.389937
18.270774,-82.344400,-262.000000,12.415683,7.526694
18.790774,-82.344400,-262.000000,12.553008,7.541792
19.310774,-82.344400,-262.000000,12.486157,7.453202
19.830774,-82.344400,-262.000000,12.281818,7.361313
20.350774,-82.344400,-262.000000,12.703986,7.471620
20.870774,-82.344400,-262.000000,12.230142,7.440882
21.390774,-82.344400,-262.000000,12.361079,7.499423
21.910774,-82.344400,-262.000000,12.432334,7.421999
22.430774,-82.344400,-262.000000,12.591558,7.450168
22.950774,-82.344400,-262.000000,12.356214,7.462669
23.470774,-82.344400,-262.000000,12.571422,7.549243
23.990774,-82.344400,-262.000000,12.554919,7.427248
24.510774,-82.344400,-262.000000,12.424876,7.501740
25.030774,-82.344400,-262.000000,12.332255,7.453420
25.550774,-82.344400,-262.000000,12.349521,7.491932
26.070774,-82.344400,-262.000000,12.355249,7.483798
26.590774,-82.344400,-262.000000,12.299568,7.449937
27.110774,-82.344400,-262.000000,12.516091,7.499228
27.630774,-82.344400,-262.000000,12.352701,7.548962
28.150774,-82.344400,-262.000000,12.447886,7.546050
28.670774,-82.344400,-262.000000,12.312715,7.531112
29.190774,-82.344400,-262.000000,12.342875,7.550533
29.710774,-82.344400,-262.000000,12.501337,7.506316
30.230774,-82.344400,-262.000000,12.340690,7.494720
30.750774,-82.344400,-262.000000,12.352756,7.389488
31.270774,-82.344400,-262.000000,12.293923,7.470615
31.790774,-82.344400,-262.000000,12.462687,7.507721
32.310774,-82.344400,-262.000000,12.136938,7.503019
32.830774,-82.344400,-262.000000,12.404467,7.508116
33.350774,-82.344400,-262.000000,12.616515,7.606357
33.870774,-82.344400,-262.000000,12.446202,7.571757
34.390774,-82.344400,-262.000000,12.406154,7.530766
34.910774,-82.344400,-262.000000,12.407441,7.517889
35.430774,-82.344400,-262.000000,12.255410,7.533767
35.950774,-82.344400,-262.000000,12.307142,7.550804
36.470774,-82.344400,-262.000000,12.322786,7.581455
36.990774,-82.344400,-262.000000,12.591749,7.561238
37.510774,-82.344400,-262.000000,12.563791,7.615191
38.030774,-82.344400,-262.000000,12.294657,7.544542
38.550774,-82.344400,-262.000000,12.276216,7.491261
39.070774,-82.344400,-262.000000,12.396725,7.591174
39.590774,-82.344400,-262.000000,12.320476,7.544334
40.110774,-82.344400,-262.000000,12.720079,7.579224
40.630774,-82.344400,-262.000000,12.397712,7.541160
41.150774,-82.344400,-262.000000,12.582938,7.548727
41.670774,-82.344400,-262.000000,12.553356,7.593662
42.190774,-82.344400,-262.000000,12.467971,7.560532
42.710774,-82.344400,-262.000000,12.240585,7.585117
43.230774,-82.344400,-262.000000,12.173053,7.511776
43.750774,-82.344400,-262.000000,12.181510,7.547312
44.270774,-82.344400,-262.000000,12.305984,7.499362
44.790774,-82.344400,-262.000000,12.246721,7.509665
45.310774,-82.344400,-262.000000,12.486670,7.590187
45.830774,-82.344400,-262.000000,12.477451,7.608823
46.350774,-82.344400,-262.000000,12.418220,7.549560
46.870774,-82.344400,-262.000000,12.317671,7.649857
47.390774,-82.344400,-262.000000,12.577009,7.613570
47.910774,-82.344400,-262.000000,12.246360,7.564315
48.430774,-82.344400,-262.000000,12.582198,7.527247
48.950774,-82.344400,-262.000000,12.436407,7.553058
49.470774,-82.344400,-262.000000,12.235422,7.573951
49.990774,-82.344400,-262.000000,12.446227,7.516269
50.510774,-82.344400,-262.000000,12.491856,7.561139
51.030774,-82.344400,-262.000000,12.606492,7.587355
51.550774,-82.344400,-262.000000,12.319495,7.446438
52.070774,-82.344400,-262.000000,12.602345,7.603259
52.590774,-82.344400,-262.000000,12.338264,7.531421
53.110774,-82.344400,-262.000000,12.384037,7.608774
53.630774,-82.344400,-262.000000,12.287306,7.584484
54.150774,-82.344400,-262.000000,12.369337,7.512856
54.670774,-82.344400,-262.000000,12.246133,7.474032
55.190774,-82.344400,-262.000000,12.668202,7.581607
55.710774,-82.344400,-262.000000,12.373210,7.571290
56.230774,-82.344400,-262.000000,12.312969,7.522889
56.750774,-82.344400,-262.000000,12.485008,7.547425
57.270774,-82.344400,-262.000000,12.413462,7.538946
57.790774,-82.344400,-262.000000,12.468613,7.669628
58.310774,-82.344400,-262.000000,12.427983,7.560836
58.830774,-82.344400,-262.000000,12.213399,7.519722
59.350774,-82.344400,-262.000000,12.484587,7.525060
59.870774,-82.344400,-262.000000,12.507526,7.564288
60.390774,-82.344400,-262.000000,12.158618,7.570152
60.910774,-82.344400,-262.000000,12.425780,7.489688
61.430774,-82.344400,-262.000000,12.294873,7.530237
61.950774,-82.344400,-262.000000,12.483405,7.524798
62.470774,-82.344400,-262.000000,12.339478,7.542871
62.990774,-82.344400,-262.000000,12.528097,7.492733
63.510774,-82.344400,-262.000000,12.163633,7.374494
64.030774,-82.344400,-262.000000,12.341228,7.541650
64.550774,-82.344400,-262.000000,12.263350,7.531277
65.070774,-82.344400,-262.000000,12.493377,7.484840
65.590774,-82.344400,-262.000000,12.232520,7.441633
66.110774,-82.344400,-262.000000,12.489555,7.512773
66.630774,-82.344400,-262.000000,12.304860,7.416206
67.150774,-82.344400,-262.000000,12.360912,7.560125
67.670774,-82.344400,-262.000000,12.312720,7.443039
68.190774,-82.344400,-262.000000,12.342686,7.459534
68.710774,-82.344400,-262.000000,12.647574,7.516330
69.230774,-82.344400,-262.000000,12.325442,7.511537
69.750774,-82.344400,-262.000000,12.276294,7.549912
70.270774,-82.344400,-262.000000,12.536600,7.423264
70.790774,-82.344400,-262.000000,12.356233,7.563572
71.310774,-82.344400,-262.000000,12.357383,7.437978
71.830774,-82.344400,-262.000000,12.617785,7.571591
72.350774,-82.344400,-262.000000,12.600770,7.570590
72.870774,-82.344400,-262.000000,12.368810,7.515141
73.390774,-82.344400,-262.000000,12.381560,7.481678
73.910774,-82.344400,-262.000000,12.510657,7.510265
74.430774,-82.344400,-262.000000,12.283614,7.515881
74.950774,-82.344400,-262.000000,12.408743,7.438924
75.470774,-82.344400,-262.000000,12.322785,7.508678
75.990774,-82.344400,-262.000000,12.390699,7.439109
13.070774,-81.824400,-262.000000,12.317056,7.138904
13.590774,-81.824400,-262.000000,12.470014,7.221603
14.110774,-81.824400,-262.000000,12.352427,7.382477
14.630774,-81.824400,-262.000000,12.441004,7.389841
15.150774,-81.824400,-262.000000,12.430351,7.335864
15.670774,-81.824400,-262.000000,12.161939,7.310673
16.190774,-81.824400,-262.000000,12.272415,7.349220
16.710774,-81.824400,-262.000000,12.424029,7.375572
17.230774,-81.824400,-262.000000,12.420205,7.390172
17.750774,-81.824400,-262.000000,12.190105,7.364304
18.270774,-81.824400,-262.000000,12.393704,7.533623
18.790774,-81.824400,-262.000000,12.543014,7.557277
19.310774,-81.824400,-262.000000,12.500697,7.461116
19.830774,-81.824400,-262.000000,12.290931,7.340374
20.350774,-81.824400,-262.000000,12.639732,7.477733
20.870774,-81.824400,-262.000000,12.309987,7.464940
21.390774,-81.824400,-262.000000,12.342439,7.515952
21.910774,-81.824400,-262.000000,12.402135,7.419922
22.430774,-81.824400,-262.000000,12.557734,7.463164
22.950774,-81.824400,-262.000000,12.382353,7.476202
23.470774,-81.824400,-262.000000,12.540465,7.539061
23.990774,-81.824400,-262.000000,12.510569,7.436184
24.510774,-81.824400,-262.000000,12.467671,7.480851
25.030774,-81.824400,-262.000000,12.373842,7.491313
25.550774,-81.824400,-262.000000,12.234734,7.492959
26.070774,-81.824400,-262.000000,12.462265,7.506710
26.590774,-81.824400,-262.000000,12.303126,7.447510
27.110774,-81.824400,-262.000000,12.489820,7.528010
27.630774,-81.824400,-262.000000,12.333259,7.521960
28.150774,-81.824400,-262.000000,12.437502,7.557023
28.670774,-81.824400,-262.000000,12.342195,7.521157
29.190774,-81.824400,-262.000000,12.287107,7.576070
29.710774,-81.824400,-262.000000,12.538261,7.488556
30.230774,-81.824400,-262.000000,12.303983,7.485013
30.750774,-81.824400,-262.000000,12.420181,7.426532
31.270774,-81.824400,-262.000000,12.290432,7.463877
31.790774,-81.824400,-262.000000,12.454551,7.521011
32.310774,-81.824400,-262.000000,12.147172,7.504687
32.830774,-81.824400,-262.000000,12.398153,7.526928
33.350774,-81.824400,-262.000000,12.557990,7.599778
33.870774,-81.824400,-262.000000,12.515976,7.578688
34.390774,-81.824400,-262.000000,12.343638,7.531482
34.910774,-81.824400,-262.000000,12.443501,7.538780
35.430774,-81.824400,-262.000000,12.187343,7.525940
35.950774,-81.824400,-262.000000,12.255440,7.566823
36.470774,-81.824400,-262.000000,12.226142,7.577300
36.990774,-81.824400,-262.000000,12.550955,7.570213
37.510774,-81.824400,-262.000000,12.548514,7.599824
38.030774,-81.824400,-262.000000,12.276160,7.568216
38.550774,-81.824400,-262.000000,12.350990,7.538365
39.070774,-81.824400,-262.000000,12.428560,7.625093
39.590774,-81.824400,-262.000000,12.335667,7.579262
40.110774,-81.824400,-262.000000,12.715388,7.562728
40.630774,-81.824400,-262.000000,12.309337,7.539295
41.150774,-81.824400,-262.000000,12.487617,7.568487
41.670774,-81.824400,-262.000000,12.569749,7.612975
42.190774,-81.824400,-262.000000,12.445731,7.552903
42.710774,-81.824400,-262.000000,12.223326,7.584813
43.230774,-81.824400,-262.000000,12.230173,7.547514
43.750774,-81.824400,-262.000000,12.101860,7.501161
44.270774,-81.824400,-262.000000,12.338817,7.540106
44.790774,-81.824400,-262.000000,12.299178,7.481585
45.310774,-81.824400,-262.000000,12.524695,7.596162
45.830774,-81.824400,-262.000000,12.407560,7.649254
46.350774,-81.824400,-262.000000,12.375183,7.554247
46.870774,-81.824400,-262.000000,12.252605,7.627137
47.390774,-81.824400,-262.000000,12.602200,7.596343
47.910774,-81.824400,-262.000000,12.203181,7.563371
48.430774,-81.824400,-262.000000,12.584557,7.552342
48.950774,-81.824400,-262.000000,12.405345,7.524731
49.470774,-81.824400,-262.000000,12.300552,7.591023
49.990774,-81.824400,-262.000000,12.396508,7.530459
50.510774,-81.824400,-262.000000,12.447642,7.570924
51.030774,-81.824400,-262.000000,12.499129,7.599751
51.550774,-81.824400,-262.000000,12.435769,7.475619
52.070774,-81.824400,-262.000000,12.610383,7.594073
52.590774,-81.824400,-262.000000,12.302080,7.563305
53.110774,-81.824400,-262.000000,12.389808,7.619380
53.630774,-81.824400,-262.000000,12.240482,7.582392
54.150774,-81.824400,-262.000000,12.406470,7.526716
54.670774,-81.824400,-262.000000,12.234775,7.469574
55.190774,-81.824400,-262.000000,12.643683,7.578485
55.710774,-81.824400,-262.000000,12.449435,7.560781
56.230774,-81.824400,-262.000000,12.273804,7.546807
56.750774,-81.824400,-262.000000,12.425750,7.567884
57.270774,-81.824400,-262.000000,12.438919,7.555499
57.790774,-81.824400,-262.000000,12.392211,7.652339
58.310774,-81.824400,-262.000000,12.431259,7.603763
58.830774,-81.824400,-262.000000,12.203487,7.499770
59.350774,-81.824400,-262.000000,12.549358,7.541812
59.870774,-81.824400,-262.000000,12.486490,7.571579
60.390774,-81.824400,-262.000000,12.139544,7.590740
60.910774,-81.824400,-262.000000,12.405200,7.497373
61.430774,-81.824400,-262.000000,12.319909,7.528807
61.950774,-81.824400,-262.000000,12.462214,7.520367
62.470774,-81.824400,-262.000000,12.363522,7.592170
62.990774,-81.824400,-262.000000,12.480567,7.496228
63.510774,-81.824400,-262.000000,12.158473,7.360757
64.030774,-81.824400,-262.000000,12.379338,7.602119
64.550774,-81.824400,-262.000000,12.251597,7.518672
65.070774,-81.824400,-262.000000,12.533284,7.487360
65.590774,-81.824400,-262.000000,12.284239,7.447165
66.110774,-81.824400,-262.000000,12.452947,7.528190
66.630774,-81.824400,-262.000000,12.379691,7.445947
67.150774,-81.824400,-262.000000,12.267062,7.540759
67.670774,-81.824400,-262.000000,12.364375,7.470159
68.190774,-81.824400,-262.000000,12.266006,7.447844
68.710774,-81.824400,-262.000000,12.549389,7.497515
69.230774,-81.824400,-262.000000,12.274522,7.520332
69.750774,-81.824400,-262.000000,12.320170,7.583313
70.270774,-81.824400,-262.000000,12.447129,7.463667
70.790774,-81.824400,-262.000000,12.333272,7.530614
71.310774,-81.824400,-262.000000,12.335928,7.447478
71.830774,-81.824400,-262.000000,12.607514,7.565779
72.350774,-81.824400,-262.000000,12.566955,7.590829
72.870774,-81.824400,-262.000000,12.332431,7.528563
73.390774,-81.824400,-262.000000,12.319758,7.477235
73.910774,-81.824400,-262.000000,12.468663,7.535965
74.430774,-81.824400,-262.000000,12.281939,7.487564
74.950774,-81.824400,-262.000000,12.407035,7.457352
75.470774,-81.824400,-262.000000,12.273252,7.502462
75.990774,-81.824400,-262.000000,12.354733,7.458402
75.990774,-81.304400,-262.000000,12.388381,7.525600
13.070774,-82.344400,-261.000000,12.189502,7.138472
13.590774,-82.344400,-261.000000,12.489209,7.219671
14.110774,-82.344400,-261.000000,12.762266,7.329857
14.630774,-82.344400,-261.000000,12.332746,7.298629
15.150774,-82.344400,-261.000000,12.520285,7.318330
15.670774,-82.344400,-261.000000,12.415751,7.325533
16.190774,-82.344400,-261.000000,12.071657,7.338111
16.710774,-82.344400,-261.000000,12.484324,7.324415
17.230774,-82.344400,-261.000000,12.460242,7.432699
17.750774,-82.344400,-261.000000,12.460306,7.428319
18.270774,-82.344400,-261.000000,12.396052,7.480841
18.790774,-82.344400,-261.000000,12.413565,7.404464
19.310774,-82.344400,-261.000000,12.221625,7.360673
19.830774,-82.344400,-261.000000,12.303751,7.443740
20.350774,-82.344400,-261.000000,12.438048,7.583012
20.870774,-82.344400,-261.000000,12.419978,7.434446
21.390774,-82.344400,-261.000000,12.252186,7.459129
21.910774,-82.344400,-261.000000,12.326575,7.471645
22.430774,-82.344400,-261.000000,12.242827,7.442277
22.950774,-82.344400,-261.000000,12.305800,7.485418
23.470774,-82.344400,-261.000000,12.302814,7.475126
23.990774,-82.344400,-261.000000,12.471060,7.439617
24.510774,-82.344400,-261.000000,12.409344,7.418733
25.030774,-82.344400,-261.000000,12.355475,7.496872
25.550774,-82.344400,-261.000000,12.408857,7.479249
26.070774,-82.344400,-261.000000,12.476130,7.543604
26.590774,-82.344400,-261.000000,12.675830,7.555782
27.110774,-82.344400,-261.000000,12.315238,7.491480
27.630774,-82.344400,-261.000000,12.446671,7.549497
28.150774,-82.344400,-261.000000,12.602374,7.578637
28.670774,-82.344400,-261.000000,12.467177,7.559637
29.190774,-82.344400,-261.000000,12.588431,7.468541
29.710774,-82.344400,-261.000000,12.362746,7.516530
30.230774,-82.344400,-261.000000,12.409422,7.551339
30.750774,-82.344400,-261.000000,12.673004,7.545862
31.270774,-82.344400,-261.000000,12.368897,7.486074
31.790774,-82.344400,-261.000000,12.371374,7.546045
32.310774,-82.344400,-261.000000,12.124908,7.498414
32.830774,-82.344400,-261.000000,12.472483,7.645101
33.350774,-82.344400,-261.000000,12.431804,7.534155
33.870774,-82.344400,-261.000000,12.497347,7.477163
34.390774,-82.344400,-261.000000,12.208148,7.506791
34.910774,-82.344400,-261.000000,12.411986,7.541245
35.430774,-82.344400,-261.000000,12.619486,7.549820
35.950774,-82.344400,-261.000000,12.262864,7.527065
36.470774,-82.344400,-261.000000,12.221734,7.573438
36.990774,-82.344400,-261.000000,12.465194,7.511179
37.510774,-82.344400,-261.000000,12.460687,7.541927
38.030774,-82.344400,-261.000000,12.547131,7.626087
38.550774,-82.344400,-261.000000,12.290456,7.553694
39.070774,-82.344400,-261.000000,12.292257,7.498956
39.590774,-82.344400,-261.000000,12.499689,7.589103
40.110774,-82.344400,-261.000000,12.507510,7.494765
40.630774,-82.344400,-261.000000,12.435966,7.540537
41.150774,-82.344400,-261.000000,12.384349,7.550938
41.670774,-82.344400,-261.000000,12.252431,7.541016
42.190774,-82.344400,-261.000000,12.241910,7.480974
42.710774,-82.344400,-261.000000,12.518342,7.611606
43.230774,-82.344400,-261.000000,12.431704,7.541768
43.750774,-82.344400,-261.000000,12.307288,7.487900
44.270774,-82.344400,-261.000000,12.502636,7.554072
44.790774,-82.344400,-261.000000,12.551236,7.542559
45.310774,-82.344400,-261.000000,12.217934,7.511233
45.830774,-82.344400,-261.000000,12.426955,7.523679
46.350774,-82.344400,-261.000000,12.271190,7.564344
46.870774,-82.344400,-261.000000,12.494617,7.521472
47.390774,-82.344400,-261.000000,12.467383,7.609050
47.910774,-82.344400,-261.000000,12.519741,7.564373
48.430774,-82.344400,-261.000000,12.412609,7.554075
48.950774,-82.344400,-261.000000,12.278139,7.546958
49.470774,-82.344400,-261.000000,12.301666,7.414379
49.990774,-82.344400,-261.000000,12.403128,7.492025
50.510774,-82.344400,-261.000000,12.372066,7.518069
51.030774,-82.344400,-261.000000,12.273965,7.567874
51.550774,-82.344400,-261.000000,12.282180,7.485199
52.070774,-82.344400,-261.000000,12.545681,7.559397
52.590774,-82.344400,-261.000000,12.561877,7.615980
53.110774,-82.344400,-261.000000,12.209954,7.559635
53.630774,-82.344400,-261.000000,12.328720,7.531726
54.150774,-82.344400,-261.000000,12.555771,7.578029
54.670774,-82.344400,-261.000000,12.658088,7.679222
55.190774,-82.344400,-261.000000,12.685225,7.615611
55.710774,-82.344400,-261.000000,12.288358,7.476586
56.230774,-82.344400,-261.000000,12.644352,7.601275
56.750774,-82.344400,-261.000000,12.433264,7.512732
57.270774,-82.344400,-261.000000,12.625827,7.568296
57.790774,-82.344400,-261.000000,12.312433,7.548462
58.310774,-82.344400,-261.000000,12.098514,7.513564
58.830774,-82.344400,-261.000000,12.357787,7.470273
59.350774,-82.344400,-261.000000,12.326839,7.526159
59.870774,-82.344400,-261.000000,12.451668,7.571965
60.390774,-82.344400,-261.000000,12.414989,7.509762
60.910774,-82.344400,-261.000000,12.167521,7.453409
61.430774,-82.344400,-261.000000,12.395868,7.511257
61.950774,-82.344400,-261.000000,12.482571,7.542808
62.470774,-82.344400,-261.000000,12.268443,7.505813
62.990774,-82.344400,-261.000000,12.308650,7.539782
63.510774,-82.344400,-261.000000,12.378873,7.563693
64.030774,-82.344400,-261.000000,12.116508,7.433545
64.550774,-82.344400,-261.000000,12.246487,7.448307
65.070774,-82.344400,-261.000000,12.427174,7.478309
65.590774,-82.344400,-261.000000,12.400176,7.610789
66.110774,-82.344400,-261.000000,12.521934,7.594486
66.630774,-82.344400,-261.000000,12.286075,7.589162
67.150774,-82.344400,-261.000000,12.302098,7.538904
67.670774,-82.344400,-261.000000,12.284003,7.504539
68.190774,-82.344400,-261.000000,12.399863,7.547412
68.710774,-82.344400,-261.000000,12.312668,7.460977
69.230774,-82.344400,-261.000000,12.591140,7.562279
69.750774,-82.344400,-261.000000,12.301970,7.552120
70.270774,-82.344400,-261.000000,12.419182,7.575274
70.790774,-82.344400,-261.000000,12.439259,7.544944
71.310774,-82.344400,-261.000000,12.153648,7.529860
71.830774,-82.344400,-261.000000,12.412353,7.403182
72.350774,-82.344400,-261.000000,12.600722,7.505075
72.870774,-82.344400,-261.000000,12.367720,7.470909
73.390774,-82.344400,-261.000000,12.468390,7.506645
73.910774,-82.344400,-261.000000,12.296659,7.477544
74.430774,-82.344400,-261.000000,12.373878,7.482191
74.950774,-82.344400,-261.000000,12.349062,7.476844
75.470774,-82.344400,-261.000000,12.467470,7.421115
75.990774,-82.344400,-261.000000,12.406436,7.442373
13.070774,-81.824400,-261.000000,12.185284,7.150462
13.590774,-81.824400,-261.000000,12.541055,7.244261
14.110774,-81.824400,-261.000000,12.772398,7.339242
14.630774,-81.824400,-261.000000,12.308187,7.298059
15.150774,-81.824400,-261.000000,12.458345,7.301956
15.670774,-81.824400,-261.000000,12.442618,7.331722
16.190774,-81.824400,-261.000000,12.071586,7.356634
16.710774,-81.824400,-261.000000,12.554749,7.348962
17.230774,-81.824400,-261.000000,12.391151,7.447000
17.750774,-81.824400,-261.000000,12.480589,7.447302
18.270774,-81.824400,-261.000000,12.335746,7.479597
18.790774,-81.824400,-261.000000,12.462280,7.419561
19.310774,-81.824400,-261.000000,12.262809,7.372869
19.830774,-81.824400,-261.000000,12.271976,7.444307
20.350774,-81.824400,-261.000000,12.493882,7.587398
20.870774,-81.824400,-261.000000,12.346940,7.439863
21.390774,-81.824400,-261.000000,12.243373,7.459423
21.910774,-81.824400,-261.000000,12.349345,7.485626
22.430774,-81.824400,-261.000000,12.280421,7.433517
22.950774,-81.824400,-261.000000,12.260083,7.529916
23.470774,-81.824400,-261.000000,12.302634,7.463120
23.990774,-81.824400,-261.000000,12.436457,7.448123
24.510774,-81.824400,-261.000000,12.419664,7.449926
25.030774,-81.824400,-261.000000,12.321164,7.483575
25.550774,-81.824400,-261.000000,12.440461,7.477933
26.070774,-81.824400,-261.000000,12.397923,7.546206
26.590774,-81.824400,-261.000000,12.677498,7.577238
27.110774,-81.824400,-261.000000,12.349597,7.484796
27.630774,-81.824400,-261.000000,12.403613,7.553710
28.150774,-81.824400,-261.000000,12.605442,7.609194
28.670774,-81.824400,-261.000000,12.359092,7.543900
29.190774,-81.824400,-261.000000,12.684360,7.513825
29.710774,-81.824400,-261.000000,12.345164,7.517200
30.230774,-81.824400,-261.000000,12.325686,7.556192
30.750774,-81.824400,-261.000000,12.600070,7.536188
31.270774,-81.824400,-261.000000,12.416544,7.502214
31.790774,-81.824400,-261.000000,12.370395,7.531427
32.310774,-81.824400,-261.000000,12.157610,7.527474
32.830774,-81.824400,-261.000000,12.424372,7.642770
33.350774,-81.824400,-261.000000,12.481341,7.544271
33.870774,-81.824400,-261.000000,12.440502,7.484425
34.390774,-81.824400,-261.000000,12.294417,7.529417
34.910774,-81.824400,-261.000000,12.379868,7.542150
35.430774,-81.824400,-261.000000,12.622627,7.554328
35.950774,-81.824400,-261.000000,12.333988,7.579777
36.470774,-81.824400,-261.000000,12.164156,7.547171
36.990774,-81.824400,-261.000000,12.433623,7.504116
37.510774,-81.824400,-261.000000,12.446397,7.570372
38.030774,-81.824400,-261.000000,12.430297,7.627004
38.550774,-81.824400,-261.000000,12.306750,7.531072
39.070774,-81.824400,-261.000000,12.319072,7.510470
39.590774,-81.824400,-261.000000,12.429046,7.586078
40.110774,-81.824400,-261.000000,12.521491,7.490570
40.630774,-81.824400,-261.000000,12.352420,7.533784
41.150774,-81.824400,-261.000000,12.436660,7.561744
41.670774,-81.824400,-261.000000,12.209193,7.532060
42.190774,-81.824400,-261.000000,12.220180,7.504060
42.710774,-81.824400,-261.000000,12.490184,7.604695
43.230774,-81.824400,-261.000000,12.305985,7.517319
43.750774,-81.824400,-261.000000,12.293088,7.519890
44.270774,-81.824400,-261.000000,12.480479,7.573281
44.790774,-81.824400,-261.000000,12.504864,7.528831
45.310774,-81.824400,-261.000000,12.236476,7.527236
45.830774,-81.824400,-261.000000,12.372137,7.472303
46.350774,-81.824400,-261.000000,12.246001,7.579062
46.870774,-81.824400,-261.000000,12.578293,7.548868
47.390774,-81.824400,-261.000000,12.435476,7.604422
47.910774,-81.824400,-261.000000,12.533038,7.563398
48.430774,-81.824400,-261.000000,12.346885,7.554452
48.950774,-81.824400,-261.000000,12.303123,7.581542
49.470774,-81.824400,-261.000000,12.355629,7.416277
49.990774,-81.824400,-261.000000,12.250846,7.500737
50.510774,-81.824400,-261.000000,12.405143,7.521020
51.030774,-81.824400,-261.000000,12.264777,7.551802
51.550774,-81.824400,-261.000000,12.168576,7.485853
52.070774,-81.824400,-261.000000,12.527627,7.580805
52.590774,-81.824400,-261.000000,12.473980,7.587802
53.110774,-81.824400,-261.000000,12.307902,7.582038
53.630774,-81.824400,-261.000000,12.317054,7.538062
54.150774,-81.824400,-261.000000,12.504388,7.583128
54.670774,-81.824400,-261.000000,12.607802,7.677739
55.190774,-81.824400,-261.000000,12.663695,7.601874
55.710774,-81.824400,-261.000000,12.311996,7.519243
56.230774,-81.824400,-261.000000,12.616404,7.602683
56.750774,-81.824400,-261.000000,12.429879,7.503310
57.270774,-81.824400,-261.000000,12.571517,7.580026
57.790774,-81.824400,-261.000000,12.327055,7.566706
58.310774,-81.824400,-261.000000,12.073456,7.489105
58.830774,-81.824400,-261.000000,12.333065,7.486322
59.350774,-81.824400,-261.000000,12.278539,7.523752
59.870774,-81.824400,-261.000000,12.408401,7.567782
60.390774,-81.824400,-261.000000,12.453252,7.515299
60.910774,-81.824400,-261.000000,12.099405,7.463428
61.430774,-81.824400,-261.000000,12.400504,7.519837
61.950774,-81.824400,-261.000000,12.451416,7.563614
62.470774,-81.824400,-261.000000,12.228208,7.505227
62.990774,-81.824400,-261.000000,12.266818,7.518294
63.510774,-81.824400,-261.000000,12.381741,7.565741
64.030774,-81.824400,-261.000000,12.118155,7.420583
64.550774,-81.824400,-261.000000,12.254809,7.447317
65.070774,-81.824400,-261.000000,12.389844,7.474443
65.590774,-81.824400,-261.000000,12.443213,7.631115
66.110774,-81.824400,-261.000000,12.513828,7.596531
66.630774,-81.824400,-261.000000,12.240146,7.604378
67.150774,-81.824400,-261.000000,12.318832,7.544410
67.670774,-81.824400,-261.000000,12.294998,7.506706
68.190774,-81.824400,-261.000000,12.300464,7.548723
68.710774,-81.824400,-261.000000,12.376986,7.497373
69.230774,-81.824400,-261.000000,12.508553,7.544831
69.750774,-81.824400,-261.000000,12.357872,7.562281
70.270774,-81.824400,-261.000000,12.449220,7.570326
70.790774,-81.824400,-261.000000,12.456528,7.581367
71.310774,-81.824400,-261.000000,12.146354,7.544151
71.830774,-81.824400,-261.000000,12.439472,7.411105
72.350774,-81.824400,-261.000000,12.625237,7.502131
72.870774,-81.824400,-261.000000,12.396710,7.502133
73.390774,-81.824400,-261.000000,12.478534,7.539500
73.910774,-81.824400,-261.000000,12.272427,7.466728
74.430774,-81.824400,-261.000000,12.449294,7.516011
74.950774,-81.824400,-261.000000,12.447993,7.502961
75.470774,-81.824400,-261.000000,12.461647,7.405091
75.990774,-81.824400,-261.000000,12.427080,7.472803
13.070774,-81.304400,-261.000000,12.197177,7.178753
13.070774,-82.344400,-260.000000,12.474286,7.185392
13.590774,-82.344400,-260.000000,12.256398,7.154361
14.110774,-82.344400,-260.000000,12.354172,7.273343
14.630774,-82.344400,-260.000000,12.356550,7.313168
15.150774,-82.344400,-260.000000,12.357606,7.302772
15.670774,-82.344400,-260.000000,12.647149,7.330667
16.190774,-82.344400,-260.000000,12.410903,7.348581
16.710774,-82.344400,-260.000000,12.375604,7.410697
17.230774,-82.344400,-260.000000,12.335421,7.362485
17.750774,-82.344400,-260.000000,12.052039,7.294165
18.270774,-82.344400,-260.000000,12.337607,7.426981
18.790774,-82.344400,-260.000000,12.427759,7.455469
19.310774,-82.344400,-260.000000,12.131961,7.365339
19.830774,-82.344400,-260.000000,12.364287,7.429121
20.350774,-82.344400,-260.000000,12.345086,7.443220
20.870774,-82.344400,-260.000000,12.342078,7.504548
21.390774,-82.344400,-260.000000,12.641673,7.416360
21.910774,-82.344400,-260.000000,12.431842,7.493417
22.430774,-82.344400,-260.000000,12.401835,7.483778
22.950774,-82.344400,-260.000000,12.397466,7.482874
23.470774,-82.344400,-260.000000,12.544333,7.488702
23.990774,-82.344400,-260.000000,12.338919,7.462816
24.510774,-82.344400,-260.000000,12.255683,7.417802
25.030774,-82.344400,-260.000000,12.559228,7.497952
25.550774,-82.344400,-260.000000,12.304001,7.410006
26.070774,-82.344400,-260.000000,12.293695,7.513606
26.590774,-82.344400,-260.000000,12.548481,7.530712
27.110774,-82.344400,-260.000000,12.606512,7.553194
27.630774,-82.344400,-260.000000,12.290001,7.465934
28.150774,-82.344400,-260.000000,12.306377,7.471756
28.670774,-82.344400,-260.000000,12.626220,7.593184
29.190774,-82.344400,-260.000000,12.328441,7.493417
29.710774,-82.344400,-260.000000,12.345748,7.455729
30.230774,-82.344400,-260.000000,12.299682,7.394617
30.750774,-82.344400,-260.000000,12.301803,7.473744
31.270774,-82.344400,-260.000000,12.525403,7.504914
31.790774,-82.344400,-260.000000,12.289186,7.552900
32.310774,-82.344400,-260.000000,12.450870,7.553531
32.830774,-82.344400,-260.000000,12.338358,7.407652
33.350774,-82.344400,-260.000000,12.388521,7.503549
33.870774,-82.344400,-260.000000,12.224200,7.386551
34.390774,-82.344400,-260.000000,12.284139,7.497011
34.910774,-82.344400,-260.000000,12.334033,7.537950
35.430774,-82.344400,-260.000000,12.270255,7.510876
35.950774,-82.344400,-260.000000,12.439903,7.525171
36.470774,-82.344400,-260.000000,12.499114,7.562782
36.990774,-82.344400,-260.000000,12.107396,7.444829
37.510774,-82.344400,-260.000000,12.394682,7.565904
38.030774,-82.344400,-260.000000,12.403329,7.519998
38.550774,-82.344400,-260.000000,12.567141,7.562047
39.070774,-82.344400,-260.000000,12.325011,7.482303
39.590774,-82.344400,-260.000000,12.336045,7.514786
40.110774,-82.344400,-260.000000,12.456095,7.497543
40.630774,-82.344400,-260.000000,12.566897,7.475660
41.150774,-82.344400,-260.000000,12.233088,7.512281
41.670774,-82.344400,-260.000000,12.256045,7.523259
42.190774,-82.344400,-260.000000,12.041125,7.457921
42.710774,-82.344400,-260.000000,12.417859,7.576484
43.230774,-82.344400,-260.000000,12.384184,7.582929
43.750774,-82.344400,-260.000000,12.242911,7.476371
44.270774,-82.344400,-260.000000,12.320495,7.519011
44.790774,-82.344400,-260.000000,12.383030,7.528136
45.310774,-82.344400,-260.000000,12.417654,7.619380
45.830774,-82.344400,-260.000000,12.547897,7.589611
46.350774,-82.344400,-260.000000,12.557192,7.546631
46.870774,-82.344400,-260.000000,12.643113,7.680141
47.390774,-82.344400,-260.000000,12.499588,7.532622
47.910774,-82.344400,-260.000000,12.415454,7.576867
48.430774,-82.344400,-260.000000,12.032992,7.508539
48.950774,-82.344400,-260.000000,12.369368,7.506669
49.470774,-82.344400,-260.000000,12.558341,7.556510
49.990774,-82.344400,-260.000000,12.615956,7.627925
50.510774,-82.344400,-260.000000,12.539736,7.525640
51.030774,-82.344400,-260.000000,12.441284,7.475106
51.550774,-82.344400,-260.000000,12.250634,7.455802
52.070774,-82.344400,-260.000000,12.635779,7.607262
52.590774,-82.344400,-260.000000,12.556314,7.561737
53.110774,-82.344400,-260.000000,12.389284,7.547318
53.630774,-82.344400,-260.000000,12.439939,7.462908
54.150774,-82.344400,-260.000000,12.372252,7.572845
54.670774,-82.344400,-260.000000,12.397882,7.548051
55.190774,-82.344400,-260.000000,12.304713,7.489207
55.710774,-82.344400,-260.000000,12.370444,7.434168
56.230774,-82.344400,-260.000000,12.488006,7.599507
56.750774,-82.344400,-260.000000,12.580544,7.564559
57.270774,-82.344400,-260.000000,12.440697,7.548001
57.790774,-82.344400,-260.000000,12.273726,7.485978
58.310774,-82.344400,-260.000000,12.475333,7.537887
58.830774,-82.344400,-260.000000,12.432291,7.503276
59.350774,-82.344400,-260.000000,12.344445,7.584933
59.870774,-82.344400,-260.000000,12.407414,7.552194
60.390774,-82.344400,-260.000000,12.497764,7.618122
60.910774,-82.344400,-260.000000,12.503768,7.576001
61.430774,-82.344400,-260.000000,12.490203,7.460635
61.950774,-82.344400,-260.000000,12.566415,7.527830
62.470774,-82.344400,-260.000000,12.437827,7.611215
62.990774,-82.344400,-260.000000,12.435767,7.520383
63.510774,-82.344400,-260.000000,12.407576,7.488917
64.030774,-82.344400,-260.000000,12.423974,7.552760
64.550774,-82.344400,-260.000000,12.327175,7.542684
65.070774,-82.344400,-260.000000,12.470405,7.544871
65.590774,-82.344400,-260.000000,12.334819,7.547872
66.110774,-82.344400,-260.000000,12.484274,7.522014
66.630774,-82.344400,-260.000000,12.326409,7.480733
67.150774,-82.344400,-260.000000,12.377975,7.493731
67.670774,-82.344400,-260.000000,12.386484,7.479527
68.190774,-82.344400,-260.000000,12.492393,7.505295
68.710774,-82.344400,-260.000000,12.361898,7.616604
69.230774,-82.344400,-260.000000,12.485151,7.555437
69.750774,-82.344400,-260.000000,12.567282,7.507719
70.270774,-82.344400,-260.000000,12.192828,7.473845
70.790774,-82.344400,-260.000000,12.417935,7.437800
71.310774,-82.344400,-260.000000,12.316520,7.542263
71.830774,-82.344400,-260.000000,12.392585,7.568218
72.350774,-82.344400,-260.000000,12.379776,7.512839
72.870774,-82.344400,-260.000000,12.653455,7.626751
73.390774,-82.344400,-260.000000,12.286574,7.446706
73.910774,-82.344400,-260.000000,12.520463,7.409144
74.430774,-82.344400,-260.000000,12.316078,7.451570
74.950774,-82.344400,-260.000000,12.496103,7.513291
75.470774,-82.344400,-260.000000,12.397170,7.518299
75.990774,-82.344400,-260.000000,12.331725,7.558393
13.070774,-81.824400,-260.000000,12.425052,7.157127
13.590774,-81.824400,-260.000000,12.312231,7.182482
14.110774,-81.824400,-260.000000,12.303237,7.273982
14.630774,-81.824400,-260.000000,12.356492,7.336144
15.150774,-81.824400,-260.000000,12.360972,7.322508
15.670774,-81.824400,-260.000000,12.573499,7.290837
16.190774,-81.824400,-260.000000,12.345220,7.340429
16.710774,-81.824400,-260.000000,12.312050,7.409144
17.230774,-81.824400,-260.000000,12.280520,7.368224
17.750774,-81.824400,-260.000000,12.118562,7.298304
18.270774,-81.824400,-260.000000,12.290744,7.427933
18.790774,-81.824400,-260.000000,12.420090,7.426931
19.310774,-81.824400,-260.000000,12.114879,7.390574
19.830774,-81.824400,-260.000000,12.343960,7.438780
20.350774,-81.824400,-260.000000,12.246654,7.443619
20.870774,-81.824400,-260.000000,12.293189,7.487313
21.390774,-81.824400,-260.000000,12.602828,7.453038
21.910774,-81.824400,-260.000000,12.406968,7.514502
22.430774,-81.824400,-260.000000,12.383706,7.460179
22.950774,-81.824400,-260.000000,12.463540,7.519262
23.470774,-81.824400,-260.000000,12.500553,7.481757
23.990774,-81.824400,-260.000000,12.339213,7.475377
24.510774,-81.824400,-260.000000,12.178809,7.407130
25.030774,-81.824400,-260.000000,12.592631,7.523785
25.550774,-81.824400,-260.000000,12.209481,7.415541
26.070774,-81.824400,-260.000000,12.398086,7.545594
26.590774,-81.824400,-260.000000,12.509647,7.521035
27.110774,-81.824400,-260.000000,12.549520,7.565760
27.630774,-81.824400,-260.000000,12.293447,7.468840
28.150774,-81.824400,-260.000000,12.321304,7.459908
28.670774,-81.824400,-260.000000,12.682821,7.621665
29.190774,-81.824400,-260.000000,12.274830,7.491693
29.710774,-81.824400,-260.000000,12.396174,7.467907
30.230774,-81.824400,-260.000000,12.299548,7.413699
30.750774,-81.824400,-260.000000,12.255699,7.453012
31.270774,-81.824400,-260.000000,12.543601,7.515936
31.790774,-81.824400,-260.000000,12.266067,7.535225
32.310774,-81.824400,-260.000000,12.359850,7.574531
32.830774,-81.824400,-260.000000,12.359025,7.414977
33.350774,-81.824400,-260.000000,12.382571,7.540404
33.870774,-81.824400,-260.000000,12.174021,7.378327
34.390774,-81.824400,-260.000000,12.303648,7.520813
34.910774,-81.824400,-260.000000,12.321071,7.531209
35.430774,-81.824400,-260.000000,12.314118,7.524732
35.950774,-81.824400,-260.000000,12.379475,7.544061
36.470774,-81.824400,-260.000000,12.501303,7.573882
36.990774,-81.824400,-260.000000,12.123931,7.485445
37.510774,-81.824400,-260.000000,12.389533,7.568543
38.030774,-81.824400,-260.000000,12.465376,7.542463
38.550774,-81.824400,-260.000000,12.568407,7.542642
39.070774,-81.824400,-260.000000,12.295508,7.508027
39.590774,-81.824400,-260.000000,12.289865,7.507096
40.110774,-81.824400,-260.000000,12.473917,7.541873
40.630774,-81.824400,-260.000000,12.638235,7.486320
41.150774,-81.824400,-260.000000,12.164868,7.503137
41.670774,-81.824400,-260.000000,12.304179,7.567452
42.190774,-81.824400,-260.000000,12.052990,7.482936
42.710774,-81.824400,-260.000000,12.443326,7.584033
43.230774,-81.824400,-260.000000,12.398906,7.610955
43.750774,-81.824400,-260.000000,12.169797,7.474118
44.270774,-81.824400,-260.000000,12.391580,7.509086
44.790774,-81.824400,-260.000000,12.382829,7.559844
45.310774,-81.824400,-260.000000,12.430879,7.601120
45.830774,-81.824400,-260.000000,12.529186,7.605635
46.350774,-81.824400,-260.000000,12.505061,7.560388
46.870774,-81.824400,-260.000000,12.612946,7.669199
47.390774,-81.824400,-260.000000,12.497466,7.528898
47.910774,-81.824400,-260.000000,12.382078,7.600378
48.430774,-81.824400,-260.000000,12.111650,7.516325
48.950774,-81.824400,-260.000000,12.312219,7.542017
49.470774,-81.824400,-260.000000,12.525962,7.556966
49.990774,-81.824400,-260.000000,12.641345,7.624099
50.510774,-81.824400,-260.000000,12.530371,7.532510
51.030774,-81.824400,-260.000000,12.475503,7.492272
51.550774,-81.824400,-260.000000,12.233291,7.471118
52.070774,-81.824400,-260.000000,12.678191,7.586474
52.590774,-81.824400,-260.000000,12.453261,7.582245
53.110774,-81.824400,-260.000000,12.399325,7.524341
53.630774,-81.824400,-260.000000,12.443089,7.472868
54.150774,-81.824400,-260.000000,12.343464,7.571525
54.670774,-81.824400,-260.000000,12.365497,7.557860
55.190774,-81.824400,-260.000000,12.258151,7.476136
55.710774,-81.824400,-260.000000,12.318198,7.454065
56.230774,-81.824400,-260.000000,12.503603,7.619395
56.750774,-81.824400,-260.000000,12.549802,7.576685
57.270774,-81.824400,-260.000000,12.457703,7.565589
57.790774,-81.824400,-260.000000,12.309330,7.520942
58.310774,-81.824400,-260.000000,12.360108,7.499914
58.830774,-81.824400,-260.000000,12.492334,7.524456
59.350774,-81.824400,-260.000000,12.349769,7.590868
59.870774,-81.824400,-260.000000,12.442023,7.561711
60.390774,-81.824400,-260.000000,12.518525,7.661530
60.910774,-81.824400,-260.000000,12.470619,7.567555
61.430774,-81.824400,-260.000000,12.499726,7.465337
61.950774,-81.824400,-260.000000,12.546522,7.518718
62.470774,-81.824400,-260.000000,12.440718,7.581007
62.990774,-81.824400,-260.000000,12.422928,7.543669
63.510774,-81.824400,-260.000000,12.452340,7.533751
64.030774,-81.824400,-260.000000,12.431476,7.572377
64.550774,-81.824400,-260.000000,12.412106,7.559783
65.070774,-81.824400,-260.000000,12.380837,7.576828
65.590774,-81.824400,-260.000000,12.301574,7.530764
66.110774,-81.824400,-260.000000,12.428206,7.522459
66.630774,-81.824400,-260.000000,12.303747,7.505219
67.150774,-81.824400,-260.000000,12.394922,7.519526
67.670774,-81.824400,-260.000000,12.390517,7.490979
68.190774,-81.824400,-260.000000,12.438889,7.511558
68.710774,-81.824400,-260.000000,12.376887,7.636789
69.230774,-81.824400,-260.000000,12.409775,7.501606
69.750774,-81.824400,-260.000000,12.551971,7.518952
70.270774,-81.824400,-260.000000,12.298414,7.505431
70.790774,-81.824400,-260.000000,12.346814,7.449098
71.310774,-81.824400,-260.000000,12.307525,7.565477
71.830774,-81.824400,-260.000000,12.359839,7.580972
72.350774,-81.824400,-260.000000,12.368812,7.531407
72.870774,-81.824400,-260.000000,12.669311,7.624120
73.390774,-81.824400,-260.000000,12.278145,7.445528
73.910774,-81.824400,-260.000000,12.491263,7.410552
74.430774,-81.824400,-260.000000,12.295259,7.461631
74.950774,-81.824400,-260.000000,12.385762,7.499785
75.470774,-81.824400,-260.000000,12.380916,7.531159
75.990774,-81.824400,-260.000000,12.287363,7.552781
13.070774,-81.304400,-260.000000,12.459015,7.167040
75.990774,-81.304400,-260.000000,12.288550,7.559327
13.070774,-82.344400,-259.000000,12.597239,7.185116
13.590774,-82.344400,-259.000000,12.384381,7.159213
14.110774,-82.344400,-259.000000,12.456660,7.241009
14.630774,-82.344400,-259.000000,12.168740,7.295412
15.150774,-82.344400,-259.000000,12.385278,7.298484
15.670774,-82.344400,-259.000000,12.191813,7.326642
16.190774,-82.344400,-259.000000,12.228968,7.352389
16.710774,-82.344400,-259.000000,12.416723,7.408944
17.230774,-82.344400,-259.000000,12.483576,7.381836
17.750774,-82.344400,-259.000000,12.341548,7.282603
18.270774,-82.344400,-259.000000,12.323015,7.335908
18.790774,-82.344400,-259.000000,12.589389,7.455322
19.310774,-82.344400,-259.000000,12.401340,7.405748
19.830774,-82.344400,-259.000000,12.298499,7.345845
20.350774,-82.344400,-259.000000,12.541261,7.358159
20.870774,-82.344400,-259.000000,12.301256,7.441101
21.390774,-82.344400,-259.000000,12.323970,7.401349
21.910774,-82.344400,-259.000000,12.435187,7.492304
22.430774,-82.344400,-259.000000,12.310702,7.402343
22.950774,-82.344400,-259.000000,12.221361,7.466743
23.470774,-82.344400,-259.000000,12.250751,7.443652
23.990774,-82.344400,-259.000000,12.354799,7.475099
24.510774,-82.344400,-259.000000,12.204628,7.411060
25.030774,-82.344400,-259.000000,12.605235,7.463992
25.550774,-82.344400,-259.000000,12.126668,7.423024
26.070774,-82.344400,-259.000000,12.242328,7.439173
26.590774,-82.344400,-259.000000,12.583095,7.636375
27.110774,-82.344400,-259.000000,12.469260,7.438878
27.630774,-82.344400,-259.000000,12.351261,7.499630
28.150774,-82.344400,-259.000000,12.425442,7.524096
28.670774,-82.344400,-259.000000,12.419489,7.514417
29.190774,-82.344400,-259.000000,12.194525,7.532598
29.710774,-82.344400,-259.000000,12.421500,7.455296
30.230774,-82.344400,-259.000000,12.274514,7.397769
30.750774,-82.344400,-259.000000,12.637418,7.576542
31.270774,-82.344400,-259.000000,12.297688,7.461021
31.790774,-82.344400,-259.000000,12.177849,7.527575
32.310774,-82.344400,-259.000000,12.477921,7.627407
32.830774,-82.344400,-259.000000,12.399528,7.515704
33.350774,-82.344400,-259.000000,12.200658,7.534309
33.870774,-82.344400,-259.000000,12.452851,7.534862
34.390774,-82.344400,-259.000000,12.598857,7.616287
34.910774,-82.344400,-259.000000,12.530488,7.566114
35.430774,-82.344400,-259.000000,12.465789,7.472600
35.950774,-82.344400,-259.000000,12.278309,7.493490
36.470774,-82.344400,-259.000000,12.641754,7.592243
36.990774,-82.344400,-259.000000,12.224546,7.544371
37.510774,-82.344400,-259.000000,12.397583,7.529313
38.030774,-82.344400,-259.000000,12.431361,7.530805
38.550774,-82.344400,-259.000000,12.527411,7.438453
39.070774,-82.344400,-259.000000,12.534388,7.571907
39.590774,-82.344400,-259.000000,12.285147,7.449997
40.110774,-82.344400,-259.000000,12.406116,7.527157
40.630774,-82.344400,-259.000000,12.430615,7.534917
41.150774,-82.344400,-259.000000,12.373310,7.511554
41.670774,-82.344400,-259.000000,12.474590,7.587863
42.190774,-82.344400,-259.000000,12.128284,7.461753
42.710774,-82.344400,-259.000000,12.305186,7.431755
43.230774,-82.344400,-259.000000,12.486917,7.610378
43.750774,-82.344400,-259.000000,12.330447,7.539007
44.270774,-82.344400,-259.000000,12.486808,7.515153
44.790774,-82.344400,-259.000000,12.400764,7.578108
45.310774,-82.344400,-259.000000,12.386189,7.561532
45.830774,-82.344400,-259.000000,12.270607,7.487298
46.350774,-82.344400,-259.000000,12.075524,7.493871
46.870774,-82.344400,-259.000000,12.319228,7.464371
47.390774,-82.344400,-259.000000,12.292787,7.546504
47.910774,-82.344400,-259.000000,12.485702,7.591599
48.430774,-82.344400,-259.000000,12.313840,7.491514
48.950774,-82.344400,-259.000000,12.439053,7.499765
49.470774,-82.344400,-259.000000,12.291811,7.468606
49.990774,-82.344400,-259.000000,12.310220,7.548292
50.510774,-82.344400,-259.000000,12.288358,7.472353
51.030774,-82.344400,-259.000000,12.531087,7.559850
51.550774,-82.344400,-259.000000,12.491227,7.623958
52.070774,-82.344400,-259.000000,12.473370,7.538780
52.590774,-82.344400,-259.000000,12.529399,7.566099
53.110774,-82.344400,-259.000000,12.228444,7.431703
53.630774,-82.344400,-259.000000,12.333044,7.522229
54.150774,-82.344400,-259.000000,12.300547,7.415491
54.670774,-82.344400,-259.000000,12.193159,7.508212
55.190774,-82.344400,-259.000000,12.497842,7.468284
55.710774,-82.344400,-259.000000,12.414955,7.621150
56.230774,-82.344400,-259.000000,12.394618,7.577560
56.750774,-82.344400,-259.000000,12.113416,7.410076
57.270774,-82.344400,-259.000000,12.234633,7.499050
57.790774,-82.344400,-259.000000,12.267908,7.470691
58.310774,-82.344400,-259.000000,12.522079,7.564638
58.830774,-82.344400,-259.000000,12.506357,7.537232
59.350774,-82.344400,-259.000000,12.304285,7.580948
59.870774,-82.344400,-259.000000,12.227302,7.484117
60.390774,-82.344400,-259.000000,12.393756,7.441616
60.910774,-82.344400,-259.000000,12.382254,7.577127
61.430774,-82.344400,-259.000000,12.339096,7.599480
61.950774,-82.344400,-259.000000,12.302972,7.458184
62.470774,-82.344400,-259.000000,12.502028,7.554960
62.990774,-82.344400,-259.000000,12.201491,7.458777
63.510774,-82.344400,-259.000000,12.379875,7.512410
64.030774,-82.344400,-259.000000,12.330229,7.593227
64.550774,-82.344400,-259.000000,12.343554,7.523923
65.070774,-82.344400,-259.000000,12.359408,7.579586
65.590774,-82.344400,-259.000000,12.271716,7.458444
66.110774,-82.344400,-259.000000,12.587450,7.575708
66.630774,-82.344400,-259.000000,12.504069,7.535935
67.150774,-82.344400,-259.000000,12.413946,7.532276
67.670774,-82.344400,-259.000000,12.131327,7.519992
68.190774,-82.344400,-259.000000,12.354109,7.523826
68.710774,-82.344400,-259.000000,12.582582,7.538518
69.230774,-82.344400,-259.000000,12.422094,7.494292
69.750774,-82.344400,-259.000000,12.183475,7.495634
70.270774,-82.344400,-259.000000,12.191167,7.482217
70.790774,-82.344400,-259.000000,12.373115,7.527544
71.310774,-82.344400,-259.000000,12.414687,7.482895
71.830774,-82.344400,-259.000000,12.265811,7.492719
72.350774,-82.344400,-259.000000,12.732627,7.608940
72.870774,-82.344400,-259.000000,12.397101,7.517158
73.390774,-82.344400,-259.000000,12.359611,7.443748
73.910774,-82.344400,-259.000000,12.468965,7.481647
74.430774,-82.344400,-259.000000,12.555744,7.571128
74.950774,-82.344400,-259.000000,12.444130,7.475103
75.470774,-82.344400,-259.000000,12.470118,7.441885
75.990774,-82.344400,-259.000000,12.454628,7.492514
13.070774,-81.824400,-259.000000,12.565375,7.197270
13.590774,-81.824400,-259.000000,12.403327,7.185123
14.110774,-81.824400,-259.000000,12.470307,7.237726
14.630774,-81.824400,-259.000000,12.141948,7.294655
15.150774,-81.824400,-259.000000,12.383043,7.305822
15.670774,-81.824400,-259.000000,12.243149,7.356604
16.190774,-81.824400,-259.000000,12.209352,7.359997
16.710774,-81.824400,-259.000000,12.480083,7.427894
17.230774,-81.824400,-259.000000,12.527564,7.384358
17.750774,-81.824400,-259.000000,12.354724,7.304756
18.270774,-81.824400,-259.000000,12.322066,7.344200
18.790774,-81.824400,-259.000000,12.601836,7.467500
19.310774,-81.824400,-259.000000,12.392535,7.416143
19.830774,-81.824400,-259.000000,12.332175,7.360359
20.350774,-81.824400,-259.000000,12.488840,7.371746
20.870774,-81.824400,-259.000000,12.385355,7.470599
21.390774,-81.824400,-259.000000,12.327033,7.373559
21.910774,-81.824400,-259.000000,12.409923,7.481898
22.430774,-81.824400,-259.000000,12.370585,7.424272
22.950774,-81.824400,-259.000000,12.165005,7.444326
23.470774,-81.824400,-259.000000,12.321577,7.478708
23.990774,-81.824400,-259.000000,12.302588,7.473437
24.510774,-81.824400,-259.000000,12.216148,7.416816
25.030774,-81.824400,-259.000000,12.535574,7.456022
25.550774,-81.824400,-259.000000,12.168489,7.423609
26.070774,-81.824400,-259.000000,12.295798,7.482198
26.590774,-81.824400,-259.000000,12.579110,7.640656
27.110774,-81.824400,-259.000000,12.456847,7.442149
27.630774,-81.824400,-259.000000,12.266730,7.495450
28.150774,-81.824400,-259.000000,12.453826,7.556799
28.670774,-81.824400,-259.000000,12.415446,7.536102
29.190774,-81.824400,-259.000000,12.207170,7.551867
29.710774,-81.824400,-259.000000,12.382965,7.477419
30.230774,-81.824400,-259.000000,12.322513,7.389758
30.750774,-81.824400,-259.000000,12.597010,7.589530
31.270774,-81.824400,-259.000000,12.258823,7.484252
31.790774,-81.824400,-259.000000,12.218511,7.563798
32.310774,-81.824400,-259.000000,12.465194,7.617381
32.830774,-81.824400,-259.000000,12.347244,7.501483
33.350774,-81.824400,-259.000000,12.197091,7.540338
33.870774,-81.824400,-259.000000,12.516616,7.540674
34.390774,-81.824400,-259.000000,12.633904,7.618932
34.910774,-81.824400,-259.000000,12.429420,7.546689
35.430774,-81.824400,-259.000000,12.386784,7.457649
35.950774,-81.824400,-259.000000,12.295547,7.488738
36.470774,-81.824400,-259.000000,12.650664,7.599524
36.990774,-81.824400,-259.000000,12.203666,7.545993
37.510774,-81.824400,-259.000000,12.363647,7.546150
38.030774,-81.824400,-259.000000,12.430259,7.568595
38.550774,-81.824400,-259.000000,12.514747,7.453780
39.070774,-81.824400,-259.000000,12.463218,7.582846
39.590774,-81.824400,-259.000000,12.244967,7.443365
40.110774,-81.824400,-259.000000,12.458127,7.554664
40.630774,-81.824400,-259.000000,12.326546,7.492747
41.150774,-81.824400,-259.000000,12.396955,7.533712
41.670774,-81.824400,-259.000000,12.475916,7.585387
42.190774,-81.824400,-259.000000,12.077971,7.465586
42.710774,-81.824400,-259.000000,12.282723,7.436594
43.230774,-81.824400,-259.000000,12.417796,7.604484
43.750774,-81.824400,-259.000000,12.319913,7.567503
44.270774,-81.824400,-259.000000,12.431283,7.540404
44.790774,-81.824400,-259.000000,12.353962,7.553782
45.310774,-81.824400,-259.000000,12.409492,7.553343
45.830774,-81.824400,-259.000000,12.308689,7.485844
46.350774,-81.824400,-259.000000,12.141624,7.490591
46.870774,-81.824400,-259.000000,12.295691,7.477564
47.390774,-81.824400,-259.000000,12.268914,7.569093
47.910774,-81.824400,-259.000000,12.510486,7.590080
48.430774,-81.824400,-259.000000,12.295829,7.481156
48.950774,-81.824400,-259.000000,12.397067,7.499109
49.470774,-81.824400,-259.000000,12.275290,7.479437
49.990774,-81.824400,-259.000000,12.331017,7.571974
50.510774,-81.824400,-259.000000,12.296700,7.498071
51.030774,-81.824400,-259.000000,12.473782,7.553851
51.550774,-81.824400,-259.000000,12.461433,7.620626
52.070774,-81.824400,-259.000000,12.428316,7.550376
52.590774,-81.824400,-259.000000,12.551967,7.571394
53.110774,-81.824400,-259.000000,12.185443,7.462408
53.630774,-81.824400,-259.000000,12.357244,7.511292
54.150774,-81.824400,-259.000000,12.204023,7.433282
54.670774,-81.824400,-259.000000,12.272857,7.529633
55.190774,-81.824400,-259.000000,12.481933,7.452136
55.710774,-81.824400,-259.000000,12.370700,7.590499
56.230774,-81.824400,-259.000000,12.330231,7.571915
56.750774,-81.824400,-259.000000,12.075915,7.427644
57.270774,-81.824400,-259.000000,12.207274,7.491403
57.790774,-81.824400,-259.000000,12.269831,7.481956
58.310774,-81.824400,-259.000000,12.513847,7.575830
58.830774,-81.824400,-259.000000,12.446612,7.531719
59.350774,-81.824400,-259.000000,12.294372,7.589631
59.870774,-81.824400,-259.000000,12.261271,7.499196
60.390774,-81.824400,-259.000000,12.349438,7.429535
60.910774,-81.824400,-259.000000,12.366286,7.578952
61.430774,-81.824400,-259.000000,12.335513,7.625872
61.950774,-81.824400,-259.000000,12.285026,7.467852
62.470774,-81.824400,-259.000000,12.462605,7.561607
62.990774,-81.824400,-259.000000,12.224211,7.462029
63.510774,-81.824400,-259.000000,12.318467,7.504640
64.030774,-81.824400,-259.000000,12.336173,7.599906
64.550774,-81.824400,-259.000000,12.299293,7.518677
65.070774,-81.824400,-259.000000,12.329671,7.588792
65.590774,-81.824400,-259.000000,12.302948,7.490231
66.110774,-81.824400,-259.000000,12.585831,7.561461
66.630774,-81.824400,-259.000000,12.452434,7.543447
67.150774,-81.824400,-259.000000,12.402848,7.535600
67.670774,-81.824400,-259.000000,12.141433,7.499177
68.190774,-81.824400,-259.000000,12.353316,7.552295
68.710774,-81.824400,-259.000000,12.564650,7.547355
69.230774,-81.824400,-259.000000,12.439341,7.503047
69.750774,-81.824400,-259.000000,12.170127,7.505243
70.270774,-81.824400,-259.000000,12.177524,7.477360
70.790774,-81.824400,-259.000000,12.364780,7.536396
71.310774,-81.824400,-259.000000,12.451110,7.464258
71.830774,-81.824400,-259.000000,12.239697,7.480511
72.350774,-81.824400,-259.000000,12.676553,7.599107
72.870774,-81.824400,-259.000000,12.295306,7.528183
73.390774,-81.824400,-259.000000,12.397520,7.449504
73.910774,-81.824400,-259.000000,12.499105,7.478419
74.430774,-81.824400,-259.000000,12.472808,7.555994
74.950774,-81.824400,-259.000000,12.462813,7.487623
75.470774,-81.824400,-259.000000,12.448360,7.438855
75.990774,-81.824400,-259.000000,12.442866,7.495996
13.070774,-81.304400,-259.000000,12.547506,7.212564
75.990774,-81.304400,-259.000000,12.399889,7.492270
13.070774,-82.344400,-258.000000,12.370896,7.211047
13.590774,-82.344400,-258.000000,12.421577,7.152936
14.110774,-82.344400,-258.000000,12.398741,7.260798
14.630774,-82.344400,-258.000000,12.205758,7.234252
15.150774,-82.344400,-258.000000,12.528125,7.342636
15.670774,-82.344400,-258.000000,12.349710,7.232176
16.190774,-82.344400,-258.000000,12.440575,7.308126
16.710774,-82.344400,-258.000000,12.556208,7.392411
17.230774,-82.344400,-258.000000,12.325355,7.367289
17.750774,-82.344400,-258.000000,12.317878,7.463182
18.270774,-82.344400,-258.000000,12.441658,7.438562
18.790774,-82.344400,-258.000000,12.574895,7.488981
19.310774,-82.344400,-258.000000,12.487693,7.462825
19.830774,-82.344400,-258.000000,12.471427,7.503202
20.350774,-82.344400,-258.000000,12.458944,7.444460
20.870774,-82.344400,-258.000000,12.471612,7.421616
21.390774,-82.344400,-258.000000,12.508569,7.466385
21.910774,-82.344400,-258.000000,12.337394,7.485976
22.430774,-82.344400,-258.000000,12.576514,7.535455
22.950774,-82.344400,-258.000000,12.455830,7.516355
23.470774,-82.344400,-258.000000,12.374022,7.423484
23.990774,-82.344400,-258.000000,12.613051,7.514902
24.510774,-82.344400,-258.000000,12.461584,7.485662
25.030774,-82.344400,-258.000000,12.424149,7.411694
25.550774,-82.344400,-258.000000,12.440542,7.554424
26.070774,-82.344400,-258.000000,12.441720,7.516638
26.590774,-82.344400,-258.000000,12.284180,7.436997
27.110774,-82.344400,-258.000000,12.203530,7.377873
27.630774,-82.344400,-258.000000,12.529347,7.503469
28.150774,-82.344400,-258.000000,12.204029,7.460108
28.670774,-82.344400,-258.000000,12.213598,7.532359
29.190774,-82.344400,-258.000000,12.323321,7.519412
29.710774,-82.344400,-258.000000,12.389812,7.526830
30.230774,-82.344400,-258.000000,12.150643,7.422194
30.750774,-82.344400,-258.000000,12.415338,7.519561
31.270774,-82.344400,-258.000000,12.127424,7.433136
31.790774,-82.344400,-258.000000,12.243896,7.556847
32.310774,-82.344400,-258.000000,12.460120,7.455739
32.830774,-82.344400,-258.000000,12.265804,7.589283
33.350774,-82.344400,-258.000000,12.078769,7.468587
33.870774,-82.344400,-258.000000,12.431098,7.605820
34.390774,-82.344400,-258.000000,12.359319,7.553298
34.910774,-82.344400,-258.000000,12.430462,7.637498
35.430774,-82.344400,-258.000000,12.466251,7.568068
35.950774,-82.344400,-258.000000,12.353976,7.530354
36.470774,-82.344400,-258.000000,12.462745,7.496460
36.990774,-82.344400,-258.000000,12.412296,7.519369
37.510774,-82.344400,-258.000000,12.455256,7.574618
38.030774,-82.344400,-258.000000,12.491488,7.452559
38.550774,-82.344400,-258.000000,12.584249,7.614714
39.070774,-82.344400,-258.000000,12.294679,7.433204
39.590774,-82.344400,-258.000000,12.276221,7.450655
40.110774,-82.344400,-258.000000,12.296818,7.578047
40.630774,-82.344400,-258.000000,12.281529,7.564972
41.150774,-82.344400,-258.000000,12.159354,7.528188
41.670774,-82.344400,-258.000000,12.524764,7.516566
42.190774,-82.344400,-258.000000,12.350928,7.485697
42.710774,-82.344400,-258.000000,12.486027,7.577027
43.230774,-82.344400,-258.000000,12.572115,7.581383
43.750774,-82.344400,-258.000000,12.168055,7.570472
44.270774,-82.344400,-258.000000,12.417531,7.580307
44.790774,-82.344400,-258.000000,12.352381,7.472401
45.310774,-82.344400,-258.000000,12.278548,7.506663
45.830774,-82.344400,-258.000000,12.401149,7.626467
46.350774,-82.344400,-258.000000,12.286386,7.513171
46.870774,-82.344400,-258.000000,12.278008,7.598625
47.390774,-82.344400,-258.000000,12.479570,7.519652
47.910774,-82.344400,-258.000000,12.465449,7.507211
48.430774,-82.344400,-258.000000,12.422954,7.475668
48.950774,-82.344400,-258.000000,12.470243,7.539056
49.470774,-82.344400,-258.000000,12.232076,7.526901
49.990774,-82.344400,-258.000000,12.466719,7.691704
50.510774,-82.344400,-258.000000,12.446975,7.567489
51.030774,-82.344400,-258.000000,12.170377,7.481431
51.550774,-82.344400,-258.000000,12.258968,7.535719
52.070774,-82.344400,-258.000000,12.477080,7.529849
52.590774,-82.344400,-258.000000,12.519977,7.530200
53.110774,-82.344400,-258.000000,12.414603,7.474935
53.630774,-82.344400,-258.000000,12.624258,7.513010
54.150774,-82.344400,-258.000000,12.330396,7.532229
54.670774,-82.344400,-258.000000,12.568500,7.496909
55.190774,-82.344400,-258.000000,12.404494,7.553145
55.710774,-82.344400,-258.000000,12.388753,7.542313
56.230774,-82.344400,-258.000000,12.267428,7.568453
56.750774,-82.344400,-258.000000,12.493510,7.552414
57.270774,-82.344400,-258.000000,12.473480,7.545359
57.790774,-82.344400,-258.000000,12.417140,7.508527
58.310774,-82.344400,-258.000000,12.298362,7.507060
58.830774,-82.344400,-258.000000,12.372425,7.517899
59.350774,-82.344400,-258.000000,12.324412,7.534950
59.870774,-82.344400,-258.000000,12.460693,7.549748
60.390774,-82.344400,-258.000000,12.213341,7.459313
60.910774,-82.344400,-258.000000,12.399016,7.568695
61.430774,-82.344400,-258.000000,12.241561,7.475275
61.950774,-82.344400,-258.000000,12.440514,7.561046
62.470774,-82.344400,-258.000000,12.377810,7.623550
62.990774,-82.344400,-258.000000,12.269007,7.550910
63.510774,-82.344400,-258.000000,12.515609,7.508241
64.030774,-82.344400,-258.000000,12.563891,7.546370
64.550774,-82.344400,-258.000000,12.402569,7.464012
65.070774,-82.344400,-258.000000,12.340366,7.516504
65.590774,-82.344400,-258.000000,12.555122,7.475428
66.110774,-82.344400,-258.000000,12.074603,7.508131
66.630774,-82.344400,-258.000000,12.233447,7.429003
67.150774,-82.344400,-258.000000,12.404117,7.527381
67.670774,-82.344400,-258.000000,12.300491,7.456485
68.190774,-82.344400,-258.000000,12.287124,7.439173
68.710774,-82.344400,-258.000000,12.227036,7.473219
69.230774,-82.344400,-258.000000,12.474564,7.632604
69.750774,-82.344400,-258.000000,12.332711,7.480122
70.270774,-82.344400,-258.000000,12.413907,7.454597
70.790774,-82.344400,-258.000000,12.523629,7.577404
71.310774,-82.344400,-258.000000,12.302775,7.452557
71.830774,-82.344400,-258.000000,12.384441,7.507395
72.350774,-82.344400,-258.000000,12.484186,7.489874
72.870774,-82.344400,-258.000000,12.503701,7.412138
73.390774,-82.344400,-258.000000,12.268797,7.388555
73.910774,-82.344400,-258.000000,12.543638,7.507123
74.430774,-82.344400,-258.000000,12.215514,7.442155
74.950774,-82.344400,-258.000000,12.265960,7.389252
75.470774,-82.344400,-258.000000,12.197987,7.443888
75.990774,-82.344400,-258.000000,12.321675,7.446043
13.070774,-81.824400,-258.000000,12.356853,7.228904
13.590774,-81.824400,-258.000000,12.386008,7.146490
14.110774,-81.824400,-258.000000,12.388201,7.296289
14.630774,-81.824400,-258.000000,12.273021,7.238461
15.150774,-81.824400,-258.000000,12.437626,7.334585
15.670774,-81.824400,-258.000000,12.342422,7.264372
16.190774,-81.824400,-258.000000,12.390510,7.309689
16.710774,-81.824400,-258.000000,12.523807,7.387060
17.230774,-81.824400,-258.000000,12.325437,7.369160
17.750774,-81.824400,-258.000000,12.304440,7.480478
18.270774,-81.824400,-258.000000,12.396109,7.461148
18.790774,-81.824400,-258.000000,12.543809,7.492722
19.310774,-81.824400,-258.000000,12.430746,7.475066
19.830774,-81.824400,-258.000000,12.557208,7.514040
20.350774,-81.824400,-258.000000,12.473365,7.471343
20.870774,-81.824400,-258.000000,12.435456,7.435211
21.390774,-81.824400,-258.000000,12.454982,7.485546
21.910774,-81.824400,-258.000000,12.342311,7.502360
22.430774,-81.824400,-258.000000,12.557738,7.527673
22.950774,-81.824400,-258.000000,12.469193,7.536197
23.470774,-81.824400,-258.000000,12.379515,7.440168
23.990774,-81.824400,-258.000000,12.661108,7.528645
24.510774,-81.824400,-258.000000,12.542917,7.478586
25.030774,-81.824400,-258.000000,12.422585,7.428586
25.550774,-81.824400,-258.000000,12.402530,7.543597
26.070774,-81.824400,-258.000000,12.416032,7.514264
26.590774,-81.824400,-258.000000,12.318092,7.462741
27.110774,-81.824400,-258.000000,12.127505,7.406891
27.630774,-81.824400,-258.000000,12.561842,7.532823
28.150774,-81.824400,-258.000000,12.145062,7.446279
28.670774,-81.824400,-258.000000,12.243081,7.532164
29.190774,-81.824400,-258.000000,12.276552,7.560619
29.710774,-81.824400,-258.000000,12.374122,7.528171
30.230774,-81.824400,-258.000000,12.172493,7.447727
30.750774,-81.824400,-258.000000,12.374792,7.505735
31.270774,-81.824400,-258.000000,12.208510,7.453374
31.790774,-81.824400,-258.000000,12.250344,7.543860
32.310774,-81.824400,-258.000000,12.419549,7.458514
32.830774,-81.824400,-258.000000,12.304236,7.602605
33.350774,-81.824400,-258.000000,12.091997,7.477870
33.870774,-81.824400,-258.000000,12.356383,7.625142
34.390774,-81.824400,-258.000000,12.343182,7.569151
34.910774,-81.824400,-258.000000,12.423312,7.646185
35.430774,-81.824400,-258.000000,12.438715,7.583070
35.950774,-81.824400,-258.000000,12.398364,7.592951
36.470774,-81.824400,-258.000000,12.451638,7.506938
36.990774,-81.824400,-258.000000,12.442343,7.523130
37.510774,-81.824400,-258.000000,12.342331,7.588271
38.030774,-81.824400,-258.000000,12.558796,7.475190
38.550774,-81.824400,-258.000000,12.534786,7.623289
39.070774,-81.824400,-258.000000,12.295918,7.476036
39.590774,-81.824400,-258.000000,12.280080,7.472665
40.110774,-81.824400,-258.000000,12.299544,7.597635
40.630774,-81.824400,-258.000000,12.279694,7.584936
41.150774,-81.824400,-258.000000,12.171419,7.533062
41.670774,-81.824400,-258.000000,12.519035,7.511469
42.190774,-81.824400,-258.000000,12.337692,7.484886
42.710774,-81.824400,-258.000000,12.521314,7.628775
43.230774,-81.824400,-258.000000,12.512961,7.570638
43.750774,-81.824400,-258.000000,12.279301,7.583608
44.270774,-81.824400,-258.000000,12.385895,7.568325
44.790774,-81.824400,-258.000000,12.363316,7.480963
45.310774,-81.824400,-258.000000,12.236562,7.543506
45.830774,-81.824400,-258.000000,12.408976,7.626900
46.350774,-81.824400,-258.000000,12.295419,7.567386
46.870774,-81.824400,-258.000000,12.302317,7.613081
47.390774,-81.824400,-258.000000,12.445584,7.487119
47.910774,-81.824400,-258.000000,12.421240,7.505256
48.430774,-81.824400,-258.000000,12.419148,7.491151
48.950774,-81.824400,-258.000000,12.465435,7.583522
49.470774,-81.824400,-258.000000,12.205039,7.523530
49.990774,-81.824400,-258.000000,12.584915,7.688852
50.510774,-81.824400,-258.000000,12.375629,7.556581
51.030774,-81.824400,-258.000000,12.187559,7.471513
51.550774,-81.824400,-258.000000,12.324870,7.542721
52.070774,-81.824400,-258.000000,12.432358,7.538648
52.590774,-81.824400,-258.000000,12.522371,7.566365
53.110774,-81.824400,-258.000000,12.359079,7.465241
53.630774,-81.824400,-258.000000,12.581360,7.514762
54.150774,-81.824400,-258.000000,12.289344,7.539616
54.670774,-81.824400,-258.000000,12.580793,7.502965
55.190774,-81.824400,-258.000000,12.420250,7.541924
55.710774,-81.824400,-258.000000,12.379224,7.559789
56.230774,-81.824400,-258.000000,12.295003,7.558827
56.750774,-81.824400,-258.000000,12.516859,7.548003
57.270774,-81.824400,-258.000000,12.431589,7.552723
57.790774,-81.824400,-258.000000,12.394200,7.506462
58.310774,-81.824400,-258.000000,12.359622,7.562975
58.830774,-81.824400,-258.000000,12.347715,7.513307
59.350774,-81.824400,-258.000000,12.263446,7.535745
59.870774,-81.824400,-258.000000,12.447338,7.550725
60.390774,-81.824400,-258.000000,12.197936,7.480654
60.910774,-81.824400,-258.000000,12.376346,7.552720
61.430774,-81.824400,-258.000000,12.277507,7.498765
61.950774,-81.824400,-258.000000,12.350945,7.562161
62.470774,-81.824400,-258.000000,12.436549,7.640738
62.990774,-81.824400,-258.000000,12.267300,7.569015
63.510774,-81.824400,-258.000000,12.512866,7.516604
64.030774,-81.824400,-258.000000,12.556502,7.527939
64.550774,-81.824400,-258.000000,12.424678,7.518597
65.070774,-81.824400,-258.000000,12.319621,7.531035
65.590774,-81.824400,-258.000000,12.562340,7.496762
66.110774,-81.824400,-258.000000,12.101026,7.511970
66.630774,-81.824400,-258.000000,12.253778,7.443757
67.150774,-81.824400,-258.000000,12.427596,7.537399
67.670774,-81.824400,-258.000000,12.311603,7.463480
68.190774,-81.824400,-258.000000,12.313819,7.477420
68.710774,-81.824400,-258.000000,12.197026,7.479989
69.230774,-81.824400,-258.000000,12.385352,7.642535
69.750774,-81.824400,-258.000000,12.360567,7.486051
70.270774,-81.824400,-258.000000,12.384687,7.480914
70.790774,-81.824400,-258.000000,12.476783,7.580351
71.310774,-81.824400,-258.000000,12.332881,7.485089
71.830774,-81.824400,-258.000000,12.319409,7.507504
72.350774,-81.824400,-258.000000,12.375643,7.497130
72.870774,-81.824400,-258.000000,12.537826,7.457254
73.390774,-81.824400,-258.000000,12.248330,7.398508
73.910774,-81.824400,-258.000000,12.491598,7.539432
74.430774,-81.824400,-258.000000,12.181999,7.446980
74.950774,-81.824400,-258.000000,12.254306,7.387605
75.470774,-81.824400,-258.000000,12.085280,7.417479
75.990774,-81.824400,-258.000000,12.397647,7.473662
13.070774,-81.304400,-258.000000,12.416636,7.261165
75.990774,-81.304400,-258.000000,12.354808,7.488500
13.070774,-82.344400,-257.000000,12.409605,7.156064
13.590774,-82.344400,-257.000000,12.380035,7.145452
14.110774,-82.344400,-257.000000,12.614584,7.268283
14.630774,-82.344400,-257.000000,12.516926,7.252909
15.150774,-82.344400,-257.000000,12.591991,7.340518
15.670774,-82.344400,-257.000000,12.425243,7.395883
16.190774,-82.344400,-257.000000,12.454743,7.395604
16.710774,-82.344400,-257.000000,12.344957,7.388479
17.230774,-82.344400,-257.000000,12.361495,7.423201
17.750774,-82.344400,-257.000000,12.424296,7.445649
18.270774,-82.344400,-257.000000,12.424267,7.415403
18.790774,-82.344400,-257.000000,12.666110,7.409904
19.310774,-82.344400,-257.000000,12.546287,7.356572
19.830774,-82.344400,-257.000000,12.324883,7.414976
20.350774,-82.344400,-257.000000,12.488692,7.524700
20.870774,-82.344400,-257.000000,12.083467,7.385237
21.390774,-82.344400,-257.000000,12.416704,7.499283
21.910774,-82.344400,-257.000000,12.414741,7.428256
22.430774,-82.344400,-257.000000,12.172211,7.450161
22.950774,-82.344400,-257.000000,12.477679,7.458421
23.470774,-82.344400,-257.000000,12.427192,7.491147
23.990774,-82.344400,-257.000000,12.467686,7.492956
24.510774,-82.344400,-257.000000,12.384345,7.464879
25.030774,-82.344400,-257.000000,12.213662,7.460748
25.550774,-82.344400,-257.000000,12.525017,7.489002
26.070774,-82.344400,-257.000000,12.218875,7.469993
26.590774,-82.344400,-257.000000,12.507907,7.506545
27.110774,-82.344400,-257.000000,12.472482,7.503168
27.630774,-82.344400,-257.000000,12.546395,7.532083
28.150774,-82.344400,-257.000000,12.305525,7.477528
28.670774,-82.344400,-257.000000,12.542956,7.496284
29.190774,-82.344400,-257.000000,12.239751,7.441697
29.710774,-82.344400,-257.000000,12.511077,7.443057
30.230774,-82.344400,-257.000000,12.180305,7.510041
30.750774,-82.344400,-257.000000,12.392648,7.502775
31.270774,-82.344400,-257.000000,12.330573,7.511738
31.790774,-82.344400,-257.000000,12.296767,7.524358
32.310774,-82.344400,-257.000000,12.122501,7.410889
32.830774,-82.344400,-257.000000,12.353558,7.509524
33.350774,-82.344400,-257.000000,12.330792,7.578286
33.870774,-82.344400,-257.000000,12.489442,7.495571
34.390774,-82.344400,-257.000000,12.271138,7.497321
34.910774,-82.344400,-257.000000,12.490802,7.447467
35.430774,-82.344400,-257.000000,12.207650,7.532407
35.950774,-82.344400,-257.000000,12.422573,7.497949
36.470774,-82.344400,-257.000000,12.415608,7.584738
36.990774,-82.344400,-257.000000,12.496978,7.479027
37.510774,-82.344400,-257.000000,12.194170,7.448247
38.030774,-82.344400,-257.000000,12.401601,7.538156
38.550774,-82.344400,-257.000000,12.277282,7.565964
39.070774,-82.344400,-257.000000,12.323754,7.512931
39.590774,-82.344400,-257.000000,12.359225,7.578167
40.110774,-82.344400,-257.000000,12.137395,7.508736
40.630774,-82.344400,-257.000000,12.301224,7.561300
41.150774,-82.344400,-257.000000,12.460525,7.539622
41.670774,-82.344400,-257.000000,12.422381,7.476476
42.190774,-82.344400,-257.000000,12.552119,7.581722
42.710774,-82.344400,-257.000000,12.401258,7.492433
43.230774,-82.344400,-257.000000,12.332984,7.475095
43.750774,-82.344400,-257.000000,12.541587,7.581054
44.270774,-82.344400,-257.000000,12.218005,7.512378
44.790774,-82.344400,-257.000000,12.463324,7.596656
45.310774,-82.344400,-257.000000,12.226845,7.508283
45.830774,-82.344400,-257.000000,12.244564,7.518699
46.350774,-82.344400,-257.000000,12.414041,7.618769
46.870774,-82.344400,-257.000000,12.354199,7.562396
47.390774,-82.344400,-257.000000,12.388625,7.457111
47.910774,-82.344400,-257.000000,12.451775,7.494158
48.430774,-82.344400,-257.000000,12.306247,7.482100
48.950774,-82.344400,-257.000000,12.232823,7.499723
49.470774,-82.344400,-257.000000,12.562165,7.498105
49.990774,-82.344400,-257.000000,12.318411,7.479870
50.510774,-82.344400,-257.000000,12.226055,7.452121
51.030774,-82.344400,-257.000000,12.540311,7.491107
51.550774,-82.344400,-257.000000,12.402853,7.598108
52.070774,-82.344400,-257.000000,12.495830,7.510573
52.590774,-82.344400,-257.000000,12.495349,7.519377
53.110774,-82.344400,-257.000000,12.319297,7.490919
53.630774,-82.344400,-257.000000,12.301333,7.481635
54.150774,-82.344400,-257.000000,12.492206,7.559240
54.670774,-82.344400,-257.000000,12.373781,7.432740
55.190774,-82.344400,-257.000000,12.452556,7.555763
55.710774,-82.344400,-257.000000,12.663258,7.606206
56.230774,-82.344400,-257.000000,12.479934,7.502370
56.750774,-82.344400,-257.000000,12.352128,7.558573
57.270774,-82.344400,-257.000000,12.535152,7.549526
57.790774,-82.344400,-257.000000,12.408303,7.528578
58.310774,-82.344400,-257.000000,12.511752,7.509869
58.830774,-82.344400,-257.000000,12.224812,7.495868
59.350774,-82.344400,-257.000000,12.575164,7.586574
59.870774,-82.344400,-257.000000,12.340020,7.512186
60.390774,-82.344400,-257.000000,12.393730,7.571933
60.910774,-82.344400,-257.000000,12.346610,7.504031
61.430774,-82.344400,-257.000000,12.461211,7.633835
61.950774,-82.344400,-257.000000,12.437393,7.563598
62.470774,-82.344400,-257.000000,12.128775,7.458506
62.990774,-82.344400,-257.000000,12.436812,7.482640
63.510774,-82.344400,-257.000000,12.394999,7.486009
64.030774,-82.344400,-257.000000,12.230361,7.487124
64.550774,-82.344400,-257.000000,12.410686,7.482423
65.070774,-82.344400,-257.000000,12.358471,7.538737
65.590774,-82.344400,-257.000000,12.346874,7.469660
66.110774,-82.344400,-257.000000,12.409592,7.523025
66.630774,-82.344400,-257.000000,12.290871,7.505908
67.150774,-82.344400,-257.000000,12.226229,7.485675
67.670774,-82.344400,-257.000000,12.345069,7.552040
68.190774,-82.344400,-257.000000,12.396341,7.488545
68.710774,-82.344400,-257.000000,12.203062,7.464330
69.230774,-82.344400,-257.000000,12.185303,7.439812
69.750774,-82.344400,-257.000000,12.333415,7.487998
70.270774,-82.344400,-257.000000,12.482990,7.515773
70.790774,-82.344400,-257.000000,12.120729,7.573326
71.310774,-82.344400,-257.000000,12.341895,7.419289
71.830774,-82.344400,-257.000000,12.254219,7.448210
72.350774,-82.344400,-257.000000,12.693772,7.526945
72.870774,-82.344400,-257.000000,12.657340,7.648765
73.390774,-82.344400,-257.000000,12.242667,7.529314
73.910774,-82.344400,-257.000000,12.489046,7.484599
74.430774,-82.344400,-257.000000,12.551511,7.498615
74.950774,-82.344400,-257.000000,12.279719,7.482751
75.470774,-82.344400,-257.000000,12.441247,7.401250
75.990774,-82.344400,-257.000000,12.192477,7.489327
13.070774,-81.824400,-257.000000,12.488673,7.145247
13.590774,-81.824400,-257.000000,12.322196,7.150689
14.110774,-81.824400,-257.000000,12.603931,7.290173
14.630774,-81.824400,-257.000000,12.431046,7.255409
15.150774,-81.824400,-257.000000,12.586319,7.321376
15.670774,-81.824400,-257.000000,12.367154,7.394161
16.190774,-81.824400,-257.000000,12.561221,7.386752
16.710774,-81.824400,-257.000000,12.250925,7.393508
17.230774,-81.824400,-257.000000,12.310966,7.447682
17.750774,-81.824400,-257.000000,12.371287,7.428578
18.270774,-81.824400,-257.000000,12.445652,7.391683
18.790774,-81.824400,-257.000000,12.635796,7.394281
19.310774,-81.824400,-257.000000,12.524682,7.364394
19.830774,-81.824400,-257.000000,12.208072,7.382288
20.350774,-81.824400,-257.000000,12.523703,7.547080
20.870774,-81.824400,-257.000000,12.056752,7.376924
21.390774,-81.824400,-257.000000,12.409922,7.502587
21.910774,-81.824400,-257.000000,12.416850,7.443661
22.430774,-81.824400,-257.000000,12.119487,7.446969
22.950774,-81.824400,-257.000000,12.464434,7.441262
23.470774,-81.824400,-257.000000,12.422491,7.510845
23.990774,-81.824400,-257.000000,12.456458,7.493083
24.510774,-81.824400,-257.000000,12.388858,7.508916
25.030774,-81.824400,-257.000000,12.238103,7.490113
25.550774,-81.824400,-257.000000,12.539205,7.494089
26.070774,-81.824400,-257.000000,12.278197,7.513181
26.590774,-81.824400,-257.000000,12.452045,7.510121
27.110774,-81.824400,-257.000000,12.421518,7.502101
27.630774,-81.824400,-257.000000,12.589580,7.535964
28.150774,-81.824400,-257.000000,12.365560,7.487779
28.670774,-81.824400,-257.000000,12.511115,7.514398
29.190774,-81.824400,-257.000000,12.249444,7.448149
29.710774,-81.824400,-257.000000,12.394427,7.442344
30.230774,-81.824400,-257.000000,12.181844,7.521367
30.750774,-81.824400,-257.000000,12.400507,7.520931
31.270774,-81.824400,-257.000000,12.359123,7.498072
31.790774,-81.824400,-257.000000,12.173206,7.497080
32.310774,-81.824400,-257.000000,12.149496,7.454969
32.830774,-81.824400,-257.000000,12.372916,7.509570
33.350774,-81.824400,-257.000000,12.315846,7.585348
33.870774,-81.824400,-257.000000,12.428347,7.486600
34.390774,-81.824400,-257.000000,12.299738,7.512044
34.910774,-81.824400,-257.000000,12.480247,7.452611
35.430774,-81.824400,-257.000000,12.221169,7.535209
35.950774,-81.824400,-257.000000,12.364503,7.501581
36.470774,-81.824400,-257.000000,12.381389,7.571094
36.990774,-81.824400,-257.000000,12.444118,7.487418
37.510774,-81.824400,-257.000000,12.178479,7.434141
38.030774,-81.824400,-257.000000,12.372695,7.530928
38.550774,-81.824400,-257.000000,12.366934,7.595670
39.070774,-81.824400,-257.000000,12.276711,7.521768
39.590774,-81.824400,-257.000000,12.345325,7.598952
40.110774,-81.824400,-257.000000,12.173805,7.497843
40.630774,-81.824400,-257.000000,12.327113,7.589628
41.150774,-81.824400,-257.000000,12.485377,7.543658
41.670774,-81.824400,-257.000000,12.254241,7.492345
42.190774,-81.824400,-257.000000,12.506415,7.580574
42.710774,-81.824400,-257.000000,12.381593,7.494715
43.230774,-81.824400,-257.000000,12.293913,7.485884
43.750774,-81.824400,-257.000000,12.499767,7.583183
44.270774,-81.824400,-257.000000,12.260920,7.553897
44.790774,-81.824400,-257.000000,12.525856,7.594298
45.310774,-81.824400,-257.000000,12.276259,7.528881
45.830774,-81.824400,-257.000000,12.170137,7.506752
46.350774,-81.824400,-257.000000,12.479307,7.624597
46.870774,-81.824400,-257.000000,12.307258,7.564513
47.390774,-81.824400,-257.000000,12.312810,7.447333
47.910774,-81.824400,-257.000000,12.455319,7.496713
48.430774,-81.824400,-257.000000,12.286404,7.457759
48.950774,-81.824400,-257.000000,12.189818,7.529485
49.470774,-81.824400,-257.000000,12.454351,7.490065
49.990774,-81.824400,-257.000000,12.254340,7.479310
50.510774,-81.824400,-257.000000,12.252364,7.485298
51.030774,-81.824400,-257.000000,12.545477,7.526586
51.550774,-81.824400,-257.000000,12.289523,7.620994
52.070774,-81.824400,-257.000000,12.470335,7.480878
52.590774,-81.824400,-257.000000,12.588669,7.561769
53.110774,-81.824400,-257.000000,12.327453,7.475273
53.630774,-81.824400,-257.000000,12.350959,7.516955
54.150774,-81.824400,-257.000000,12.520370,7.565394
54.670774,-81.824400,-257.000000,12.372937,7.452021
55.190774,-81.824400,-257.000000,12.420302,7.563758
55.710774,-81.824400,-257.000000,12.620408,7.622684
56.230774,-81.824400,-257.000000,12.506865,7.548150
56.750774,-81.824400,-257.000000,12.266196,7.524043
57.270774,-81.824400,-257.000000,12.485462,7.546988
57.790774,-81.824400,-257.000000,12.455890,7.544508
58.310774,-81.824400,-257.000000,12.431725,7.526156
58.830774,-81.824400,-257.000000,12.286089,7.491053
59.350774,-81.824400,-257.000000,12.533853,7.609160
59.870774,-81.824400,-257.000000,12.364423,7.512292
60.390774,-81.824400,-257.000000,12.379845,7.564808
60.910774,-81.824400,-257.000000,12.323703,7.549094
61.430774,-81.824400,-257.000000,12.405174,7.649007
61.950774,-81.824400,-257.000000,12.437325,7.586555
62.470774,-81.824400,-257.000000,12.125829,7.491203
62.990774,-81.824400,-257.000000,12.376825,7.491257
63.510774,-81.824400,-257.000000,12.400305,7.498872
64.030774,-81.824400,-257.000000,12.158393,7.476417
64.550774,-81.824400,-257.000000,12.415630,7.484007
65.070774,-81.824400,-257.000000,12.400323,7.520020
65.590774,-81.824400,-257.000000,12.363643,7.475521
66.110774,-81.824400,-257.000000,12.358169,7.517059
66.630774,-81.824400,-257.000000,12.277835,7.537208
67.150774,-81.824400,-257.000000,12.215875,7.481133
67.670774,-81.824400,-257.000000,12.287646,7.555288
68.190774,-81.824400,-257.000000,12.385398,7.482513
68.710774,-81.824400,-257.000000,12.230807,7.441601
69.230774,-81.824400,-257.000000,12.225871,7.471598
69.750774,-81.824400,-257.000000,12.327119,7.480192
70.270774,-81.824400,-257.000000,12.421314,7.514721
70.790774,-81.824400,-257.000000,12.121739,7.565541
71.310774,-81.824400,-257.000000,12.402726,7.439700
71.830774,-81.824400,-257.000000,12.323529,7.479815
72.350774,-81.824400,-257.000000,12.639452,7.528603
72.870774,-81.824400,-257.000000,12.648104,7.614690
73.390774,-81.824400,-257.000000,12.270625,7.539433
73.910774,-81.824400,-257.000000,12.429257,7.491325
74.430774,-81.824400,-257.000000,12.626838,7.507030
74.950774,-81.824400,-257.000000,12.258985,7.473373
75.470774,-81.824400,-257.000000,12.478477,7.445343
75.990774,-81.824400,-257.000000,12.112168,7.469524
13.070774,-81.304400,-257.000000,12.443555,7.135622
75.990774,-81.304400,-257.000000,12.068614,7.467207
13.070774,-82.344400,-256.000000,12.430429,7.135819
13.590774,-82.344400,-256.000000,12.369285,7.148746
14.110774,-82.344400,-256.000000,12.599132,7.299495
14.630774,-82.344400,-256.000000,12.371060,7.329386
15.150774,-82.344400,-256.000000,12.519227,7.322176
15.670774,-82.344400,-256.000000,12.351607,7.353303
16.190774,-82.344400,-256.000000,12.273617,7.291467
16.710774,-82.344400,-256.000000,12.412841,7.280338
17.230774,-82.344400,-256.000000,12.600362,7.406522
17.750774,-82.344400,-256.000000,12.129282,7.293323
18.270774,-82.344400,-256.000000,12.298787,7.389082
18.790774,-82.344400,-256.000000,12.502030,7.541714
19.310774,-82.344400,-256.000000,12.128293,7.403070
19.830774,-82.344400,-256.000000,12.666123,7.471271
20.350774,-82.344400,-256.000000,12.571957,7.460049
20.870774,-82.344400,-256.000000,12.491603,7.524709
21.390774,-82.344400,-256.000000,12.324906,7.540057
21.910774,-82.344400,-256.000000,12.434891,7.471028
22.430774,-82.344400,-256.000000,12.322249,7.414372
22.950774,-82.344400,-256.000000,12.282086,7.425686
23.470774,-82.344400,-256.000000,12.564848,7.511890
23.990774,-82.344400,-256.000000,12.350808,7.506854
24.510774,-82.344400,-256.000000,12.360671,7.476097
25.030774,-82.344400,-256.000000,12.641620,7.582155
25.550774,-82.344400,-256.000000,12.441978,7.435863
26.070774,-82.344400,-256.000000,12.377094,7.550433
26.590774,-82.344400,-256.000000,12.413882,7.499164
27.110774,-82.344400,-256.000000,12.452356,7.503566
27.630774,-82.344400,-256.000000,12.148807,7.400156
28.150774,-82.344400,-256.000000,12.475539,7.536358
28.670774,-82.344400,-256.000000,12.414176,7.504984
29.190774,-82.344400,-256.000000,12.143696,7.510315
29.710774,-82.344400,-256.000000,12.421901,7.472203
30.230774,-82.344400,-256.000000,12.414631,7.460740
30.750774,-82.344400,-256.000000,12.410899,7.475796
31.270774,-82.344400,-256.000000,12.338504,7.581484
31.790774,-82.344400,-256.000000,12.244932,7.509438
32.310774,-82.344400,-256.000000,12.322721,7.496119
32.830774,-82.344400,-256.000000,12.588744,7.536473
33.350774,-82.344400,-256.000000,12.526666,7.567856
33.870774,-82.344400,-256.000000,12.558910,7.577856
34.390774,-82.344400,-256.000000,12.230030,7.547041
34.910774,-82.344400,-256.000000,12.315457,7.500321
35.430774,-82.344400,-256.000000,12.493642,7.641194
35.950774,-82.344400,-256.000000,12.503988,7.582507
36.470774,-82.344400,-256.000000,12.069327,7.574283
36.990774,-82.344400,-256.000000,12.436413,7.544485
37.510774,-82.344400,-256.000000,12.269393,7.416687
38.030774,-82.344400,-256.000000,12.647090,7.560946
38.550774,-82.344400,-256.000000,12.323721,7.493196
39.070774,-82.344400,-256.000000,12.428539,7.479445
39.590774,-82.344400,-256.000000,12.519958,7.461978
40.110774,-82.344400,-256.000000,12.376962,7.577703
40.630774,-82.344400,-256.000000,12.358334,7.525973
41.150774,-82.344400,-256.000000,12.343898,7.508072
41.670774,-82.344400,-256.000000,12.356709,7.600009
42.190774,-82.344400,-256.000000,12.303823,7.436872
42.710774,-82.344400,-256.000000,12.321940,7.551329
43.230774,-82.344400,-256.000000,12.526189,7.572377
43.750774,-82.344400,-256.000000,12.495830,7.521446
44.270774,-82.344400,-256.000000,12.403491,7.603242
44.790774,-82.344400,-256.000000,12.307086,7.411155
45.310774,-82.344400,-256.000000,12.319667,7.448293
45.830774,-82.344400,-256.000000,12.071606,7.452308
46.350774,-82.344400,-256.000000,12.464271,7.524123
46.870774,-82.344400,-256.000000,12.514888,7.594344
47.390774,-82.344400,-256.000000,12.026237,7.441989
47.910774,-82.344400,-256.000000,12.286512,7.442932
48.430774,-82.344400,-256.000000,12.237396,7.585573
48.950774,-82.344400,-256.000000,12.477485,7.587365
49.470774,-82.344400,-256.000000,12.288424,7.575613
49.990774,-82.344400,-256.000000,12.350127,7.485496
50.510774,-82.344400,-256.000000,12.213895,7.553590
51.030774,-82.344400,-256.000000,12.435786,7.450922
51.550774,-82.344400,-256.000000,12.334791,7.502741
52.070774,-82.344400,-256.000000,12.380690,7.502954
52.590774,-82.344400,-256.000000,12.552501,7.586647
53.110774,-82.344400,-256.000000,12.494028,7.477797
53.630774,-82.344400,-256.000000,12.293011,7.521071
54.150774,-82.344400,-256.000000,12.385021,7.593594
54.670774,-82.344400,-256.000000,12.484615,7.589081
55.190774,-82.344400,-256.000000,12.413756,7.537105
55.710774,-82.344400,-256.000000,12.256678,7.446780
56.230774,-82.344400,-256.000000,12.345157,7.543655
56.750774,-82.344400,-256.000000,12.332577,7.518066
57.270774,-82.344400,-256.000000,12.267035,7.556652
57.790774,-82.344400,-256.000000,12.303667,7.607915
58.310774,-82.344400,-256.000000,12.257720,7.465638
58.830774,-82.344400,-256.000000,12.406790,7.633364
59.350774,-82.344400,-256.000000,12.279268,7.476728
59.870774,-82.344400,-256.000000,12.204546,7.496219
60.390774,-82.344400,-256.000000,12.680992,7.608015
60.910774,-82.344400,-256.000000,12.386502,7.547112
61.430774,-82.344400,-256.000000,12.475356,7.535519
61.950774,-82.344400,-256.000000,12.328366,7.481923
62.470774,-82.344400,-256.000000,12.279212,7.537278
62.990774,-82.344400,-256.000000,12.501428,7.578533
63.510774,-82.344400,-256.000000,12.478035,7.483312
64.030774,-82.344400,-256.000000,12.241696,7.469522
64.550774,-82.344400,-256.000000,12.286230,7.500607
65.070774,-82.344400,-256.000000,12.287958,7.527082
65.590774,-82.344400,-256.000000,12.421117,7.460217
66.110774,-82.344400,-256.000000,12.333875,7.498659
66.630774,-82.344400,-256.000000,12.446129,7.463995
67.150774,-82.344400,-256.000000,12.516761,7.566672
67.670774,-82.344400,-256.000000,12.429210,7.502690
68.190774,-82.344400,-256.000000,12.389031,7.460872
68.710774,-82.344400,-256.000000,12.559028,7.547092
69.230774,-82.344400,-256.000000,12.347910,7.488829
69.750774,-82.344400,-256.000000,12.319723,7.462000
70.270774,-82.344400,-256.000000,12.578002,7.596648
70.790774,-82.344400,-256.000000,12.510288,7.446252
71.310774,-82.344400,-256.000000,12.455611,7.464461
71.830774,-82.344400,-256.000000,12.372481,7.494234
72.350774,-82.344400,-256.000000,12.331738,7.521752
72.870774,-82.344400,-256.000000,12.509171,7.461951
73.390774,-82.344400,-256.000000,12.110242,7.485287
73.910774,-82.344400,-256.000000,12.384247,7.510023
74.430774,-82.344400,-256.000000,12.285438,7.462736
74.950774,-82.344400,-256.000000,12.426215,7.509510
75.470774,-82.344400,-256.000000,12.060266,7.388196
75.990774,-82.344400,-256.000000,12.328057,7.396882
13.070774,-81.824400,-256.000000,12.376342,7.134275
13.590774,-81.824400,-256.000000,12.357534,7.153773
14.110774,-81.824400,-256.000000,12.693002,7.309864
14.630774,-81.824400,-256.000000,12.333702,7.335810
15.150774,-81.824400,-256.000000,12.440050,7.324100
15.670774,-81.824400,-256.000000,12.383904,7.379016
16.190774,-81.824400,-256.000000,12.252340,7.246761
16.710774,-81.824400,-256.000000,12.426077,7.315803
17.230774,-81.824400,-256.000000,12.598278,7.392957
17.750774,-81.824400,-256.000000,12.242196,7.351151
18.270774,-81.824400,-256.000000,12.205812,7.386072
18.790774,-81.824400,-256.000000,12.563224,7.561502
19.310774,-81.824400,-256.000000,12.131702,7.399650
19.830774,-81.824400,-256.000000,12.611993,7.492879
20.350774,-81.824400,-256.000000,12.482078,7.469485
20.870774,-81.824400,-256.000000,12.427910,7.557540
21.390774,-81.824400,-256.000000,12.358329,7.532423
21.910774,-81.824400,-256.000000,12.496680,7.509359
22.430774,-81.824400,-256.000000,12.271120,7.399870
22.950774,-81.824400,-256.000000,12.288806,7.430617
23.470774,-81.824400,-256.000000,12.496062,7.516951
23.990774,-81.824400,-256.000000,12.303024,7.514159
24.510774,-81.824400,-256.000000,12.345681,7.450349
25.030774,-81.824400,-256.000000,12.645331,7.586757
25.550774,-81.824400,-256.000000,12.412270,7.450076
26.070774,-81.824400,-256.000000,12.335548,7.535094
26.590774,-81.824400,-256.000000,12.379939,7.501489
27.110774,-81.824400,-256.000000,12.463479,7.491586
27.630774,-81.824400,-256.000000,12.151977,7.435580
28.150774,-81.824400,-256.000000,12.413202,7.518513
28.670774,-81.824400,-256.000000,12.461895,7.559762
29.190774,-81.824400,-256.000000,12.054021,7.499594
29.710774,-81.824400,-256.000000,12.451712,7.479151
30.230774,-81.824400,-256.000000,12.441878,7.461071
30.750774,-81.824400,-256.000000,12.414216,7.458015
31.270774,-81.824400,-256.000000,12.250762,7.616261
31.790774,-81.824400,-256.000000,12.229786,7.482821
32.310774,-81.824400,-256.000000,12.374503,7.525229
32.830774,-81.824400,-256.000000,12.516230,7.560572
33.350774,-81.824400,-256.000000,12.437674,7.586447
33.870774,-81.824400,-256.000000,12.542669,7.574471
34.390774,-81.824400,-256.000000,12.272239,7.542098
34.910774,-81.824400,-256.000000,12.230474,7.520123
35.430774,-81.824400,-256.000000,12.507934,7.623169
35.950774,-81.824400,-256.000000,12.465125,7.595075
36.470774,-81.824400,-256.000000,12.054816,7.550477
36.990774,-81.824400,-256.000000,12.395378,7.538636
37.510774,-81.824400,-256.000000,12.259679,7.470120
38.030774,-81.824400,-256.000000,12.629462,7.569794
38.550774,-81.824400,-256.000000,12.353333,7.491852
39.070774,-81.824400,-256.000000,12.435664,7.485441
39.590774,-81.824400,-256.000000,12.495960,7.468582
40.110774,-81.824400,-256.000000,12.364583,7.562108
40.630774,-81.824400,-256.000000,12.331363,7.529455
41.150774,-81.824400,-256.000000,12.394639,7.554523
41.670774,-81.824400,-256.000000,12.362308,7.597590
42.190774,-81.824400,-256.000000,12.255342,7.446028
42.710774,-81.824400,-256.000000,12.350339,7.555004
43.230774,-81.824400,-256.000000,12.522178,7.539447
43.750774,-81.824400,-256.000000,12.508927,7.536949
44.270774,-81.824400,-256.000000,12.421835,7.606128
44.790774,-81.824400,-256.000000,12.293292,7.431034
45.310774,-81.824400,-256.000000,12.232020,7.450549
45.830774,-81.824400,-256.000000,12.059304,7.478071
46.350774,-81.824400,-256.000000,12.527963,7.553633
46.870774,-81.824400,-256.000000,12.463604,7.581792
47.390774,-81.824400,-256.000000,12.094585,7.480033
47.910774,-81.824400,-256.000000,12.162938,7.454660
48.430774,-81.824400,-256.000000,12.210345,7.595603
48.950774,-81.824400,-256.000000,12.482813,7.570882
49.470774,-81.824400,-256.000000,12.320683,7.575263
49.990774,-81.824400,-256.000000,12.330880,7.489488
50.510774,-81.824400,-256.000000,12.273032,7.556085
51.030774,-81.824400,-256.000000,12.391050,7.484151
51.550774,-81.824400,-256.000000,12.362052,7.489918
52.070774,-81.824400,-256.000000,12.337819,7.512822
52.590774,-81.824400,-256.000000,12.486609,7.566761
53.110774,-81.824400,-256.000000,12.513161,7.491641
53.630774,-81.824400,-256.000000,12.249164,7.501252
54.150774,-81.824400,-256.000000,12.306952,7.568841
54.670774,-81.824400,-256.000000,12.483177,7.612169
55.190774,-81.824400,-256.000000,12.370346,7.548525
55.710774,-81.824400,-256.000000,12.303584,7.439072
56.230774,-81.824400,-256.000000,12.360641,7.549060
56.750774,-81.824400,-256.000000,12.349711,7.549025
57.270774,-81.824400,-256.000000,12.333642,7.570716
57.790774,-81.824400,-256.000000,12.318971,7.631204
58.310774,-81.824400,-256.000000,12.235807,7.453895
58.830774,-81.824400,-256.000000,12.374959,7.628865
59.350774,-81.824400,-256.000000,12.224544,7.479896
59.870774,-81.824400,-256.000000,12.256459,7.503358
60.390774,-81.824400,-256.000000,12.657470,7.608071
60.910774,-81.824400,-256.000000,12.382603,7.551802
61.430774,-81.824400,-256.000000,12.437671,7.519811
61.950774,-81.824400,-256.000000,12.309258,7.450122
62.470774,-81.824400,-256.000000,12.226089,7.549651
62.990774,-81.824400,-256.000000,12.576564,7.577483
63.510774,-81.824400,-256.000000,12.463012,7.504418
64.030774,-81.824400,-256.000000,12.219650,7.486557
64.550774,-81.824400,-256.000000,12.315383,7.533723
65.070774,-81.824400,-256.000000,12.211762,7.519063
65.590774,-81.824400,-256.000000,12.443477,7.470778
66.110774,-81.824400,-256.000000,12.228101,7.475251
66.630774,-81.824400,-256.000000,12.375416,7.483429
67.150774,-81.824400,-256.000000,12.508529,7.556401
67.670774,-81.824400,-256.000000,12.430894,7.516096
68.190774,-81.824400,-256.000000,12.335029,7.473831
68.710774,-81.824400,-256.000000,12.560136,7.559782
69.230774,-81.824400,-256.000000,12.365825,7.467321
69.750774,-81.824400,-256.000000,12.263081,7.517397
70.270774,-81.824400,-256.000000,12.514339,7.566677
70.790774,-81.824400,-256.000000,12.506656,7.457405
71.310774,-81.824400,-256.000000,12.477888,7.469875
71.830774,-81.824400,-256.000000,12.404039,7.495331
72.350774,-81.824400,-256.000000,12.380022,7.537261
72.870774,-81.824400,-256.000000,12.441859,7.459207
73.390774,-81.824400,-256.000000,12.119931,7.492333
73.910774,-81.824400,-256.000000,12.348839,7.528989
74.430774,-81.824400,-256.000000,12.295807,7.472748
74.950774,-81.824400,-256.000000,12.409414,7.502477
75.470774,-81.824400,-256.000000,12.066219,7.387733
75.990774,-81.824400,-256.000000,12.291252,7.404176
13.070774,-81.304400,-256.000000,12.366024,7.129270
75.990774,-81.304400,-256.000000,12.253711,7.397603
13.070774,-82.344400,-255.000000,12.381325,7.185209
13.590774,-82.344400,-255.000000,12.344613,7.194471
14.110774,-82.344400,-255.000000,12.451589,7.311956
14.630774,-82.344400,-255.000000,12.503224,7.262186
15.150774,-82.344400,-255.000000,12.285254,7.249781
15.670774,-82.344400,-255.000000,12.371550,7.334562
16.190774,-82.344400,-255.000000,12.229454,7.319540
16.710774,-82.344400,-255.000000,12.146780,7.297652
17.230774,-82.344400,-255.000000,12.496251,7.387182
17.750774,-82.344400,-255.000000,12.027625,7.399371
18.270774,-82.344400,-255.000000,12.271463,7.373465
18.790774,-82.344400,-255.000000,12.345351,7.508574
19.310774,-82.344400,-255.000000,12.530298,7.423383
19.830774,-82.344400,-255.000000,12.406274,7.411151
20.350774,-82.344400,-255.000000,12.332404,7.369889
20.870774,-82.344400,-255.000000,12.429489,7.491083
21.390774,-82.344400,-255.000000,12.470451,7.445537
21.910774,-82.344400,-255.000000,12.133329,7.491154
22.430774,-82.344400,-255.000000,12.383826,7.478906
22.950774,-82.344400,-255.000000,12.278542,7.456742
23.470774,-82.344400,-255.000000,12.527081,7.517998
23.990774,-82.344400,-255.000000,12.445521,7.455359
24.510774,-82.344400,-255.000000,12.378791,7.446615
25.030774,-82.344400,-255.000000,12.456607,7.498739
25.550774,-82.344400,-255.000000,12.206637,7.432832
26.070774,-82.344400,-255.000000,12.360524,7.572069
26.590774,-82.344400,-255.000000,12.558238,7.532804
27.110774,-82.344400,-255.000000,12.238414,7.416032
27.630774,-82.344400,-255.000000,12.389652,7.538144
28.150774,-82.344400,-255.000000,12.418971,7.437505
28.670774,-82.344400,-255.000000,12.282640,7.476444
29.190774,-82.344400,-255.000000,12.410315,7.602945
29.710774,-82.344400,-255.000000,12.302933,7.560331
30.230774,-82.344400,-255.000000,12.288442,7.475409
30.750774,-82.344400,-255.000000,12.507998,7.556219
31.270774,-82.344400,-255.000000,12.398563,7.525766
31.790774,-82.344400,-255.000000,12.282831,7.539200
32.310774,-82.344400,-255.000000,12.400161,7.495565
32.830774,-82.344400,-255.000000,12.521818,7.557054
33.350774,-82.344400,-255.000000,12.622740,7.587597
33.870774,-82.344400,-255.000000,12.208801,7.500738
34.390774,-82.344400,-255.000000,12.457830,7.496665
34.910774,-82.344400,-255.000000,12.286529,7.427563
35.430774,-82.344400,-255.000000,12.285569,7.486409
35.950774,-82.344400,-255.000000,12.457835,7.549258
36.470774,-82.344400,-255.000000,12.224612,7.535902
36.990774,-82.344400,-255.000000,12.250267,7.449426
37.510774,-82.344400,-255.000000,12.588870,7.617567
38.030774,-82.344400,-255.000000,12.538623,7.505847
38.550774,-82.344400,-255.000000,12.246390,7.543572
39.070774,-82.344400,-255.000000,12.647631,7.542701
39.590774,-82.344400,-255.000000,12.571584,7.493141
40.110774,-82.344400,-255.000000,12.302948,7.471728
40.630774,-82.344400,-255.000000,12.347526,7.516862
41.150774,-82.344400,-255.000000,12.394566,7.532728
41.670774,-82.344400,-255.000000,12.407232,7.589020
42.190774,-82.344400,-255.000000,12.352311,7.552541
42.710774,-82.344400,-255.000000,12.338112,7.484608
43.230774,-82.344400,-255.000000,12.301897,7.461762
43.750774,-82.344400,-255.000000,12.436431,7.588334
44.270774,-82.344400,-255.000000,12.493083,7.508602
44.790774,-82.344400,-255.000000,12.324722,7.517200
45.310774,-82.344400,-255.000000,12.345003,7.640824
45.830774,-82.344400,-255.000000,12.240595,7.565677
46.350774,-82.344400,-255.000000,12.256835,7.512193
46.870774,-82.344400,-255.000000,12.295957,7.608702
47.390774,-82.344400,-255.000000,12.454326,7.595116
47.910774,-82.344400,-255.000000,12.498103,7.496961
48.430774,-82.344400,-255.000000,12.335465,7.526568
48.950774,-82.344400,-255.000000,12.206279,7.550525
49.470774,-82.344400,-255.000000,12.591516,7.528923
49.990774,-82.344400,-255.000000,12.290836,7.448669
50.510774,-82.344400,-255.000000,12.514035,7.504782
51.030774,-82.344400,-255.000000,12.479496,7.522495
51.550774,-82.344400,-255.000000,12.359732,7.506699
52.070774,-82.344400,-255.000000,12.251144,7.544663
52.590774,-82.344400,-255.000000,12.415326,7.636666
53.110774,-82.344400,-255.000000,12.235744,7.504460
53.630774,-82.344400,-255.000000,12.342536,7.416320
54.150774,-82.344400,-255.000000,12.421083,7.464529
54.670774,-82.344400,-255.000000,12.425289,7.547864
55.190774,-82.344400,-255.000000,12.166005,7.480882
55.710774,-82.344400,-255.000000,12.369956,7.460948
56.230774,-82.344400,-255.000000,12.240726,7.464522
56.750774,-82.344400,-255.000000,12.604154,7.560260
57.270774,-82.344400,-255.000000,12.568286,7.533245
57.790774,-82.344400,-255.000000,12.489375,7.579489
58.310774,-82.344400,-255.000000,12.404963,7.560655
58.830774,-82.344400,-255.000000,12.573763,7.552436
59.350774,-82.344400,-255.000000,12.269860,7.459669
59.870774,-82.344400,-255.000000,12.480338,7.527624
60.390774,-82.344400,-255.000000,12.296031,7.508254
60.910774,-82.344400,-255.000000,12.207884,7.494014
61.430774,-82.344400,-255.000000,12.487773,7.524236
61.950774,-82.344400,-255.000000,12.524027,7.573066
62.470774,-82.344400,-255.000000,12.228624,7.523074
62.990774,-82.344400,-255.000000,12.637209,7.539183
63.510774,-82.344400,-255.000000,12.382845,7.613394
64.030774,-82.344400,-255.000000,12.386509,7.525332
64.550774,-82.344400,-255.000000,12.467426,7.493834
65.070774,-82.344400,-255.000000,12.404201,7.448232
65.590774,-82.344400,-255.000000,12.300930,7.528689
66.110774,-82.344400,-255.000000,12.447929,7.529614
66.630774,-82.344400,-255.000000,12.153053,7.495020
67.150774,-82.344400,-255.000000,12.449169,7.565377
67.670774,-82.344400,-255.000000,12.216952,7.560064
68.190774,-82.344400,-255.000000,12.384706,7.545125
68.710774,-82.344400,-255.000000,12.338819,7.454861
69.230774,-82.344400,-255.000000,12.613644,7.604226
69.750774,-82.344400,-255.000000,12.390114,7.453835
70.270774,-82.344400,-255.000000,12.303450,7.482801
70.790774,-82.344400,-255.000000,12.451906,7.498819
71.310774,-82.344400,-255.000000,12.424394,7.457644
71.830774,-82.344400,-255.000000,12.275105,7.452411
72.350774,-82.344400,-255.000000,12.489432,7.546052
72.870774,-82.344400,-255.000000,12.384561,7.552222
73.390774,-82.344400,-255.000000,12.407262,7.415678
73.910774,-82.344400,-255.000000,12.386755,7.412255
74.430774,-82.344400,-255.000000,12.282866,7.445191
74.950774,-82.344400,-255.000000,12.347926,7.437498
75.470774,-82.344400,-255.000000,12.312385,7.492005
75.990774,-82.344400,-255.000000,12.351363,7.506100
13.070774,-81.824400,-255.000000,12.457207,7.189611
13.590774,-81.824400,-255.000000,12.332559,7.182323
14.110774,-81.824400,-255.000000,12.445153,7.342676
14.630774,-81.824400,-255.000000,12.498351,7.253107
15.150774,-81.824400,-255.000000,12.300241,7.273528
15.670774,-81.824400,-255.000000,12.372536,7.326948
16.190774,-81.824400,-255.000000,12.284421,7.365506
16.710774,-81.824400,-255.000000,12.089130,7.273563
17.230774,-81.824400,-255.000000,12.487514,7.404703
17.750774,-81.824400,-255.000000,11.996922,7.369712
18.270774,-81.824400,-255.000000,12.242754,7.382639
18.790774,-81.824400,-255.000000,12.346629,7.486051
19.310774,-81.824400,-255.000000,12.483801,7.458834
19.830774,-81.824400,-255.000000,12.468166,7.421494
20.350774,-81.824400,-255.000000,12.299942,7.399166
20.870774,-81.824400,-255.000000,12.440108,7.498443
21.390774,-81.824400,-255.000000,12.441428,7.461749
21.910774,-81.824400,-255.000000,12.071570,7.442237
22.430774,-81.824400,-255.000000,12.410840,7.466577
22.950774,-81.824400,-255.000000,12.275147,7.483978
23.470774,-81.824400,-255.000000,12.449566,7.524380
23.990774,-81.824400,-255.000000,12.469656,7.459502
24.510774,-81.824400,-255.000000,12.380875,7.450818
25.030774,-81.824400,-255.000000,12.412818,7.505263
25.550774,-81.824400,-255.000000,12.243575,7.446377
26.070774,-81.824400,-255.000000,12.252120,7.551134
26.590774,-81.824400,-255.000000,12.539889,7.545833
27.110774,-81.824400,-255.000000,12.237086,7.465235
27.630774,-81.824400,-255.000000,12.357165,7.550743
28.150774,-81.824400,-255.000000,12.436934,7.444154
28.670774,-81.824400,-255.000000,12.267069,7.485226
29.190774,-81.824400,-255.000000,12.375155,7.566019
29.710774,-81.824400,-255.000000,12.327402,7.581563
30.230774,-81.824400,-255.000000,12.297132,7.476979
30.750774,-81.824400,-255.000000,12.496963,7.573655
31.270774,-81.824400,-255.000000,12.412910,7.531540
31.790774,-81.824400,-255.000000,12.314919,7.546575
32.310774,-81.824400,-255.000000,12.346623,7.509944
32.830774,-81.824400,-255.000000,12.450948,7.520777
33.350774,-81.824400,-255.000000,12.575754,7.593354
33.870774,-81.824400,-255.000000,12.292859,7.522287
34.390774,-81.824400,-255.000000,12.357168,7.485411
34.910774,-81.824400,-255.000000,12.272512,7.454289
35.430774,-81.824400,-255.000000,12.324615,7.502542
35.950774,-81.824400,-255.000000,12.331714,7.517573
36.470774,-81.824400,-255.000000,12.245166,7.549989
36.990774,-81.824400,-255.000000,12.285693,7.424440
37.510774,-81.824400,-255.000000,12.703135,7.634766
38.030774,-81.824400,-255.000000,12.436920,7.497807
38.550774,-81.824400,-255.000000,12.225329,7.529153
39.070774,-81.824400,-255.000000,12.570117,7.556730
39.590774,-81.824400,-255.000000,12.539746,7.488587
40.110774,-81.824400,-255.000000,12.255027,7.469965
40.630774,-81.824400,-255.000000,12.430859,7.555326
41.150774,-81.824400,-255.000000,12.305675,7.523740
41.670774,-81.824400,-255.000000,12.361943,7.574314
42.190774,-81.824400,-255.000000,12.396382,7.564095
42.710774,-81.824400,-255.000000,12.341474,7.482008
43.230774,-81.824400,-255.000000,12.319597,7.480153
43.750774,-81.824400,-255.000000,12.463605,7.600295
44.270774,-81.824400,-255.000000,12.407351,7.481087
44.790774,-81.824400,-255.000000,12.354510,7.548513
45.310774,-81.824400,-255.000000,12.316630,7.635487
45.830774,-81.824400,-255.000000,12.271216,7.569151
46.350774,-81.824400,-255.000000,12.361250,7.535096
46.870774,-81.824400,-255.000000,12.290795,7.592746
47.390774,-81.824400,-255.000000,12.496504,7.587933
47.910774,-81.824400,-255.000000,12.527584,7.538003
48.430774,-81.824400,-255.000000,12.354688,7.521882
48.950774,-81.824400,-255.000000,12.273512,7.595542
49.470774,-81.824400,-255.000000,12.550810,7.507082
49.990774,-81.824400,-255.000000,12.183495,7.469246
50.510774,-81.824400,-255.000000,12.521742,7.542432
51.030774,-81.824400,-255.000000,12.466596,7.534425
51.550774,-81.824400,-255.000000,12.340518,7.506600
52.070774,-81.824400,-255.000000,12.172668,7.548665
52.590774,-81.824400,-255.000000,12.390579,7.647510
53.110774,-81.824400,-255.000000,12.167346,7.533209
53.630774,-81.824400,-255.000000,12.414389,7.461424
54.150774,-81.824400,-255.000000,12.357713,7.450096
54.670774,-81.824400,-255.000000,12.494030,7.580539
55.190774,-81.824400,-255.000000,12.122386,7.486629
55.710774,-81.824400,-255.000000,12.356353,7.449370
56.230774,-81.824400,-255.000000,12.334544,7.488809
56.750774,-81.824400,-255.000000,12.525449,7.537129
57.270774,-81.824400,-255.000000,12.553819,7.515207
57.790774,-81.824400,-255.000000,12.493730,7.593956
58.310774,-81.824400,-255.000000,12.307210,7.553846
58.830774,-81.824400,-255.000000,12.594954,7.551596
59.350774,-81.824400,-255.000000,12.303644,7.480652
59.870774,-81.824400,-255.000000,12.483294,7.527463
60.390774,-81.824400,-255.000000,12.238036,7.527932
60.910774,-81.824400,-255.000000,12.274931,7.515354
61.430774,-81.824400,-255.000000,12.475406,7.529111
61.950774,-81.824400,-255.000000,12.464850,7.598958
62.470774,-81.824400,-255.000000,12.215983,7.522726
62.990774,-81.824400,-255.000000,12.649604,7.546048
63.510774,-81.824400,-255.000000,12.237459,7.612083
64.030774,-81.824400,-255.000000,12.444051,7.508219
64.550774,-81.824400,-255.000000,12.505647,7.528274
65.070774,-81.824400,-255.000000,12.378127,7.455127
65.590774,-81.824400,-255.000000,12.254792,7.555694
66.110774,-81.824400,-255.000000,12.424837,7.538119
66.630774,-81.824400,-255.000000,12.214747,7.500999
67.150774,-81.824400,-255.000000,12.456103,7.570819
67.670774,-81.824400,-255.000000,12.261733,7.567955
68.190774,-81.824400,-255.000000,12.320446,7.547881
68.710774,-81.824400,-255.000000,12.360657,7.463621
69.230774,-81.824400,-255.000000,12.580835,7.618575
69.750774,-81.824400,-255.000000,12.378534,7.443661
70.270774,-81.824400,-255.000000,12.302377,7.474732
70.790774,-81.824400,-255.000000,12.421395,7.520430
71.310774,-81.824400,-255.000000,12.414142,7.481417
71.830774,-81.824400,-255.000000,12.271216,7.439819
72.350774,-81.824400,-255.000000,12.444359,7.548111
72.870774,-81.824400,-255.000000,12.328276,7.546912
73.390774,-81.824400,-255.000000,12.442533,7.396677
73.910774,-81.824400,-255.000000,12.303669,7.398870
74.430774,-81.824400,-255.000000,12.314018,7.493575
74.950774,-81.824400,-255.000000,12.398257,7.468675
75.470774,-81.824400,-255.000000,12.296477,7.465147
75.990774,-81.824400,-255.000000,12.316833,7.508712
13.070774,-81.304400,-255.000000,12.498645,7.216973
75.990774,-81.304400,-255.000000,12.368876,7.542036
13.070774,-82.344400,-254.000000,12.285202,7.155253
13.590774,-82.344400,-254.000000,12.330317,7.231241
14.110774,-82.344400,-254.000000,12.426382,7.306201
14.630774,-82.344400,-254.000000,12.326584,7.128525
15.150774,-82.344400,-254.000000,12.264625,7.203688
15.670774,-82.344400,-254.000000,12.377157,7.314688
16.190774,-82.344400,-254.000000,12.024890,7.291413
16.710774,-82.344400,-254.000000,12.479509,7.392291
17.230774,-82.344400,-254.000000,12.360455,7.364675
17.750774,-82.344400,-254.000000,12.544055,7.401458
18.270774,-82.344400,-254.000000,12.623912,7.430390
18.790774,-82.344400,-254.000000,12.218922,7.362722
19.310774,-82.344400,-254.000000,12.386905,7.429409
19.830774,-82.344400,-254.000000,12.382483,7.467646
20.350774,-82.344400,-254.000000,12.357127,7.457583
20.870774,-82.344400,-254.000000,12.392501,7.486944
21.390774,-82.344400,-254.000000,12.295210,7.391935
21.910774,-82.344400,-254.000000,12.332651,7.446543
22.430774,-82.344400,-254.000000,12.296087,7.438188
22.950774,-82.344400,-254.000000,12.375525,7.448720
23.470774,-82.344400,-254.000000,12.249888,7.462915
23.990774,-82.344400,-254.000000,12.429969,7.572919
24.510774,-82.344400,-254.000000,12.305158,7.563341
25.030774,-82.344400,-254.000000,12.330485,7.481781
25.550774,-82.344400,-254.000000,12.206213,7.389571
26.070774,-82.344400,-254.000000,12.269759,7.424932
26.590774,-82.344400,-254.000000,12.438128,7.482690
27.110774,-82.344400,-254.000000,12.446889,7.496540
27.630774,-82.344400,-254.000000,12.530684,7.456410
28.150774,-82.344400,-254.000000,12.443427,7.525030
28.670774,-82.344400,-254.000000,12.347034,7.421020
29.190774,-82.344400,-254.000000,12.578956,7.551783
29.710774,-82.344400,-254.000000,12.383492,7.432007
30.230774,-82.344400,-254.000000,12.140018,7.484015
30.750774,-82.344400,-254.000000,12.463664,7.494196
31.270774,-82.344400,-254.000000,12.207006,7.512410
31.790774,-82.344400,-254.000000,12.413071,7.448675
32.310774,-82.344400,-254.000000,12.312114,7.459417
32.830774,-82.344400,-254.000000,12.095243,7.483831
33.350774,-82.344400,-254.000000,12.441917,7.586640
33.870774,-82.344400,-254.000000,12.364609,7.502074
34.390774,-82.344400,-254.000000,12.215774,7.450556
34.910774,-82.344400,-254.000000,12.548045,7.570671
35.430774,-82.344400,-254.000000,12.218545,7.544659
35.950774,-82.344400,-254.000000,12.436805,7.454370
36.470774,-82.344400,-254.000000,12.437839,7.602978
36.990774,-82.344400,-254.000000,12.318480,7.555272
37.510774,-82.344400,-254.000000,12.417404,7.531255
38.030774,-82.344400,-254.000000,12.346467,7.510351
38.550774,-82.344400,-254.000000,12.187667,7.425416
39.070774,-82.344400,-254.000000,12.170210,7.513518
39.590774,-82.344400,-254.000000,12.363010,7.553391
40.110774,-82.344400,-254.000000,12.460228,7.615616
40.630774,-82.344400,-254.000000,12.275294,7.514250
41.150774,-82.344400,-254.000000,12.467484,7.544322
41.670774,-82.344400,-254.000000,12.347228,7.518573
42.190774,-82.344400,-254.000000,12.299764,7.527996
42.710774,-82.344400,-254.000000,12.410133,7.556996
43.230774,-82.344400,-254.000000,12.252294,7.522800
43.750774,-82.344400,-254.000000,12.469008,7.606958
44.270774,-82.344400,-254.000000,12.498560,7.515818
44.790774,-82.344400,-254.000000,12.440880,7.548179
45.310774,-82.344400,-254.000000,12.430808,7.554813
45.830774,-82.344400,-254.000000,12.279017,7.534902
46.350774,-82.344400,-254.000000,12.299812,7.567633
46.870774,-82.344400,-254.000000,12.349706,7.520838
47.390774,-82.344400,-254.000000,12.605590,7.534106
47.910774,-82.344400,-254.000000,12.214103,7.549537
48.430774,-82.344400,-254.000000,12.473365,7.561386
48.950774,-82.344400,-254.000000,12.376128,7.438304
49.470774,-82.344400,-254.000000,12.261910,7.564322
49.990774,-82.344400,-254.000000,12.512328,7.538549
50.510774,-82.344400,-254.000000,12.449274,7.584597
51.030774,-82.344400,-254.000000,12.349648,7.490461
51.550774,-82.344400,-254.000000,12.486556,7.519063
52.070774,-82.344400,-254.000000,12.344432,7.528745
52.590774,-82.344400,-254.000000,12.469103,7.510606
53.110774,-82.344400,-254.000000,12.328869,7.527726
53.630774,-82.344400,-254.000000,12.086814,7.524851
54.150774,-82.344400,-254.000000,12.330756,7.567713
54.670774,-82.344400,-254.000000,12.352478,7.604065
55.190774,-82.344400,-254.000000,12.134429,7.452547
55.710774,-82.344400,-254.000000,12.301573,7.496419
56.230774,-82.344400,-254.000000,12.319508,7.517646
56.750774,-82.344400,-254.000000,12.292426,7.522241
57.270774,-82.344400,-254.000000,12.369397,7.433840
57.790774,-82.344400,-254.000000,12.377132,7.530376
58.310774,-82.344400,-254.000000,12.273916,7.481261
58.830774,-82.344400,-254.000000,12.186355,7.535206
59.350774,-82.344400,-254.000000,12.406092,7.552011
59.870774,-82.344400,-254.000000,12.341567,7.606947
60.390774,-82.344400,-254.000000,12.286774,7.500308
60.910774,-82.344400,-254.000000,12.335331,7.584768
61.430774,-82.344400,-254.000000,12.420546,7.549827
61.950774,-82.344400,-254.000000,12.511855,7.591015
62.470774,-82.344400,-254.000000,12.598989,7.568587
62.990774,-82.344400,-254.000000,12.309933,7.470284
63.510774,-82.344400,-254.000000,12.496796,7.579037
64.030774,-82.344400,-254.000000,12.323017,7.546455
64.550774,-82.344400,-254.000000,12.336536,7.581275
65.070774,-82.344400,-254.000000,12.073588,7.484272
65.590774,-82.344400,-254.000000,12.039576,7.404171
66.110774,-82.344400,-254.000000,12.731057,7.633480
66.630774,-82.344400,-254.000000,12.526431,7.571805
67.150774,-82.344400,-254.000000,12.206478,7.516652
67.670774,-82.344400,-254.000000,12.468186,7.517019
68.190774,-82.344400,-254.000000,12.402042,7.517361
68.710774,-82.344400,-254.000000,12.571670,7.456813
69.230774,-82.344400,-254.000000,12.113829,7.536295
69.750774,-82.344400,-254.000000,12.332366,7.394383
70.270774,-82.344400,-254.000000,12.269277,7.479454
70.790774,-82.344400,-254.000000,12.293641,7.387892
71.310774,-82.344400,-254.000000,12.338166,7.459129
71.830774,-82.344400,-254.000000,12.396018,7.461944
72.350774,-82.344400,-254.000000,12.323664,7.466423
72.870774,-82.344400,-254.000000,12.326254,7.457447
73.390774,-82.344400,-254.000000,12.271605,7.473773
73.910774,-82.344400,-254.000000,12.319297,7.397074
74.430774,-82.344400,-254.000000,12.536938,7.596536
74.950774,-82.344400,-254.000000,12.360538,7.509784
75.470774,-82.344400,-254.000000,12.426747,7.550128
75.990774,-82.344400,-254.000000,12.484363,7.402139
13.070774,-81.824400,-254.000000,12.260651,7.191429
13.590774,-81.824400,-254.000000,12.320628,7.251225
14.110774,-81.824400,-254.000000,12.431727,7.297090
14.630774,-81.824400,-254.000000,12.400957,7.154376
15.150774,-81.824400,-254.000000,12.224389,7.195862
15.670774,-81.824400,-254.000000,12.335227,7.302659
16.190774,-81.824400,-254.000000,12.010791,7.298556
16.710774,-81.824400,-254.000000,12.393922,7.401310
17.230774,-81.824400,-254.000000,12.346354,7.388387
17.750774,-81.824400,-254.000000,12.524059,7.415356
18.270774,-81.824400,-254.000000,12.649638,7.458375
18.790774,-81.824400,-254.000000,12.173057,7.342972
19.310774,-81.824400,-254.000000,12.434074,7.442178
19.830774,-81.824400,-254.000000,12.393401,7.469471
20.350774,-81.824400,-254.000000,12.372175,7.477208
20.870774,-81.824400,-254.000000,12.383174,7.486383
21.390774,-81.824400,-254.000000,12.353147,7.429101
21.910774,-81.824400,-254.000000,12.401374,7.427308
22.430774,-81.824400,-254.000000,12.231690,7.472264
22.950774,-81.824400,-254.000000,12.394198,7.472372
23.470774,-81.824400,-254.000000,12.249955,7.456017
23.990774,-81.824400,-254.000000,12.368377,7.541862
24.510774,-81.824400,-254.000000,12.253532,7.575482
25.030774,-81.824400,-254.000000,12.339998,7.508099
25.550774,-81.824400,-254.000000,12.218539,7.414930
26.070774,-81.824400,-254.000000,12.251230,7.418747
26.590774,-81.824400,-254.000000,12.385501,7.506901
27.110774,-81.824400,-254.000000,12.437143,7.505657
27.630774,-81.824400,-254.000000,12.507098,7.472430
28.150774,-81.824400,-254.000000,12.439212,7.498215
28.670774,-81.824400,-254.000000,12.232612,7.430571
29.190774,-81.824400,-254.000000,12.519775,7.575094
29.710774,-81.824400,-254.000000,12.377012,7.431942
30.230774,-81.824400,-254.000000,12.146514,7.492038
30.750774,-81.824400,-254.000000,12.451268,7.490901
31.270774,-81.824400,-254.000000,12.178266,7.534449
31.790774,-81.824400,-254.000000,12.329093,7.407972
32.310774,-81.824400,-254.000000,12.273546,7.471741
32.830774,-81.824400,-254.000000,12.163910,7.526870
33.350774,-81.824400,-254.000000,12.362435,7.561222
33.870774,-81.824400,-254.000000,12.412107,7.519046
34.390774,-81.824400,-254.000000,12.266346,7.482381
34.910774,-81.824400,-254.000000,12.489494,7.578529
35.430774,-81.824400,-254.000000,12.232913,7.527092
35.950774,-81.824400,-254.000000,12.417415,7.473177
36.470774,-81.824400,-254.000000,12.487867,7.602507
36.990774,-81.824400,-254.000000,12.222095,7.556457
37.510774,-81.824400,-254.000000,12.450683,7.556883
38.030774,-81.824400,-254.000000,12.317820,7.518386
38.550774,-81.824400,-254.000000,12.186836,7.431076
39.070774,-81.824400,-254.000000,12.213404,7.536714
39.590774,-81.824400,-254.000000,12.292068,7.551735
40.110774,-81.824400,-254.000000,12.354865,7.630997
40.630774,-81.824400,-254.000000,12.360850,7.549197
41.150774,-81.824400,-254.000000,12.427030,7.550124
41.670774,-81.824400,-254.000000,12.316545,7.528875
42.190774,-81.824400,-254.000000,12.274175,7.534822
42.710774,-81.824400,-254.000000,12.386444,7.546335
43.230774,-81.824400,-254.000000,12.246015,7.566117
43.750774,-81.824400,-254.000000,12.422986,7.580242
44.270774,-81.824400,-254.000000,12.412897,7.513730
44.790774,-81.824400,-254.000000,12.519823,7.533719
45.310774,-81.824400,-254.000000,12.441318,7.590519
45.830774,-81.824400,-254.000000,12.244700,7.532854
46.350774,-81.824400,-254.000000,12.232454,7.563405
46.870774,-81.824400,-254.000000,12.207419,7.508642
47.390774,-81.824400,-254.000000,12.618795,7.533100
47.910774,-81.824400,-254.000000,12.210048,7.556291
48.430774,-81.824400,-254.000000,12.499262,7.580135
48.950774,-81.824400,-254.000000,12.367319,7.460557
49.470774,-81.824400,-254.000000,12.314625,7.581896
49.990774,-81.824400,-254.000000,12.468904,7.541084
50.510774,-81.824400,-254.000000,12.478025,7.586823
51.030774,-81.824400,-254.000000,12.339680,7.513561
51.550774,-81.824400,-254.000000,12.448256,7.517678
52.070774,-81.824400,-254.000000,12.310827,7.531628
52.590774,-81.824400,-254.000000,12.503565,7.530383
53.110774,-81.824400,-254.000000,12.267809,7.544280
53.630774,-81.824400,-254.000000,12.113154,7.497827
54.150774,-81.824400,-254.000000,12.392402,7.586835
54.670774,-81.824400,-254.000000,12.319686,7.592114
55.190774,-81.824400,-254.000000,12.123807,7.451898
55.710774,-81.824400,-254.000000,12.238644,7.531807
56.230774,-81.824400,-254.000000,12.290627,7.500321
56.750774,-81.824400,-254.000000,12.248550,7.531754
57.270774,-81.824400,-254.000000,12.277258,7.449338
57.790774,-81.824400,-254.000000,12.423375,7.541697
58.310774,-81.824400,-254.000000,12.242633,7.462576
58.830774,-81.824400,-254.000000,12.202592,7.545513
59.350774,-81.824400,-254.000000,12.294317,7.550154
59.870774,-81.824400,-254.000000,12.314876,7.617723
60.390774,-81.824400,-254.000000,12.370421,7.514692
60.910774,-81.824400,-254.000000,12.309766,7.589628
61.430774,-81.824400,-254.000000,12.327743,7.569212
61.950774,-81.824400,-254.000000,12.567981,7.596777
62.470774,-81.824400,-254.000000,12.557738,7.583012
62.990774,-81.824400,-254.000000,12.301734,7.471303
63.510774,-81.824400,-254.000000,12.441805,7.564816
64.030774,-81.824400,-254.000000,12.325603,7.611172
64.550774,-81.824400,-254.000000,12.225975,7.534521
65.070774,-81.824400,-254.000000,12.115569,7.489186
65.590774,-81.824400,-254.000000,12.061215,7.444951
66.110774,-81.824400,-254.000000,12.695591,7.641924
66.630774,-81.824400,-254.000000,12.497149,7.576059
67.150774,-81.824400,-254.000000,12.195110,7.504235
67.670774,-81.824400,-254.000000,12.463594,7.548523
68.190774,-81.824400,-254.000000,12.332038,7.485919
68.710774,-81.824400,-254.000000,12.574981,7.502433
69.230774,-81.824400,-254.000000,12.108505,7.500243
69.750774,-81.824400,-254.000000,12.332966,7.431192
70.270774,-81.824400,-254.000000,12.246456,7.487623
70.790774,-81.824400,-254.000000,12.345051,7.398680
71.310774,-81.824400,-254.000000,12.336795,7.460065
71.830774,-81.824400,-254.000000,12.407799,7.487559
72.350774,-81.824400,-254.000000,12.246961,7.463301
72.870774,-81.824400,-254.000000,12.285274,7.448752
73.390774,-81.824400,-254.000000,12.304338,7.532929
73.910774,-81.824400,-254.000000,12.359537,7.423258
74.430774,-81.824400,-254.000000,12.429647,7.555859
74.950774,-81.824400,-254.000000,12.370961,7.516467
75.470774,-81.824400,-254.000000,12.373912,7.553971
75.990774,-81.824400,-254.000000,12.543128,7.423022
13.070774,-81.304400,-254.000000,12.258494,7.191111
13.070774,-82.344400,-253.000000,12.231826,7.059012
13.590774,-82.344400,-253.000000,12.456596,7.165209
14.110774,-82.344400,-253.000000,12.415312,7.273406
14.630774,-82.344400,-253.000000,12.367625,7.310833
15.150774,-82.344400,-253.000000,12.182345,7.263241
15.670774,-82.344400,-253.000000,12.307676,7.270907
16.190774,-82.344400,-253.000000,12.362841,7.363770
16.710774,-82.344400,-253.000000,12.202501,7.247694
17.230774,-82.344400,-253.000000,12.491184,7.425688
17.750774,-82.344400,-253.000000,12.326171,7.401196
18.270774,-82.344400,-253.000000,12.420827,7.403565
18.790774,-82.344400,-253.000000,12.617024,7.437461
19.310774,-82.344400,-253.000000,12.440767,7.393982
19.830774,-82.344400,-253.000000,12.497999,7.475992
20.350774,-82.344400,-253.000000,12.356414,7.359197
20.870774,-82.344400,-253.000000,12.527594,7.447883
21.390774,-82.344400,-253.000000,12.518793,7.459260
21.910774,-82.344400,-253.000000,12.133101,7.294600
22.430774,-82.344400,-253.000000,12.475638,7.537576
22.950774,-82.344400,-253.000000,12.542324,7.460101
23.470774,-82.344400,-253.000000,12.312716,7.420256
23.990774,-82.344400,-253.000000,12.306120,7.546979
24.510774,-82.344400,-253.000000,12.103204,7.310987
25.030774,-82.344400,-253.000000,12.360907,7.470181
25.550774,-82.344400,-253.000000,12.553401,7.502367
26.070774,-82.344400,-253.000000,12.411196,7.459353
26.590774,-82.344400,-253.000000,12.561791,7.501980
27.110774,-82.344400,-253.000000,12.196552,7.486163
27.630774,-82.344400,-253.000000,12.305232,7.476410
28.150774,-82.344400,-253.000000,12.371118,7.466589
28.670774,-82.344400,-253.000000,12.238039,7.427078
29.190774,-82.344400,-253.000000,12.500106,7.521784
29.710774,-82.344400,-253.000000,12.108358,7.455370
30.230774,-82.344400,-253.000000,12.251521,7.464710
30.750774,-82.344400,-253.000000,12.520662,7.610894
31.270774,-82.344400,-253.000000,12.343556,7.510252
31.790774,-82.344400,-253.000000,12.538580,7.518426
32.310774,-82.344400,-253.000000,12.360521,7.507472
32.830774,-82.344400,-253.000000,12.492858,7.483866
33.350774,-82.344400,-253.000000,12.084267,7.487713
33.870774,-82.344400,-253.000000,12.540484,7.531663
34.390774,-82.344400,-253.000000,12.211802,7.470011
34.910774,-82.344400,-253.000000,12.281955,7.421087
35.430774,-82.344400,-253.000000,12.496085,7.570262
35.950774,-82.344400,-253.000000,12.471787,7.546148
36.470774,-82.344400,-253.000000,12.262507,7.376616
36.990774,-82.344400,-253.000000,12.300987,7.448123
37.510774,-82.344400,-253.000000,12.519480,7.473509
38.030774,-82.344400,-253.000000,12.612367,7.588713
38.550774,-82.344400,-253.000000,12.408266,7.593614
39.070774,-82.344400,-253.000000,12.154287,7.540081
39.590774,-82.344400,-253.000000,12.211070,7.508246
40.110774,-82.344400,-253.000000,12.618676,7.640495
40.630774,-82.344400,-253.000000,12.318772,7.628844
41.150774,-82.344400,-253.000000,12.387061,7.593143
41.670774,-82.344400,-253.000000,12.343721,7.491984
42.190774,-82.344400,-253.000000,12.476130,7.555995
42.710774,-82.344400,-253.000000,12.442408,7.535593
43.230774,-82.344400,-253.000000,12.592731,7.574013
43.750774,-82.344400,-253.000000,12.380363,7.500532
44.270774,-82.344400,-253.000000,12.344049,7.576706
44.790774,-82.344400,-253.000000,12.416574,7.552843
45.310774,-82.344400,-253.000000,12.513567,7.515440
45.830774,-82.344400,-253.000000,12.084989,7.474979
46.350774,-82.344400,-253.000000,12.558475,7.539883
46.870774,-82.344400,-253.000000,12.342405,7.536417
47.390774,-82.344400,-253.000000,12.301368,7.604294
47.910774,-82.344400,-253.000000,12.554294,7.617388
48.430774,-82.344400,-253.000000,12.475389,7.558509
48.950774,-82.344400,-253.000000,12.541798,7.541216
49.470774,-82.344400,-253.000000,12.510383,7.568553
49.990774,-82.344400,-253.000000,12.326604,7.410233
50.510774,-82.344400,-253.000000,12.415587,7.485644
51.030774,-82.344400,-253.000000,12.316628,7.527402
51.550774,-82.344400,-253.000000,12.252621,7.469341
52.070774,-82.344400,-253.000000,12.332193,7.521888
52.590774,-82.344400,-253.000000,12.243257,7.499809
53.110774,-82.344400,-253.000000,12.103305,7.388477
53.630774,-82.344400,-253.000000,12.312411,7.475983
54.150774,-82.344400,-253.000000,12.474655,7.545658
54.670774,-82.344400,-253.000000,12.538263,7.642806
55.190774,-82.344400,-253.000000,12.318907,7.580375
55.710774,-82.344400,-253.000000,12.342240,7.603567
56.230774,-82.344400,-253.000000,12.544131,7.562215
56.750774,-82.344400,-253.000000,12.421021,7.587716
57.270774,-82.344400,-253.000000,12.312585,7.526248
57.790774,-82.344400,-253.000000,12.438684,7.522287
58.310774,-82.344400,-253.000000,12.426615,7.569194
58.830774,-82.344400,-253.000000,12.231929,7.494039
59.350774,-82.344400,-253.000000,12.433461,7.517007
59.870774,-82.344400,-253.000000,12.369473,7.580356
60.390774,-82.344400,-253.000000,12.409818,7.503009
60.910774,-82.344400,-253.000000,12.424882,7.611951
61.430774,-82.344400,-253.000000,12.205527,7.505836
61.950774,-82.344400,-253.000000,12.326974,7.557668
62.470774,-82.344400,-253.000000,12.340961,7.490255
62.990774,-82.344400,-253.000000,12.369793,7.462418
63.510774,-82.344400,-253.000000,12.419577,7.538099
64.030774,-82.344400,-253.000000,12.332721,7.509054
64.550774,-82.344400,-253.000000,12.329914,7.510221
65.070774,-82.344400,-253.000000,12.551054,7.538226
65.590774,-82.344400,-253.000000,12.340739,7.518961
66.110774,-82.344400,-253.000000,12.406981,7.536812
66.630774,-82.344400,-253.000000,12.305457,7.454090
67.150774,-82.344400,-253.000000,12.400699,7.474164
67.670774,-82.344400,-253.000000,12.268546,7.517498
68.190774,-82.344400,-253.000000,12.297571,7.515472
68.710774,-82.344400,-253.000000,12.487347,7.455809
69.230774,-82.344400,-253.000000,12.181164,7.441686
69.750774,-82.344400,-253.000000,12.419158,7.590272
70.270774,-82.344400,-253.000000,12.461535,7.444722
70.790774,-82.344400,-253.000000,12.496766,7.488315
71.310774,-82.344400,-253.000000,12.267251,7.480240
71.830774,-82.344400,-253.000000,12.450500,7.433988
72.350774,-82.344400,-253.000000,12.289502,7.522522
72.870774,-82.344400,-253.000000,12.226211,7.479198
73.390774,-82.344400,-253.000000,12.326117,7.518357
73.910774,-82.344400,-253.000000,12.269091,7.481448
74.430774,-82.344400,-253.000000,12.358752,7.498527
74.950774,-82.344400,-253.000000,12.432843,7.570912
75.470774,-82.344400,-253.000000,12.138509,7.446114
75.990774,-82.344400,-253.000000,12.449089,7.449030
13.070774,-81.824400,-253.000000,12.232167,7.094427
13.590774,-81.824400,-253.000000,12.482138,7.145593
14.110774,-81.824400,-253.000000,12.388534,7.272812
14.630774,-81.824400,-253.000000,12.388125,7.297333
15.150774,-81.824400,-253.000000,12.199443,7.307435
15.670774,-81.824400,-253.000000,12.264570,7.277043
16.190774,-81.824400,-253.000000,12.383365,7.395566
16.710774,-81.824400,-253.000000,12.265118,7.268244
17.230774,-81.824400,-253.000000,12.394773,7.393680
17.750774,-81.824400,-253.000000,12.378762,7.402892
18.270774,-81.824400,-253.000000,12.378013,7.394151
18.790774,-81.824400,-253.000000,12.602774,7.424038
19.310774,-81.824400,-253.000000,12.394881,7.392576
19.830774,-81.824400,-253.000000,12.462150,7.472712
20.350774,-81.824400,-253.000000,12.329878,7.359256
20.870774,-81.824400,-253.000000,12.522746,7.418571
21.390774,-81.824400,-253.000000,12.503051,7.487748
21.910774,-81.824400,-253.000000,12.152285,7.309551
22.430774,-81.824400,-253.000000,12.493568,7.550978
22.950774,-81.824400,-253.000000,12.462032,7.454557
23.470774,-81.824400,-253.000000,12.309573,7.436166
23.990774,-81.824400,-253.000000,12.316080,7.556190
24.510774,-81.824400,-253.000000,12.041590,7.319108
25.030774,-81.824400,-253.000000,12.254887,7.459214
25.550774,-81.824400,-253.000000,12.484550,7.531759
26.070774,-81.824400,-253.000000,12.452013,7.445383
26.590774,-81.824400,-253.000000,12.559935,7.503796
27.110774,-81.824400,-253.000000,12.149996,7.499067
27.630774,-81.824400,-253.000000,12.307884,7.517016
28.150774,-81.824400,-253.000000,12.261364,7.470411
28.670774,-81.824400,-253.000000,12.301457,7.448943
29.190774,-81.824400,-253.000000,12.502641,7.545847
29.710774,-81.824400,-253.000000,12.070224,7.461821
30.230774,-81.824400,-253.000000,12.283387,7.492589
30.750774,-81.824400,-253.000000,12.489331,7.600671
31.270774,-81.824400,-253.000000,12.300293,7.487081
31.790774,-81.824400,-253.000000,12.595590,7.563409
32.310774,-81.824400,-253.000000,12.307324,7.511134
32.830774,-81.824400,-253.000000,12.418579,7.489637
33.350774,-81.824400,-253.000000,12.161769,7.481202
33.870774,-81.824400,-253.000000,12.506138,7.515713
34.390774,-81.824400,-253.000000,12.161049,7.479260
34.910774,-81.824400,-253.000000,12.249438,7.423949
35.430774,-81.824400,-253.000000,12.465836,7.558324
35.950774,-81.824400,-253.000000,12.436954,7.573810
36.470774,-81.824400,-253.000000,12.172982,7.402320
36.990774,-81.824400,-253.000000,12.347070,7.455515
37.510774,-81.824400,-253.000000,12.537152,7.460473
38.030774,-81.824400,-253.000000,12.585139,7.556558
38.550774,-81.824400,-253.000000,12.330665,7.572539
39.070774,-81.824400,-253.000000,12.197795,7.573465
39.590774,-81.824400,-253.000000,12.140479,7.494369
40.110774,-81.824400,-253.000000,12.617087,7.663510
40.630774,-81.824400,-253.000000,12.304066,7.638469
41.150774,-81.824400,-253.000000,12.402069,7.595603
41.670774,-81.824400,-253.000000,12.393525,7.467776
42.190774,-81.824400,-253.000000,12.435671,7.587021
42.710774,-81.824400,-253.000000,12.426932,7.542889
43.230774,-81.824400,-253.000000,12.551456,7.581315
43.750774,-81.824400,-253.000000,12.345345,7.523205
44.270774,-81.824400,-253.000000,12.353518,7.593916
44.790774,-81.824400,-253.000000,12.382208,7.565918
45.310774,-81.824400,-253.000000,12.474855,7.500109
45.830774,-81.824400,-253.000000,12.011280,7.481681
46.350774,-81.824400,-253.000000,12.516001,7.548083
46.870774,-81.824400,-253.000000,12.339175,7.525762
47.390774,-81.824400,-253.000000,12.280646,7.628753
47.910774,-81.824400,-253.000000,12.527267,7.604452
48.430774,-81.824400,-253.000000,12.463524,7.569291
48.950774,-81.824400,-253.000000,12.515695,7.536970
49.470774,-81.824400,-253.000000,12.434102,7.565867
49.990774,-81.824400,-253.000000,12.357154,7.425546
50.510774,-81.824400,-253.000000,12.453614,7.486640
51.030774,-81.824400,-253.000000,12.297946,7.514112
51.550774,-81.824400,-253.000000,12.238406,7.499940
52.070774,-81.824400,-253.000000,12.304995,7.544104
52.590774,-81.824400,-253.000000,12.243553,7.501647
53.110774,-81.824400,-253.000000,12.115699,7.384437
53.630774,-81.824400,-253.000000,12.341250,7.484540
54.150774,-81.824400,-253.000000,12.449025,7.551699
54.670774,-81.824400,-253.000000,12.474463,7.630536
55.190774,-81.824400,-253.000000,12.319336,7.602232
55.710774,-81.824400,-253.000000,12.308867,7.609248
56.230774,-81.824400,-253.000000,12.513967,7.571248
56.750774,-81.824400,-253.000000,12.457778,7.599768
57.270774,-81.824400,-253.000000,12.262589,7.529531
57.790774,-81.824400,-253.000000,12.433866,7.531711
58.310774,-81.824400,-253.000000,12.344907,7.586363
58.830774,-81.824400,-253.000000,12.208506,7.490826
59.350774,-81.824400,-253.000000,12.459014,7.538248
59.870774,-81.824400,-253.000000,12.377047,7.596899
60.390774,-81.824400,-253.000000,12.430042,7.522285
60.910774,-81.824400,-253.000000,12.328357,7.597712
61.430774,-81.824400,-253.000000,12.193756,7.518623
61.950774,-81.824400,-253.000000,12.259599,7.570300
62.470774,-81.824400,-253.000000,12.412577,7.500427
62.990774,-81.824400,-253.000000,12.306621,7.453794
63.510774,-81.824400,-253.000000,12.428459,7.570500
64.030774,-81.824400,-253.000000,12.337329,7.495739
64.550774,-81.824400,-253.000000,12.364300,7.545044
65.070774,-81.824400,-253.000000,12.533280,7.531562
65.590774,-81.824400,-253.000000,12.377261,7.508793
66.110774,-81.824400,-253.000000,12.394689,7.569520
66.630774,-81.824400,-253.000000,12.329229,7.424181
67.150774,-81.824400,-253.000000,12.304953,7.469697
67.670774,-81.824400,-253.000000,12.309634,7.537962
68.190774,-81.824400,-253.000000,12.284628,7.466841
68.710774,-81.824400,-253.000000,12.427836,7.474641
69.230774,-81.824400,-253.000000,12.248424,7.493572
69.750774,-81.824400,-253.000000,12.406252,7.614468
70.270774,-81.824400,-253.000000,12.429279,7.426554
70.790774,-81.824400,-253.000000,12.484103,7.480092
71.310774,-81.824400,-253.000000,12.191528,7.477403
71.830774,-81.824400,-253.000000,12.409195,7.433915
72.350774,-81.824400,-253.000000,12.289511,7.527180
72.870774,-81.824400,-253.000000,12.238326,7.478652
73.390774,-81.824400,-253.000000,12.328833,7.504755
73.910774,-81.824400,-253.000000,12.229254,7.492840
74.430774,-81.824400,-253.000000,12.365335,7.516775
74.950774,-81.824400,-253.000000,12.446702,7.584033
75.470774,-81.824400,-253.000000,12.164207,7.451066
75.990774,-81.824400,-253.000000,12.319305,7.462608
13.070774,-81.304400,-253.000000,12.230643,7.111430
75.990774,-81.304400,-253.000000,12.256549,7.454259
13.070774,-82.344400,-252.000000,12.379785,7.184834
13.590774,-82.344400,-252.000000,12.418716,7.238378
14.110774,-82.344400,-252.000000,12.262324,7.174997
14.630774,-82.344400,-252.000000,12.564654,7.307417
15.150774,-82.344400,-252.000000,12.504701,7.312161
15.670774,-82.344400,-252.000000,12.310076,7.247601
16.190774,-82.344400,-252.000000,12.477675,7.506459
16.710774,-82.344400,-252.000000,12.260036,7.334680
17.230774,-82.344400,-252.000000,12.369936,7.509931
17.750774,-82.344400,-252.000000,12.155666,7.281741
18.270774,-82.344400,-252.000000,12.655292,7.474714
18.790774,-82.344400,-252.000000,12.655785,7.428986
19.310774,-82.344400,-252.000000,12.359216,7.422885
19.830774,-82.344400,-252.000000,12.359115,7.420048
20.350774,-82.344400,-252.000000,12.379310,7.450515
20.870774,-82.344400,-252.000000,12.426096,7.397538
21.390774,-82.344400,-252.000000,12.243365,7.462212
21.910774,-82.344400,-252.000000,12.306003,7.485353
22.430774,-82.344400,-252.000000,12.472714,7.441139
22.950774,-82.344400,-252.000000,12.115142,7.431158
23.470774,-82.344400,-252.000000,12.361094,7.406543
23.990774,-82.344400,-252.000000,12.365353,7.547615
24.510774,-82.344400,-252.000000,12.530033,7.554639
25.030774,-82.344400,-252.000000,12.103209,7.365605
25.550774,-82.344400,-252.000000,12.428975,7.465738
26.070774,-82.344400,-252.000000,12.436703,7.448044
26.590774,-82.344400,-252.000000,12.364657,7.470154
27.110774,-82.344400,-252.000000,12.478751,7.495521
27.630774,-82.344400,-252.000000,12.321496,7.498310
28.150774,-82.344400,-252.000000,12.249655,7.367817
28.670774,-82.344400,-252.000000,12.281165,7.399500
29.190774,-82.344400,-252.000000,12.357740,7.440684
29.710774,-82.344400,-252.000000,12.387801,7.516401
30.230774,-82.344400,-252.000000,12.519341,7.459579
30.750774,-82.344400,-252.000000,12.499840,7.511579
31.270774,-82.344400,-252.000000,12.535060,7.540315
31.790774,-82.344400,-252.000000,12.375129,7.474885
32.310774,-82.344400,-252.000000,12.219524,7.471101
32.830774,-82.344400,-252.000000,12.389033,7.495432
33.350774,-82.344400,-252.000000,12.216133,7.456673
33.870774,-82.344400,-252.000000,12.290614,7.463243
34.390774,-82.344400,-252.000000,12.321887,7.465267
34.910774,-82.344400,-252.000000,12.615050,7.569396
35.430774,-82.344400,-252.000000,12.284457,7.451402
35.950774,-82.344400,-252.000000,12.354239,7.480874
36.470774,-82.344400,-252.000000,12.371630,7.461648
36.990774,-82.344400,-252.000000,12.064037,7.437800
37.510774,-82.344400,-252.000000,12.488149,7.489400
38.030774,-82.344400,-252.000000,12.418025,7.486053
38.550774,-82.344400,-252.000000,12.300728,7.635602
39.070774,-82.344400,-252.000000,12.189278,7.441706
39.590774,-82.344400,-252.000000,12.503448,7.509677
40.110774,-82.344400,-252.000000,12.536723,7.478385
40.630774,-82.344400,-252.000000,12.341829,7.568741
41.150774,-82.344400,-252.000000,12.319328,7.549661
41.670774,-82.344400,-252.000000,12.330214,7.558702
42.190774,-82.344400,-252.000000,12.331046,7.488674
42.710774,-82.344400,-252.000000,12.462700,7.572187
43.230774,-82.344400,-252.000000,12.483815,7.591736
43.750774,-82.344400,-252.000000,12.381451,7.501982
44.270774,-82.344400,-252.000000,12.223345,7.531602
44.790774,-82.344400,-252.000000,12.389918,7.455743
45.310774,-82.344400,-252.000000,12.288718,7.442307
45.830774,-82.344400,-252.000000,12.183856,7.468128
46.350774,-82.344400,-252.000000,12.060302,7.508319
46.870774,-82.344400,-252.000000,12.283713,7.571071
47.390774,-82.344400,-252.000000,12.272844,7.493350
47.910774,-82.344400,-252.000000,12.122272,7.501623
48.430774,-82.344400,-252.000000,12.429314,7.481664
48.950774,-82.344400,-252.000000,12.597152,7.557070
49.470774,-82.344400,-252.000000,12.262294,7.465718
49.990774,-82.344400,-252.000000,12.276931,7.525497
50.510774,-82.344400,-252.000000,12.386387,7.624168
51.030774,-82.344400,-252.000000,12.363561,7.547341
51.550774,-82.344400,-252.000000,12.333478,7.549435
52.070774,-82.344400,-252.000000,12.306952,7.531728
52.590774,-82.344400,-252.000000,12.135945,7.420701
53.110774,-82.344400,-252.000000,12.365836,7.594297
53.630774,-82.344400,-252.000000,12.513070,7.566527
54.150774,-82.344400,-252.000000,12.211480,7.445950
54.670774,-82.344400,-252.000000,12.570396,7.541411
55.190774,-82.344400,-252.000000,12.213630,7.472956
55.710774,-82.344400,-252.000000,12.432098,7.539815
56.230774,-82.344400,-252.000000,12.372617,7.487259
56.750774,-82.344400,-252.000000,12.210971,7.489247
57.270774,-82.344400,-252.000000,12.625887,7.513156
57.790774,-82.344400,-252.000000,12.648259,7.523863
58.310774,-82.344400,-252.000000,12.364095,7.579057
58.830774,-82.344400,-252.000000,12.303569,7.478341
59.350774,-82.344400,-252.000000,12.162849,7.488968
59.870774,-82.344400,-252.000000,12.322137,7.510019
60.390774,-82.344400,-252.000000,12.360805,7.554893
60.910774,-82.344400,-252.000000,12.468848,7.493967
61.430774,-82.344400,-252.000000,12.284042,7.574520
61.950774,-82.344400,-252.000000,12.402247,7.524087
62.470774,-82.344400,-252.000000,12.364974,7.602541
62.990774,-82.344400,-252.000000,12.282393,7.485702
63.510774,-82.344400,-252.000000,12.552041,7.582316
64.030774,-82.344400,-252.000000,12.638177,7.536556
64.550774,-82.344400,-252.000000,12.595956,7.634242
65.070774,-82.344400,-252.000000,12.436962,7.566978
65.590774,-82.344400,-252.000000,12.252005,7.455721
66.110774,-82.344400,-252.000000,12.296375,7.545635
66.630774,-82.344400,-252.000000,12.094509,7.418610
67.150774,-82.344400,-252.000000,12.478147,7.470108
67.670774,-82.344400,-252.000000,12.354577,7.483458
68.190774,-82.344400,-252.000000,12.321184,7.471332
68.710774,-82.344400,-252.000000,12.489196,7.526267
69.230774,-82.344400,-252.000000,12.400798,7.587906
69.750774,-82.344400,-252.000000,12.045947,7.395472
70.270774,-82.344400,-252.000000,12.250983,7.418361
70.790774,-82.344400,-252.000000,12.488079,7.537391
71.310774,-82.344400,-252.000000,12.185117,7.388697
71.830774,-82.344400,-252.000000,12.641177,7.511338
72.350774,-82.344400,-252.000000,12.400402,7.515996
72.870774,-82.344400,-252.000000,12.198432,7.496192
73.390774,-82.344400,-252.000000,12.525320,7.528581
73.910774,-82.344400,-252.000000,12.547338,7.504870
74.430774,-82.344400,-252.000000,12.452147,7.515033
74.950774,-82.344400,-252.000000,12.467620,7.505660
75.470774,-82.344400,-252.000000,12.329805,7.460068
75.990774,-82.344400,-252.000000,12.342254,7.464485
13.070774,-81.824400,-252.000000,12.310581,7.181849
13.590774,-81.824400,-252.000000,12.388409,7.247298
14.110774,-81.824400,-252.000000,12.297205,7.208957
14.630774,-81.824400,-252.000000,12.512266,7.305870
15.150774,-81.824400,-252.000000,12.475983,7.318844
15.670774,-81.824400,-252.000000,12.297581,7.268014
16.190774,-81.824400,-252.000000,12.390882,7.491354
16.710774,-81.824400,-252.000000,12.314651,7.345268
17.230774,-81.824400,-252.000000,12.378766,7.512358
17.750774,-81.824400,-252.000000,12.138530,7.277809
18.270774,-81.824400,-252.000000,12.677138,7.472757
18.790774,-81.824400,-252.000000,12.630534,7.461102
19.310774,-81.824400,-252.000000,12.301612,7.432685
19.830774,-81.824400,-252.000000,12.350495,7.413560
20.350774,-81.824400,-252.000000,12.327699,7.467520
20.870774,-81.824400,-252.000000,12.422816,7.415824
21.390774,-81.824400,-252.000000,12.216953,7.449388
21.910774,-81.824400,-252.000000,12.326111,7.501096
22.430774,-81.824400,-252.000000,12.408946,7.461535
22.950774,-81.824400,-252.000000,12.051162,7.450590
23.470774,-81.824400,-252.000000,12.433534,7.433038
23.990774,-81.824400,-252.000000,12.325184,7.521858
24.510774,-81.824400,-252.000000,12.555015,7.564262
25.030774,-81.824400,-252.000000,12.092269,7.382388
25.550774,-81.824400,-252.000000,12.398396,7.471451
26.070774,-81.824400,-252.000000,12.311904,7.423708
26.590774,-81.824400,-252.000000,12.404054,7.471862
27.110774,-81.824400,-252.000000,12.405130,7.512406
27.630774,-81.824400,-252.000000,12.340774,7.492240
28.150774,-81.824400,-252.000000,12.314300,7.383963
28.670774,-81.824400,-252.000000,12.255949,7.439155
29.190774,-81.824400,-252.000000,12.292850,7.441250
29.710774,-81.824400,-252.000000,12.405005,7.514599
30.230774,-81.824400,-252.000000,12.431468,7.426742
30.750774,-81.824400,-252.000000,12.482391,7.509919
31.270774,-81.824400,-252.000000,12.483507,7.544356
31.790774,-81.824400,-252.000000,12.344241,7.489043
32.310774,-81.824400,-252.000000,12.334493,7.518030
32.830774,-81.824400,-252.000000,12.302360,7.506923
33.350774,-81.824400,-252.000000,12.302680,7.478671
33.870774,-81.824400,-252.000000,12.249269,7.497865
34.390774,-81.824400,-252.000000,12.252194,7.472052
34.910774,-81.824400,-252.000000,12.626182,7.582531
35.430774,-81.824400,-252.000000,12.278748,7.466836
35.950774,-81.824400,-252.000000,12.307018,7.503400
36.470774,-81.824400,-252.000000,12.449347,7.461333
36.990774,-81.824400,-252.000000,12.055339,7.459163
37.510774,-81.824400,-252.000000,12.492537,7.501211
38.030774,-81.824400,-252.000000,12.466498,7.539308
38.550774,-81.824400,-252.000000,12.311061,7.649181
39.070774,-81.824400,-252.000000,12.220866,7.436521
39.590774,-81.824400,-252.000000,12.499107,7.531631
40.110774,-81.824400,-252.000000,12.474995,7.518985
40.630774,-81.824400,-252.000000,12.345564,7.543242
41.150774,-81.824400,-252.000000,12.259616,7.573770
41.670774,-81.824400,-252.000000,12.294580,7.557169
42.190774,-81.824400,-252.000000,12.404207,7.481984
42.710774,-81.824400,-252.000000,12.403602,7.585094
43.230774,-81.824400,-252.000000,12.513526,7.594831
43.750774,-81.824400,-252.000000,12.356778,7.508390
44.270774,-81.824400,-252.000000,12.218190,7.555573
44.790774,-81.824400,-252.000000,12.379329,7.458885
45.310774,-81.824400,-252.000000,12.324151,7.443996
45.830774,-81.824400,-252.000000,12.204604,7.527190
46.350774,-81.824400,-252.000000,12.025496,7.505224
46.870774,-81.824400,-252.000000,12.227538,7.570816
47.390774,-81.824400,-252.000000,12.294580,7.522080
47.910774,-81.824400,-252.000000,12.084037,7.496601
48.430774,-81.824400,-252.000000,12.442008,7.503417
48.950774,-81.824400,-252.000000,12.491873,7.541886
49.470774,-81.824400,-252.000000,12.265720,7.465425
49.990774,-81.824400,-252.000000,12.298825,7.509897
50.510774,-81.824400,-252.000000,12.321515,7.643505
51.030774,-81.824400,-252.000000,12.349003,7.560698
51.550774,-81.824400,-252.000000,12.330608,7.575456
52.070774,-81.824400,-252.000000,12.331601,7.521062
52.590774,-81.824400,-252.000000,12.089326,7.434875
53.110774,-81.824400,-252.000000,12.232161,7.589388
53.630774,-81.824400,-252.000000,12.527242,7.587516
54.150774,-81.824400,-252.000000,12.252248,7.462783
54.670774,-81.824400,-252.000000,12.542172,7.533783
55.190774,-81.824400,-252.000000,12.188021,7.478251
55.710774,-81.824400,-252.000000,12.463141,7.554455
56.230774,-81.824400,-252.000000,12.329097,7.470324
56.750774,-81.824400,-252.000000,12.218801,7.509923
57.270774,-81.824400,-252.000000,12.638293,7.501997
57.790774,-81.824400,-252.000000,12.670429,7.543194
58.310774,-81.824400,-252.000000,12.366498,7.573972
58.830774,-81.824400,-252.000000,12.283891,7.491708
59.350774,-81.824400,-252.000000,12.089293,7.498525
59.870774,-81.824400,-252.000000,12.399695,7.528945
60.390774,-81.824400,-252.000000,12.296102,7.542969
60.910774,-81.824400,-252.000000,12.499387,7.507643
61.430774,-81.824400,-252.000000,12.211235,7.552552
61.950774,-81.824400,-252.000000,12.387485,7.543447
62.470774,-81.824400,-252.000000,12.355631,7.611834
62.990774,-81.824400,-252.000000,12.341599,7.511292
63.510774,-81.824400,-252.000000,12.542212,7.590192
64.030774,-81.824400,-252.000000,12.548918,7.549322
64.550774,-81.824400,-252.000000,12.643115,7.664511
65.070774,-81.824400,-252.000000,12.496104,7.574350
65.590774,-81.824400,-252.000000,12.198216,7.469632
66.110774,-81.824400,-252.000000,12.213120,7.531570
66.630774,-81.824400,-252.000000,12.145488,7.434746
67.150774,-81.824400,-252.000000,12.452186,7.477755
67.670774,-81.824400,-252.000000,12.311955,7.474481
68.190774,-81.824400,-252.000000,12.298905,7.466585
68.710774,-81.824400,-252.000000,12.513303,7.555344
69.230774,-81.824400,-252.000000,12.382358,7.568315
69.750774,-81.824400,-252.000000,11.982321,7.391810
70.270774,-81.824400,-252.000000,12.212369,7.399250
70.790774,-81.824400,-252.000000,12.451533,7.516880
71.310774,-81.824400,-252.000000,12.298827,7.417339
71.830774,-81.824400,-252.000000,12.554534,7.546357
72.350774,-81.824400,-252.000000,12.436866,7.508023
72.870774,-81.824400,-252.000000,12.206301,7.506396
73.390774,-81.824400,-252.000000,12.468572,7.498520
73.910774,-81.824400,-252.000000,12.439313,7.464402
74.430774,-81.824400,-252.000000,12.408036,7.514832
74.950774,-81.824400,-252.000000,12.484866,7.539754
75.470774,-81.824400,-252.000000,12.222709,7.454331
75.990774,-81.824400,-252.000000,12.379130,7.460646
13.070774,-81.304400,-252.000000,12.243129,7.183869
75.990774,-81.304400,-252.000000,12.339808,7.461983
13.070774,-82.344400,-251.000000,12.335501,7.145494
13.590774,-82.344400,-251.000000,12.370158,7.227552
14.110774,-82.344400,-251.000000,12.338149,7.190725
14.630774,-82.344400,-251.000000,12.445532,7.351378
15.150774,-82.344400,-251.000000,12.255919,7.344468
15.670774,-82.344400,-251.000000,12.240126,7.218869
16.190774,-82.344400,-251.000000,12.134841,7.360917
16.710774,-82.344400,-251.000000,12.477854,7.394297
17.230774,-82.344400,-251.000000,12.391571,7.315071
17.750774,-82.344400,-251.000000,12.470225,7.420573
18.270774,-82.344400,-251.000000,12.280156,7.340038
18.790774,-82.344400,-251.000000,12.529234,7.473207
19.310774,-82.344400,-251.000000,12.462754,7.321686
19.830774,-82.344400,-251.000000,12.540870,7.424454
20.350774,-82.344400,-251.000000,12.480524,7.430283
20.870774,-82.344400,-251.000000,12.313293,7.470953
21.390774,-82.344400,-251.000000,12.246770,7.344677
21.910774,-82.344400,-251.000000,12.506770,7.448153
22.430774,-82.344400,-251.000000,12.358937,7.528901
22.950774,-82.344400,-251.000000,12.474669,7.387383
23.470774,-82.344400,-251.000000,12.438459,7.478117
23.990774,-82.344400,-251.000000,12.313129,7.476896
24.510774,-82.344400,-251.000000,12.390697,7.467717
25.030774,-82.344400,-251.000000,12.304224,7.414584
25.550774,-82.344400,-251.000000,12.374941,7.515337
26.070774,-82.344400,-251.000000,12.094325,7.466880
26.590774,-82.344400,-251.000000,12.446185,7.465120
27.110774,-82.344400,-251.000000,12.434057,7.530566
27.630774,-82.344400,-251.000000,12.237949,7.390469
28.150774,-82.344400,-251.000000,12.531953,7.506849
28.670774,-82.344400,-251.000000,12.336245,7.501713
29.190774,-82.344400,-251.000000,12.328773,7.514546
29.710774,-82.344400,-251.000000,12.537831,7.504237
30.230774,-82.344400,-251.000000,12.455939,7.476984
30.750774,-82.344400,-251.000000,12.228149,7.500875
31.270774,-82.344400,-251.000000,12.399634,7.531656
31.790774,-82.344400,-251.000000,12.291771,7.450359
32.310774,-82.344400,-251.000000,12.632885,7.530608
32.830774,-82.344400,-251.000000,12.471406,7.459695
33.350774,-82.344400,-251.000000,12.396644,7.480687
33.870774,-82.344400,-251.000000,12.168313,7.452967
34.390774,-82.344400,-251.000000,12.412215,7.482408
34.910774,-82.344400,-251.000000,12.367016,7.483253
35.430774,-82.344400,-251.000000,12.352027,7.489633
35.950774,-82.344400,-251.000000,12.232857,7.465493
36.470774,-82.344400,-251.000000,12.203937,7.449522
36.990774,-82.344400,-251.000000,12.274728,7.510660
37.510774,-82.344400,-251.000000,12.239710,7.494920
38.030774,-82.344400,-251.000000,12.125722,7.433956
38.550774,-82.344400,-251.000000,12.222404,7.434366
39.070774,-82.344400,-251.000000,12.274045,7.428951
39.590774,-82.344400,-251.000000,12.225940,7.474520
40.110774,-82.344400,-251.000000,12.297067,7.499164
40.630774,-82.344400,-251.000000,12.227038,7.506591
41.150774,-82.344400,-251.000000,12.411945,7.502992
41.670774,-82.344400,-251.000000,12.308875,7.452487
42.190774,-82.344400,-251.000000,12.160285,7.451903
42.710774,-82.344400,-251.000000,12.233733,7.530364
43.230774,-82.344400,-251.000000,12.401106,7.479438
43.750774,-82.344400,-251.000000,12.328830,7.591368
44.270774,-82.344400,-251.000000,12.385760,7.551309
44.790774,-82.344400,-251.000000,12.276600,7.530051
45.310774,-82.344400,-251.000000,12.477000,7.506557
45.830774,-82.344400,-251.000000,12.266276,7.495481
46.350774,-82.344400,-251.000000,12.282220,7.431623
46.870774,-82.344400,-251.000000,12.510764,7.480204
47.390774,-82.344400,-251.000000,12.371881,7.509005
47.910774,-82.344400,-251.000000,12.214213,7.506142
48.430774,-82.344400,-251.000000,12.249610,7.616685
48.950774,-82.344400,-251.000000,12.283989,7.537598
49.470774,-82.344400,-251.000000,12.606075,7.641026
49.990774,-82.344400,-251.000000,12.297292,7.484689
50.510774,-82.344400,-251.000000,12.329169,7.498802
51.030774,-82.344400,-251.000000,12.290176,7.570603
51.550774,-82.344400,-251.000000,12.122162,7.478244
52.070774,-82.344400,-251.000000,12.454917,7.561502
52.590774,-82.344400,-251.000000,12.328726,7.490475
53.110774,-82.344400,-251.000000,12.263667,7.484012
53.630774,-82.344400,-251.000000,12.274873,7.382381
54.150774,-82.344400,-251.000000,12.443153,7.543160
54.670774,-82.344400,-251.000000,12.232514,7.494163
55.190774,-82.344400,-251.000000,12.274371,7.494773
55.710774,-82.344400,-251.000000,12.380987,7.500935
56.230774,-82.344400,-251.000000,12.634929,7.553753
56.750774,-82.344400,-251.000000,12.547117,7.582677
57.270774,-82.344400,-251.000000,12.279491,7.572051
57.790774,-82.344400,-251.000000,12.275556,7.518830
58.310774,-82.344400,-251.000000,12.517145,7.543443
58.830774,-82.344400,-251.000000,12.537760,7.456971
59.350774,-82.344400,-251.000000,12.412163,7.489559
59.870774,-82.344400,-251.000000,12.548973,7.538336
60.390774,-82.344400,-251.000000,12.384098,7.579591
60.910774,-82.344400,-251.000000,12.611359,7.524802
61.430774,-82.344400,-251.000000,12.358524,7.517390
61.950774,-82.344400,-251.000000,12.544855,7.532712
62.470774,-82.344400,-251.000000,12.424654,7.535553
62.990774,-82.344400,-251.000000,12.451919,7.552918
63.510774,-82.344400,-251.000000,12.259013,7.417712
64.030774,-82.344400,-251.000000,12.560352,7.507371
64.550774,-82.344400,-251.000000,12.400208,7.538990
65.070774,-82.344400,-251.000000,12.539979,7.523494
65.590774,-82.344400,-251.000000,12.390437,7.489982
66.110774,-82.344400,-251.000000,12.315810,7.435211
66.630774,-82.344400,-251.000000,12.089928,7.450508
67.150774,-82.344400,-251.000000,12.508459,7.555162
67.670774,-82.344400,-251.000000,12.368253,7.528831
68.190774,-82.344400,-251.000000,12.567562,7.500999
68.710774,-82.344400,-251.000000,12.264711,7.409130
69.230774,-82.344400,-251.000000,12.116179,7.452202
69.750774,-82.344400,-251.000000,12.151869,7.443048
70.270774,-82.344400,-251.000000,12.485128,7.665085
70.790774,-82.344400,-251.000000,12.604812,7.490171
71.310774,-82.344400,-251.000000,12.397986,7.527685
71.830774,-82.344400,-251.000000,12.428168,7.553367
72.350774,-82.344400,-251.000000,12.482484,7.507895
72.870774,-82.344400,-251.000000,12.246060,7.484918
73.390774,-82.344400,-251.000000,12.571722,7.559737
73.910774,-82.344400,-251.000000,12.246162,7.452546
74.430774,-82.344400,-251.000000,12.164417,7.420861
74.950774,-82.344400,-251.000000,12.336660,7.395743
75.470774,-82.344400,-251.000000,12.417632,7.509977
13.070774,-81.824400,-251.000000,12.329420,7.164347
13.590774,-81.824400,-251.000000,12.420739,7.241385
14.110774,-81.824400,-251.000000,12.268088,7.192795
14.630774,-81.824400,-251.000000,12.410941,7.351081
15.150774,-81.824400,-251.000000,12.247069,7.331207
15.670774,-81.824400,-251.000000,12.236369,7.229851
16.190774,-81.824400,-251.000000,12.164662,7.340457
16.710774,-81.824400,-251.000000,12.450179,7.417322
17.230774,-81.824400,-251.000000,12.366096,7.288828
17.750774,-81.824400,-251.000000,12.491865,7.429494
18.270774,-81.824400,-251.000000,12.270434,7.330753
18.790774,-81.824400,-251.000000,12.546970,7.454045
19.310774,-81.824400,-251.000000,12.471692,7.337206
19.830774,-81.824400,-251.000000,12.496062,7.421108
20.350774,-81.824400,-251.000000,12.434115,7.425357
20.870774,-81.824400,-251.000000,12.342723,7.497302
21.390774,-81.824400,-251.000000,12.276358,7.388744
21.910774,-81.824400,-251.000000,12.467431,7.465106
22.430774,-81.824400,-251.000000,12.289092,7.491792
22.950774,-81.824400,-251.000000,12.484837,7.386085
23.470774,-81.824400,-251.000000,12.419534,7.455567
23.990774,-81.824400,-251.000000,12.321441,7.503495
24.510774,-81.824400,-251.000000,12.326359,7.477903
25.030774,-81.824400,-251.000000,12.314726,7.409754
25.550774,-81.824400,-251.000000,12.320609,7.531968
26.070774,-81.824400,-251.000000,12.175227,7.449492
26.590774,-81.824400,-251.000000,12.381788,7.505952
27.110774,-81.824400,-251.000000,12.452787,7.558868
27.630774,-81.824400,-251.000000,12.273434,7.383731
28.150774,-81.824400,-251.000000,12.449936,7.448503
28.670774,-81.824400,-251.000000,12.359515,7.509499
29.190774,-81.824400,-251.000000,12.349327,7.524881
29.710774,-81.824400,-251.000000,12.410419,7.496252
30.230774,-81.824400,-251.000000,12.522729,7.479234
30.750774,-81.824400,-251.000000,12.247025,7.517625
31.270774,-81.824400,-251.000000,12.368251,7.557884
31.790774,-81.824400,-251.000000,12.216851,7.459908
32.310774,-81.824400,-251.000000,12.602103,7.519785
32.830774,-81.824400,-251.000000,12.493983,7.476833
33.350774,-81.824400,-251.000000,12.399215,7.484361
33.870774,-81.824400,-251.000000,12.123470,7.463050
34.390774,-81.824400,-251.000000,12.406291,7.475416
34.910774,-81.824400,-251.000000,12.386322,7.524199
35.430774,-81.824400,-251.000000,12.433966,7.494276
35.950774,-81.824400,-251.000000,12.272019,7.479877
36.470774,-81.824400,-251.000000,12.189795,7.446863
36.990774,-81.824400,-251.000000,12.260042,7.510771
37.510774,-81.824400,-251.000000,12.254472,7.526125
38.030774,-81.824400,-251.000000,12.107078,7.421050
38.550774,-81.824400,-251.000000,12.200518,7.445698
39.070774,-81.824400,-251.000000,12.311252,7.440217
39.590774,-81.824400,-251.000000,12.197795,7.466534
40.110774,-81.824400,-251.000000,12.338920,7.539419
40.630774,-81.824400,-251.000000,12.244076,7.527920
41.150774,-81.824400,-251.000000,12.363306,7.493127
41.670774,-81.824400,-251.000000,12.374133,7.480626
42.190774,-81.824400,-251.000000,12.092628,7.476732
42.710774,-81.824400,-251.000000,12.330688,7.560739
43.230774,-81.824400,-251.000000,12.373001,7.472873
43.750774,-81.824400,-251.000000,12.343496,7.615346
44.270774,-81.824400,-251.000000,12.251193,7.541990
44.790774,-81.824400,-251.000000,12.279818,7.536716
45.310774,-81.824400,-251.000000,12.486732,7.529695
45.830774,-81.824400,-251.000000,12.259892,7.480874
46.350774,-81.824400,-251.000000,12.253577,7.449288
46.870774,-81.824400,-251.000000,12.433914,7.473843
47.390774,-81.824400,-251.000000,12.383152,7.512012
47.910774,-81.824400,-251.000000,12.320244,7.526845
48.430774,-81.824400,-251.000000,12.219780,7.598375
48.950774,-81.824400,-251.000000,12.251716,7.576286
49.470774,-81.824400,-251.000000,12.552475,7.606043
49.990774,-81.824400,-251.000000,12.258243,7.512727
50.510774,-81.824400,-251.000000,12.360425,7.482082
51.030774,-81.824400,-251.000000,12.301081,7.557306
51.550774,-81.824400,-251.000000,12.113803,7.508918
52.070774,-81.824400,-251.000000,12.448927,7.563844
52.590774,-81.824400,-251.000000,12.287305,7.493424
53.110774,-81.824400,-251.000000,12.225290,7.504030
53.630774,-81.824400,-251.000000,12.347413,7.440796
54.150774,-81.824400,-251.000000,12.306070,7.531066
54.670774,-81.824400,-251.000000,12.304160,7.507741
55.190774,-81.824400,-251.000000,12.278088,7.512092
55.710774,-81.824400,-251.000000,12.397861,7.521992
56.230774,-81.824400,-251.000000,12.554245,7.569305
56.750774,-81.824400,-251.000000,12.507692,7.628016
57.270774,-81.824400,-251.000000,12.317607,7.582265
57.790774,-81.824400,-251.000000,12.163822,7.497036
58.310774,-81.824400,-251.000000,12.520959,7.536355
58.830774,-81.824400,-251.000000,12.492855,7.495387
59.350774,-81.824400,-251.000000,12.480121,7.492809
59.870774,-81.824400,-251.000000,12.381884,7.497524
60.390774,-81.824400,-251.000000,12.455786,7.599941
60.910774,-81.824400,-251.000000,12.604114,7.546097
61.430774,-81.824400,-251.000000,12.305984,7.527505
61.950774,-81.824400,-251.000000,12.524871,7.520561
62.470774,-81.824400,-251.000000,12.384689,7.525774
62.990774,-81.824400,-251.000000,12.414605,7.535020
63.510774,-81.824400,-251.000000,12.157245,7.427783
64.030774,-81.824400,-251.000000,12.703802,7.534791
64.550774,-81.824400,-251.000000,12.278804,7.496133
65.070774,-81.824400,-251.000000,12.596339,7.552352
65.590774,-81.824400,-251.000000,12.448672,7.506891
66.110774,-81.824400,-251.000000,12.305522,7.427621
66.630774,-81.824400,-251.000000,12.008869,7.462369
67.150774,-81.824400,-251.000000,12.598679,7.585180
67.670774,-81.824400,-251.000000,12.397774,7.540905
68.190774,-81.824400,-251.000000,12.482223,7.468069
68.710774,-81.824400,-251.000000,12.260399,7.405674
69.230774,-81.824400,-251.000000,12.135452,7.459471
69.750774,-81.824400,-251.000000,12.186690,7.436592
70.270774,-81.824400,-251.000000,12.485132,7.663744
70.790774,-81.824400,-251.000000,12.571109,7.495807
71.310774,-81.824400,-251.000000,12.321006,7.499482
71.830774,-81.824400,-251.000000,12.370445,7.558744
72.350774,-81.824400,-251.000000,12.458808,7.542777
72.870774,-81.824400,-251.000000,12.203320,7.512390
73.390774,-81.824400,-251.000000,12.563746,7.570326
73.910774,-81.824400,-251.000000,12.199541,7.443386
74.430774,-81.824400,-251.000000,12.215509,7.436904
74.950774,-81.824400,-251.000000,12.333385,7.421203
75.470774,-81.824400,-251.000000,12.452662,7.517955
75.990774,-81.824400,-251.000000,12.208237,7.472406
74.430774,-81.304400,-251.000000,12.219378,7.474618
74.950774,-81.304400,-251.000000,12.270721,7.439094
75.470774,-81.304400,-251.000000,12.393252,7.531915
13.070774,-82.344400,-250.000000,12.298594,7.063643
13.590774,-82.344400,-250.000000,12.489177,7.160933
14.110774,-82.344400,-250.000000,12.423366,7.198943
14.630774,-82.344400,-250.000000,12.230361,7.224795
15.150774,-82.344400,-250.000000,12.317782,7.344921
15.670774,-82.344400,-250.000000,12.406774,7.371195
16.190774,-82.344400,-250.000000,12.656225,7.306211
16.710774,-82.344400,-250.000000,12.337802,7.232539
17.230774,-82.344400,-250.000000,12.530873,7.347267
17.750774,-82.344400,-250.000000,12.248939,7.340717
18.270774,-82.344400,-250.000000,12.497650,7.394085
18.790774,-82.344400,-250.000000,12.373870,7.421758
19.310774,-82.344400,-250.000000,12.187935,7.309248
19.830774,-82.344400,-250.000000,12.377594,7.490487
20.350774,-82.344400,-250.000000,12.266166,7.335552
20.870774,-82.344400,-250.000000,12.124613,7.399577
21.390774,-82.344400,-250.000000,12.290843,7.494601
21.910774,-82.344400,-250.000000,12.311893,7.423066
22.430774,-82.344400,-250.000000,12.296912,7.375955
22.950774,-82.344400,-250.000000,12.082747,7.360993
23.470774,-82.344400,-250.000000,12.069206,7.394253
23.990774,-82.344400,-250.000000,12.280108,7.463574
24.510774,-82.344400,-250.000000,12.274157,7.420119
25.030774,-82.344400,-250.000000,12.277865,7.391666
25.550774,-82.344400,-250.000000,12.442115,7.455527
26.070774,-82.344400,-250.000000,12.492481,7.491872
26.590774,-82.344400,-250.000000,12.376767,7.457911
27.110774,-82.344400,-250.000000,12.308360,7.525190
27.630774,-82.344400,-250.000000,12.378161,7.486119
28.150774,-82.344400,-250.000000,12.425950,7.492984
28.670774,-82.344400,-250.000000,12.591722,7.522470
29.190774,-82.344400,-250.000000,12.103959,7.482272
29.710774,-82.344400,-250.000000,12.271976,7.445125
30.230774,-82.344400,-250.000000,12.407062,7.455690
30.750774,-82.344400,-250.000000,12.481244,7.625496
31.270774,-82.344400,-250.000000,12.205631,7.457684
31.790774,-82.344400,-250.000000,12.415507,7.486398
32.310774,-82.344400,-250.000000,12.272216,7.515446
32.830774,-82.344400,-250.000000,12.202337,7.463013
33.350774,-82.344400,-250.000000,12.473283,7.527932
33.870774,-82.344400,-250.000000,12.202250,7.528799
34.390774,-82.344400,-250.000000,12.238612,7.496122
34.910774,-82.344400,-250.000000,12.428278,7.562784
35.430774,-82.344400,-250.000000,12.544006,7.594354
35.950774,-82.344400,-250.000000,12.189271,7.506660
36.470774,-82.344400,-250.000000,12.321705,7.455224
36.990774,-82.344400,-250.000000,12.350838,7.527928
37.510774,-82.344400,-250.000000,12.330302,7.530261
38.030774,-82.344400,-250.000000,12.235042,7.497493
38.550774,-82.344400,-250.000000,12.311286,7.474006
39.070774,-82.344400,-250.000000,12.420078,7.550176
39.590774,-82.344400,-250.000000,12.381735,7.532350
40.110774,-82.344400,-250.000000,12.501405,7.521263
40.630774,-82.344400,-250.000000,12.198144,7.444331
41.150774,-82.344400,-250.000000,12.416120,7.524101
41.670774,-82.344400,-250.000000,12.472950,7.479129
42.190774,-82.344400,-250.000000,12.372161,7.514840
42.710774,-82.344400,-250.000000,12.342031,7.521325
43.230774,-82.344400,-250.000000,12.332428,7.585939
43.750774,-82.344400,-250.000000,12.469740,7.503017
44.270774,-82.344400,-250.000000,12.349544,7.452979
44.790774,-82.344400,-250.000000,12.323583,7.523374
45.310774,-82.344400,-250.000000,12.005034,7.471814
45.830774,-82.344400,-250.000000,12.305756,7.465747
46.350774,-82.344400,-250.000000,12.310807,7.520344
46.870774,-82.344400,-250.000000,12.279454,7.571059
47.390774,-82.344400,-250.000000,12.296272,7.541612
47.910774,-82.344400,-250.000000,12.264667,7.473919
48.430774,-82.344400,-250.000000,12.391725,7.517158
48.950774,-82.344400,-250.000000,12.388157,7.495393
49.470774,-82.344400,-250.000000,12.436667,7.553329
49.990774,-82.344400,-250.000000,12.295198,7.553367
50.510774,-82.344400,-250.000000,12.356291,7.538939
51.030774,-82.344400,-250.000000,12.525262,7.536089
51.550774,-82.344400,-250.000000,12.570809,7.569244
52.070774,-82.344400,-250.000000,12.277059,7.522597
52.590774,-82.344400,-250.000000,12.388136,7.517298
53.110774,-82.344400,-250.000000,12.444169,7.508344
53.630774,-82.344400,-250.000000,12.122089,7.547190
54.150774,-82.344400,-250.000000,12.210093,7.462635
54.670774,-82.344400,-250.000000,11.973575,7.384431
55.190774,-82.344400,-250.000000,12.296516,7.474367
55.710774,-82.344400,-250.000000,12.634144,7.573432
56.230774,-82.344400,-250.000000,12.214176,7.467722
56.750774,-82.344400,-250.000000,12.492624,7.549919
57.270774,-82.344400,-250.000000,12.343160,7.498784
57.790774,-82.344400,-250.000000,12.475677,7.571443
58.310774,-82.344400,-250.000000,12.232232,7.501008
58.830774,-82.344400,-250.000000,12.339992,7.503357
59.350774,-82.344400,-250.000000,12.298156,7.481815
59.870774,-82.344400,-250.000000,12.249091,7.496217
60.390774,-82.344400,-250.000000,12.470809,7.499179
60.910774,-82.344400,-250.000000,12.390203,7.472799
61.430774,-82.344400,-250.000000,12.421391,7.557333
61.950774,-82.344400,-250.000000,12.638002,7.624290
62.470774,-82.344400,-250.000000,12.524959,7.591111
62.990774,-82.344400,-250.000000,12.175176,7.470840
63.510774,-82.344400,-250.000000,12.438208,7.522400
64.030774,-82.344400,-250.000000,12.294323,7.517066
64.550774,-82.344400,-250.000000,12.245311,7.493821
65.070774,-82.344400,-250.000000,12.419080,7.479700
65.590774,-82.344400,-250.000000,12.230384,7.419855
66.110774,-82.344400,-250.000000,12.372686,7.485101
66.630774,-82.344400,-250.000000,12.195045,7.412749
67.150774,-82.344400,-250.000000,12.498434,7.557221
67.670774,-82.344400,-250.000000,12.145326,7.430929
68.190774,-82.344400,-250.000000,12.231757,7.418684
68.710774,-82.344400,-250.000000,12.288551,7.423556
69.230774,-82.344400,-250.000000,12.303738,7.473656
69.750774,-82.344400,-250.000000,12.384118,7.479569
70.270774,-82.344400,-250.000000,12.401370,7.498256
70.790774,-82.344400,-250.000000,12.360564,7.493896
71.310774,-82.344400,-250.000000,12.247123,7.466917
71.830774,-82.344400,-250.000000,12.232778,7.397764
72.350774,-82.344400,-250.000000,12.276620,7.437742
72.870774,-82.344400,-250.000000,12.239350,7.459085
13.070774,-81.824400,-250.000000,12.334335,7.079923
13.590774,-81.824400,-250.000000,12.518521,7.165440
14.110774,-81.824400,-250.000000,12.374274,7.190057
14.630774,-81.824400,-250.000000,12.280062,7.247159
15.150774,-81.824400,-250.000000,12.263166,7.327796
15.670774,-81.824400,-250.000000,12.397808,7.394226
16.190774,-81.824400,-250.000000,12.682634,7.361492
16.710774,-81.824400,-250.000000,12.262088,7.207304
17.230774,-81.824400,-250.000000,12.506573,7.378929
17.750774,-81.824400,-250.000000,12.222738,7.314275
18.270774,-81.824400,-250.000000,12.446494,7.411849
18.790774,-81.824400,-250.000000,12.354663,7.444079
19.310774,-81.824400,-250.000000,12.189198,7.329039
19.830774,-81.824400,-250.000000,12.335866,7.483979
20.350774,-81.824400,-250.000000,12.269341,7.372503
20.870774,-81.824400,-250.000000,12.147990,7.391255
21.390774,-81.824400,-250.000000,12.168310,7.502199
21.910774,-81.824400,-250.000000,12.253108,7.427270
22.430774,-81.824400,-250.000000,12.261672,7.388892
22.950774,-81.824400,-250.000000,12.057602,7.376194
23.470774,-81.824400,-250.000000,12.119167,7.407709
23.990774,-81.824400,-250.000000,12.278231,7.480992
24.510774,-81.824400,-250.000000,12.356469,7.430985
25.030774,-81.824400,-250.000000,12.275550,7.417934
25.550774,-81.824400,-250.000000,12.342566,7.443742
26.070774,-81.824400,-250.000000,12.500222,7.524146
26.590774,-81.824400,-250.000000,12.368078,7.438110
27.110774,-81.824400,-250.000000,12.253158,7.521683
27.630774,-81.824400,-250.000000,12.444684,7.510350
28.150774,-81.824400,-250.000000,12.476806,7.508942
28.670774,-81.824400,-250.000000,12.494018,7.529322
29.190774,-81.824400,-250.000000,12.147872,7.499855
29.710774,-81.824400,-250.000000,12.245156,7.423700
30.230774,-81.824400,-250.000000,12.338313,7.471869
30.750774,-81.824400,-250.000000,12.455014,7.609917
31.270774,-81.824400,-250.000000,12.254668,7.506495
31.790774,-81.824400,-250.000000,12.366017,7.482902
32.310774,-81.824400,-250.000000,12.333812,7.533792
32.830774,-81.824400,-250.000000,12.185210,7.453997
33.350774,-81.824400,-250.000000,12.451781,7.520733
33.870774,-81.824400,-250.000000,12.267245,7.512715
34.390774,-81.824400,-250.000000,12.174314,7.496039
34.910774,-81.824400,-250.000000,12.418996,7.573666
35.430774,-81.824400,-250.000000,12.512053,7.564686
35.950774,-81.824400,-250.000000,12.151214,7.532312
36.470774,-81.824400,-250.000000,12.356244,7.471419
36.990774,-81.824400,-250.000000,12.300479,7.521219
37.510774,-81.824400,-250.000000,12.343902,7.548107
38.030774,-81.824400,-250.000000,12.203986,7.511114
38.550774,-81.824400,-250.000000,12.289721,7.470486
39.070774,-81.824400,-250.000000,12.376858,7.556650
39.590774,-81.824400,-250.000000,12.323530,7.535884
40.110774,-81.824400,-250.000000,12.444229,7.523752
40.630774,-81.824400,-250.000000,12.214486,7.455000
41.150774,-81.824400,-250.000000,12.379599,7.507061
41.670774,-81.824400,-250.000000,12.414087,7.482616
42.190774,-81.824400,-250.000000,12.318695,7.505367
42.710774,-81.824400,-250.000000,12.299973,7.527078
43.230774,-81.824400,-250.000000,12.294773,7.593284
43.750774,-81.824400,-250.000000,12.452781,7.502287
44.270774,-81.824400,-250.000000,12.394358,7.491217
44.790774,-81.824400,-250.000000,12.268319,7.499538
45.310774,-81.824400,-250.000000,12.000721,7.531592
45.830774,-81.824400,-250.000000,12.320762,7.497382
46.350774,-81.824400,-250.000000,12.365039,7.511225
46.870774,-81.824400,-250.000000,12.291660,7.566224
47.390774,-81.824400,-250.000000,12.299388,7.526265
47.910774,-81.824400,-250.000000,12.241188,7.479451
48.430774,-81.824400,-250.000000,12.323230,7.484787
48.950774,-81.824400,-250.000000,12.443833,7.530119
49.470774,-81.824400,-250.000000,12.455269,7.596117
49.990774,-81.824400,-250.000000,12.299389,7.533862
50.510774,-81.824400,-250.000000,12.389880,7.559065
51.030774,-81.824400,-250.000000,12.463390,7.550167
51.550774,-81.824400,-250.000000,12.519540,7.557093
52.070774,-81.824400,-250.000000,12.314166,7.524918
52.590774,-81.824400,-250.000000,12.340600,7.530547
53.110774,-81.824400,-250.000000,12.442530,7.515508
53.630774,-81.824400,-250.000000,12.154308,7.547085
54.150774,-81.824400,-250.000000,12.253882,7.478483
54.670774,-81.824400,-250.000000,11.929419,7.354536
55.190774,-81.824400,-250.000000,12.304801,7.508864
55.710774,-81.824400,-250.000000,12.635741,7.553861
56.230774,-81.824400,-250.000000,12.264107,7.480051
56.750774,-81.824400,-250.000000,12.461648,7.553104
57.270774,-81.824400,-250.000000,12.258926,7.482631
57.790774,-81.824400,-250.000000,12.518943,7.581035
58.310774,-81.824400,-250.000000,12.249492,7.510333
58.830774,-81.824400,-250.000000,12.344302,7.514113
59.350774,-81.824400,-250.000000,12.160382,7.456018
59.870774,-81.824400,-250.000000,12.269468,7.543328
60.390774,-81.824400,-250.000000,12.452171,7.512314
60.910774,-81.824400,-250.000000,12.450005,7.503971
61.430774,-81.824400,-250.000000,12.389280,7.557694
61.950774,-81.824400,-250.000000,12.593082,7.627187
62.470774,-81.824400,-250.000000,12.495788,7.566905
62.990774,-81.824400,-250.000000,12.207820,7.505903
63.510774,-81.824400,-250.000000,12.493020,7.530952
64.030774,-81.824400,-250.000000,12.212333,7.506416
64.550774,-81.824400,-250.000000,12.312037,7.516997
65.070774,-81.824400,-250.000000,12.368838,7.457176
65.590774,-81.824400,-250.000000,12.222402,7.425507
66.110774,-81.824400,-250.000000,12.333441,7.479321
66.630774,-81.824400,-250.000000,12.133059,7.414752
67.150774,-81.824400,-250.000000,12.487503,7.562221
67.670774,-81.824400,-250.000000,12.106165,7.415765
68.190774,-81.824400,-250.000000,12.261182,7.456006
68.710774,-81.824400,-250.000000,12.219148,7.401549
69.230774,-81.824400,-250.000000,12.379901,7.523974
69.750774,-81.824400,-250.000000,12.368892,7.498135
70.270774,-81.824400,-250.000000,12.399116,7.496921
70.790774,-81.824400,-250.000000,12.270911,7.501667
71.310774,-81.824400,-250.000000,12.276367,7.501431
71.830774,-81.824400,-250.000000,12.260350,7.407302
72.350774,-81.824400,-250.000000,12.170547,7.415334
72.870774,-81.824400,-250.000000,12.278518,7.502837
73.390774,-81.824400,-250.000000,12.386435,7.497136
73.910774,-81.824400,-250.000000,12.450442,7.520423
13.070774,-81.304400,-250.000000,12.294169,7.111380
71.830774,-81.304400,-250.000000,12.194411,7.448766
72.870774,-81.304400,-250.000000,12.281074,7.524150
13.070774,-82.344400,-249.000000,12.190543,7.137251
13.590774,-82.344400,-249.000000,12.468912,7.220434
14.110774,-82.344400,-249.000000,12.141620,7.095490
14.630774,-82.344400,-249.000000,12.441965,7.231016
15.150774,-82.344400,-249.000000,12.417903,7.288147
15.670774,-82.344400,-249.000000,12.469897,7.305713
16.190774,-82.344400,-249.000000,12.361667,7.315380
16.710774,-82.344400,-249.000000,12.674562,7.395769
17.230774,-82.344400,-249.000000,12.331077,7.390575
17.750774,-82.344400,-249.000000,12.402831,7.410126
18.270774,-82.344400,-249.000000,12.051732,7.409796
18.790774,-82.344400,-249.000000,12.273953,7.391351
19.310774,-82.344400,-249.000000,12.331458,7.380897
19.830774,-82.344400,-249.000000,12.366348,7.458889
20.350774,-82.344400,-249.000000,12.444219,7.286258
20.870774,-82.344400,-249.000000,12.435878,7.389339
21.390774,-82.344400,-249.000000,12.299735,7.458009
21.910774,-82.344400,-249.000000,12.397677,7.388799
22.430774,-82.344400,-249.000000,12.350543,7.466941
22.950774,-82.344400,-249.000000,12.376197,7.390529
23.470774,-82.344400,-249.000000,12.304075,7.377670
23.990774,-82.344400,-249.000000,12.232071,7.524886
24.510774,-82.344400,-249.000000,12.361418,7.493866
25.030774,-82.344400,-249.000000,12.400675,7.442312
25.550774,-82.344400,-249.000000,12.356009,7.470882
26.070774,-82.344400,-249.000000,12.307788,7.410177
26.590774,-82.344400,-249.000000,12.207323,7.419267
27.110774,-82.344400,-249.000000,12.440745,7.506498
27.630774,-82.344400,-249.000000,12.312602,7.444578
28.150774,-82.344400,-249.000000,12.323647,7.432598
28.670774,-82.344400,-249.000000,12.233493,7.476023
29.190774,-82.344400,-249.000000,12.378264,7.488356
29.710774,-82.344400,-249.000000,12.301410,7.542132
30.230774,-82.344400,-249.000000,12.425466,7.463458
30.750774,-82.344400,-249.000000,12.074875,7.478282
31.270774,-82.344400,-249.000000,12.459598,7.371832
31.790774,-82.344400,-249.000000,12.294580,7.488189
32.310774,-82.344400,-249.000000,12.442206,7.554842
32.830774,-82.344400,-249.000000,12.286711,7.446135
33.350774,-82.344400,-249.000000,12.087546,7.346083
33.870774,-82.344400,-249.000000,12.307166,7.462750
34.390774,-82.344400,-249.000000,12.358917,7.492698
34.910774,-82.344400,-249.000000,12.344668,7.458226
35.430774,-82.344400,-249.000000,12.187069,7.450381
35.950774,-82.344400,-249.000000,12.477024,7.467973
36.470774,-82.344400,-249.000000,12.307172,7.562669
36.990774,-82.344400,-249.000000,12.297180,7.483664
37.510774,-82.344400,-249.000000,12.319647,7.473596
38.030774,-82.344400,-249.000000,12.411757,7.500657
38.550774,-82.344400,-249.000000,12.380900,7.535676
39.070774,-82.344400,-249.000000,12.582883,7.481570
39.590774,-82.344400,-249.000000,12.441497,7.555345
40.110774,-82.344400,-249.000000,12.368701,7.497931
40.630774,-82.344400,-249.000000,12.441295,7.455076
41.150774,-82.344400,-249.000000,12.412196,7.492562
41.670774,-82.344400,-249.000000,12.195656,7.428358
42.190774,-82.344400,-249.000000,12.410560,7.492929
42.710774,-82.344400,-249.000000,12.121029,7.433961
43.230774,-82.344400,-249.000000,12.451658,7.478767
43.750774,-82.344400,-249.000000,12.173967,7.471112
44.270774,-82.344400,-249.000000,12.481676,7.506300
44.790774,-82.344400,-249.000000,12.235335,7.481503
45.310774,-82.344400,-249.000000,12.465417,7.477890
45.830774,-82.344400,-249.000000,12.358835,7.476840
46.350774,-82.344400,-249.000000,12.320323,7.482285
46.870774,-82.344400,-249.000000,12.544670,7.543585
47.390774,-82.344400,-249.000000,12.250454,7.458128
47.910774,-82.344400,-249.000000,12.385103,7.567898
48.430774,-82.344400,-249.000000,12.190383,7.481275
48.950774,-82.344400,-249.000000,12.320611,7.496463
49.470774,-82.344400,-249.000000,12.239158,7.431502
49.990774,-82.344400,-249.000000,12.354104,7.551002
50.510774,-82.344400,-249.000000,12.409450,7.472011
51.030774,-82.344400,-249.000000,12.247296,7.489090
51.550774,-82.344400,-249.000000,12.185569,7.445762
52.070774,-82.344400,-249.000000,12.271948,7.443336
52.590774,-82.344400,-249.000000,12.604778,7.572947
53.110774,-82.344400,-249.000000,12.125872,7.572546
53.630774,-82.344400,-249.000000,12.275628,7.481611
54.150774,-82.344400,-249.000000,12.490616,7.553393
54.670774,-82.344400,-249.000000,12.419593,7.529744
55.190774,-82.344400,-249.000000,12.323187,7.512077
55.710774,-82.344400,-249.000000,12.390918,7.476542
56.230774,-82.344400,-249.000000,12.473685,7.575690
56.750774,-82.344400,-249.000000,12.296210,7.458893
57.270774,-82.344400,-249.000000,12.337623,7.555059
57.790774,-82.344400,-249.000000,12.270556,7.461834
58.310774,-82.344400,-249.000000,12.537728,7.585011
58.830774,-82.344400,-249.000000,12.253296,7.395896
59.350774,-82.344400,-249.000000,12.445373,7.464165
59.870774,-82.344400,-249.000000,12.447852,7.486504
60.390774,-82.344400,-249.000000,12.443628,7.519492
60.910774,-82.344400,-249.000000,12.658607,7.492028
61.430774,-82.344400,-249.000000,12.153270,7.430425
61.950774,-82.344400,-249.000000,12.296404,7.437461
62.470774,-82.344400,-249.000000,12.231579,7.416639
62.990774,-82.344400,-249.000000,12.666803,7.470058
63.510774,-82.344400,-249.000000,12.558616,7.549433
64.030774,-82.344400,-249.000000,12.293646,7.528315
64.550774,-82.344400,-249.000000,12.299908,7.440940
65.070774,-82.344400,-249.000000,12.226888,7.607731
65.590774,-82.344400,-249.000000,12.298473,7.488966
66.110774,-82.344400,-249.000000,12.205586,7.487721
66.630774,-82.344400,-249.000000,12.304416,7.414751
67.150774,-82.344400,-249.000000,12.426548,7.451035
67.670774,-82.344400,-249.000000,12.370540,7.437700
68.190774,-82.344400,-249.000000,12.382209,7.449244
68.710774,-82.344400,-249.000000,12.068282,7.455781
69.230774,-82.344400,-249.000000,12.387114,7.518721
69.750774,-82.344400,-249.000000,12.717588,7.482141
70.270774,-82.344400,-249.000000,12.469569,7.517954
70.790774,-82.344400,-249.000000,12.289159,7.417614
13.070774,-81.824400,-249.000000,12.160875,7.137435
13.590774,-81.824400,-249.000000,12.428016,7.206302
14.110774,-81.824400,-249.000000,12.172153,7.143763
14.630774,-81.824400,-249.000000,12.428880,7.239411
15.150774,-81.824400,-249.000000,12.443492,7.303179
15.670774,-81.824400,-249.000000,12.462171,7.316033
16.190774,-81.824400,-249.000000,12.380927,7.335141
16.710774,-81.824400,-249.000000,12.673917,7.390333
17.230774,-81.824400,-249.000000,12.313350,7.390506
17.750774,-81.824400,-249.000000,12.380916,7.408766
18.270774,-81.824400,-249.000000,12.029994,7.396390
18.790774,-81.824400,-249.000000,12.294084,7.414494
19.310774,-81.824400,-249.000000,12.357280,7.381612
19.830774,-81.824400,-249.000000,12.318493,7.454730
20.350774,-81.824400,-249.000000,12.401458,7.290266
20.870774,-81.824400,-249.000000,12.427162,7.400333
21.390774,-81.824400,-249.000000,12.322661,7.462276
21.910774,-81.824400,-249.000000,12.379695,7.386578
22.430774,-81.824400,-249.000000,12.420797,7.474905
22.950774,-81.824400,-249.000000,12.315921,7.410676
23.470774,-81.824400,-249.000000,12.329648,7.375482
23.990774,-81.824400,-249.000000,12.196959,7.522843
24.510774,-81.824400,-249.000000,12.342112,7.491492
25.030774,-81.824400,-249.000000,12.429743,7.431294
25.550774,-81.824400,-249.000000,12.352401,7.499416
26.070774,-81.824400,-249.000000,12.335360,7.418188
26.590774,-81.824400,-249.000000,12.194366,7.421403
27.110774,-81.824400,-249.000000,12.390648,7.515179
27.630774,-81.824400,-249.000000,12.276255,7.437570
28.150774,-81.824400,-249.000000,12.237095,7.423185
28.670774,-81.824400,-249.000000,12.237667,7.501049
29.190774,-81.824400,-249.000000,12.407111,7.487272
29.710774,-81.824400,-249.000000,12.284711,7.533904
30.230774,-81.824400,-249.000000,12.434371,7.421498
30.750774,-81.824400,-249.000000,12.069625,7.479547
31.270774,-81.824400,-249.000000,12.367710,7.356805
31.790774,-81.824400,-249.000000,12.301682,7.522764
32.310774,-81.824400,-249.000000,12.384757,7.556666
32.830774,-81.824400,-249.000000,12.335017,7.463711
33.350774,-81.824400,-249.000000,12.138710,7.350795
33.870774,-81.824400,-249.000000,12.194363,7.452140
34.390774,-81.824400,-249.000000,12.419017,7.536856
34.910774,-81.824400,-249.000000,12.229627,7.461536
35.430774,-81.824400,-249.000000,12.248879,7.497968
35.950774,-81.824400,-249.000000,12.570017,7.478261
36.470774,-81.824400,-249.000000,12.257673,7.579170
36.990774,-81.824400,-249.000000,12.298110,7.499507
37.510774,-81.824400,-249.000000,12.348851,7.463682
38.030774,-81.824400,-249.000000,12.354282,7.500075
38.550774,-81.824400,-249.000000,12.311811,7.547278
39.070774,-81.824400,-249.000000,12.542331,7.503419
39.590774,-81.824400,-249.000000,12.446746,7.609997
40.110774,-81.824400,-249.000000,12.424147,7.518308
40.630774,-81.824400,-249.000000,12.403720,7.461500
41.150774,-81.824400,-249.000000,12.384512,7.477703
41.670774,-81.824400,-249.000000,12.368979,7.475544
42.190774,-81.824400,-249.000000,12.369414,7.481254
42.710774,-81.824400,-249.000000,12.153346,7.457028
43.230774,-81.824400,-249.000000,12.437267,7.477135
43.750774,-81.824400,-249.000000,12.217891,7.506817
44.270774,-81.824400,-249.000000,12.416532,7.501225
44.790774,-81.824400,-249.000000,12.204040,7.481644
45.310774,-81.824400,-249.000000,12.440282,7.466026
45.830774,-81.824400,-249.000000,12.352322,7.482148
46.350774,-81.824400,-249.000000,12.290641,7.502438
46.870774,-81.824400,-249.000000,12.509318,7.532837
47.390774,-81.824400,-249.000000,12.202586,7.439890
47.910774,-81.824400,-249.000000,12.311815,7.562284
48.430774,-81.824400,-249.000000,12.201672,7.499306
48.950774,-81.824400,-249.000000,12.225251,7.475710
49.470774,-81.824400,-249.000000,12.186007,7.460430
49.990774,-81.824400,-249.000000,12.334194,7.541961
50.510774,-81.824400,-249.000000,12.380634,7.473182
51.030774,-81.824400,-249.000000,12.297752,7.520361
51.550774,-81.824400,-249.000000,12.148687,7.475369
52.070774,-81.824400,-249.000000,12.333604,7.447948
52.590774,-81.824400,-249.000000,12.570251,7.561405
53.110774,-81.824400,-249.000000,12.110278,7.587843
53.630774,-81.824400,-249.000000,12.259209,7.504926
54.150774,-81.824400,-249.000000,12.427177,7.530909
54.670774,-81.824400,-249.000000,12.377548,7.517026
55.190774,-81.824400,-249.000000,12.327079,7.533880
55.710774,-81.824400,-249.000000,12.381968,7.449963
56.230774,-81.824400,-249.000000,12.485096,7.619780
56.750774,-81.824400,-249.000000,12.247951,7.452664
57.270774,-81.824400,-249.000000,12.298026,7.533647
57.790774,-81.824400,-249.000000,12.306594,7.492464
58.310774,-81.824400,-249.000000,12.553177,7.570224
58.830774,-81.824400,-249.000000,12.279441,7.425221
59.350774,-81.824400,-249.000000,12.386089,7.450840
59.870774,-81.824400,-249.000000,12.517962,7.530994
60.390774,-81.824400,-249.000000,12.403252,7.496260
60.910774,-81.824400,-249.000000,12.639537,7.512908
61.430774,-81.824400,-249.000000,12.138990,7.434067
61.950774,-81.824400,-249.000000,12.292865,7.418418
62.470774,-81.824400,-249.000000,12.286897,7.422157
62.990774,-81.824400,-249.000000,12.580545,7.490543
63.510774,-81.824400,-249.000000,12.473869,7.570489
64.030774,-81.824400,-249.000000,12.312675,7.508781
64.550774,-81.824400,-249.000000,12.317437,7.443968
65.070774,-81.824400,-249.000000,12.289169,7.647122
65.590774,-81.824400,-249.000000,12.284832,7.522497
66.110774,-81.824400,-249.000000,12.170978,7.483222
66.630774,-81.824400,-249.000000,12.252907,7.423303
67.150774,-81.824400,-249.000000,12.371402,7.469137
67.670774,-81.824400,-249.000000,12.461719,7.451981
68.190774,-81.824400,-249.000000,12.282744,7.445325
68.710774,-81.824400,-249.000000,12.045501,7.472611
69.230774,-81.824400,-249.000000,12.358315,7.503681
69.750774,-81.824400,-249.000000,12.653572,7.488501
70.270774,-81.824400,-249.000000,12.480556,7.514104
70.790774,-81.824400,-249.000000,12.264504,7.413608
71.310774,-81.824400,-249.000000,12.439437,7.478667
13.070774,-81.304400,-249.000000,12.212201,7.137247
69.750774,-81.304400,-249.000000,12.538927,7.495149
70.790774,-81.304400,-249.000000,12.331485,7.441841
13.070774,-82.344400,-248.000000,12.357867,7.228401
13.590774,-82.344400,-248.000000,12.549385,7.251046
14.110774,-82.344400,-248.000000,12.515532,7.203341
14.630774,-82.344400,-248.000000,12.260264,7.191427
15.150774,-82.344400,-248.000000,12.446744,7.288855
15.670774,-82.344400,-248.000000,12.329078,7.233102
16.190774,-82.344400,-248.000000,12.567389,7.344544
16.710774,-82.344400,-248.000000,12.307937,7.339943
17.230774,-82.344400,-248.000000,12.334381,7.349249
17.750774,-82.344400,-248.000000,12.343583,7.370910
18.270774,-82.344400,-248.000000,12.570645,7.389573
18.790774,-82.344400,-248.000000,12.212835,7.411520
19.310774,-82.344400,-248.000000,12.278597,7.301777
19.830774,-82.344400,-248.000000,12.563869,7.358964
20.350774,-82.344400,-248.000000,12.386371,7.446198
20.870774,-82.344400,-248.000000,12.218406,7.342717
21.390774,-82.344400,-248.000000,12.431885,7.427406
21.910774,-82.344400,-248.000000,12.430534,7.345297
22.430774,-82.344400,-248.000000,12.308359,7.461471
22.950774,-82.344400,-248.000000,12.354154,7.440260
23.470774,-82.344400,-248.000000,12.245905,7.472040
23.990774,-82.344400,-248.000000,12.572171,7.476351
24.510774,-82.344400,-248.000000,12.458030,7.444594
25.030774,-82.344400,-248.000000,12.266748,7.381692
25.550774,-82.344400,-248.000000,12.433597,7.402953
26.070774,-82.344400,-248.000000,12.534916,7.423879
26.590774,-82.344400,-248.000000,12.318417,7.468467
27.110774,-82.344400,-248.000000,12.360290,7.455308
27.630774,-82.344400,-248.000000,12.241655,7.522017
28.150774,-82.344400,-248.000000,12.257339,7.427379
28.670774,-82.344400,-248.000000,12.310641,7.472642
29.190774,-82.344400,-248.000000,12.365209,7.474174
29.710774,-82.344400,-248.000000,12.333574,7.359222
30.230774,-82.344400,-248.000000,12.486166,7.453555
30.750774,-82.344400,-248.000000,12.523576,7.431169
31.270774,-82.344400,-248.000000,12.304521,7.407271
31.790774,-82.344400,-248.000000,12.297935,7.485133
32.310774,-82.344400,-248.000000,12.304314,7.481104
32.830774,-82.344400,-248.000000,12.366405,7.480968
33.350774,-82.344400,-248.000000,12.366039,7.449419
33.870774,-82.344400,-248.000000,12.404601,7.595488
34.390774,-82.344400,-248.000000,12.109740,7.392094
34.910774,-82.344400,-248.000000,12.162565,7.440713
35.430774,-82.344400,-248.000000,12.393495,7.487370
35.950774,-82.344400,-248.000000,12.327715,7.571967
36.470774,-82.344400,-248.000000,12.466651,7.547900
36.990774,-82.344400,-248.000000,12.333757,7.480729
37.510774,-82.344400,-248.000000,12.403152,7.440197
38.030774,-82.344400,-248.000000,12.431093,7.485961
38.550774,-82.344400,-248.000000,12.356464,7.517265
39.070774,-82.344400,-248.000000,12.414983,7.507948
39.590774,-82.344400,-248.000000,12.109602,7.431736
40.110774,-82.344400,-248.000000,12.502898,7.499360
40.630774,-82.344400,-248.000000,12.496688,7.567549
41.150774,-82.344400,-248.000000,12.472762,7.484277
41.670774,-82.344400,-248.000000,12.037701,7.379446
42.190774,-82.344400,-248.000000,12.471736,7.499656
42.710774,-82.344400,-248.000000,12.200632,7.365274
43.230774,-82.344400,-248.000000,12.015090,7.498144
43.750774,-82.344400,-248.000000,12.390190,7.563851
44.270774,-82.344400,-248.000000,12.215766,7.490892
44.790774,-82.344400,-248.000000,12.434081,7.441477
45.310774,-82.344400,-248.000000,12.435454,7.473228
45.830774,-82.344400,-248.000000,12.462916,7.498284
46.350774,-82.344400,-248.000000,12.308892,7.491349
46.870774,-82.344400,-248.000000,12.202097,7.508964
47.390774,-82.344400,-248.000000,12.240533,7.470686
47.910774,-82.344400,-248.000000,12.248184,7.464568
48.430774,-82.344400,-248.000000,12.300927,7.449974
48.950774,-82.344400,-248.000000,12.356530,7.578496
49.470774,-82.344400,-248.000000,12.228050,7.451106
49.990774,-82.344400,-248.000000,12.393387,7.428798
50.510774,-82.344400,-248.000000,12.465592,7.486719
51.030774,-82.344400,-248.000000,12.243548,7.499994
51.550774,-82.344400,-248.000000,12.472960,7.537471
52.070774,-82.344400,-248.000000,12.210790,7.437829
52.590774,-82.344400,-248.000000,12.273849,7.429872
53.110774,-82.344400,-248.000000,12.502007,7.611181
53.630774,-82.344400,-248.000000,12.307938,7.433279
54.150774,-82.344400,-248.000000,12.524553,7.523449
54.670774,-82.344400,-248.000000,12.364067,7.464001
55.190774,-82.344400,-248.000000,12.307741,7.520496
55.710774,-82.344400,-248.000000,12.195220,7.399838
56.230774,-82.344400,-248.000000,12.413962,7.507304
56.750774,-82.344400,-248.000000,12.198340,7.424967
57.270774,-82.344400,-248.000000,11.952230,7.385396
57.790774,-82.344400,-248.000000,12.446222,7.516580
58.310774,-82.344400,-248.000000,12.563818,7.611399
58.830774,-82.344400,-248.000000,12.385306,7.522443
59.350774,-82.344400,-248.000000,12.560695,7.473692
59.870774,-82.344400,-248.000000,12.393832,7.413769
60.390774,-82.344400,-248.000000,12.379997,7.544000
60.910774,-82.344400,-248.000000,12.496491,7.440838
61.430774,-82.344400,-248.000000,12.284907,7.498244
61.950774,-82.344400,-248.000000,12.144530,7.404227
62.470774,-82.344400,-248.000000,12.323030,7.507968
62.990774,-82.344400,-248.000000,12.346982,7.468652
63.510774,-82.344400,-248.000000,12.323948,7.414004
64.030774,-82.344400,-248.000000,11.904389,7.382972
64.550774,-82.344400,-248.000000,12.199533,7.500968
65.070774,-82.344400,-248.000000,12.251876,7.481634
65.590774,-82.344400,-248.000000,12.307150,7.476531
66.110774,-82.344400,-248.000000,12.292495,7.405250
66.630774,-82.344400,-248.000000,12.320613,7.405912
67.150774,-82.344400,-248.000000,12.400716,7.489882
67.670774,-82.344400,-248.000000,12.271407,7.460764
68.190774,-82.344400,-248.000000,12.145727,7.478554
13.070774,-81.824400,-248.000000,12.332477,7.215901
13.590774,-81.824400,-248.000000,12.413592,7.268571
14.110774,-81.824400,-248.000000,12.474815,7.193842
14.630774,-81.824400,-248.000000,12.269719,7.202090
15.150774,-81.824400,-248.000000,12.295235,7.264345
15.670774,-81.824400,-248.000000,12.349444,7.207522
16.190774,-81.824400,-248.000000,12.598015,7.365113
16.710774,-81.824400,-248.000000,12.226348,7.366118
17.230774,-81.824400,-248.000000,12.353753,7.355623
17.750774,-81.824400,-248.000000,12.288935,7.365237
18.270774,-81.824400,-248.000000,12.495276,7.408084
18.790774,-81.824400,-248.000000,12.254432,7.412453
19.310774,-81.824400,-248.000000,12.318490,7.338929
19.830774,-81.824400,-248.000000,12.483397,7.365422
20.350774,-81.824400,-248.000000,12.362062,7.426091
20.870774,-81.824400,-248.000000,12.197459,7.358640
21.390774,-81.824400,-248.000000,12.442973,7.428581
21.910774,-81.824400,-248.000000,12.394170,7.346715
22.430774,-81.824400,-248.000000,12.385712,7.488014
22.950774,-81.824400,-248.000000,12.266238,7.441516
23.470774,-81.824400,-248.000000,12.271163,7.489049
23.990774,-81.824400,-248.000000,12.539469,7.483427
24.510774,-81.824400,-248.000000,12.463256,7.441177
25.030774,-81.824400,-248.000000,12.280598,7.406361
25.550774,-81.824400,-248.000000,12.345355,7.402088
26.070774,-81.824400,-248.000000,12.521918,7.419086
26.590774,-81.824400,-248.000000,12.292068,7.473568
27.110774,-81.824400,-248.000000,12.403842,7.468919
27.630774,-81.824400,-248.000000,12.316048,7.533343
28.150774,-81.824400,-248.000000,12.182948,7.421139
28.670774,-81.824400,-248.000000,12.286764,7.455037
29.190774,-81.824400,-248.000000,12.334026,7.467763
29.710774,-81.824400,-248.000000,12.328086,7.395591
30.230774,-81.824400,-248.000000,12.465262,7.452477
30.750774,-81.824400,-248.000000,12.440217,7.462840
31.270774,-81.824400,-248.000000,12.203665,7.377775
31.790774,-81.824400,-248.000000,12.311343,7.510475
32.310774,-81.824400,-248.000000,12.316931,7.481754
32.830774,-81.824400,-248.000000,12.348050,7.470349
33.350774,-81.824400,-248.000000,12.300907,7.470785
33.870774,-81.824400,-248.000000,12.390170,7.602106
34.390774,-81.824400,-248.000000,12.109756,7.396161
34.910774,-81.824400,-248.000000,12.171416,7.447343
35.430774,-81.824400,-248.000000,12.371113,7.509576
35.950774,-81.824400,-248.000000,12.355375,7.581472
36.470774,-81.824400,-248.000000,12.450315,7.549047
36.990774,-81.824400,-248.000000,12.308970,7.496535
37.510774,-81.824400,-248.000000,12.391831,7.434833
38.030774,-81.824400,-248.000000,12.394624,7.503543
38.550774,-81.824400,-248.000000,12.337246,7.535135
39.070774,-81.824400,-248.000000,12.441985,7.540438
39.590774,-81.824400,-248.000000,12.042982,7.448059
40.110774,-81.824400,-248.000000,12.394706,7.490412
40.630774,-81.824400,-248.000000,12.514537,7.570421
41.150774,-81.824400,-248.000000,12.564934,7.521138
41.670774,-81.824400,-248.000000,11.980880,7.365685
42.190774,-81.824400,-248.000000,12.438357,7.508818
42.710774,-81.824400,-248.000000,12.170946,7.385748
43.230774,-81.824400,-248.000000,12.007486,7.498446
43.750774,-81.824400,-248.000000,12.354312,7.576280
44.270774,-81.824400,-248.000000,12.253745,7.497352
44.790774,-81.824400,-248.000000,12.447764,7.450032
45.310774,-81.824400,-248.000000,12.407026,7.445346
45.830774,-81.824400,-248.000000,12.479558,7.495287
46.350774,-81.824400,-248.000000,12.361547,7.506022
46.870774,-81.824400,-248.000000,12.181907,7.524792
47.390774,-81.824400,-248.000000,12.213967,7.487794
47.910774,-81.824400,-248.000000,12.287596,7.491733
48.430774,-81.824400,-248.000000,12.337264,7.471877
48.950774,-81.824400,-248.000000,12.320214,7.573113
49.470774,-81.824400,-248.000000,12.225480,7.429786
49.990774,-81.824400,-248.000000,12.405566,7.467861
50.510774,-81.824400,-248.000000,12.441015,7.510314
51.030774,-81.824400,-248.000000,12.235366,7.496702
51.550774,-81.824400,-248.000000,12.443621,7.513141
52.070774,-81.824400,-248.000000,12.205865,7.460137
52.590774,-81.824400,-248.000000,12.217805,7.447204
53.110774,-81.824400,-248.000000,12.465341,7.595354
53.630774,-81.824400,-248.000000,12.275870,7.423927
54.150774,-81.824400,-248.000000,12.553390,7.558390
54.670774,-81.824400,-248.000000,12.321362,7.485520
55.190774,-81.824400,-248.000000,12.311640,7.527913
55.710774,-81.824400,-248.000000,12.143428,7.413468
56.230774,-81.824400,-248.000000,12.473156,7.507623
56.750774,-81.824400,-248.000000,12.214694,7.448221
57.270774,-81.824400,-248.000000,11.925838,7.419313
57.790774,-81.824400,-248.000000,12.383028,7.509307
58.310774,-81.824400,-248.000000,12.423224,7.591331
58.830774,-81.824400,-248.000000,12.448298,7.519323
59.350774,-81.824400,-248.000000,12.501849,7.465452
59.870774,-81.824400,-248.000000,12.449588,7.463075
60.390774,-81.824400,-248.000000,12.303042,7.539918
60.910774,-81.824400,-248.000000,12.592610,7.469058
61.430774,-81.824400,-248.000000,12.261540,7.515722
61.950774,-81.824400,-248.000000,12.081680,7.388222
62.470774,-81.824400,-248.000000,12.307782,7.535151
62.990774,-81.824400,-248.000000,12.328129,7.471574
63.510774,-81.824400,-248.000000,12.343810,7.421374
64.030774,-81.824400,-248.000000,11.963077,7.391714
64.550774,-81.824400,-248.000000,12.163506,7.514756
65.070774,-81.824400,-248.000000,12.209452,7.471922
65.590774,-81.824400,-248.000000,12.320533,7.467779
66.110774,-81.824400,-248.000000,12.263834,7.396949
66.630774,-81.824400,-248.000000,12.309098,7.393400
67.150774,-81.824400,-248.000000,12.417024,7.487718
67.670774,-81.824400,-248.000000,12.251154,7.500234
68.190774,-81.824400,-248.000000,12.189210,7.491905
68.710774,-81.824400,-248.000000,12.500663,7.562583
69.230774,-81.824400,-248.000000,12.276581,7.533804
13.070774,-81.304400,-248.000000,12.330322,7.197324
67.150774,-81.304400,-248.000000,12.480395,7.497886
68.190774,-81.304400,-248.000000,12.164878,7.489581
13.070774,-82.344400,-247.000000,12.305401,7.130144
13.590774,-82.344400,-247.000000,12.510473,7.233864
14.110774,-82.344400,-247.000000,12.578968,7.235868
14.630774,-82.344400,-247.000000,12.200686,7.248727
15.150774,-82.344400,-247.000000,12.256166,7.181833
15.670774,-82.344400,-247.000000,12.353798,7.292808
16.190774,-82.344400,-247.000000,12.383861,7.276592
16.710774,-82.344400,-247.000000,12.361653,7.300679
17.230774,-82.344400,-247.000000,12.337058,7.389834
17.750774,-82.344400,-247.000000,12.217382,7.349744
18.270774,-82.344400,-247.000000,12.100741,7.341552
18.790774,-82.344400,-247.000000,12.091721,7.287431
19.310774,-82.344400,-247.000000,12.329317,7.395245
19.830774,-82.344400,-247.000000,12.240589,7.396031
20.350774,-82.344400,-247.000000,12.319043,7.368867
20.870774,-82.344400,-247.000000,12.463893,7.484030
21.390774,-82.344400,-247.000000,12.249129,7.423097
21.910774,-82.344400,-247.000000,12.443544,7.363997
22.430774,-82.344400,-247.000000,12.055972,7.400612
22.950774,-82.344400,-247.000000,12.363466,7.422780
23.470774,-82.344400,-247.000000,12.238473,7.417826
23.990774,-82.344400,-247.000000,12.333022,7.416450
24.510774,-82.344400,-247.000000,12.377046,7.404931
25.030774,-82.344400,-247.000000,12.211728,7.466319
25.550774,-82.344400,-247.000000,12.358642,7.409835
26.070774,-82.344400,-247.000000,12.194646,7.328354
26.590774,-82.344400,-247.000000,12.276098,7.419148
27.110774,-82.344400,-247.000000,12.176324,7.443118
27.630774,-82.344400,-247.000000,12.257690,7.457371
28.150774,-82.344400,-247.000000,12.366828,7.384763
28.670774,-82.344400,-247.000000,12.205357,7.478578
29.190774,-82.344400,-247.000000,12.608829,7.449529
29.710774,-82.344400,-247.000000,12.152118,7.393891
30.230774,-82.344400,-247.000000,12.480183,7.488857
30.750774,-82.344400,-247.000000,12.191541,7.447887
31.270774,-82.344400,-247.000000,12.282775,7.404981
31.790774,-82.344400,-247.000000,12.392181,7.495199
32.310774,-82.344400,-247.000000,12.122867,7.452153
32.830774,-82.344400,-247.000000,12.155930,7.430805
33.350774,-82.344400,-247.000000,12.285869,7.506887
33.870774,-82.344400,-247.000000,12.361059,7.471663
34.390774,-82.344400,-247.000000,12.476050,7.528096
34.910774,-82.344400,-247.000000,12.164702,7.540779
35.430774,-82.344400,-247.000000,12.163955,7.433335
35.950774,-82.344400,-247.000000,12.322309,7.548045
36.470774,-82.344400,-247.000000,12.273868,7.341881
36.990774,-82.344400,-247.000000,12.281060,7.465527
37.510774,-82.344400,-247.000000,12.382171,7.426209
38.030774,-82.344400,-247.000000,12.332751,7.410199
38.550774,-82.344400,-247.000000,12.185994,7.444062
39.070774,-82.344400,-247.000000,12.329867,7.481986
39.590774,-82.344400,-247.000000,12.302307,7.494915
40.110774,-82.344400,-247.000000,12.145564,7.503922
40.630774,-82.344400,-247.000000,12.323214,7.476099
41.150774,-82.344400,-247.000000,12.395633,7.522278
41.670774,-82.344400,-247.000000,12.400002,7.428949
42.190774,-82.344400,-247.000000,12.273503,7.443757
42.710774,-82.344400,-247.000000,12.346943,7.512014
43.230774,-82.344400,-247.000000,12.624583,7.556303
43.750774,-82.344400,-247.000000,12.463093,7.524842
44.270774,-82.344400,-247.000000,12.125922,7.389348
44.790774,-82.344400,-247.000000,12.436358,7.472931
45.310774,-82.344400,-247.000000,12.265089,7.432653
45.830774,-82.344400,-247.000000,12.545254,7.563710
46.350774,-82.344400,-247.000000,12.235042,7.437954
46.870774,-82.344400,-247.000000,12.283618,7.508203
47.390774,-82.344400,-247.000000,12.303622,7.441201
47.910774,-82.344400,-247.000000,12.263691,7.462867
48.430774,-82.344400,-247.000000,12.387532,7.554883
48.950774,-82.344400,-247.000000,12.217010,7.400176
49.470774,-82.344400,-247.000000,12.272845,7.379153
49.990774,-82.344400,-247.000000,12.483610,7.420346
50.510774,-82.344400,-247.000000,12.156274,7.489019
51.030774,-82.344400,-247.000000,12.272357,7.594024
51.550774,-82.344400,-247.000000,12.219228,7.468000
52.070774,-82.344400,-247.000000,12.228599,7.474745
52.590774,-82.344400,-247.000000,12.289577,7.497736
53.110774,-82.344400,-247.000000,12.371713,7.501816
53.630774,-82.344400,-247.000000,12.373683,7.507328
54.150774,-82.344400,-247.000000,12.267182,7.493881
54.670774,-82.344400,-247.000000,12.381712,7.408384
55.190774,-82.344400,-247.000000,12.420490,7.517534
55.710774,-82.344400,-247.000000,12.216051,7.456400
56.230774,-82.344400,-247.000000,12.276058,7.474769
56.750774,-82.344400,-247.000000,12.063383,7.461031
57.270774,-82.344400,-247.000000,12.433279,7.493455
57.790774,-82.344400,-247.000000,12.524508,7.501530
58.310774,-82.344400,-247.000000,12.434113,7.516881
58.830774,-82.344400,-247.000000,12.196622,7.480541
59.350774,-82.344400,-247.000000,12.415476,7.535538
59.870774,-82.344400,-247.000000,12.330822,7.488931
60.390774,-82.344400,-247.000000,12.082488,7.561097
60.910774,-82.344400,-247.000000,12.154344,7.437671
61.430774,-82.344400,-247.000000,12.073544,7.453859
61.950774,-82.344400,-247.000000,12.384665,7.415670
62.470774,-82.344400,-247.000000,12.303451,7.480964
62.990774,-82.344400,-247.000000,12.343882,7.477315
63.510774,-82.344400,-247.000000,12.320553,7.554659
64.030774,-82.344400,-247.000000,12.242955,7.430148
64.550774,-82.344400,-247.000000,12.124115,7.381914
65.070774,-82.344400,-247.000000,12.271592,7.442231
65.590774,-82.344400,-247.000000,12.378398,7.475108
66.110774,-82.344400,-247.000000,12.307956,7.380264
13.070774,-81.824400,-247.000000,12.278762,7.150620
13.590774,-81.824400,-247.000000,12.564342,7.254911
14.110774,-81.824400,-247.000000,12.509339,7.243792
14.630774,-81.824400,-247.000000,12.259499,7.276000
15.150774,-81.824400,-247.000000,12.252082,7.204363
15.670774,-81.824400,-247.000000,12.318976,7.312727
16.190774,-81.824400,-247.000000,12.308429,7.290063
16.710774,-81.824400,-247.000000,12.397716,7.292667
17.230774,-81.824400,-247.000000,12.370992,7.394466
17.750774,-81.824400,-247.000000,12.253982,7.413427
18.270774,-81.824400,-247.000000,12.087951,7.325956
18.790774,-81.824400,-247.000000,12.086609,7.269007
19.310774,-81.824400,-247.000000,12.382655,7.397629
19.830774,-81.824400,-247.000000,12.158622,7.400669
20.350774,-81.824400,-247.000000,12.384765,7.400236
20.870774,-81.824400,-247.000000,12.454285,7.446403
21.390774,-81.824400,-247.000000,12.227054,7.449969
21.910774,-81.824400,-247.000000,12.440394,7.382412
22.430774,-81.824400,-247.000000,12.095519,7.422105
22.950774,-81.824400,-247.000000,12.402876,7.439844
23.470774,-81.824400,-247.000000,12.229621,7.434167
23.990774,-81.824400,-247.000000,12.295933,7.410726
24.510774,-81.824400,-247.000000,12.442871,7.419345
25.030774,-81.824400,-247.000000,12.134391,7.461221
25.550774,-81.824400,-247.000000,12.303883,7.446174
26.070774,-81.824400,-247.000000,12.232753,7.343066
26.590774,-81.824400,-247.000000,12.250890,7.430316
27.110774,-81.824400,-247.000000,12.204975,7.442911
27.630774,-81.824400,-247.000000,12.262252,7.474540
28.150774,-81.824400,-247.000000,12.349241,7.411896
28.670774,-81.824400,-247.000000,12.165381,7.471049
29.190774,-81.824400,-247.000000,12.585521,7.472919
29.710774,-81.824400,-247.000000,12.159011,7.400367
30.230774,-81.824400,-247.000000,12.439878,7.489334
30.750774,-81.824400,-247.000000,12.289677,7.473052
31.270774,-81.824400,-247.000000,12.201197,7.383287
31.790774,-81.824400,-247.000000,12.366016,7.455705
32.310774,-81.824400,-247.000000,12.132639,7.452602
32.830774,-81.824400,-247.000000,12.207679,7.467731
33.350774,-81.824400,-247.000000,12.236785,7.491741
33.870774,-81.824400,-247.000000,12.295352,7.468931
34.390774,-81.824400,-247.000000,12.533834,7.555717
34.910774,-81.824400,-247.000000,12.185614,7.538270
35.430774,-81.824400,-247.000000,12.176714,7.440904
35.950774,-81.824400,-247.000000,12.323380,7.542413
36.470774,-81.824400,-247.000000,12.285975,7.367732
36.990774,-81.824400,-247.000000,12.199206,7.468137
37.510774,-81.824400,-247.000000,12.445479,7.472037
38.030774,-81.824400,-247.000000,12.351717,7.427160
38.550774,-81.824400,-247.000000,12.206040,7.461030
39.070774,-81.824400,-247.000000,12.308215,7.453374
39.590774,-81.824400,-247.000000,12.253512,7.501889
40.110774,-81.824400,-247.000000,12.280003,7.490562
40.630774,-81.824400,-247.000000,12.378249,7.492619
41.150774,-81.824400,-247.000000,12.274525,7.509061
41.670774,-81.824400,-247.000000,12.392458,7.460012
42.190774,-81.824400,-247.000000,12.342151,7.468230
42.710774,-81.824400,-247.000000,12.299076,7.516594
43.230774,-81.824400,-247.000000,12.566314,7.519372
43.750774,-81.824400,-247.000000,12.504926,7.540436
44.270774,-81.824400,-247.000000,12.102848,7.393600
44.790774,-81.824400,-247.000000,12.327918,7.495829
45.310774,-81.824400,-247.000000,12.254189,7.414590
45.830774,-81.824400,-247.000000,12.528609,7.578967
46.350774,-81.824400,-247.000000,12.195794,7.443780
46.870774,-81.824400,-247.000000,12.250295,7.493546
47.390774,-81.824400,-247.000000,12.270101,7.435803
47.910774,-81.824400,-247.000000,12.303779,7.486847
48.430774,-81.824400,-247.000000,12.419523,7.558815
48.950774,-81.824400,-247.000000,12.171947,7.403509
49.470774,-81.824400,-247.000000,12.283211,7.385339
49.990774,-81.824400,-247.000000,12.386765,7.398913
50.510774,-81.824400,-247.000000,12.217078,7.509080
51.030774,-81.824400,-247.000000,12.192598,7.565190
51.550774,-81.824400,-247.000000,12.270758,7.492054
52.070774,-81.824400,-247.000000,12.238345,7.476251
52.590774,-81.824400,-247.000000,12.290442,7.509154
53.110774,-81.824400,-247.000000,12.340178,7.493980
53.630774,-81.824400,-247.000000,12.366523,7.488191
54.150774,-81.824400,-247.000000,12.254394,7.509831
54.670774,-81.824400,-247.000000,12.405287,7.419210
55.190774,-81.824400,-247.000000,12.438093,7.526370
55.710774,-81.824400,-247.000000,12.147484,7.435783
56.230774,-81.824400,-247.000000,12.257312,7.480207
56.750774,-81.824400,-247.000000,12.051472,7.451730
57.270774,-81.824400,-247.000000,12.409679,7.510196
57.790774,-81.824400,-247.000000,12.538622,7.517950
58.310774,-81.824400,-247.000000,12.344138,7.535129
58.830774,-81.824400,-247.000000,12.252712,7.483004
59.350774,-81.824400,-247.000000,12.334010,7.525373
59.870774,-81.824400,-247.000000,12.360734,7.485301
60.390774,-81.824400,-247.000000,12.108042,7.545850
60.910774,-81.824400,-247.000000,12.134316,7.444592
61.430774,-81.824400,-247.000000,12.051065,7.451727
61.950774,-81.824400,-247.000000,12.307956,7.406571
62.470774,-81.824400,-247.000000,12.325653,7.454744
62.990774,-81.824400,-247.000000,12.286140,7.505189
63.510774,-81.824400,-247.000000,12.289801,7.566578
64.030774,-81.824400,-247.000000,12.215438,7.429240
64.550774,-81.824400,-247.000000,12.179149,7.422187
65.070774,-81.824400,-247.000000,12.313567,7.436078
65.590774,-81.824400,-247.000000,12.265079,7.474712
66.110774,-81.824400,-247.000000,12.389097,7.403187
66.630774,-81.824400,-247.000000,12.404435,7.522161
67.150774,-81.824400,-247.000000,12.383716,7.471220
65.070774,-81.304400,-247.000000,12.331046,7.436019
66.110774,-81.304400,-247.000000,12.371114,7.423153
13.070774,-82.344400,-246.000000,12.387540,7.126440
13.590774,-82.344400,-246.000000,12.203536,7.146483
14.110774,-82.344400,-246.000000,12.436037,7.223391
14.630774,-82.344400,-246.000000,12.596315,7.220114
15.150774,-82.344400,-246.000000,12.144194,7.219019
15.670774,-82.344400,-246.000000,12.278258,7.238146
16.190774,-82.344400,-246.000000,12.515003,7.367501
16.710774,-82.344400,-246.000000,12.428297,7.270386
17.230774,-82.344400,-246.000000,12.446086,7.344867
17.750774,-82.344400,-246.000000,12.099170,7.251241
18.270774,-82.344400,-246.000000,12.609902,7.385725
18.790774,-82.344400,-246.000000,12.609206,7.338846
19.310774,-82.344400,-246.000000,12.196849,7.366561
19.830774,-82.344400,-246.000000,12.105290,7.385394
20.350774,-82.344400,-246.000000,12.165930,7.343871
20.870774,-82.344400,-246.000000,12.421427,7.367376
21.390774,-82.344400,-246.000000,12.452818,7.372004
21.910774,-82.344400,-246.000000,12.359193,7.421671
22.430774,-82.344400,-246.000000,12.279413,7.378514
22.950774,-82.344400,-246.000000,12.394533,7.428007
23.470774,-82.344400,-246.000000,12.476259,7.421694
23.990774,-82.344400,-246.000000,12.310081,7.365003
24.510774,-82.344400,-246.000000,12.255229,7.487974
25.030774,-82.344400,-246.000000,12.588796,7.413228
25.550774,-82.344400,-246.000000,12.168599,7.309469
26.070774,-82.344400,-246.000000,12.344721,7.369386
26.590774,-82.344400,-246.000000,12.629572,7.445385
27.110774,-82.344400,-246.000000,12.551860,7.397037
27.630774,-82.344400,-246.000000,12.253367,7.471885
28.150774,-82.344400,-246.000000,12.282690,7.431068
28.670774,-82.344400,-246.000000,12.193839,7.417626
29.190774,-82.344400,-246.000000,12.402319,7.520347
29.710774,-82.344400,-246.000000,12.379126,7.564952
30.230774,-82.344400,-246.000000,12.178569,7.359414
30.750774,-82.344400,-246.000000,12.509985,7.415809
31.270774,-82.344400,-246.000000,12.297668,7.365212
31.790774,-82.344400,-246.000000,12.361561,7.431105
32.310774,-82.344400,-246.000000,12.248195,7.418366
32.830774,-82.344400,-246.000000,12.321870,7.416600
33.350774,-82.344400,-246.000000,12.283727,7.428023
33.870774,-82.344400,-246.000000,12.304384,7.417211
34.390774,-82.344400,-246.000000,12.360420,7.477223
34.910774,-82.344400,-246.000000,12.349282,7.540786
35.430774,-82.344400,-246.000000,12.306417,7.436604
35.950774,-82.344400,-246.000000,12.117599,7.364045
36.470774,-82.344400,-246.000000,12.388447,7.376152
36.990774,-82.344400,-246.000000,12.197895,7.486034
37.510774,-82.344400,-246.000000,12.351260,7.513513
38.030774,-82.344400,-246.000000,12.381638,7.512994
38.550774,-82.344400,-246.000000,12.210738,7.461773
39.070774,-82.344400,-246.000000,12.052611,7.384490
39.590774,-82.344400,-246.000000,12.338639,7.410879
40.110774,-82.344400,-246.000000,12.355521,7.480804
40.630774,-82.344400,-246.000000,12.430520,7.431657
41.150774,-82.344400,-246.000000,12.270637,7.434039
41.670774,-82.344400,-246.000000,12.392228,7.436036
42.190774,-82.344400,-246.000000,12.549249,7.519848
42.710774,-82.344400,-246.000000,12.204688,7.544546
43.230774,-82.344400,-246.000000,12.464158,7.526546
43.750774,-82.344400,-246.000000,12.187327,7.464792
44.270774,-82.344400,-246.000000,12.519450,7.458936
44.790774,-82.344400,-246.000000,12.401020,7.501357
45.310774,-82.344400,-246.000000,12.413473,7.433643
45.830774,-82.344400,-246.000000,12.414737,7.444815
46.350774,-82.344400,-246.000000,12.276702,7.394222
46.870774,-82.344400,-246.000000,12.217255,7.492918
47.390774,-82.344400,-246.000000,12.508084,7.460872
47.910774,-82.344400,-246.000000,12.405986,7.503037
48.430774,-82.344400,-246.000000,12.338022,7.491643
48.950774,-82.344400,-246.000000,12.305737,7.393566
49.470774,-82.344400,-246.000000,12.041164,7.380269
49.990774,-82.344400,-246.000000,12.348540,7.422226
50.510774,-82.344400,-246.000000,12.355899,7.460159
51.030774,-82.344400,-246.000000,12.368243,7.528975
51.550774,-82.344400,-246.000000,12.377595,7.420527
52.070774,-82.344400,-246.000000,12.472590,7.478805
52.590774,-82.344400,-246.000000,12.234597,7.407059
53.110774,-82.344400,-246.000000,12.269949,7.525190
53.630774,-82.344400,-246.000000,12.194098,7.499424
54.150774,-82.344400,-246.000000,12.289515,7.465814
54.670774,-82.344400,-246.000000,12.105418,7.431201
55.190774,-82.344400,-246.000000,12.191875,7.452095
55.710774,-82.344400,-246.000000,12.272045,7.447244
56.230774,-82.344400,-246.000000,12.256574,7.449475
56.750774,-82.344400,-246.000000,12.255157,7.425230
57.270774,-82.344400,-246.000000,12.287130,7.530255
57.790774,-82.344400,-246.000000,12.184871,7.509473
58.310774,-82.344400,-246.000000,12.377141,7.431372
58.830774,-82.344400,-246.000000,12.425085,7.465860
59.350774,-82.344400,-246.000000,12.310660,7.510856
59.870774,-82.344400,-246.000000,12.368758,7.502751
60.390774,-82.344400,-246.000000,12.204756,7.402237
60.910774,-82.344400,-246.000000,12.304359,7.464241
61.430774,-82.344400,-246.000000,12.113639,7.431615
61.950774,-82.344400,-246.000000,12.359281,7.452707
62.470774,-82.344400,-246.000000,12.510311,7.495413
62.990774,-82.344400,-246.000000,12.233917,7.438887
63.510774,-82.344400,-246.000000,12.401315,7.408668
64.030774,-82.344400,-246.000000,12.415207,7.473527
13.070774,-81.824400,-246.000000,12.375127,7.136122
13.590774,-81.824400,-246.000000,12.176362,7.149311
14.110774,-81.824400,-246.000000,12.403539,7.209817
14.630774,-81.824400,-246.000000,12.501853,7.243572
15.150774,-81.824400,-246.000000,12.212678,7.241048
15.670774,-81.824400,-246.000000,12.316027,7.272258
16.190774,-81.824400,-246.000000,12.475922,7.373599
16.710774,-81.824400,-246.000000,12.468374,7.284162
17.230774,-81.824400,-246.000000,12.363848,7.325120
17.750774,-81.824400,-246.000000,12.180597,7.250753
18.270774,-81.824400,-246.000000,12.475432,7.341024
18.790774,-81.824400,-246.000000,12.570870,7.379582
19.310774,-81.824400,-246.000000,12.184851,7.363284
19.830774,-81.824400,-246.000000,12.174067,7.397150
20.350774,-81.824400,-246.000000,12.124145,7.361625
20.870774,-81.824400,-246.000000,12.372565,7.356958
21.390774,-81.824400,-246.000000,12.413606,7.375655
21.910774,-81.824400,-246.000000,12.313837,7.411530
22.430774,-81.824400,-246.000000,12.270961,7.376065
22.950774,-81.824400,-246.000000,12.318558,7.416990
23.470774,-81.824400,-246.000000,12.562059,7.459004
23.990774,-81.824400,-246.000000,12.260964,7.375972
24.510774,-81.824400,-246.000000,12.196535,7.480449
25.030774,-81.824400,-246.000000,12.512978,7.442417
25.550774,-81.824400,-246.000000,12.170324,7.317508
26.070774,-81.824400,-246.000000,12.322147,7.358510
26.590774,-81.824400,-246.000000,12.583670,7.442280
27.110774,-81.824400,-246.000000,12.613423,7.401595
27.630774,-81.824400,-246.000000,12.267316,7.446677
28.150774,-81.824400,-246.000000,12.306877,7.453909
28.670774,-81.824400,-246.000000,12.202796,7.459816
29.190774,-81.824400,-246.000000,12.377546,7.505173
29.710774,-81.824400,-246.000000,12.315911,7.555746
30.230774,-81.824400,-246.000000,12.141046,7.368964
30.750774,-81.824400,-246.000000,12.545605,7.433108
31.270774,-81.824400,-246.000000,12.352512,7.421935
31.790774,-81.824400,-246.000000,12.407114,7.472414
32.310774,-81.824400,-246.000000,12.155770,7.395940
32.830774,-81.824400,-246.000000,12.325180,7.414704
33.350774,-81.824400,-246.000000,12.272546,7.414064
33.870774,-81.824400,-246.000000,12.234420,7.433354
34.390774,-81.824400,-246.000000,12.373082,7.499401
34.910774,-81.824400,-246.000000,12.289988,7.500264
35.430774,-81.824400,-246.000000,12.344997,7.451956
35.950774,-81.824400,-246.000000,12.070992,7.375645
36.470774,-81.824400,-246.000000,12.371741,7.396672
36.990774,-81.824400,-246.000000,12.185971,7.472359
37.510774,-81.824400,-246.000000,12.267977,7.526562
38.030774,-81.824400,-246.000000,12.371587,7.508283
38.550774,-81.824400,-246.000000,12.264573,7.498373
39.070774,-81.824400,-246.000000,12.040350,7.379327
39.590774,-81.824400,-246.000000,12.264703,7.431802
40.110774,-81.824400,-246.000000,12.319245,7.465989
40.630774,-81.824400,-246.000000,12.448502,7.466514
41.150774,-81.824400,-246.000000,12.237283,7.422607
41.670774,-81.824400,-246.000000,12.369262,7.435334
42.190774,-81.824400,-246.000000,12.471720,7.521372
42.710774,-81.824400,-246.000000,12.175194,7.550019
43.230774,-81.824400,-246.000000,12.470145,7.483263
43.750774,-81.824400,-246.000000,12.154295,7.479704
44.270774,-81.824400,-246.000000,12.486722,7.475196
44.790774,-81.824400,-246.000000,12.461790,7.531149
45.310774,-81.824400,-246.000000,12.431914,7.445435
45.830774,-81.824400,-246.000000,12.385117,7.462754
46.350774,-81.824400,-246.000000,12.347186,7.407206
46.870774,-81.824400,-246.000000,12.170094,7.506537
47.390774,-81.824400,-246.000000,12.481487,7.459974
47.910774,-81.824400,-246.000000,12.320606,7.488724
48.430774,-81.824400,-246.000000,12.335678,7.505453
48.950774,-81.824400,-246.000000,12.300687,7.419455
49.470774,-81.824400,-246.000000,12.120160,7.404796
49.990774,-81.824400,-246.000000,12.286091,7.426298
50.510774,-81.824400,-246.000000,12.366149,7.463687
51.030774,-81.824400,-246.000000,12.397102,7.543536
51.550774,-81.824400,-246.000000,12.264434,7.413031
52.070774,-81.824400,-246.000000,12.441360,7.512145
52.590774,-81.824400,-246.000000,12.338387,7.425797
53.110774,-81.824400,-246.000000,12.212858,7.554005
53.630774,-81.824400,-246.000000,12.123885,7.486770
54.150774,-81.824400,-246.000000,12.274858,7.460240
54.670774,-81.824400,-246.000000,12.137980,7.440776
55.190774,-81.824400,-246.000000,12.154424,7.446961
55.710774,-81.824400,-246.000000,12.229040,7.467617
56.230774,-81.824400,-246.000000,12.227340,7.489525
56.750774,-81.824400,-246.000000,12.267212,7.428279
57.270774,-81.824400,-246.000000,12.242990,7.514674
57.790774,-81.824400,-246.000000,12.217528,7.481136
58.310774,-81.824400,-246.000000,12.350505,7.461414
58.830774,-81.824400,-246.000000,12.354785,7.465845
59.350774,-81.824400,-246.000000,12.268382,7.531454
59.870774,-81.824400,-246.000000,12.341186,7.509843
60.390774,-81.824400,-246.000000,12.209530,7.412999
60.910774,-81.824400,-246.000000,12.394281,7.468313
61.430774,-81.824400,-246.000000,12.115140,7.423742
61.950774,-81.824400,-246.000000,12.328898,7.453379
62.470774,-81.824400,-246.000000,12.452790,7.492960
62.990774,-81.824400,-246.000000,12.250088,7.451912
63.510774,-81.824400,-246.000000,12.392663,7.422010
64.030774,-81.824400,-246.000000,12.455845,7.452897
64.550774,-81.824400,-246.000000,12.095072,7.463765
13.070774,-81.304400,-246.000000,12.395580,7.126782
62.470774,-81.304400,-246.000000,12.374578,7.490950
13.070774,-82.344400,-245.000000,12.328243,7.151052
13.590774,-82.344400,-245.000000,12.224711,7.099872
14.110774,-82.344400,-245.000000,12.443776,7.184480
14.630774,-82.344400,-245.000000,12.331889,7.214145
15.150774,-82.344400,-245.000000,12.425006,7.248785
15.670774,-82.344400,-245.000000,12.300235,7.199050
16.190774,-82.344400,-245.000000,12.334141,7.200322
16.710774,-82.344400,-245.000000,12.321149,7.311253
17.230774,-82.344400,-245.000000,12.356255,7.301661
17.750774,-82.344400,-245.000000,12.245111,7.248580
18.270774,-82.344400,-245.000000,12.334109,7.208134
18.790774,-82.344400,-245.000000,12.422637,7.341161
19.310774,-82.344400,-245.000000,12.463748,7.412065
19.830774,-82.344400,-245.000000,12.170794,7.289216
20.350774,-82.344400,-245.000000,12.182728,7.370224
20.870774,-82.344400,-245.000000,12.169526,7.299325
21.390774,-82.344400,-245.000000,12.251850,7.341343
21.910774,-82.344400,-245.000000,11.968488,7.395793
22.430774,-82.344400,-245.000000,12.189005,7.296472
22.950774,-82.344400,-245.000000,12.306509,7.281805
23.470774,-82.344400,-245.000000,12.205058,7.325205
23.990774,-82.344400,-245.000000,12.404111,7.401688
24.510774,-82.344400,-245.000000,12.272516,7.460638
25.030774,-82.344400,-245.000000,12.261405,7.364686
25.550774,-82.344400,-245.000000,12.266242,7.366609
26.070774,-82.344400,-245.000000,12.390883,7.489494
26.590774,-82.344400,-245.000000,12.224582,7.428110
27.110774,-82.344400,-245.000000,12.329660,7.468574
27.630774,-82.344400,-245.000000,12.490201,7.376350
28.150774,-82.344400,-245.000000,12.304708,7.406565
28.670774,-82.344400,-245.000000,12.537856,7.564012
29.190774,-82.344400,-245.000000,12.048972,7.403021
29.710774,-82.344400,-245.000000,12.207706,7.416711
30.230774,-82.344400,-245.000000,12.379027,7.504766
30.750774,-82.344400,-245.000000,12.297959,7.382498
31.270774,-82.344400,-245.000000,12.572181,7.447922
31.790774,-82.344400,-245.000000,12.230137,7.409156
32.310774,-82.344400,-245.000000,12.399635,7.465775
32.830774,-82.344400,-245.000000,12.225904,7.540518
33.350774,-82.344400,-245.000000,12.314901,7.395285
33.870774,-82.344400,-245.000000,12.190304,7.432063
34.390774,-82.344400,-245.000000,12.325618,7.447018
34.910774,-82.344400,-245.000000,12.338341,7.422369
35.430774,-82.344400,-245.000000,12.267467,7.422191
35.950774,-82.344400,-245.000000,12.371367,7.450463
36.470774,-82.344400,-245.000000,12.466696,7.478900
36.990774,-82.344400,-245.000000,11.999752,7.389043
37.510774,-82.344400,-245.000000,12.588256,7.414341
38.030774,-82.344400,-245.000000,12.251196,7.422565
38.550774,-82.344400,-245.000000,12.327742,7.420380
39.070774,-82.344400,-245.000000,12.198844,7.415394
39.590774,-82.344400,-245.000000,12.294805,7.447685
40.110774,-82.344400,-245.000000,12.324618,7.472400
40.630774,-82.344400,-245.000000,12.264493,7.400433
41.150774,-82.344400,-245.000000,12.286239,7.352574
41.670774,-82.344400,-245.000000,12.174683,7.396940
42.190774,-82.344400,-245.000000,12.013991,7.483130
42.710774,-82.344400,-245.000000,12.345452,7.417787
43.230774,-82.344400,-245.000000,12.314445,7.493278
43.750774,-82.344400,-245.000000,12.391695,7.470749
44.270774,-82.344400,-245.000000,12.445788,7.455789
44.790774,-82.344400,-245.000000,12.506058,7.438545
45.310774,-82.344400,-245.000000,12.366165,7.447249
45.830774,-82.344400,-245.000000,12.021801,7.464923
46.350774,-82.344400,-245.000000,12.262927,7.436360
46.870774,-82.344400,-245.000000,12.238004,7.451766
47.390774,-82.344400,-245.000000,12.305894,7.417719
47.910774,-82.344400,-245.000000,12.319144,7.474134
48.430774,-82.344400,-245.000000,12.396399,7.457828
48.950774,-82.344400,-245.000000,12.194541,7.365522
49.470774,-82.344400,-245.000000,12.534584,7.378733
49.990774,-82.344400,-245.000000,12.386462,7.471673
50.510774,-82.344400,-245.000000,12.134602,7.458466
51.030774,-82.344400,-245.000000,12.216605,7.412539
51.550774,-82.344400,-245.000000,12.413475,7.453103
52.070774,-82.344400,-245.000000,12.128218,7.409651
52.590774,-82.344400,-245.000000,12.272573,7.422839
53.110774,-82.344400,-245.000000,12.226715,7.393322
53.630774,-82.344400,-245.000000,12.139394,7.431309
54.150774,-82.344400,-245.000000,12.147620,7.399363
54.670774,-82.344400,-245.000000,12.265524,7.397338
55.190774,-82.344400,-245.000000,12.493228,7.517077
55.710774,-82.344400,-245.000000,12.149899,7.360278
56.230774,-82.344400,-245.000000,12.340201,7.408307
56.750774,-82.344400,-245.000000,12.280645,7.446997
57.270774,-82.344400,-245.000000,12.158957,7.415570
57.790774,-82.344400,-245.000000,12.355268,7.403070
58.310774,-82.344400,-245.000000,12.172154,7.408616
58.830774,-82.344400,-245.000000,12.196848,7.366120
59.350774,-82.344400,-245.000000,12.407138,7.511715
59.870774,-82.344400,-245.000000,12.115561,7.380535
60.390774,-82.344400,-245.000000,12.260036,7.420993
60.910774,-82.344400,-245.000000,12.210498,7.479259
61.430774,-82.344400,-245.000000,12.384377,7.420760
13.070774,-81.824400,-245.000000,12.308225,7.153119
13.590774,-81.824400,-245.000000,12.188910,7.097247
14.110774,-81.824400,-245.000000,12.398238,7.175223
14.630774,-81.824400,-245.000000,12.421849,7.239611
15.150774,-81.824400,-245.000000,12.309751,7.214066
15.670774,-81.824400,-245.000000,12.340522,7.246597
16.190774,-81.824400,-245.000000,12.306191,7.209552
16.710774,-81.824400,-245.000000,12.260125,7.300479
17.230774,-81.824400,-245.000000,12.264271,7.316322
17.750774,-81.824400,-245.000000,12.384431,7.273191
18.270774,-81.824400,-245.000000,12.308208,7.227673
18.790774,-81.824400,-245.000000,12.428527,7.334153
19.310774,-81.824400,-245.000000,12.412227,7.433477
19.830774,-81.824400,-245.000000,12.149001,7.290993
20.350774,-81.824400,-245.000000,12.192822,7.410931
20.870774,-81.824400,-245.000000,12.227015,7.312784
21.390774,-81.824400,-245.000000,12.182221,7.355628
21.910774,-81.824400,-245.000000,12.031384,7.408368
22.430774,-81.824400,-245.000000,12.158633,7.282014
22.950774,-81.824400,-245.000000,12.266763,7.312846
23.470774,-81.824400,-245.000000,12.229015,7.341996
23.990774,-81.824400,-245.000000,12.358752,7.430827
24.510774,-81.824400,-245.000000,12.293229,7.463250
25.030774,-81.824400,-245.000000,12.239646,7.364045
25.550774,-81.824400,-245.000000,12.191176,7.387803
26.070774,-81.824400,-245.000000,12.421889,7.500060
26.590774,-81.824400,-245.000000,12.216296,7.456910
27.110774,-81.824400,-245.000000,12.239579,7.468960
27.630774,-81.824400,-245.000000,12.530733,7.386682
28.150774,-81.824400,-245.000000,12.240027,7.398987
28.670774,-81.824400,-245.000000,12.479713,7.551726
29.190774,-81.824400,-245.000000,12.039495,7.399076
29.710774,-81.824400,-245.000000,12.205034,7.448286
30.230774,-81.824400,-245.000000,12.448768,7.517224
30.750774,-81.824400,-245.000000,12.224031,7.367805
31.270774,-81.824400,-245.000000,12.555319,7.432436
31.790774,-81.824400,-245.000000,12.276677,7.442251
32.310774,-81.824400,-245.000000,12.407404,7.463308
32.830774,-81.824400,-245.000000,12.134119,7.532793
33.350774,-81.824400,-245.000000,12.239367,7.409084
33.870774,-81.824400,-245.000000,12.242653,7.438315
34.390774,-81.824400,-245.000000,12.262052,7.436826
34.910774,-81.824400,-245.000000,12.423215,7.441638
35.430774,-81.824400,-245.000000,12.302421,7.446972
35.950774,-81.824400,-245.000000,12.378394,7.451875
36.470774,-81.824400,-245.000000,12.429648,7.467872
36.990774,-81.824400,-245.000000,12.051582,7.411454
37.510774,-81.824400,-245.000000,12.580417,7.445131
38.030774,-81.824400,-245.000000,12.266862,7.452507
38.550774,-81.824400,-245.000000,12.202117,7.405425
39.070774,-81.824400,-245.000000,12.231452,7.422209
39.590774,-81.824400,-245.000000,12.305900,7.492079
40.110774,-81.824400,-245.000000,12.296113,7.476149
40.630774,-81.824400,-245.000000,12.315538,7.415449
41.150774,-81.824400,-245.000000,12.211424,7.347257
41.670774,-81.824400,-245.000000,12.074714,7.423382
42.190774,-81.824400,-245.000000,12.129164,7.499875
42.710774,-81.824400,-245.000000,12.337075,7.420812
43.230774,-81.824400,-245.000000,12.315792,7.505226
43.750774,-81.824400,-245.000000,12.353747,7.477252
44.270774,-81.824400,-245.000000,12.455723,7.434744
44.790774,-81.824400,-245.000000,12.408929,7.463081
45.310774,-81.824400,-245.000000,12.423993,7.469548
45.830774,-81.824400,-245.000000,12.022960,7.448217
46.350774,-81.824400,-245.000000,12.211015,7.470606
46.870774,-81.824400,-245.000000,12.222974,7.474238
47.390774,-81.824400,-245.000000,12.267913,7.407213
47.910774,-81.824400,-245.000000,12.348484,7.484046
48.430774,-81.824400,-245.000000,12.325502,7.446809
48.950774,-81.824400,-245.000000,12.217158,7.374770
49.470774,-81.824400,-245.000000,12.534759,7.394290
49.990774,-81.824400,-245.000000,12.325707,7.479038
50.510774,-81.824400,-245.000000,12.078667,7.472193
51.030774,-81.824400,-245.000000,12.276108,7.422624
51.550774,-81.824400,-245.000000,12.405906,7.446753
52.070774,-81.824400,-245.000000,12.192399,7.452792
52.590774,-81.824400,-245.000000,12.241561,7.410586
53.110774,-81.824400,-245.000000,12.227128,7.390318
53.630774,-81.824400,-245.000000,12.126979,7.430772
54.150774,-81.824400,-245.000000,12.130434,7.407721
54.670774,-81.824400,-245.000000,12.337170,7.421569
55.190774,-81.824400,-245.000000,12.449008,7.515744
55.710774,-81.824400,-245.000000,12.136403,7.337468
56.230774,-81.824400,-245.000000,12.355002,7.422062
56.750774,-81.824400,-245.000000,12.175695,7.445647
57.270774,-81.824400,-245.000000,12.222636,7.430427
57.790774,-81.824400,-245.000000,12.377151,7.432403
58.310774,-81.824400,-245.000000,12.203281,7.399764
58.830774,-81.824400,-245.000000,12.171674,7.401418
59.350774,-81.824400,-245.000000,12.343465,7.485177
59.870774,-81.824400,-245.000000,12.037269,7.406366
60.390774,-81.824400,-245.000000,12.277866,7.425331
60.910774,-81.824400,-245.000000,12.229414,7.489037
61.430774,-81.824400,-245.000000,12.355827,7.439165
61.950774,-81.824400,-245.000000,12.131128,7.389475
62.470774,-81.824400,-245.000000,12.105395,7.443676
13.070774,-81.304400,-245.000000,12.407125,7.167211
60.390774,-81.304400,-245.000000,12.179992,7.437640
61.430774,-81.304400,-245.000000,12.316242,7.443408
13.070774,-82.344400,-244.000000,12.464514,7.130141
13.590774,-82.344400,-244.000000,12.266369,7.136804
14.110774,-82.344400,-244.000000,12.411151,7.137389
14.630774,-82.344400,-244.000000,12.612043,7.134748
15.150774,-82.344400,-244.000000,12.294723,7.175117
15.670774,-82.344400,-244.000000,12.139145,7.135712
16.190774,-82.344400,-244.000000,12.175277,7.193643
16.710774,-82.344400,-244.000000,12.437050,7.205037
17.230774,-82.344400,-244.000000,12.153697,7.190151
17.750774,-82.344400,-244.000000,11.945922,7.177842
18.270774,-82.344400,-244.000000,12.190589,7.275206
18.790774,-82.344400,-244.000000,12.262897,7.292666
19.310774,-82.344400,-244.000000,12.225489,7.263007
19.830774,-82.344400,-244.000000,12.262045,7.265504
20.350774,-82.344400,-244.000000,12.223303,7.399979
20.870774,-82.344400,-244.000000,12.425257,7.382996
21.390774,-82.344400,-244.000000,12.369049,7.344828
21.910774,-82.344400,-244.000000,12.319592,7.361382
22.430774,-82.344400,-244.000000,12.396165,7.325132
22.950774,-82.344400,-244.000000,12.121512,7.299920
23.470774,-82.344400,-244.000000,12.361531,7.357710
23.990774,-82.344400,-244.000000,12.402554,7.489415
24.510774,-82.344400,-244.000000,12.201091,7.321224
25.030774,-82.344400,-244.000000,12.336307,7.348710
25.550774,-82.344400,-244.000000,12.282100,7.325715
26.070774,-82.344400,-244.000000,12.119357,7.343312
26.590774,-82.344400,-244.000000,12.284648,7.362977
27.110774,-82.344400,-244.000000,12.309881,7.373826
27.630774,-82.344400,-244.000000,12.069449,7.356827
28.150774,-82.344400,-244.000000,12.460103,7.376753
28.670774,-82.344400,-244.000000,12.206012,7.397612
29.190774,-82.344400,-244.000000,12.181857,7.314849
29.710774,-82.344400,-244.000000,12.398984,7.453869
30.230774,-82.344400,-244.000000,12.406413,7.397546
30.750774,-82.344400,-244.000000,12.137336,7.380117
31.270774,-82.344400,-244.000000,12.234466,7.333339
31.790774,-82.344400,-244.000000,12.018069,7.345845
32.310774,-82.344400,-244.000000,11.959920,7.291362
32.830774,-82.344400,-244.000000,12.122825,7.368669
33.350774,-82.344400,-244.000000,12.277098,7.411469
33.870774,-82.344400,-244.000000,12.325389,7.345512
34.390774,-82.344400,-244.000000,12.478187,7.453350
34.910774,-82.344400,-244.000000,12.307609,7.339994
35.430774,-82.344400,-244.000000,12.322929,7.337255
35.950774,-82.344400,-244.000000,12.400067,7.494876
36.470774,-82.344400,-244.000000,12.216960,7.386138
36.990774,-82.344400,-244.000000,12.126468,7.429037
37.510774,-82.344400,-244.000000,12.292717,7.384175
38.030774,-82.344400,-244.000000,12.421184,7.338229
38.550774,-82.344400,-244.000000,12.026740,7.317294
39.070774,-82.344400,-244.000000,12.151651,7.368936
39.590774,-82.344400,-244.000000,12.114680,7.388760
40.110774,-82.344400,-244.000000,12.194554,7.395599
40.630774,-82.344400,-244.000000,12.217209,7.373191
41.150774,-82.344400,-244.000000,12.270339,7.393171
41.670774,-82.344400,-244.000000,12.104720,7.457266
42.190774,-82.344400,-244.000000,12.360054,7.338323
42.710774,-82.344400,-244.000000,12.250930,7.372456
43.230774,-82.344400,-244.000000,12.498627,7.472186
43.750774,-82.344400,-244.000000,12.364260,7.432398
44.270774,-82.344400,-244.000000,12.309694,7.423862
44.790774,-82.344400,-244.000000,12.345653,7.392692
45.310774,-82.344400,-244.000000,12.168872,7.375725
45.830774,-82.344400,-244.000000,12.250702,7.398827
46.350774,-82.344400,-244.000000,12.077911,7.400157
46.870774,-82.344400,-244.000000,12.188093,7.413746
47.390774,-82.344400,-244.000000,12.235988,7.434159
47.910774,-82.344400,-244.000000,12.297973,7.398424
48.430774,-82.344400,-244.000000,12.120629,7.304380
48.950774,-82.344400,-244.000000,12.116782,7.324581
49.470774,-82.344400,-244.000000,12.285666,7.399648
49.990774,-82.344400,-244.000000,12.184772,7.311936
50.510774,-82.344400,-244.000000,12.304273,7.389637
51.030774,-82.344400,-244.000000,12.308903,7.380525
51.550774,-82.344400,-244.000000,12.390203,7.456636
52.070774,-82.344400,-244.000000,12.180722,7.354384
52.590774,-82.344400,-244.000000,12.185419,7.450431
53.110774,-82.344400,-244.000000,12.197453,7.388680
53.630774,-82.344400,-244.000000,12.251018,7.301771
54.150774,-82.344400,-244.000000,12.018704,7.453923
54.670774,-82.344400,-244.000000,12.251380,7.303892
55.190774,-82.344400,-244.000000,12.275798,7.289536
55.710774,-82.344400,-244.000000,12.122256,7.355515
56.230774,-82.344400,-244.000000,12.307872,7.380175
56.750774,-82.344400,-244.000000,12.216388,7.368758
57.270774,-82.344400,-244.000000,12.487960,7.406412
57.790774,-82.344400,-244.000000,12.025808,7.422671
58.310774,-82.344400,-244.000000,12.403102,7.317711
58.830774,-82.344400,-244.000000,12.056251,7.358990
59.350774,-82.344400,-244.000000,12.094783,7.315492
13.070774,-81.824400,-244.000000,12.491206,7.157789
13.590774,-81.824400,-244.000000,12.261909,7.147654
14.110774,-81.824400,-244.000000,12.428645,7.181071
14.630774,-81.824400,-244.000000,12.604841,7.148130
15.150774,-81.824400,-244.000000,12.348800,7.212584
15.670774,-81.824400,-244.000000,12.147044,7.165070
16.190774,-81.824400,-244.000000,12.213774,7.230502
16.710774,-81.824400,-244.000000,12.375238,7.222077
17.230774,-81.824400,-244.000000,12.227586,7.179042
17.750774,-81.824400,-244.000000,11.945437,7.183500
18.270774,-81.824400,-244.000000,12.207825,7.287515
18.790774,-81.824400,-244.000000,12.210985,7.269229
19.310774,-81.824400,-244.000000,12.207449,7.268243
19.830774,-81.824400,-244.000000,12.327924,7.303565
20.350774,-81.824400,-244.000000,12.140777,7.392637
20.870774,-81.824400,-244.000000,12.379790,7.387305
21.390774,-81.824400,-244.000000,12.416564,7.366506
21.910774,-81.824400,-244.000000,12.253356,7.392752
22.430774,-81.824400,-244.000000,12.329437,7.315807
22.950774,-81.824400,-244.000000,12.211441,7.315629
23.470774,-81.824400,-244.000000,12.334178,7.331979
23.990774,-81.824400,-244.000000,12.356517,7.465891
24.510774,-81.824400,-244.000000,12.272788,7.348411
25.030774,-81.824400,-244.000000,12.313039,7.374940
25.550774,-81.824400,-244.000000,12.299706,7.331384
26.070774,-81.824400,-244.000000,12.088611,7.338772
26.590774,-81.824400,-244.000000,12.286689,7.369350
27.110774,-81.824400,-244.000000,12.278728,7.404525
27.630774,-81.824400,-244.000000,12.149337,7.371714
28.150774,-81.824400,-244.000000,12.406987,7.407302
28.670774,-81.824400,-244.000000,12.216132,7.402448
29.190774,-81.824400,-244.000000,12.207120,7.327587
29.710774,-81.824400,-244.000000,12.402170,7.457311
30.230774,-81.824400,-244.000000,12.394431,7.416008
30.750774,-81.824400,-244.000000,12.109493,7.409757
31.270774,-81.824400,-244.000000,12.181144,7.326937
31.790774,-81.824400,-244.000000,12.001780,7.346977
32.310774,-81.824400,-244.000000,12.002079,7.315917
32.830774,-81.824400,-244.000000,12.203525,7.388738
33.350774,-81.824400,-244.000000,12.245916,7.407545
33.870774,-81.824400,-244.000000,12.349188,7.356873
34.390774,-81.824400,-244.000000,12.517222,7.476847
34.910774,-81.824400,-244.000000,12.298289,7.382107
35.430774,-81.824400,-244.000000,12.310977,7.327093
35.950774,-81.824400,-244.000000,12.366281,7.511340
36.470774,-81.824400,-244.000000,12.166774,7.377630
36.990774,-81.824400,-244.000000,12.154418,7.427271
37.510774,-81.824400,-244.000000,12.283699,7.411323
38.030774,-81.824400,-244.000000,12.478971,7.354706
38.550774,-81.824400,-244.000000,12.017802,7.345104
39.070774,-81.824400,-244.000000,12.108238,7.380584
39.590774,-81.824400,-244.000000,12.067934,7.395583
40.110774,-81.824400,-244.000000,12.178391,7.400161
40.630774,-81.824400,-244.000000,12.266430,7.418710
41.150774,-81.824400,-244.000000,12.236164,7.401891
41.670774,-81.824400,-244.000000,12.101228,7.486871
42.190774,-81.824400,-244.000000,12.267982,7.328128
42.710774,-81.824400,-244.000000,12.291421,7.377416
43.230774,-81.824400,-244.000000,12.502443,7.483057
43.750774,-81.824400,-244.000000,12.303552,7.437293
44.270774,-81.824400,-244.000000,12.282342,7.476362
44.790774,-81.824400,-244.000000,12.366895,7.377708
45.310774,-81.824400,-244.000000,12.164760,7.371861
45.830774,-81.824400,-244.000000,12.153721,7.386221
46.350774,-81.824400,-244.000000,12.144244,7.422954
46.870774,-81.824400,-244.000000,12.218268,7.434097
47.390774,-81.824400,-244.000000,12.202151,7.438794
47.910774,-81.824400,-244.000000,12.329528,7.426787
48.430774,-81.824400,-244.000000,12.189115,7.338183
48.950774,-81.824400,-244.000000,12.114310,7.373130
49.470774,-81.824400,-244.000000,12.321806,7.390174
49.990774,-81.824400,-244.000000,12.064526,7.312499
50.510774,-81.824400,-244.000000,12.352225,7.409447
51.030774,-81.824400,-244.000000,12.319457,7.411569
51.550774,-81.824400,-244.000000,12.232519,7.423244
52.070774,-81.824400,-244.000000,12.242612,7.379695
52.590774,-81.824400,-244.000000,12.155166,7.458069
53.110774,-81.824400,-244.000000,12.184585,7.395103
53.630774,-81.824400,-244.000000,12.278934,7.298336
54.150774,-81.824400,-244.000000,11.992934,7.440302
54.670774,-81.824400,-244.000000,12.197902,7.349678
55.190774,-81.824400,-244.000000,12.299705,7.299881
55.710774,-81.824400,-244.000000,12.131514,7.375186
56.230774,-81.824400,-244.000000,12.231333,7.391661
56.750774,-81.824400,-244.000000,12.191926,7.386070
57.270774,-81.824400,-244.000000,12.463810,7.423114
57.790774,-81.824400,-244.000000,12.038842,7.415802
58.310774,-81.824400,-244.000000,12.451979,7.357834
58.830774,-81.824400,-244.000000,12.073461,7.343591
59.350774,-81.824400,-244.000000,12.122304,7.324662
59.870774,-81.824400,-244.000000,12.076095,7.402674
57.790774,-81.304400,-244.000000,12.167897,7.429132
59.350774,-81.304400,-244.000000,12.129340,7.343466
13.070774,-82.344400,-243.000000,12.139517,6.887361
13.590774,-82.344400,-243.000000,12.234639,7.039598
14.110774,-82.344400,-243.000000,12.161492,7.087644
14.630774,-82.344400,-243.000000,12.410411,7.100942
15.150774,-82.344400,-243.000000,12.420917,7.149557
15.670774,-82.344400,-243.000000,12.234447,7.172860
16.190774,-82.344400,-243.000000,12.236381,7.123104
16.710774,-82.344400,-243.000000,12.401320,7.262829
17.230774,-82.344400,-243.000000,12.251721,7.221390
17.750774,-82.344400,-243.000000,12.178677,7.236140
18.270774,-82.344400,-243.000000,12.477729,7.179342
18.790774,-82.344400,-243.000000,12.226370,7.237829
19.310774,-82.344400,-243.000000,12.416029,7.134354
19.830774,-82.344400,-243.000000,12.328280,7.224786
20.350774,-82.344400,-243.000000,12.014935,7.170480
20.870774,-82.344400,-243.000000,11.944251,7.213759
21.390774,-82.344400,-243.000000,12.007052,7.195822
21.910774,-82.344400,-243.000000,12.335963,7.203076
22.430774,-82.344400,-243.000000,12.390134,7.270619
22.950774,-82.344400,-243.000000,12.169311,7.258184
23.470774,-82.344400,-243.000000,12.187521,7.263969
23.990774,-82.344400,-243.000000,12.059748,7.234927
24.510774,-82.344400,-243.000000,12.349422,7.282141
25.030774,-82.344400,-243.000000,11.960725,7.221211
25.550774,-82.344400,-243.000000,12.402043,7.337834
26.070774,-82.344400,-243.000000,12.244195,7.374049
26.590774,-82.344400,-243.000000,12.140812,7.266176
27.110774,-82.344400,-243.000000,12.249807,7.233776
27.630774,-82.344400,-243.000000,12.181258,7.324435
28.150774,-82.344400,-243.000000,12.128212,7.296464
28.670774,-82.344400,-243.000000,11.944368,7.208141
29.190774,-82.344400,-243.000000,11.966072,7.225642
29.710774,-82.344400,-243.000000,12.132323,7.259129
30.230774,-82.344400,-243.000000,12.255724,7.307503
30.750774,-82.344400,-243.000000,12.285610,7.292649
31.270774,-82.344400,-243.000000,12.168244,7.247718
31.790774,-82.344400,-243.000000,12.082298,7.261597
32.310774,-82.344400,-243.000000,12.097775,7.225571
32.830774,-82.344400,-243.000000,12.145720,7.205082
33.350774,-82.344400,-243.000000,12.120873,7.318116
33.870774,-82.344400,-243.000000,12.152726,7.306787
34.390774,-82.344400,-243.000000,12.418544,7.393300
34.910774,-82.344400,-243.000000,12.238029,7.230633
35.430774,-82.344400,-243.000000,12.100073,7.287720
35.950774,-82.344400,-243.000000,12.145785,7.257790
36.470774,-82.344400,-243.000000,12.227975,7.363147
36.990774,-82.344400,-243.000000,11.989221,7.277322
37.510774,-82.344400,-243.000000,12.129236,7.350600
38.030774,-82.344400,-243.000000,12.204365,7.241903
38.550774,-82.344400,-243.000000,12.029847,7.309873
39.070774,-82.344400,-243.000000,12.106277,7.219095
39.590774,-82.344400,-243.000000,12.105247,7.250018
40.110774,-82.344400,-243.000000,12.179787,7.303829
40.630774,-82.344400,-243.000000,12.378634,7.377635
41.150774,-82.344400,-243.000000,12.064204,7.269742
41.670774,-82.344400,-243.000000,12.054008,7.267064
42.190774,-82.344400,-243.000000,12.131925,7.293169
42.710774,-82.344400,-243.000000,12.143311,7.302649
43.230774,-82.344400,-243.000000,12.308660,7.271897
43.750774,-82.344400,-243.000000,11.917397,7.213461
44.270774,-82.344400,-243.000000,12.256390,7.277207
44.790774,-82.344400,-243.000000,12.213885,7.278152
45.310774,-82.344400,-243.000000,12.045794,7.283020
45.830774,-82.344400,-243.000000,11.984686,7.220824
46.350774,-82.344400,-243.000000,12.010587,7.309738
46.870774,-82.344400,-243.000000,12.242136,7.362214
47.390774,-82.344400,-243.000000,12.091926,7.269595
47.910774,-82.344400,-243.000000,11.983326,7.279167
48.430774,-82.344400,-243.000000,12.057943,7.338901
48.950774,-82.344400,-243.000000,12.231930,7.299005
49.470774,-82.344400,-243.000000,12.051991,7.371877
49.990774,-82.344400,-243.000000,12.257674,7.344623
50.510774,-82.344400,-243.000000,12.277205,7.316606
51.030774,-82.344400,-243.000000,12.096505,7.311747
51.550774,-82.344400,-243.000000,12.052352,7.250089
52.070774,-82.344400,-243.000000,12.054948,7.299303
52.590774,-82.344400,-243.000000,12.103977,7.291740
53.110774,-82.344400,-243.000000,12.462913,7.322621
53.630774,-82.344400,-243.000000,12.319520,7.403761
54.150774,-82.344400,-243.000000,12.020184,7.302493
54.670774,-82.344400,-243.000000,12.041891,7.192228
55.190774,-82.344400,-243.000000,12.067615,7.342917
55.710774,-82.344400,-243.000000,12.182502,7.339731
56.230774,-82.344400,-243.000000,12.213360,7.341628
56.750774,-82.344400,-243.000000,12.141267,7.326558
13.070774,-81.824400,-243.000000,12.230637,6.902249
13.590774,-81.824400,-243.000000,12.222631,7.043999
14.110774,-81.824400,-243.000000,12.077025,7.080455
14.630774,-81.824400,-243.000000,12.377326,7.092952
15.150774,-81.824400,-243.000000,12.454425,7.155851
15.670774,-81.824400,-243.000000,12.249230,7.174335
16.190774,-81.824400,-243.000000,12.178053,7.115677
16.710774,-81.824400,-243.000000,12.441477,7.281205
17.230774,-81.824400,-243.000000,12.197875,7.205310
17.750774,-81.824400,-243.000000,12.183784,7.273792
18.270774,-81.824400,-243.000000,12.439246,7.180224
18.790774,-81.824400,-243.000000,12.272688,7.243705
19.310774,-81.824400,-243.000000,12.387794,7.165819
19.830774,-81.824400,-243.000000,12.296758,7.215879
20.350774,-81.824400,-243.000000,11.986010,7.174299
20.870774,-81.824400,-243.000000,11.931738,7.222452
21.390774,-81.824400,-243.000000,12.065291,7.219068
21.910774,-81.824400,-243.000000,12.314802,7.235670
22.430774,-81.824400,-243.000000,12.397411,7.308115
22.950774,-81.824400,-243.000000,12.135296,7.246903
23.470774,-81.824400,-243.000000,12.210425,7.275946
23.990774,-81.824400,-243.000000,12.051229,7.270798
24.510774,-81.824400,-243.000000,12.291535,7.269235
25.030774,-81.824400,-243.000000,11.972014,7.203573
25.550774,-81.824400,-243.000000,12.356476,7.345071
26.070774,-81.824400,-243.000000,12.301811,7.376013
26.590774,-81.824400,-243.000000,12.083129,7.298570
27.110774,-81.824400,-243.000000,12.270402,7.231984
27.630774,-81.824400,-243.000000,12.217224,7.342011
28.150774,-81.824400,-243.000000,12.099552,7.343254
28.670774,-81.824400,-243.000000,11.900504,7.200072
29.190774,-81.824400,-243.000000,11.948945,7.238976
29.710774,-81.824400,-243.000000,12.098590,7.257810
30.230774,-81.824400,-243.000000,12.193597,7.325538
30.750774,-81.824400,-243.000000,12.280478,7.309041
31.270774,-81.824400,-243.000000,12.144760,7.252476
31.790774,-81.824400,-243.000000,12.030480,7.247594
32.310774,-81.824400,-243.000000,12.080878,7.247264
32.830774,-81.824400,-243.000000,12.106459,7.220838
33.350774,-81.824400,-243.000000,12.164615,7.343544
33.870774,-81.824400,-243.000000,12.136416,7.319845
34.390774,-81.824400,-243.000000,12.335910,7.354386
34.910774,-81.824400,-243.000000,12.249091,7.239810
35.430774,-81.824400,-243.000000,12.112336,7.315165
35.950774,-81.824400,-243.000000,12.169673,7.275036
36.470774,-81.824400,-243.000000,12.236141,7.364990
36.990774,-81.824400,-243.000000,12.001320,7.281787
37.510774,-81.824400,-243.000000,12.109815,7.335766
38.030774,-81.824400,-243.000000,12.175241,7.254901
38.550774,-81.824400,-243.000000,12.071365,7.319174
39.070774,-81.824400,-243.000000,12.091843,7.241122
39.590774,-81.824400,-243.000000,12.156208,7.267934
40.110774,-81.824400,-243.000000,12.161454,7.300949
40.630774,-81.824400,-243.000000,12.359195,7.377730
41.150774,-81.824400,-243.000000,12.049924,7.285944
41.670774,-81.824400,-243.000000,12.033940,7.284326
42.190774,-81.824400,-243.000000,12.179343,7.326634
42.710774,-81.824400,-243.000000,12.119590,7.318818
43.230774,-81.824400,-243.000000,12.205631,7.258567
43.750774,-81.824400,-243.000000,11.947184,7.208828
44.270774,-81.824400,-243.000000,12.198738,7.287516
44.790774,-81.824400,-243.000000,12.293613,7.304769
45.310774,-81.824400,-243.000000,12.016612,7.289032
45.830774,-81.824400,-243.000000,11.882468,7.210525
46.350774,-81.824400,-243.000000,12.036502,7.331849
46.870774,-81.824400,-243.000000,12.104447,7.323365
47.390774,-81.824400,-243.000000,12.113598,7.279214
47.910774,-81.824400,-243.000000,12.044757,7.302772
48.430774,-81.824400,-243.000000,12.037284,7.349831
48.950774,-81.824400,-243.000000,12.272978,7.332150
49.470774,-81.824400,-243.000000,11.901352,7.340898
49.990774,-81.824400,-243.000000,12.342876,7.350260
50.510774,-81.824400,-243.000000,12.207142,7.315909
51.030774,-81.824400,-243.000000,12.117273,7.363450
51.550774,-81.824400,-243.000000,12.015752,7.229435
52.070774,-81.824400,-243.000000,12.059266,7.303529
52.590774,-81.824400,-243.000000,12.043815,7.318597
53.110774,-81.824400,-243.000000,12.499148,7.318595
53.630774,-81.824400,-243.000000,12.275453,7.428520
54.150774,-81.824400,-243.000000,12.018577,7.301131
54.670774,-81.824400,-243.000000,12.079046,7.218233
55.190774,-81.824400,-243.000000,12.028828,7.344460
55.710774,-81.824400,-243.000000,12.184830,7.345335
56.230774,-81.824400,-243.000000,12.250970,7.340874
56.750774,-81.824400,-243.000000,12.165645,7.333041
57.270774,-81.824400,-243.000000,12.424779,7.310473
57.790774,-81.824400,-243.000000,12.162372,7.356948
13.070774,-81.304400,-243.000000,12.260592,6.909963
55.710774,-81.304400,-243.000000,12.221685,7.349342
56.750774,-81.304400,-243.000000,12.134803,7.311727
13.070774,-82.344400,-242.000000,12.027556,6.762853
13.590774,-82.344400,-242.000000,11.975135,6.850286
14.110774,-82.344400,-242.000000,12.118736,6.890806
14.630774,-82.344400,-242.000000,12.140348,6.971677
15.150774,-82.344400,-242.000000,12.101665,6.994653
15.670774,-82.344400,-242.000000,12.166286,6.965596
16.190774,-82.344400,-242.000000,12.228374,7.075046
16.710774,-82.344400,-242.000000,12.203753,6.983702
17.230774,-82.344400,-242.000000,12.054464,7.041761
17.750774,-82.344400,-242.000000,12.044414,7.081820
18.270774,-82.344400,-242.000000,12.021440,7.102400
18.790774,-82.344400,-242.000000,12.156754,7.005272
19.310774,-82.344400,-242.000000,12.007187,7.043928
19.830774,-82.344400,-242.000000,12.002478,7.051314
20.350774,-82.344400,-242.000000,12.086974,7.119209
20.870774,-82.344400,-242.000000,12.136816,7.235312
21.390774,-82.344400,-242.000000,11.907527,7.051730
21.910774,-82.344400,-242.000000,12.139880,7.102919
22.430774,-82.344400,-242.000000,12.083465,7.140465
22.950774,-82.344400,-242.000000,12.157862,7.116800
23.470774,-82.344400,-242.000000,11.930787,7.072488
23.990774,-82.344400,-242.000000,11.966903,7.150732
24.510774,-82.344400,-242.000000,12.187678,7.163529
25.030774,-82.344400,-242.000000,11.904173,7.116127
25.550774,-82.344400,-242.000000,12.400813,7.183712
26.070774,-82.344400,-242.000000,11.897217,7.053592
26.590774,-82.344400,-242.000000,12.126227,7.101460
27.110774,-82.344400,-242.000000,12.133854,7.209868
27.630774,-82.344400,-242.000000,11.945693,7.192220
28.150774,-82.344400,-242.000000,12.133193,7.182648
28.670774,-82.344400,-242.000000,12.103992,7.144521
29.190774,-82.344400,-242.000000,12.152135,7.116957
29.710774,-82.344400,-242.000000,12.188537,7.193617
30.230774,-82.344400,-242.000000,12.023242,7.191603
30.750774,-82.344400,-242.000000,12.174991,7.236213
31.270774,-82.344400,-242.000000,12.191176,7.134591
31.790774,-82.344400,-242.000000,12.403457,7.250788
32.310774,-82.344400,-242.000000,12.219419,7.172217
32.830774,-82.344400,-242.000000,11.895612,7.159394
33.350774,-82.344400,-242.000000,12.194121,7.223660
33.870774,-82.344400,-242.000000,11.873856,7.107685
34.390774,-82.344400,-242.000000,12.120458,7.232973
34.910774,-82.344400,-242.000000,12.037719,7.111791
35.430774,-82.344400,-242.000000,12.150336,7.201691
35.950774,-82.344400,-242.000000,12.113308,7.145511
36.470774,-82.344400,-242.000000,12.123415,7.124096
36.990774,-82.344400,-242.000000,12.203220,7.187382
37.510774,-82.344400,-242.000000,12.227155,7.260645
38.030774,-82.344400,-242.000000,12.129687,7.223294
38.550774,-82.344400,-242.000000,12.092841,7.167839
39.070774,-82.344400,-242.000000,12.065879,7.161079
39.590774,-82.344400,-242.000000,11.980151,7.243138
40.110774,-82.344400,-242.000000,12.181372,7.205444
40.630774,-82.344400,-242.000000,12.031430,7.159636
41.150774,-82.344400,-242.000000,12.198340,7.163004
41.670774,-82.344400,-242.000000,11.990766,7.261889
42.190774,-82.344400,-242.000000,11.969087,7.169500
42.710774,-82.344400,-242.000000,11.976672,7.152678
43.230774,-82.344400,-242.000000,12.106908,7.226754
43.750774,-82.344400,-242.000000,12.093122,7.256438
44.270774,-82.344400,-242.000000,12.233282,7.232030
44.790774,-82.344400,-242.000000,12.285441,7.183541
45.310774,-82.344400,-242.000000,12.209754,7.149257
45.830774,-82.344400,-242.000000,12.033743,7.239941
46.350774,-82.344400,-242.000000,11.980851,7.135253
46.870774,-82.344400,-242.000000,11.979752,7.144405
47.390774,-82.344400,-242.000000,11.855984,7.135509
47.910774,-82.344400,-242.000000,12.346225,7.229630
48.430774,-82.344400,-242.000000,11.995816,7.252554
48.950774,-82.344400,-242.000000,12.210406,7.282424
49.470774,-82.344400,-242.000000,12.022043,7.181260
49.990774,-82.344400,-242.000000,11.806340,7.111613
50.510774,-82.344400,-242.000000,11.699909,7.178015
51.030774,-82.344400,-242.000000,12.050181,7.123082
51.550774,-82.344400,-242.000000,11.924182,7.154508
52.070774,-82.344400,-242.000000,11.867026,7.178998
52.590774,-82.344400,-242.000000,11.803374,7.149602
53.110774,-82.344400,-242.000000,11.738122,7.093081
53.630774,-82.344400,-242.000000,12.242934,7.260049
54.150774,-82.344400,-242.000000,12.142062,7.316041
54.670774,-82.344400,-242.000000,12.256195,7.172750
13.070774,-81.824400,-242.000000,12.036801,6.776660
13.590774,-81.824400,-242.000000,11.986691,6.881351
14.110774,-81.824400,-242.000000,12.089921,6.889565
14.630774,-81.824400,-242.000000,12.087505,6.981531
15.150774,-81.824400,-242.000000,12.101918,6.990414
15.670774,-81.824400,-242.000000,12.173009,6.979281
16.190774,-81.824400,-242.000000,12.226708,7.104604
16.710774,-81.824400,-242.000000,12.153358,7.024572
17.230774,-81.824400,-242.000000,12.082890,7.055078
17.750774,-81.824400,-242.000000,12.110248,7.133679
18.270774,-81.824400,-242.000000,12.075054,7.114013
18.790774,-81.824400,-242.000000,12.099044,7.000763
19.310774,-81.824400,-242.000000,12.019951,7.057764
19.830774,-81.824400,-242.000000,12.040102,7.084602
20.350774,-81.824400,-242.000000,12.064145,7.116722
20.870774,-81.824400,-242.000000,12.111621,7.226145
21.390774,-81.824400,-242.000000,11.880157,7.082187
21.910774,-81.824400,-242.000000,12.115969,7.120142
22.430774,-81.824400,-242.000000,12.098969,7.158562
22.950774,-81.824400,-242.000000,12.134277,7.124152
23.470774,-81.824400,-242.000000,11.919513,7.097289
23.990774,-81.824400,-242.000000,12.005186,7.186066
24.510774,-81.824400,-242.000000,12.129854,7.165260
25.030774,-81.824400,-242.000000,11.901040,7.122746
25.550774,-81.824400,-242.000000,12.358275,7.189396
26.070774,-81.824400,-242.000000,11.915854,7.075317
26.590774,-81.824400,-242.000000,12.060612,7.128219
27.110774,-81.824400,-242.000000,12.111844,7.228033
27.630774,-81.824400,-242.000000,11.944673,7.206982
28.150774,-81.824400,-242.000000,12.172946,7.201907
28.670774,-81.824400,-242.000000,12.111537,7.170982
29.190774,-81.824400,-242.000000,12.141612,7.151315
29.710774,-81.824400,-242.000000,12.149027,7.197935
30.230774,-81.824400,-242.000000,11.970130,7.193340
30.750774,-81.824400,-242.000000,12.267777,7.236555
31.270774,-81.824400,-242.000000,12.206819,7.179354
31.790774,-81.824400,-242.000000,12.429733,7.289675
32.310774,-81.824400,-242.000000,12.233757,7.186591
32.830774,-81.824400,-242.000000,11.873454,7.169801
33.350774,-81.824400,-242.000000,12.099879,7.227871
33.870774,-81.824400,-242.000000,11.963792,7.141564
34.390774,-81.824400,-242.000000,12.200506,7.233299
34.910774,-81.824400,-242.000000,11.956275,7.138488
35.430774,-81.824400,-242.000000,12.183555,7.202888
35.950774,-81.824400,-242.000000,12.050710,7.132047
36.470774,-81.824400,-242.000000,12.196457,7.156887
36.990774,-81.824400,-242.000000,12.176208,7.228144
37.510774,-81.824400,-242.000000,12.232634,7.285263
38.030774,-81.824400,-242.000000,12.159294,7.239083
38.550774,-81.824400,-242.000000,12.048939,7.170121
39.070774,-81.824400,-242.000000,12.070637,7.194309
39.590774,-81.824400,-242.000000,11.946169,7.246202
40.110774,-81.824400,-242.000000,12.119991,7.201792
40.630774,-81.824400,-242.000000,12.093558,7.199895
41.150774,-81.824400,-242.000000,12.157332,7.162405
41.670774,-81.824400,-242.000000,11.963202,7.262421
42.190774,-81.824400,-242.000000,12.010074,7.197244
42.710774,-81.824400,-242.000000,11.995605,7.170924
43.230774,-81.824400,-242.000000,12.094569,7.261940
43.750774,-81.824400,-242.000000,12.100438,7.275458
44.270774,-81.824400,-242.000000,12.210819,7.246532
44.790774,-81.824400,-242.000000,12.234855,7.169509
45.310774,-81.824400,-242.000000,12.240825,7.185842
45.830774,-81.824400,-242.000000,12.095734,7.242923
46.350774,-81.824400,-242.000000,11.925480,7.126150
46.870774,-81.824400,-242.000000,12.009338,7.169114
47.390774,-81.824400,-242.000000,11.899505,7.157687
47.910774,-81.824400,-242.000000,12.305626,7.267931
48.430774,-81.824400,-242.000000,12.032928,7.258483
48.950774,-81.824400,-242.000000,12.184558,7.292934
49.470774,-81.824400,-242.000000,12.035742,7.210354
49.990774,-81.824400,-242.000000,11.822875,7.138724
50.510774,-81.824400,-242.000000,11.733101,7.191069
51.030774,-81.824400,-242.000000,12.018649,7.121655
51.550774,-81.824400,-242.000000,11.946891,7.184966
52.070774,-81.824400,-242.000000,11.875911,7.198350
52.590774,-81.824400,-242.000000,11.922258,7.187543
53.110774,-81.824400,-242.000000,11.663893,7.105202
53.630774,-81.824400,-242.000000,12.276568,7.306006
54.150774,-81.824400,-242.000000,12.097566,7.287675
54.670774,-81.824400,-242.000000,12.167171,7.178229
55.190774,-81.824400,-242.000000,12.148848,7.168486
13.070774,-81.304400,-242.000000,11.996103,6.820331
13.590774,-81.304400,-242.000000,12.091300,6.913997
14.110774,-81.304400,-242.000000,12.091041,6.892367
14.630774,-81.304400,-242.000000,12.055450,6.983292
16.710774,-81.304400,-242.000000,12.152218,7.041964
26.070774,-81.304400,-242.000000,11.969254,7.112646
26.590774,-81.304400,-242.000000,11.964624,7.116745
27.110774,-81.304400,-242.000000,12.131108,7.240218
27.630774,-81.304400,-242.000000,11.897328,7.224009
28.150774,-81.304400,-242.000000,12.101667,7.175951
28.670774,-81.304400,-242.000000,12.182557,7.188271
29.710774,-81.304400,-242.000000,12.050720,7.181574
30.230774,-81.304400,-242.000000,11.974406,7.198924
30.750774,-81.304400,-242.000000,12.239402,7.231766
33.350774,-81.304400,-242.000000,12.012601,7.238648
53.110774,-81.304400,-242.000000,11.626388,7.128549
54.670774,-81.304400,-242.000000,12.176721,7.183541
42.190774,-82.344400,-241.000000,11.730964,6.917746
42.710774,-82.344400,-241.000000,11.741591,7.001402
43.230774,-82.344400,-241.000000,11.741824,6.987007
43.750774,-82.344400,-241.000000,11.821319,6.952151
44.270774,-82.344400,-241.000000,11.984006,6.928264
44.790774,-82.344400,-241.000000,11.715067,6.945902
45.310774,-82.344400,-241.000000,11.617584,6.890298
45.830774,-82.344400,-241.000000,11.677292,6.913608
46.350774,-82.344400,-241.000000,11.760833,6.962801
46.870774,-82.344400,-241.000000,11.827246,7.019228
47.390774,-82.344400,-241.000000,11.887594,6.954965
47.910774,-82.344400,-241.000000,12.014703,6.997201
48.430774,-82.344400,-241.000000,11.780770,6.898641
48.950774,-82.344400,-241.000000,11.861648,6.875694
49.470774,-82.344400,-241.000000,11.799042,7.036871
49.990774,-82.344400,-241.000000,11.873818,7.097671
50.510774,-82.344400,-241.000000,11.717199,6.933586
51.030774,-82.344400,-241.000000,11.736951,6.864189
51.550774,-82.344400,-241.000000,11.742374,6.913695
52.070774,-82.344400,-241.000000,11.739702,6.933621
33.870774,-81.824400,-241.000000,12.064036,6.957991
34.390774,-81.824400,-241.000000,11.812842,6.982217
34.910774,-81.824400,-241.000000,11.878090,6.994365
35.430774,-81.824400,-241.000000,12.051004,6.896997
35.950774,-81.824400,-241.000000,11.792580,6.959207
36.470774,-81.824400,-241.000000,11.773514,6.894742
36.990774,-81.824400,-241.000000,11.640573,6.936571
37.510774,-81.824400,-241.000000,12.021108,6.928348
38.030774,-81.824400,-241.000000,11.952874,7.006940
38.550774,-81.824400,-241.000000,11.931994,6.991670
39.070774,-81.824400,-241.000000,11.729955,6.971308
39.590774,-81.824400,-241.000000,11.670421,7.006269
40.110774,-81.824400,-241.000000,11.934206,6.994043
40.630774,-81.824400,-241.000000,11.903319,7.004101
41.150774,-81.824400,-241.000000,11.791495,6.939422
41.670774,-81.824400,-241.000000,11.975879,7.010958
42.190774,-81.824400,-241.000000,11.722032,6.922568
42.710774,-81.824400,-241.000000,11.786258,6.993195
43.230774,-81.824400,-241.000000,11.799397,6.991229
43.750774,-81.824400,-241.000000,11.765034,6.957287
44.270774,-81.824400,-241.000000,12.001164,6.968504
44.790774,-81.824400,-241.000000,11.703040,6.942585
45.310774,-81.824400,-241.000000,11.636324,6.941645
45.830774,-81.824400,-241.000000,11.674518,6.890340
46.350774,-81.824400,-241.000000,11.741822,6.977951
46.870774,-81.824400,-241.000000,11.800460,7.038344
47.390774,-81.824400,-241.000000,11.819034,6.958771
47.910774,-81.824400,-241.000000,11.956842,7.019384
48.430774,-81.824400,-241.000000,11.762845,6.896389
48.950774,-81.824400,-241.000000,11.823979,6.898724
49.470774,-81.824400,-241.000000,11.761715,7.053591
49.990774,-81.824400,-241.000000,11.878334,7.122585
50.510774,-81.824400,-241.000000,11.676558,6.945930
51.030774,-81.824400,-241.000000,11.761877,6.897058
51.550774,-81.824400,-241.000000,11.738055,6.929344
52.070774,-81.824400,-241.000000,11.752528,6.954852
52.590774,-81.824400,-241.000000,11.863650,6.969391
53.110774,-81.824400,-241.000000,11.814882,6.990357
42.710774,-81.304400,-241.000000,11.821770,7.018828
43.230774,-81.304400,-241.000000,11.800743,6.999908
43.750774,-81.304400,-241.000000,11.798129,6.986948
44.270774,-81.304400,-241.000000,11.961044,6.961038
44.790774,-81.304400,-241.000000,11.721820,6.969618
45.310774,-81.304400,-241.000000,11.571525,6.940199
46.350774,-81.304400,-241.000000,11.796323,7.017323
46.870774,-81.304400,-241.000000,11.760939,7.023030
47.390774,-81.304400,-241.000000,11.765174,6.983233
47.910774,-81.304400,-241.000000,11.951092,7.018262
52.070774,-81.304400,-241.000000,11.841621,6.985726
