x_mm,y_mm,z_mm,LET_keV_per_um,Physical_dose
13.590774,-82.344400,-284.000000,12.185187,4.355431
14.110774,-82.344400,-284.000000,11.997222,4.322456
14.630774,-82.344400,-284.000000,12.124308,4.353301
15.150774,-82.344400,-284.000000,12.158007,4.360589
15.670774,-82.344400,-284.000000,12.131943,4.392796
16.190774,-82.344400,-284.000000,12.135810,4.416340
16.710774,-82.344400,-284.000000,12.030191,4.412600
17.230774,-82.344400,-284.000000,11.982795,4.381611
17.750774,-82.344400,-284.000000,12.171473,4.455289
18.270774,-82.344400,-284.000000,12.042747,4.435294
18.790774,-82.344400,-284.000000,12.243132,4.432902
19.310774,-82.344400,-284.000000,11.869803,4.358735
19.830774,-82.344400,-284.000000,11.986244,4.451637
20.350774,-82.344400,-284.000000,12.207503,4.501039
20.870774,-82.344400,-284.000000,11.838537,4.467002
21.390774,-82.344400,-284.000000,11.956685,4.499874
21.910774,-82.344400,-284.000000,11.986460,4.509078
22.430774,-82.344400,-284.000000,12.220063,4.543430
22.950774,-82.344400,-284.000000,12.189430,4.475446
23.470774,-82.344400,-284.000000,12.186145,4.487947
23.990774,-82.344400,-284.000000,12.029719,4.437648
24.510774,-82.344400,-284.000000,12.084043,4.498066
25.030774,-82.344400,-284.000000,11.980788,4.520409
25.550774,-82.344400,-284.000000,12.170397,4.505654
26.070774,-82.344400,-284.000000,12.014971,4.494813
26.590774,-82.344400,-284.000000,12.183331,4.503924
27.110774,-82.344400,-284.000000,11.976008,4.501956
27.630774,-82.344400,-284.000000,12.251009,4.512418
28.150774,-82.344400,-284.000000,12.181025,4.490525
28.670774,-82.344400,-284.000000,12.258635,4.505795
29.190774,-82.344400,-284.000000,11.871553,4.483836
29.710774,-82.344400,-284.000000,12.051006,4.505082
30.230774,-82.344400,-284.000000,11.938340,4.532223
30.750774,-82.344400,-284.000000,11.747795,4.520030
31.270774,-82.344400,-284.000000,12.127705,4.529649
31.790774,-82.344400,-284.000000,12.198805,4.521536
32.310774,-82.344400,-284.000000,11.973378,4.469047
32.830774,-82.344400,-284.000000,12.162620,4.440598
33.350774,-82.344400,-284.000000,12.054523,4.513991
33.870774,-82.344400,-284.000000,12.057554,4.488237
34.390774,-82.344400,-284.000000,11.941960,4.512247
34.910774,-82.344400,-284.000000,12.121428,4.519092
35.430774,-82.344400,-284.000000,12.048162,4.540035
35.950774,-82.344400,-284.000000,12.108665,4.505737
36.470774,-82.344400,-284.000000,12.224314,4.474666
36.990774,-82.344400,-284.000000,12.054713,4.527064
37.510774,-82.344400,-284.000000,12.002972,4.501084
38.030774,-82.344400,-284.000000,12.074375,4.492618
38.550774,-82.344400,-284.000000,11.978603,4.484097
39.070774,-82.344400,-284.000000,12.059380,4.484045
39.590774,-82.344400,-284.000000,11.833508,4.438981
40.110774,-82.344400,-284.000000,11.952042,4.539327
40.630774,-82.344400,-284.000000,11.988605,4.520622
41.150774,-82.344400,-284.000000,12.055820,4.506295
41.670774,-82.344400,-284.000000,12.106494,4.527942
42.190774,-82.344400,-284.000000,12.044600,4.501066
42.710774,-82.344400,-284.000000,12.123311,4.526419
43.230774,-82.344400,-284.000000,12.114511,4.484792
43.750774,-82.344400,-284.000000,12.019571,4.520470
44.270774,-82.344400,-284.000000,12.284932,4.486211
44.790774,-82.344400,-284.000000,12.126624,4.564064
45.310774,-82.344400,-284.000000,11.838634,4.470893
45.830774,-82.344400,-284.000000,12.043907,4.506769
46.350774,-82.344400,-284.000000,11.992919,4.522451
46.870774,-82.344400,-284.000000,12.104469,4.484218
47.390774,-82.344400,-284.000000,11.987988,4.504974
47.910774,-82.344400,-284.000000,12.102939,4.540978
48.430774,-82.344400,-284.000000,11.921678,4.499908
48.950774,-82.344400,-284.000000,11.997891,4.523365
49.470774,-82.344400,-284.000000,12.193325,4.520744
49.990774,-82.344400,-284.000000,12.135327,4.535022
50.510774,-82.344400,-284.000000,12.036923,4.469819
51.030774,-82.344400,-284.000000,12.010633,4.506035
13.070774,-81.824400,-284.000000,12.188700,4.327041
13.590774,-81.824400,-284.000000,12.183435,4.357555
14.110774,-81.824400,-284.000000,11.948677,4.334210
14.630774,-81.824400,-284.000000,12.112133,4.365724
15.150774,-81.824400,-284.000000,12.168513,4.369800
15.670774,-81.824400,-284.000000,12.036147,4.415494
16.190774,-81.824400,-284.000000,12.091340,4.425508
16.710774,-81.824400,-284.000000,12.050412,4.411140
17.230774,-81.824400,-284.000000,12.028380,4.403175
17.750774,-81.824400,-284.000000,12.217443,4.462096
18.270774,-81.824400,-284.000000,12.022799,4.442384
18.790774,-81.824400,-284.000000,12.241618,4.449428
19.310774,-81.824400,-284.000000,11.904174,4.377738
19.830774,-81.824400,-284.000000,11.959127,4.447916
20.350774,-81.824400,-284.000000,12.181751,4.525409
20.870774,-81.824400,-284.000000,11.911103,4.469367
21.390774,-81.824400,-284.000000,11.833783,4.502069
21.910774,-81.824400,-284.000000,12.037028,4.529274
22.430774,-81.824400,-284.000000,12.260032,4.558424
22.950774,-81.824400,-284.000000,12.228750,4.488183
23.470774,-81.824400,-284.000000,12.117484,4.508189
23.990774,-81.824400,-284.000000,12.027699,4.441394
24.510774,-81.824400,-284.000000,12.047168,4.509584
25.030774,-81.824400,-284.000000,11.984467,4.551130
25.550774,-81.824400,-284.000000,12.119208,4.498528
26.070774,-81.824400,-284.000000,12.019921,4.498787
26.590774,-81.824400,-284.000000,12.144897,4.526882
27.110774,-81.824400,-284.000000,11.979118,4.504538
27.630774,-81.824400,-284.000000,12.192630,4.518075
28.150774,-81.824400,-284.000000,12.165009,4.494933
28.670774,-81.824400,-284.000000,12.265685,4.532703
29.190774,-81.824400,-284.000000,11.878573,4.487895
29.710774,-81.824400,-284.000000,12.022021,4.511555
30.230774,-81.824400,-284.000000,11.917438,4.544009
30.750774,-81.824400,-284.000000,11.733509,4.507506
31.270774,-81.824400,-284.000000,12.093251,4.523571
31.790774,-81.824400,-284.000000,12.191321,4.516127
32.310774,-81.824400,-284.000000,11.995872,4.470401
32.830774,-81.824400,-284.000000,12.100405,4.443416
33.350774,-81.824400,-284.000000,12.044440,4.542303
33.870774,-81.824400,-284.000000,12.063899,4.476322
34.390774,-81.824400,-284.000000,11.910515,4.521559
34.910774,-81.824400,-284.000000,12.090316,4.540058
35.430774,-81.824400,-284.000000,12.016565,4.551630
35.950774,-81.824400,-284.000000,12.024283,4.507349
36.470774,-81.824400,-284.000000,12.227557,4.484709
36.990774,-81.824400,-284.000000,12.146335,4.540165
37.510774,-81.824400,-284.000000,11.970184,4.486588
38.030774,-81.824400,-284.000000,12.079719,4.519572
38.550774,-81.824400,-284.000000,11.970181,4.498446
39.070774,-81.824400,-284.000000,12.083769,4.494493
39.590774,-81.824400,-284.000000,11.846736,4.442531
40.110774,-81.824400,-284.000000,11.982855,4.549108
40.630774,-81.824400,-284.000000,11.958616,4.517254
41.150774,-81.824400,-284.000000,11.992293,4.520042
41.670774,-81.824400,-284.000000,12.139248,4.548486
42.190774,-81.824400,-284.000000,11.975387,4.523249
42.710774,-81.824400,-284.000000,12.166413,4.523650
43.230774,-81.824400,-284.000000,12.112710,4.503695
43.750774,-81.824400,-284.000000,11.961305,4.509048
44.270774,-81.824400,-284.000000,12.357475,4.522618
44.790774,-81.824400,-284.000000,12.081085,4.566040
45.310774,-81.824400,-284.000000,11.894143,4.492341
45.830774,-81.824400,-284.000000,11.986850,4.518841
46.350774,-81.824400,-284.000000,12.049188,4.536129
46.870774,-81.824400,-284.000000,12.098157,4.480299
47.390774,-81.824400,-284.000000,12.038070,4.538005
47.910774,-81.824400,-284.000000,12.019011,4.541515
48.430774,-81.824400,-284.000000,11.913797,4.505782
48.950774,-81.824400,-284.000000,11.981457,4.522039
49.470774,-81.824400,-284.000000,12.163298,4.532859
49.990774,-81.824400,-284.000000,12.076086,4.556816
50.510774,-81.824400,-284.000000,11.936299,4.474447
51.030774,-81.824400,-284.000000,11.989847,4.517580
51.550774,-81.824400,-284.000000,12.184473,4.498411
52.070774,-81.824400,-284.000000,11.983146,4.528687
52.590774,-81.824400,-284.000000,11.987249,4.531444
53.110774,-81.824400,-284.000000,12.148895,4.551564
53.630774,-81.824400,-284.000000,11.970048,4.527170
54.150774,-81.824400,-284.000000,11.881145,4.495766
14.630774,-81.304400,-284.000000,12.006877,4.381932
15.150774,-81.304400,-284.000000,12.203219,4.381763
15.670774,-81.304400,-284.000000,12.000795,4.428193
16.190774,-81.304400,-284.000000,12.060908,4.423202
16.710774,-81.304400,-284.000000,12.029516,4.414859
17.230774,-81.304400,-284.000000,12.039320,4.416750
17.750774,-81.304400,-284.000000,12.286517,4.490558
18.270774,-81.304400,-284.000000,12.003846,4.451159
18.790774,-81.304400,-284.000000,12.243303,4.483073
19.310774,-81.304400,-284.000000,11.939692,4.376196
42.710774,-81.304400,-284.000000,12.165864,4.531940
43.230774,-81.304400,-284.000000,12.104323,4.528426
43.750774,-81.304400,-284.000000,11.853993,4.499281
44.270774,-81.304400,-284.000000,12.407576,4.546060
44.790774,-81.304400,-284.000000,12.016458,4.559760
45.310774,-81.304400,-284.000000,11.978559,4.502993
45.830774,-81.304400,-284.000000,11.924010,4.536482
46.350774,-81.304400,-284.000000,12.091586,4.529855
46.870774,-81.304400,-284.000000,12.111305,4.498199
47.390774,-81.304400,-284.000000,12.079782,4.548768
47.910774,-81.304400,-284.000000,12.043666,4.562577
48.430774,-81.304400,-284.000000,11.930439,4.510904
48.950774,-81.304400,-284.000000,11.889584,4.529566
13.590774,-82.344400,-283.000000,12.199218,4.416002
14.110774,-82.344400,-283.000000,12.128709,4.438436
14.630774,-82.344400,-283.000000,12.371360,4.466623
15.150774,-82.344400,-283.000000,11.957732,4.437037
15.670774,-82.344400,-283.000000,12.295388,4.449977
16.190774,-82.344400,-283.000000,12.280624,4.470967
16.710774,-82.344400,-283.000000,12.186748,4.456604
17.230774,-82.344400,-283.000000,12.109192,4.540282
17.750774,-82.344400,-283.000000,12.215734,4.509874
18.270774,-82.344400,-283.000000,11.963587,4.511798
18.790774,-82.344400,-283.000000,12.271453,4.544580
19.310774,-82.344400,-283.000000,12.217514,4.507672
19.830774,-82.344400,-283.000000,12.022455,4.566981
20.350774,-82.344400,-283.000000,12.252824,4.565604
20.870774,-82.344400,-283.000000,12.376462,4.590911
21.390774,-82.344400,-283.000000,12.165718,4.587433
21.910774,-82.344400,-283.000000,12.171210,4.543325
22.430774,-82.344400,-283.000000,12.262423,4.552051
22.950774,-82.344400,-283.000000,12.036660,4.538970
23.470774,-82.344400,-283.000000,12.286990,4.570154
23.990774,-82.344400,-283.000000,12.195361,4.584002
24.510774,-82.344400,-283.000000,12.260815,4.582684
25.030774,-82.344400,-283.000000,12.069601,4.578238
25.550774,-82.344400,-283.000000,12.251035,4.595598
26.070774,-82.344400,-283.000000,12.053950,4.528821
26.590774,-82.344400,-283.000000,12.183610,4.577883
27.110774,-82.344400,-283.000000,12.188040,4.544150
27.630774,-82.344400,-283.000000,12.153996,4.563263
28.150774,-82.344400,-283.000000,12.113735,4.551283
28.670774,-82.344400,-283.000000,12.318336,4.595387
29.190774,-82.344400,-283.000000,12.152438,4.579354
29.710774,-82.344400,-283.000000,12.108192,4.556421
30.230774,-82.344400,-283.000000,12.174066,4.559226
30.750774,-82.344400,-283.000000,12.141179,4.541145
31.270774,-82.344400,-283.000000,12.110190,4.506100
31.790774,-82.344400,-283.000000,12.015932,4.558386
32.310774,-82.344400,-283.000000,12.292720,4.562814
32.830774,-82.344400,-283.000000,12.303748,4.592974
33.350774,-82.344400,-283.000000,12.143111,4.594635
33.870774,-82.344400,-283.000000,12.317039,4.556016
34.390774,-82.344400,-283.000000,12.115499,4.595253
34.910774,-82.344400,-283.000000,12.340308,4.584767
35.430774,-82.344400,-283.000000,12.297980,4.649169
35.950774,-82.344400,-283.000000,11.958775,4.615314
36.470774,-82.344400,-283.000000,11.953158,4.565809
36.990774,-82.344400,-283.000000,12.058167,4.612977
37.510774,-82.344400,-283.000000,12.248998,4.580704
38.030774,-82.344400,-283.000000,12.078188,4.598667
38.550774,-82.344400,-283.000000,12.215994,4.613662
39.070774,-82.344400,-283.000000,12.109838,4.587704
39.590774,-82.344400,-283.000000,11.836903,4.532719
40.110774,-82.344400,-283.000000,12.268878,4.587187
40.630774,-82.344400,-283.000000,12.216833,4.601591
41.150774,-82.344400,-283.000000,12.228194,4.574305
41.670774,-82.344400,-283.000000,12.141442,4.613049
42.190774,-82.344400,-283.000000,12.247789,4.601994
42.710774,-82.344400,-283.000000,11.912187,4.604391
43.230774,-82.344400,-283.000000,12.471747,4.588642
43.750774,-82.344400,-283.000000,12.050079,4.592507
44.270774,-82.344400,-283.000000,12.242695,4.617107
44.790774,-82.344400,-283.000000,12.099555,4.591530
45.310774,-82.344400,-283.000000,12.245878,4.593803
45.830774,-82.344400,-283.000000,12.160747,4.573790
46.350774,-82.344400,-283.000000,12.371583,4.627301
46.870774,-82.344400,-283.000000,12.174552,4.573211
47.390774,-82.344400,-283.000000,12.050326,4.616811
47.910774,-82.344400,-283.000000,11.840564,4.536646
48.430774,-82.344400,-283.000000,12.082401,4.591094
48.950774,-82.344400,-283.000000,12.217950,4.664529
49.470774,-82.344400,-283.000000,12.322137,4.651647
49.990774,-82.344400,-283.000000,12.506817,4.629211
50.510774,-82.344400,-283.000000,12.094384,4.562996
51.030774,-82.344400,-283.000000,12.170500,4.653592
51.550774,-82.344400,-283.000000,12.236530,4.551827
52.070774,-82.344400,-283.000000,12.099700,4.580395
52.590774,-82.344400,-283.000000,12.268332,4.640997
53.110774,-82.344400,-283.000000,12.263918,4.518543
53.630774,-82.344400,-283.000000,12.281154,4.589618
54.150774,-82.344400,-283.000000,12.145964,4.581641
54.670774,-82.344400,-283.000000,12.133976,4.634334
55.190774,-82.344400,-283.000000,11.983557,4.589595
55.710774,-82.344400,-283.000000,12.005146,4.565914
13.070774,-81.824400,-283.000000,12.415275,4.363557
13.590774,-81.824400,-283.000000,12.183242,4.415586
14.110774,-81.824400,-283.000000,12.118892,4.446739
14.630774,-81.824400,-283.000000,12.360153,4.482986
15.150774,-81.824400,-283.000000,12.007235,4.450351
15.670774,-81.824400,-283.000000,12.277789,4.439248
16.190774,-81.824400,-283.000000,12.216063,4.482105
16.710774,-81.824400,-283.000000,12.190821,4.479835
17.230774,-81.824400,-283.000000,12.104144,4.533120
17.750774,-81.824400,-283.000000,12.203599,4.516795
18.270774,-81.824400,-283.000000,11.918696,4.507092
18.790774,-81.824400,-283.000000,12.285953,4.556011
19.310774,-81.824400,-283.000000,12.184425,4.502876
19.830774,-81.824400,-283.000000,12.002535,4.571000
20.350774,-81.824400,-283.000000,12.295608,4.563499
20.870774,-81.824400,-283.000000,12.366897,4.597448
21.390774,-81.824400,-283.000000,12.195472,4.599584
21.910774,-81.824400,-283.000000,12.115732,4.533346
22.430774,-81.824400,-283.000000,12.218417,4.556469
22.950774,-81.824400,-283.000000,12.050849,4.560733
23.470774,-81.824400,-283.000000,12.209092,4.569962
23.990774,-81.824400,-283.000000,12.280451,4.587080
24.510774,-81.824400,-283.000000,12.256763,4.592287
25.030774,-81.824400,-283.000000,12.021073,4.557533
25.550774,-81.824400,-283.000000,12.213248,4.601157
26.070774,-81.824400,-283.000000,12.105294,4.536005
26.590774,-81.824400,-283.000000,12.173919,4.575989
27.110774,-81.824400,-283.000000,12.199903,4.567249
27.630774,-81.824400,-283.000000,12.119824,4.576117
28.150774,-81.824400,-283.000000,12.095296,4.569768
28.670774,-81.824400,-283.000000,12.321536,4.613192
29.190774,-81.824400,-283.000000,12.134735,4.596747
29.710774,-81.824400,-283.000000,12.114058,4.563991
30.230774,-81.824400,-283.000000,12.154669,4.558078
30.750774,-81.824400,-283.000000,12.164514,4.563546
31.270774,-81.824400,-283.000000,12.070910,4.516881
31.790774,-81.824400,-283.000000,12.073550,4.575421
32.310774,-81.824400,-283.000000,12.323294,4.560317
32.830774,-81.824400,-283.000000,12.311081,4.598448
33.350774,-81.824400,-283.000000,12.167442,4.592319
33.870774,-81.824400,-283.000000,12.296123,4.563321
34.390774,-81.824400,-283.000000,12.181707,4.610159
34.910774,-81.824400,-283.000000,12.411395,4.595558
35.430774,-81.824400,-283.000000,12.246984,4.629931
35.950774,-81.824400,-283.000000,11.987571,4.635120
36.470774,-81.824400,-283.000000,11.957713,4.572931
36.990774,-81.824400,-283.000000,12.099029,4.615613
37.510774,-81.824400,-283.000000,12.188566,4.588381
38.030774,-81.824400,-283.000000,12.061908,4.605208
38.550774,-81.824400,-283.000000,12.191004,4.613070
39.070774,-81.824400,-283.000000,12.113566,4.583536
39.590774,-81.824400,-283.000000,11.860768,4.551506
40.110774,-81.824400,-283.000000,12.161372,4.580956
40.630774,-81.824400,-283.000000,12.175764,4.606037
41.150774,-81.824400,-283.000000,12.240714,4.566403
41.670774,-81.824400,-283.000000,12.197482,4.608702
42.190774,-81.824400,-283.000000,12.227611,4.611472
42.710774,-81.824400,-283.000000,11.904441,4.611134
43.230774,-81.824400,-283.000000,12.446970,4.593541
43.750774,-81.824400,-283.000000,12.059970,4.587949
44.270774,-81.824400,-283.000000,12.115323,4.627333
44.790774,-81.824400,-283.000000,12.074394,4.600163
45.310774,-81.824400,-283.000000,12.326159,4.626104
45.830774,-81.824400,-283.000000,12.132840,4.568889
46.350774,-81.824400,-283.000000,12.199233,4.614707
46.870774,-81.824400,-283.000000,12.276084,4.608716
47.390774,-81.824400,-283.000000,12.026157,4.594182
47.910774,-81.824400,-283.000000,11.866014,4.542004
48.430774,-81.824400,-283.000000,12.058358,4.607835
48.950774,-81.824400,-283.000000,12.207030,4.665977
49.470774,-81.824400,-283.000000,12.293517,4.651115
49.990774,-81.824400,-283.000000,12.470846,4.609841
50.510774,-81.824400,-283.000000,12.112850,4.566999
51.030774,-81.824400,-283.000000,12.179836,4.672069
51.550774,-81.824400,-283.000000,12.242323,4.553672
52.070774,-81.824400,-283.000000,12.122244,4.595657
52.590774,-81.824400,-283.000000,12.245044,4.622093
53.110774,-81.824400,-283.000000,12.241934,4.519646
53.630774,-81.824400,-283.000000,12.384849,4.582176
54.150774,-81.824400,-283.000000,12.215110,4.600679
54.670774,-81.824400,-283.000000,12.121140,4.646872
55.190774,-81.824400,-283.000000,11.977866,4.581215
55.710774,-81.824400,-283.000000,12.056004,4.560160
56.230774,-81.824400,-283.000000,12.282474,4.597288
13.590774,-81.304400,-283.000000,12.168494,4.413196
55.710774,-81.304400,-283.000000,12.026748,4.560061
13.590774,-82.344400,-282.000000,12.313546,4.487124
14.110774,-82.344400,-282.000000,12.092669,4.419228
14.630774,-82.344400,-282.000000,12.361191,4.523032
15.150774,-82.344400,-282.000000,12.264846,4.466165
15.670774,-82.344400,-282.000000,12.156603,4.479702
16.190774,-82.344400,-282.000000,12.467166,4.586860
16.710774,-82.344400,-282.000000,12.255532,4.517417
17.230774,-82.344400,-282.000000,12.185287,4.553604
17.750774,-82.344400,-282.000000,12.308219,4.541164
18.270774,-82.344400,-282.000000,12.060132,4.533784
18.790774,-82.344400,-282.000000,12.371795,4.598655
19.310774,-82.344400,-282.000000,12.327201,4.522910
19.830774,-82.344400,-282.000000,12.429540,4.597653
20.350774,-82.344400,-282.000000,12.360885,4.570507
20.870774,-82.344400,-282.000000,11.936195,4.611323
21.390774,-82.344400,-282.000000,12.212708,4.623768
21.910774,-82.344400,-282.000000,11.943330,4.585183
22.430774,-82.344400,-282.000000,12.497885,4.581290
22.950774,-82.344400,-282.000000,12.284061,4.562093
23.470774,-82.344400,-282.000000,12.328998,4.560421
23.990774,-82.344400,-282.000000,12.495448,4.590540
24.510774,-82.344400,-282.000000,12.429647,4.653693
25.030774,-82.344400,-282.000000,12.315188,4.606951
25.550774,-82.344400,-282.000000,12.382364,4.570591
26.070774,-82.344400,-282.000000,12.511902,4.686814
26.590774,-82.344400,-282.000000,12.352550,4.599702
27.110774,-82.344400,-282.000000,12.335298,4.583531
27.630774,-82.344400,-282.000000,12.374104,4.633974
28.150774,-82.344400,-282.000000,12.129151,4.584231
28.670774,-82.344400,-282.000000,12.073686,4.597178
29.190774,-82.344400,-282.000000,12.347407,4.623630
29.710774,-82.344400,-282.000000,12.156932,4.614074
30.230774,-82.344400,-282.000000,12.460799,4.668482
30.750774,-82.344400,-282.000000,12.139631,4.575055
31.270774,-82.344400,-282.000000,12.415467,4.636206
31.790774,-82.344400,-282.000000,12.020354,4.574781
32.310774,-82.344400,-282.000000,12.105773,4.648392
32.830774,-82.344400,-282.000000,12.387761,4.615140
33.350774,-82.344400,-282.000000,12.508631,4.647679
33.870774,-82.344400,-282.000000,12.181678,4.626853
34.390774,-82.344400,-282.000000,12.124232,4.631579
34.910774,-82.344400,-282.000000,12.376082,4.619403
35.430774,-82.344400,-282.000000,12.440193,4.590782
35.950774,-82.344400,-282.000000,12.173186,4.623367
36.470774,-82.344400,-282.000000,12.203021,4.604280
36.990774,-82.344400,-282.000000,12.298465,4.598061
37.510774,-82.344400,-282.000000,11.915334,4.602466
38.030774,-82.344400,-282.000000,12.148041,4.651104
38.550774,-82.344400,-282.000000,12.397956,4.638312
39.070774,-82.344400,-282.000000,12.407516,4.648788
39.590774,-82.344400,-282.000000,12.210718,4.624987
40.110774,-82.344400,-282.000000,12.110368,4.614555
40.630774,-82.344400,-282.000000,12.471069,4.635524
41.150774,-82.344400,-282.000000,12.035039,4.573172
41.670774,-82.344400,-282.000000,12.115780,4.541601
42.190774,-82.344400,-282.000000,12.129733,4.621452
42.710774,-82.344400,-282.000000,12.263095,4.608417
43.230774,-82.344400,-282.000000,12.246322,4.678238
43.750774,-82.344400,-282.000000,12.154106,4.606249
44.270774,-82.344400,-282.000000,12.124482,4.601181
44.790774,-82.344400,-282.000000,12.189319,4.636715
45.310774,-82.344400,-282.000000,12.227910,4.602974
45.830774,-82.344400,-282.000000,12.058311,4.611178
46.350774,-82.344400,-282.000000,12.097625,4.597036
46.870774,-82.344400,-282.000000,12.309623,4.652095
47.390774,-82.344400,-282.000000,12.079417,4.659328
47.910774,-82.344400,-282.000000,12.196616,4.620220
48.430774,-82.344400,-282.000000,12.325967,4.591487
48.950774,-82.344400,-282.000000,12.145818,4.601474
49.470774,-82.344400,-282.000000,12.090452,4.695332
49.990774,-82.344400,-282.000000,12.335898,4.666399
50.510774,-82.344400,-282.000000,12.387786,4.662697
51.030774,-82.344400,-282.000000,12.180469,4.623692
51.550774,-82.344400,-282.000000,12.401414,4.671577
52.070774,-82.344400,-282.000000,12.265773,4.624560
52.590774,-82.344400,-282.000000,12.366963,4.614761
53.110774,-82.344400,-282.000000,12.316436,4.625787
53.630774,-82.344400,-282.000000,12.249272,4.651287
54.150774,-82.344400,-282.000000,12.316531,4.680960
54.670774,-82.344400,-282.000000,12.354442,4.712782
55.190774,-82.344400,-282.000000,12.123084,4.667632
55.710774,-82.344400,-282.000000,12.169920,4.645687
56.230774,-82.344400,-282.000000,12.304481,4.584076
56.750774,-82.344400,-282.000000,12.282288,4.639923
57.270774,-82.344400,-282.000000,12.178496,4.633179
13.070774,-81.824400,-282.000000,12.364262,4.446060
13.590774,-81.824400,-282.000000,12.236427,4.479393
14.110774,-81.824400,-282.000000,12.117488,4.430033
14.630774,-81.824400,-282.000000,12.347369,4.521916
15.150774,-81.824400,-282.000000,12.380429,4.497238
15.670774,-81.824400,-282.000000,12.081079,4.478761
16.190774,-81.824400,-282.000000,12.436960,4.601427
16.710774,-81.824400,-282.000000,12.135825,4.484811
17.230774,-81.824400,-282.000000,12.169838,4.549953
17.750774,-81.824400,-282.000000,12.407264,4.554512
18.270774,-81.824400,-282.000000,12.062576,4.538166
18.790774,-81.824400,-282.000000,12.354282,4.599221
19.310774,-81.824400,-282.000000,12.232425,4.533223
19.830774,-81.824400,-282.000000,12.440747,4.612260
20.350774,-81.824400,-282.000000,12.308537,4.591251
20.870774,-81.824400,-282.000000,11.977881,4.602849
21.390774,-81.824400,-282.000000,12.163185,4.621750
21.910774,-81.824400,-282.000000,11.939164,4.610336
22.430774,-81.824400,-282.000000,12.498322,4.571287
22.950774,-81.824400,-282.000000,12.278372,4.571716
23.470774,-81.824400,-282.000000,12.271861,4.570198
23.990774,-81.824400,-282.000000,12.564841,4.601450
24.510774,-81.824400,-282.000000,12.327259,4.637727
25.030774,-81.824400,-282.000000,12.399499,4.621815
25.550774,-81.824400,-282.000000,12.398308,4.582837
26.070774,-81.824400,-282.000000,12.460025,4.695123
26.590774,-81.824400,-282.000000,12.399741,4.617231
27.110774,-81.824400,-282.000000,12.315126,4.604751
27.630774,-81.824400,-282.000000,12.317837,4.626164
28.150774,-81.824400,-282.000000,12.127691,4.608998
28.670774,-81.824400,-282.000000,12.063640,4.589927
29.190774,-81.824400,-282.000000,12.348432,4.631546
29.710774,-81.824400,-282.000000,12.122467,4.608025
30.230774,-81.824400,-282.000000,12.386651,4.679119
30.750774,-81.824400,-282.000000,12.203319,4.595260
31.270774,-81.824400,-282.000000,12.411883,4.625495
31.790774,-81.824400,-282.000000,11.932853,4.573435
32.310774,-81.824400,-282.000000,12.088743,4.656577
32.830774,-81.824400,-282.000000,12.378153,4.621799
33.350774,-81.824400,-282.000000,12.529635,4.661019
33.870774,-81.824400,-282.000000,12.213986,4.643511
34.390774,-81.824400,-282.000000,12.067811,4.613750
34.910774,-81.824400,-282.000000,12.402877,4.637787
35.430774,-81.824400,-282.000000,12.441908,4.613923
35.950774,-81.824400,-282.000000,12.162382,4.609214
36.470774,-81.824400,-282.000000,12.223985,4.618167
36.990774,-81.824400,-282.000000,12.259012,4.608295
37.510774,-81.824400,-282.000000,11.914138,4.606833
38.030774,-81.824400,-282.000000,12.044870,4.663488
38.550774,-81.824400,-282.000000,12.373492,4.652809
39.070774,-81.824400,-282.000000,12.420096,4.650443
39.590774,-81.824400,-282.000000,12.141394,4.613850
40.110774,-81.824400,-282.000000,12.101161,4.623913
40.630774,-81.824400,-282.000000,12.480369,4.643605
41.150774,-81.824400,-282.000000,12.018687,4.583652
41.670774,-81.824400,-282.000000,12.107089,4.566883
42.190774,-81.824400,-282.000000,12.225327,4.645754
42.710774,-81.824400,-282.000000,12.169038,4.612103
43.230774,-81.824400,-282.000000,12.260408,4.680400
43.750774,-81.824400,-282.000000,12.102736,4.598612
44.270774,-81.824400,-282.000000,12.151589,4.612937
44.790774,-81.824400,-282.000000,12.247197,4.657015
45.310774,-81.824400,-282.000000,12.217464,4.596392
45.830774,-81.824400,-282.000000,12.064387,4.610332
46.350774,-81.824400,-282.000000,12.025034,4.599171
46.870774,-81.824400,-282.000000,12.297383,4.654733
47.390774,-81.824400,-282.000000,12.069042,4.679462
47.910774,-81.824400,-282.000000,12.202221,4.625810
48.430774,-81.824400,-282.000000,12.385167,4.609211
48.950774,-81.824400,-282.000000,12.143296,4.607928
49.470774,-81.824400,-282.000000,12.155646,4.713736
49.990774,-81.824400,-282.000000,12.356175,4.684340
50.510774,-81.824400,-282.000000,12.261853,4.668411
51.030774,-81.824400,-282.000000,12.277713,4.642897
51.550774,-81.824400,-282.000000,12.278781,4.650177
52.070774,-81.824400,-282.000000,12.274823,4.625378
52.590774,-81.824400,-282.000000,12.341836,4.614631
53.110774,-81.824400,-282.000000,12.333655,4.648212
53.630774,-81.824400,-282.000000,12.207934,4.655558
54.150774,-81.824400,-282.000000,12.329879,4.684077
54.670774,-81.824400,-282.000000,12.284511,4.713974
55.190774,-81.824400,-282.000000,12.149360,4.683864
55.710774,-81.824400,-282.000000,12.104723,4.636948
56.230774,-81.824400,-282.000000,12.344913,4.609465
56.750774,-81.824400,-282.000000,12.210121,4.664011
57.270774,-81.824400,-282.000000,12.216109,4.633082
57.790774,-81.824400,-282.000000,12.134029,4.605398
13.590774,-82.344400,-281.000000,12.141025,4.441623
14.110774,-82.344400,-281.000000,12.310213,4.488386
14.630774,-82.344400,-281.000000,12.253922,4.469043
15.150774,-82.344400,-281.000000,12.134612,4.517288
15.670774,-82.344400,-281.000000,12.451171,4.533827
16.190774,-82.344400,-281.000000,12.259855,4.519587
16.710774,-82.344400,-281.000000,12.261683,4.562934
17.230774,-82.344400,-281.000000,12.290182,4.596074
17.750774,-82.344400,-281.000000,12.273601,4.585297
18.270774,-82.344400,-281.000000,12.449052,4.552711
18.790774,-82.344400,-281.000000,12.528159,4.645144
19.310774,-82.344400,-281.000000,12.197174,4.584641
19.830774,-82.344400,-281.000000,11.986528,4.529930
20.350774,-82.344400,-281.000000,12.288688,4.568312
20.870774,-82.344400,-281.000000,12.293128,4.604497
21.390774,-82.344400,-281.000000,12.241071,4.595761
21.910774,-82.344400,-281.000000,12.230507,4.639053
22.430774,-82.344400,-281.000000,12.297907,4.617161
22.950774,-82.344400,-281.000000,12.279704,4.592758
23.470774,-82.344400,-281.000000,12.234282,4.604782
23.990774,-82.344400,-281.000000,12.360731,4.659136
24.510774,-82.344400,-281.000000,12.145115,4.576543
25.030774,-82.344400,-281.000000,12.422187,4.654089
25.550774,-82.344400,-281.000000,12.440991,4.656578
26.070774,-82.344400,-281.000000,12.461147,4.694753
26.590774,-82.344400,-281.000000,12.034348,4.606012
27.110774,-82.344400,-281.000000,12.287086,4.637437
27.630774,-82.344400,-281.000000,12.403876,4.615441
28.150774,-82.344400,-281.000000,12.387797,4.610748
28.670774,-82.344400,-281.000000,12.292459,4.628123
29.190774,-82.344400,-281.000000,12.373926,4.676613
29.710774,-82.344400,-281.000000,12.426989,4.676784
30.230774,-82.344400,-281.000000,12.475241,4.697894
30.750774,-82.344400,-281.000000,12.361294,4.672366
31.270774,-82.344400,-281.000000,12.260695,4.635189
31.790774,-82.344400,-281.000000,12.318297,4.667826
32.310774,-82.344400,-281.000000,12.244171,4.646477
32.830774,-82.344400,-281.000000,12.355956,4.640882
33.350774,-82.344400,-281.000000,12.222998,4.590523
33.870774,-82.344400,-281.000000,12.450853,4.717652
34.390774,-82.344400,-281.000000,12.206740,4.645718
34.910774,-82.344400,-281.000000,12.359747,4.636978
35.430774,-82.344400,-281.000000,12.310572,4.700734
35.950774,-82.344400,-281.000000,12.415658,4.677135
36.470774,-82.344400,-281.000000,12.355707,4.636447
36.990774,-82.344400,-281.000000,12.231600,4.636341
37.510774,-82.344400,-281.000000,12.056674,4.580276
38.030774,-82.344400,-281.000000,12.161487,4.626083
38.550774,-82.344400,-281.000000,12.376847,4.679456
39.070774,-82.344400,-281.000000,12.384908,4.645320
39.590774,-82.344400,-281.000000,12.221465,4.679500
40.110774,-82.344400,-281.000000,12.260755,4.627732
40.630774,-82.344400,-281.000000,12.326040,4.649912
41.150774,-82.344400,-281.000000,12.305007,4.678959
41.670774,-82.344400,-281.000000,12.412803,4.670930
42.190774,-82.344400,-281.000000,12.141620,4.655781
42.710774,-82.344400,-281.000000,12.456002,4.718189
43.230774,-82.344400,-281.000000,12.265838,4.662730
43.750774,-82.344400,-281.000000,12.313390,4.662346
44.270774,-82.344400,-281.000000,12.451949,4.669498
44.790774,-82.344400,-281.000000,12.405202,4.636325
45.310774,-82.344400,-281.000000,12.335405,4.664944
45.830774,-82.344400,-281.000000,12.316989,4.710956
46.350774,-82.344400,-281.000000,12.204135,4.630664
46.870774,-82.344400,-281.000000,12.268280,4.676334
47.390774,-82.344400,-281.000000,12.451458,4.662850
47.910774,-82.344400,-281.000000,12.179891,4.603746
48.430774,-82.344400,-281.000000,12.236358,4.678089
48.950774,-82.344400,-281.000000,12.099029,4.611900
49.470774,-82.344400,-281.000000,12.436292,4.655574
49.990774,-82.344400,-281.000000,12.184800,4.674238
50.510774,-82.344400,-281.000000,11.876641,4.609628
51.030774,-82.344400,-281.000000,12.041041,4.660619
51.550774,-82.344400,-281.000000,12.257282,4.612602
52.070774,-82.344400,-281.000000,11.916918,4.587391
52.590774,-82.344400,-281.000000,12.363376,4.688762
53.110774,-82.344400,-281.000000,12.380698,4.692527
53.630774,-82.344400,-281.000000,12.379221,4.654429
54.150774,-82.344400,-281.000000,12.333822,4.659925
54.670774,-82.344400,-281.000000,12.282742,4.627087
55.190774,-82.344400,-281.000000,12.118677,4.575881
55.710774,-82.344400,-281.000000,12.211822,4.712714
56.230774,-82.344400,-281.000000,12.733063,4.696263
56.750774,-82.344400,-281.000000,12.254985,4.685449
57.270774,-82.344400,-281.000000,12.280372,4.692054
57.790774,-82.344400,-281.000000,12.544269,4.653793
58.310774,-82.344400,-281.000000,12.115595,4.661070
58.830774,-82.344400,-281.000000,12.212787,4.629414
13.070774,-81.824400,-281.000000,11.964628,4.394144
13.590774,-81.824400,-281.000000,12.103229,4.437174
14.110774,-81.824400,-281.000000,12.273616,4.500061
14.630774,-81.824400,-281.000000,12.233279,4.482743
15.150774,-81.824400,-281.000000,12.104828,4.502528
15.670774,-81.824400,-281.000000,12.507215,4.546233
16.190774,-81.824400,-281.000000,12.301533,4.519734
16.710774,-81.824400,-281.000000,12.223320,4.585942
17.230774,-81.824400,-281.000000,12.345372,4.612400
17.750774,-81.824400,-281.000000,12.203571,4.581103
18.270774,-81.824400,-281.000000,12.414816,4.572020
18.790774,-81.824400,-281.000000,12.576122,4.650993
19.310774,-81.824400,-281.000000,12.230935,4.591990
19.830774,-81.824400,-281.000000,11.983195,4.534144
20.350774,-81.824400,-281.000000,12.323550,4.562714
20.870774,-81.824400,-281.000000,12.179150,4.608288
21.390774,-81.824400,-281.000000,12.336087,4.622029
21.910774,-81.824400,-281.000000,12.293591,4.626904
22.430774,-81.824400,-281.000000,12.251998,4.635680
22.950774,-81.824400,-281.000000,12.277809,4.585613
23.470774,-81.824400,-281.000000,12.263994,4.619544
23.990774,-81.824400,-281.000000,12.377557,4.684140
24.510774,-81.824400,-281.000000,12.104048,4.588922
25.030774,-81.824400,-281.000000,12.398351,4.650792
25.550774,-81.824400,-281.000000,12.413542,4.656303
26.070774,-81.824400,-281.000000,12.426098,4.697310
26.590774,-81.824400,-281.000000,11.988662,4.606431
27.110774,-81.824400,-281.000000,12.360649,4.650214
27.630774,-81.824400,-281.000000,12.391309,4.610052
28.150774,-81.824400,-281.000000,12.388726,4.624959
28.670774,-81.824400,-281.000000,12.309038,4.617805
29.190774,-81.824400,-281.000000,12.375030,4.671148
29.710774,-81.824400,-281.000000,12.426474,4.691746
30.230774,-81.824400,-281.000000,12.478084,4.693252
30.750774,-81.824400,-281.000000,12.375008,4.697626
31.270774,-81.824400,-281.000000,12.247242,4.642455
31.790774,-81.824400,-281.000000,12.265442,4.680476
32.310774,-81.824400,-281.000000,12.323360,4.647810
32.830774,-81.824400,-281.000000,12.330684,4.650133
33.350774,-81.824400,-281.000000,12.159614,4.587359
33.870774,-81.824400,-281.000000,12.497414,4.726265
34.390774,-81.824400,-281.000000,12.128371,4.636292
34.910774,-81.824400,-281.000000,12.356154,4.645667
35.430774,-81.824400,-281.000000,12.282875,4.695586
35.950774,-81.824400,-281.000000,12.429095,4.679965
36.470774,-81.824400,-281.000000,12.404939,4.658548
36.990774,-81.824400,-281.000000,12.177909,4.633496
37.510774,-81.824400,-281.000000,12.076392,4.610230
38.030774,-81.824400,-281.000000,12.102879,4.627105
38.550774,-81.824400,-281.000000,12.334799,4.671322
39.070774,-81.824400,-281.000000,12.383958,4.683335
39.590774,-81.824400,-281.000000,12.206569,4.678584
40.110774,-81.824400,-281.000000,12.249646,4.619931
40.630774,-81.824400,-281.000000,12.361316,4.671787
41.150774,-81.824400,-281.000000,12.248321,4.676039
41.670774,-81.824400,-281.000000,12.352344,4.671972
42.190774,-81.824400,-281.000000,12.079978,4.660108
42.710774,-81.824400,-281.000000,12.438155,4.715473
43.230774,-81.824400,-281.000000,12.268663,4.660180
43.750774,-81.824400,-281.000000,12.325484,4.673738
44.270774,-81.824400,-281.000000,12.435508,4.678642
44.790774,-81.824400,-281.000000,12.383574,4.631616
45.310774,-81.824400,-281.000000,12.329903,4.666684
45.830774,-81.824400,-281.000000,12.273279,4.706050
46.350774,-81.824400,-281.000000,12.209141,4.646263
46.870774,-81.824400,-281.000000,12.210046,4.688446
47.390774,-81.824400,-281.000000,12.465484,4.663713
47.910774,-81.824400,-281.000000,12.092209,4.613886
48.430774,-81.824400,-281.000000,12.239306,4.676554
48.950774,-81.824400,-281.000000,12.185059,4.646643
49.470774,-81.824400,-281.000000,12.384325,4.665986
49.990774,-81.824400,-281.000000,12.207549,4.679844
50.510774,-81.824400,-281.000000,11.956771,4.612110
51.030774,-81.824400,-281.000000,11.961876,4.665953
51.550774,-81.824400,-281.000000,12.260365,4.623318
52.070774,-81.824400,-281.000000,11.941606,4.590599
52.590774,-81.824400,-281.000000,12.331835,4.682428
53.110774,-81.824400,-281.000000,12.360256,4.699190
53.630774,-81.824400,-281.000000,12.212382,4.651189
54.150774,-81.824400,-281.000000,12.482834,4.675036
54.670774,-81.824400,-281.000000,12.220980,4.632876
55.190774,-81.824400,-281.000000,12.056376,4.583180
55.710774,-81.824400,-281.000000,12.291702,4.731347
56.230774,-81.824400,-281.000000,12.709950,4.700099
56.750774,-81.824400,-281.000000,12.222701,4.660952
57.270774,-81.824400,-281.000000,12.333928,4.705137
57.790774,-81.824400,-281.000000,12.522396,4.669430
58.310774,-81.824400,-281.000000,12.118342,4.662495
58.830774,-81.824400,-281.000000,12.240252,4.629129
59.350774,-81.824400,-281.000000,12.043008,4.660477
58.310774,-81.304400,-281.000000,12.140112,4.665366
13.590774,-82.344400,-280.000000,12.313079,4.505313
14.110774,-82.344400,-280.000000,12.351887,4.499167
14.630774,-82.344400,-280.000000,12.279943,4.519244
15.150774,-82.344400,-280.000000,12.249850,4.528801
15.670774,-82.344400,-280.000000,12.422317,4.537006
16.190774,-82.344400,-280.000000,12.598000,4.573394
16.710774,-82.344400,-280.000000,12.356744,4.541558
17.230774,-82.344400,-280.000000,12.501420,4.631826
17.750774,-82.344400,-280.000000,12.305997,4.568704
18.270774,-82.344400,-280.000000,12.212625,4.549076
18.790774,-82.344400,-280.000000,12.211504,4.557965
19.310774,-82.344400,-280.000000,12.353999,4.618995
19.830774,-82.344400,-280.000000,12.284451,4.660258
20.350774,-82.344400,-280.000000,12.374148,4.670621
20.870774,-82.344400,-280.000000,12.338772,4.603972
21.390774,-82.344400,-280.000000,12.255216,4.639420
21.910774,-82.344400,-280.000000,12.067332,4.623424
22.430774,-82.344400,-280.000000,12.605849,4.591316
22.950774,-82.344400,-280.000000,12.423615,4.631639
23.470774,-82.344400,-280.000000,12.425777,4.624662
23.990774,-82.344400,-280.000000,12.364454,4.729753
24.510774,-82.344400,-280.000000,12.547029,4.687272
25.030774,-82.344400,-280.000000,12.654895,4.656343
25.550774,-82.344400,-280.000000,12.510863,4.615870
26.070774,-82.344400,-280.000000,12.033461,4.591864
26.590774,-82.344400,-280.000000,12.362182,4.643901
27.110774,-82.344400,-280.000000,12.479738,4.670154
27.630774,-82.344400,-280.000000,12.363673,4.640147
28.150774,-82.344400,-280.000000,12.262471,4.613362
28.670774,-82.344400,-280.000000,12.319470,4.662872
29.190774,-82.344400,-280.000000,12.555324,4.639734
29.710774,-82.344400,-280.000000,12.699158,4.710192
30.230774,-82.344400,-280.000000,12.504332,4.710346
30.750774,-82.344400,-280.000000,12.474010,4.661448
31.270774,-82.344400,-280.000000,12.288733,4.622891
31.790774,-82.344400,-280.000000,12.238548,4.593820
32.310774,-82.344400,-280.000000,12.254786,4.655685
32.830774,-82.344400,-280.000000,12.302855,4.679858
33.350774,-82.344400,-280.000000,12.388318,4.672408
33.870774,-82.344400,-280.000000,12.429255,4.709495
34.390774,-82.344400,-280.000000,12.315234,4.650324
34.910774,-82.344400,-280.000000,12.194935,4.627201
35.430774,-82.344400,-280.000000,12.574916,4.682882
35.950774,-82.344400,-280.000000,12.255754,4.622706
36.470774,-82.344400,-280.000000,12.207079,4.666683
36.990774,-82.344400,-280.000000,12.291384,4.677887
37.510774,-82.344400,-280.000000,12.377090,4.688615
38.030774,-82.344400,-280.000000,12.352147,4.620271
38.550774,-82.344400,-280.000000,12.290732,4.648837
39.070774,-82.344400,-280.000000,12.227052,4.679311
39.590774,-82.344400,-280.000000,12.023173,4.638071
40.110774,-82.344400,-280.000000,12.215672,4.633369
40.630774,-82.344400,-280.000000,12.542062,4.727533
41.150774,-82.344400,-280.000000,12.255992,4.674772
41.670774,-82.344400,-280.000000,12.421008,4.686880
42.190774,-82.344400,-280.000000,12.058673,4.612858
42.710774,-82.344400,-280.000000,12.493182,4.615493
43.230774,-82.344400,-280.000000,12.080129,4.667167
43.750774,-82.344400,-280.000000,12.194747,4.685197
44.270774,-82.344400,-280.000000,12.330768,4.664118
44.790774,-82.344400,-280.000000,12.289822,4.645682
45.310774,-82.344400,-280.000000,12.291457,4.680525
45.830774,-82.344400,-280.000000,12.384665,4.703818
46.350774,-82.344400,-280.000000,12.253049,4.661522
46.870774,-82.344400,-280.000000,12.138671,4.700935
47.390774,-82.344400,-280.000000,12.129323,4.659660
47.910774,-82.344400,-280.000000,12.439578,4.707624
48.430774,-82.344400,-280.000000,12.200139,4.670959
48.950774,-82.344400,-280.000000,12.209579,4.627084
49.470774,-82.344400,-280.000000,12.033606,4.601550
49.990774,-82.344400,-280.000000,12.424503,4.662528
50.510774,-82.344400,-280.000000,12.300473,4.709802
51.030774,-82.344400,-280.000000,12.161304,4.679081
51.550774,-82.344400,-280.000000,12.300603,4.639764
52.070774,-82.344400,-280.000000,12.244593,4.625566
52.590774,-82.344400,-280.000000,12.430886,4.742966
53.110774,-82.344400,-280.000000,12.378463,4.649893
53.630774,-82.344400,-280.000000,12.293830,4.646359
54.150774,-82.344400,-280.000000,12.524257,4.716136
54.670774,-82.344400,-280.000000,12.550987,4.690410
55.190774,-82.344400,-280.000000,12.221632,4.645048
55.710774,-82.344400,-280.000000,12.408025,4.738549
56.230774,-82.344400,-280.000000,12.298245,4.675324
56.750774,-82.344400,-280.000000,12.298677,4.713880
57.270774,-82.344400,-280.000000,12.163210,4.691385
57.790774,-82.344400,-280.000000,12.048117,4.649157
58.310774,-82.344400,-280.000000,12.446952,4.706091
58.830774,-82.344400,-280.000000,12.159717,4.654467
59.350774,-82.344400,-280.000000,12.241655,4.679330
59.870774,-82.344400,-280.000000,11.944616,4.552536
60.390774,-82.344400,-280.000000,12.251120,4.648252
60.910774,-82.344400,-280.000000,12.358299,4.647222
13.070774,-81.824400,-280.000000,12.332447,4.444174
13.590774,-81.824400,-280.000000,12.261981,4.515754
14.110774,-81.824400,-280.000000,12.340674,4.499118
14.630774,-81.824400,-280.000000,12.249938,4.526096
15.150774,-81.824400,-280.000000,12.274184,4.519038
15.670774,-81.824400,-280.000000,12.370170,4.554577
16.190774,-81.824400,-280.000000,12.650260,4.605020
16.710774,-81.824400,-280.000000,12.324649,4.537930
17.230774,-81.824400,-280.000000,12.457627,4.619190
17.750774,-81.824400,-280.000000,12.306618,4.588516
18.270774,-81.824400,-280.000000,12.234752,4.561569
18.790774,-81.824400,-280.000000,12.155302,4.566854
19.310774,-81.824400,-280.000000,12.300518,4.617678
19.830774,-81.824400,-280.000000,12.315835,4.667131
20.350774,-81.824400,-280.000000,12.378074,4.683330
20.870774,-81.824400,-280.000000,12.286319,4.610458
21.390774,-81.824400,-280.000000,12.174258,4.615345
21.910774,-81.824400,-280.000000,12.045012,4.629016
22.430774,-81.824400,-280.000000,12.621649,4.584711
22.950774,-81.824400,-280.000000,12.320857,4.632656
23.470774,-81.824400,-280.000000,12.388857,4.623680
23.990774,-81.824400,-280.000000,12.315560,4.738981
24.510774,-81.824400,-280.000000,12.532360,4.683189
25.030774,-81.824400,-280.000000,12.598047,4.658416
25.550774,-81.824400,-280.000000,12.491685,4.621291
26.070774,-81.824400,-280.000000,12.008269,4.581678
26.590774,-81.824400,-280.000000,12.392712,4.654631
27.110774,-81.824400,-280.000000,12.435304,4.638062
27.630774,-81.824400,-280.000000,12.358771,4.638759
28.150774,-81.824400,-280.000000,12.205523,4.621573
28.670774,-81.824400,-280.000000,12.344075,4.678067
29.190774,-81.824400,-280.000000,12.569232,4.668676
29.710774,-81.824400,-280.000000,12.658875,4.705732
30.230774,-81.824400,-280.000000,12.521891,4.725363
30.750774,-81.824400,-280.000000,12.397448,4.646999
31.270774,-81.824400,-280.000000,12.317520,4.642581
31.790774,-81.824400,-280.000000,12.249698,4.591040
32.310774,-81.824400,-280.000000,12.282321,4.673470
32.830774,-81.824400,-280.000000,12.311029,4.666801
33.350774,-81.824400,-280.000000,12.436476,4.692426
33.870774,-81.824400,-280.000000,12.363565,4.695690
34.390774,-81.824400,-280.000000,12.330028,4.666665
34.910774,-81.824400,-280.000000,12.239660,4.631221
35.430774,-81.824400,-280.000000,12.572124,4.697466
35.950774,-81.824400,-280.000000,12.246103,4.630117
36.470774,-81.824400,-280.000000,12.245787,4.691887
36.990774,-81.824400,-280.000000,12.382501,4.671953
37.510774,-81.824400,-280.000000,12.324383,4.686902
38.030774,-81.824400,-280.000000,12.329947,4.627578
38.550774,-81.824400,-280.000000,12.328358,4.676539
39.070774,-81.824400,-280.000000,12.233607,4.663773
39.590774,-81.824400,-280.000000,12.038854,4.649556
40.110774,-81.824400,-280.000000,12.251620,4.652534
40.630774,-81.824400,-280.000000,12.476089,4.723499
41.150774,-81.824400,-280.000000,12.354506,4.669759
41.670774,-81.824400,-280.000000,12.347861,4.700155
42.190774,-81.824400,-280.000000,12.082253,4.625608
42.710774,-81.824400,-280.000000,12.449635,4.615057
43.230774,-81.824400,-280.000000,12.099303,4.683185
43.750774,-81.824400,-280.000000,12.191062,4.682822
44.270774,-81.824400,-280.000000,12.335148,4.665257
44.790774,-81.824400,-280.000000,12.263201,4.665359
45.310774,-81.824400,-280.000000,12.282774,4.686917
45.830774,-81.824400,-280.000000,12.356203,4.686017
46.350774,-81.824400,-280.000000,12.295509,4.692256
46.870774,-81.824400,-280.000000,12.094755,4.684596
47.390774,-81.824400,-280.000000,12.153339,4.678045
47.910774,-81.824400,-280.000000,12.418909,4.708957
48.430774,-81.824400,-280.000000,12.219953,4.686924
48.950774,-81.824400,-280.000000,12.153776,4.635779
49.470774,-81.824400,-280.000000,12.135203,4.621810
49.990774,-81.824400,-280.000000,12.366195,4.644099
50.510774,-81.824400,-280.000000,12.328558,4.701805
51.030774,-81.824400,-280.000000,12.112918,4.685399
51.550774,-81.824400,-280.000000,12.286105,4.634807
52.070774,-81.824400,-280.000000,12.308844,4.622052
52.590774,-81.824400,-280.000000,12.392887,4.744002
53.110774,-81.824400,-280.000000,12.476947,4.683686
53.630774,-81.824400,-280.000000,12.296662,4.642703
54.150774,-81.824400,-280.000000,12.559443,4.725456
54.670774,-81.824400,-280.000000,12.491145,4.679156
55.190774,-81.824400,-280.000000,12.274375,4.664970
55.710774,-81.824400,-280.000000,12.416826,4.723449
56.230774,-81.824400,-280.000000,12.293226,4.685727
56.750774,-81.824400,-280.000000,12.237902,4.720502
57.270774,-81.824400,-280.000000,12.133117,4.685076
57.790774,-81.824400,-280.000000,12.037864,4.658382
58.310774,-81.824400,-280.000000,12.374885,4.702562
58.830774,-81.824400,-280.000000,12.171164,4.671571
59.350774,-81.824400,-280.000000,12.148416,4.669245
59.870774,-81.824400,-280.000000,11.951684,4.572372
60.390774,-81.824400,-280.000000,12.264616,4.670730
60.910774,-81.824400,-280.000000,12.355122,4.645116
61.430774,-81.824400,-280.000000,12.336879,4.693560
60.910774,-81.304400,-280.000000,12.272721,4.642948
13.590774,-82.344400,-279.000000,12.354909,4.466995
14.110774,-82.344400,-279.000000,12.360301,4.518184
14.630774,-82.344400,-279.000000,12.499819,4.529434
15.150774,-82.344400,-279.000000,12.395562,4.535918
15.670774,-82.344400,-279.000000,12.623858,4.598864
16.190774,-82.344400,-279.000000,12.332891,4.559996
16.710774,-82.344400,-279.000000,12.108154,4.572548
17.230774,-82.344400,-279.000000,12.346397,4.608906
17.750774,-82.344400,-279.000000,12.412903,4.635423
18.270774,-82.344400,-279.000000,12.304519,4.577933
18.790774,-82.344400,-279.000000,12.202363,4.605244
19.310774,-82.344400,-279.000000,12.268067,4.607001
19.830774,-82.344400,-279.000000,12.271399,4.607928
20.350774,-82.344400,-279.000000,12.353141,4.639578
20.870774,-82.344400,-279.000000,12.354821,4.689376
21.390774,-82.344400,-279.000000,12.252510,4.599364
21.910774,-82.344400,-279.000000,12.359870,4.682291
22.430774,-82.344400,-279.000000,12.186078,4.595780
22.950774,-82.344400,-279.000000,12.478503,4.674441
23.470774,-82.344400,-279.000000,12.370010,4.621191
23.990774,-82.344400,-279.000000,12.140475,4.609764
24.510774,-82.344400,-279.000000,12.377784,4.644496
25.030774,-82.344400,-279.000000,12.205218,4.625988
25.550774,-82.344400,-279.000000,12.315622,4.705833
26.070774,-82.344400,-279.000000,12.264620,4.676877
26.590774,-82.344400,-279.000000,12.118595,4.677918
27.110774,-82.344400,-279.000000,12.475315,4.678126
27.630774,-82.344400,-279.000000,12.463742,4.750710
28.150774,-82.344400,-279.000000,12.156257,4.571304
28.670774,-82.344400,-279.000000,12.129226,4.691985
29.190774,-82.344400,-279.000000,12.360033,4.716846
29.710774,-82.344400,-279.000000,12.492138,4.703276
30.230774,-82.344400,-279.000000,12.142303,4.626969
30.750774,-82.344400,-279.000000,12.387683,4.669192
31.270774,-82.344400,-279.000000,12.566410,4.699660
31.790774,-82.344400,-279.000000,12.246511,4.648770
32.310774,-82.344400,-279.000000,12.487221,4.692082
32.830774,-82.344400,-279.000000,12.193341,4.683624
33.350774,-82.344400,-279.000000,12.386832,4.717606
33.870774,-82.344400,-279.000000,12.281998,4.666920
34.390774,-82.344400,-279.000000,12.347526,4.625584
34.910774,-82.344400,-279.000000,12.350268,4.672944
35.430774,-82.344400,-279.000000,12.342860,4.728225
35.950774,-82.344400,-279.000000,12.196012,4.634672
36.470774,-82.344400,-279.000000,12.547816,4.665454
36.990774,-82.344400,-279.000000,12.200004,4.673912
37.510774,-82.344400,-279.000000,12.242506,4.672152
38.030774,-82.344400,-279.000000,12.195861,4.681653
38.550774,-82.344400,-279.000000,12.370208,4.678298
39.070774,-82.344400,-279.000000,12.075263,4.642205
39.590774,-82.344400,-279.000000,12.202065,4.647455
40.110774,-82.344400,-279.000000,12.296187,4.662769
40.630774,-82.344400,-279.000000,12.456222,4.652815
41.150774,-82.344400,-279.000000,12.530407,4.739336
41.670774,-82.344400,-279.000000,12.151884,4.636862
42.190774,-82.344400,-279.000000,12.484984,4.668449
42.710774,-82.344400,-279.000000,12.075753,4.657496
43.230774,-82.344400,-279.000000,12.364497,4.680549
43.750774,-82.344400,-279.000000,12.417617,4.670931
44.270774,-82.344400,-279.000000,12.272576,4.652790
44.790774,-82.344400,-279.000000,12.513050,4.688504
45.310774,-82.344400,-279.000000,12.138526,4.696003
45.830774,-82.344400,-279.000000,12.157359,4.604945
46.350774,-82.344400,-279.000000,12.296064,4.677035
46.870774,-82.344400,-279.000000,12.281993,4.704966
47.390774,-82.344400,-279.000000,12.280669,4.664768
47.910774,-82.344400,-279.000000,12.585883,4.705161
48.430774,-82.344400,-279.000000,12.240536,4.660694
48.950774,-82.344400,-279.000000,12.288956,4.648585
49.470774,-82.344400,-279.000000,12.200923,4.685063
49.990774,-82.344400,-279.000000,12.301743,4.660547
50.510774,-82.344400,-279.000000,12.220832,4.718973
51.030774,-82.344400,-279.000000,12.088082,4.697103
51.550774,-82.344400,-279.000000,12.176473,4.700155
52.070774,-82.344400,-279.000000,12.316154,4.669068
52.590774,-82.344400,-279.000000,12.389501,4.644585
53.110774,-82.344400,-279.000000,12.339797,4.657946
53.630774,-82.344400,-279.000000,12.362578,4.675611
54.150774,-82.344400,-279.000000,12.123952,4.684118
54.670774,-82.344400,-279.000000,11.941081,4.661391
55.190774,-82.344400,-279.000000,12.152844,4.672694
55.710774,-82.344400,-279.000000,12.219680,4.695877
56.230774,-82.344400,-279.000000,12.305469,4.665035
56.750774,-82.344400,-279.000000,12.105876,4.684197
57.270774,-82.344400,-279.000000,12.350345,4.682983
57.790774,-82.344400,-279.000000,12.272648,4.666745
58.310774,-82.344400,-279.000000,12.251462,4.665983
58.830774,-82.344400,-279.000000,12.408654,4.681725
59.350774,-82.344400,-279.000000,12.304216,4.687062
59.870774,-82.344400,-279.000000,12.224404,4.680152
60.390774,-82.344400,-279.000000,12.360826,4.650626
60.910774,-82.344400,-279.000000,12.307192,4.678722
61.430774,-82.344400,-279.000000,12.293689,4.646665
61.950774,-82.344400,-279.000000,12.360568,4.661149
62.470774,-82.344400,-279.000000,12.291839,4.646606
13.070774,-81.824400,-279.000000,12.378878,4.437286
13.590774,-81.824400,-279.000000,12.297303,4.496611
14.110774,-81.824400,-279.000000,12.400630,4.534170
14.630774,-81.824400,-279.000000,12.488555,4.539325
15.150774,-81.824400,-279.000000,12.382008,4.539791
15.670774,-81.824400,-279.000000,12.589403,4.601134
16.190774,-81.824400,-279.000000,12.354042,4.563292
16.710774,-81.824400,-279.000000,12.140926,4.577643
17.230774,-81.824400,-279.000000,12.349508,4.627451
17.750774,-81.824400,-279.000000,12.352339,4.630578
18.270774,-81.824400,-279.000000,12.285812,4.586519
18.790774,-81.824400,-279.000000,12.259532,4.621669
19.310774,-81.824400,-279.000000,12.313561,4.612902
19.830774,-81.824400,-279.000000,12.251772,4.618236
20.350774,-81.824400,-279.000000,12.404628,4.634379
20.870774,-81.824400,-279.000000,12.329964,4.688140
21.390774,-81.824400,-279.000000,12.268538,4.626104
21.910774,-81.824400,-279.000000,12.346515,4.677546
22.430774,-81.824400,-279.000000,12.257438,4.619473
22.950774,-81.824400,-279.000000,12.380664,4.650252
23.470774,-81.824400,-279.000000,12.369617,4.645843
23.990774,-81.824400,-279.000000,12.089847,4.593622
24.510774,-81.824400,-279.000000,12.385376,4.647391
25.030774,-81.824400,-279.000000,12.168399,4.627330
25.550774,-81.824400,-279.000000,12.299026,4.692972
26.070774,-81.824400,-279.000000,12.340610,4.694680
26.590774,-81.824400,-279.000000,12.091471,4.694342
27.110774,-81.824400,-279.000000,12.475859,4.672296
27.630774,-81.824400,-279.000000,12.426222,4.756357
28.150774,-81.824400,-279.000000,12.122377,4.580107
28.670774,-81.824400,-279.000000,12.074142,4.699242
29.190774,-81.824400,-279.000000,12.355330,4.709376
29.710774,-81.824400,-279.000000,12.514857,4.720729
30.230774,-81.824400,-279.000000,12.148559,4.620116
30.750774,-81.824400,-279.000000,12.415114,4.693046
31.270774,-81.824400,-279.000000,12.553438,4.709836
31.790774,-81.824400,-279.000000,12.160548,4.641627
32.310774,-81.824400,-279.000000,12.498994,4.720198
32.830774,-81.824400,-279.000000,12.202552,4.669390
33.350774,-81.824400,-279.000000,12.321982,4.716598
33.870774,-81.824400,-279.000000,12.383188,4.674957
34.390774,-81.824400,-279.000000,12.282367,4.626098
34.910774,-81.824400,-279.000000,12.367488,4.684732
35.430774,-81.824400,-279.000000,12.337489,4.726241
35.950774,-81.824400,-279.000000,12.282408,4.643611
36.470774,-81.824400,-279.000000,12.447855,4.684311
36.990774,-81.824400,-279.000000,12.191327,4.686492
37.510774,-81.824400,-279.000000,12.217083,4.671214
38.030774,-81.824400,-279.000000,12.281348,4.692695
38.550774,-81.824400,-279.000000,12.334493,4.672316
39.070774,-81.824400,-279.000000,12.068000,4.657004
39.590774,-81.824400,-279.000000,12.227527,4.631529
40.110774,-81.824400,-279.000000,12.313744,4.662348
40.630774,-81.824400,-279.000000,12.518163,4.679757
41.150774,-81.824400,-279.000000,12.363580,4.714588
41.670774,-81.824400,-279.000000,12.129844,4.654827
42.190774,-81.824400,-279.000000,12.437532,4.672610
42.710774,-81.824400,-279.000000,12.136474,4.690042
43.230774,-81.824400,-279.000000,12.324576,4.687208
43.750774,-81.824400,-279.000000,12.398706,4.664493
44.270774,-81.824400,-279.000000,12.266862,4.675035
44.790774,-81.824400,-279.000000,12.451313,4.674603
45.310774,-81.824400,-279.000000,12.125426,4.716487
45.830774,-81.824400,-279.000000,12.129915,4.617376
46.350774,-81.824400,-279.000000,12.251613,4.685147
46.870774,-81.824400,-279.000000,12.301054,4.701010
47.390774,-81.824400,-279.000000,12.284125,4.675670
47.910774,-81.824400,-279.000000,12.585177,4.708558
48.430774,-81.824400,-279.000000,12.128791,4.659870
48.950774,-81.824400,-279.000000,12.277596,4.629603
49.470774,-81.824400,-279.000000,12.136508,4.688200
49.990774,-81.824400,-279.000000,12.364977,4.682481
50.510774,-81.824400,-279.000000,12.187259,4.701707
51.030774,-81.824400,-279.000000,12.235431,4.699695
51.550774,-81.824400,-279.000000,12.080871,4.701240
52.070774,-81.824400,-279.000000,12.223508,4.676986
52.590774,-81.824400,-279.000000,12.459861,4.651908
53.110774,-81.824400,-279.000000,12.299332,4.673040
53.630774,-81.824400,-279.000000,12.340351,4.674884
54.150774,-81.824400,-279.000000,12.088091,4.681531
54.670774,-81.824400,-279.000000,12.003459,4.682516
55.190774,-81.824400,-279.000000,12.243649,4.676809
55.710774,-81.824400,-279.000000,12.152599,4.690661
56.230774,-81.824400,-279.000000,12.315049,4.675816
56.750774,-81.824400,-279.000000,12.136651,4.697045
57.270774,-81.824400,-279.000000,12.306059,4.674291
57.790774,-81.824400,-279.000000,12.294423,4.672260
58.310774,-81.824400,-279.000000,12.278890,4.679536
58.830774,-81.824400,-279.000000,12.426038,4.666859
59.350774,-81.824400,-279.000000,12.265212,4.684821
59.870774,-81.824400,-279.000000,12.248992,4.698615
60.390774,-81.824400,-279.000000,12.269189,4.650771
60.910774,-81.824400,-279.000000,12.328717,4.673565
61.430774,-81.824400,-279.000000,12.290580,4.650708
61.950774,-81.824400,-279.000000,12.308284,4.669152
62.470774,-81.824400,-279.000000,12.269069,4.654844
62.990774,-81.824400,-279.000000,12.405751,4.655149
61.430774,-81.304400,-279.000000,12.244449,4.637451
13.590774,-82.344400,-278.000000,12.396014,4.472629
14.110774,-82.344400,-278.000000,12.362586,4.510329
14.630774,-82.344400,-278.000000,12.561000,4.583739
15.150774,-82.344400,-278.000000,12.176581,4.531106
15.670774,-82.344400,-278.000000,12.376848,4.544185
16.190774,-82.344400,-278.000000,12.423478,4.599979
16.710774,-82.344400,-278.000000,12.316257,4.531107
17.230774,-82.344400,-278.000000,12.496975,4.574942
17.750774,-82.344400,-278.000000,12.650002,4.636961
18.270774,-82.344400,-278.000000,12.253572,4.609582
18.790774,-82.344400,-278.000000,12.254358,4.650253
19.310774,-82.344400,-278.000000,12.436455,4.639173
19.830774,-82.344400,-278.000000,12.394063,4.641406
20.350774,-82.344400,-278.000000,12.387042,4.573409
20.870774,-82.344400,-278.000000,12.266585,4.629848
21.390774,-82.344400,-278.000000,12.293108,4.595569
21.910774,-82.344400,-278.000000,12.268059,4.636322
22.430774,-82.344400,-278.000000,12.405799,4.629751
22.950774,-82.344400,-278.000000,12.143732,4.616097
23.470774,-82.344400,-278.000000,12.244758,4.600391
23.990774,-82.344400,-278.000000,12.528212,4.635082
24.510774,-82.344400,-278.000000,12.471175,4.713226
25.030774,-82.344400,-278.000000,12.469258,4.700589
25.550774,-82.344400,-278.000000,12.263829,4.654553
26.070774,-82.344400,-278.000000,12.187347,4.618029
26.590774,-82.344400,-278.000000,12.276217,4.696750
27.110774,-82.344400,-278.000000,12.310120,4.647962
27.630774,-82.344400,-278.000000,12.434504,4.657306
28.150774,-82.344400,-278.000000,12.428599,4.702617
28.670774,-82.344400,-278.000000,12.343209,4.717032
29.190774,-82.344400,-278.000000,12.468747,4.687319
29.710774,-82.344400,-278.000000,12.495746,4.664402
30.230774,-82.344400,-278.000000,12.197301,4.647087
30.750774,-82.344400,-278.000000,12.287774,4.625808
31.270774,-82.344400,-278.000000,12.263500,4.695644
31.790774,-82.344400,-278.000000,12.320075,4.684934
32.310774,-82.344400,-278.000000,12.111841,4.700843
32.830774,-82.344400,-278.000000,12.242353,4.647235
33.350774,-82.344400,-278.000000,12.389236,4.654003
33.870774,-82.344400,-278.000000,12.223060,4.677481
34.390774,-82.344400,-278.000000,12.344974,4.647169
34.910774,-82.344400,-278.000000,12.186908,4.635032
35.430774,-82.344400,-278.000000,12.469637,4.723098
35.950774,-82.344400,-278.000000,12.457580,4.693078
36.470774,-82.344400,-278.000000,12.702033,4.727010
36.990774,-82.344400,-278.000000,12.429006,4.711521
37.510774,-82.344400,-278.000000,12.346346,4.690984
38.030774,-82.344400,-278.000000,12.270352,4.685052
38.550774,-82.344400,-278.000000,12.370231,4.680339
39.070774,-82.344400,-278.000000,12.330620,4.701347
39.590774,-82.344400,-278.000000,12.221568,4.692891
40.110774,-82.344400,-278.000000,12.510651,4.693383
40.630774,-82.344400,-278.000000,12.491555,4.705794
41.150774,-82.344400,-278.000000,12.171431,4.687860
41.670774,-82.344400,-278.000000,12.343979,4.666085
42.190774,-82.344400,-278.000000,12.314911,4.612211
42.710774,-82.344400,-278.000000,12.404185,4.648097
43.230774,-82.344400,-278.000000,12.447852,4.719828
43.750774,-82.344400,-278.000000,12.418891,4.646178
44.270774,-82.344400,-278.000000,12.255973,4.676727
44.790774,-82.344400,-278.000000,12.221387,4.687605
45.310774,-82.344400,-278.000000,12.478241,4.725434
45.830774,-82.344400,-278.000000,12.385392,4.633489
46.350774,-82.344400,-278.000000,12.391601,4.715239
46.870774,-82.344400,-278.000000,12.167620,4.711759
47.390774,-82.344400,-278.000000,12.514319,4.738283
47.910774,-82.344400,-278.000000,12.383361,4.722188
48.430774,-82.344400,-278.000000,12.244529,4.726984
48.950774,-82.344400,-278.000000,12.382636,4.707244
49.470774,-82.344400,-278.000000,12.209121,4.668736
49.990774,-82.344400,-278.000000,12.281179,4.650352
50.510774,-82.344400,-278.000000,12.408704,4.751430
51.030774,-82.344400,-278.000000,12.459121,4.663344
51.550774,-82.344400,-278.000000,12.373576,4.699176
52.070774,-82.344400,-278.000000,12.497417,4.725332
52.590774,-82.344400,-278.000000,12.279914,4.724651
53.110774,-82.344400,-278.000000,12.315339,4.689199
53.630774,-82.344400,-278.000000,12.315950,4.705828
54.150774,-82.344400,-278.000000,12.348287,4.676033
54.670774,-82.344400,-278.000000,12.449794,4.698174
55.190774,-82.344400,-278.000000,12.019792,4.670624
55.710774,-82.344400,-278.000000,12.228225,4.687476
56.230774,-82.344400,-278.000000,12.318508,4.700435
56.750774,-82.344400,-278.000000,12.104304,4.665600
57.270774,-82.344400,-278.000000,12.220205,4.712564
57.790774,-82.344400,-278.000000,12.557832,4.701215
58.310774,-82.344400,-278.000000,12.529107,4.744948
58.830774,-82.344400,-278.000000,12.266567,4.658946
59.350774,-82.344400,-278.000000,12.263751,4.665605
59.870774,-82.344400,-278.000000,12.283145,4.682703
60.390774,-82.344400,-278.000000,12.266015,4.705294
60.910774,-82.344400,-278.000000,12.495012,4.699595
61.430774,-82.344400,-278.000000,12.386794,4.682178
61.950774,-82.344400,-278.000000,12.352885,4.608188
62.470774,-82.344400,-278.000000,12.267158,4.695970
62.990774,-82.344400,-278.000000,12.637892,4.750148
63.510774,-82.344400,-278.000000,12.385058,4.705083
64.030774,-82.344400,-278.000000,12.321087,4.671438
13.070774,-81.824400,-278.000000,12.269422,4.487513
13.590774,-81.824400,-278.000000,12.327307,4.473985
14.110774,-81.824400,-278.000000,12.359012,4.522458
14.630774,-81.824400,-278.000000,12.587519,4.580480
15.150774,-81.824400,-278.000000,12.172047,4.538991
15.670774,-81.824400,-278.000000,12.343825,4.549249
16.190774,-81.824400,-278.000000,12.365413,4.575523
16.710774,-81.824400,-278.000000,12.297256,4.538874
17.230774,-81.824400,-278.000000,12.492672,4.575688
17.750774,-81.824400,-278.000000,12.686992,4.640745
18.270774,-81.824400,-278.000000,12.252830,4.623438
18.790774,-81.824400,-278.000000,12.165627,4.627577
19.310774,-81.824400,-278.000000,12.447214,4.655667
19.830774,-81.824400,-278.000000,12.301970,4.632945
20.350774,-81.824400,-278.000000,12.336814,4.559338
20.870774,-81.824400,-278.000000,12.261030,4.635228
21.390774,-81.824400,-278.000000,12.320842,4.599874
21.910774,-81.824400,-278.000000,12.254969,4.666107
22.430774,-81.824400,-278.000000,12.398612,4.631581
22.950774,-81.824400,-278.000000,12.123756,4.618726
23.470774,-81.824400,-278.000000,12.221106,4.593665
23.990774,-81.824400,-278.000000,12.619777,4.652896
24.510774,-81.824400,-278.000000,12.425599,4.724465
25.030774,-81.824400,-278.000000,12.421942,4.703707
25.550774,-81.824400,-278.000000,12.268274,4.662095
26.070774,-81.824400,-278.000000,12.124310,4.633379
26.590774,-81.824400,-278.000000,12.248096,4.684105
27.110774,-81.824400,-278.000000,12.310093,4.674172
27.630774,-81.824400,-278.000000,12.437089,4.659252
28.150774,-81.824400,-278.000000,12.417010,4.709967
28.670774,-81.824400,-278.000000,12.317225,4.699127
29.190774,-81.824400,-278.000000,12.440104,4.690870
29.710774,-81.824400,-278.000000,12.426688,4.652404
30.230774,-81.824400,-278.000000,12.181740,4.646253
30.750774,-81.824400,-278.000000,12.310871,4.642288
31.270774,-81.824400,-278.000000,12.283670,4.692119
31.790774,-81.824400,-278.000000,12.360522,4.678496
32.310774,-81.824400,-278.000000,12.089072,4.703302
32.830774,-81.824400,-278.000000,12.243876,4.654396
33.350774,-81.824400,-278.000000,12.423461,4.679999
33.870774,-81.824400,-278.000000,12.163312,4.662896
34.390774,-81.824400,-278.000000,12.392686,4.653493
34.910774,-81.824400,-278.000000,12.161614,4.629114
35.430774,-81.824400,-278.000000,12.478809,4.710481
35.950774,-81.824400,-278.000000,12.437296,4.687377
36.470774,-81.824400,-278.000000,12.704137,4.722623
36.990774,-81.824400,-278.000000,12.458835,4.709392
37.510774,-81.824400,-278.000000,12.224992,4.688373
38.030774,-81.824400,-278.000000,12.204081,4.691746
38.550774,-81.824400,-278.000000,12.355884,4.687904
39.070774,-81.824400,-278.000000,12.287739,4.720481
39.590774,-81.824400,-278.000000,12.155784,4.697053
40.110774,-81.824400,-278.000000,12.529376,4.709105
40.630774,-81.824400,-278.000000,12.406294,4.699886
41.150774,-81.824400,-278.000000,12.223419,4.690520
41.670774,-81.824400,-278.000000,12.371089,4.682119
42.190774,-81.824400,-278.000000,12.330330,4.636815
42.710774,-81.824400,-278.000000,12.368884,4.642408
43.230774,-81.824400,-278.000000,12.420497,4.709574
43.750774,-81.824400,-278.000000,12.416621,4.662960
44.270774,-81.824400,-278.000000,12.338455,4.689496
44.790774,-81.824400,-278.000000,12.179729,4.689433
45.310774,-81.824400,-278.000000,12.413751,4.699741
45.830774,-81.824400,-278.000000,12.439535,4.653499
46.350774,-81.824400,-278.000000,12.375884,4.719674
46.870774,-81.824400,-278.000000,12.141438,4.730173
47.390774,-81.824400,-278.000000,12.508265,4.740256
47.910774,-81.824400,-278.000000,12.265282,4.733116
48.430774,-81.824400,-278.000000,12.305443,4.725036
48.950774,-81.824400,-278.000000,12.317028,4.714317
49.470774,-81.824400,-278.000000,12.182119,4.677427
49.990774,-81.824400,-278.000000,12.224739,4.656324
50.510774,-81.824400,-278.000000,12.445391,4.754541
51.030774,-81.824400,-278.000000,12.469937,4.686176
51.550774,-81.824400,-278.000000,12.346595,4.707573
52.070774,-81.824400,-278.000000,12.452759,4.720771
52.590774,-81.824400,-278.000000,12.346741,4.730093
53.110774,-81.824400,-278.000000,12.352012,4.706070
53.630774,-81.824400,-278.000000,12.285748,4.702641
54.150774,-81.824400,-278.000000,12.316352,4.677137
54.670774,-81.824400,-278.000000,12.424065,4.710007
55.190774,-81.824400,-278.000000,12.055777,4.682876
55.710774,-81.824400,-278.000000,12.219997,4.673832
56.230774,-81.824400,-278.000000,12.356745,4.712285
56.750774,-81.824400,-278.000000,12.131545,4.665484
57.270774,-81.824400,-278.000000,12.198075,4.734292
57.790774,-81.824400,-278.000000,12.556464,4.718429
58.310774,-81.824400,-278.000000,12.505415,4.725374
58.830774,-81.824400,-278.000000,12.257323,4.676419
59.350774,-81.824400,-278.000000,12.164625,4.665305
59.870774,-81.824400,-278.000000,12.318986,4.692312
60.390774,-81.824400,-278.000000,12.234686,4.711564
60.910774,-81.824400,-278.000000,12.412105,4.693630
61.430774,-81.824400,-278.000000,12.408359,4.685392
61.950774,-81.824400,-278.000000,12.333365,4.627423
62.470774,-81.824400,-278.000000,12.281447,4.701591
62.990774,-81.824400,-278.000000,12.643443,4.741777
63.510774,-81.824400,-278.000000,12.342390,4.688336
64.030774,-81.824400,-278.000000,12.361754,4.667421
64.550774,-81.824400,-278.000000,12.362586,4.690638
65.070774,-81.824400,-278.000000,12.416467,4.697302
63.510774,-81.304400,-278.000000,12.349563,4.701412
13.590774,-82.344400,-277.000000,12.210068,4.447487
14.110774,-82.344400,-277.000000,12.332778,4.535392
14.630774,-82.344400,-277.000000,12.501226,4.512535
15.150774,-82.344400,-277.000000,12.266402,4.486566
15.670774,-82.344400,-277.000000,12.429566,4.539403
16.190774,-82.344400,-277.000000,12.174543,4.537532
16.710774,-82.344400,-277.000000,12.371521,4.668264
17.230774,-82.344400,-277.000000,12.675616,4.631240
17.750774,-82.344400,-277.000000,12.593658,4.598911
18.270774,-82.344400,-277.000000,12.223674,4.619689
18.790774,-82.344400,-277.000000,12.484655,4.644720
19.310774,-82.344400,-277.000000,12.501848,4.625697
19.830774,-82.344400,-277.000000,12.578055,4.656237
20.350774,-82.344400,-277.000000,12.302893,4.592857
20.870774,-82.344400,-277.000000,12.555487,4.615847
21.390774,-82.344400,-277.000000,12.280078,4.633818
21.910774,-82.344400,-277.000000,12.389421,4.658922
22.430774,-82.344400,-277.000000,12.334186,4.699662
22.950774,-82.344400,-277.000000,12.306514,4.580210
23.470774,-82.344400,-277.000000,12.419447,4.684470
23.990774,-82.344400,-277.000000,12.079402,4.621322
24.510774,-82.344400,-277.000000,12.381145,4.682549
25.030774,-82.344400,-277.000000,12.433041,4.690854
25.550774,-82.344400,-277.000000,12.454514,4.648715
26.070774,-82.344400,-277.000000,12.435386,4.692298
26.590774,-82.344400,-277.000000,12.294276,4.649106
27.110774,-82.344400,-277.000000,12.206462,4.667555
27.630774,-82.344400,-277.000000,12.194201,4.660562
28.150774,-82.344400,-277.000000,12.213945,4.614396
28.670774,-82.344400,-277.000000,12.422988,4.630260
29.190774,-82.344400,-277.000000,12.316492,4.693477
29.710774,-82.344400,-277.000000,12.264015,4.679489
30.230774,-82.344400,-277.000000,12.406019,4.611951
30.750774,-82.344400,-277.000000,12.458364,4.666643
31.270774,-82.344400,-277.000000,12.306258,4.671297
31.790774,-82.344400,-277.000000,12.200477,4.641072
32.310774,-82.344400,-277.000000,12.496333,4.660835
32.830774,-82.344400,-277.000000,12.509469,4.742083
33.350774,-82.344400,-277.000000,12.498303,4.702342
33.870774,-82.344400,-277.000000,12.389098,4.684321
34.390774,-82.344400,-277.000000,12.171641,4.694769
34.910774,-82.344400,-277.000000,12.314007,4.663057
35.430774,-82.344400,-277.000000,12.286780,4.632599
35.950774,-82.344400,-277.000000,12.425176,4.698448
36.470774,-82.344400,-277.000000,12.445312,4.686410
36.990774,-82.344400,-277.000000,12.456283,4.651489
37.510774,-82.344400,-277.000000,12.204577,4.679426
38.030774,-82.344400,-277.000000,12.321042,4.690627
38.550774,-82.344400,-277.000000,12.070528,4.623364
39.070774,-82.344400,-277.000000,12.241110,4.662791
39.590774,-82.344400,-277.000000,12.469253,4.685813
40.110774,-82.344400,-277.000000,12.269559,4.645293
40.630774,-82.344400,-277.000000,12.223720,4.696950
41.150774,-82.344400,-277.000000,12.325592,4.682452
41.670774,-82.344400,-277.000000,12.382983,4.685927
42.190774,-82.344400,-277.000000,12.541271,4.710202
42.710774,-82.344400,-277.000000,12.431281,4.675601
43.230774,-82.344400,-277.000000,12.266163,4.626931
43.750774,-82.344400,-277.000000,12.486761,4.720285
44.270774,-82.344400,-277.000000,12.230594,4.677056
44.790774,-82.344400,-277.000000,12.368677,4.635390
45.310774,-82.344400,-277.000000,12.497264,4.725370
45.830774,-82.344400,-277.000000,12.507256,4.696437
46.350774,-82.344400,-277.000000,12.334567,4.615519
46.870774,-82.344400,-277.000000,12.287223,4.689251
47.390774,-82.344400,-277.000000,12.352012,4.713474
47.910774,-82.344400,-277.000000,12.386285,4.677789
48.430774,-82.344400,-277.000000,12.417611,4.691379
48.950774,-82.344400,-277.000000,12.168429,4.699507
49.470774,-82.344400,-277.000000,12.313993,4.752483
49.990774,-82.344400,-277.000000,12.159456,4.702622
50.510774,-82.344400,-277.000000,12.286713,4.681749
51.030774,-82.344400,-277.000000,12.458706,4.726713
51.550774,-82.344400,-277.000000,12.304265,4.650673
52.070774,-82.344400,-277.000000,12.350131,4.672250
52.590774,-82.344400,-277.000000,12.325651,4.696936
53.110774,-82.344400,-277.000000,12.430556,4.676972
53.630774,-82.344400,-277.000000,12.053561,4.638133
54.150774,-82.344400,-277.000000,12.474174,4.698409
54.670774,-82.344400,-277.000000,12.372128,4.715223
55.190774,-82.344400,-277.000000,12.708739,4.735415
55.710774,-82.344400,-277.000000,12.530219,4.700532
56.230774,-82.344400,-277.000000,12.364422,4.689968
56.750774,-82.344400,-277.000000,12.214660,4.685240
57.270774,-82.344400,-277.000000,12.154641,4.649597
57.790774,-82.344400,-277.000000,12.401369,4.699521
58.310774,-82.344400,-277.000000,12.324835,4.713091
58.830774,-82.344400,-277.000000,12.251571,4.643649
59.350774,-82.344400,-277.000000,12.290697,4.701242
59.870774,-82.344400,-277.000000,12.382983,4.660311
60.390774,-82.344400,-277.000000,12.181444,4.693286
60.910774,-82.344400,-277.000000,12.292893,4.661296
61.430774,-82.344400,-277.000000,12.412873,4.693175
61.950774,-82.344400,-277.000000,12.442228,4.637757
62.470774,-82.344400,-277.000000,12.249766,4.665038
62.990774,-82.344400,-277.000000,12.434256,4.683565
63.510774,-82.344400,-277.000000,12.378074,4.699578
64.030774,-82.344400,-277.000000,12.211982,4.712605
64.550774,-82.344400,-277.000000,12.361986,4.659744
65.070774,-82.344400,-277.000000,12.361686,4.662452
65.590774,-82.344400,-277.000000,12.192790,4.648380
66.110774,-82.344400,-277.000000,12.378383,4.729787
13.070774,-81.824400,-277.000000,12.157056,4.532615
13.590774,-81.824400,-277.000000,12.219314,4.449856
14.110774,-81.824400,-277.000000,12.326194,4.545322
14.630774,-81.824400,-277.000000,12.476966,4.520214
15.150774,-81.824400,-277.000000,12.283360,4.479745
15.670774,-81.824400,-277.000000,12.410276,4.563025
16.190774,-81.824400,-277.000000,12.178591,4.536237
16.710774,-81.824400,-277.000000,12.412769,4.675097
17.230774,-81.824400,-277.000000,12.605117,4.634773
17.750774,-81.824400,-277.000000,12.518648,4.601340
18.270774,-81.824400,-277.000000,12.253845,4.657525
18.790774,-81.824400,-277.000000,12.478529,4.655792
19.310774,-81.824400,-277.000000,12.391352,4.613630
19.830774,-81.824400,-277.000000,12.517299,4.670135
20.350774,-81.824400,-277.000000,12.292782,4.605427
20.870774,-81.824400,-277.000000,12.498946,4.611930
21.390774,-81.824400,-277.000000,12.274638,4.629412
21.910774,-81.824400,-277.000000,12.404587,4.669977
22.430774,-81.824400,-277.000000,12.347388,4.707592
22.950774,-81.824400,-277.000000,12.268830,4.588825
23.470774,-81.824400,-277.000000,12.425311,4.692334
23.990774,-81.824400,-277.000000,12.075467,4.633276
24.510774,-81.824400,-277.000000,12.438518,4.667721
25.030774,-81.824400,-277.000000,12.455326,4.703568
25.550774,-81.824400,-277.000000,12.383408,4.651013
26.070774,-81.824400,-277.000000,12.433932,4.700769
26.590774,-81.824400,-277.000000,12.337196,4.651439
27.110774,-81.824400,-277.000000,12.202374,4.682878
27.630774,-81.824400,-277.000000,12.217412,4.672295
28.150774,-81.824400,-277.000000,12.158416,4.618853
28.670774,-81.824400,-277.000000,12.462953,4.636357
29.190774,-81.824400,-277.000000,12.195069,4.682434
29.710774,-81.824400,-277.000000,12.354219,4.702312
30.230774,-81.824400,-277.000000,12.316459,4.619223
30.750774,-81.824400,-277.000000,12.465146,4.662061
31.270774,-81.824400,-277.000000,12.369830,4.673472
31.790774,-81.824400,-277.000000,12.162441,4.635157
32.310774,-81.824400,-277.000000,12.433571,4.664592
32.830774,-81.824400,-277.000000,12.499133,4.756437
33.350774,-81.824400,-277.000000,12.464131,4.693201
33.870774,-81.824400,-277.000000,12.434590,4.698141
34.390774,-81.824400,-277.000000,12.123396,4.686198
34.910774,-81.824400,-277.000000,12.371350,4.688733
35.430774,-81.824400,-277.000000,12.250916,4.639932
35.950774,-81.824400,-277.000000,12.391555,4.720519
36.470774,-81.824400,-277.000000,12.401668,4.682412
36.990774,-81.824400,-277.000000,12.460855,4.662542
37.510774,-81.824400,-277.000000,12.218340,4.683418
38.030774,-81.824400,-277.000000,12.297469,4.679113
38.550774,-81.824400,-277.000000,12.109480,4.640667
39.070774,-81.824400,-277.000000,12.249168,4.667802
39.590774,-81.824400,-277.000000,12.402732,4.679015
40.110774,-81.824400,-277.000000,12.281764,4.650401
40.630774,-81.824400,-277.000000,12.205609,4.706253
41.150774,-81.824400,-277.000000,12.372487,4.694198
41.670774,-81.824400,-277.000000,12.361310,4.702801
42.190774,-81.824400,-277.000000,12.532817,4.701886
42.710774,-81.824400,-277.000000,12.329217,4.682456
43.230774,-81.824400,-277.000000,12.262667,4.633613
43.750774,-81.824400,-277.000000,12.496057,4.710541
44.270774,-81.824400,-277.000000,12.180999,4.679023
44.790774,-81.824400,-277.000000,12.392476,4.633666
45.310774,-81.824400,-277.000000,12.430136,4.752372
45.830774,-81.824400,-277.000000,12.409328,4.678350
46.350774,-81.824400,-277.000000,12.326275,4.622108
46.870774,-81.824400,-277.000000,12.251793,4.689489
47.390774,-81.824400,-277.000000,12.381362,4.710404
47.910774,-81.824400,-277.000000,12.324024,4.681824
48.430774,-81.824400,-277.000000,12.450290,4.700870
48.950774,-81.824400,-277.000000,12.283539,4.693786
49.470774,-81.824400,-277.000000,12.291493,4.755632
49.990774,-81.824400,-277.000000,12.201094,4.711897
50.510774,-81.824400,-277.000000,12.178544,4.690161
51.030774,-81.824400,-277.000000,12.446814,4.724620
51.550774,-81.824400,-277.000000,12.256359,4.649787
52.070774,-81.824400,-277.000000,12.361383,4.677264
52.590774,-81.824400,-277.000000,12.319237,4.706105
53.110774,-81.824400,-277.000000,12.443332,4.676594
53.630774,-81.824400,-277.000000,12.044370,4.642436
54.150774,-81.824400,-277.000000,12.399158,4.686551
54.670774,-81.824400,-277.000000,12.401251,4.721992
55.190774,-81.824400,-277.000000,12.652820,4.731359
55.710774,-81.824400,-277.000000,12.455386,4.691441
56.230774,-81.824400,-277.000000,12.405723,4.707012
56.750774,-81.824400,-277.000000,12.143537,4.689502
57.270774,-81.824400,-277.000000,12.019612,4.624275
57.790774,-81.824400,-277.000000,12.380433,4.701035
58.310774,-81.824400,-277.000000,12.328968,4.737957
58.830774,-81.824400,-277.000000,12.235658,4.655506
59.350774,-81.824400,-277.000000,12.313994,4.685388
59.870774,-81.824400,-277.000000,12.359534,4.678331
60.390774,-81.824400,-277.000000,12.261207,4.698643
60.910774,-81.824400,-277.000000,12.253741,4.658326
61.430774,-81.824400,-277.000000,12.492765,4.715987
61.950774,-81.824400,-277.000000,12.409328,4.640220
62.470774,-81.824400,-277.000000,12.219304,4.661254
62.990774,-81.824400,-277.000000,12.382428,4.700347
63.510774,-81.824400,-277.000000,12.408515,4.692407
64.030774,-81.824400,-277.000000,12.303824,4.745474
64.550774,-81.824400,-277.000000,12.306083,4.650438
65.070774,-81.824400,-277.000000,12.366469,4.675781
65.590774,-81.824400,-277.000000,12.113805,4.636315
66.110774,-81.824400,-277.000000,12.308543,4.727610
66.630774,-81.824400,-277.000000,12.271654,4.641967
66.110774,-81.304400,-277.000000,12.231372,4.723511
13.590774,-82.344400,-276.000000,12.356120,4.480186
14.110774,-82.344400,-276.000000,12.264657,4.480544
14.630774,-82.344400,-276.000000,12.409495,4.510663
15.150774,-82.344400,-276.000000,12.174850,4.498313
15.670774,-82.344400,-276.000000,12.239496,4.531563
16.190774,-82.344400,-276.000000,12.313239,4.577989
16.710774,-82.344400,-276.000000,12.509233,4.621626
17.230774,-82.344400,-276.000000,12.220808,4.599437
17.750774,-82.344400,-276.000000,12.459755,4.626411
18.270774,-82.344400,-276.000000,12.207275,4.625013
18.790774,-82.344400,-276.000000,12.355332,4.606246
19.310774,-82.344400,-276.000000,12.340832,4.594227
19.830774,-82.344400,-276.000000,12.233854,4.633839
20.350774,-82.344400,-276.000000,12.524406,4.656975
20.870774,-82.344400,-276.000000,12.455882,4.608662
21.390774,-82.344400,-276.000000,12.312663,4.633844
21.910774,-82.344400,-276.000000,12.357360,4.625530
22.430774,-82.344400,-276.000000,12.424259,4.618330
22.950774,-82.344400,-276.000000,12.486720,4.681941
23.470774,-82.344400,-276.000000,12.446926,4.654424
23.990774,-82.344400,-276.000000,12.375946,4.648394
24.510774,-82.344400,-276.000000,12.677310,4.685742
25.030774,-82.344400,-276.000000,12.325107,4.647593
25.550774,-82.344400,-276.000000,12.404533,4.658916
26.070774,-82.344400,-276.000000,12.457259,4.688214
26.590774,-82.344400,-276.000000,12.643617,4.664379
27.110774,-82.344400,-276.000000,12.216461,4.693820
27.630774,-82.344400,-276.000000,12.203773,4.631720
28.150774,-82.344400,-276.000000,12.526306,4.669513
28.670774,-82.344400,-276.000000,12.180573,4.687890
29.190774,-82.344400,-276.000000,12.217050,4.649942
29.710774,-82.344400,-276.000000,12.317129,4.740952
30.230774,-82.344400,-276.000000,11.931217,4.632194
30.750774,-82.344400,-276.000000,12.430192,4.722354
31.270774,-82.344400,-276.000000,12.508475,4.719493
31.790774,-82.344400,-276.000000,12.235717,4.631279
32.310774,-82.344400,-276.000000,12.335396,4.660002
32.830774,-82.344400,-276.000000,12.470443,4.723678
33.350774,-82.344400,-276.000000,12.190877,4.705640
33.870774,-82.344400,-276.000000,12.238747,4.673079
34.390774,-82.344400,-276.000000,12.345840,4.696541
34.910774,-82.344400,-276.000000,12.254603,4.687784
35.430774,-82.344400,-276.000000,12.413267,4.714175
35.950774,-82.344400,-276.000000,12.235839,4.662493
36.470774,-82.344400,-276.000000,12.294917,4.700006
36.990774,-82.344400,-276.000000,12.303492,4.660950
37.510774,-82.344400,-276.000000,12.607337,4.750638
38.030774,-82.344400,-276.000000,12.207145,4.610130
38.550774,-82.344400,-276.000000,12.291512,4.721792
39.070774,-82.344400,-276.000000,12.337197,4.636435
39.590774,-82.344400,-276.000000,12.290976,4.665285
40.110774,-82.344400,-276.000000,12.490297,4.734591
40.630774,-82.344400,-276.000000,12.403033,4.670274
41.150774,-82.344400,-276.000000,12.300611,4.659965
41.670774,-82.344400,-276.000000,12.377997,4.683294
42.190774,-82.344400,-276.000000,12.369235,4.736656
42.710774,-82.344400,-276.000000,12.220786,4.657151
43.230774,-82.344400,-276.000000,12.334721,4.685102
43.750774,-82.344400,-276.000000,12.408361,4.717305
44.270774,-82.344400,-276.000000,12.489830,4.713411
44.790774,-82.344400,-276.000000,12.227151,4.658226
45.310774,-82.344400,-276.000000,12.416918,4.650898
45.830774,-82.344400,-276.000000,12.460515,4.727303
46.350774,-82.344400,-276.000000,12.505722,4.730351
46.870774,-82.344400,-276.000000,12.208250,4.641105
47.390774,-82.344400,-276.000000,12.131785,4.629373
47.910774,-82.344400,-276.000000,12.144034,4.725847
48.430774,-82.344400,-276.000000,12.368987,4.677651
48.950774,-82.344400,-276.000000,12.417909,4.707397
49.470774,-82.344400,-276.000000,12.294904,4.672503
49.990774,-82.344400,-276.000000,12.389044,4.641804
50.510774,-82.344400,-276.000000,12.537845,4.694512
51.030774,-82.344400,-276.000000,12.251118,4.730628
51.550774,-82.344400,-276.000000,12.457200,4.693527
52.070774,-82.344400,-276.000000,12.285995,4.692847
52.590774,-82.344400,-276.000000,12.395771,4.685574
53.110774,-82.344400,-276.000000,12.456687,4.689464
53.630774,-82.344400,-276.000000,12.268311,4.685852
54.150774,-82.344400,-276.000000,12.463294,4.669936
54.670774,-82.344400,-276.000000,12.290862,4.734678
55.190774,-82.344400,-276.000000,12.338049,4.698987
55.710774,-82.344400,-276.000000,12.368477,4.670841
56.230774,-82.344400,-276.000000,12.272780,4.644180
56.750774,-82.344400,-276.000000,12.309432,4.672396
57.270774,-82.344400,-276.000000,12.283932,4.703883
57.790774,-82.344400,-276.000000,12.416827,4.703939
58.310774,-82.344400,-276.000000,12.473034,4.697670
58.830774,-82.344400,-276.000000,12.321419,4.702994
59.350774,-82.344400,-276.000000,12.291039,4.696591
59.870774,-82.344400,-276.000000,12.626233,4.751441
60.390774,-82.344400,-276.000000,12.369579,4.679564
60.910774,-82.344400,-276.000000,12.485365,4.718928
61.430774,-82.344400,-276.000000,12.302492,4.697658
61.950774,-82.344400,-276.000000,12.367896,4.686883
62.470774,-82.344400,-276.000000,12.405698,4.699653
62.990774,-82.344400,-276.000000,12.324360,4.707921
63.510774,-82.344400,-276.000000,12.161505,4.679181
64.030774,-82.344400,-276.000000,12.335395,4.672021
64.550774,-82.344400,-276.000000,12.357744,4.699106
65.070774,-82.344400,-276.000000,12.319856,4.668712
65.590774,-82.344400,-276.000000,12.203803,4.673611
66.110774,-82.344400,-276.000000,12.392463,4.650644
66.630774,-82.344400,-276.000000,12.101400,4.611854
67.150774,-82.344400,-276.000000,12.367308,4.651902
67.670774,-82.344400,-276.000000,12.178229,4.716432
13.070774,-81.824400,-276.000000,12.241519,4.421994
13.590774,-81.824400,-276.000000,12.330574,4.481077
14.110774,-81.824400,-276.000000,12.277263,4.492844
14.630774,-81.824400,-276.000000,12.457649,4.516640
15.150774,-81.824400,-276.000000,12.196829,4.517113
15.670774,-81.824400,-276.000000,12.215564,4.510428
16.190774,-81.824400,-276.000000,12.309021,4.578163
16.710774,-81.824400,-276.000000,12.448290,4.612437
17.230774,-81.824400,-276.000000,12.231838,4.633171
17.750774,-81.824400,-276.000000,12.500375,4.634940
18.270774,-81.824400,-276.000000,12.229917,4.635867
18.790774,-81.824400,-276.000000,12.339851,4.609338
19.310774,-81.824400,-276.000000,12.390618,4.586896
19.830774,-81.824400,-276.000000,12.254326,4.651430
20.350774,-81.824400,-276.000000,12.544074,4.650752
20.870774,-81.824400,-276.000000,12.419964,4.613383
21.390774,-81.824400,-276.000000,12.344676,4.631691
21.910774,-81.824400,-276.000000,12.294593,4.619839
22.430774,-81.824400,-276.000000,12.401861,4.642627
22.950774,-81.824400,-276.000000,12.479472,4.666470
23.470774,-81.824400,-276.000000,12.400168,4.650482
23.990774,-81.824400,-276.000000,12.408587,4.661620
24.510774,-81.824400,-276.000000,12.560684,4.681219
25.030774,-81.824400,-276.000000,12.332743,4.667328
25.550774,-81.824400,-276.000000,12.393282,4.657731
26.070774,-81.824400,-276.000000,12.406646,4.679938
26.590774,-81.824400,-276.000000,12.628819,4.654129
27.110774,-81.824400,-276.000000,12.263289,4.691943
27.630774,-81.824400,-276.000000,12.161166,4.654428
28.150774,-81.824400,-276.000000,12.484290,4.678730
28.670774,-81.824400,-276.000000,12.134875,4.693080
29.190774,-81.824400,-276.000000,12.208858,4.659900
29.710774,-81.824400,-276.000000,12.360834,4.720353
30.230774,-81.824400,-276.000000,11.981893,4.650592
30.750774,-81.824400,-276.000000,12.352127,4.718293
31.270774,-81.824400,-276.000000,12.512041,4.731861
31.790774,-81.824400,-276.000000,12.250041,4.637811
32.310774,-81.824400,-276.000000,12.333494,4.679769
32.830774,-81.824400,-276.000000,12.342527,4.698601
33.350774,-81.824400,-276.000000,12.264336,4.715618
33.870774,-81.824400,-276.000000,12.272663,4.676609
34.390774,-81.824400,-276.000000,12.326648,4.698368
34.910774,-81.824400,-276.000000,12.247430,4.680302
35.430774,-81.824400,-276.000000,12.298949,4.710016
35.950774,-81.824400,-276.000000,12.253257,4.671394
36.470774,-81.824400,-276.000000,12.247141,4.689851
36.990774,-81.824400,-276.000000,12.320701,4.680230
37.510774,-81.824400,-276.000000,12.576163,4.752044
38.030774,-81.824400,-276.000000,12.207496,4.608185
38.550774,-81.824400,-276.000000,12.232101,4.724169
39.070774,-81.824400,-276.000000,12.367960,4.651366
39.590774,-81.824400,-276.000000,12.252212,4.682876
40.110774,-81.824400,-276.000000,12.521527,4.714438
40.630774,-81.824400,-276.000000,12.362135,4.689041
41.150774,-81.824400,-276.000000,12.295280,4.658834
41.670774,-81.824400,-276.000000,12.382743,4.692521
42.190774,-81.824400,-276.000000,12.467816,4.761182
42.710774,-81.824400,-276.000000,12.201192,4.649896
43.230774,-81.824400,-276.000000,12.275630,4.688316
43.750774,-81.824400,-276.000000,12.323497,4.699254
44.270774,-81.824400,-276.000000,12.527315,4.720900
44.790774,-81.824400,-276.000000,12.229401,4.675670
45.310774,-81.824400,-276.000000,12.383608,4.653606
45.830774,-81.824400,-276.000000,12.457924,4.725696
46.350774,-81.824400,-276.000000,12.537475,4.729132
46.870774,-81.824400,-276.000000,12.231003,4.646754
47.390774,-81.824400,-276.000000,12.152919,4.658274
47.910774,-81.824400,-276.000000,12.042422,4.712225
48.430774,-81.824400,-276.000000,12.387575,4.698186
48.950774,-81.824400,-276.000000,12.363620,4.714293
49.470774,-81.824400,-276.000000,12.240758,4.670259
49.990774,-81.824400,-276.000000,12.420337,4.650540
50.510774,-81.824400,-276.000000,12.442214,4.678442
51.030774,-81.824400,-276.000000,12.322314,4.724295
51.550774,-81.824400,-276.000000,12.479241,4.692569
52.070774,-81.824400,-276.000000,12.203025,4.696245
52.590774,-81.824400,-276.000000,12.392570,4.677402
53.110774,-81.824400,-276.000000,12.386004,4.682328
53.630774,-81.824400,-276.000000,12.219370,4.686761
54.150774,-81.824400,-276.000000,12.471281,4.690950
54.670774,-81.824400,-276.000000,12.143712,4.711449
55.190774,-81.824400,-276.000000,12.342010,4.698898
55.710774,-81.824400,-276.000000,12.411509,4.681812
56.230774,-81.824400,-276.000000,12.241027,4.647290
56.750774,-81.824400,-276.000000,12.339184,4.686671
57.270774,-81.824400,-276.000000,12.290336,4.702691
57.790774,-81.824400,-276.000000,12.416780,4.700195
58.310774,-81.824400,-276.000000,12.451547,4.699366
58.830774,-81.824400,-276.000000,12.293128,4.707026
59.350774,-81.824400,-276.000000,12.284656,4.710239
59.870774,-81.824400,-276.000000,12.594789,4.770519
60.390774,-81.824400,-276.000000,12.331748,4.686375
60.910774,-81.824400,-276.000000,12.446982,4.714638
61.430774,-81.824400,-276.000000,12.292855,4.694852
61.950774,-81.824400,-276.000000,12.325171,4.695930
62.470774,-81.824400,-276.000000,12.413486,4.697428
62.990774,-81.824400,-276.000000,12.358895,4.732064
63.510774,-81.824400,-276.000000,12.079929,4.672053
64.030774,-81.824400,-276.000000,12.275002,4.667524
64.550774,-81.824400,-276.000000,12.314311,4.724326
65.070774,-81.824400,-276.000000,12.378196,4.677966
65.590774,-81.824400,-276.000000,12.189334,4.667618
66.110774,-81.824400,-276.000000,12.388768,4.653830
66.630774,-81.824400,-276.000000,12.133299,4.629898
67.150774,-81.824400,-276.000000,12.338229,4.647515
67.670774,-81.824400,-276.000000,12.227975,4.727309
68.190774,-81.824400,-276.000000,12.207747,4.654568
13.590774,-82.344400,-275.000000,12.473121,4.493126
14.110774,-82.344400,-275.000000,12.199736,4.499156
14.630774,-82.344400,-275.000000,12.476668,4.536599
15.150774,-82.344400,-275.000000,12.493931,4.566859
15.670774,-82.344400,-275.000000,12.398192,4.577884
16.190774,-82.344400,-275.000000,12.323106,4.566612
16.710774,-82.344400,-275.000000,12.177507,4.636682
17.230774,-82.344400,-275.000000,12.271079,4.557047
17.750774,-82.344400,-275.000000,12.291510,4.632431
18.270774,-82.344400,-275.000000,12.473184,4.661592
18.790774,-82.344400,-275.000000,12.385081,4.589264
19.310774,-82.344400,-275.000000,12.438405,4.608016
19.830774,-82.344400,-275.000000,12.344960,4.645550
20.350774,-82.344400,-275.000000,12.227269,4.631890
20.870774,-82.344400,-275.000000,12.655101,4.665937
21.390774,-82.344400,-275.000000,12.433619,4.658504
21.910774,-82.344400,-275.000000,12.339750,4.658683
22.430774,-82.344400,-275.000000,12.291106,4.631499
22.950774,-82.344400,-275.000000,12.464957,4.642415
23.470774,-82.344400,-275.000000,12.587501,4.677015
23.990774,-82.344400,-275.000000,12.446116,4.634123
24.510774,-82.344400,-275.000000,12.290347,4.604040
25.030774,-82.344400,-275.000000,12.290392,4.650383
25.550774,-82.344400,-275.000000,12.481710,4.614522
26.070774,-82.344400,-275.000000,12.336772,4.685832
26.590774,-82.344400,-275.000000,12.300197,4.650134
27.110774,-82.344400,-275.000000,12.383626,4.683697
27.630774,-82.344400,-275.000000,12.413579,4.685873
28.150774,-82.344400,-275.000000,12.452013,4.695270
28.670774,-82.344400,-275.000000,12.247280,4.694111
29.190774,-82.344400,-275.000000,12.602605,4.697810
29.710774,-82.344400,-275.000000,12.443406,4.698021
30.230774,-82.344400,-275.000000,12.295093,4.642563
30.750774,-82.344400,-275.000000,12.234625,4.706138
31.270774,-82.344400,-275.000000,12.518304,4.674074
31.790774,-82.344400,-275.000000,12.486593,4.705566
32.310774,-82.344400,-275.000000,12.227796,4.680706
32.830774,-82.344400,-275.000000,12.321613,4.680673
33.350774,-82.344400,-275.000000,12.450866,4.682319
33.870774,-82.344400,-275.000000,12.136299,4.639401
34.390774,-82.344400,-275.000000,12.239490,4.683336
34.910774,-82.344400,-275.000000,12.328007,4.692218
35.430774,-82.344400,-275.000000,12.171584,4.710790
35.950774,-82.344400,-275.000000,12.104270,4.657419
36.470774,-82.344400,-275.000000,12.162797,4.709554
36.990774,-82.344400,-275.000000,11.963748,4.644223
37.510774,-82.344400,-275.000000,12.204189,4.719661
38.030774,-82.344400,-275.000000,12.619327,4.727236
38.550774,-82.344400,-275.000000,12.566388,4.685760
39.070774,-82.344400,-275.000000,12.342388,4.673811
39.590774,-82.344400,-275.000000,12.421522,4.702288
40.110774,-82.344400,-275.000000,12.280064,4.602880
40.630774,-82.344400,-275.000000,12.299885,4.672739
41.150774,-82.344400,-275.000000,12.289118,4.689955
41.670774,-82.344400,-275.000000,12.414337,4.709568
42.190774,-82.344400,-275.000000,12.494955,4.688179
42.710774,-82.344400,-275.000000,12.375384,4.710381
43.230774,-82.344400,-275.000000,12.534179,4.727316
43.750774,-82.344400,-275.000000,12.333249,4.653230
44.270774,-82.344400,-275.000000,12.230867,4.703814
44.790774,-82.344400,-275.000000,12.376319,4.734935
45.310774,-82.344400,-275.000000,12.186419,4.671844
45.830774,-82.344400,-275.000000,12.075057,4.664400
46.350774,-82.344400,-275.000000,12.122115,4.746390
46.870774,-82.344400,-275.000000,12.239333,4.683644
47.390774,-82.344400,-275.000000,12.307654,4.680569
47.910774,-82.344400,-275.000000,12.338057,4.701413
48.430774,-82.344400,-275.000000,12.194503,4.658456
48.950774,-82.344400,-275.000000,12.367988,4.672621
49.470774,-82.344400,-275.000000,12.330409,4.667797
49.990774,-82.344400,-275.000000,12.359959,4.738693
50.510774,-82.344400,-275.000000,12.574340,4.690988
51.030774,-82.344400,-275.000000,12.419811,4.659131
51.550774,-82.344400,-275.000000,12.515951,4.739263
52.070774,-82.344400,-275.000000,12.321516,4.675169
52.590774,-82.344400,-275.000000,12.157920,4.653030
53.110774,-82.344400,-275.000000,12.288028,4.676719
53.630774,-82.344400,-275.000000,12.311934,4.681860
54.150774,-82.344400,-275.000000,12.247599,4.671501
54.670774,-82.344400,-275.000000,12.497665,4.719471
55.190774,-82.344400,-275.000000,12.295427,4.683639
55.710774,-82.344400,-275.000000,12.482623,4.682702
56.230774,-82.344400,-275.000000,12.245234,4.626567
56.750774,-82.344400,-275.000000,12.458807,4.729413
57.270774,-82.344400,-275.000000,12.208839,4.667935
57.790774,-82.344400,-275.000000,12.503526,4.721732
58.310774,-82.344400,-275.000000,12.266620,4.739771
58.830774,-82.344400,-275.000000,12.377195,4.722087
59.350774,-82.344400,-275.000000,12.189105,4.699318
59.870774,-82.344400,-275.000000,12.439475,4.665857
60.390774,-82.344400,-275.000000,12.390513,4.714253
60.910774,-82.344400,-275.000000,12.517844,4.733828
61.430774,-82.344400,-275.000000,12.392916,4.674525
61.950774,-82.344400,-275.000000,12.390661,4.682524
62.470774,-82.344400,-275.000000,12.479838,4.689271
62.990774,-82.344400,-275.000000,12.503704,4.656429
63.510774,-82.344400,-275.000000,12.335672,4.684651
64.030774,-82.344400,-275.000000,12.251103,4.717074
64.550774,-82.344400,-275.000000,12.373975,4.679938
65.070774,-82.344400,-275.000000,12.309855,4.682692
65.590774,-82.344400,-275.000000,12.486931,4.718340
66.110774,-82.344400,-275.000000,12.434973,4.717943
66.630774,-82.344400,-275.000000,12.077959,4.708445
67.150774,-82.344400,-275.000000,12.372125,4.686483
67.670774,-82.344400,-275.000000,12.315570,4.659455
68.190774,-82.344400,-275.000000,12.466236,4.714058
68.710774,-82.344400,-275.000000,12.389668,4.716168
69.230774,-82.344400,-275.000000,12.214232,4.659379
13.070774,-81.824400,-275.000000,12.387533,4.410023
13.590774,-81.824400,-275.000000,12.377524,4.494119
14.110774,-81.824400,-275.000000,12.190843,4.511026
14.630774,-81.824400,-275.000000,12.469264,4.542284
15.150774,-81.824400,-275.000000,12.446951,4.564971
15.670774,-81.824400,-275.000000,12.388945,4.580475
16.190774,-81.824400,-275.000000,12.312209,4.562393
16.710774,-81.824400,-275.000000,12.117742,4.654187
17.230774,-81.824400,-275.000000,12.283751,4.549510
17.750774,-81.824400,-275.000000,12.274684,4.654434
18.270774,-81.824400,-275.000000,12.504409,4.658552
18.790774,-81.824400,-275.000000,12.306187,4.607118
19.310774,-81.824400,-275.000000,12.394519,4.599380
19.830774,-81.824400,-275.000000,12.336375,4.643186
20.350774,-81.824400,-275.000000,12.215228,4.644428
20.870774,-81.824400,-275.000000,12.594504,4.664356
21.390774,-81.824400,-275.000000,12.410724,4.677778
21.910774,-81.824400,-275.000000,12.342852,4.648271
22.430774,-81.824400,-275.000000,12.332169,4.658502
22.950774,-81.824400,-275.000000,12.344334,4.637066
23.470774,-81.824400,-275.000000,12.615008,4.692317
23.990774,-81.824400,-275.000000,12.426411,4.620411
24.510774,-81.824400,-275.000000,12.295488,4.629251
25.030774,-81.824400,-275.000000,12.266257,4.640713
25.550774,-81.824400,-275.000000,12.404235,4.607356
26.070774,-81.824400,-275.000000,12.299400,4.687182
26.590774,-81.824400,-275.000000,12.349266,4.659754
27.110774,-81.824400,-275.000000,12.365731,4.682162
27.630774,-81.824400,-275.000000,12.373798,4.687282
28.150774,-81.824400,-275.000000,12.490066,4.721206
28.670774,-81.824400,-275.000000,12.246908,4.694153
29.190774,-81.824400,-275.000000,12.517955,4.698636
29.710774,-81.824400,-275.000000,12.460068,4.709349
30.230774,-81.824400,-275.000000,12.179914,4.642117
30.750774,-81.824400,-275.000000,12.276302,4.709178
31.270774,-81.824400,-275.000000,12.507765,4.692183
31.790774,-81.824400,-275.000000,12.370578,4.676096
32.310774,-81.824400,-275.000000,12.258311,4.704565
32.830774,-81.824400,-275.000000,12.284921,4.680151
33.350774,-81.824400,-275.000000,12.350866,4.678621
33.870774,-81.824400,-275.000000,12.166629,4.648082
34.390774,-81.824400,-275.000000,12.260558,4.695381
34.910774,-81.824400,-275.000000,12.279902,4.689177
35.430774,-81.824400,-275.000000,12.114016,4.717722
35.950774,-81.824400,-275.000000,12.088969,4.665057
36.470774,-81.824400,-275.000000,12.178750,4.709249
36.990774,-81.824400,-275.000000,11.972034,4.657762
37.510774,-81.824400,-275.000000,12.200334,4.726923
38.030774,-81.824400,-275.000000,12.586997,4.730960
38.550774,-81.824400,-275.000000,12.577979,4.675973
39.070774,-81.824400,-275.000000,12.302872,4.669896
39.590774,-81.824400,-275.000000,12.381117,4.710823
40.110774,-81.824400,-275.000000,12.319512,4.631593
40.630774,-81.824400,-275.000000,12.309516,4.686187
41.150774,-81.824400,-275.000000,12.210376,4.704082
41.670774,-81.824400,-275.000000,12.421769,4.699334
42.190774,-81.824400,-275.000000,12.456293,4.701781
42.710774,-81.824400,-275.000000,12.400911,4.707727
43.230774,-81.824400,-275.000000,12.520827,4.729468
43.750774,-81.824400,-275.000000,12.321535,4.661926
44.270774,-81.824400,-275.000000,12.241824,4.708522
44.790774,-81.824400,-275.000000,12.294660,4.731845
45.310774,-81.824400,-275.000000,12.139713,4.667467
45.830774,-81.824400,-275.000000,12.113036,4.683479
46.350774,-81.824400,-275.000000,12.235020,4.764659
46.870774,-81.824400,-275.000000,12.180199,4.687950
47.390774,-81.824400,-275.000000,12.242846,4.658288
47.910774,-81.824400,-275.000000,12.328752,4.728563
48.430774,-81.824400,-275.000000,12.217339,4.665152
48.950774,-81.824400,-275.000000,12.353278,4.677529
49.470774,-81.824400,-275.000000,12.348709,4.644830
49.990774,-81.824400,-275.000000,12.372855,4.749946
50.510774,-81.824400,-275.000000,12.571676,4.711249
51.030774,-81.824400,-275.000000,12.405947,4.672901
51.550774,-81.824400,-275.000000,12.522537,4.761021
52.070774,-81.824400,-275.000000,12.288252,4.674833
52.590774,-81.824400,-275.000000,12.177215,4.657376
53.110774,-81.824400,-275.000000,12.252574,4.668925
53.630774,-81.824400,-275.000000,12.295363,4.687956
54.150774,-81.824400,-275.000000,12.197709,4.671084
54.670774,-81.824400,-275.000000,12.495868,4.705863
55.190774,-81.824400,-275.000000,12.403667,4.709403
55.710774,-81.824400,-275.000000,12.454126,4.684641
56.230774,-81.824400,-275.000000,12.114059,4.623492
56.750774,-81.824400,-275.000000,12.442756,4.727380
57.270774,-81.824400,-275.000000,12.218393,4.664429
57.790774,-81.824400,-275.000000,12.505664,4.740459
58.310774,-81.824400,-275.000000,12.275055,4.737383
58.830774,-81.824400,-275.000000,12.392556,4.719347
59.350774,-81.824400,-275.000000,12.213826,4.704332
59.870774,-81.824400,-275.000000,12.364865,4.687919
60.390774,-81.824400,-275.000000,12.386661,4.716315
60.910774,-81.824400,-275.000000,12.566047,4.750132
61.430774,-81.824400,-275.000000,12.353821,4.674304
61.950774,-81.824400,-275.000000,12.394164,4.688134
62.470774,-81.824400,-275.000000,12.494218,4.685704
62.990774,-81.824400,-275.000000,12.453304,4.660157
63.510774,-81.824400,-275.000000,12.320682,4.675338
64.030774,-81.824400,-275.000000,12.342962,4.733713
64.550774,-81.824400,-275.000000,12.333934,4.676260
65.070774,-81.824400,-275.000000,12.298005,4.692731
65.590774,-81.824400,-275.000000,12.449885,4.706843
66.110774,-81.824400,-275.000000,12.452137,4.715593
66.630774,-81.824400,-275.000000,12.022041,4.712012
67.150774,-81.824400,-275.000000,12.350276,4.693725
67.670774,-81.824400,-275.000000,12.260371,4.665845
68.190774,-81.824400,-275.000000,12.447251,4.717224
68.710774,-81.824400,-275.000000,12.290183,4.719411
69.230774,-81.824400,-275.000000,12.214841,4.672434
69.750774,-81.824400,-275.000000,12.452064,4.701347
70.270774,-81.824400,-275.000000,12.254232,4.685354
68.710774,-81.304400,-275.000000,12.272351,4.718572
69.230774,-81.304400,-275.000000,12.156785,4.692489
13.590774,-82.344400,-274.000000,12.291610,4.484265
14.110774,-82.344400,-274.000000,12.446034,4.511827
14.630774,-82.344400,-274.000000,12.171290,4.488414
15.150774,-82.344400,-274.000000,12.511386,4.635521
15.670774,-82.344400,-274.000000,12.605931,4.605699
16.190774,-82.344400,-274.000000,12.534423,4.593205
16.710774,-82.344400,-274.000000,12.298662,4.582687
17.230774,-82.344400,-274.000000,12.383543,4.568540
17.750774,-82.344400,-274.000000,12.148075,4.589554
18.270774,-82.344400,-274.000000,12.270569,4.580609
18.790774,-82.344400,-274.000000,12.107885,4.602915
19.310774,-82.344400,-274.000000,12.548068,4.627427
19.830774,-82.344400,-274.000000,12.485277,4.667438
20.350774,-82.344400,-274.000000,12.726127,4.681878
20.870774,-82.344400,-274.000000,12.274501,4.617329
21.390774,-82.344400,-274.000000,12.259280,4.639259
21.910774,-82.344400,-274.000000,12.405756,4.701347
22.430774,-82.344400,-274.000000,12.402265,4.685667
22.950774,-82.344400,-274.000000,12.424647,4.682810
23.470774,-82.344400,-274.000000,12.557846,4.668439
23.990774,-82.344400,-274.000000,12.112404,4.601194
24.510774,-82.344400,-274.000000,12.333782,4.668282
25.030774,-82.344400,-274.000000,12.364065,4.643023
25.550774,-82.344400,-274.000000,12.448585,4.730266
26.070774,-82.344400,-274.000000,12.318143,4.711227
26.590774,-82.344400,-274.000000,12.282962,4.710588
27.110774,-82.344400,-274.000000,12.518842,4.651848
27.630774,-82.344400,-274.000000,12.294219,4.648352
28.150774,-82.344400,-274.000000,12.408386,4.697981
28.670774,-82.344400,-274.000000,12.273133,4.651363
29.190774,-82.344400,-274.000000,12.273999,4.703575
29.710774,-82.344400,-274.000000,12.329871,4.676374
30.230774,-82.344400,-274.000000,12.290475,4.658861
30.750774,-82.344400,-274.000000,12.473863,4.669719
31.270774,-82.344400,-274.000000,12.485217,4.673287
31.790774,-82.344400,-274.000000,12.252072,4.640580
32.310774,-82.344400,-274.000000,12.553591,4.730344
32.830774,-82.344400,-274.000000,12.550653,4.691175
33.350774,-82.344400,-274.000000,12.343475,4.703973
33.870774,-82.344400,-274.000000,12.366313,4.733346
34.390774,-82.344400,-274.000000,12.396239,4.693073
34.910774,-82.344400,-274.000000,12.294750,4.701911
35.430774,-82.344400,-274.000000,12.085036,4.658473
35.950774,-82.344400,-274.000000,12.046463,4.663009
36.470774,-82.344400,-274.000000,12.392489,4.660846
36.990774,-82.344400,-274.000000,12.356843,4.709090
37.510774,-82.344400,-274.000000,12.383706,4.709330
38.030774,-82.344400,-274.000000,12.416413,4.695392
38.550774,-82.344400,-274.000000,12.254973,4.670419
39.070774,-82.344400,-274.000000,12.450851,4.725568
39.590774,-82.344400,-274.000000,12.249422,4.711235
40.110774,-82.344400,-274.000000,12.459580,4.718120
40.630774,-82.344400,-274.000000,12.241930,4.681458
41.150774,-82.344400,-274.000000,12.367401,4.678840
41.670774,-82.344400,-274.000000,12.227612,4.620159
42.190774,-82.344400,-274.000000,12.464613,4.790949
42.710774,-82.344400,-274.000000,12.415504,4.702200
43.230774,-82.344400,-274.000000,12.324839,4.666996
43.750774,-82.344400,-274.000000,12.240307,4.665456
44.270774,-82.344400,-274.000000,12.239675,4.654727
44.790774,-82.344400,-274.000000,12.432788,4.691617
45.310774,-82.344400,-274.000000,12.338962,4.750970
45.830774,-82.344400,-274.000000,12.410471,4.698927
46.350774,-82.344400,-274.000000,12.488524,4.697978
46.870774,-82.344400,-274.000000,12.343169,4.652541
47.390774,-82.344400,-274.000000,12.477082,4.714916
47.910774,-82.344400,-274.000000,12.445473,4.707685
48.430774,-82.344400,-274.000000,12.522223,4.748544
48.950774,-82.344400,-274.000000,12.649980,4.730263
49.470774,-82.344400,-274.000000,12.346801,4.680757
49.990774,-82.344400,-274.000000,12.480861,4.737670
50.510774,-82.344400,-274.000000,12.307640,4.722596
51.030774,-82.344400,-274.000000,12.256273,4.683665
51.550774,-82.344400,-274.000000,12.239657,4.740966
52.070774,-82.344400,-274.000000,12.297341,4.749112
52.590774,-82.344400,-274.000000,12.204049,4.702159
53.110774,-82.344400,-274.000000,12.474678,4.742680
53.630774,-82.344400,-274.000000,12.390325,4.708949
54.150774,-82.344400,-274.000000,12.190330,4.700325
54.670774,-82.344400,-274.000000,12.222098,4.689075
55.190774,-82.344400,-274.000000,12.554403,4.665577
55.710774,-82.344400,-274.000000,12.138015,4.720271
56.230774,-82.344400,-274.000000,12.281492,4.705078
56.750774,-82.344400,-274.000000,12.390153,4.733728
57.270774,-82.344400,-274.000000,12.500998,4.729273
57.790774,-82.344400,-274.000000,12.360553,4.703924
58.310774,-82.344400,-274.000000,12.407870,4.705258
58.830774,-82.344400,-274.000000,12.207927,4.644162
59.350774,-82.344400,-274.000000,12.394378,4.703939
59.870774,-82.344400,-274.000000,12.502758,4.704091
60.390774,-82.344400,-274.000000,12.263741,4.683423
60.910774,-82.344400,-274.000000,12.383880,4.708422
61.430774,-82.344400,-274.000000,12.407149,4.698340
61.950774,-82.344400,-274.000000,12.258245,4.683744
62.470774,-82.344400,-274.000000,12.363589,4.708031
62.990774,-82.344400,-274.000000,12.427029,4.735468
63.510774,-82.344400,-274.000000,12.288367,4.705450
64.030774,-82.344400,-274.000000,12.824702,4.734329
64.550774,-82.344400,-274.000000,12.199563,4.660570
65.070774,-82.344400,-274.000000,12.560898,4.719444
65.590774,-82.344400,-274.000000,12.274725,4.696924
66.110774,-82.344400,-274.000000,12.348338,4.688023
66.630774,-82.344400,-274.000000,12.290748,4.684898
67.150774,-82.344400,-274.000000,12.454781,4.704989
67.670774,-82.344400,-274.000000,12.384246,4.660516
68.190774,-82.344400,-274.000000,12.343380,4.696440
68.710774,-82.344400,-274.000000,12.422450,4.660202
69.230774,-82.344400,-274.000000,12.338460,4.683367
69.750774,-82.344400,-274.000000,12.169048,4.646805
70.270774,-82.344400,-274.000000,12.370247,4.648544
70.790774,-82.344400,-274.000000,12.574861,4.706940
71.310774,-82.344400,-274.000000,12.338030,4.656600
13.070774,-81.824400,-274.000000,12.515470,4.464667
13.590774,-81.824400,-274.000000,12.299460,4.515723
14.110774,-81.824400,-274.000000,12.517231,4.512666
14.630774,-81.824400,-274.000000,12.138648,4.496599
15.150774,-81.824400,-274.000000,12.536302,4.635340
15.670774,-81.824400,-274.000000,12.618961,4.630981
16.190774,-81.824400,-274.000000,12.565560,4.610529
16.710774,-81.824400,-274.000000,12.214746,4.570987
17.230774,-81.824400,-274.000000,12.357851,4.571025
17.750774,-81.824400,-274.000000,12.117855,4.599050
18.270774,-81.824400,-274.000000,12.311304,4.584287
18.790774,-81.824400,-274.000000,12.097211,4.618421
19.310774,-81.824400,-274.000000,12.609288,4.642430
19.830774,-81.824400,-274.000000,12.407735,4.665494
20.350774,-81.824400,-274.000000,12.693521,4.678271
20.870774,-81.824400,-274.000000,12.322284,4.620759
21.390774,-81.824400,-274.000000,12.236243,4.637661
21.910774,-81.824400,-274.000000,12.394645,4.721355
22.430774,-81.824400,-274.000000,12.455158,4.691693
22.950774,-81.824400,-274.000000,12.418520,4.685289
23.470774,-81.824400,-274.000000,12.559463,4.676354
23.990774,-81.824400,-274.000000,12.195578,4.627566
24.510774,-81.824400,-274.000000,12.309117,4.663756
25.030774,-81.824400,-274.000000,12.358203,4.659641
25.550774,-81.824400,-274.000000,12.416100,4.721349
26.070774,-81.824400,-274.000000,12.271655,4.723525
26.590774,-81.824400,-274.000000,12.311119,4.716318
27.110774,-81.824400,-274.000000,12.467994,4.648758
27.630774,-81.824400,-274.000000,12.290205,4.651433
28.150774,-81.824400,-274.000000,12.371119,4.688641
28.670774,-81.824400,-274.000000,12.286335,4.657859
29.190774,-81.824400,-274.000000,12.260826,4.710951
29.710774,-81.824400,-274.000000,12.299508,4.671985
30.230774,-81.824400,-274.000000,12.268491,4.657383
30.750774,-81.824400,-274.000000,12.493475,4.676522
31.270774,-81.824400,-274.000000,12.486327,4.678725
31.790774,-81.824400,-274.000000,12.258474,4.642290
32.310774,-81.824400,-274.000000,12.538173,4.722716
32.830774,-81.824400,-274.000000,12.537292,4.703550
33.350774,-81.824400,-274.000000,12.406985,4.709114
33.870774,-81.824400,-274.000000,12.362271,4.747632
34.390774,-81.824400,-274.000000,12.347091,4.700002
34.910774,-81.824400,-274.000000,12.347470,4.700782
35.430774,-81.824400,-274.000000,12.092441,4.662542
35.950774,-81.824400,-274.000000,12.039085,4.669943
36.470774,-81.824400,-274.000000,12.307558,4.644663
36.990774,-81.824400,-274.000000,12.342613,4.708271
37.510774,-81.824400,-274.000000,12.400322,4.742029
38.030774,-81.824400,-274.000000,12.397271,4.706234
38.550774,-81.824400,-274.000000,12.210322,4.680570
39.070774,-81.824400,-274.000000,12.462688,4.713504
39.590774,-81.824400,-274.000000,12.220019,4.705208
40.110774,-81.824400,-274.000000,12.471605,4.718961
40.630774,-81.824400,-274.000000,12.214099,4.691538
41.150774,-81.824400,-274.000000,12.320115,4.698039
41.670774,-81.824400,-274.000000,12.237265,4.616739
42.190774,-81.824400,-274.000000,12.424045,4.774488
42.710774,-81.824400,-274.000000,12.350780,4.691159
43.230774,-81.824400,-274.000000,12.407310,4.696272
43.750774,-81.824400,-274.000000,12.210134,4.687895
44.270774,-81.824400,-274.000000,12.215083,4.648510
44.790774,-81.824400,-274.000000,12.475284,4.701914
45.310774,-81.824400,-274.000000,12.373281,4.757253
45.830774,-81.824400,-274.000000,12.423368,4.699397
46.350774,-81.824400,-274.000000,12.386124,4.692359
46.870774,-81.824400,-274.000000,12.412204,4.657348
47.390774,-81.824400,-274.000000,12.463384,4.720812
47.910774,-81.824400,-274.000000,12.468611,4.691213
48.430774,-81.824400,-274.000000,12.456905,4.746864
48.950774,-81.824400,-274.000000,12.601399,4.742037
49.470774,-81.824400,-274.000000,12.385141,4.688527
49.990774,-81.824400,-274.000000,12.459011,4.739053
50.510774,-81.824400,-274.000000,12.263184,4.710245
51.030774,-81.824400,-274.000000,12.206617,4.662592
51.550774,-81.824400,-274.000000,12.227686,4.748836
52.070774,-81.824400,-274.000000,12.243503,4.752865
52.590774,-81.824400,-274.000000,12.229473,4.710017
53.110774,-81.824400,-274.000000,12.508455,4.750242
53.630774,-81.824400,-274.000000,12.397771,4.719825
54.150774,-81.824400,-274.000000,12.183117,4.710637
54.670774,-81.824400,-274.000000,12.256637,4.689221
55.190774,-81.824400,-274.000000,12.504048,4.675474
55.710774,-81.824400,-274.000000,12.181952,4.732613
56.230774,-81.824400,-274.000000,12.291197,4.710163
56.750774,-81.824400,-274.000000,12.342958,4.727477
57.270774,-81.824400,-274.000000,12.404151,4.718607
57.790774,-81.824400,-274.000000,12.383731,4.713696
58.310774,-81.824400,-274.000000,12.388128,4.697932
58.830774,-81.824400,-274.000000,12.223587,4.670056
59.350774,-81.824400,-274.000000,12.358386,4.714050
59.870774,-81.824400,-274.000000,12.446589,4.699584
60.390774,-81.824400,-274.000000,12.275765,4.689682
60.910774,-81.824400,-274.000000,12.345768,4.718324
61.430774,-81.824400,-274.000000,12.351639,4.700581
61.950774,-81.824400,-274.000000,12.314610,4.710561
62.470774,-81.824400,-274.000000,12.331892,4.702821
62.990774,-81.824400,-274.000000,12.378343,4.742907
63.510774,-81.824400,-274.000000,12.308455,4.715514
64.030774,-81.824400,-274.000000,12.738692,4.726341
64.550774,-81.824400,-274.000000,12.250514,4.668293
65.070774,-81.824400,-274.000000,12.498468,4.718807
65.590774,-81.824400,-274.000000,12.305814,4.703026
66.110774,-81.824400,-274.000000,12.288008,4.677132
66.630774,-81.824400,-274.000000,12.310048,4.689567
67.150774,-81.824400,-274.000000,12.487810,4.715541
67.670774,-81.824400,-274.000000,12.355906,4.661034
68.190774,-81.824400,-274.000000,12.311570,4.708742
68.710774,-81.824400,-274.000000,12.387870,4.660592
69.230774,-81.824400,-274.000000,12.303946,4.679146
69.750774,-81.824400,-274.000000,12.135395,4.631195
70.270774,-81.824400,-274.000000,12.390620,4.653885
70.790774,-81.824400,-274.000000,12.502860,4.696501
71.310774,-81.824400,-274.000000,12.365709,4.668925
71.830774,-81.824400,-274.000000,12.324381,4.651960
71.310774,-81.304400,-274.000000,12.303977,4.660501
13.590774,-82.344400,-273.000000,12.397582,4.537548
14.110774,-82.344400,-273.000000,12.366192,4.553144
14.630774,-82.344400,-273.000000,12.165753,4.483926
15.150774,-82.344400,-273.000000,12.562048,4.536389
15.670774,-82.344400,-273.000000,12.395598,4.539323
16.190774,-82.344400,-273.000000,12.235043,4.593245
16.710774,-82.344400,-273.000000,12.307971,4.618274
17.230774,-82.344400,-273.000000,12.324656,4.618311
17.750774,-82.344400,-273.000000,12.542994,4.628843
18.270774,-82.344400,-273.000000,12.322182,4.628695
18.790774,-82.344400,-273.000000,12.374232,4.648014
19.310774,-82.344400,-273.000000,12.457948,4.639476
19.830774,-82.344400,-273.000000,12.155279,4.612954
20.350774,-82.344400,-273.000000,12.523133,4.698021
20.870774,-82.344400,-273.000000,12.626924,4.671643
21.390774,-82.344400,-273.000000,12.271632,4.692343
21.910774,-82.344400,-273.000000,12.343160,4.682144
22.430774,-82.344400,-273.000000,12.390925,4.690467
22.950774,-82.344400,-273.000000,12.299294,4.662857
23.470774,-82.344400,-273.000000,12.107787,4.649290
23.990774,-82.344400,-273.000000,12.244197,4.645475
24.510774,-82.344400,-273.000000,12.493694,4.677101
25.030774,-82.344400,-273.000000,12.189595,4.612552
25.550774,-82.344400,-273.000000,12.431940,4.677200
26.070774,-82.344400,-273.000000,12.222941,4.659082
26.590774,-82.344400,-273.000000,12.285941,4.666893
27.110774,-82.344400,-273.000000,12.441115,4.696115
27.630774,-82.344400,-273.000000,12.315308,4.679086
28.150774,-82.344400,-273.000000,12.296877,4.649086
28.670774,-82.344400,-273.000000,12.553492,4.774285
29.190774,-82.344400,-273.000000,12.439544,4.704623
29.710774,-82.344400,-273.000000,12.331036,4.708412
30.230774,-82.344400,-273.000000,12.557288,4.726465
30.750774,-82.344400,-273.000000,12.457981,4.672265
31.270774,-82.344400,-273.000000,12.550118,4.698500
31.790774,-82.344400,-273.000000,12.488626,4.751509
32.310774,-82.344400,-273.000000,12.396750,4.721078
32.830774,-82.344400,-273.000000,12.295266,4.698892
33.350774,-82.344400,-273.000000,12.552585,4.681119
33.870774,-82.344400,-273.000000,12.427402,4.672698
34.390774,-82.344400,-273.000000,12.581912,4.704121
34.910774,-82.344400,-273.000000,12.354831,4.672194
35.430774,-82.344400,-273.000000,12.773102,4.785485
35.950774,-82.344400,-273.000000,12.407164,4.713368
36.470774,-82.344400,-273.000000,12.335990,4.683914
36.990774,-82.344400,-273.000000,12.371593,4.666803
37.510774,-82.344400,-273.000000,12.481557,4.668495
38.030774,-82.344400,-273.000000,12.371524,4.696333
38.550774,-82.344400,-273.000000,12.420361,4.712979
39.070774,-82.344400,-273.000000,12.378410,4.692601
39.590774,-82.344400,-273.000000,12.295600,4.710821
40.110774,-82.344400,-273.000000,12.443423,4.722569
40.630774,-82.344400,-273.000000,12.404414,4.707922
41.150774,-82.344400,-273.000000,12.242155,4.631352
41.670774,-82.344400,-273.000000,12.569377,4.765570
42.190774,-82.344400,-273.000000,12.070109,4.655516
42.710774,-82.344400,-273.000000,12.271734,4.689643
43.230774,-82.344400,-273.000000,12.386707,4.731768
43.750774,-82.344400,-273.000000,12.521876,4.721558
44.270774,-82.344400,-273.000000,12.384088,4.731357
44.790774,-82.344400,-273.000000,12.297992,4.685217
45.310774,-82.344400,-273.000000,12.431939,4.722888
45.830774,-82.344400,-273.000000,12.528738,4.686024
46.350774,-82.344400,-273.000000,12.375513,4.648467
46.870774,-82.344400,-273.000000,12.257176,4.705946
47.390774,-82.344400,-273.000000,12.250245,4.653756
47.910774,-82.344400,-273.000000,12.444095,4.725322
48.430774,-82.344400,-273.000000,12.374309,4.693389
48.950774,-82.344400,-273.000000,12.235427,4.650194
49.470774,-82.344400,-273.000000,12.351279,4.699450
49.990774,-82.344400,-273.000000,12.395801,4.722126
50.510774,-82.344400,-273.000000,12.259150,4.765861
51.030774,-82.344400,-273.000000,12.312753,4.706178
51.550774,-82.344400,-273.000000,12.283006,4.707030
52.070774,-82.344400,-273.000000,12.458205,4.702055
52.590774,-82.344400,-273.000000,12.258674,4.725017
53.110774,-82.344400,-273.000000,12.534316,4.727709
53.630774,-82.344400,-273.000000,12.344382,4.701627
54.150774,-82.344400,-273.000000,12.366572,4.697687
54.670774,-82.344400,-273.000000,12.511004,4.738230
55.190774,-82.344400,-273.000000,12.494674,4.697064
55.710774,-82.344400,-273.000000,12.465264,4.691796
56.230774,-82.344400,-273.000000,12.646678,4.725162
56.750774,-82.344400,-273.000000,12.158684,4.681272
57.270774,-82.344400,-273.000000,12.539775,4.713233
57.790774,-82.344400,-273.000000,12.389144,4.725497
58.310774,-82.344400,-273.000000,12.372989,4.712701
58.830774,-82.344400,-273.000000,12.354844,4.675954
59.350774,-82.344400,-273.000000,12.304699,4.702652
59.870774,-82.344400,-273.000000,12.401077,4.659872
60.390774,-82.344400,-273.000000,12.265079,4.659957
60.910774,-82.344400,-273.000000,12.326704,4.682284
61.430774,-82.344400,-273.000000,12.267397,4.640954
61.950774,-82.344400,-273.000000,12.500759,4.740721
62.470774,-82.344400,-273.000000,12.467254,4.699226
62.990774,-82.344400,-273.000000,12.487683,4.675035
63.510774,-82.344400,-273.000000,12.385592,4.704510
64.030774,-82.344400,-273.000000,12.321629,4.695448
64.550774,-82.344400,-273.000000,12.434196,4.737283
65.070774,-82.344400,-273.000000,12.300464,4.725001
65.590774,-82.344400,-273.000000,12.369110,4.704925
66.110774,-82.344400,-273.000000,12.432040,4.706467
66.630774,-82.344400,-273.000000,12.323543,4.719500
67.150774,-82.344400,-273.000000,12.508595,4.742711
67.670774,-82.344400,-273.000000,12.533877,4.760467
68.190774,-82.344400,-273.000000,12.465219,4.712173
68.710774,-82.344400,-273.000000,12.363912,4.654522
69.230774,-82.344400,-273.000000,12.460740,4.703284
69.750774,-82.344400,-273.000000,12.423926,4.673765
70.270774,-82.344400,-273.000000,12.455376,4.717212
70.790774,-82.344400,-273.000000,12.246730,4.687271
71.310774,-82.344400,-273.000000,12.549946,4.693231
71.830774,-82.344400,-273.000000,12.410220,4.695914
72.350774,-82.344400,-273.000000,12.309424,4.679144
72.870774,-82.344400,-273.000000,12.246491,4.658874
13.070774,-81.824400,-273.000000,12.417784,4.512786
13.590774,-81.824400,-273.000000,12.356120,4.544687
14.110774,-81.824400,-273.000000,12.329547,4.544394
14.630774,-81.824400,-273.000000,12.174562,4.472244
15.150774,-81.824400,-273.000000,12.600153,4.548170
15.670774,-81.824400,-273.000000,12.357432,4.552801
16.190774,-81.824400,-273.000000,12.203582,4.583651
16.710774,-81.824400,-273.000000,12.317631,4.633725
17.230774,-81.824400,-273.000000,12.406501,4.622280
17.750774,-81.824400,-273.000000,12.414497,4.616639
18.270774,-81.824400,-273.000000,12.382666,4.646131
18.790774,-81.824400,-273.000000,12.397894,4.644147
19.310774,-81.824400,-273.000000,12.415340,4.638359
19.830774,-81.824400,-273.000000,12.191175,4.630271
20.350774,-81.824400,-273.000000,12.470330,4.695244
20.870774,-81.824400,-273.000000,12.634555,4.706581
21.390774,-81.824400,-273.000000,12.278601,4.698184
21.910774,-81.824400,-273.000000,12.283304,4.695790
22.430774,-81.824400,-273.000000,12.416400,4.680710
22.950774,-81.824400,-273.000000,12.188686,4.673838
23.470774,-81.824400,-273.000000,12.192177,4.655950
23.990774,-81.824400,-273.000000,12.175769,4.633872
24.510774,-81.824400,-273.000000,12.493136,4.698422
25.030774,-81.824400,-273.000000,12.156337,4.607559
25.550774,-81.824400,-273.000000,12.389503,4.686411
26.070774,-81.824400,-273.000000,12.310023,4.657917
26.590774,-81.824400,-273.000000,12.299159,4.672439
27.110774,-81.824400,-273.000000,12.413061,4.698798
27.630774,-81.824400,-273.000000,12.286345,4.688519
28.150774,-81.824400,-273.000000,12.265609,4.638919
28.670774,-81.824400,-273.000000,12.500888,4.766097
29.190774,-81.824400,-273.000000,12.376849,4.713893
29.710774,-81.824400,-273.000000,12.349384,4.718122
30.230774,-81.824400,-273.000000,12.541686,4.727303
30.750774,-81.824400,-273.000000,12.452964,4.703363
31.270774,-81.824400,-273.000000,12.565112,4.714937
31.790774,-81.824400,-273.000000,12.438356,4.732257
32.310774,-81.824400,-273.000000,12.380881,4.721345
32.830774,-81.824400,-273.000000,12.266547,4.699136
33.350774,-81.824400,-273.000000,12.501143,4.688996
33.870774,-81.824400,-273.000000,12.388431,4.669410
34.390774,-81.824400,-273.000000,12.534583,4.689313
34.910774,-81.824400,-273.000000,12.309964,4.670232
35.430774,-81.824400,-273.000000,12.739085,4.790285
35.950774,-81.824400,-273.000000,12.442149,4.730599
36.470774,-81.824400,-273.000000,12.304656,4.673448
36.990774,-81.824400,-273.000000,12.468311,4.698778
37.510774,-81.824400,-273.000000,12.433990,4.638638
38.030774,-81.824400,-273.000000,12.362967,4.713020
38.550774,-81.824400,-273.000000,12.437268,4.697893
39.070774,-81.824400,-273.000000,12.287133,4.689593
39.590774,-81.824400,-273.000000,12.281759,4.717792
40.110774,-81.824400,-273.000000,12.434150,4.704055
40.630774,-81.824400,-273.000000,12.378386,4.729910
41.150774,-81.824400,-273.000000,12.161319,4.629553
41.670774,-81.824400,-273.000000,12.548921,4.746264
42.190774,-81.824400,-273.000000,12.065780,4.666326
42.710774,-81.824400,-273.000000,12.275544,4.711405
43.230774,-81.824400,-273.000000,12.327292,4.735977
43.750774,-81.824400,-273.000000,12.500537,4.711971
44.270774,-81.824400,-273.000000,12.342031,4.737819
44.790774,-81.824400,-273.000000,12.332381,4.691302
45.310774,-81.824400,-273.000000,12.425891,4.742833
45.830774,-81.824400,-273.000000,12.506414,4.677284
46.350774,-81.824400,-273.000000,12.310434,4.647623
46.870774,-81.824400,-273.000000,12.243425,4.692205
47.390774,-81.824400,-273.000000,12.172890,4.659338
47.910774,-81.824400,-273.000000,12.435061,4.740405
48.430774,-81.824400,-273.000000,12.361691,4.711262
48.950774,-81.824400,-273.000000,12.250749,4.663476
49.470774,-81.824400,-273.000000,12.365950,4.685868
49.990774,-81.824400,-273.000000,12.429325,4.740454
50.510774,-81.824400,-273.000000,12.279222,4.774512
51.030774,-81.824400,-273.000000,12.328136,4.714803
51.550774,-81.824400,-273.000000,12.290160,4.711789
52.070774,-81.824400,-273.000000,12.419440,4.697094
52.590774,-81.824400,-273.000000,12.285021,4.730810
53.110774,-81.824400,-273.000000,12.428333,4.724281
53.630774,-81.824400,-273.000000,12.338154,4.717629
54.150774,-81.824400,-273.000000,12.399808,4.716744
54.670774,-81.824400,-273.000000,12.478984,4.735643
55.190774,-81.824400,-273.000000,12.448465,4.703030
55.710774,-81.824400,-273.000000,12.430672,4.722345
56.230774,-81.824400,-273.000000,12.576397,4.721937
56.750774,-81.824400,-273.000000,12.297879,4.695249
57.270774,-81.824400,-273.000000,12.478179,4.724147
57.790774,-81.824400,-273.000000,12.437591,4.731817
58.310774,-81.824400,-273.000000,12.397128,4.721251
58.830774,-81.824400,-273.000000,12.356200,4.673761
59.350774,-81.824400,-273.000000,12.406309,4.730120
59.870774,-81.824400,-273.000000,12.352501,4.645458
60.390774,-81.824400,-273.000000,12.297824,4.663994
60.910774,-81.824400,-273.000000,12.325353,4.677519
61.430774,-81.824400,-273.000000,12.233948,4.635416
61.950774,-81.824400,-273.000000,12.426736,4.729523
62.470774,-81.824400,-273.000000,12.484717,4.694874
62.990774,-81.824400,-273.000000,12.461256,4.681623
63.510774,-81.824400,-273.000000,12.419025,4.717577
64.030774,-81.824400,-273.000000,12.319893,4.710163
64.550774,-81.824400,-273.000000,12.309840,4.724826
65.070774,-81.824400,-273.000000,12.326647,4.728476
65.590774,-81.824400,-273.000000,12.446039,4.706607
66.110774,-81.824400,-273.000000,12.381898,4.713103
66.630774,-81.824400,-273.000000,12.333298,4.705474
67.150774,-81.824400,-273.000000,12.493678,4.737788
67.670774,-81.824400,-273.000000,12.483815,4.766072
68.190774,-81.824400,-273.000000,12.501421,4.729538
68.710774,-81.824400,-273.000000,12.391383,4.664815
69.230774,-81.824400,-273.000000,12.530860,4.727855
69.750774,-81.824400,-273.000000,12.412823,4.678574
70.270774,-81.824400,-273.000000,12.432420,4.729633
70.790774,-81.824400,-273.000000,12.252216,4.688449
71.310774,-81.824400,-273.000000,12.482276,4.697500
71.830774,-81.824400,-273.000000,12.358282,4.699583
72.350774,-81.824400,-273.000000,12.341809,4.691955
72.870774,-81.824400,-273.000000,12.300081,4.668458
73.390774,-81.824400,-273.000000,12.105895,4.601522
72.870774,-81.304400,-273.000000,12.261073,4.660270
13.590774,-82.344400,-272.000000,12.364409,4.528274
14.110774,-82.344400,-272.000000,12.279930,4.522016
14.630774,-82.344400,-272.000000,12.503519,4.586257
15.150774,-82.344400,-272.000000,12.523918,4.566459
15.670774,-82.344400,-272.000000,12.591462,4.613706
16.190774,-82.344400,-272.000000,12.239881,4.539036
16.710774,-82.344400,-272.000000,12.298003,4.598692
17.230774,-82.344400,-272.000000,12.283582,4.616303
17.750774,-82.344400,-272.000000,12.220665,4.609688
18.270774,-82.344400,-272.000000,12.283816,4.567210
18.790774,-82.344400,-272.000000,12.520398,4.651423
19.310774,-82.344400,-272.000000,12.344174,4.598801
19.830774,-82.344400,-272.000000,12.288426,4.649118
20.350774,-82.344400,-272.000000,12.105329,4.563984
20.870774,-82.344400,-272.000000,12.571707,4.689506
21.390774,-82.344400,-272.000000,12.619609,4.654353
21.910774,-82.344400,-272.000000,12.320150,4.652965
22.430774,-82.344400,-272.000000,12.200015,4.641194
22.950774,-82.344400,-272.000000,12.218653,4.666031
23.470774,-82.344400,-272.000000,12.300394,4.618791
23.990774,-82.344400,-272.000000,12.305923,4.621535
24.510774,-82.344400,-272.000000,12.326054,4.623641
25.030774,-82.344400,-272.000000,12.271673,4.688416
25.550774,-82.344400,-272.000000,12.667076,4.751776
26.070774,-82.344400,-272.000000,12.512301,4.726365
26.590774,-82.344400,-272.000000,12.272482,4.655957
27.110774,-82.344400,-272.000000,12.255909,4.709891
27.630774,-82.344400,-272.000000,12.415415,4.673600
28.150774,-82.344400,-272.000000,12.331000,4.664395
28.670774,-82.344400,-272.000000,12.371140,4.700078
29.190774,-82.344400,-272.000000,12.386104,4.639857
29.710774,-82.344400,-272.000000,12.452170,4.697796
30.230774,-82.344400,-272.000000,12.263436,4.676860
30.750774,-82.344400,-272.000000,12.354701,4.684866
31.270774,-82.344400,-272.000000,12.333950,4.724681
31.790774,-82.344400,-272.000000,12.488680,4.717379
32.310774,-82.344400,-272.000000,12.367949,4.662623
32.830774,-82.344400,-272.000000,12.227947,4.692708
33.350774,-82.344400,-272.000000,12.207393,4.698418
33.870774,-82.344400,-272.000000,12.300756,4.688259
34.390774,-82.344400,-272.000000,12.347857,4.665062
34.910774,-82.344400,-272.000000,12.313853,4.708617
35.430774,-82.344400,-272.000000,12.323695,4.712956
35.950774,-82.344400,-272.000000,12.376484,4.652571
36.470774,-82.344400,-272.000000,12.346153,4.673723
36.990774,-82.344400,-272.000000,12.511409,4.660893
37.510774,-82.344400,-272.000000,12.436223,4.690732
38.030774,-82.344400,-272.000000,12.261155,4.707319
38.550774,-82.344400,-272.000000,12.316260,4.700814
39.070774,-82.344400,-272.000000,12.363338,4.723588
39.590774,-82.344400,-272.000000,12.504683,4.702744
40.110774,-82.344400,-272.000000,12.271394,4.726934
40.630774,-82.344400,-272.000000,12.247491,4.648702
41.150774,-82.344400,-272.000000,12.397418,4.670131
41.670774,-82.344400,-272.000000,12.340901,4.676230
42.190774,-82.344400,-272.000000,12.291581,4.678282
42.710774,-82.344400,-272.000000,12.132376,4.666909
43.230774,-82.344400,-272.000000,12.084416,4.669331
43.750774,-82.344400,-272.000000,12.395728,4.690490
44.270774,-82.344400,-272.000000,12.374953,4.732771
44.790774,-82.344400,-272.000000,12.400438,4.734644
45.310774,-82.344400,-272.000000,12.383854,4.722768
45.830774,-82.344400,-272.000000,12.459217,4.626631
46.350774,-82.344400,-272.000000,12.179015,4.652005
46.870774,-82.344400,-272.000000,12.071373,4.683633
47.390774,-82.344400,-272.000000,12.491731,4.694812
47.910774,-82.344400,-272.000000,12.351564,4.704018
48.430774,-82.344400,-272.000000,12.364712,4.696849
48.950774,-82.344400,-272.000000,12.464477,4.709342
49.470774,-82.344400,-272.000000,12.422429,4.729270
49.990774,-82.344400,-272.000000,12.307408,4.647182
50.510774,-82.344400,-272.000000,12.321989,4.649705
51.030774,-82.344400,-272.000000,12.272151,4.685361
51.550774,-82.344400,-272.000000,12.386405,4.730882
52.070774,-82.344400,-272.000000,12.461665,4.689632
52.590774,-82.344400,-272.000000,12.401350,4.672264
53.110774,-82.344400,-272.000000,12.427054,4.726673
53.630774,-82.344400,-272.000000,12.429205,4.706048
54.150774,-82.344400,-272.000000,12.437568,4.710634
54.670774,-82.344400,-272.000000,12.432392,4.647420
55.190774,-82.344400,-272.000000,12.193197,4.703193
55.710774,-82.344400,-272.000000,12.520573,4.752971
56.230774,-82.344400,-272.000000,12.282574,4.681266
56.750774,-82.344400,-272.000000,12.462416,4.738170
57.270774,-82.344400,-272.000000,12.173559,4.674989
57.790774,-82.344400,-272.000000,12.396600,4.713006
58.310774,-82.344400,-272.000000,12.252481,4.670131
58.830774,-82.344400,-272.000000,12.387438,4.666149
59.350774,-82.344400,-272.000000,12.415879,4.703283
59.870774,-82.344400,-272.000000,11.984689,4.710250
60.390774,-82.344400,-272.000000,12.366302,4.692121
60.910774,-82.344400,-272.000000,12.353116,4.694697
61.430774,-82.344400,-272.000000,12.454669,4.729174
61.950774,-82.344400,-272.000000,12.169977,4.696826
62.470774,-82.344400,-272.000000,12.256854,4.698677
62.990774,-82.344400,-272.000000,12.337893,4.683662
63.510774,-82.344400,-272.000000,12.183753,4.724681
64.030774,-82.344400,-272.000000,12.488330,4.732160
64.550774,-82.344400,-272.000000,12.264433,4.698433
65.070774,-82.344400,-272.000000,12.767709,4.741797
65.590774,-82.344400,-272.000000,12.380793,4.690020
66.110774,-82.344400,-272.000000,12.171039,4.716070
66.630774,-82.344400,-272.000000,12.425439,4.680282
67.150774,-82.344400,-272.000000,12.239893,4.680668
67.670774,-82.344400,-272.000000,12.330981,4.699258
68.190774,-82.344400,-272.000000,12.385073,4.697293
68.710774,-82.344400,-272.000000,12.482577,4.735532
69.230774,-82.344400,-272.000000,12.382151,4.661544
69.750774,-82.344400,-272.000000,12.412833,4.662344
70.270774,-82.344400,-272.000000,12.275889,4.681515
70.790774,-82.344400,-272.000000,12.277914,4.677015
71.310774,-82.344400,-272.000000,12.341647,4.662232
71.830774,-82.344400,-272.000000,12.453116,4.699297
72.350774,-82.344400,-272.000000,12.297320,4.675549
72.870774,-82.344400,-272.000000,12.268655,4.700331
73.390774,-82.344400,-272.000000,12.508378,4.679512
73.910774,-82.344400,-272.000000,12.229457,4.613307
74.430774,-82.344400,-272.000000,12.343814,4.692307
13.070774,-81.824400,-272.000000,12.635889,4.514675
13.590774,-81.824400,-272.000000,12.348286,4.514879
14.110774,-81.824400,-272.000000,12.287515,4.541788
14.630774,-81.824400,-272.000000,12.502443,4.577196
15.150774,-81.824400,-272.000000,12.513770,4.585082
15.670774,-81.824400,-272.000000,12.566845,4.595689
16.190774,-81.824400,-272.000000,12.291820,4.564559
16.710774,-81.824400,-272.000000,12.299250,4.602407
17.230774,-81.824400,-272.000000,12.311168,4.627249
17.750774,-81.824400,-272.000000,12.218626,4.609890
18.270774,-81.824400,-272.000000,12.233848,4.575725
18.790774,-81.824400,-272.000000,12.442217,4.625473
19.310774,-81.824400,-272.000000,12.384920,4.622919
19.830774,-81.824400,-272.000000,12.234553,4.623642
20.350774,-81.824400,-272.000000,12.173121,4.572856
20.870774,-81.824400,-272.000000,12.574771,4.693141
21.390774,-81.824400,-272.000000,12.522456,4.638180
21.910774,-81.824400,-272.000000,12.361071,4.666947
22.430774,-81.824400,-272.000000,12.165667,4.640513
22.950774,-81.824400,-272.000000,12.228618,4.652349
23.470774,-81.824400,-272.000000,12.239287,4.608481
23.990774,-81.824400,-272.000000,12.295187,4.639527
24.510774,-81.824400,-272.000000,12.394069,4.648548
25.030774,-81.824400,-272.000000,12.279207,4.704064
25.550774,-81.824400,-272.000000,12.574146,4.751395
26.070774,-81.824400,-272.000000,12.467952,4.742969
26.590774,-81.824400,-272.000000,12.251264,4.653020
27.110774,-81.824400,-272.000000,12.273864,4.736231
27.630774,-81.824400,-272.000000,12.370597,4.676452
28.150774,-81.824400,-272.000000,12.388343,4.671644
28.670774,-81.824400,-272.000000,12.360895,4.719572
29.190774,-81.824400,-272.000000,12.316213,4.633597
29.710774,-81.824400,-272.000000,12.360152,4.697291
30.230774,-81.824400,-272.000000,12.381527,4.693467
30.750774,-81.824400,-272.000000,12.216087,4.673745
31.270774,-81.824400,-272.000000,12.346671,4.750019
31.790774,-81.824400,-272.000000,12.504118,4.738891
32.310774,-81.824400,-272.000000,12.298197,4.676231
32.830774,-81.824400,-272.000000,12.172716,4.684402
33.350774,-81.824400,-272.000000,12.265135,4.716162
33.870774,-81.824400,-272.000000,12.292890,4.710071
34.390774,-81.824400,-272.000000,12.370249,4.673359
34.910774,-81.824400,-272.000000,12.365871,4.718576
35.430774,-81.824400,-272.000000,12.307071,4.703734
35.950774,-81.824400,-272.000000,12.353787,4.661560
36.470774,-81.824400,-272.000000,12.264140,4.668424
36.990774,-81.824400,-272.000000,12.435805,4.663134
37.510774,-81.824400,-272.000000,12.469428,4.684236
38.030774,-81.824400,-272.000000,12.301643,4.716410
38.550774,-81.824400,-272.000000,12.226026,4.693671
39.070774,-81.824400,-272.000000,12.344646,4.744432
39.590774,-81.824400,-272.000000,12.572689,4.723051
40.110774,-81.824400,-272.000000,12.214095,4.721321
40.630774,-81.824400,-272.000000,12.250906,4.648010
41.150774,-81.824400,-272.000000,12.360351,4.671565
41.670774,-81.824400,-272.000000,12.321075,4.689514
42.190774,-81.824400,-272.000000,12.281897,4.679566
42.710774,-81.824400,-272.000000,12.058472,4.670279
43.230774,-81.824400,-272.000000,12.122715,4.671266
43.750774,-81.824400,-272.000000,12.404219,4.697390
44.270774,-81.824400,-272.000000,12.397403,4.738131
44.790774,-81.824400,-272.000000,12.403764,4.727409
45.310774,-81.824400,-272.000000,12.447723,4.718824
45.830774,-81.824400,-272.000000,12.366061,4.630039
46.350774,-81.824400,-272.000000,12.184354,4.678010
46.870774,-81.824400,-272.000000,12.022937,4.662287
47.390774,-81.824400,-272.000000,12.475085,4.684076
47.910774,-81.824400,-272.000000,12.327891,4.729072
48.430774,-81.824400,-272.000000,12.323217,4.708523
48.950774,-81.824400,-272.000000,12.541142,4.725966
49.470774,-81.824400,-272.000000,12.362889,4.744094
49.990774,-81.824400,-272.000000,12.268766,4.648116
50.510774,-81.824400,-272.000000,12.319685,4.639982
51.030774,-81.824400,-272.000000,12.242426,4.681891
51.550774,-81.824400,-272.000000,12.363585,4.729848
52.070774,-81.824400,-272.000000,12.443491,4.701342
52.590774,-81.824400,-272.000000,12.375938,4.674279
53.110774,-81.824400,-272.000000,12.500086,4.728718
53.630774,-81.824400,-272.000000,12.358199,4.706367
54.150774,-81.824400,-272.000000,12.428814,4.697424
54.670774,-81.824400,-272.000000,12.403399,4.659857
55.190774,-81.824400,-272.000000,12.243488,4.724893
55.710774,-81.824400,-272.000000,12.549163,4.736996
56.230774,-81.824400,-272.000000,12.211360,4.683162
56.750774,-81.824400,-272.000000,12.410295,4.732960
57.270774,-81.824400,-272.000000,12.242825,4.700921
57.790774,-81.824400,-272.000000,12.405909,4.716600
58.310774,-81.824400,-272.000000,12.196172,4.675858
58.830774,-81.824400,-272.000000,12.351274,4.681634
59.350774,-81.824400,-272.000000,12.418022,4.718690
59.870774,-81.824400,-272.000000,12.001829,4.737765
60.390774,-81.824400,-272.000000,12.348590,4.684634
60.910774,-81.824400,-272.000000,12.321609,4.688004
61.430774,-81.824400,-272.000000,12.525441,4.758575
61.950774,-81.824400,-272.000000,12.189894,4.703364
62.470774,-81.824400,-272.000000,12.251273,4.692731
62.990774,-81.824400,-272.000000,12.298319,4.673083
63.510774,-81.824400,-272.000000,12.119633,4.719857
64.030774,-81.824400,-272.000000,12.415280,4.740211
64.550774,-81.824400,-272.000000,12.262531,4.721306
65.070774,-81.824400,-272.000000,12.660052,4.730898
65.590774,-81.824400,-272.000000,12.355020,4.694950
66.110774,-81.824400,-272.000000,12.195572,4.726540
66.630774,-81.824400,-272.000000,12.370590,4.691317
67.150774,-81.824400,-272.000000,12.269718,4.694280
67.670774,-81.824400,-272.000000,12.313766,4.700473
68.190774,-81.824400,-272.000000,12.334834,4.703856
68.710774,-81.824400,-272.000000,12.494729,4.725803
69.230774,-81.824400,-272.000000,12.422157,4.666164
69.750774,-81.824400,-272.000000,12.457760,4.679708
70.270774,-81.824400,-272.000000,12.273864,4.695953
70.790774,-81.824400,-272.000000,12.241092,4.655978
71.310774,-81.824400,-272.000000,12.401153,4.699925
71.830774,-81.824400,-272.000000,12.385338,4.694719
72.350774,-81.824400,-272.000000,12.284565,4.681666
72.870774,-81.824400,-272.000000,12.270260,4.706557
73.390774,-81.824400,-272.000000,12.433929,4.678001
73.910774,-81.824400,-272.000000,12.168118,4.611133
74.430774,-81.824400,-272.000000,12.313951,4.685541
74.950774,-81.824400,-272.000000,12.423363,4.683942
73.910774,-81.304400,-272.000000,12.223404,4.636965
74.430774,-81.304400,-272.000000,12.305490,4.687978
13.590774,-82.344400,-271.000000,12.462863,4.582395
14.110774,-82.344400,-271.000000,12.355942,4.521193
14.630774,-82.344400,-271.000000,12.779770,4.531263
15.150774,-82.344400,-271.000000,12.222430,4.587069
15.670774,-82.344400,-271.000000,12.628146,4.588657
16.190774,-82.344400,-271.000000,12.406249,4.632236
16.710774,-82.344400,-271.000000,12.368528,4.582850
17.230774,-82.344400,-271.000000,12.250399,4.568870
17.750774,-82.344400,-271.000000,12.458977,4.644169
18.270774,-82.344400,-271.000000,12.309683,4.600677
18.790774,-82.344400,-271.000000,12.294771,4.600123
19.310774,-82.344400,-271.000000,12.433205,4.619736
19.830774,-82.344400,-271.000000,12.245734,4.647686
20.350774,-82.344400,-271.000000,12.453623,4.636647
20.870774,-82.344400,-271.000000,12.333303,4.640857
21.390774,-82.344400,-271.000000,12.200489,4.641229
21.910774,-82.344400,-271.000000,12.323383,4.634801
22.430774,-82.344400,-271.000000,12.341059,4.628831
22.950774,-82.344400,-271.000000,12.674472,4.643198
23.470774,-82.344400,-271.000000,12.146857,4.592602
23.990774,-82.344400,-271.000000,12.474305,4.710899
24.510774,-82.344400,-271.000000,12.453728,4.688362
25.030774,-82.344400,-271.000000,12.331950,4.672412
25.550774,-82.344400,-271.000000,12.331294,4.693414
26.070774,-82.344400,-271.000000,12.473214,4.679353
26.590774,-82.344400,-271.000000,12.386545,4.684529
27.110774,-82.344400,-271.000000,12.334347,4.708325
27.630774,-82.344400,-271.000000,12.512996,4.706000
28.150774,-82.344400,-271.000000,12.374252,4.742079
28.670774,-82.344400,-271.000000,12.323415,4.702373
29.190774,-82.344400,-271.000000,12.414704,4.694792
29.710774,-82.344400,-271.000000,12.278179,4.655643
30.230774,-82.344400,-271.000000,12.384548,4.724013
30.750774,-82.344400,-271.000000,12.364342,4.678846
31.270774,-82.344400,-271.000000,12.208259,4.666097
31.790774,-82.344400,-271.000000,12.255627,4.705530
32.310774,-82.344400,-271.000000,12.139538,4.689885
32.830774,-82.344400,-271.000000,12.306470,4.625056
33.350774,-82.344400,-271.000000,12.410900,4.720282
33.870774,-82.344400,-271.000000,12.289743,4.643237
34.390774,-82.344400,-271.000000,12.577535,4.734635
34.910774,-82.344400,-271.000000,12.633834,4.746866
35.430774,-82.344400,-271.000000,12.358733,4.778326
35.950774,-82.344400,-271.000000,12.312947,4.690314
36.470774,-82.344400,-271.000000,12.616277,4.699806
36.990774,-82.344400,-271.000000,12.251044,4.667126
37.510774,-82.344400,-271.000000,12.210693,4.699818
38.030774,-82.344400,-271.000000,12.315548,4.742678
38.550774,-82.344400,-271.000000,12.384635,4.720800
39.070774,-82.344400,-271.000000,12.340352,4.728732
39.590774,-82.344400,-271.000000,12.463107,4.730562
40.110774,-82.344400,-271.000000,12.493447,4.685604
40.630774,-82.344400,-271.000000,12.369745,4.704001
41.150774,-82.344400,-271.000000,12.530590,4.751242
41.670774,-82.344400,-271.000000,12.310786,4.700446
42.190774,-82.344400,-271.000000,12.408982,4.666452
42.710774,-82.344400,-271.000000,12.414035,4.718290
43.230774,-82.344400,-271.000000,12.657031,4.721660
43.750774,-82.344400,-271.000000,12.685061,4.732022
44.270774,-82.344400,-271.000000,12.457969,4.765907
44.790774,-82.344400,-271.000000,12.324310,4.718652
45.310774,-82.344400,-271.000000,12.356562,4.689959
45.830774,-82.344400,-271.000000,12.465566,4.715181
46.350774,-82.344400,-271.000000,12.245654,4.710607
46.870774,-82.344400,-271.000000,12.741058,4.795923
47.390774,-82.344400,-271.000000,12.235015,4.712502
47.910774,-82.344400,-271.000000,12.334496,4.712145
48.430774,-82.344400,-271.000000,12.530200,4.674655
48.950774,-82.344400,-271.000000,12.660019,4.740070
49.470774,-82.344400,-271.000000,12.246160,4.680977
49.990774,-82.344400,-271.000000,12.416259,4.710066
50.510774,-82.344400,-271.000000,12.335861,4.681435
51.030774,-82.344400,-271.000000,12.354687,4.720934
51.550774,-82.344400,-271.000000,12.232118,4.761314
52.070774,-82.344400,-271.000000,12.460958,4.715668
52.590774,-82.344400,-271.000000,12.186668,4.726581
53.110774,-82.344400,-271.000000,12.294943,4.725050
53.630774,-82.344400,-271.000000,12.285192,4.700162
54.150774,-82.344400,-271.000000,12.258018,4.672180
54.670774,-82.344400,-271.000000,12.271091,4.695903
55.190774,-82.344400,-271.000000,12.469011,4.689999
55.710774,-82.344400,-271.000000,12.329202,4.662612
56.230774,-82.344400,-271.000000,12.234980,4.705633
56.750774,-82.344400,-271.000000,12.086022,4.697662
57.270774,-82.344400,-271.000000,12.462859,4.735193
57.790774,-82.344400,-271.000000,12.279468,4.655454
58.310774,-82.344400,-271.000000,12.314701,4.696145
58.830774,-82.344400,-271.000000,12.400314,4.714310
59.350774,-82.344400,-271.000000,12.296464,4.718404
59.870774,-82.344400,-271.000000,12.134124,4.689497
60.390774,-82.344400,-271.000000,12.438321,4.731653
60.910774,-82.344400,-271.000000,12.537860,4.740746
61.430774,-82.344400,-271.000000,12.423160,4.753280
61.950774,-82.344400,-271.000000,12.250716,4.639638
62.470774,-82.344400,-271.000000,12.248523,4.684070
62.990774,-82.344400,-271.000000,12.459846,4.715374
63.510774,-82.344400,-271.000000,12.282895,4.715179
64.030774,-82.344400,-271.000000,12.433130,4.691644
64.550774,-82.344400,-271.000000,12.315027,4.705307
65.070774,-82.344400,-271.000000,12.442198,4.717142
65.590774,-82.344400,-271.000000,12.374299,4.618403
66.110774,-82.344400,-271.000000,12.406774,4.761072
66.630774,-82.344400,-271.000000,12.448909,4.652281
67.150774,-82.344400,-271.000000,12.350669,4.678489
67.670774,-82.344400,-271.000000,12.450880,4.684291
68.190774,-82.344400,-271.000000,12.388839,4.725634
68.710774,-82.344400,-271.000000,12.242669,4.675834
69.230774,-82.344400,-271.000000,12.350347,4.700104
69.750774,-82.344400,-271.000000,12.340509,4.724239
70.270774,-82.344400,-271.000000,12.173025,4.631476
70.790774,-82.344400,-271.000000,12.211676,4.661378
71.310774,-82.344400,-271.000000,12.427547,4.663745
71.830774,-82.344400,-271.000000,12.341975,4.705660
72.350774,-82.344400,-271.000000,12.332520,4.687194
72.870774,-82.344400,-271.000000,12.374038,4.649962
73.390774,-82.344400,-271.000000,12.262081,4.657055
73.910774,-82.344400,-271.000000,12.285741,4.625132
74.430774,-82.344400,-271.000000,12.454784,4.673438
74.950774,-82.344400,-271.000000,12.127307,4.649194
75.470774,-82.344400,-271.000000,12.536128,4.658271
75.990774,-82.344400,-271.000000,12.360833,4.664852
13.070774,-81.824400,-271.000000,12.429467,4.466565
13.590774,-81.824400,-271.000000,12.486662,4.594195
14.110774,-81.824400,-271.000000,12.302020,4.521648
14.630774,-81.824400,-271.000000,12.735168,4.526047
15.150774,-81.824400,-271.000000,12.199859,4.604831
15.670774,-81.824400,-271.000000,12.623425,4.596417
16.190774,-81.824400,-271.000000,12.382567,4.619324
16.710774,-81.824400,-271.000000,12.400506,4.593104
17.230774,-81.824400,-271.000000,12.212337,4.576197
17.750774,-81.824400,-271.000000,12.418960,4.629734
18.270774,-81.824400,-271.000000,12.417854,4.613553
18.790774,-81.824400,-271.000000,12.233266,4.607540
19.310774,-81.824400,-271.000000,12.373115,4.614752
19.830774,-81.824400,-271.000000,12.255022,4.643070
20.350774,-81.824400,-271.000000,12.485884,4.660961
20.870774,-81.824400,-271.000000,12.221392,4.620657
21.390774,-81.824400,-271.000000,12.195752,4.648749
21.910774,-81.824400,-271.000000,12.254163,4.614826
22.430774,-81.824400,-271.000000,12.356051,4.637806
22.950774,-81.824400,-271.000000,12.674828,4.646549
23.470774,-81.824400,-271.000000,12.148271,4.580502
23.990774,-81.824400,-271.000000,12.436957,4.717470
24.510774,-81.824400,-271.000000,12.486852,4.686340
25.030774,-81.824400,-271.000000,12.264261,4.671065
25.550774,-81.824400,-271.000000,12.351837,4.671683
26.070774,-81.824400,-271.000000,12.451846,4.690228
26.590774,-81.824400,-271.000000,12.390583,4.694968
27.110774,-81.824400,-271.000000,12.305183,4.720205
27.630774,-81.824400,-271.000000,12.450840,4.710594
28.150774,-81.824400,-271.000000,12.321243,4.735294
28.670774,-81.824400,-271.000000,12.338962,4.732551
29.190774,-81.824400,-271.000000,12.304992,4.671106
29.710774,-81.824400,-271.000000,12.258858,4.656877
30.230774,-81.824400,-271.000000,12.397769,4.716586
30.750774,-81.824400,-271.000000,12.261399,4.670695
31.270774,-81.824400,-271.000000,12.226873,4.692626
31.790774,-81.824400,-271.000000,12.332997,4.713533
32.310774,-81.824400,-271.000000,12.190593,4.682273
32.830774,-81.824400,-271.000000,12.321887,4.645282
33.350774,-81.824400,-271.000000,12.333117,4.709710
33.870774,-81.824400,-271.000000,12.390985,4.653536
34.390774,-81.824400,-271.000000,12.457454,4.716643
34.910774,-81.824400,-271.000000,12.633792,4.753614
35.430774,-81.824400,-271.000000,12.370009,4.789487
35.950774,-81.824400,-271.000000,12.282561,4.697151
36.470774,-81.824400,-271.000000,12.661361,4.718881
36.990774,-81.824400,-271.000000,12.224704,4.668444
37.510774,-81.824400,-271.000000,12.191912,4.710040
38.030774,-81.824400,-271.000000,12.338537,4.769548
38.550774,-81.824400,-271.000000,12.376637,4.713399
39.070774,-81.824400,-271.000000,12.447264,4.755032
39.590774,-81.824400,-271.000000,12.421976,4.727144
40.110774,-81.824400,-271.000000,12.554328,4.704545
40.630774,-81.824400,-271.000000,12.311398,4.698033
41.150774,-81.824400,-271.000000,12.556602,4.743792
41.670774,-81.824400,-271.000000,12.317461,4.699756
42.190774,-81.824400,-271.000000,12.390897,4.681779
42.710774,-81.824400,-271.000000,12.411399,4.720065
43.230774,-81.824400,-271.000000,12.628936,4.719473
43.750774,-81.824400,-271.000000,12.570224,4.751823
44.270774,-81.824400,-271.000000,12.464634,4.759440
44.790774,-81.824400,-271.000000,12.360082,4.722341
45.310774,-81.824400,-271.000000,12.329360,4.692425
45.830774,-81.824400,-271.000000,12.432055,4.720996
46.350774,-81.824400,-271.000000,12.323709,4.718291
46.870774,-81.824400,-271.000000,12.715785,4.811227
47.390774,-81.824400,-271.000000,12.242030,4.714571
47.910774,-81.824400,-271.000000,12.256862,4.714148
48.430774,-81.824400,-271.000000,12.502086,4.681888
48.950774,-81.824400,-271.000000,12.688945,4.767642
49.470774,-81.824400,-271.000000,12.167087,4.685071
49.990774,-81.824400,-271.000000,12.399358,4.714869
50.510774,-81.824400,-271.000000,12.352302,4.700114
51.030774,-81.824400,-271.000000,12.307062,4.714525
51.550774,-81.824400,-271.000000,12.160460,4.763835
52.070774,-81.824400,-271.000000,12.519135,4.718913
52.590774,-81.824400,-271.000000,12.137533,4.726687
53.110774,-81.824400,-271.000000,12.296203,4.744694
53.630774,-81.824400,-271.000000,12.227592,4.698973
54.150774,-81.824400,-271.000000,12.191073,4.669992
54.670774,-81.824400,-271.000000,12.331837,4.705507
55.190774,-81.824400,-271.000000,12.453994,4.707509
55.710774,-81.824400,-271.000000,12.339507,4.671854
56.230774,-81.824400,-271.000000,12.205573,4.695103
56.750774,-81.824400,-271.000000,12.139792,4.690494
57.270774,-81.824400,-271.000000,12.409955,4.740829
57.790774,-81.824400,-271.000000,12.210612,4.652354
58.310774,-81.824400,-271.000000,12.322944,4.680974
58.830774,-81.824400,-271.000000,12.429789,4.727662
59.350774,-81.824400,-271.000000,12.244796,4.719883
59.870774,-81.824400,-271.000000,12.126660,4.680340
60.390774,-81.824400,-271.000000,12.534411,4.738008
60.910774,-81.824400,-271.000000,12.537268,4.752419
61.430774,-81.824400,-271.000000,12.366534,4.747422
61.950774,-81.824400,-271.000000,12.243854,4.634744
62.470774,-81.824400,-271.000000,12.248977,4.696210
62.990774,-81.824400,-271.000000,12.554062,4.727825
63.510774,-81.824400,-271.000000,12.226439,4.706045
64.030774,-81.824400,-271.000000,12.431792,4.715239
64.550774,-81.824400,-271.000000,12.358489,4.716441
65.070774,-81.824400,-271.000000,12.370294,4.697534
65.590774,-81.824400,-271.000000,12.309810,4.592875
66.110774,-81.824400,-271.000000,12.466571,4.763089
66.630774,-81.824400,-271.000000,12.401137,4.669389
67.150774,-81.824400,-271.000000,12.275924,4.676916
67.670774,-81.824400,-271.000000,12.443262,4.686834
68.190774,-81.824400,-271.000000,12.351665,4.726003
68.710774,-81.824400,-271.000000,12.226007,4.691608
69.230774,-81.824400,-271.000000,12.317119,4.721029
69.750774,-81.824400,-271.000000,12.300340,4.713336
70.270774,-81.824400,-271.000000,12.120891,4.623185
70.790774,-81.824400,-271.000000,12.226481,4.685525
71.310774,-81.824400,-271.000000,12.518184,4.690561
71.830774,-81.824400,-271.000000,12.295383,4.692570
72.350774,-81.824400,-271.000000,12.374005,4.680841
72.870774,-81.824400,-271.000000,12.372278,4.664321
73.390774,-81.824400,-271.000000,12.208320,4.661993
73.910774,-81.824400,-271.000000,12.264316,4.628066
74.430774,-81.824400,-271.000000,12.451023,4.685868
74.950774,-81.824400,-271.000000,12.145333,4.661397
75.470774,-81.824400,-271.000000,12.553332,4.661242
75.990774,-81.824400,-271.000000,12.377495,4.664148
13.590774,-82.344400,-270.000000,12.396091,4.494164
14.110774,-82.344400,-270.000000,12.724587,4.537952
14.630774,-82.344400,-270.000000,12.397905,4.475758
15.150774,-82.344400,-270.000000,12.329146,4.565999
15.670774,-82.344400,-270.000000,12.468529,4.562587
16.190774,-82.344400,-270.000000,12.298499,4.610980
16.710774,-82.344400,-270.000000,12.260234,4.597236
17.230774,-82.344400,-270.000000,12.249022,4.609342
17.750774,-82.344400,-270.000000,12.382033,4.621537
18.270774,-82.344400,-270.000000,12.315763,4.628032
18.790774,-82.344400,-270.000000,12.607364,4.599260
19.310774,-82.344400,-270.000000,12.345527,4.617644
19.830774,-82.344400,-270.000000,12.443075,4.709514
20.350774,-82.344400,-270.000000,12.399369,4.644127
20.870774,-82.344400,-270.000000,12.360486,4.620309
21.390774,-82.344400,-270.000000,12.209628,4.632857
21.910774,-82.344400,-270.000000,12.301306,4.635432
22.430774,-82.344400,-270.000000,12.372551,4.628976
22.950774,-82.344400,-270.000000,12.428782,4.659396
23.470774,-82.344400,-270.000000,12.366504,4.649556
23.990774,-82.344400,-270.000000,12.516526,4.721665
24.510774,-82.344400,-270.000000,12.356627,4.668295
25.030774,-82.344400,-270.000000,12.458371,4.696650
25.550774,-82.344400,-270.000000,12.296827,4.662491
26.070774,-82.344400,-270.000000,12.834081,4.760925
26.590774,-82.344400,-270.000000,12.530911,4.689324
27.110774,-82.344400,-270.000000,12.246840,4.673594
27.630774,-82.344400,-270.000000,12.452099,4.689977
28.150774,-82.344400,-270.000000,12.374454,4.703434
28.670774,-82.344400,-270.000000,12.309658,4.668338
29.190774,-82.344400,-270.000000,12.595972,4.702110
29.710774,-82.344400,-270.000000,12.291858,4.672629
30.230774,-82.344400,-270.000000,12.301250,4.661441
30.750774,-82.344400,-270.000000,12.502887,4.670072
31.270774,-82.344400,-270.000000,12.501731,4.675531
31.790774,-82.344400,-270.000000,12.555069,4.757024
32.310774,-82.344400,-270.000000,12.501958,4.692073
32.830774,-82.344400,-270.000000,12.194638,4.644471
33.350774,-82.344400,-270.000000,12.208663,4.669118
33.870774,-82.344400,-270.000000,12.418958,4.713209
34.390774,-82.344400,-270.000000,12.518591,4.707190
34.910774,-82.344400,-270.000000,12.392249,4.684630
35.430774,-82.344400,-270.000000,12.429260,4.664957
35.950774,-82.344400,-270.000000,12.335969,4.694056
36.470774,-82.344400,-270.000000,12.202909,4.704110
36.990774,-82.344400,-270.000000,12.476682,4.760523
37.510774,-82.344400,-270.000000,12.389099,4.706551
38.030774,-82.344400,-270.000000,12.393229,4.737632
38.550774,-82.344400,-270.000000,12.202606,4.680485
39.070774,-82.344400,-270.000000,12.229501,4.667833
39.590774,-82.344400,-270.000000,12.370377,4.682736
40.110774,-82.344400,-270.000000,12.360635,4.699348
40.630774,-82.344400,-270.000000,12.284551,4.696136
41.150774,-82.344400,-270.000000,12.494322,4.731903
41.670774,-82.344400,-270.000000,12.319579,4.683441
42.190774,-82.344400,-270.000000,12.437264,4.740984
42.710774,-82.344400,-270.000000,12.268855,4.681831
43.230774,-82.344400,-270.000000,12.462482,4.724963
43.750774,-82.344400,-270.000000,12.192634,4.688370
44.270774,-82.344400,-270.000000,12.419377,4.763771
44.790774,-82.344400,-270.000000,12.452330,4.743367
45.310774,-82.344400,-270.000000,12.333808,4.698671
45.830774,-82.344400,-270.000000,12.446267,4.712761
46.350774,-82.344400,-270.000000,12.358234,4.712242
46.870774,-82.344400,-270.000000,12.340470,4.683561
47.390774,-82.344400,-270.000000,12.239768,4.700774
47.910774,-82.344400,-270.000000,12.344954,4.696683
48.430774,-82.344400,-270.000000,12.219640,4.697273
48.950774,-82.344400,-270.000000,12.280686,4.710271
49.470774,-82.344400,-270.000000,12.409678,4.718292
49.990774,-82.344400,-270.000000,12.380605,4.716956
50.510774,-82.344400,-270.000000,12.437652,4.732304
51.030774,-82.344400,-270.000000,12.298880,4.690940
51.550774,-82.344400,-270.000000,12.343244,4.752084
52.070774,-82.344400,-270.000000,12.409029,4.749090
52.590774,-82.344400,-270.000000,12.358279,4.691782
53.110774,-82.344400,-270.000000,12.389989,4.687221
53.630774,-82.344400,-270.000000,12.253010,4.707626
54.150774,-82.344400,-270.000000,12.292139,4.680985
54.670774,-82.344400,-270.000000,12.273961,4.691467
55.190774,-82.344400,-270.000000,12.606082,4.758096
55.710774,-82.344400,-270.000000,12.600020,4.758368
56.230774,-82.344400,-270.000000,12.413360,4.655138
56.750774,-82.344400,-270.000000,12.405795,4.685391
57.270774,-82.344400,-270.000000,12.431208,4.700680
57.790774,-82.344400,-270.000000,12.341390,4.709206
58.310774,-82.344400,-270.000000,12.412594,4.677210
58.830774,-82.344400,-270.000000,12.525889,4.745702
59.350774,-82.344400,-270.000000,12.240989,4.675767
59.870774,-82.344400,-270.000000,12.302060,4.693771
60.390774,-82.344400,-270.000000,11.961994,4.614201
60.910774,-82.344400,-270.000000,12.287666,4.659781
61.430774,-82.344400,-270.000000,12.284827,4.693697
61.950774,-82.344400,-270.000000,12.266596,4.705056
62.470774,-82.344400,-270.000000,12.422026,4.698329
62.990774,-82.344400,-270.000000,12.371345,4.715249
63.510774,-82.344400,-270.000000,12.415356,4.749060
64.030774,-82.344400,-270.000000,12.355258,4.690869
64.550774,-82.344400,-270.000000,12.285608,4.644812
65.070774,-82.344400,-270.000000,12.262444,4.710421
65.590774,-82.344400,-270.000000,12.333233,4.668839
66.110774,-82.344400,-270.000000,12.331508,4.672241
66.630774,-82.344400,-270.000000,12.484867,4.746659
67.150774,-82.344400,-270.000000,12.435293,4.681736
67.670774,-82.344400,-270.000000,12.190760,4.681598
68.190774,-82.344400,-270.000000,12.423810,4.674991
68.710774,-82.344400,-270.000000,12.309621,4.700936
69.230774,-82.344400,-270.000000,12.265076,4.692590
69.750774,-82.344400,-270.000000,12.475837,4.725976
70.270774,-82.344400,-270.000000,12.199067,4.661879
70.790774,-82.344400,-270.000000,12.216890,4.691311
71.310774,-82.344400,-270.000000,12.328424,4.720464
71.830774,-82.344400,-270.000000,12.294955,4.599006
72.350774,-82.344400,-270.000000,12.313381,4.656341
72.870774,-82.344400,-270.000000,12.215018,4.664940
73.390774,-82.344400,-270.000000,12.301696,4.674549
73.910774,-82.344400,-270.000000,12.338540,4.711154
74.430774,-82.344400,-270.000000,12.442225,4.664761
74.950774,-82.344400,-270.000000,12.166133,4.691134
75.470774,-82.344400,-270.000000,12.243300,4.629275
75.990774,-82.344400,-270.000000,12.362136,4.618006
13.070774,-81.824400,-270.000000,12.292136,4.453807
13.590774,-81.824400,-270.000000,12.408143,4.501303
14.110774,-81.824400,-270.000000,12.621428,4.521695
14.630774,-81.824400,-270.000000,12.418208,4.477614
15.150774,-81.824400,-270.000000,12.227601,4.556500
15.670774,-81.824400,-270.000000,12.453704,4.574670
16.190774,-81.824400,-270.000000,12.334486,4.605597
16.710774,-81.824400,-270.000000,12.276240,4.614632
17.230774,-81.824400,-270.000000,12.230789,4.600974
17.750774,-81.824400,-270.000000,12.302704,4.618483
18.270774,-81.824400,-270.000000,12.317976,4.612246
18.790774,-81.824400,-270.000000,12.531197,4.603083
19.310774,-81.824400,-270.000000,12.410662,4.644118
19.830774,-81.824400,-270.000000,12.418293,4.691427
20.350774,-81.824400,-270.000000,12.357112,4.655283
20.870774,-81.824400,-270.000000,12.400233,4.644046
21.390774,-81.824400,-270.000000,12.209284,4.646545
21.910774,-81.824400,-270.000000,12.249947,4.634191
22.430774,-81.824400,-270.000000,12.425052,4.648033
22.950774,-81.824400,-270.000000,12.409288,4.670570
23.470774,-81.824400,-270.000000,12.343804,4.653990
23.990774,-81.824400,-270.000000,12.459870,4.706095
24.510774,-81.824400,-270.000000,12.418756,4.676792
25.030774,-81.824400,-270.000000,12.384933,4.700102
25.550774,-81.824400,-270.000000,12.321047,4.665158
26.070774,-81.824400,-270.000000,12.763900,4.770453
26.590774,-81.824400,-270.000000,12.483861,4.680599
27.110774,-81.824400,-270.000000,12.372309,4.680145
27.630774,-81.824400,-270.000000,12.379609,4.713347
28.150774,-81.824400,-270.000000,12.409953,4.695724
28.670774,-81.824400,-270.000000,12.299355,4.679945
29.190774,-81.824400,-270.000000,12.567405,4.720533
29.710774,-81.824400,-270.000000,12.324139,4.662804
30.230774,-81.824400,-270.000000,12.368385,4.668147
30.750774,-81.824400,-270.000000,12.474619,4.683942
31.270774,-81.824400,-270.000000,12.486946,4.690478
31.790774,-81.824400,-270.000000,12.528634,4.774888
32.310774,-81.824400,-270.000000,12.477320,4.681674
32.830774,-81.824400,-270.000000,12.179090,4.637496
33.350774,-81.824400,-270.000000,12.201572,4.675348
33.870774,-81.824400,-270.000000,12.346057,4.720790
34.390774,-81.824400,-270.000000,12.517609,4.700819
34.910774,-81.824400,-270.000000,12.407790,4.688192
35.430774,-81.824400,-270.000000,12.389889,4.649725
35.950774,-81.824400,-270.000000,12.320446,4.711411
36.470774,-81.824400,-270.000000,12.222212,4.710944
36.990774,-81.824400,-270.000000,12.457633,4.751120
37.510774,-81.824400,-270.000000,12.318482,4.708879
38.030774,-81.824400,-270.000000,12.364506,4.735163
38.550774,-81.824400,-270.000000,12.177726,4.696178
39.070774,-81.824400,-270.000000,12.187847,4.672280
39.590774,-81.824400,-270.000000,12.380095,4.681586
40.110774,-81.824400,-270.000000,12.290609,4.694594
40.630774,-81.824400,-270.000000,12.302967,4.690321
41.150774,-81.824400,-270.000000,12.455523,4.736695
41.670774,-81.824400,-270.000000,12.406212,4.703729
42.190774,-81.824400,-270.000000,12.348327,4.749447
42.710774,-81.824400,-270.000000,12.253905,4.681614
43.230774,-81.824400,-270.000000,12.503749,4.737589
43.750774,-81.824400,-270.000000,12.181649,4.698246
44.270774,-81.824400,-270.000000,12.434317,4.742348
44.790774,-81.824400,-270.000000,12.385810,4.741058
45.310774,-81.824400,-270.000000,12.435455,4.727535
45.830774,-81.824400,-270.000000,12.404576,4.714449
46.350774,-81.824400,-270.000000,12.346616,4.717713
46.870774,-81.824400,-270.000000,12.335305,4.700403
47.390774,-81.824400,-270.000000,12.285445,4.699343
47.910774,-81.824400,-270.000000,12.308240,4.679994
48.430774,-81.824400,-270.000000,12.145688,4.710305
48.950774,-81.824400,-270.000000,12.295815,4.699934
49.470774,-81.824400,-270.000000,12.423119,4.721649
49.990774,-81.824400,-270.000000,12.327717,4.719557
50.510774,-81.824400,-270.000000,12.446820,4.723612
51.030774,-81.824400,-270.000000,12.315964,4.687502
51.550774,-81.824400,-270.000000,12.363008,4.766693
52.070774,-81.824400,-270.000000,12.395379,4.746274
52.590774,-81.824400,-270.000000,12.337810,4.702328
53.110774,-81.824400,-270.000000,12.340017,4.697172
53.630774,-81.824400,-270.000000,12.247255,4.695641
54.150774,-81.824400,-270.000000,12.224487,4.677590
54.670774,-81.824400,-270.000000,12.250583,4.691056
55.190774,-81.824400,-270.000000,12.631606,4.765355
55.710774,-81.824400,-270.000000,12.549209,4.754909
56.230774,-81.824400,-270.000000,12.436621,4.656140
56.750774,-81.824400,-270.000000,12.318696,4.675035
57.270774,-81.824400,-270.000000,12.408875,4.695467
57.790774,-81.824400,-270.000000,12.305490,4.746054
58.310774,-81.824400,-270.000000,12.441688,4.657174
58.830774,-81.824400,-270.000000,12.518392,4.744365
59.350774,-81.824400,-270.000000,12.252823,4.696587
59.870774,-81.824400,-270.000000,12.289917,4.697577
60.390774,-81.824400,-270.000000,11.947346,4.613997
60.910774,-81.824400,-270.000000,12.319405,4.676180
61.430774,-81.824400,-270.000000,12.296719,4.703419
61.950774,-81.824400,-270.000000,12.211452,4.691737
62.470774,-81.824400,-270.000000,12.437442,4.712048
62.990774,-81.824400,-270.000000,12.348563,4.713245
63.510774,-81.824400,-270.000000,12.403398,4.770495
64.030774,-81.824400,-270.000000,12.428316,4.708088
64.550774,-81.824400,-270.000000,12.188995,4.640098
65.070774,-81.824400,-270.000000,12.379558,4.732563
65.590774,-81.824400,-270.000000,12.337138,4.672924
66.110774,-81.824400,-270.000000,12.284465,4.662569
66.630774,-81.824400,-270.000000,12.438348,4.747315
67.150774,-81.824400,-270.000000,12.454439,4.671240
67.670774,-81.824400,-270.000000,12.196720,4.691191
68.190774,-81.824400,-270.000000,12.427894,4.681795
68.710774,-81.824400,-270.000000,12.348188,4.706441
69.230774,-81.824400,-270.000000,12.220129,4.680351
69.750774,-81.824400,-270.000000,12.439540,4.726806
70.270774,-81.824400,-270.000000,12.166083,4.674016
70.790774,-81.824400,-270.000000,12.124816,4.677352
71.310774,-81.824400,-270.000000,12.330600,4.723943
71.830774,-81.824400,-270.000000,12.267206,4.599884
72.350774,-81.824400,-270.000000,12.272863,4.658605
72.870774,-81.824400,-270.000000,12.246919,4.669931
73.390774,-81.824400,-270.000000,12.242772,4.671252
73.910774,-81.824400,-270.000000,12.359605,4.715556
74.430774,-81.824400,-270.000000,12.387273,4.661595
74.950774,-81.824400,-270.000000,12.187206,4.714373
75.470774,-81.824400,-270.000000,12.114641,4.624614
75.990774,-81.824400,-270.000000,12.414775,4.630165
13.590774,-82.344400,-269.000000,12.243037,4.474782
14.110774,-82.344400,-269.000000,12.479684,4.531174
14.630774,-82.344400,-269.000000,12.568614,4.570269
15.150774,-82.344400,-269.000000,12.155670,4.575676
15.670774,-82.344400,-269.000000,12.527739,4.628851
16.190774,-82.344400,-269.000000,12.452946,4.605948
16.710774,-82.344400,-269.000000,12.381442,4.600515
17.230774,-82.344400,-269.000000,12.523473,4.636861
17.750774,-82.344400,-269.000000,12.454440,4.585345
18.270774,-82.344400,-269.000000,12.430882,4.589365
18.790774,-82.344400,-269.000000,12.456073,4.667541
19.310774,-82.344400,-269.000000,12.310056,4.595179
19.830774,-82.344400,-269.000000,12.357539,4.620962
20.350774,-82.344400,-269.000000,12.323608,4.681463
20.870774,-82.344400,-269.000000,12.343204,4.659443
21.390774,-82.344400,-269.000000,12.315534,4.637522
21.910774,-82.344400,-269.000000,12.399526,4.649956
22.430774,-82.344400,-269.000000,12.510253,4.682854
22.950774,-82.344400,-269.000000,12.523670,4.673249
23.470774,-82.344400,-269.000000,12.683672,4.637327
23.990774,-82.344400,-269.000000,12.451291,4.637361
24.510774,-82.344400,-269.000000,12.267022,4.660859
25.030774,-82.344400,-269.000000,12.305533,4.693312
25.550774,-82.344400,-269.000000,12.398424,4.667382
26.070774,-82.344400,-269.000000,12.448892,4.684391
26.590774,-82.344400,-269.000000,12.446754,4.712716
27.110774,-82.344400,-269.000000,12.352095,4.718245
27.630774,-82.344400,-269.000000,12.376519,4.737661
28.150774,-82.344400,-269.000000,12.297156,4.640669
28.670774,-82.344400,-269.000000,12.321307,4.694548
29.190774,-82.344400,-269.000000,12.410428,4.718193
29.710774,-82.344400,-269.000000,12.352397,4.705030
30.230774,-82.344400,-269.000000,12.442698,4.695101
30.750774,-82.344400,-269.000000,12.385964,4.715797
31.270774,-82.344400,-269.000000,12.337417,4.637084
31.790774,-82.344400,-269.000000,12.285491,4.700140
32.310774,-82.344400,-269.000000,12.539394,4.711168
32.830774,-82.344400,-269.000000,12.507374,4.738739
33.350774,-82.344400,-269.000000,12.282676,4.683530
33.870774,-82.344400,-269.000000,12.130407,4.696707
34.390774,-82.344400,-269.000000,12.225388,4.690748
34.910774,-82.344400,-269.000000,12.325541,4.625574
35.430774,-82.344400,-269.000000,12.404352,4.689739
35.950774,-82.344400,-269.000000,12.223212,4.657045
36.470774,-82.344400,-269.000000,12.178267,4.668914
36.990774,-82.344400,-269.000000,12.393168,4.763490
37.510774,-82.344400,-269.000000,12.281264,4.660155
38.030774,-82.344400,-269.000000,12.370043,4.623053
38.550774,-82.344400,-269.000000,12.424928,4.737116
39.070774,-82.344400,-269.000000,12.500422,4.758817
39.590774,-82.344400,-269.000000,12.221892,4.686215
40.110774,-82.344400,-269.000000,12.383528,4.724788
40.630774,-82.344400,-269.000000,12.437168,4.737982
41.150774,-82.344400,-269.000000,12.338624,4.698793
41.670774,-82.344400,-269.000000,12.139958,4.740448
42.190774,-82.344400,-269.000000,12.480800,4.742183
42.710774,-82.344400,-269.000000,12.369593,4.665617
43.230774,-82.344400,-269.000000,12.262408,4.720226
43.750774,-82.344400,-269.000000,12.395360,4.701998
44.270774,-82.344400,-269.000000,12.458159,4.701001
44.790774,-82.344400,-269.000000,12.240143,4.705581
45.310774,-82.344400,-269.000000,12.440107,4.722256
45.830774,-82.344400,-269.000000,12.533657,4.709884
46.350774,-82.344400,-269.000000,12.302815,4.707353
46.870774,-82.344400,-269.000000,12.248996,4.696425
47.390774,-82.344400,-269.000000,12.447552,4.708067
47.910774,-82.344400,-269.000000,12.466821,4.699718
48.430774,-82.344400,-269.000000,12.250030,4.702863
48.950774,-82.344400,-269.000000,12.238232,4.730941
49.470774,-82.344400,-269.000000,12.341765,4.652834
49.990774,-82.344400,-269.000000,12.479044,4.729938
50.510774,-82.344400,-269.000000,12.234058,4.678870
51.030774,-82.344400,-269.000000,12.457530,4.739225
51.550774,-82.344400,-269.000000,12.439009,4.762361
52.070774,-82.344400,-269.000000,12.360380,4.684094
52.590774,-82.344400,-269.000000,12.497586,4.673609
53.110774,-82.344400,-269.000000,12.567172,4.728275
53.630774,-82.344400,-269.000000,12.443267,4.739061
54.150774,-82.344400,-269.000000,12.358882,4.658187
54.670774,-82.344400,-269.000000,12.516563,4.692540
55.190774,-82.344400,-269.000000,12.590051,4.758031
55.710774,-82.344400,-269.000000,12.298972,4.701585
56.230774,-82.344400,-269.000000,12.467761,4.730638
56.750774,-82.344400,-269.000000,12.254839,4.682065
57.270774,-82.344400,-269.000000,12.454160,4.681501
57.790774,-82.344400,-269.000000,12.310754,4.721008
58.310774,-82.344400,-269.000000,12.461348,4.732940
58.830774,-82.344400,-269.000000,12.438046,4.713320
59.350774,-82.344400,-269.000000,12.515843,4.724864
59.870774,-82.344400,-269.000000,12.368705,4.726641
60.390774,-82.344400,-269.000000,12.477343,4.750328
60.910774,-82.344400,-269.000000,12.428688,4.693581
61.430774,-82.344400,-269.000000,12.483620,4.713999
61.950774,-82.344400,-269.000000,12.316385,4.699677
62.470774,-82.344400,-269.000000,12.440814,4.762169
62.990774,-82.344400,-269.000000,12.499783,4.718299
63.510774,-82.344400,-269.000000,12.537688,4.730921
64.030774,-82.344400,-269.000000,12.214665,4.645274
64.550774,-82.344400,-269.000000,12.461764,4.681430
65.070774,-82.344400,-269.000000,12.658867,4.699376
65.590774,-82.344400,-269.000000,12.298930,4.686117
66.110774,-82.344400,-269.000000,12.404532,4.695784
66.630774,-82.344400,-269.000000,12.026294,4.677955
67.150774,-82.344400,-269.000000,12.385361,4.663198
67.670774,-82.344400,-269.000000,12.138442,4.709789
68.190774,-82.344400,-269.000000,12.325508,4.657496
68.710774,-82.344400,-269.000000,12.285697,4.739929
69.230774,-82.344400,-269.000000,12.524192,4.704144
69.750774,-82.344400,-269.000000,12.359365,4.713106
70.270774,-82.344400,-269.000000,12.348534,4.745728
70.790774,-82.344400,-269.000000,12.459310,4.693000
71.310774,-82.344400,-269.000000,12.589926,4.684817
71.830774,-82.344400,-269.000000,12.455054,4.670742
72.350774,-82.344400,-269.000000,12.081797,4.633275
72.870774,-82.344400,-269.000000,12.328452,4.635543
73.390774,-82.344400,-269.000000,12.523603,4.685003
73.910774,-82.344400,-269.000000,12.628733,4.681122
74.430774,-82.344400,-269.000000,12.397357,4.664646
74.950774,-82.344400,-269.000000,12.420503,4.685765
75.470774,-82.344400,-269.000000,12.410861,4.709426
75.990774,-82.344400,-269.000000,12.515059,4.699546
13.070774,-81.824400,-269.000000,12.337570,4.465362
13.590774,-81.824400,-269.000000,12.237642,4.484815
14.110774,-81.824400,-269.000000,12.460383,4.528621
14.630774,-81.824400,-269.000000,12.565877,4.574872
15.150774,-81.824400,-269.000000,12.208542,4.607248
15.670774,-81.824400,-269.000000,12.559595,4.637679
16.190774,-81.824400,-269.000000,12.387248,4.607652
16.710774,-81.824400,-269.000000,12.446648,4.622072
17.230774,-81.824400,-269.000000,12.438996,4.644531
17.750774,-81.824400,-269.000000,12.483045,4.579859
18.270774,-81.824400,-269.000000,12.350123,4.578496
18.790774,-81.824400,-269.000000,12.458797,4.675345
19.310774,-81.824400,-269.000000,12.305315,4.601058
19.830774,-81.824400,-269.000000,12.377159,4.631422
20.350774,-81.824400,-269.000000,12.373809,4.686549
20.870774,-81.824400,-269.000000,12.248195,4.670681
21.390774,-81.824400,-269.000000,12.319020,4.615667
21.910774,-81.824400,-269.000000,12.410706,4.656085
22.430774,-81.824400,-269.000000,12.449050,4.678803
22.950774,-81.824400,-269.000000,12.565382,4.685233
23.470774,-81.824400,-269.000000,12.642809,4.643597
23.990774,-81.824400,-269.000000,12.447326,4.633208
24.510774,-81.824400,-269.000000,12.250525,4.667861
25.030774,-81.824400,-269.000000,12.251403,4.702913
25.550774,-81.824400,-269.000000,12.399907,4.682357
26.070774,-81.824400,-269.000000,12.453810,4.693000
26.590774,-81.824400,-269.000000,12.413144,4.700679
27.110774,-81.824400,-269.000000,12.338132,4.713941
27.630774,-81.824400,-269.000000,12.345903,4.734646
28.150774,-81.824400,-269.000000,12.282992,4.659268
28.670774,-81.824400,-269.000000,12.374916,4.678338
29.190774,-81.824400,-269.000000,12.347831,4.700937
29.710774,-81.824400,-269.000000,12.349608,4.729424
30.230774,-81.824400,-269.000000,12.430418,4.685665
30.750774,-81.824400,-269.000000,12.347514,4.715240
31.270774,-81.824400,-269.000000,12.399800,4.647264
31.790774,-81.824400,-269.000000,12.318958,4.711132
32.310774,-81.824400,-269.000000,12.470430,4.719832
32.830774,-81.824400,-269.000000,12.588881,4.755350
33.350774,-81.824400,-269.000000,12.211936,4.677570
33.870774,-81.824400,-269.000000,12.162783,4.700478
34.390774,-81.824400,-269.000000,12.272561,4.700572
34.910774,-81.824400,-269.000000,12.258855,4.635414
35.430774,-81.824400,-269.000000,12.339414,4.687873
35.950774,-81.824400,-269.000000,12.199866,4.661126
36.470774,-81.824400,-269.000000,12.218859,4.686846
36.990774,-81.824400,-269.000000,12.345259,4.745440
37.510774,-81.824400,-269.000000,12.296031,4.673697
38.030774,-81.824400,-269.000000,12.326989,4.619915
38.550774,-81.824400,-269.000000,12.429694,4.746960
39.070774,-81.824400,-269.000000,12.406497,4.756029
39.590774,-81.824400,-269.000000,12.227443,4.692120
40.110774,-81.824400,-269.000000,12.499569,4.750065
40.630774,-81.824400,-269.000000,12.394570,4.736703
41.150774,-81.824400,-269.000000,12.389424,4.716332
41.670774,-81.824400,-269.000000,12.170002,4.757361
42.190774,-81.824400,-269.000000,12.489930,4.746366
42.710774,-81.824400,-269.000000,12.346143,4.674323
43.230774,-81.824400,-269.000000,12.158837,4.718421
43.750774,-81.824400,-269.000000,12.372957,4.712509
44.270774,-81.824400,-269.000000,12.447707,4.709142
44.790774,-81.824400,-269.000000,12.327572,4.747845
45.310774,-81.824400,-269.000000,12.365134,4.720592
45.830774,-81.824400,-269.000000,12.517638,4.710082
46.350774,-81.824400,-269.000000,12.314010,4.700752
46.870774,-81.824400,-269.000000,12.223570,4.700539
47.390774,-81.824400,-269.000000,12.344000,4.691192
47.910774,-81.824400,-269.000000,12.582068,4.703303
48.430774,-81.824400,-269.000000,12.202762,4.716619
48.950774,-81.824400,-269.000000,12.300963,4.727684
49.470774,-81.824400,-269.000000,12.274338,4.633229
49.990774,-81.824400,-269.000000,12.514422,4.743052
50.510774,-81.824400,-269.000000,12.152716,4.666550
51.030774,-81.824400,-269.000000,12.480555,4.757365
51.550774,-81.824400,-269.000000,12.380053,4.756433
52.070774,-81.824400,-269.000000,12.445315,4.700028
52.590774,-81.824400,-269.000000,12.475125,4.680375
53.110774,-81.824400,-269.000000,12.531384,4.725780
53.630774,-81.824400,-269.000000,12.451793,4.733436
54.150774,-81.824400,-269.000000,12.333901,4.660318
54.670774,-81.824400,-269.000000,12.574534,4.725222
55.190774,-81.824400,-269.000000,12.551922,4.742977
55.710774,-81.824400,-269.000000,12.270061,4.740633
56.230774,-81.824400,-269.000000,12.457916,4.723127
56.750774,-81.824400,-269.000000,12.329320,4.709816
57.270774,-81.824400,-269.000000,12.443684,4.695806
57.790774,-81.824400,-269.000000,12.399020,4.732345
58.310774,-81.824400,-269.000000,12.438358,4.737947
58.830774,-81.824400,-269.000000,12.393570,4.714241
59.350774,-81.824400,-269.000000,12.477715,4.726329
59.870774,-81.824400,-269.000000,12.325016,4.732118
60.390774,-81.824400,-269.000000,12.410385,4.739957
60.910774,-81.824400,-269.000000,12.486402,4.710927
61.430774,-81.824400,-269.000000,12.501687,4.715378
61.950774,-81.824400,-269.000000,12.308617,4.693358
62.470774,-81.824400,-269.000000,12.464336,4.748163
62.990774,-81.824400,-269.000000,12.348066,4.695894
63.510774,-81.824400,-269.000000,12.572154,4.732685
64.030774,-81.824400,-269.000000,12.210224,4.664762
64.550774,-81.824400,-269.000000,12.473872,4.678415
65.070774,-81.824400,-269.000000,12.621601,4.695450
65.590774,-81.824400,-269.000000,12.325660,4.702002
66.110774,-81.824400,-269.000000,12.344419,4.685159
66.630774,-81.824400,-269.000000,12.060969,4.686316
67.150774,-81.824400,-269.000000,12.356359,4.690491
67.670774,-81.824400,-269.000000,12.137421,4.699244
68.190774,-81.824400,-269.000000,12.313872,4.666751
68.710774,-81.824400,-269.000000,12.290144,4.746144
69.230774,-81.824400,-269.000000,12.480632,4.698213
69.750774,-81.824400,-269.000000,12.365097,4.705265
70.270774,-81.824400,-269.000000,12.325507,4.754110
70.790774,-81.824400,-269.000000,12.486507,4.693353
71.310774,-81.824400,-269.000000,12.522574,4.687236
71.830774,-81.824400,-269.000000,12.424823,4.670567
72.350774,-81.824400,-269.000000,12.111743,4.635604
72.870774,-81.824400,-269.000000,12.289355,4.650140
73.390774,-81.824400,-269.000000,12.614929,4.697575
73.910774,-81.824400,-269.000000,12.573654,4.690042
74.430774,-81.824400,-269.000000,12.349786,4.656969
74.950774,-81.824400,-269.000000,12.358401,4.699756
75.470774,-81.824400,-269.000000,12.388950,4.688612
75.990774,-81.824400,-269.000000,12.602239,4.721503
13.590774,-82.344400,-268.000000,12.437221,4.507465
14.110774,-82.344400,-268.000000,12.535953,4.542407
14.630774,-82.344400,-268.000000,12.547225,4.580549
15.150774,-82.344400,-268.000000,12.598083,4.628501
15.670774,-82.344400,-268.000000,12.173157,4.596570
16.190774,-82.344400,-268.000000,12.336776,4.590116
16.710774,-82.344400,-268.000000,12.496864,4.600443
17.230774,-82.344400,-268.000000,12.253839,4.642472
17.750774,-82.344400,-268.000000,12.493573,4.639649
18.270774,-82.344400,-268.000000,12.368677,4.641537
18.790774,-82.344400,-268.000000,12.509458,4.611711
19.310774,-82.344400,-268.000000,12.308237,4.637901
19.830774,-82.344400,-268.000000,12.207279,4.645061
20.350774,-82.344400,-268.000000,12.409083,4.622321
20.870774,-82.344400,-268.000000,12.322901,4.629828
21.390774,-82.344400,-268.000000,12.459438,4.753146
21.910774,-82.344400,-268.000000,12.512128,4.700206
22.430774,-82.344400,-268.000000,12.314423,4.616947
22.950774,-82.344400,-268.000000,12.341742,4.678131
23.470774,-82.344400,-268.000000,12.493352,4.658290
23.990774,-82.344400,-268.000000,12.450046,4.667164
24.510774,-82.344400,-268.000000,12.578854,4.648697
25.030774,-82.344400,-268.000000,12.321284,4.664892
25.550774,-82.344400,-268.000000,12.163477,4.647174
26.070774,-82.344400,-268.000000,12.433585,4.683506
26.590774,-82.344400,-268.000000,12.406877,4.650626
27.110774,-82.344400,-268.000000,12.266528,4.701738
27.630774,-82.344400,-268.000000,12.156708,4.655985
28.150774,-82.344400,-268.000000,12.554893,4.684918
28.670774,-82.344400,-268.000000,12.424356,4.707844
29.190774,-82.344400,-268.000000,12.422636,4.694137
29.710774,-82.344400,-268.000000,12.592339,4.712696
30.230774,-82.344400,-268.000000,12.373674,4.700559
30.750774,-82.344400,-268.000000,12.284099,4.698718
31.270774,-82.344400,-268.000000,12.298288,4.662671
31.790774,-82.344400,-268.000000,12.391826,4.640590
32.310774,-82.344400,-268.000000,12.397734,4.637018
32.830774,-82.344400,-268.000000,12.150707,4.670831
33.350774,-82.344400,-268.000000,12.228015,4.699631
33.870774,-82.344400,-268.000000,12.277446,4.713366
34.390774,-82.344400,-268.000000,12.424912,4.685993
34.910774,-82.344400,-268.000000,12.376287,4.676008
35.430774,-82.344400,-268.000000,12.358512,4.713287
35.950774,-82.344400,-268.000000,12.487062,4.681549
36.470774,-82.344400,-268.000000,12.297775,4.701326
36.990774,-82.344400,-268.000000,12.526214,4.707650
37.510774,-82.344400,-268.000000,12.318974,4.715546
38.030774,-82.344400,-268.000000,12.694248,4.729524
38.550774,-82.344400,-268.000000,12.525262,4.714482
39.070774,-82.344400,-268.000000,12.681616,4.740957
39.590774,-82.344400,-268.000000,12.581779,4.774081
40.110774,-82.344400,-268.000000,12.564602,4.743651
40.630774,-82.344400,-268.000000,12.110452,4.655941
41.150774,-82.344400,-268.000000,12.225689,4.669770
41.670774,-82.344400,-268.000000,12.278245,4.678365
42.190774,-82.344400,-268.000000,12.464050,4.716406
42.710774,-82.344400,-268.000000,12.172490,4.695613
43.230774,-82.344400,-268.000000,12.148101,4.679195
43.750774,-82.344400,-268.000000,12.371848,4.717987
44.270774,-82.344400,-268.000000,12.314626,4.650264
44.790774,-82.344400,-268.000000,12.610179,4.735654
45.310774,-82.344400,-268.000000,12.522141,4.726504
45.830774,-82.344400,-268.000000,12.501006,4.729968
46.350774,-82.344400,-268.000000,12.491366,4.778053
46.870774,-82.344400,-268.000000,12.427264,4.683491
47.390774,-82.344400,-268.000000,12.187439,4.698056
47.910774,-82.344400,-268.000000,12.223799,4.693409
48.430774,-82.344400,-268.000000,12.408587,4.723528
48.950774,-82.344400,-268.000000,12.383299,4.688763
49.470774,-82.344400,-268.000000,12.363686,4.733465
49.990774,-82.344400,-268.000000,12.396131,4.736032
50.510774,-82.344400,-268.000000,12.268718,4.712180
51.030774,-82.344400,-268.000000,12.542738,4.716795
51.550774,-82.344400,-268.000000,12.275615,4.651617
52.070774,-82.344400,-268.000000,12.457232,4.705918
52.590774,-82.344400,-268.000000,12.260223,4.705873
53.110774,-82.344400,-268.000000,12.364622,4.705885
53.630774,-82.344400,-268.000000,12.604690,4.740032
54.150774,-82.344400,-268.000000,12.297412,4.699170
54.670774,-82.344400,-268.000000,12.411922,4.752913
55.190774,-82.344400,-268.000000,12.738508,4.776433
55.710774,-82.344400,-268.000000,12.515464,4.675765
56.230774,-82.344400,-268.000000,12.218955,4.673779
56.750774,-82.344400,-268.000000,12.506126,4.731283
57.270774,-82.344400,-268.000000,12.420451,4.778259
57.790774,-82.344400,-268.000000,12.299258,4.696114
58.310774,-82.344400,-268.000000,12.386642,4.695128
58.830774,-82.344400,-268.000000,12.284490,4.684462
59.350774,-82.344400,-268.000000,12.263848,4.673375
59.870774,-82.344400,-268.000000,12.321918,4.675898
60.390774,-82.344400,-268.000000,12.306939,4.748146
60.910774,-82.344400,-268.000000,12.353520,4.700718
61.430774,-82.344400,-268.000000,12.426816,4.726364
61.950774,-82.344400,-268.000000,12.234218,4.647374
62.470774,-82.344400,-268.000000,12.568017,4.748681
62.990774,-82.344400,-268.000000,12.479526,4.756030
63.510774,-82.344400,-268.000000,12.292992,4.661121
64.030774,-82.344400,-268.000000,12.525589,4.702824
64.550774,-82.344400,-268.000000,12.281035,4.732619
65.070774,-82.344400,-268.000000,12.457627,4.714079
65.590774,-82.344400,-268.000000,12.345883,4.655707
66.110774,-82.344400,-268.000000,12.205708,4.695380
66.630774,-82.344400,-268.000000,12.389281,4.716525
67.150774,-82.344400,-268.000000,12.228641,4.663660
67.670774,-82.344400,-268.000000,12.346541,4.670425
68.190774,-82.344400,-268.000000,12.491728,4.770375
68.710774,-82.344400,-268.000000,12.291153,4.708151
69.230774,-82.344400,-268.000000,12.320974,4.728555
69.750774,-82.344400,-268.000000,12.390308,4.672834
70.270774,-82.344400,-268.000000,12.513270,4.671106
70.790774,-82.344400,-268.000000,12.330400,4.691615
71.310774,-82.344400,-268.000000,12.458343,4.696480
71.830774,-82.344400,-268.000000,12.219382,4.706048
72.350774,-82.344400,-268.000000,12.394228,4.684769
72.870774,-82.344400,-268.000000,12.200606,4.741237
73.390774,-82.344400,-268.000000,12.267398,4.657831
73.910774,-82.344400,-268.000000,12.412725,4.704175
74.430774,-82.344400,-268.000000,12.310423,4.658319
74.950774,-82.344400,-268.000000,12.222178,4.660562
75.470774,-82.344400,-268.000000,12.439186,4.686418
75.990774,-82.344400,-268.000000,12.353046,4.640327
13.070774,-81.824400,-268.000000,12.699504,4.494085
13.590774,-81.824400,-268.000000,12.332090,4.507295
14.110774,-81.824400,-268.000000,12.498706,4.530398
14.630774,-81.824400,-268.000000,12.556998,4.594290
15.150774,-81.824400,-268.000000,12.535857,4.608952
15.670774,-81.824400,-268.000000,12.226759,4.602891
16.190774,-81.824400,-268.000000,12.343368,4.589511
16.710774,-81.824400,-268.000000,12.450868,4.603792
17.230774,-81.824400,-268.000000,12.226349,4.642449
17.750774,-81.824400,-268.000000,12.498927,4.647946
18.270774,-81.824400,-268.000000,12.343765,4.636534
18.790774,-81.824400,-268.000000,12.547445,4.616442
19.310774,-81.824400,-268.000000,12.274071,4.639935
19.830774,-81.824400,-268.000000,12.172206,4.643877
20.350774,-81.824400,-268.000000,12.394808,4.617365
20.870774,-81.824400,-268.000000,12.352070,4.630873
21.390774,-81.824400,-268.000000,12.387634,4.720311
21.910774,-81.824400,-268.000000,12.487308,4.708400
22.430774,-81.824400,-268.000000,12.384613,4.642021
22.950774,-81.824400,-268.000000,12.343732,4.680921
23.470774,-81.824400,-268.000000,12.478145,4.659522
23.990774,-81.824400,-268.000000,12.473887,4.690021
24.510774,-81.824400,-268.000000,12.526176,4.663442
25.030774,-81.824400,-268.000000,12.436893,4.677215
25.550774,-81.824400,-268.000000,12.121247,4.642784
26.070774,-81.824400,-268.000000,12.416990,4.678288
26.590774,-81.824400,-268.000000,12.412396,4.647283
27.110774,-81.824400,-268.000000,12.275420,4.717833
27.630774,-81.824400,-268.000000,12.214564,4.651740
28.150774,-81.824400,-268.000000,12.412238,4.687197
28.670774,-81.824400,-268.000000,12.498806,4.722805
29.190774,-81.824400,-268.000000,12.467745,4.700741
29.710774,-81.824400,-268.000000,12.522589,4.697202
30.230774,-81.824400,-268.000000,12.421039,4.726936
30.750774,-81.824400,-268.000000,12.386851,4.709395
31.270774,-81.824400,-268.000000,12.257740,4.676543
31.790774,-81.824400,-268.000000,12.386570,4.632545
32.310774,-81.824400,-268.000000,12.419211,4.657287
32.830774,-81.824400,-268.000000,12.158134,4.698404
33.350774,-81.824400,-268.000000,12.276444,4.704858
33.870774,-81.824400,-268.000000,12.208923,4.726713
34.390774,-81.824400,-268.000000,12.458838,4.680911
34.910774,-81.824400,-268.000000,12.316450,4.671023
35.430774,-81.824400,-268.000000,12.263273,4.691063
35.950774,-81.824400,-268.000000,12.526607,4.699611
36.470774,-81.824400,-268.000000,12.316093,4.705071
36.990774,-81.824400,-268.000000,12.485476,4.707346
37.510774,-81.824400,-268.000000,12.368327,4.729679
38.030774,-81.824400,-268.000000,12.643117,4.728895
38.550774,-81.824400,-268.000000,12.477344,4.731456
39.070774,-81.824400,-268.000000,12.648978,4.756992
39.590774,-81.824400,-268.000000,12.565922,4.771548
40.110774,-81.824400,-268.000000,12.424813,4.743288
40.630774,-81.824400,-268.000000,12.135582,4.664740
41.150774,-81.824400,-268.000000,12.215089,4.672876
41.670774,-81.824400,-268.000000,12.240169,4.683954
42.190774,-81.824400,-268.000000,12.379172,4.727323
42.710774,-81.824400,-268.000000,12.137014,4.694546
43.230774,-81.824400,-268.000000,12.183802,4.686217
43.750774,-81.824400,-268.000000,12.362639,4.725249
44.270774,-81.824400,-268.000000,12.277846,4.653635
44.790774,-81.824400,-268.000000,12.586664,4.729532
45.310774,-81.824400,-268.000000,12.519278,4.711355
45.830774,-81.824400,-268.000000,12.470037,4.754943
46.350774,-81.824400,-268.000000,12.441857,4.766851
46.870774,-81.824400,-268.000000,12.385427,4.696463
47.390774,-81.824400,-268.000000,12.310199,4.714481
47.910774,-81.824400,-268.000000,12.153839,4.694594
48.430774,-81.824400,-268.000000,12.419044,4.729013
48.950774,-81.824400,-268.000000,12.332040,4.682388
49.470774,-81.824400,-268.000000,12.354339,4.740480
49.990774,-81.824400,-268.000000,12.413079,4.731082
50.510774,-81.824400,-268.000000,12.194168,4.719351
51.030774,-81.824400,-268.000000,12.601759,4.741752
51.550774,-81.824400,-268.000000,12.273170,4.650478
52.070774,-81.824400,-268.000000,12.403366,4.711305
52.590774,-81.824400,-268.000000,12.265053,4.720730
53.110774,-81.824400,-268.000000,12.410795,4.719573
53.630774,-81.824400,-268.000000,12.584694,4.734981
54.150774,-81.824400,-268.000000,12.264264,4.677062
54.670774,-81.824400,-268.000000,12.408668,4.739438
55.190774,-81.824400,-268.000000,12.676186,4.785872
55.710774,-81.824400,-268.000000,12.468397,4.668790
56.230774,-81.824400,-268.000000,12.274947,4.669284
56.750774,-81.824400,-268.000000,12.547129,4.755382
57.270774,-81.824400,-268.000000,12.384765,4.778286
57.790774,-81.824400,-268.000000,12.291229,4.702467
58.310774,-81.824400,-268.000000,12.368274,4.695924
58.830774,-81.824400,-268.000000,12.288498,4.700365
59.350774,-81.824400,-268.000000,12.331122,4.674818
59.870774,-81.824400,-268.000000,12.263254,4.693110
60.390774,-81.824400,-268.000000,12.306513,4.753051
60.910774,-81.824400,-268.000000,12.337131,4.698411
61.430774,-81.824400,-268.000000,12.434033,4.716226
61.950774,-81.824400,-268.000000,12.218960,4.662667
62.470774,-81.824400,-268.000000,12.540856,4.742263
62.990774,-81.824400,-268.000000,12.453231,4.758097
63.510774,-81.824400,-268.000000,12.260684,4.669375
64.030774,-81.824400,-268.000000,12.512691,4.717719
64.550774,-81.824400,-268.000000,12.296277,4.717475
65.070774,-81.824400,-268.000000,12.410028,4.696827
65.590774,-81.824400,-268.000000,12.396360,4.672627
66.110774,-81.824400,-268.000000,12.202789,4.695661
66.630774,-81.824400,-268.000000,12.384356,4.726256
67.150774,-81.824400,-268.000000,12.322297,4.670845
67.670774,-81.824400,-268.000000,12.314754,4.676692
68.190774,-81.824400,-268.000000,12.532274,4.786788
68.710774,-81.824400,-268.000000,12.301810,4.703733
69.230774,-81.824400,-268.000000,12.359983,4.743890
69.750774,-81.824400,-268.000000,12.344717,4.676298
70.270774,-81.824400,-268.000000,12.474959,4.682236
70.790774,-81.824400,-268.000000,12.358542,4.683777
71.310774,-81.824400,-268.000000,12.423107,4.700885
71.830774,-81.824400,-268.000000,12.199600,4.721195
72.350774,-81.824400,-268.000000,12.432549,4.700532
72.870774,-81.824400,-268.000000,12.172801,4.747403
73.390774,-81.824400,-268.000000,12.212322,4.660498
73.910774,-81.824400,-268.000000,12.345630,4.702820
74.430774,-81.824400,-268.000000,12.335118,4.661256
74.950774,-81.824400,-268.000000,12.252934,4.661098
75.470774,-81.824400,-268.000000,12.424914,4.693564
75.990774,-81.824400,-268.000000,12.310615,4.641898
75.990774,-81.304400,-268.000000,12.289090,4.640266
13.590774,-82.344400,-267.000000,12.148864,4.487121
14.110774,-82.344400,-267.000000,12.383708,4.553196
14.630774,-82.344400,-267.000000,12.108010,4.526341
15.150774,-82.344400,-267.000000,12.446582,4.596224
15.670774,-82.344400,-267.000000,12.310493,4.577792
16.190774,-82.344400,-267.000000,12.267219,4.635425
16.710774,-82.344400,-267.000000,12.402180,4.590442
17.230774,-82.344400,-267.000000,12.360583,4.625620
17.750774,-82.344400,-267.000000,12.476150,4.615386
18.270774,-82.344400,-267.000000,12.459736,4.640491
18.790774,-82.344400,-267.000000,12.653578,4.656233
19.310774,-82.344400,-267.000000,12.353761,4.612920
19.830774,-82.344400,-267.000000,12.376420,4.643940
20.350774,-82.344400,-267.000000,12.300540,4.660596
20.870774,-82.344400,-267.000000,12.357562,4.604201
21.390774,-82.344400,-267.000000,12.188201,4.641586
21.910774,-82.344400,-267.000000,12.410649,4.616933
22.430774,-82.344400,-267.000000,12.465544,4.720206
22.950774,-82.344400,-267.000000,12.427072,4.664236
23.470774,-82.344400,-267.000000,12.360823,4.683949
23.990774,-82.344400,-267.000000,12.343060,4.698694
24.510774,-82.344400,-267.000000,12.277987,4.643281
25.030774,-82.344400,-267.000000,12.185562,4.674589
25.550774,-82.344400,-267.000000,12.358645,4.685143
26.070774,-82.344400,-267.000000,12.383037,4.645508
26.590774,-82.344400,-267.000000,12.250068,4.636115
27.110774,-82.344400,-267.000000,12.498559,4.709815
27.630774,-82.344400,-267.000000,12.547507,4.657848
28.150774,-82.344400,-267.000000,12.250342,4.704155
28.670774,-82.344400,-267.000000,12.386921,4.658623
29.190774,-82.344400,-267.000000,12.437680,4.693635
29.710774,-82.344400,-267.000000,12.192023,4.645095
30.230774,-82.344400,-267.000000,12.564008,4.675404
30.750774,-82.344400,-267.000000,12.404226,4.687733
31.270774,-82.344400,-267.000000,12.488202,4.692637
31.790774,-82.344400,-267.000000,12.519322,4.730527
32.310774,-82.344400,-267.000000,12.433761,4.693702
32.830774,-82.344400,-267.000000,12.423497,4.686065
33.350774,-82.344400,-267.000000,12.397738,4.665262
33.870774,-82.344400,-267.000000,12.339814,4.654228
34.390774,-82.344400,-267.000000,12.658731,4.706091
34.910774,-82.344400,-267.000000,12.326888,4.706095
35.430774,-82.344400,-267.000000,12.297019,4.670714
35.950774,-82.344400,-267.000000,12.655902,4.771237
36.470774,-82.344400,-267.000000,12.371474,4.657961
36.990774,-82.344400,-267.000000,12.240132,4.692447
37.510774,-82.344400,-267.000000,12.343513,4.701319
38.030774,-82.344400,-267.000000,12.351778,4.714870
38.550774,-82.344400,-267.000000,12.525116,4.736783
39.070774,-82.344400,-267.000000,12.288777,4.684815
39.590774,-82.344400,-267.000000,12.221957,4.692340
40.110774,-82.344400,-267.000000,12.616455,4.712838
40.630774,-82.344400,-267.000000,12.340442,4.689509
41.150774,-82.344400,-267.000000,12.357921,4.757571
41.670774,-82.344400,-267.000000,12.493925,4.719305
42.190774,-82.344400,-267.000000,12.355128,4.694766
42.710774,-82.344400,-267.000000,12.279470,4.684350
43.230774,-82.344400,-267.000000,12.395873,4.671162
43.750774,-82.344400,-267.000000,12.454648,4.692409
44.270774,-82.344400,-267.000000,12.332074,4.733016
44.790774,-82.344400,-267.000000,12.273207,4.730491
45.310774,-82.344400,-267.000000,12.569128,4.766832
45.830774,-82.344400,-267.000000,12.685168,4.764843
46.350774,-82.344400,-267.000000,12.321665,4.748729
46.870774,-82.344400,-267.000000,12.228418,4.647765
47.390774,-82.344400,-267.000000,12.286519,4.682960
47.910774,-82.344400,-267.000000,12.411811,4.684076
48.430774,-82.344400,-267.000000,12.169982,4.704134
48.950774,-82.344400,-267.000000,12.350898,4.699142
49.470774,-82.344400,-267.000000,12.300317,4.718971
49.990774,-82.344400,-267.000000,12.633462,4.711659
50.510774,-82.344400,-267.000000,12.703795,4.746336
51.030774,-82.344400,-267.000000,12.562029,4.704533
51.550774,-82.344400,-267.000000,12.419475,4.675575
52.070774,-82.344400,-267.000000,12.491101,4.721314
52.590774,-82.344400,-267.000000,12.423798,4.721403
53.110774,-82.344400,-267.000000,12.568667,4.728463
53.630774,-82.344400,-267.000000,12.211514,4.692397
54.150774,-82.344400,-267.000000,12.398517,4.691394
54.670774,-82.344400,-267.000000,12.367920,4.716034
55.190774,-82.344400,-267.000000,12.411391,4.671900
55.710774,-82.344400,-267.000000,12.217598,4.738370
56.230774,-82.344400,-267.000000,12.441707,4.742315
56.750774,-82.344400,-267.000000,12.171890,4.676147
57.270774,-82.344400,-267.000000,12.181355,4.718350
57.790774,-82.344400,-267.000000,12.193159,4.659097
58.310774,-82.344400,-267.000000,12.443276,4.712898
58.830774,-82.344400,-267.000000,12.343772,4.711617
59.350774,-82.344400,-267.000000,12.689333,4.710317
59.870774,-82.344400,-267.000000,12.116245,4.683435
60.390774,-82.344400,-267.000000,12.480954,4.725420
60.910774,-82.344400,-267.000000,12.459178,4.645443
61.430774,-82.344400,-267.000000,12.368883,4.695755
61.950774,-82.344400,-267.000000,12.201877,4.697281
62.470774,-82.344400,-267.000000,12.340738,4.682028
62.990774,-82.344400,-267.000000,12.577151,4.715262
63.510774,-82.344400,-267.000000,12.461247,4.701935
64.030774,-82.344400,-267.000000,12.496535,4.737806
64.550774,-82.344400,-267.000000,12.123101,4.713099
65.070774,-82.344400,-267.000000,12.437868,4.745758
65.590774,-82.344400,-267.000000,12.682662,4.678038
66.110774,-82.344400,-267.000000,12.415614,4.722505
66.630774,-82.344400,-267.000000,12.198941,4.726707
67.150774,-82.344400,-267.000000,12.451225,4.718816
67.670774,-82.344400,-267.000000,12.276176,4.639378
68.190774,-82.344400,-267.000000,12.580567,4.728660
68.710774,-82.344400,-267.000000,12.574673,4.732111
69.230774,-82.344400,-267.000000,12.467243,4.729731
69.750774,-82.344400,-267.000000,12.521473,4.714809
70.270774,-82.344400,-267.000000,12.434863,4.726075
70.790774,-82.344400,-267.000000,12.469115,4.744507
71.310774,-82.344400,-267.000000,12.425600,4.721601
71.830774,-82.344400,-267.000000,12.307319,4.697630
72.350774,-82.344400,-267.000000,12.447390,4.666565
72.870774,-82.344400,-267.000000,12.427010,4.682289
73.390774,-82.344400,-267.000000,12.391360,4.716717
73.910774,-82.344400,-267.000000,12.366740,4.722316
74.430774,-82.344400,-267.000000,12.412588,4.713092
74.950774,-82.344400,-267.000000,12.370751,4.694553
75.470774,-82.344400,-267.000000,12.357447,4.660192
75.990774,-82.344400,-267.000000,12.475443,4.672888
13.070774,-81.824400,-267.000000,12.457202,4.494176
13.590774,-81.824400,-267.000000,12.174339,4.483963
14.110774,-81.824400,-267.000000,12.309392,4.553614
14.630774,-81.824400,-267.000000,12.060247,4.519065
15.150774,-81.824400,-267.000000,12.444390,4.598822
15.670774,-81.824400,-267.000000,12.300732,4.583790
16.190774,-81.824400,-267.000000,12.327539,4.641776
16.710774,-81.824400,-267.000000,12.427525,4.605556
17.230774,-81.824400,-267.000000,12.270834,4.616715
17.750774,-81.824400,-267.000000,12.426732,4.609802
18.270774,-81.824400,-267.000000,12.404555,4.648453
18.790774,-81.824400,-267.000000,12.599011,4.641771
19.310774,-81.824400,-267.000000,12.451696,4.649817
19.830774,-81.824400,-267.000000,12.400867,4.645066
20.350774,-81.824400,-267.000000,12.249442,4.653258
20.870774,-81.824400,-267.000000,12.318583,4.614823
21.390774,-81.824400,-267.000000,12.217447,4.671521
21.910774,-81.824400,-267.000000,12.308961,4.605957
22.430774,-81.824400,-267.000000,12.464894,4.718413
22.950774,-81.824400,-267.000000,12.456508,4.673264
23.470774,-81.824400,-267.000000,12.325877,4.684132
23.990774,-81.824400,-267.000000,12.377677,4.719896
24.510774,-81.824400,-267.000000,12.355052,4.636302
25.030774,-81.824400,-267.000000,12.149829,4.669414
25.550774,-81.824400,-267.000000,12.277758,4.690663
26.070774,-81.824400,-267.000000,12.350700,4.643718
26.590774,-81.824400,-267.000000,12.247484,4.665771
27.110774,-81.824400,-267.000000,12.529510,4.732085
27.630774,-81.824400,-267.000000,12.580260,4.663111
28.150774,-81.824400,-267.000000,12.284830,4.707238
28.670774,-81.824400,-267.000000,12.331525,4.653273
29.190774,-81.824400,-267.000000,12.368415,4.670604
29.710774,-81.824400,-267.000000,12.178258,4.652541
30.230774,-81.824400,-267.000000,12.551193,4.679420
30.750774,-81.824400,-267.000000,12.458999,4.687682
31.270774,-81.824400,-267.000000,12.372717,4.681973
31.790774,-81.824400,-267.000000,12.528210,4.745900
32.310774,-81.824400,-267.000000,12.357801,4.697604
32.830774,-81.824400,-267.000000,12.423984,4.675846
33.350774,-81.824400,-267.000000,12.353949,4.666788
33.870774,-81.824400,-267.000000,12.309097,4.685380
34.390774,-81.824400,-267.000000,12.704983,4.697061
34.910774,-81.824400,-267.000000,12.286410,4.721277
35.430774,-81.824400,-267.000000,12.294784,4.665551
35.950774,-81.824400,-267.000000,12.658779,4.777472
36.470774,-81.824400,-267.000000,12.342842,4.665114
36.990774,-81.824400,-267.000000,12.179169,4.682671
37.510774,-81.824400,-267.000000,12.325843,4.703375
38.030774,-81.824400,-267.000000,12.370732,4.732722
38.550774,-81.824400,-267.000000,12.480744,4.721422
39.070774,-81.824400,-267.000000,12.398347,4.695932
39.590774,-81.824400,-267.000000,12.198704,4.693149
40.110774,-81.824400,-267.000000,12.551482,4.712302
40.630774,-81.824400,-267.000000,12.301172,4.712390
41.150774,-81.824400,-267.000000,12.391232,4.749982
41.670774,-81.824400,-267.000000,12.423938,4.713133
42.190774,-81.824400,-267.000000,12.393016,4.708273
42.710774,-81.824400,-267.000000,12.302540,4.710097
43.230774,-81.824400,-267.000000,12.382209,4.664926
43.750774,-81.824400,-267.000000,12.409624,4.711162
44.270774,-81.824400,-267.000000,12.259563,4.710837
44.790774,-81.824400,-267.000000,12.247136,4.739344
45.310774,-81.824400,-267.000000,12.597021,4.769568
45.830774,-81.824400,-267.000000,12.629169,4.761077
46.350774,-81.824400,-267.000000,12.364058,4.748573
46.870774,-81.824400,-267.000000,12.183356,4.657311
47.390774,-81.824400,-267.000000,12.317057,4.705940
47.910774,-81.824400,-267.000000,12.317481,4.685940
48.430774,-81.824400,-267.000000,12.197800,4.711862
48.950774,-81.824400,-267.000000,12.342216,4.698135
49.470774,-81.824400,-267.000000,12.279064,4.730202
49.990774,-81.824400,-267.000000,12.579241,4.716083
50.510774,-81.824400,-267.000000,12.681396,4.754866
51.030774,-81.824400,-267.000000,12.459217,4.706095
51.550774,-81.824400,-267.000000,12.469793,4.662165
52.070774,-81.824400,-267.000000,12.482429,4.741610
52.590774,-81.824400,-267.000000,12.399815,4.719382
53.110774,-81.824400,-267.000000,12.471992,4.724861
53.630774,-81.824400,-267.000000,12.305110,4.712381
54.150774,-81.824400,-267.000000,12.310512,4.701713
54.670774,-81.824400,-267.000000,12.391349,4.734182
55.190774,-81.824400,-267.000000,12.406951,4.687321
55.710774,-81.824400,-267.000000,12.273093,4.741598
56.230774,-81.824400,-267.000000,12.381568,4.754001
56.750774,-81.824400,-267.000000,12.176185,4.676727
57.270774,-81.824400,-267.000000,12.226097,4.699186
57.790774,-81.824400,-267.000000,12.161961,4.675901
58.310774,-81.824400,-267.000000,12.419753,4.718112
58.830774,-81.824400,-267.000000,12.265826,4.708838
59.350774,-81.824400,-267.000000,12.627974,4.732473
59.870774,-81.824400,-267.000000,12.158986,4.677280
60.390774,-81.824400,-267.000000,12.430785,4.718520
60.910774,-81.824400,-267.000000,12.474932,4.683039
61.430774,-81.824400,-267.000000,12.305217,4.693755
61.950774,-81.824400,-267.000000,12.191230,4.698961
62.470774,-81.824400,-267.000000,12.334117,4.674984
62.990774,-81.824400,-267.000000,12.495286,4.719768
63.510774,-81.824400,-267.000000,12.571582,4.723979
64.030774,-81.824400,-267.000000,12.430238,4.708391
64.550774,-81.824400,-267.000000,12.131480,4.731355
65.070774,-81.824400,-267.000000,12.447936,4.748971
65.590774,-81.824400,-267.000000,12.633285,4.679674
66.110774,-81.824400,-267.000000,12.424094,4.749281
66.630774,-81.824400,-267.000000,12.209535,4.725384
67.150774,-81.824400,-267.000000,12.403389,4.728266
67.670774,-81.824400,-267.000000,12.330888,4.655194
68.190774,-81.824400,-267.000000,12.472735,4.722667
68.710774,-81.824400,-267.000000,12.569716,4.736341
69.230774,-81.824400,-267.000000,12.481086,4.719890
69.750774,-81.824400,-267.000000,12.504060,4.715459
70.270774,-81.824400,-267.000000,12.427474,4.722407
70.790774,-81.824400,-267.000000,12.427705,4.754849
71.310774,-81.824400,-267.000000,12.429049,4.728806
71.830774,-81.824400,-267.000000,12.251956,4.705175
72.350774,-81.824400,-267.000000,12.413061,4.656383
72.870774,-81.824400,-267.000000,12.419726,4.700992
73.390774,-81.824400,-267.000000,12.394189,4.729358
73.910774,-81.824400,-267.000000,12.332365,4.717568
74.430774,-81.824400,-267.000000,12.469751,4.733976
74.950774,-81.824400,-267.000000,12.337907,4.707532
75.470774,-81.824400,-267.000000,12.358962,4.668688
75.990774,-81.824400,-267.000000,12.411883,4.687721
75.990774,-81.304400,-267.000000,12.306567,4.675936
13.070774,-82.344400,-266.000000,12.663692,4.522082
13.590774,-82.344400,-266.000000,12.154620,4.472935
14.110774,-82.344400,-266.000000,12.291683,4.513447
14.630774,-82.344400,-266.000000,12.205711,4.528574
15.150774,-82.344400,-266.000000,12.524831,4.564755
15.670774,-82.344400,-266.000000,12.430760,4.549247
16.190774,-82.344400,-266.000000,12.291850,4.611149
16.710774,-82.344400,-266.000000,12.655743,4.671332
17.230774,-82.344400,-266.000000,12.572899,4.608723
17.750774,-82.344400,-266.000000,12.476615,4.625949
18.270774,-82.344400,-266.000000,12.244988,4.571042
18.790774,-82.344400,-266.000000,12.381332,4.626226
19.310774,-82.344400,-266.000000,12.360156,4.681417
19.830774,-82.344400,-266.000000,12.066616,4.575162
20.350774,-82.344400,-266.000000,12.601954,4.695430
20.870774,-82.344400,-266.000000,12.428058,4.638999
21.390774,-82.344400,-266.000000,12.377332,4.696107
21.910774,-82.344400,-266.000000,12.223519,4.636332
22.430774,-82.344400,-266.000000,12.292823,4.628434
22.950774,-82.344400,-266.000000,11.978232,4.654929
23.470774,-82.344400,-266.000000,12.253323,4.652414
23.990774,-82.344400,-266.000000,12.268129,4.666547
24.510774,-82.344400,-266.000000,12.444049,4.639659
25.030774,-82.344400,-266.000000,12.474559,4.671059
25.550774,-82.344400,-266.000000,12.441861,4.708217
26.070774,-82.344400,-266.000000,12.566333,4.697430
26.590774,-82.344400,-266.000000,12.289428,4.659797
27.110774,-82.344400,-266.000000,12.468472,4.662713
27.630774,-82.344400,-266.000000,12.314142,4.710887
28.150774,-82.344400,-266.000000,12.347179,4.728387
28.670774,-82.344400,-266.000000,12.430395,4.653493
29.190774,-82.344400,-266.000000,12.367594,4.667535
29.710774,-82.344400,-266.000000,12.537308,4.762192
30.230774,-82.344400,-266.000000,12.356608,4.607388
30.750774,-82.344400,-266.000000,12.447077,4.698222
31.270774,-82.344400,-266.000000,12.242723,4.646898
31.790774,-82.344400,-266.000000,12.326370,4.680005
32.310774,-82.344400,-266.000000,12.292676,4.693744
32.830774,-82.344400,-266.000000,12.283061,4.659973
33.350774,-82.344400,-266.000000,12.186599,4.652260
33.870774,-82.344400,-266.000000,12.477403,4.730046
34.390774,-82.344400,-266.000000,12.337832,4.741122
34.910774,-82.344400,-266.000000,12.514800,4.722173
35.430774,-82.344400,-266.000000,12.415462,4.681828
35.950774,-82.344400,-266.000000,12.457004,4.686596
36.470774,-82.344400,-266.000000,12.235769,4.718553
36.990774,-82.344400,-266.000000,12.140068,4.684229
37.510774,-82.344400,-266.000000,12.221526,4.684311
38.030774,-82.344400,-266.000000,12.315166,4.702511
38.550774,-82.344400,-266.000000,12.727691,4.776777
39.070774,-82.344400,-266.000000,12.441352,4.702976
39.590774,-82.344400,-266.000000,12.399634,4.717947
40.110774,-82.344400,-266.000000,12.434569,4.680692
40.630774,-82.344400,-266.000000,12.387117,4.705419
41.150774,-82.344400,-266.000000,12.219985,4.715953
41.670774,-82.344400,-266.000000,12.502340,4.716330
42.190774,-82.344400,-266.000000,12.183875,4.684219
42.710774,-82.344400,-266.000000,12.524520,4.754015
43.230774,-82.344400,-266.000000,12.322404,4.694468
43.750774,-82.344400,-266.000000,12.466653,4.739699
44.270774,-82.344400,-266.000000,12.483905,4.749350
44.790774,-82.344400,-266.000000,12.438673,4.756720
45.310774,-82.344400,-266.000000,12.608795,4.728041
45.830774,-82.344400,-266.000000,12.525438,4.728001
46.350774,-82.344400,-266.000000,12.301010,4.672399
46.870774,-82.344400,-266.000000,12.394004,4.747784
47.390774,-82.344400,-266.000000,12.244444,4.685791
47.910774,-82.344400,-266.000000,12.620664,4.714696
48.430774,-82.344400,-266.000000,12.292747,4.661183
48.950774,-82.344400,-266.000000,12.407167,4.705580
49.470774,-82.344400,-266.000000,12.407569,4.677976
49.990774,-82.344400,-266.000000,12.516105,4.717501
50.510774,-82.344400,-266.000000,12.486594,4.719594
51.030774,-82.344400,-266.000000,12.417684,4.702822
51.550774,-82.344400,-266.000000,12.551480,4.697671
52.070774,-82.344400,-266.000000,12.330080,4.676822
52.590774,-82.344400,-266.000000,12.271372,4.708677
53.110774,-82.344400,-266.000000,12.691311,4.720097
53.630774,-82.344400,-266.000000,12.343963,4.709001
54.150774,-82.344400,-266.000000,12.361112,4.738578
54.670774,-82.344400,-266.000000,12.530585,4.734314
55.190774,-82.344400,-266.000000,12.220019,4.708313
55.710774,-82.344400,-266.000000,12.221987,4.674757
56.230774,-82.344400,-266.000000,12.464347,4.702905
56.750774,-82.344400,-266.000000,12.392005,4.675433
57.270774,-82.344400,-266.000000,12.338889,4.672144
57.790774,-82.344400,-266.000000,12.555391,4.726334
58.310774,-82.344400,-266.000000,12.304778,4.704280
58.830774,-82.344400,-266.000000,12.351509,4.628006
59.350774,-82.344400,-266.000000,12.285144,4.709153
59.870774,-82.344400,-266.000000,12.314667,4.688302
60.390774,-82.344400,-266.000000,12.659223,4.688905
60.910774,-82.344400,-266.000000,12.555923,4.717095
61.430774,-82.344400,-266.000000,12.316442,4.725833
61.950774,-82.344400,-266.000000,12.493878,4.744786
62.470774,-82.344400,-266.000000,12.280604,4.655091
62.990774,-82.344400,-266.000000,12.197124,4.651851
63.510774,-82.344400,-266.000000,12.493399,4.707701
64.030774,-82.344400,-266.000000,12.528098,4.765011
64.550774,-82.344400,-266.000000,12.304572,4.683171
65.070774,-82.344400,-266.000000,12.344559,4.693029
65.590774,-82.344400,-266.000000,12.403675,4.735511
66.110774,-82.344400,-266.000000,12.506765,4.726886
66.630774,-82.344400,-266.000000,12.465517,4.775110
67.150774,-82.344400,-266.000000,12.519011,4.681104
67.670774,-82.344400,-266.000000,12.379605,4.676761
68.190774,-82.344400,-266.000000,12.479865,4.694052
68.710774,-82.344400,-266.000000,12.180404,4.674489
69.230774,-82.344400,-266.000000,12.613879,4.673580
69.750774,-82.344400,-266.000000,12.304558,4.664406
70.270774,-82.344400,-266.000000,12.415893,4.687105
70.790774,-82.344400,-266.000000,12.350123,4.658747
71.310774,-82.344400,-266.000000,12.265347,4.707379
71.830774,-82.344400,-266.000000,12.377810,4.691062
72.350774,-82.344400,-266.000000,12.191165,4.708615
72.870774,-82.344400,-266.000000,12.392097,4.720269
73.390774,-82.344400,-266.000000,12.430705,4.693251
73.910774,-82.344400,-266.000000,12.464401,4.710687
74.430774,-82.344400,-266.000000,12.369656,4.674389
74.950774,-82.344400,-266.000000,12.278710,4.620850
75.470774,-82.344400,-266.000000,12.434196,4.671925
75.990774,-82.344400,-266.000000,12.409723,4.742655
13.070774,-81.824400,-266.000000,12.708421,4.533294
13.590774,-81.824400,-266.000000,12.176251,4.472722
14.110774,-81.824400,-266.000000,12.302049,4.517485
14.630774,-81.824400,-266.000000,12.158697,4.538663
15.150774,-81.824400,-266.000000,12.499435,4.554929
15.670774,-81.824400,-266.000000,12.375097,4.564212
16.190774,-81.824400,-266.000000,12.233421,4.637369
16.710774,-81.824400,-266.000000,12.684819,4.659134
17.230774,-81.824400,-266.000000,12.550457,4.628377
17.750774,-81.824400,-266.000000,12.477948,4.606842
18.270774,-81.824400,-266.000000,12.314774,4.601542
18.790774,-81.824400,-266.000000,12.355308,4.618608
19.310774,-81.824400,-266.000000,12.263085,4.690593
19.830774,-81.824400,-266.000000,12.087274,4.574457
20.350774,-81.824400,-266.000000,12.597191,4.695115
20.870774,-81.824400,-266.000000,12.417568,4.674790
21.390774,-81.824400,-266.000000,12.336171,4.670068
21.910774,-81.824400,-266.000000,12.265923,4.637816
22.430774,-81.824400,-266.000000,12.253356,4.644052
22.950774,-81.824400,-266.000000,11.911837,4.636637
23.470774,-81.824400,-266.000000,12.296374,4.668020
23.990774,-81.824400,-266.000000,12.263010,4.677310
24.510774,-81.824400,-266.000000,12.416084,4.643875
25.030774,-81.824400,-266.000000,12.437293,4.658846
25.550774,-81.824400,-266.000000,12.511851,4.724256
26.070774,-81.824400,-266.000000,12.483378,4.711277
26.590774,-81.824400,-266.000000,12.309386,4.654412
27.110774,-81.824400,-266.000000,12.473463,4.667292
27.630774,-81.824400,-266.000000,12.266480,4.726391
28.150774,-81.824400,-266.000000,12.269903,4.706990
28.670774,-81.824400,-266.000000,12.442447,4.681531
29.190774,-81.824400,-266.000000,12.324351,4.654785
29.710774,-81.824400,-266.000000,12.497770,4.770061
30.230774,-81.824400,-266.000000,12.380288,4.626910
30.750774,-81.824400,-266.000000,12.336739,4.686828
31.270774,-81.824400,-266.000000,12.317071,4.666018
31.790774,-81.824400,-266.000000,12.276344,4.680606
32.310774,-81.824400,-266.000000,12.347942,4.702327
32.830774,-81.824400,-266.000000,12.237682,4.652747
33.350774,-81.824400,-266.000000,12.167175,4.645458
33.870774,-81.824400,-266.000000,12.331819,4.726151
34.390774,-81.824400,-266.000000,12.414783,4.754277
34.910774,-81.824400,-266.000000,12.465284,4.731928
35.430774,-81.824400,-266.000000,12.380095,4.702843
35.950774,-81.824400,-266.000000,12.427885,4.675128
36.470774,-81.824400,-266.000000,12.235251,4.731187
36.990774,-81.824400,-266.000000,12.067697,4.688128
37.510774,-81.824400,-266.000000,12.221220,4.677866
38.030774,-81.824400,-266.000000,12.338994,4.731765
38.550774,-81.824400,-266.000000,12.688485,4.771760
39.070774,-81.824400,-266.000000,12.414672,4.705966
39.590774,-81.824400,-266.000000,12.366004,4.727874
40.110774,-81.824400,-266.000000,12.456316,4.683967
40.630774,-81.824400,-266.000000,12.437185,4.716208
41.150774,-81.824400,-266.000000,12.188726,4.714787
41.670774,-81.824400,-266.000000,12.547834,4.736373
42.190774,-81.824400,-266.000000,12.176133,4.688220
42.710774,-81.824400,-266.000000,12.446490,4.748446
43.230774,-81.824400,-266.000000,12.384007,4.709661
43.750774,-81.824400,-266.000000,12.461524,4.736054
44.270774,-81.824400,-266.000000,12.518088,4.760898
44.790774,-81.824400,-266.000000,12.512804,4.762936
45.310774,-81.824400,-266.000000,12.497565,4.737055
45.830774,-81.824400,-266.000000,12.550918,4.731992
46.350774,-81.824400,-266.000000,12.242511,4.675877
46.870774,-81.824400,-266.000000,12.353459,4.734410
47.390774,-81.824400,-266.000000,12.219218,4.694821
47.910774,-81.824400,-266.000000,12.626571,4.715883
48.430774,-81.824400,-266.000000,12.239688,4.662154
48.950774,-81.824400,-266.000000,12.397590,4.708436
49.470774,-81.824400,-266.000000,12.407050,4.691408
49.990774,-81.824400,-266.000000,12.545176,4.702422
50.510774,-81.824400,-266.000000,12.397835,4.702088
51.030774,-81.824400,-266.000000,12.415595,4.694124
51.550774,-81.824400,-266.000000,12.499236,4.710123
52.070774,-81.824400,-266.000000,12.387852,4.684587
52.590774,-81.824400,-266.000000,12.263423,4.715895
53.110774,-81.824400,-266.000000,12.587157,4.705696
53.630774,-81.824400,-266.000000,12.341294,4.709254
54.150774,-81.824400,-266.000000,12.394483,4.752024
54.670774,-81.824400,-266.000000,12.546660,4.736871
55.190774,-81.824400,-266.000000,12.202338,4.713539
55.710774,-81.824400,-266.000000,12.205853,4.677534
56.230774,-81.824400,-266.000000,12.449825,4.700068
56.750774,-81.824400,-266.000000,12.389651,4.683552
57.270774,-81.824400,-266.000000,12.340075,4.686497
57.790774,-81.824400,-266.000000,12.483699,4.726905
58.310774,-81.824400,-266.000000,12.294566,4.714526
58.830774,-81.824400,-266.000000,12.352601,4.639938
59.350774,-81.824400,-266.000000,12.307291,4.706241
59.870774,-81.824400,-266.000000,12.333505,4.700626
60.390774,-81.824400,-266.000000,12.574180,4.681684
60.910774,-81.824400,-266.000000,12.536198,4.715961
61.430774,-81.824400,-266.000000,12.336456,4.738218
61.950774,-81.824400,-266.000000,12.479890,4.756677
62.470774,-81.824400,-266.000000,12.230927,4.659051
62.990774,-81.824400,-266.000000,12.281512,4.669955
63.510774,-81.824400,-266.000000,12.463525,4.702811
64.030774,-81.824400,-266.000000,12.534167,4.795104
64.550774,-81.824400,-266.000000,12.355712,4.675356
65.070774,-81.824400,-266.000000,12.304465,4.690336
65.590774,-81.824400,-266.000000,12.427188,4.748633
66.110774,-81.824400,-266.000000,12.412841,4.720543
66.630774,-81.824400,-266.000000,12.521204,4.779784
67.150774,-81.824400,-266.000000,12.508814,4.699378
67.670774,-81.824400,-266.000000,12.399942,4.676986
68.190774,-81.824400,-266.000000,12.478648,4.700711
68.710774,-81.824400,-266.000000,12.199740,4.679025
69.230774,-81.824400,-266.000000,12.523257,4.661869
69.750774,-81.824400,-266.000000,12.324936,4.671029
70.270774,-81.824400,-266.000000,12.489335,4.700305
70.790774,-81.824400,-266.000000,12.339175,4.667644
71.310774,-81.824400,-266.000000,12.253891,4.719326
71.830774,-81.824400,-266.000000,12.454402,4.684958
72.350774,-81.824400,-266.000000,12.180159,4.691979
72.870774,-81.824400,-266.000000,12.335013,4.705678
73.390774,-81.824400,-266.000000,12.420524,4.692665
73.910774,-81.824400,-266.000000,12.465770,4.723971
74.430774,-81.824400,-266.000000,12.386549,4.684074
74.950774,-81.824400,-266.000000,12.258468,4.605985
75.470774,-81.824400,-266.000000,12.351936,4.667383
75.990774,-81.824400,-266.000000,12.418468,4.750928
75.990774,-81.304400,-266.000000,12.421658,4.745910
13.070774,-82.344400,-265.000000,12.600237,4.485349
13.590774,-82.344400,-265.000000,12.395737,4.485048
14.110774,-82.344400,-265.000000,12.388188,4.562043
14.630774,-82.344400,-265.000000,12.447032,4.568391
15.150774,-82.344400,-265.000000,12.462836,4.588172
15.670774,-82.344400,-265.000000,12.285270,4.577231
16.190774,-82.344400,-265.000000,12.470534,4.652887
16.710774,-82.344400,-265.000000,12.324528,4.688373
17.230774,-82.344400,-265.000000,12.433131,4.625076
17.750774,-82.344400,-265.000000,12.277846,4.632851
18.270774,-82.344400,-265.000000,12.454227,4.565717
18.790774,-82.344400,-265.000000,12.358218,4.626386
19.310774,-82.344400,-265.000000,12.410704,4.623152
19.830774,-82.344400,-265.000000,12.386008,4.679452
20.350774,-82.344400,-265.000000,12.564475,4.672164
20.870774,-82.344400,-265.000000,12.628198,4.718391
21.390774,-82.344400,-265.000000,12.584536,4.686000
21.910774,-82.344400,-265.000000,12.415828,4.672011
22.430774,-82.344400,-265.000000,12.503386,4.710086
22.950774,-82.344400,-265.000000,12.200583,4.646487
23.470774,-82.344400,-265.000000,12.576072,4.686315
23.990774,-82.344400,-265.000000,12.320076,4.653567
24.510774,-82.344400,-265.000000,12.562289,4.676541
25.030774,-82.344400,-265.000000,12.499868,4.769980
25.550774,-82.344400,-265.000000,12.301585,4.690286
26.070774,-82.344400,-265.000000,12.413966,4.717607
26.590774,-82.344400,-265.000000,12.229110,4.657439
27.110774,-82.344400,-265.000000,12.410687,4.697721
27.630774,-82.344400,-265.000000,12.263387,4.656120
28.150774,-82.344400,-265.000000,12.452380,4.684352
28.670774,-82.344400,-265.000000,12.595516,4.738927
29.190774,-82.344400,-265.000000,12.309205,4.666262
29.710774,-82.344400,-265.000000,12.113456,4.654903
30.230774,-82.344400,-265.000000,12.283210,4.690907
30.750774,-82.344400,-265.000000,12.527350,4.721432
31.270774,-82.344400,-265.000000,12.415667,4.704845
31.790774,-82.344400,-265.000000,12.131092,4.654295
32.310774,-82.344400,-265.000000,12.132045,4.588442
32.830774,-82.344400,-265.000000,12.575370,4.716368
33.350774,-82.344400,-265.000000,12.205491,4.685262
33.870774,-82.344400,-265.000000,12.216170,4.666512
34.390774,-82.344400,-265.000000,12.410857,4.716232
34.910774,-82.344400,-265.000000,12.544486,4.695200
35.430774,-82.344400,-265.000000,12.321384,4.690380
35.950774,-82.344400,-265.000000,12.296801,4.704010
36.470774,-82.344400,-265.000000,12.298267,4.708046
36.990774,-82.344400,-265.000000,12.357591,4.753620
37.510774,-82.344400,-265.000000,12.368279,4.694826
38.030774,-82.344400,-265.000000,12.324761,4.792052
38.550774,-82.344400,-265.000000,12.423393,4.680501
39.070774,-82.344400,-265.000000,12.374609,4.747289
39.590774,-82.344400,-265.000000,12.292668,4.735721
40.110774,-82.344400,-265.000000,12.396697,4.792081
40.630774,-82.344400,-265.000000,12.476094,4.682809
41.150774,-82.344400,-265.000000,12.360713,4.716834
41.670774,-82.344400,-265.000000,12.238609,4.728998
42.190774,-82.344400,-265.000000,12.295707,4.690411
42.710774,-82.344400,-265.000000,12.493831,4.752770
43.230774,-82.344400,-265.000000,12.692447,4.743846
43.750774,-82.344400,-265.000000,12.261677,4.648809
44.270774,-82.344400,-265.000000,12.291373,4.689073
44.790774,-82.344400,-265.000000,12.231415,4.692767
45.310774,-82.344400,-265.000000,12.380886,4.706877
45.830774,-82.344400,-265.000000,12.741187,4.720192
46.350774,-82.344400,-265.000000,12.287069,4.710537
46.870774,-82.344400,-265.000000,12.394150,4.705348
47.390774,-82.344400,-265.000000,12.426052,4.696486
47.910774,-82.344400,-265.000000,12.362730,4.719127
48.430774,-82.344400,-265.000000,12.266593,4.653163
48.950774,-82.344400,-265.000000,12.317239,4.691216
49.470774,-82.344400,-265.000000,12.470954,4.704021
49.990774,-82.344400,-265.000000,12.196602,4.674625
50.510774,-82.344400,-265.000000,12.369746,4.690843
51.030774,-82.344400,-265.000000,12.389693,4.691989
51.550774,-82.344400,-265.000000,12.425061,4.735514
52.070774,-82.344400,-265.000000,12.318667,4.679965
52.590774,-82.344400,-265.000000,12.396418,4.723544
53.110774,-82.344400,-265.000000,12.551974,4.721895
53.630774,-82.344400,-265.000000,12.372273,4.742384
54.150774,-82.344400,-265.000000,12.408232,4.741097
54.670774,-82.344400,-265.000000,12.331310,4.716551
55.190774,-82.344400,-265.000000,12.599643,4.727419
55.710774,-82.344400,-265.000000,12.246057,4.697079
56.230774,-82.344400,-265.000000,12.490578,4.697108
56.750774,-82.344400,-265.000000,12.356219,4.691442
57.270774,-82.344400,-265.000000,12.380389,4.687602
57.790774,-82.344400,-265.000000,12.397282,4.687572
58.310774,-82.344400,-265.000000,12.310434,4.711020
58.830774,-82.344400,-265.000000,12.301289,4.675552
59.350774,-82.344400,-265.000000,12.538467,4.715841
59.870774,-82.344400,-265.000000,12.656083,4.778774
60.390774,-82.344400,-265.000000,12.380118,4.713660
60.910774,-82.344400,-265.000000,12.450438,4.733677
61.430774,-82.344400,-265.000000,12.189172,4.737315
61.950774,-82.344400,-265.000000,12.293258,4.638778
62.470774,-82.344400,-265.000000,12.371674,4.718017
62.990774,-82.344400,-265.000000,12.391899,4.667327
63.510774,-82.344400,-265.000000,12.372066,4.674250
64.030774,-82.344400,-265.000000,12.185398,4.707990
64.550774,-82.344400,-265.000000,12.400978,4.698219
65.070774,-82.344400,-265.000000,12.557695,4.700249
65.590774,-82.344400,-265.000000,12.546477,4.716432
66.110774,-82.344400,-265.000000,12.638026,4.752763
66.630774,-82.344400,-265.000000,12.395860,4.711668
67.150774,-82.344400,-265.000000,12.623305,4.741843
67.670774,-82.344400,-265.000000,12.445079,4.689036
68.190774,-82.344400,-265.000000,12.394113,4.722738
68.710774,-82.344400,-265.000000,12.478051,4.691300
69.230774,-82.344400,-265.000000,12.336813,4.757174
69.750774,-82.344400,-265.000000,12.356467,4.679550
70.270774,-82.344400,-265.000000,12.352080,4.694862
70.790774,-82.344400,-265.000000,12.367579,4.704599
71.310774,-82.344400,-265.000000,12.605774,4.707709
71.830774,-82.344400,-265.000000,12.169028,4.640208
72.350774,-82.344400,-265.000000,12.404613,4.683766
72.870774,-82.344400,-265.000000,12.376626,4.645696
73.390774,-82.344400,-265.000000,12.298941,4.685514
73.910774,-82.344400,-265.000000,12.473660,4.717021
74.430774,-82.344400,-265.000000,12.673814,4.746070
74.950774,-82.344400,-265.000000,12.421206,4.661731
75.470774,-82.344400,-265.000000,12.598744,4.708324
75.990774,-82.344400,-265.000000,12.296700,4.673133
13.070774,-81.824400,-265.000000,12.544933,4.486881
13.590774,-81.824400,-265.000000,12.427291,4.485903
14.110774,-81.824400,-265.000000,12.367700,4.569792
14.630774,-81.824400,-265.000000,12.521385,4.591555
15.150774,-81.824400,-265.000000,12.447013,4.580094
15.670774,-81.824400,-265.000000,12.257565,4.576144
16.190774,-81.824400,-265.000000,12.391151,4.637014
16.710774,-81.824400,-265.000000,12.358378,4.695403
17.230774,-81.824400,-265.000000,12.421794,4.638402
17.750774,-81.824400,-265.000000,12.324866,4.640674
18.270774,-81.824400,-265.000000,12.418311,4.574510
18.790774,-81.824400,-265.000000,12.388172,4.633218
19.310774,-81.824400,-265.000000,12.424887,4.641283
19.830774,-81.824400,-265.000000,12.378364,4.662312
20.350774,-81.824400,-265.000000,12.520836,4.664187
20.870774,-81.824400,-265.000000,12.625350,4.718184
21.390774,-81.824400,-265.000000,12.621425,4.719890
21.910774,-81.824400,-265.000000,12.405073,4.680670
22.430774,-81.824400,-265.000000,12.543021,4.707828
22.950774,-81.824400,-265.000000,12.266838,4.626889
23.470774,-81.824400,-265.000000,12.513990,4.685913
23.990774,-81.824400,-265.000000,12.447964,4.681489
24.510774,-81.824400,-265.000000,12.435404,4.667663
25.030774,-81.824400,-265.000000,12.499278,4.748059
25.550774,-81.824400,-265.000000,12.324511,4.703928
26.070774,-81.824400,-265.000000,12.403780,4.723000
26.590774,-81.824400,-265.000000,12.306930,4.672700
27.110774,-81.824400,-265.000000,12.290463,4.674917
27.630774,-81.824400,-265.000000,12.247242,4.655327
28.150774,-81.824400,-265.000000,12.500669,4.704328
28.670774,-81.824400,-265.000000,12.526351,4.714574
29.190774,-81.824400,-265.000000,12.282190,4.664881
29.710774,-81.824400,-265.000000,12.118454,4.654319
30.230774,-81.824400,-265.000000,12.278335,4.702124
30.750774,-81.824400,-265.000000,12.492586,4.714535
31.270774,-81.824400,-265.000000,12.448621,4.730339
31.790774,-81.824400,-265.000000,12.098258,4.656965
32.310774,-81.824400,-265.000000,12.187804,4.602415
32.830774,-81.824400,-265.000000,12.551959,4.729453
33.350774,-81.824400,-265.000000,12.244708,4.686935
33.870774,-81.824400,-265.000000,12.224405,4.679494
34.390774,-81.824400,-265.000000,12.346679,4.709813
34.910774,-81.824400,-265.000000,12.504704,4.693618
35.430774,-81.824400,-265.000000,12.366921,4.701123
35.950774,-81.824400,-265.000000,12.244154,4.690686
36.470774,-81.824400,-265.000000,12.344531,4.715454
36.990774,-81.824400,-265.000000,12.433900,4.761509
37.510774,-81.824400,-265.000000,12.284188,4.677602
38.030774,-81.824400,-265.000000,12.278965,4.800992
38.550774,-81.824400,-265.000000,12.352548,4.676395
39.070774,-81.824400,-265.000000,12.425364,4.762901
39.590774,-81.824400,-265.000000,12.219127,4.704045
40.110774,-81.824400,-265.000000,12.339396,4.793857
40.630774,-81.824400,-265.000000,12.489973,4.697887
41.150774,-81.824400,-265.000000,12.298922,4.702114
41.670774,-81.824400,-265.000000,12.297659,4.739272
42.190774,-81.824400,-265.000000,12.292660,4.698040
42.710774,-81.824400,-265.000000,12.512218,4.748750
43.230774,-81.824400,-265.000000,12.719942,4.770260
43.750774,-81.824400,-265.000000,12.248970,4.641243
44.270774,-81.824400,-265.000000,12.277725,4.697477
44.790774,-81.824400,-265.000000,12.217572,4.709830
45.310774,-81.824400,-265.000000,12.395658,4.708226
45.830774,-81.824400,-265.000000,12.737777,4.718243
46.350774,-81.824400,-265.000000,12.278375,4.706027
46.870774,-81.824400,-265.000000,12.408648,4.719182
47.390774,-81.824400,-265.000000,12.412520,4.691399
47.910774,-81.824400,-265.000000,12.375744,4.736755
48.430774,-81.824400,-265.000000,12.317029,4.659234
48.950774,-81.824400,-265.000000,12.242547,4.680345
49.470774,-81.824400,-265.000000,12.478148,4.717315
49.990774,-81.824400,-265.000000,12.189454,4.673334
50.510774,-81.824400,-265.000000,12.355691,4.687111
51.030774,-81.824400,-265.000000,12.337183,4.691675
51.550774,-81.824400,-265.000000,12.490205,4.749509
52.070774,-81.824400,-265.000000,12.292712,4.692245
52.590774,-81.824400,-265.000000,12.392861,4.734946
53.110774,-81.824400,-265.000000,12.548469,4.740460
53.630774,-81.824400,-265.000000,12.392406,4.756795
54.150774,-81.824400,-265.000000,12.354583,4.740885
54.670774,-81.824400,-265.000000,12.312995,4.733389
55.190774,-81.824400,-265.000000,12.496993,4.713016
55.710774,-81.824400,-265.000000,12.382144,4.724144
56.230774,-81.824400,-265.000000,12.400561,4.698081
56.750774,-81.824400,-265.000000,12.384219,4.700935
57.270774,-81.824400,-265.000000,12.393580,4.697495
57.790774,-81.824400,-265.000000,12.453697,4.711336
58.310774,-81.824400,-265.000000,12.200552,4.711978
58.830774,-81.824400,-265.000000,12.314944,4.675697
59.350774,-81.824400,-265.000000,12.568753,4.722954
59.870774,-81.824400,-265.000000,12.656283,4.768676
60.390774,-81.824400,-265.000000,12.281194,4.700014
60.910774,-81.824400,-265.000000,12.429854,4.761145
61.430774,-81.824400,-265.000000,12.198436,4.756221
61.950774,-81.824400,-265.000000,12.250722,4.626667
62.470774,-81.824400,-265.000000,12.382974,4.728365
62.990774,-81.824400,-265.000000,12.398136,4.676920
63.510774,-81.824400,-265.000000,12.329867,4.674800
64.030774,-81.824400,-265.000000,12.151792,4.695763
64.550774,-81.824400,-265.000000,12.320735,4.710154
65.070774,-81.824400,-265.000000,12.620330,4.714810
65.590774,-81.824400,-265.000000,12.415135,4.711869
66.110774,-81.824400,-265.000000,12.643950,4.748745
66.630774,-81.824400,-265.000000,12.363887,4.726879
67.150774,-81.824400,-265.000000,12.667193,4.739476
67.670774,-81.824400,-265.000000,12.425044,4.692652
68.190774,-81.824400,-265.000000,12.332882,4.720617
68.710774,-81.824400,-265.000000,12.480439,4.704815
69.230774,-81.824400,-265.000000,12.350444,4.757712
69.750774,-81.824400,-265.000000,12.406384,4.700212
70.270774,-81.824400,-265.000000,12.297191,4.704216
70.790774,-81.824400,-265.000000,12.381332,4.707687
71.310774,-81.824400,-265.000000,12.497355,4.698851
71.830774,-81.824400,-265.000000,12.221894,4.661039
72.350774,-81.824400,-265.000000,12.376801,4.690181
72.870774,-81.824400,-265.000000,12.421844,4.639758
73.390774,-81.824400,-265.000000,12.282660,4.699247
73.910774,-81.824400,-265.000000,12.411138,4.710952
74.430774,-81.824400,-265.000000,12.620449,4.740679
74.950774,-81.824400,-265.000000,12.466380,4.694661
75.470774,-81.824400,-265.000000,12.578385,4.707819
75.990774,-81.824400,-265.000000,12.297129,4.673481
13.070774,-82.344400,-264.000000,12.619149,4.464972
13.590774,-82.344400,-264.000000,12.470997,4.542813
14.110774,-82.344400,-264.000000,12.394046,4.535802
14.630774,-82.344400,-264.000000,12.512257,4.573362
15.150774,-82.344400,-264.000000,12.346080,4.538023
15.670774,-82.344400,-264.000000,12.485224,4.581553
16.190774,-82.344400,-264.000000,12.496144,4.598583
16.710774,-82.344400,-264.000000,12.273919,4.572393
17.230774,-82.344400,-264.000000,12.404253,4.604911
17.750774,-82.344400,-264.000000,12.321809,4.613840
18.270774,-82.344400,-264.000000,12.420345,4.624669
18.790774,-82.344400,-264.000000,12.441335,4.598929
19.310774,-82.344400,-264.000000,12.234181,4.647307
19.830774,-82.344400,-264.000000,12.444674,4.696249
20.350774,-82.344400,-264.000000,12.379750,4.662189
20.870774,-82.344400,-264.000000,12.056746,4.634019
21.390774,-82.344400,-264.000000,12.244655,4.581994
21.910774,-82.344400,-264.000000,12.326515,4.643647
22.430774,-82.344400,-264.000000,12.590537,4.739021
22.950774,-82.344400,-264.000000,12.243721,4.666790
23.470774,-82.344400,-264.000000,12.382389,4.690825
23.990774,-82.344400,-264.000000,12.292640,4.659494
24.510774,-82.344400,-264.000000,12.191734,4.702418
25.030774,-82.344400,-264.000000,12.364249,4.672853
25.550774,-82.344400,-264.000000,12.528336,4.725267
26.070774,-82.344400,-264.000000,12.823140,4.732844
26.590774,-82.344400,-264.000000,12.062208,4.686954
27.110774,-82.344400,-264.000000,12.156086,4.606666
27.630774,-82.344400,-264.000000,12.321113,4.705153
28.150774,-82.344400,-264.000000,12.212208,4.666625
28.670774,-82.344400,-264.000000,12.325768,4.659490
29.190774,-82.344400,-264.000000,12.403871,4.673756
29.710774,-82.344400,-264.000000,12.358221,4.705295
30.230774,-82.344400,-264.000000,12.435027,4.705884
30.750774,-82.344400,-264.000000,12.095921,4.687512
31.270774,-82.344400,-264.000000,12.231658,4.706181
31.790774,-82.344400,-264.000000,12.062858,4.726793
32.310774,-82.344400,-264.000000,12.400043,4.742608
32.830774,-82.344400,-264.000000,12.344245,4.691695
33.350774,-82.344400,-264.000000,12.445557,4.735330
33.870774,-82.344400,-264.000000,12.108144,4.649604
34.390774,-82.344400,-264.000000,12.203708,4.674312
34.910774,-82.344400,-264.000000,12.332091,4.706109
35.430774,-82.344400,-264.000000,12.399512,4.751265
35.950774,-82.344400,-264.000000,12.552130,4.735555
36.470774,-82.344400,-264.000000,12.529800,4.796864
36.990774,-82.344400,-264.000000,12.444663,4.743934
37.510774,-82.344400,-264.000000,12.437782,4.698479
38.030774,-82.344400,-264.000000,12.237853,4.697743
38.550774,-82.344400,-264.000000,12.331328,4.703377
39.070774,-82.344400,-264.000000,12.384541,4.700793
39.590774,-82.344400,-264.000000,12.436136,4.723164
40.110774,-82.344400,-264.000000,12.280589,4.711794
40.630774,-82.344400,-264.000000,12.498791,4.753165
41.150774,-82.344400,-264.000000,12.332812,4.729372
41.670774,-82.344400,-264.000000,12.284531,4.722808
42.190774,-82.344400,-264.000000,12.337787,4.690842
42.710774,-82.344400,-264.000000,12.517472,4.743495
43.230774,-82.344400,-264.000000,12.350712,4.697484
43.750774,-82.344400,-264.000000,12.113433,4.705816
44.270774,-82.344400,-264.000000,12.569201,4.757815
44.790774,-82.344400,-264.000000,12.322854,4.687335
45.310774,-82.344400,-264.000000,12.329995,4.711385
45.830774,-82.344400,-264.000000,12.462844,4.647350
46.350774,-82.344400,-264.000000,12.038711,4.633100
46.870774,-82.344400,-264.000000,12.376183,4.719182
47.390774,-82.344400,-264.000000,12.331042,4.682422
47.910774,-82.344400,-264.000000,12.326451,4.720222
48.430774,-82.344400,-264.000000,12.210498,4.674217
48.950774,-82.344400,-264.000000,12.401851,4.701782
49.470774,-82.344400,-264.000000,12.499483,4.755819
49.990774,-82.344400,-264.000000,12.254990,4.691557
50.510774,-82.344400,-264.000000,12.335707,4.668929
51.030774,-82.344400,-264.000000,12.424636,4.685491
51.550774,-82.344400,-264.000000,12.325972,4.732251
52.070774,-82.344400,-264.000000,12.204097,4.727182
52.590774,-82.344400,-264.000000,12.405894,4.700018
53.110774,-82.344400,-264.000000,12.602968,4.711826
53.630774,-82.344400,-264.000000,12.473351,4.697906
54.150774,-82.344400,-264.000000,12.365180,4.751629
54.670774,-82.344400,-264.000000,12.326568,4.716078
55.190774,-82.344400,-264.000000,12.237140,4.680336
55.710774,-82.344400,-264.000000,12.431908,4.629939
56.230774,-82.344400,-264.000000,12.280482,4.628788
56.750774,-82.344400,-264.000000,12.472374,4.713391
57.270774,-82.344400,-264.000000,12.192460,4.740289
57.790774,-82.344400,-264.000000,12.300326,4.731281
58.310774,-82.344400,-264.000000,12.400607,4.693939
58.830774,-82.344400,-264.000000,12.387938,4.691938
59.350774,-82.344400,-264.000000,12.431503,4.719804
59.870774,-82.344400,-264.000000,12.384843,4.756207
60.390774,-82.344400,-264.000000,12.412449,4.706425
60.910774,-82.344400,-264.000000,12.614148,4.759006
61.430774,-82.344400,-264.000000,12.384469,4.669630
61.950774,-82.344400,-264.000000,12.522452,4.722362
62.470774,-82.344400,-264.000000,12.442140,4.722211
62.990774,-82.344400,-264.000000,12.347702,4.715838
63.510774,-82.344400,-264.000000,12.451480,4.690123
64.030774,-82.344400,-264.000000,12.443140,4.690843
64.550774,-82.344400,-264.000000,12.513364,4.679857
65.070774,-82.344400,-264.000000,12.444270,4.727245
65.590774,-82.344400,-264.000000,12.394309,4.724516
66.110774,-82.344400,-264.000000,12.630542,4.688303
66.630774,-82.344400,-264.000000,12.248293,4.709882
67.150774,-82.344400,-264.000000,12.330425,4.693075
67.670774,-82.344400,-264.000000,12.452521,4.688452
68.190774,-82.344400,-264.000000,12.644547,4.703053
68.710774,-82.344400,-264.000000,12.334506,4.682464
69.230774,-82.344400,-264.000000,12.401785,4.689308
69.750774,-82.344400,-264.000000,12.331811,4.657955
70.270774,-82.344400,-264.000000,12.279554,4.685779
70.790774,-82.344400,-264.000000,12.604233,4.651155
71.310774,-82.344400,-264.000000,12.399055,4.720493
71.830774,-82.344400,-264.000000,12.651019,4.681976
72.350774,-82.344400,-264.000000,12.455100,4.710204
72.870774,-82.344400,-264.000000,12.445991,4.718674
73.390774,-82.344400,-264.000000,12.427196,4.642089
73.910774,-82.344400,-264.000000,12.176386,4.641477
74.430774,-82.344400,-264.000000,12.528834,4.699068
74.950774,-82.344400,-264.000000,12.224345,4.726438
75.470774,-82.344400,-264.000000,12.245780,4.691029
75.990774,-82.344400,-264.000000,12.469249,4.683122
13.070774,-81.824400,-264.000000,12.575679,4.469884
13.590774,-81.824400,-264.000000,12.477593,4.545963
14.110774,-81.824400,-264.000000,12.352718,4.539906
14.630774,-81.824400,-264.000000,12.584736,4.588546
15.150774,-81.824400,-264.000000,12.258993,4.542180
15.670774,-81.824400,-264.000000,12.511959,4.601023
16.190774,-81.824400,-264.000000,12.518748,4.605096
16.710774,-81.824400,-264.000000,12.195174,4.558052
17.230774,-81.824400,-264.000000,12.378311,4.626683
17.750774,-81.824400,-264.000000,12.296738,4.610130
18.270774,-81.824400,-264.000000,12.444605,4.650614
18.790774,-81.824400,-264.000000,12.374978,4.599325
19.310774,-81.824400,-264.000000,12.268698,4.649166
19.830774,-81.824400,-264.000000,12.404433,4.713500
20.350774,-81.824400,-264.000000,12.363018,4.661913
20.870774,-81.824400,-264.000000,11.924788,4.620262
21.390774,-81.824400,-264.000000,12.274310,4.584260
21.910774,-81.824400,-264.000000,12.353122,4.655890
22.430774,-81.824400,-264.000000,12.634629,4.748958
22.950774,-81.824400,-264.000000,12.113232,4.660512
23.470774,-81.824400,-264.000000,12.365489,4.698079
23.990774,-81.824400,-264.000000,12.214225,4.658506
24.510774,-81.824400,-264.000000,12.184155,4.684074
25.030774,-81.824400,-264.000000,12.384830,4.684891
25.550774,-81.824400,-264.000000,12.524978,4.733876
26.070774,-81.824400,-264.000000,12.812045,4.737202
26.590774,-81.824400,-264.000000,12.017631,4.696674
27.110774,-81.824400,-264.000000,12.225399,4.608701
27.630774,-81.824400,-264.000000,12.301748,4.718359
28.150774,-81.824400,-264.000000,12.218077,4.659170
28.670774,-81.824400,-264.000000,12.290585,4.645725
29.190774,-81.824400,-264.000000,12.367351,4.682507
29.710774,-81.824400,-264.000000,12.251849,4.693936
30.230774,-81.824400,-264.000000,12.507133,4.717181
30.750774,-81.824400,-264.000000,12.155593,4.725611
31.270774,-81.824400,-264.000000,12.180594,4.682759
31.790774,-81.824400,-264.000000,12.056153,4.726854
32.310774,-81.824400,-264.000000,12.260030,4.721997
32.830774,-81.824400,-264.000000,12.331658,4.690503
33.350774,-81.824400,-264.000000,12.436021,4.726163
33.870774,-81.824400,-264.000000,12.106335,4.672873
34.390774,-81.824400,-264.000000,12.160684,4.670187
34.910774,-81.824400,-264.000000,12.342587,4.703087
35.430774,-81.824400,-264.000000,12.325713,4.741759
35.950774,-81.824400,-264.000000,12.525463,4.733550
36.470774,-81.824400,-264.000000,12.437423,4.789757
36.990774,-81.824400,-264.000000,12.458403,4.757156
37.510774,-81.824400,-264.000000,12.404597,4.709688
38.030774,-81.824400,-264.000000,12.304152,4.696291
38.550774,-81.824400,-264.000000,12.279716,4.724473
39.070774,-81.824400,-264.000000,12.431880,4.710970
39.590774,-81.824400,-264.000000,12.412181,4.725194
40.110774,-81.824400,-264.000000,12.378418,4.722554
40.630774,-81.824400,-264.000000,12.426564,4.758064
41.150774,-81.824400,-264.000000,12.295196,4.734951
41.670774,-81.824400,-264.000000,12.264020,4.710409
42.190774,-81.824400,-264.000000,12.351661,4.694315
42.710774,-81.824400,-264.000000,12.454787,4.746511
43.230774,-81.824400,-264.000000,12.272035,4.678669
43.750774,-81.824400,-264.000000,12.099619,4.695405
44.270774,-81.824400,-264.000000,12.578446,4.766374
44.790774,-81.824400,-264.000000,12.281090,4.688376
45.310774,-81.824400,-264.000000,12.330099,4.705691
45.830774,-81.824400,-264.000000,12.433065,4.651203
46.350774,-81.824400,-264.000000,12.036144,4.654294
46.870774,-81.824400,-264.000000,12.343108,4.730266
47.390774,-81.824400,-264.000000,12.383307,4.695094
47.910774,-81.824400,-264.000000,12.347404,4.712267
48.430774,-81.824400,-264.000000,12.208266,4.673683
48.950774,-81.824400,-264.000000,12.393591,4.689910
49.470774,-81.824400,-264.000000,12.498610,4.787087
49.990774,-81.824400,-264.000000,12.225983,4.689003
50.510774,-81.824400,-264.000000,12.316826,4.668254
51.030774,-81.824400,-264.000000,12.451320,4.693853
51.550774,-81.824400,-264.000000,12.339388,4.746112
52.070774,-81.824400,-264.000000,12.155667,4.711032
52.590774,-81.824400,-264.000000,12.420374,4.706224
53.110774,-81.824400,-264.000000,12.510203,4.711267
53.630774,-81.824400,-264.000000,12.531142,4.712897
54.150774,-81.824400,-264.000000,12.388711,4.750599
54.670774,-81.824400,-264.000000,12.325094,4.715103
55.190774,-81.824400,-264.000000,12.210325,4.669745
55.710774,-81.824400,-264.000000,12.370923,4.628654
56.230774,-81.824400,-264.000000,12.278497,4.656694
56.750774,-81.824400,-264.000000,12.474519,4.708270
57.270774,-81.824400,-264.000000,12.160205,4.733068
57.790774,-81.824400,-264.000000,12.201990,4.741299
58.310774,-81.824400,-264.000000,12.498342,4.696753
58.830774,-81.824400,-264.000000,12.375281,4.688053
59.350774,-81.824400,-264.000000,12.396887,4.739211
59.870774,-81.824400,-264.000000,12.365005,4.741943
60.390774,-81.824400,-264.000000,12.374606,4.710655
60.910774,-81.824400,-264.000000,12.641824,4.762769
61.430774,-81.824400,-264.000000,12.330394,4.673490
61.950774,-81.824400,-264.000000,12.497982,4.731818
62.470774,-81.824400,-264.000000,12.538105,4.718541
62.990774,-81.824400,-264.000000,12.313266,4.713711
63.510774,-81.824400,-264.000000,12.436253,4.706161
64.030774,-81.824400,-264.000000,12.438586,4.702452
64.550774,-81.824400,-264.000000,12.440456,4.685549
65.070774,-81.824400,-264.000000,12.425736,4.711345
65.590774,-81.824400,-264.000000,12.461024,4.745614
66.110774,-81.824400,-264.000000,12.580859,4.677361
66.630774,-81.824400,-264.000000,12.273398,4.714396
67.150774,-81.824400,-264.000000,12.308427,4.686711
67.670774,-81.824400,-264.000000,12.436393,4.714540
68.190774,-81.824400,-264.000000,12.590063,4.699364
68.710774,-81.824400,-264.000000,12.290148,4.670860
69.230774,-81.824400,-264.000000,12.368446,4.694001
69.750774,-81.824400,-264.000000,12.233123,4.645080
70.270774,-81.824400,-264.000000,12.278875,4.693370
70.790774,-81.824400,-264.000000,12.540980,4.674775
71.310774,-81.824400,-264.000000,12.443002,4.712008
71.830774,-81.824400,-264.000000,12.600598,4.683316
72.350774,-81.824400,-264.000000,12.437736,4.720631
72.870774,-81.824400,-264.000000,12.476674,4.739942
73.390774,-81.824400,-264.000000,12.397514,4.654960
73.910774,-81.824400,-264.000000,12.214735,4.633358
74.430774,-81.824400,-264.000000,12.503943,4.712771
74.950774,-81.824400,-264.000000,12.270176,4.703440
75.470774,-81.824400,-264.000000,12.215592,4.689784
75.990774,-81.824400,-264.000000,12.401581,4.681390
75.990774,-81.304400,-264.000000,12.378912,4.682504
13.070774,-82.344400,-263.000000,12.457640,4.386663
13.590774,-82.344400,-263.000000,12.330794,4.513671
14.110774,-82.344400,-263.000000,12.457683,4.519435
14.630774,-82.344400,-263.000000,12.185691,4.518940
15.150774,-82.344400,-263.000000,12.352627,4.574801
15.670774,-82.344400,-263.000000,12.396138,4.573590
16.190774,-82.344400,-263.000000,12.537772,4.576899
16.710774,-82.344400,-263.000000,12.334353,4.610446
17.230774,-82.344400,-263.000000,12.386939,4.649562
17.750774,-82.344400,-263.000000,12.455711,4.609827
18.270774,-82.344400,-263.000000,12.452093,4.690228
18.790774,-82.344400,-263.000000,12.545815,4.685373
19.310774,-82.344400,-263.000000,12.546989,4.655188
19.830774,-82.344400,-263.000000,12.591823,4.660984
20.350774,-82.344400,-263.000000,12.385102,4.648319
20.870774,-82.344400,-263.000000,12.651960,4.733103
21.390774,-82.344400,-263.000000,12.371527,4.676721
21.910774,-82.344400,-263.000000,12.242155,4.615581
22.430774,-82.344400,-263.000000,12.505881,4.663915
22.950774,-82.344400,-263.000000,12.371997,4.637455
23.470774,-82.344400,-263.000000,12.296503,4.730834
23.990774,-82.344400,-263.000000,12.311132,4.669516
24.510774,-82.344400,-263.000000,12.190007,4.671783
25.030774,-82.344400,-263.000000,12.434539,4.685000
25.550774,-82.344400,-263.000000,12.279376,4.643624
26.070774,-82.344400,-263.000000,12.410807,4.666927
26.590774,-82.344400,-263.000000,12.155123,4.677852
27.110774,-82.344400,-263.000000,12.361211,4.684820
27.630774,-82.344400,-263.000000,12.551027,4.728409
28.150774,-82.344400,-263.000000,12.379622,4.754281
28.670774,-82.344400,-263.000000,12.346692,4.713502
29.190774,-82.344400,-263.000000,12.583030,4.750564
29.710774,-82.344400,-263.000000,12.577301,4.707132
30.230774,-82.344400,-263.000000,12.285663,4.649704
30.750774,-82.344400,-263.000000,12.301666,4.659416
31.270774,-82.344400,-263.000000,12.376078,4.691440
31.790774,-82.344400,-263.000000,12.469727,4.689741
32.310774,-82.344400,-263.000000,12.167259,4.674001
32.830774,-82.344400,-263.000000,12.564933,4.715514
33.350774,-82.344400,-263.000000,12.617142,4.719453
33.870774,-82.344400,-263.000000,12.564599,4.715495
34.390774,-82.344400,-263.000000,12.522555,4.712290
34.910774,-82.344400,-263.000000,12.169859,4.676338
35.430774,-82.344400,-263.000000,12.203523,4.662528
35.950774,-82.344400,-263.000000,12.250913,4.659816
36.470774,-82.344400,-263.000000,12.291965,4.743300
36.990774,-82.344400,-263.000000,12.576304,4.778836
37.510774,-82.344400,-263.000000,12.284736,4.685855
38.030774,-82.344400,-263.000000,12.244012,4.665071
38.550774,-82.344400,-263.000000,12.065508,4.676020
39.070774,-82.344400,-263.000000,12.258166,4.664508
39.590774,-82.344400,-263.000000,12.367953,4.738732
40.110774,-82.344400,-263.000000,12.285327,4.725963
40.630774,-82.344400,-263.000000,12.290107,4.725228
41.150774,-82.344400,-263.000000,12.616312,4.738884
41.670774,-82.344400,-263.000000,12.416512,4.672729
42.190774,-82.344400,-263.000000,12.399628,4.718139
42.710774,-82.344400,-263.000000,12.310081,4.693537
43.230774,-82.344400,-263.000000,12.532464,4.682228
43.750774,-82.344400,-263.000000,12.341651,4.693906
44.270774,-82.344400,-263.000000,12.212901,4.686646
44.790774,-82.344400,-263.000000,12.298755,4.717356
45.310774,-82.344400,-263.000000,12.143691,4.703987
45.830774,-82.344400,-263.000000,12.435477,4.747797
46.350774,-82.344400,-263.000000,12.158540,4.664150
46.870774,-82.344400,-263.000000,12.428050,4.764285
47.390774,-82.344400,-263.000000,12.199454,4.641207
47.910774,-82.344400,-263.000000,12.299979,4.715954
48.430774,-82.344400,-263.000000,12.424013,4.699144
48.950774,-82.344400,-263.000000,12.359558,4.703716
49.470774,-82.344400,-263.000000,12.276006,4.705832
49.990774,-82.344400,-263.000000,12.270558,4.702615
50.510774,-82.344400,-263.000000,12.293193,4.691429
51.030774,-82.344400,-263.000000,12.204394,4.693965
51.550774,-82.344400,-263.000000,12.577514,4.746031
52.070774,-82.344400,-263.000000,12.248330,4.675005
52.590774,-82.344400,-263.000000,12.477747,4.718091
53.110774,-82.344400,-263.000000,12.312464,4.719298
53.630774,-82.344400,-263.000000,12.397329,4.716516
54.150774,-82.344400,-263.000000,12.211516,4.710668
54.670774,-82.344400,-263.000000,12.500519,4.770963
55.190774,-82.344400,-263.000000,12.463880,4.742164
55.710774,-82.344400,-263.000000,12.449906,4.699865
56.230774,-82.344400,-263.000000,12.324162,4.715733
56.750774,-82.344400,-263.000000,12.293225,4.760246
57.270774,-82.344400,-263.000000,12.709682,4.799507
57.790774,-82.344400,-263.000000,12.288783,4.652073
58.310774,-82.344400,-263.000000,12.396373,4.751356
58.830774,-82.344400,-263.000000,12.608279,4.756965
59.350774,-82.344400,-263.000000,12.576835,4.650056
59.870774,-82.344400,-263.000000,12.430175,4.715711
60.390774,-82.344400,-263.000000,12.292179,4.691963
60.910774,-82.344400,-263.000000,12.256025,4.705460
61.430774,-82.344400,-263.000000,12.351545,4.746348
61.950774,-82.344400,-263.000000,12.556461,4.765282
62.470774,-82.344400,-263.000000,12.517051,4.669833
62.990774,-82.344400,-263.000000,12.373721,4.708455
63.510774,-82.344400,-263.000000,12.324311,4.671638
64.030774,-82.344400,-263.000000,12.505571,4.712494
64.550774,-82.344400,-263.000000,12.316312,4.721122
65.070774,-82.344400,-263.000000,12.434989,4.676649
65.590774,-82.344400,-263.000000,12.315088,4.737761
66.110774,-82.344400,-263.000000,12.340144,4.659991
66.630774,-82.344400,-263.000000,12.438617,4.733548
67.150774,-82.344400,-263.000000,12.376174,4.714778
67.670774,-82.344400,-263.000000,12.541646,4.714717
68.190774,-82.344400,-263.000000,12.407102,4.659257
68.710774,-82.344400,-263.000000,12.370078,4.704394
69.230774,-82.344400,-263.000000,12.440981,4.721444
69.750774,-82.344400,-263.000000,12.096537,4.645942
70.270774,-82.344400,-263.000000,12.267233,4.691337
70.790774,-82.344400,-263.000000,12.213575,4.658949
71.310774,-82.344400,-263.000000,12.267431,4.722526
71.830774,-82.344400,-263.000000,12.383060,4.738093
72.350774,-82.344400,-263.000000,12.418777,4.731036
72.870774,-82.344400,-263.000000,12.334151,4.744065
73.390774,-82.344400,-263.000000,12.480189,4.642748
73.910774,-82.344400,-263.000000,12.557667,4.691763
74.430774,-82.344400,-263.000000,12.314704,4.691668
74.950774,-82.344400,-263.000000,12.387866,4.681895
75.470774,-82.344400,-263.000000,12.347588,4.639621
75.990774,-82.344400,-263.000000,12.390229,4.646541
13.070774,-81.824400,-263.000000,12.453695,4.401639
13.590774,-81.824400,-263.000000,12.377635,4.529222
14.110774,-81.824400,-263.000000,12.395992,4.517829
14.630774,-81.824400,-263.000000,12.177958,4.519542
15.150774,-81.824400,-263.000000,12.391978,4.564335
15.670774,-81.824400,-263.000000,12.398208,4.582228
16.190774,-81.824400,-263.000000,12.455834,4.578864
16.710774,-81.824400,-263.000000,12.389380,4.626998
17.230774,-81.824400,-263.000000,12.437800,4.646252
17.750774,-81.824400,-263.000000,12.429356,4.619751
18.270774,-81.824400,-263.000000,12.425859,4.676784
18.790774,-81.824400,-263.000000,12.492434,4.687451
19.310774,-81.824400,-263.000000,12.629489,4.684393
19.830774,-81.824400,-263.000000,12.604449,4.670379
20.350774,-81.824400,-263.000000,12.378746,4.655977
20.870774,-81.824400,-263.000000,12.644752,4.729585
21.390774,-81.824400,-263.000000,12.401757,4.693254
21.910774,-81.824400,-263.000000,12.228927,4.622229
22.430774,-81.824400,-263.000000,12.475257,4.676178
22.950774,-81.824400,-263.000000,12.398666,4.638948
23.470774,-81.824400,-263.000000,12.250731,4.719184
23.990774,-81.824400,-263.000000,12.299070,4.676460
24.510774,-81.824400,-263.000000,12.159919,4.677776
25.030774,-81.824400,-263.000000,12.322433,4.667116
25.550774,-81.824400,-263.000000,12.235552,4.641251
26.070774,-81.824400,-263.000000,12.425249,4.683760
26.590774,-81.824400,-263.000000,12.140862,4.685480
27.110774,-81.824400,-263.000000,12.419008,4.707520
27.630774,-81.824400,-263.000000,12.545723,4.736923
28.150774,-81.824400,-263.000000,12.318086,4.739552
28.670774,-81.824400,-263.000000,12.373982,4.741144
29.190774,-81.824400,-263.000000,12.572089,4.749570
29.710774,-81.824400,-263.000000,12.554111,4.717999
30.230774,-81.824400,-263.000000,12.223174,4.664096
30.750774,-81.824400,-263.000000,12.159382,4.660137
31.270774,-81.824400,-263.000000,12.387866,4.701100
31.790774,-81.824400,-263.000000,12.444110,4.678946
32.310774,-81.824400,-263.000000,12.172220,4.685295
32.830774,-81.824400,-263.000000,12.519225,4.716730
33.350774,-81.824400,-263.000000,12.602919,4.716441
33.870774,-81.824400,-263.000000,12.544408,4.725366
34.390774,-81.824400,-263.000000,12.553710,4.716881
34.910774,-81.824400,-263.000000,12.191847,4.684410
35.430774,-81.824400,-263.000000,12.160522,4.669899
35.950774,-81.824400,-263.000000,12.291315,4.674562
36.470774,-81.824400,-263.000000,12.395266,4.761267
36.990774,-81.824400,-263.000000,12.556010,4.780147
37.510774,-81.824400,-263.000000,12.299802,4.696581
38.030774,-81.824400,-263.000000,12.178797,4.649816
38.550774,-81.824400,-263.000000,12.064714,4.677461
39.070774,-81.824400,-263.000000,12.207374,4.648318
39.590774,-81.824400,-263.000000,12.304707,4.732552
40.110774,-81.824400,-263.000000,12.275412,4.740952
40.630774,-81.824400,-263.000000,12.293501,4.726589
41.150774,-81.824400,-263.000000,12.547258,4.748694
41.670774,-81.824400,-263.000000,12.417539,4.671825
42.190774,-81.824400,-263.000000,12.438879,4.730875
42.710774,-81.824400,-263.000000,12.265677,4.685332
43.230774,-81.824400,-263.000000,12.578415,4.684679
43.750774,-81.824400,-263.000000,12.336860,4.720978
44.270774,-81.824400,-263.000000,12.172210,4.688382
44.790774,-81.824400,-263.000000,12.187928,4.719793
45.310774,-81.824400,-263.000000,12.249254,4.731667
45.830774,-81.824400,-263.000000,12.435719,4.746819
46.350774,-81.824400,-263.000000,12.161078,4.669786
46.870774,-81.824400,-263.000000,12.442688,4.772052
47.390774,-81.824400,-263.000000,12.164172,4.643332
47.910774,-81.824400,-263.000000,12.312392,4.728862
48.430774,-81.824400,-263.000000,12.402336,4.712481
48.950774,-81.824400,-263.000000,12.346015,4.702508
49.470774,-81.824400,-263.000000,12.247165,4.679563
49.990774,-81.824400,-263.000000,12.145980,4.723786
50.510774,-81.824400,-263.000000,12.270283,4.691916
51.030774,-81.824400,-263.000000,12.252946,4.716236
51.550774,-81.824400,-263.000000,12.536886,4.736500
52.070774,-81.824400,-263.000000,12.244746,4.685194
52.590774,-81.824400,-263.000000,12.412136,4.719916
53.110774,-81.824400,-263.000000,12.254901,4.717561
53.630774,-81.824400,-263.000000,12.344836,4.713614
54.150774,-81.824400,-263.000000,12.229748,4.725046
54.670774,-81.824400,-263.000000,12.456779,4.774854
55.190774,-81.824400,-263.000000,12.507818,4.738601
55.710774,-81.824400,-263.000000,12.476018,4.704525
56.230774,-81.824400,-263.000000,12.273285,4.704007
56.750774,-81.824400,-263.000000,12.361230,4.764202
57.270774,-81.824400,-263.000000,12.629823,4.796778
57.790774,-81.824400,-263.000000,12.357067,4.674229
58.310774,-81.824400,-263.000000,12.352874,4.748963
58.830774,-81.824400,-263.000000,12.573524,4.766325
59.350774,-81.824400,-263.000000,12.467770,4.650838
59.870774,-81.824400,-263.000000,12.454008,4.705816
60.390774,-81.824400,-263.000000,12.240508,4.695385
60.910774,-81.824400,-263.000000,12.327487,4.720872
61.430774,-81.824400,-263.000000,12.288882,4.746697
61.950774,-81.824400,-263.000000,12.574602,4.758060
62.470774,-81.824400,-263.000000,12.434578,4.663625
62.990774,-81.824400,-263.000000,12.422690,4.713422
63.510774,-81.824400,-263.000000,12.347636,4.705861
64.030774,-81.824400,-263.000000,12.459907,4.704539
64.550774,-81.824400,-263.000000,12.300509,4.738575
65.070774,-81.824400,-263.000000,12.373309,4.688821
65.590774,-81.824400,-263.000000,12.346766,4.731397
66.110774,-81.824400,-263.000000,12.280623,4.671045
66.630774,-81.824400,-263.000000,12.403010,4.746844
67.150774,-81.824400,-263.000000,12.398364,4.709825
67.670774,-81.824400,-263.000000,12.515316,4.725491
68.190774,-81.824400,-263.000000,12.422778,4.667783
68.710774,-81.824400,-263.000000,12.409858,4.709227
69.230774,-81.824400,-263.000000,12.473743,4.751338
69.750774,-81.824400,-263.000000,12.095035,4.641842
70.270774,-81.824400,-263.000000,12.258208,4.688568
70.790774,-81.824400,-263.000000,12.249041,4.664420
71.310774,-81.824400,-263.000000,12.246951,4.724091
71.830774,-81.824400,-263.000000,12.382116,4.736547
72.350774,-81.824400,-263.000000,12.306548,4.731860
72.870774,-81.824400,-263.000000,12.290184,4.728647
73.390774,-81.824400,-263.000000,12.466464,4.652696
73.910774,-81.824400,-263.000000,12.519774,4.695836
74.430774,-81.824400,-263.000000,12.340659,4.706940
74.950774,-81.824400,-263.000000,12.342724,4.677897
75.470774,-81.824400,-263.000000,12.347107,4.659368
75.990774,-81.824400,-263.000000,12.369137,4.640513
75.990774,-81.304400,-263.000000,12.301378,4.634070
13.070774,-82.344400,-262.000000,12.287845,4.442342
13.590774,-82.344400,-262.000000,12.495997,4.525120
14.110774,-82.344400,-262.000000,12.383358,4.608670
14.630774,-82.344400,-262.000000,12.395587,4.610459
15.150774,-82.344400,-262.000000,12.452556,4.577467
15.670774,-82.344400,-262.000000,12.252274,4.560638
16.190774,-82.344400,-262.000000,12.193328,4.579268
16.710774,-82.344400,-262.000000,12.461516,4.610483
17.230774,-82.344400,-262.000000,12.452947,4.615792
17.750774,-82.344400,-262.000000,12.298018,4.618682
18.270774,-82.344400,-262.000000,12.415683,4.704154
18.790774,-82.344400,-262.000000,12.553008,4.713591
19.310774,-82.344400,-262.000000,12.486157,4.658223
19.830774,-82.344400,-262.000000,12.281818,4.600792
20.350774,-82.344400,-262.000000,12.703986,4.669734
20.870774,-82.344400,-262.000000,12.230142,4.650522
21.390774,-82.344400,-262.000000,12.361079,4.687110
21.910774,-82.344400,-262.000000,12.432334,4.638721
22.430774,-82.344400,-262.000000,12.591558,4.656326
22.950774,-82.344400,-262.000000,12.356214,4.664139
23.470774,-82.344400,-262.000000,12.571422,4.718248
23.990774,-82.344400,-262.000000,12.554919,4.642001
24.510774,-82.344400,-262.000000,12.424876,4.688559
25.030774,-82.344400,-262.000000,12.332255,4.658359
25.550774,-82.344400,-262.000000,12.349521,4.682428
26.070774,-82.344400,-262.000000,12.355249,4.677345
26.590774,-82.344400,-262.000000,12.299568,4.656182
27.110774,-82.344400,-262.000000,12.516091,4.686989
27.630774,-82.344400,-262.000000,12.352701,4.718072
28.150774,-82.344400,-262.000000,12.447886,4.716252
28.670774,-82.344400,-262.000000,12.312715,4.706916
29.190774,-82.344400,-262.000000,12.342875,4.719054
29.710774,-82.344400,-262.000000,12.501337,4.691419
30.230774,-82.344400,-262.000000,12.340690,4.684171
30.750774,-82.344400,-262.000000,12.352756,4.618402
31.270774,-82.344400,-262.000000,12.293923,4.669106
31.790774,-82.344400,-262.000000,12.462687,4.692297
32.310774,-82.344400,-262.000000,12.136938,4.689358
32.830774,-82.344400,-262.000000,12.404467,4.692544
33.350774,-82.344400,-262.000000,12.616515,4.753943
33.870774,-82.344400,-262.000000,12.446202,4.732319
34.390774,-82.344400,-262.000000,12.406154,4.706700
34.910774,-82.344400,-262.000000,12.407441,4.698651
35.430774,-82.344400,-262.000000,12.255410,4.708575
35.950774,-82.344400,-262.000000,12.307142,4.719223
36.470774,-82.344400,-262.000000,12.322786,4.738380
36.990774,-82.344400,-262.000000,12.591749,4.725745
37.510774,-82.344400,-262.000000,12.563791,4.759465
38.030774,-82.344400,-262.000000,12.294657,4.715310
38.550774,-82.344400,-262.000000,12.276216,4.682009
39.070774,-82.344400,-262.000000,12.396725,4.744454
39.590774,-82.344400,-262.000000,12.320476,4.715180
40.110774,-82.344400,-262.000000,12.720079,4.736985
40.630774,-82.344400,-262.000000,12.397712,4.713195
41.150774,-82.344400,-262.000000,12.582938,4.717925
41.670774,-82.344400,-262.000000,12.553356,4.746009
42.190774,-82.344400,-262.000000,12.467971,4.725303
42.710774,-82.344400,-262.000000,12.240585,4.740669
43.230774,-82.344400,-262.000000,12.173053,4.694831
43.750774,-82.344400,-262.000000,12.181510,4.717041
44.270774,-82.344400,-262.000000,12.305984,4.687072
44.790774,-82.344400,-262.000000,12.246721,4.693511
45.310774,-82.344400,-262.000000,12.486670,4.743838
45.830774,-82.344400,-262.000000,12.477451,4.755485
46.350774,-82.344400,-262.000000,12.418220,4.718446
46.870774,-82.344400,-262.000000,12.317671,4.781131
47.390774,-82.344400,-262.000000,12.577009,4.758452
47.910774,-82.344400,-262.000000,12.246360,4.727667
48.430774,-82.344400,-262.000000,12.582198,4.704500
48.950774,-82.344400,-262.000000,12.436407,4.720632
49.470774,-82.344400,-262.000000,12.235422,4.733690
49.990774,-82.344400,-262.000000,12.446227,4.697639
50.510774,-82.344400,-262.000000,12.491856,4.725683
51.030774,-82.344400,-262.000000,12.606492,4.742068
51.550774,-82.344400,-262.000000,12.319495,4.653995
52.070774,-82.344400,-262.000000,12.602345,4.752007
52.590774,-82.344400,-262.000000,12.338264,4.707108
53.110774,-82.344400,-262.000000,12.384037,4.755455
53.630774,-82.344400,-262.000000,12.287306,4.740273
54.150774,-82.344400,-262.000000,12.369337,4.695506
54.670774,-82.344400,-262.000000,12.246133,4.671241
55.190774,-82.344400,-262.000000,12.668202,4.738475
55.710774,-82.344400,-262.000000,12.373210,4.732027
56.230774,-82.344400,-262.000000,12.312969,4.701777
56.750774,-82.344400,-262.000000,12.485008,4.717112
57.270774,-82.344400,-262.000000,12.413462,4.711812
57.790774,-82.344400,-262.000000,12.468613,4.793488
58.310774,-82.344400,-262.000000,12.427983,4.725493
58.830774,-82.344400,-262.000000,12.213399,4.699797
59.350774,-82.344400,-262.000000,12.484587,4.703134
59.870774,-82.344400,-262.000000,12.507526,4.727651
60.390774,-82.344400,-262.000000,12.158618,4.731316
60.910774,-82.344400,-262.000000,12.425780,4.681026
61.430774,-82.344400,-262.000000,12.294873,4.706368
61.950774,-82.344400,-262.000000,12.483405,4.702970
62.470774,-82.344400,-262.000000,12.339478,4.714265
62.990774,-82.344400,-262.000000,12.528097,4.682929
63.510774,-82.344400,-262.000000,12.163633,4.609030
64.030774,-82.344400,-262.000000,12.341228,4.713502
64.550774,-82.344400,-262.000000,12.263350,4.707019
65.070774,-82.344400,-262.000000,12.493377,4.677996
65.590774,-82.344400,-262.000000,12.232520,4.650991
66.110774,-82.344400,-262.000000,12.489555,4.695454
66.630774,-82.344400,-262.000000,12.304860,4.635100
67.150774,-82.344400,-262.000000,12.360912,4.725049
67.670774,-82.344400,-262.000000,12.312720,4.651871
68.190774,-82.344400,-262.000000,12.342686,4.662180
68.710774,-82.344400,-262.000000,12.647574,4.697678
69.230774,-82.344400,-262.000000,12.325442,4.694681
69.750774,-82.344400,-262.000000,12.276294,4.718666
70.270774,-82.344400,-262.000000,12.536600,4.639511
70.790774,-82.344400,-262.000000,12.356233,4.727203
71.310774,-82.344400,-262.000000,12.357383,4.648707
71.830774,-82.344400,-262.000000,12.617785,4.732215
72.350774,-82.344400,-262.000000,12.600770,4.731590
72.870774,-82.344400,-262.000000,12.368810,4.696934
73.390774,-82.344400,-262.000000,12.381560,4.676020
73.910774,-82.344400,-262.000000,12.510657,4.693887
74.430774,-82.344400,-262.000000,12.283614,4.697396
74.950774,-82.344400,-262.000000,12.408743,4.649299
75.470774,-82.344400,-262.000000,12.322785,4.692895
75.990774,-82.344400,-262.000000,12.390699,4.649414
13.070774,-81.824400,-262.000000,12.317056,4.461788
13.590774,-81.824400,-262.000000,12.470014,4.513474
14.110774,-81.824400,-262.000000,12.352427,4.614019
14.630774,-81.824400,-262.000000,12.441004,4.618622
15.150774,-81.824400,-262.000000,12.430351,4.584887
15.670774,-81.824400,-262.000000,12.161939,4.569142
16.190774,-81.824400,-262.000000,12.272415,4.593234
16.710774,-81.824400,-262.000000,12.424029,4.609704
17.230774,-81.824400,-262.000000,12.420205,4.618829
17.750774,-81.824400,-262.000000,12.190105,4.602662
18.270774,-81.824400,-262.000000,12.393704,4.708485
18.790774,-81.824400,-262.000000,12.543014,4.723269
19.310774,-81.824400,-262.000000,12.500697,4.663169
19.830774,-81.824400,-262.000000,12.290931,4.587705
20.350774,-81.824400,-262.000000,12.639732,4.673554
20.870774,-81.824400,-262.000000,12.309987,4.665558
21.390774,-81.824400,-262.000000,12.342439,4.697441
21.910774,-81.824400,-262.000000,12.402135,4.637423
22.430774,-81.824400,-262.000000,12.557734,4.664449
22.950774,-81.824400,-262.000000,12.382353,4.672597
23.470774,-81.824400,-262.000000,12.540465,4.711884
23.990774,-81.824400,-262.000000,12.510569,4.647586
24.510774,-81.824400,-262.000000,12.467671,4.675503
25.030774,-81.824400,-262.000000,12.373842,4.682042
25.550774,-81.824400,-262.000000,12.234734,4.683070
26.070774,-81.824400,-262.000000,12.462265,4.691665
26.590774,-81.824400,-262.000000,12.303126,4.654665
27.110774,-81.824400,-262.000000,12.489820,4.704978
27.630774,-81.824400,-262.000000,12.333259,4.701196
28.150774,-81.824400,-262.000000,12.437502,4.723110
28.670774,-81.824400,-262.000000,12.342195,4.700694
29.190774,-81.824400,-262.000000,12.287107,4.735014
29.710774,-81.824400,-262.000000,12.538261,4.680318
30.230774,-81.824400,-262.000000,12.303983,4.678104
30.750774,-81.824400,-262.000000,12.420181,4.641554
31.270774,-81.824400,-262.000000,12.290432,4.664895
31.790774,-81.824400,-262.000000,12.454551,4.700603
32.310774,-81.824400,-262.000000,12.147172,4.690400
32.830774,-81.824400,-262.000000,12.398153,4.704301
33.350774,-81.824400,-262.000000,12.557990,4.749831
33.870774,-81.824400,-262.000000,12.515976,4.736651
34.390774,-81.824400,-262.000000,12.343638,4.707148
34.910774,-81.824400,-262.000000,12.443501,4.711708
35.430774,-81.824400,-262.000000,12.187343,4.703683
35.950774,-81.824400,-262.000000,12.255440,4.729235
36.470774,-81.824400,-262.000000,12.226142,4.735783
36.990774,-81.824400,-262.000000,12.550955,4.731354
37.510774,-81.824400,-262.000000,12.548514,4.749861
38.030774,-81.824400,-262.000000,12.276160,4.730106
38.550774,-81.824400,-262.000000,12.350990,4.711449
39.070774,-81.824400,-262.000000,12.428560,4.765654
39.590774,-81.824400,-262.000000,12.335667,4.737010
40.110774,-81.824400,-262.000000,12.715388,4.726676
40.630774,-81.824400,-262.000000,12.309337,4.712030
41.150774,-81.824400,-262.000000,12.487617,4.730276
41.670774,-81.824400,-262.000000,12.569749,4.758080
42.190774,-81.824400,-262.000000,12.445731,4.720535
42.710774,-81.824400,-262.000000,12.223326,4.740479
43.230774,-81.824400,-262.000000,12.230173,4.717167
43.750774,-81.824400,-262.000000,12.101860,4.688197
44.270774,-81.824400,-262.000000,12.338817,4.712537
44.790774,-81.824400,-262.000000,12.299178,4.675961
45.310774,-81.824400,-262.000000,12.524695,4.747572
45.830774,-81.824400,-262.000000,12.407560,4.780754
46.350774,-81.824400,-262.000000,12.375183,4.721375
46.870774,-81.824400,-262.000000,12.252605,4.766931
47.390774,-81.824400,-262.000000,12.602200,4.747685
47.910774,-81.824400,-262.000000,12.203181,4.727077
48.430774,-81.824400,-262.000000,12.584557,4.720185
48.950774,-81.824400,-262.000000,12.405345,4.702928
49.470774,-81.824400,-262.000000,12.300552,4.744360
49.990774,-81.824400,-262.000000,12.396508,4.706508
50.510774,-81.824400,-262.000000,12.447642,4.731799
51.030774,-81.824400,-262.000000,12.499129,4.749815
51.550774,-81.824400,-262.000000,12.435769,4.672233
52.070774,-81.824400,-262.000000,12.610383,4.746266
52.590774,-81.824400,-262.000000,12.302080,4.727036
53.110774,-81.824400,-262.000000,12.389808,4.762083
53.630774,-81.824400,-262.000000,12.240482,4.738966
54.150774,-81.824400,-262.000000,12.406470,4.704168
54.670774,-81.824400,-262.000000,12.234775,4.668455
55.190774,-81.824400,-262.000000,12.643683,4.736524
55.710774,-81.824400,-262.000000,12.449435,4.725459
56.230774,-81.824400,-262.000000,12.273804,4.716725
56.750774,-81.824400,-262.000000,12.425750,4.729898
57.270774,-81.824400,-262.000000,12.438919,4.722158
57.790774,-81.824400,-262.000000,12.392211,4.782682
58.310774,-81.824400,-262.000000,12.431259,4.752322
58.830774,-81.824400,-262.000000,12.203487,4.687327
59.350774,-81.824400,-262.000000,12.549358,4.713603
59.870774,-81.824400,-262.000000,12.486490,4.732207
60.390774,-81.824400,-262.000000,12.139544,4.744183
60.910774,-81.824400,-262.000000,12.405200,4.685829
61.430774,-81.824400,-262.000000,12.319909,4.705475
61.950774,-81.824400,-262.000000,12.462214,4.700201
62.470774,-81.824400,-262.000000,12.363522,4.745077
62.990774,-81.824400,-262.000000,12.480567,4.685113
63.510774,-81.824400,-262.000000,12.158473,4.600444
64.030774,-81.824400,-262.000000,12.379338,4.751295
64.550774,-81.824400,-262.000000,12.251597,4.699141
65.070774,-81.824400,-262.000000,12.533284,4.679571
65.590774,-81.824400,-262.000000,12.284239,4.654449
66.110774,-81.824400,-262.000000,12.452947,4.705090
66.630774,-81.824400,-262.000000,12.379691,4.653688
67.150774,-81.824400,-262.000000,12.267062,4.712945
67.670774,-81.824400,-262.000000,12.364375,4.668821
68.190774,-81.824400,-262.000000,12.266006,4.654874
68.710774,-81.824400,-262.000000,12.549389,4.685918
69.230774,-81.824400,-262.000000,12.274522,4.700179
69.750774,-81.824400,-262.000000,12.320170,4.739541
70.270774,-81.824400,-262.000000,12.447129,4.664763
70.790774,-81.824400,-262.000000,12.333272,4.706605
71.310774,-81.824400,-262.000000,12.335928,4.654645
71.830774,-81.824400,-262.000000,12.607514,4.728582
72.350774,-81.824400,-262.000000,12.566955,4.744238
72.870774,-81.824400,-262.000000,12.332431,4.705323
73.390774,-81.824400,-262.000000,12.319758,4.673243
73.910774,-81.824400,-262.000000,12.468663,4.709949
74.430774,-81.824400,-262.000000,12.281939,4.679698
74.950774,-81.824400,-262.000000,12.407035,4.660816
75.470774,-81.824400,-262.000000,12.273252,4.689010
75.990774,-81.824400,-262.000000,12.354733,4.661472
75.990774,-81.304400,-262.000000,12.388381,4.703471
13.070774,-82.344400,-261.000000,12.189502,4.461517
13.590774,-82.344400,-261.000000,12.489209,4.512266
14.110774,-82.344400,-261.000000,12.762266,4.581132
14.630774,-82.344400,-261.000000,12.332746,4.561615
15.150774,-82.344400,-261.000000,12.520285,4.573928
15.670774,-82.344400,-261.000000,12.415751,4.578430
16.190774,-82.344400,-261.000000,12.071657,4.586291
16.710774,-82.344400,-261.000000,12.484324,4.577731
17.230774,-82.344400,-261.000000,12.460242,4.645408
17.750774,-82.344400,-261.000000,12.460306,4.642671
18.270774,-82.344400,-261.000000,12.396052,4.675497
18.790774,-82.344400,-261.000000,12.413565,4.627761
19.310774,-82.344400,-261.000000,12.221625,4.600393
19.830774,-82.344400,-261.000000,12.303751,4.652308
20.350774,-82.344400,-261.000000,12.438048,4.739353
20.870774,-82.344400,-261.000000,12.419978,4.646500
21.390774,-82.344400,-261.000000,12.252186,4.661926
21.910774,-82.344400,-261.000000,12.326575,4.669749
22.430774,-82.344400,-261.000000,12.242827,4.651394
22.950774,-82.344400,-261.000000,12.305800,4.678358
23.470774,-82.344400,-261.000000,12.302814,4.671925
23.990774,-82.344400,-261.000000,12.471060,4.649731
24.510774,-82.344400,-261.000000,12.409344,4.636679
25.030774,-82.344400,-261.000000,12.355475,4.685516
25.550774,-82.344400,-261.000000,12.408857,4.674501
26.070774,-82.344400,-261.000000,12.476130,4.714724
26.590774,-82.344400,-261.000000,12.675830,4.722335
27.110774,-82.344400,-261.000000,12.315238,4.682146
27.630774,-82.344400,-261.000000,12.446671,4.718406
28.150774,-82.344400,-261.000000,12.602374,4.736619
28.670774,-82.344400,-261.000000,12.467177,4.724744
29.190774,-82.344400,-261.000000,12.588431,4.667809
29.710774,-82.344400,-261.000000,12.362746,4.697802
30.230774,-82.344400,-261.000000,12.409422,4.719558
30.750774,-82.344400,-261.000000,12.673004,4.716135
31.270774,-82.344400,-261.000000,12.368897,4.678767
31.790774,-82.344400,-261.000000,12.371374,4.716249
32.310774,-82.344400,-261.000000,12.124908,4.686480
32.830774,-82.344400,-261.000000,12.472483,4.778159
33.350774,-82.344400,-261.000000,12.431804,4.708817
33.870774,-82.344400,-261.000000,12.497347,4.673198
34.390774,-82.344400,-261.000000,12.208148,4.691715
34.910774,-82.344400,-261.000000,12.411986,4.713249
35.430774,-82.344400,-261.000000,12.619486,4.718608
35.950774,-82.344400,-261.000000,12.262864,4.704386
36.470774,-82.344400,-261.000000,12.221734,4.733369
36.990774,-82.344400,-261.000000,12.465194,4.694458
37.510774,-82.344400,-261.000000,12.460687,4.713675
38.030774,-82.344400,-261.000000,12.547131,4.766274
38.550774,-82.344400,-261.000000,12.290456,4.721030
39.070774,-82.344400,-261.000000,12.292257,4.686818
39.590774,-82.344400,-261.000000,12.499689,4.743160
40.110774,-82.344400,-261.000000,12.507510,4.684199
40.630774,-82.344400,-261.000000,12.435966,4.712807
41.150774,-82.344400,-261.000000,12.384349,4.719307
41.670774,-82.344400,-261.000000,12.252431,4.713106
42.190774,-82.344400,-261.000000,12.241910,4.675580
42.710774,-82.344400,-261.000000,12.518342,4.757224
43.230774,-82.344400,-261.000000,12.431704,4.713575
43.750774,-82.344400,-261.000000,12.307288,4.679909
44.270774,-82.344400,-261.000000,12.502636,4.721266
44.790774,-82.344400,-261.000000,12.551236,4.714070
45.310774,-82.344400,-261.000000,12.217934,4.694492
45.830774,-82.344400,-261.000000,12.426955,4.702271
46.350774,-82.344400,-261.000000,12.271190,4.727686
46.870774,-82.344400,-261.000000,12.494617,4.700891
47.390774,-82.344400,-261.000000,12.467383,4.755627
47.910774,-82.344400,-261.000000,12.519741,4.727704
48.430774,-82.344400,-261.000000,12.412609,4.721268
48.950774,-82.344400,-261.000000,12.278139,4.716820
49.470774,-82.344400,-261.000000,12.301666,4.633958
49.990774,-82.344400,-261.000000,12.403128,4.682487
50.510774,-82.344400,-261.000000,12.372066,4.698764
51.030774,-82.344400,-261.000000,12.273965,4.729892
51.550774,-82.344400,-261.000000,12.282180,4.678221
52.070774,-82.344400,-261.000000,12.545681,4.724594
52.590774,-82.344400,-261.000000,12.561877,4.759958
53.110774,-82.344400,-261.000000,12.209954,4.724742
53.630774,-82.344400,-261.000000,12.328720,4.707300
54.150774,-82.344400,-261.000000,12.555771,4.736239
54.670774,-82.344400,-261.000000,12.658088,4.799484
55.190774,-82.344400,-261.000000,12.685225,4.759727
55.710774,-82.344400,-261.000000,12.288358,4.672837
56.230774,-82.344400,-261.000000,12.644352,4.750767
56.750774,-82.344400,-261.000000,12.433264,4.695428
57.270774,-82.344400,-261.000000,12.625827,4.730155
57.790774,-82.344400,-261.000000,12.312433,4.717759
58.310774,-82.344400,-261.000000,12.098514,4.695948
58.830774,-82.344400,-261.000000,12.357787,4.668891
59.350774,-82.344400,-261.000000,12.326839,4.703820
59.870774,-82.344400,-261.000000,12.451668,4.732449
60.390774,-82.344400,-261.000000,12.414989,4.693572
60.910774,-82.344400,-261.000000,12.167521,4.658352
61.430774,-82.344400,-261.000000,12.395868,4.694507
61.950774,-82.344400,-261.000000,12.482571,4.714226
62.470774,-82.344400,-261.000000,12.268443,4.691104
62.990774,-82.344400,-261.000000,12.308650,4.712335
63.510774,-82.344400,-261.000000,12.378873,4.727279
64.030774,-82.344400,-261.000000,12.116508,4.645937
64.550774,-82.344400,-261.000000,12.246487,4.655163
65.070774,-82.344400,-261.000000,12.427174,4.673914
65.590774,-82.344400,-261.000000,12.400176,4.756714
66.110774,-82.344400,-261.000000,12.521934,4.746524
66.630774,-82.344400,-261.000000,12.286075,4.743197
67.150774,-82.344400,-261.000000,12.302098,4.711786
67.670774,-82.344400,-261.000000,12.284003,4.690308
68.190774,-82.344400,-261.000000,12.399863,4.717104
68.710774,-82.344400,-261.000000,12.312668,4.663082
69.230774,-82.344400,-261.000000,12.591140,4.726395
69.750774,-82.344400,-261.000000,12.301970,4.720046
70.270774,-82.344400,-261.000000,12.419182,4.734517
70.790774,-82.344400,-261.000000,12.439259,4.715560
71.310774,-82.344400,-261.000000,12.153648,4.706134
71.830774,-82.344400,-261.000000,12.412353,4.626960
72.350774,-82.344400,-261.000000,12.600722,4.690643
72.870774,-82.344400,-261.000000,12.367720,4.669289
73.390774,-82.344400,-261.000000,12.468390,4.691624
73.910774,-82.344400,-261.000000,12.296659,4.673436
74.430774,-82.344400,-261.000000,12.373878,4.676340
74.950774,-82.344400,-261.000000,12.349062,4.672999
75.470774,-82.344400,-261.000000,12.467470,4.638168
75.990774,-82.344400,-261.000000,12.406436,4.651454
13.070774,-81.824400,-261.000000,12.185284,4.469011
13.590774,-81.824400,-261.000000,12.541055,4.527636
14.110774,-81.824400,-261.000000,12.772398,4.586998
14.630774,-81.824400,-261.000000,12.308187,4.561259
15.150774,-81.824400,-261.000000,12.458345,4.563694
15.670774,-81.824400,-261.000000,12.442618,4.582298
16.190774,-81.824400,-261.000000,12.071586,4.597868
16.710774,-81.824400,-261.000000,12.554749,4.593073
17.230774,-81.824400,-261.000000,12.391151,4.654346
17.750774,-81.824400,-261.000000,12.480589,4.654535
18.270774,-81.824400,-261.000000,12.335746,4.674719
18.790774,-81.824400,-261.000000,12.462280,4.637197
19.310774,-81.824400,-261.000000,12.262809,4.608015
19.830774,-81.824400,-261.000000,12.271976,4.652663
20.350774,-81.824400,-261.000000,12.493882,4.742095
20.870774,-81.824400,-261.000000,12.346940,4.649886
21.390774,-81.824400,-261.000000,12.243373,4.662110
21.910774,-81.824400,-261.000000,12.349345,4.678487
22.430774,-81.824400,-261.000000,12.280421,4.645919
22.950774,-81.824400,-261.000000,12.260083,4.706168
23.470774,-81.824400,-261.000000,12.302634,4.664422
23.990774,-81.824400,-261.000000,12.436457,4.655047
24.510774,-81.824400,-261.000000,12.419664,4.656175
25.030774,-81.824400,-261.000000,12.321164,4.677205
25.550774,-81.824400,-261.000000,12.440461,4.673679
26.070774,-81.824400,-261.000000,12.397923,4.716350
26.590774,-81.824400,-261.000000,12.677498,4.735744
27.110774,-81.824400,-261.000000,12.349597,4.677969
27.630774,-81.824400,-261.000000,12.403613,4.721039
28.150774,-81.824400,-261.000000,12.605442,4.755717
28.670774,-81.824400,-261.000000,12.359092,4.714908
29.190774,-81.824400,-261.000000,12.684360,4.696112
29.710774,-81.824400,-261.000000,12.345164,4.698220
30.230774,-81.824400,-261.000000,12.325686,4.722591
30.750774,-81.824400,-261.000000,12.600070,4.710088
31.270774,-81.824400,-261.000000,12.416544,4.688855
31.790774,-81.824400,-261.000000,12.370395,4.707113
32.310774,-81.824400,-261.000000,12.157610,4.704642
32.830774,-81.824400,-261.000000,12.424372,4.776701
33.350774,-81.824400,-261.000000,12.481341,4.715140
33.870774,-81.824400,-261.000000,12.440502,4.677736
34.390774,-81.824400,-261.000000,12.294417,4.705856
34.910774,-81.824400,-261.000000,12.379868,4.713814
35.430774,-81.824400,-261.000000,12.622627,4.721426
35.950774,-81.824400,-261.000000,12.333988,4.737331
36.470774,-81.824400,-261.000000,12.164156,4.716953
36.990774,-81.824400,-261.000000,12.433623,4.690043
37.510774,-81.824400,-261.000000,12.446397,4.731453
38.030774,-81.824400,-261.000000,12.430297,4.766848
38.550774,-81.824400,-261.000000,12.306750,4.706891
39.070774,-81.824400,-261.000000,12.319072,4.694015
39.590774,-81.824400,-261.000000,12.429046,4.741269
40.110774,-81.824400,-261.000000,12.521491,4.681577
40.630774,-81.824400,-261.000000,12.352420,4.708586
41.150774,-81.824400,-261.000000,12.436660,4.726061
41.670774,-81.824400,-261.000000,12.209193,4.707508
42.190774,-81.824400,-261.000000,12.220180,4.690009
42.710774,-81.824400,-261.000000,12.490184,4.752905
43.230774,-81.824400,-261.000000,12.305985,4.698296
43.750774,-81.824400,-261.000000,12.293088,4.699902
44.270774,-81.824400,-261.000000,12.480479,4.733272
44.790774,-81.824400,-261.000000,12.504864,4.705490
45.310774,-81.824400,-261.000000,12.236476,4.704494
45.830774,-81.824400,-261.000000,12.372137,4.670161
46.350774,-81.824400,-261.000000,12.246001,4.736885
46.870774,-81.824400,-261.000000,12.578293,4.718013
47.390774,-81.824400,-261.000000,12.435476,4.752734
47.910774,-81.824400,-261.000000,12.533038,4.727094
48.430774,-81.824400,-261.000000,12.346885,4.721503
48.950774,-81.824400,-261.000000,12.303123,4.738434
49.470774,-81.824400,-261.000000,12.355629,4.635145
49.990774,-81.824400,-261.000000,12.250846,4.687931
50.510774,-81.824400,-261.000000,12.405143,4.700608
51.030774,-81.824400,-261.000000,12.264777,4.719847
51.550774,-81.824400,-261.000000,12.168576,4.678629
52.070774,-81.824400,-261.000000,12.527627,4.737974
52.590774,-81.824400,-261.000000,12.473980,4.742347
53.110774,-81.824400,-261.000000,12.307902,4.738745
53.630774,-81.824400,-261.000000,12.317054,4.711259
54.150774,-81.824400,-261.000000,12.504388,4.739426
54.670774,-81.824400,-261.000000,12.607802,4.798557
55.190774,-81.824400,-261.000000,12.663695,4.751142
55.710774,-81.824400,-261.000000,12.311996,4.699498
56.230774,-81.824400,-261.000000,12.616404,4.751647
56.750774,-81.824400,-261.000000,12.429879,4.689540
57.270774,-81.824400,-261.000000,12.571517,4.737487
57.790774,-81.824400,-261.000000,12.327055,4.729162
58.310774,-81.824400,-261.000000,12.073456,4.680662
58.830774,-81.824400,-261.000000,12.333065,4.678922
59.350774,-81.824400,-261.000000,12.278539,4.702316
59.870774,-81.824400,-261.000000,12.408401,4.729834
60.390774,-81.824400,-261.000000,12.453252,4.697033
60.910774,-81.824400,-261.000000,12.099405,4.664614
61.430774,-81.824400,-261.000000,12.400504,4.699869
61.950774,-81.824400,-261.000000,12.451416,4.727230
62.470774,-81.824400,-261.000000,12.228208,4.690738
62.990774,-81.824400,-261.000000,12.266818,4.698905
63.510774,-81.824400,-261.000000,12.381741,4.728559
64.030774,-81.824400,-261.000000,12.118155,4.637836
64.550774,-81.824400,-261.000000,12.254809,4.654544
65.070774,-81.824400,-261.000000,12.389844,4.671498
65.590774,-81.824400,-261.000000,12.443213,4.769418
66.110774,-81.824400,-261.000000,12.513828,4.747803
66.630774,-81.824400,-261.000000,12.240146,4.752707
67.150774,-81.824400,-261.000000,12.318832,4.715227
67.670774,-81.824400,-261.000000,12.294998,4.691662
68.190774,-81.824400,-261.000000,12.300464,4.717923
68.710774,-81.824400,-261.000000,12.376986,4.685829
69.230774,-81.824400,-261.000000,12.508553,4.715490
69.750774,-81.824400,-261.000000,12.357872,4.726397
70.270774,-81.824400,-261.000000,12.449220,4.731424
70.790774,-81.824400,-261.000000,12.456528,4.738325
71.310774,-81.824400,-261.000000,12.146354,4.715065
71.830774,-81.824400,-261.000000,12.439472,4.631912
72.350774,-81.824400,-261.000000,12.625237,4.688802
72.870774,-81.824400,-261.000000,12.396710,4.688804
73.390774,-81.824400,-261.000000,12.478534,4.712158
73.910774,-81.824400,-261.000000,12.272427,4.666676
74.430774,-81.824400,-261.000000,12.449294,4.697478
74.950774,-81.824400,-261.000000,12.447993,4.689322
75.470774,-81.824400,-261.000000,12.461647,4.628154
75.990774,-81.824400,-261.000000,12.427080,4.670473
13.070774,-81.304400,-261.000000,12.197177,4.486693
13.070774,-82.344400,-260.000000,12.474286,4.490842
13.590774,-82.344400,-260.000000,12.256398,4.471448
14.110774,-82.344400,-260.000000,12.354172,4.545811
14.630774,-82.344400,-260.000000,12.356550,4.570702
15.150774,-82.344400,-260.000000,12.357606,4.564204
15.670774,-82.344400,-260.000000,12.647149,4.581639
16.190774,-82.344400,-260.000000,12.410903,4.592834
16.710774,-82.344400,-260.000000,12.375604,4.631657
17.230774,-82.344400,-260.000000,12.335421,4.601525
17.750774,-82.344400,-260.000000,12.052039,4.558825
18.270774,-82.344400,-260.000000,12.337607,4.641834
18.790774,-82.344400,-260.000000,12.427759,4.659639
19.310774,-82.344400,-260.000000,12.131961,4.603309
19.830774,-82.344400,-260.000000,12.364287,4.643172
20.350774,-82.344400,-260.000000,12.345086,4.651984
20.870774,-82.344400,-260.000000,12.342078,4.690313
21.390774,-82.344400,-260.000000,12.641673,4.635196
21.910774,-82.344400,-260.000000,12.431842,4.683357
22.430774,-82.344400,-260.000000,12.401835,4.677332
22.950774,-82.344400,-260.000000,12.397466,4.676768
23.470774,-82.344400,-260.000000,12.544333,4.680409
23.990774,-82.344400,-260.000000,12.338919,4.664231
24.510774,-82.344400,-260.000000,12.255683,4.636097
25.030774,-82.344400,-260.000000,12.559228,4.686191
25.550774,-82.344400,-260.000000,12.304001,4.631225
26.070774,-82.344400,-260.000000,12.293695,4.695975
26.590774,-82.344400,-260.000000,12.548481,4.706666
27.110774,-82.344400,-260.000000,12.606512,4.720717
27.630774,-82.344400,-260.000000,12.290001,4.666180
28.150774,-82.344400,-260.000000,12.306377,4.669819
28.670774,-82.344400,-260.000000,12.626220,4.745710
29.190774,-82.344400,-260.000000,12.328441,4.683356
29.710774,-82.344400,-260.000000,12.345748,4.659802
30.230774,-82.344400,-260.000000,12.299682,4.621607
30.750774,-82.344400,-260.000000,12.301803,4.671061
31.270774,-82.344400,-260.000000,12.525403,4.690542
31.790774,-82.344400,-260.000000,12.289186,4.720533
32.310774,-82.344400,-260.000000,12.450870,4.720928
32.830774,-82.344400,-260.000000,12.338358,4.629754
33.350774,-82.344400,-260.000000,12.388521,4.689689
33.870774,-82.344400,-260.000000,12.224200,4.616565
34.390774,-82.344400,-260.000000,12.284139,4.685603
34.910774,-82.344400,-260.000000,12.334033,4.711189
35.430774,-82.344400,-260.000000,12.270255,4.694268
35.950774,-82.344400,-260.000000,12.439903,4.703203
36.470774,-82.344400,-260.000000,12.499114,4.726709
36.990774,-82.344400,-260.000000,12.107396,4.652990
37.510774,-82.344400,-260.000000,12.394682,4.728661
38.030774,-82.344400,-260.000000,12.403329,4.699969
38.550774,-82.344400,-260.000000,12.567141,4.726251
39.070774,-82.344400,-260.000000,12.325011,4.676410
39.590774,-82.344400,-260.000000,12.336045,4.696712
40.110774,-82.344400,-260.000000,12.456095,4.685935
40.630774,-82.344400,-260.000000,12.566897,4.672259
41.150774,-82.344400,-260.000000,12.233088,4.695147
41.670774,-82.344400,-260.000000,12.256045,4.702008
42.190774,-82.344400,-260.000000,12.041125,4.661171
42.710774,-82.344400,-260.000000,12.417859,4.735273
43.230774,-82.344400,-260.000000,12.384184,4.739301
43.750774,-82.344400,-260.000000,12.242911,4.672703
44.270774,-82.344400,-260.000000,12.320495,4.699353
44.790774,-82.344400,-260.000000,12.383030,4.705056
45.310774,-82.344400,-260.000000,12.417654,4.762083
45.830774,-82.344400,-260.000000,12.547897,4.743478
46.350774,-82.344400,-260.000000,12.557192,4.716616
46.870774,-82.344400,-260.000000,12.643113,4.800058
47.390774,-82.344400,-260.000000,12.499588,4.707860
47.910774,-82.344400,-260.000000,12.415454,4.735512
48.430774,-82.344400,-260.000000,12.032992,4.692808
48.950774,-82.344400,-260.000000,12.369368,4.691639
49.470774,-82.344400,-260.000000,12.558341,4.722790
49.990774,-82.344400,-260.000000,12.615956,4.767424
50.510774,-82.344400,-260.000000,12.539736,4.703496
51.030774,-82.344400,-260.000000,12.441284,4.671913
51.550774,-82.344400,-260.000000,12.250634,4.659847
52.070774,-82.344400,-260.000000,12.635779,4.754509
52.590774,-82.344400,-260.000000,12.556314,4.726057
53.110774,-82.344400,-260.000000,12.389284,4.717044
53.630774,-82.344400,-260.000000,12.439939,4.664289
54.150774,-82.344400,-260.000000,12.372252,4.732999
54.670774,-82.344400,-260.000000,12.397882,4.717503
55.190774,-82.344400,-260.000000,12.304713,4.680725
55.710774,-82.344400,-260.000000,12.370444,4.646327
56.230774,-82.344400,-260.000000,12.488006,4.749662
56.750774,-82.344400,-260.000000,12.580544,4.727820
57.270774,-82.344400,-260.000000,12.440697,4.717472
57.790774,-82.344400,-260.000000,12.273726,4.678707
58.310774,-82.344400,-260.000000,12.475333,4.711150
58.830774,-82.344400,-260.000000,12.432291,4.689518
59.350774,-82.344400,-260.000000,12.344445,4.740554
59.870774,-82.344400,-260.000000,12.407414,4.720092
60.390774,-82.344400,-260.000000,12.497764,4.761297
60.910774,-82.344400,-260.000000,12.503768,4.734971
61.430774,-82.344400,-260.000000,12.490203,4.662868
61.950774,-82.344400,-260.000000,12.566415,4.704865
62.470774,-82.344400,-260.000000,12.437827,4.756980
62.990774,-82.344400,-260.000000,12.435767,4.700210
63.510774,-82.344400,-260.000000,12.407576,4.680544
64.030774,-82.344400,-260.000000,12.423974,4.720446
64.550774,-82.344400,-260.000000,12.327175,4.714148
65.070774,-82.344400,-260.000000,12.470405,4.715515
65.590774,-82.344400,-260.000000,12.334819,4.717391
66.110774,-82.344400,-260.000000,12.484274,4.701230
66.630774,-82.344400,-260.000000,12.326409,4.675430
67.150774,-82.344400,-260.000000,12.377975,4.683553
67.670774,-82.344400,-260.000000,12.386484,4.674675
68.190774,-82.344400,-260.000000,12.492393,4.690780
68.710774,-82.344400,-260.000000,12.361898,4.760348
69.230774,-82.344400,-260.000000,12.485151,4.722119
69.750774,-82.344400,-260.000000,12.567282,4.692296
70.270774,-82.344400,-260.000000,12.192828,4.671124
70.790774,-82.344400,-260.000000,12.417935,4.648596
71.310774,-82.344400,-260.000000,12.316520,4.713885
71.830774,-82.344400,-260.000000,12.392585,4.730107
72.350774,-82.344400,-260.000000,12.379776,4.695496
72.870774,-82.344400,-260.000000,12.653455,4.766690
73.390774,-82.344400,-260.000000,12.286574,4.654163
73.910774,-82.344400,-260.000000,12.520463,4.630686
74.430774,-82.344400,-260.000000,12.316078,4.657203
74.950774,-82.344400,-260.000000,12.496103,4.695778
75.470774,-82.344400,-260.000000,12.397170,4.698908
75.990774,-82.344400,-260.000000,12.331725,4.723966
13.070774,-81.824400,-260.000000,12.425052,4.473176
13.590774,-81.824400,-260.000000,12.312231,4.489023
14.110774,-81.824400,-260.000000,12.303237,4.546211
14.630774,-81.824400,-260.000000,12.356492,4.585062
15.150774,-81.824400,-260.000000,12.360972,4.576540
15.670774,-81.824400,-260.000000,12.573499,4.556745
16.190774,-81.824400,-260.000000,12.345220,4.587740
16.710774,-81.824400,-260.000000,12.312050,4.630686
17.230774,-81.824400,-260.000000,12.280520,4.605112
17.750774,-81.824400,-260.000000,12.118562,4.561412
18.270774,-81.824400,-260.000000,12.290744,4.642429
18.790774,-81.824400,-260.000000,12.420090,4.641803
19.310774,-81.824400,-260.000000,12.114879,4.619081
19.830774,-81.824400,-260.000000,12.343960,4.649209
20.350774,-81.824400,-260.000000,12.246654,4.652233
20.870774,-81.824400,-260.000000,12.293189,4.679542
21.390774,-81.824400,-260.000000,12.602828,4.658120
21.910774,-81.824400,-260.000000,12.406968,4.696535
22.430774,-81.824400,-260.000000,12.383706,4.662583
22.950774,-81.824400,-260.000000,12.463540,4.699510
23.470774,-81.824400,-260.000000,12.500553,4.676069
23.990774,-81.824400,-260.000000,12.339213,4.672081
24.510774,-81.824400,-260.000000,12.178809,4.629428
25.030774,-81.824400,-260.000000,12.592631,4.702336
25.550774,-81.824400,-260.000000,12.209481,4.634685
26.070774,-81.824400,-260.000000,12.398086,4.715967
26.590774,-81.824400,-260.000000,12.509647,4.700618
27.110774,-81.824400,-260.000000,12.549520,4.728571
27.630774,-81.824400,-260.000000,12.293447,4.667996
28.150774,-81.824400,-260.000000,12.321304,4.662414
28.670774,-81.824400,-260.000000,12.682821,4.763512
29.190774,-81.824400,-260.000000,12.274830,4.682279
29.710774,-81.824400,-260.000000,12.396174,4.667413
30.230774,-81.824400,-260.000000,12.299548,4.633533
30.750774,-81.824400,-260.000000,12.255699,4.658103
31.270774,-81.824400,-260.000000,12.543601,4.697431
31.790774,-81.824400,-260.000000,12.266067,4.709486
32.310774,-81.824400,-260.000000,12.359850,4.734053
32.830774,-81.824400,-260.000000,12.359025,4.634332
33.350774,-81.824400,-260.000000,12.382571,4.712724
33.870774,-81.824400,-260.000000,12.174021,4.611426
34.390774,-81.824400,-260.000000,12.303648,4.700480
34.910774,-81.824400,-260.000000,12.321071,4.706976
35.430774,-81.824400,-260.000000,12.314118,4.702929
35.950774,-81.824400,-260.000000,12.379475,4.715008
36.470774,-81.824400,-260.000000,12.501303,4.733647
36.990774,-81.824400,-260.000000,12.123931,4.678375
37.510774,-81.824400,-260.000000,12.389533,4.730310
38.030774,-81.824400,-260.000000,12.465376,4.714010
38.550774,-81.824400,-260.000000,12.568407,4.714122
39.070774,-81.824400,-260.000000,12.295508,4.692488
39.590774,-81.824400,-260.000000,12.289865,4.691906
40.110774,-81.824400,-260.000000,12.473917,4.713641
40.630774,-81.824400,-260.000000,12.638235,4.678921
41.150774,-81.824400,-260.000000,12.164868,4.689431
41.670774,-81.824400,-260.000000,12.304179,4.729629
42.190774,-81.824400,-260.000000,12.052990,4.676806
42.710774,-81.824400,-260.000000,12.443326,4.739991
43.230774,-81.824400,-260.000000,12.398906,4.756817
43.750774,-81.824400,-260.000000,12.169797,4.671295
44.270774,-81.824400,-260.000000,12.391580,4.693150
44.790774,-81.824400,-260.000000,12.382829,4.724873
45.310774,-81.824400,-260.000000,12.430879,4.750670
45.830774,-81.824400,-260.000000,12.529186,4.753492
46.350774,-81.824400,-260.000000,12.505061,4.725213
46.870774,-81.824400,-260.000000,12.612946,4.793220
47.390774,-81.824400,-260.000000,12.497466,4.705532
47.910774,-81.824400,-260.000000,12.382078,4.750207
48.430774,-81.824400,-260.000000,12.111650,4.697674
48.950774,-81.824400,-260.000000,12.312219,4.713732
49.470774,-81.824400,-260.000000,12.525962,4.723075
49.990774,-81.824400,-260.000000,12.641345,4.765032
50.510774,-81.824400,-260.000000,12.530371,4.707790
51.030774,-81.824400,-260.000000,12.475503,4.682641
51.550774,-81.824400,-260.000000,12.233291,4.669420
52.070774,-81.824400,-260.000000,12.678191,4.741517
52.590774,-81.824400,-260.000000,12.453261,4.738874
53.110774,-81.824400,-260.000000,12.399325,4.702684
53.630774,-81.824400,-260.000000,12.443089,4.670514
54.150774,-81.824400,-260.000000,12.343464,4.732174
54.670774,-81.824400,-260.000000,12.365497,4.723633
55.190774,-81.824400,-260.000000,12.258151,4.672556
55.710774,-81.824400,-260.000000,12.318198,4.658762
56.230774,-81.824400,-260.000000,12.503603,4.762093
56.750774,-81.824400,-260.000000,12.549802,4.735399
57.270774,-81.824400,-260.000000,12.457703,4.728464
57.790774,-81.824400,-260.000000,12.309330,4.700560
58.310774,-81.824400,-260.000000,12.360108,4.687418
58.830774,-81.824400,-260.000000,12.492334,4.702755
59.350774,-81.824400,-260.000000,12.349769,4.744263
59.870774,-81.824400,-260.000000,12.442023,4.726040
60.390774,-81.824400,-260.000000,12.518525,4.788427
60.910774,-81.824400,-260.000000,12.470619,4.729692
61.430774,-81.824400,-260.000000,12.499726,4.665807
61.950774,-81.824400,-260.000000,12.546522,4.699170
62.470774,-81.824400,-260.000000,12.440718,4.738100
62.990774,-81.824400,-260.000000,12.422928,4.714764
63.510774,-81.824400,-260.000000,12.452340,4.708565
64.030774,-81.824400,-260.000000,12.431476,4.732706
64.550774,-81.824400,-260.000000,12.412106,4.724835
65.070774,-81.824400,-260.000000,12.380837,4.735488
65.590774,-81.824400,-260.000000,12.301574,4.706698
66.110774,-81.824400,-260.000000,12.428206,4.701508
66.630774,-81.824400,-260.000000,12.303747,4.690733
67.150774,-81.824400,-260.000000,12.394922,4.699675
67.670774,-81.824400,-260.000000,12.390517,4.681833
68.190774,-81.824400,-260.000000,12.438889,4.694695
68.710774,-81.824400,-260.000000,12.376887,4.772964
69.230774,-81.824400,-260.000000,12.409775,4.688475
69.750774,-81.824400,-260.000000,12.551971,4.699316
70.270774,-81.824400,-260.000000,12.298414,4.690866
70.790774,-81.824400,-260.000000,12.346814,4.655657
71.310774,-81.824400,-260.000000,12.307525,4.728394
71.830774,-81.824400,-260.000000,12.359839,4.738078
72.350774,-81.824400,-260.000000,12.368812,4.707100
72.870774,-81.824400,-260.000000,12.669311,4.765045
73.390774,-81.824400,-260.000000,12.278145,4.653426
73.910774,-81.824400,-260.000000,12.491263,4.631567
74.430774,-81.824400,-260.000000,12.295259,4.663491
74.950774,-81.824400,-260.000000,12.385762,4.687337
75.470774,-81.824400,-260.000000,12.380916,4.706945
75.990774,-81.824400,-260.000000,12.287363,4.720459
13.070774,-81.304400,-260.000000,12.459015,4.479372
75.990774,-81.304400,-260.000000,12.288550,4.724550
13.070774,-82.344400,-259.000000,12.597239,4.490670
13.590774,-82.344400,-259.000000,12.384381,4.474480
14.110774,-82.344400,-259.000000,12.456660,4.525603
14.630774,-82.344400,-259.000000,12.168740,4.559604
15.150774,-82.344400,-259.000000,12.385278,4.561524
15.670774,-82.344400,-259.000000,12.191813,4.579123
16.190774,-82.344400,-259.000000,12.228968,4.595215
16.710774,-82.344400,-259.000000,12.416723,4.630561
17.230774,-82.344400,-259.000000,12.483576,4.613619
17.750774,-82.344400,-259.000000,12.341548,4.551599
18.270774,-82.344400,-259.000000,12.323015,4.584915
18.790774,-82.344400,-259.000000,12.589389,4.659547
19.310774,-82.344400,-259.000000,12.401340,4.628564
19.830774,-82.344400,-259.000000,12.298499,4.591125
20.350774,-82.344400,-259.000000,12.541261,4.598821
20.870774,-82.344400,-259.000000,12.301256,4.650660
21.390774,-82.344400,-259.000000,12.323970,4.625814
21.910774,-82.344400,-259.000000,12.435187,4.682661
22.430774,-82.344400,-259.000000,12.310702,4.626436
22.950774,-82.344400,-259.000000,12.221361,4.666686
23.470774,-82.344400,-259.000000,12.250751,4.652254
23.990774,-82.344400,-259.000000,12.354799,4.671908
24.510774,-82.344400,-259.000000,12.204628,4.631884
25.030774,-82.344400,-259.000000,12.605235,4.664966
25.550774,-82.344400,-259.000000,12.126668,4.639361
26.070774,-82.344400,-259.000000,12.242328,4.649455
26.590774,-82.344400,-259.000000,12.583095,4.772705
27.110774,-82.344400,-259.000000,12.469260,4.649270
27.630774,-82.344400,-259.000000,12.351261,4.687240
28.150774,-82.344400,-259.000000,12.425442,4.702531
28.670774,-82.344400,-259.000000,12.419489,4.696482
29.190774,-82.344400,-259.000000,12.194525,4.707845
29.710774,-82.344400,-259.000000,12.421500,4.659531
30.230774,-82.344400,-259.000000,12.274514,4.623578
30.750774,-82.344400,-259.000000,12.637418,4.735310
31.270774,-82.344400,-259.000000,12.297688,4.663109
31.790774,-82.344400,-259.000000,12.177849,4.704706
32.310774,-82.344400,-259.000000,12.477921,4.767099
32.830774,-82.344400,-259.000000,12.399528,4.697286
33.350774,-82.344400,-259.000000,12.200658,4.708914
33.870774,-82.344400,-259.000000,12.452851,4.709260
34.390774,-82.344400,-259.000000,12.598857,4.760150
34.910774,-82.344400,-259.000000,12.530488,4.728792
35.430774,-82.344400,-259.000000,12.465789,4.670346
35.950774,-82.344400,-259.000000,12.278309,4.683402
36.470774,-82.344400,-259.000000,12.641754,4.745122
36.990774,-82.344400,-259.000000,12.224546,4.715202
37.510774,-82.344400,-259.000000,12.397583,4.705791
38.030774,-82.344400,-259.000000,12.431361,4.706724
38.550774,-82.344400,-259.000000,12.527411,4.649004
39.070774,-82.344400,-259.000000,12.534388,4.732412
39.590774,-82.344400,-259.000000,12.285147,4.656219
40.110774,-82.344400,-259.000000,12.406116,4.704444
40.630774,-82.344400,-259.000000,12.430615,4.709294
41.150774,-82.344400,-259.000000,12.373310,4.694692
41.670774,-82.344400,-259.000000,12.474590,4.742385
42.190774,-82.344400,-259.000000,12.128284,4.663567
42.710774,-82.344400,-259.000000,12.305186,4.644818
43.230774,-82.344400,-259.000000,12.486917,4.756456
43.750774,-82.344400,-259.000000,12.330447,4.711850
44.270774,-82.344400,-259.000000,12.486808,4.696942
44.790774,-82.344400,-259.000000,12.400764,4.736289
45.310774,-82.344400,-259.000000,12.386189,4.725928
45.830774,-82.344400,-259.000000,12.270607,4.679533
46.350774,-82.344400,-259.000000,12.075524,4.683640
46.870774,-82.344400,-259.000000,12.319228,4.665203
47.390774,-82.344400,-259.000000,12.292787,4.716536
47.910774,-82.344400,-259.000000,12.485702,4.744720
48.430774,-82.344400,-259.000000,12.313840,4.682167
48.950774,-82.344400,-259.000000,12.439053,4.687324
49.470774,-82.344400,-259.000000,12.291811,4.667850
49.990774,-82.344400,-259.000000,12.310220,4.717653
50.510774,-82.344400,-259.000000,12.288358,4.670192
51.030774,-82.344400,-259.000000,12.531087,4.724877
51.550774,-82.344400,-259.000000,12.491227,4.764944
52.070774,-82.344400,-259.000000,12.473370,4.711708
52.590774,-82.344400,-259.000000,12.529399,4.728783
53.110774,-82.344400,-259.000000,12.228444,4.644786
53.630774,-82.344400,-259.000000,12.333044,4.701364
54.150774,-82.344400,-259.000000,12.300547,4.634653
54.670774,-82.344400,-259.000000,12.193159,4.692604
55.190774,-82.344400,-259.000000,12.497842,4.667648
55.710774,-82.344400,-259.000000,12.414955,4.763190
56.230774,-82.344400,-259.000000,12.394618,4.735946
56.750774,-82.344400,-259.000000,12.113416,4.631269
57.270774,-82.344400,-259.000000,12.234633,4.686877
57.790774,-82.344400,-259.000000,12.267908,4.669153
58.310774,-82.344400,-259.000000,12.522079,4.727870
58.830774,-82.344400,-259.000000,12.506357,4.710741
59.350774,-82.344400,-259.000000,12.304285,4.738063
59.870774,-82.344400,-259.000000,12.227302,4.677544
60.390774,-82.344400,-259.000000,12.393756,4.650981
60.910774,-82.344400,-259.000000,12.382254,4.735675
61.430774,-82.344400,-259.000000,12.339096,4.749645
61.950774,-82.344400,-259.000000,12.302972,4.661336
62.470774,-82.344400,-259.000000,12.502028,4.721821
62.990774,-82.344400,-259.000000,12.201491,4.661707
63.510774,-82.344400,-259.000000,12.379875,4.695227
64.030774,-82.344400,-259.000000,12.330229,4.745738
64.550774,-82.344400,-259.000000,12.343554,4.702423
65.070774,-82.344400,-259.000000,12.359408,4.737212
65.590774,-82.344400,-259.000000,12.271716,4.661499
66.110774,-82.344400,-259.000000,12.587450,4.734788
66.630774,-82.344400,-259.000000,12.504069,4.709930
67.150774,-82.344400,-259.000000,12.413946,4.707644
67.670774,-82.344400,-259.000000,12.131327,4.699966
68.190774,-82.344400,-259.000000,12.354109,4.702362
68.710774,-82.344400,-259.000000,12.582582,4.711545
69.230774,-82.344400,-259.000000,12.422094,4.683904
69.750774,-82.344400,-259.000000,12.183475,4.684742
70.270774,-82.344400,-259.000000,12.191167,4.676357
70.790774,-82.344400,-259.000000,12.373115,4.704686
71.310774,-82.344400,-259.000000,12.414687,4.676780
71.830774,-82.344400,-259.000000,12.265811,4.682920
72.350774,-82.344400,-259.000000,12.732627,4.755558
72.870774,-82.344400,-259.000000,12.397101,4.698195
73.390774,-82.344400,-259.000000,12.359611,4.652313
73.910774,-82.344400,-259.000000,12.468965,4.676000
74.430774,-82.344400,-259.000000,12.555744,4.731926
74.950774,-82.344400,-259.000000,12.444130,4.671911
75.470774,-82.344400,-259.000000,12.470118,4.651149
75.990774,-82.344400,-259.000000,12.454628,4.682792
13.070774,-81.824400,-259.000000,12.565375,4.498266
13.590774,-81.824400,-259.000000,12.403327,4.490674
14.110774,-81.824400,-259.000000,12.470307,4.523551
14.630774,-81.824400,-259.000000,12.141948,4.559131
15.150774,-81.824400,-259.000000,12.383043,4.566111
15.670774,-81.824400,-259.000000,12.243149,4.597849
16.190774,-81.824400,-259.000000,12.209352,4.599970
16.710774,-81.824400,-259.000000,12.480083,4.642405
17.230774,-81.824400,-259.000000,12.527564,4.615195
17.750774,-81.824400,-259.000000,12.354724,4.565444
18.270774,-81.824400,-259.000000,12.322066,4.590096
18.790774,-81.824400,-259.000000,12.601836,4.667159
19.310774,-81.824400,-259.000000,12.392535,4.635061
19.830774,-81.824400,-259.000000,12.332175,4.600196
20.350774,-81.824400,-259.000000,12.488840,4.607313
20.870774,-81.824400,-259.000000,12.385355,4.669096
21.390774,-81.824400,-259.000000,12.327033,4.608446
21.910774,-81.824400,-259.000000,12.409923,4.676157
22.430774,-81.824400,-259.000000,12.370585,4.640141
22.950774,-81.824400,-259.000000,12.165005,4.652675
23.470774,-81.824400,-259.000000,12.321577,4.674163
23.990774,-81.824400,-259.000000,12.302588,4.670869
24.510774,-81.824400,-259.000000,12.216148,4.635481
25.030774,-81.824400,-259.000000,12.535574,4.659985
25.550774,-81.824400,-259.000000,12.168489,4.639727
26.070774,-81.824400,-259.000000,12.295798,4.676345
26.590774,-81.824400,-259.000000,12.579110,4.775381
27.110774,-81.824400,-259.000000,12.456847,4.651314
27.630774,-81.824400,-259.000000,12.266730,4.684627
28.150774,-81.824400,-259.000000,12.453826,4.722970
28.670774,-81.824400,-259.000000,12.415446,4.710035
29.190774,-81.824400,-259.000000,12.207170,4.719888
29.710774,-81.824400,-259.000000,12.382965,4.673358
30.230774,-81.824400,-259.000000,12.322513,4.618570
30.750774,-81.824400,-259.000000,12.597010,4.743427
31.270774,-81.824400,-259.000000,12.258823,4.677629
31.790774,-81.824400,-259.000000,12.218511,4.727345
32.310774,-81.824400,-259.000000,12.465194,4.760833
32.830774,-81.824400,-259.000000,12.347244,4.688398
33.350774,-81.824400,-259.000000,12.197091,4.712681
33.870774,-81.824400,-259.000000,12.516616,4.712893
34.390774,-81.824400,-259.000000,12.633904,4.761803
34.910774,-81.824400,-259.000000,12.429420,4.716651
35.430774,-81.824400,-259.000000,12.386784,4.661002
35.950774,-81.824400,-259.000000,12.295547,4.680432
36.470774,-81.824400,-259.000000,12.650664,4.749673
36.990774,-81.824400,-259.000000,12.203666,4.716217
37.510774,-81.824400,-259.000000,12.363647,4.716315
38.030774,-81.824400,-259.000000,12.430259,4.730342
38.550774,-81.824400,-259.000000,12.514747,4.658584
39.070774,-81.824400,-259.000000,12.463218,4.739249
39.590774,-81.824400,-259.000000,12.244967,4.652074
40.110774,-81.824400,-259.000000,12.458127,4.721636
40.630774,-81.824400,-259.000000,12.326546,4.682938
41.150774,-81.824400,-259.000000,12.396955,4.708541
41.670774,-81.824400,-259.000000,12.475916,4.740838
42.190774,-81.824400,-259.000000,12.077971,4.665962
42.710774,-81.824400,-259.000000,12.282723,4.647842
43.230774,-81.824400,-259.000000,12.417796,4.752773
43.750774,-81.824400,-259.000000,12.319913,4.729661
44.270774,-81.824400,-259.000000,12.431283,4.712724
44.790774,-81.824400,-259.000000,12.353962,4.721085
45.310774,-81.824400,-259.000000,12.409492,4.720810
45.830774,-81.824400,-259.000000,12.308689,4.678624
46.350774,-81.824400,-259.000000,12.141624,4.681590
46.870774,-81.824400,-259.000000,12.295691,4.673449
47.390774,-81.824400,-259.000000,12.268914,4.730654
47.910774,-81.824400,-259.000000,12.510486,4.743771
48.430774,-81.824400,-259.000000,12.295829,4.675693
48.950774,-81.824400,-259.000000,12.397067,4.686914
49.470774,-81.824400,-259.000000,12.275290,4.674619
49.990774,-81.824400,-259.000000,12.331017,4.732454
50.510774,-81.824400,-259.000000,12.296700,4.686265
51.030774,-81.824400,-259.000000,12.473782,4.721127
51.550774,-81.824400,-259.000000,12.461433,4.762862
52.070774,-81.824400,-259.000000,12.428316,4.718956
52.590774,-81.824400,-259.000000,12.551967,4.732092
53.110774,-81.824400,-259.000000,12.185443,4.663976
53.630774,-81.824400,-259.000000,12.357244,4.694529
54.150774,-81.824400,-259.000000,12.204023,4.645772
54.670774,-81.824400,-259.000000,12.272857,4.705991
55.190774,-81.824400,-259.000000,12.481933,4.657556
55.710774,-81.824400,-259.000000,12.370700,4.744032
56.230774,-81.824400,-259.000000,12.330231,4.732417
56.750774,-81.824400,-259.000000,12.075915,4.642249
57.270774,-81.824400,-259.000000,12.207274,4.682098
57.790774,-81.824400,-259.000000,12.269831,4.676194
58.310774,-81.824400,-259.000000,12.513847,4.734864
58.830774,-81.824400,-259.000000,12.446612,4.707295
59.350774,-81.824400,-259.000000,12.294372,4.743490
59.870774,-81.824400,-259.000000,12.261271,4.686969
60.390774,-81.824400,-259.000000,12.349438,4.643431
60.910774,-81.824400,-259.000000,12.366286,4.736815
61.430774,-81.824400,-259.000000,12.335513,4.766140
61.950774,-81.824400,-259.000000,12.285026,4.667379
62.470774,-81.824400,-259.000000,12.462605,4.725975
62.990774,-81.824400,-259.000000,12.224211,4.663739
63.510774,-81.824400,-259.000000,12.318467,4.690371
64.030774,-81.824400,-259.000000,12.336173,4.749912
64.550774,-81.824400,-259.000000,12.299293,4.699144
65.070774,-81.824400,-259.000000,12.329671,4.742966
65.590774,-81.824400,-259.000000,12.302948,4.681365
66.110774,-81.824400,-259.000000,12.585831,4.725883
66.630774,-81.824400,-259.000000,12.452434,4.714625
67.150774,-81.824400,-259.000000,12.402848,4.709721
67.670774,-81.824400,-259.000000,12.141433,4.686956
68.190774,-81.824400,-259.000000,12.353316,4.720155
68.710774,-81.824400,-259.000000,12.564650,4.717068
69.230774,-81.824400,-259.000000,12.439341,4.689375
69.750774,-81.824400,-259.000000,12.170127,4.690748
70.270774,-81.824400,-259.000000,12.177524,4.673321
70.790774,-81.824400,-259.000000,12.364780,4.710218
71.310774,-81.824400,-259.000000,12.451110,4.665133
71.830774,-81.824400,-259.000000,12.239697,4.675291
72.350774,-81.824400,-259.000000,12.676553,4.749413
72.870774,-81.824400,-259.000000,12.295306,4.705086
73.390774,-81.824400,-259.000000,12.397520,4.655911
73.910774,-81.824400,-259.000000,12.499105,4.673983
74.430774,-81.824400,-259.000000,12.472808,4.722466
74.950774,-81.824400,-259.000000,12.462813,4.679736
75.470774,-81.824400,-259.000000,12.448360,4.649256
75.990774,-81.824400,-259.000000,12.442866,4.684968
13.070774,-81.304400,-259.000000,12.547506,4.507824
75.990774,-81.304400,-259.000000,12.399889,4.682640
13.070774,-82.344400,-258.000000,12.370896,4.506877
13.590774,-82.344400,-258.000000,12.421577,4.470557
14.110774,-82.344400,-258.000000,12.398741,4.537971
14.630774,-82.344400,-258.000000,12.205758,4.521379
15.150774,-82.344400,-258.000000,12.528125,4.589119
15.670774,-82.344400,-258.000000,12.349710,4.520082
16.190774,-82.344400,-258.000000,12.440575,4.567551
16.710774,-82.344400,-258.000000,12.556208,4.620228
17.230774,-82.344400,-258.000000,12.325355,4.604527
17.750774,-82.344400,-258.000000,12.317878,4.664460
18.270774,-82.344400,-258.000000,12.441658,4.649073
18.790774,-82.344400,-258.000000,12.574895,4.680584
19.310774,-82.344400,-258.000000,12.487693,4.664237
19.830774,-82.344400,-258.000000,12.471427,4.689473
20.350774,-82.344400,-258.000000,12.458944,4.652759
20.870774,-82.344400,-258.000000,12.471612,4.638481
21.390774,-82.344400,-258.000000,12.508569,4.666461
21.910774,-82.344400,-258.000000,12.337394,4.678706
22.430774,-82.344400,-258.000000,12.576514,4.709630
22.950774,-82.344400,-258.000000,12.455830,4.697693
23.470774,-82.344400,-258.000000,12.374022,4.639648
23.990774,-82.344400,-258.000000,12.613051,4.696784
24.510774,-82.344400,-258.000000,12.461584,4.678510
25.030774,-82.344400,-258.000000,12.424149,4.632280
25.550774,-82.344400,-258.000000,12.440542,4.721486
26.070774,-82.344400,-258.000000,12.441720,4.697869
26.590774,-82.344400,-258.000000,12.284180,4.648095
27.110774,-82.344400,-258.000000,12.203530,4.611142
27.630774,-82.344400,-258.000000,12.529347,4.689639
28.150774,-82.344400,-258.000000,12.204029,4.662539
28.670774,-82.344400,-258.000000,12.213598,4.707695
29.190774,-82.344400,-258.000000,12.323321,4.699603
29.710774,-82.344400,-258.000000,12.389812,4.704240
30.230774,-82.344400,-258.000000,12.150643,4.638843
30.750774,-82.344400,-258.000000,12.415338,4.699697
31.270774,-82.344400,-258.000000,12.127424,4.645681
31.790774,-82.344400,-258.000000,12.243896,4.723000
32.310774,-82.344400,-258.000000,12.460120,4.659808
32.830774,-82.344400,-258.000000,12.265804,4.743273
33.350774,-82.344400,-258.000000,12.078769,4.667838
33.870774,-82.344400,-258.000000,12.431098,4.753608
34.390774,-82.344400,-258.000000,12.359319,4.720782
34.910774,-82.344400,-258.000000,12.430462,4.773407
35.430774,-82.344400,-258.000000,12.466251,4.730013
35.950774,-82.344400,-258.000000,12.353976,4.706442
36.470774,-82.344400,-258.000000,12.462745,4.685258
36.990774,-82.344400,-258.000000,12.412296,4.699576
37.510774,-82.344400,-258.000000,12.455256,4.734107
38.030774,-82.344400,-258.000000,12.491488,4.657821
38.550774,-82.344400,-258.000000,12.584249,4.759167
39.070774,-82.344400,-258.000000,12.294679,4.645724
39.590774,-82.344400,-258.000000,12.276221,4.656631
40.110774,-82.344400,-258.000000,12.296818,4.736250
40.630774,-82.344400,-258.000000,12.281529,4.728078
41.150774,-82.344400,-258.000000,12.159354,4.705089
41.670774,-82.344400,-258.000000,12.524764,4.697824
42.190774,-82.344400,-258.000000,12.350928,4.678531
42.710774,-82.344400,-258.000000,12.486027,4.735612
43.230774,-82.344400,-258.000000,12.572115,4.738335
43.750774,-82.344400,-258.000000,12.168055,4.731515
44.270774,-82.344400,-258.000000,12.417531,4.737662
44.790774,-82.344400,-258.000000,12.352381,4.670222
45.310774,-82.344400,-258.000000,12.278548,4.691635
45.830774,-82.344400,-258.000000,12.401149,4.766512
46.350774,-82.344400,-258.000000,12.286386,4.695703
46.870774,-82.344400,-258.000000,12.278008,4.749112
47.390774,-82.344400,-258.000000,12.479570,4.699753
47.910774,-82.344400,-258.000000,12.465449,4.691978
48.430774,-82.344400,-258.000000,12.422954,4.672264
48.950774,-82.344400,-258.000000,12.470243,4.711881
49.470774,-82.344400,-258.000000,12.232076,4.704284
49.990774,-82.344400,-258.000000,12.466719,4.807285
50.510774,-82.344400,-258.000000,12.446975,4.729651
51.030774,-82.344400,-258.000000,12.170377,4.675866
51.550774,-82.344400,-258.000000,12.258968,4.709795
52.070774,-82.344400,-258.000000,12.477080,4.706126
52.590774,-82.344400,-258.000000,12.519977,4.706346
53.110774,-82.344400,-258.000000,12.414603,4.671806
53.630774,-82.344400,-258.000000,12.624258,4.695602
54.150774,-82.344400,-258.000000,12.330396,4.707614
54.670774,-82.344400,-258.000000,12.568500,4.685539
55.190774,-82.344400,-258.000000,12.404494,4.720687
55.710774,-82.344400,-258.000000,12.388753,4.713916
56.230774,-82.344400,-258.000000,12.267428,4.730254
56.750774,-82.344400,-258.000000,12.493510,4.720229
57.270774,-82.344400,-258.000000,12.473480,4.715820
57.790774,-82.344400,-258.000000,12.417140,4.692800
58.310774,-82.344400,-258.000000,12.298362,4.691883
58.830774,-82.344400,-258.000000,12.372425,4.698658
59.350774,-82.344400,-258.000000,12.324412,4.709314
59.870774,-82.344400,-258.000000,12.460693,4.718563
60.390774,-82.344400,-258.000000,12.213341,4.662042
60.910774,-82.344400,-258.000000,12.399016,4.730405
61.430774,-82.344400,-258.000000,12.241561,4.672018
61.950774,-82.344400,-258.000000,12.440514,4.725625
62.470774,-82.344400,-258.000000,12.377810,4.764689
62.990774,-82.344400,-258.000000,12.269007,4.719290
63.510774,-82.344400,-258.000000,12.515609,4.692621
64.030774,-82.344400,-258.000000,12.563891,4.716452
64.550774,-82.344400,-258.000000,12.402569,4.664979
65.070774,-82.344400,-258.000000,12.340366,4.697785
65.590774,-82.344400,-258.000000,12.555122,4.672114
66.110774,-82.344400,-258.000000,12.074603,4.692553
66.630774,-82.344400,-258.000000,12.233447,4.643098
67.150774,-82.344400,-258.000000,12.404117,4.704584
67.670774,-82.344400,-258.000000,12.300491,4.660274
68.190774,-82.344400,-258.000000,12.287124,4.649455
68.710774,-82.344400,-258.000000,12.227036,4.670733
69.230774,-82.344400,-258.000000,12.474564,4.770348
69.750774,-82.344400,-258.000000,12.332711,4.675047
70.270774,-82.344400,-258.000000,12.413907,4.659095
70.790774,-82.344400,-258.000000,12.523629,4.735848
71.310774,-82.344400,-258.000000,12.302775,4.657819
71.830774,-82.344400,-258.000000,12.384441,4.692093
72.350774,-82.344400,-258.000000,12.484186,4.681142
72.870774,-82.344400,-258.000000,12.503701,4.632557
73.390774,-82.344400,-258.000000,12.268797,4.617818
73.910774,-82.344400,-258.000000,12.543638,4.691923
74.430774,-82.344400,-258.000000,12.215514,4.651318
74.950774,-82.344400,-258.000000,12.265960,4.618254
75.470774,-82.344400,-258.000000,12.197987,4.652401
75.990774,-82.344400,-258.000000,12.321675,4.653748
13.070774,-81.824400,-258.000000,12.356853,4.518037
13.590774,-81.824400,-258.000000,12.386008,4.466528
14.110774,-81.824400,-258.000000,12.388201,4.560153
14.630774,-81.824400,-258.000000,12.273021,4.524010
15.150774,-81.824400,-258.000000,12.437626,4.584087
15.670774,-81.824400,-258.000000,12.342422,4.540205
16.190774,-81.824400,-258.000000,12.390510,4.568527
16.710774,-81.824400,-258.000000,12.523807,4.616884
17.230774,-81.824400,-258.000000,12.325437,4.605697
17.750774,-81.824400,-258.000000,12.304440,4.675270
18.270774,-81.824400,-258.000000,12.396109,4.663188
18.790774,-81.824400,-258.000000,12.543809,4.682922
19.310774,-81.824400,-258.000000,12.430746,4.671887
19.830774,-81.824400,-258.000000,12.557208,4.696246
20.350774,-81.824400,-258.000000,12.473365,4.669560
20.870774,-81.824400,-258.000000,12.435456,4.646978
21.390774,-81.824400,-258.000000,12.454982,4.678437
21.910774,-81.824400,-258.000000,12.342311,4.688946
22.430774,-81.824400,-258.000000,12.557738,4.704766
22.950774,-81.824400,-258.000000,12.469193,4.710094
23.470774,-81.824400,-258.000000,12.379515,4.650076
23.990774,-81.824400,-258.000000,12.661108,4.705374
24.510774,-81.824400,-258.000000,12.542917,4.674088
25.030774,-81.824400,-258.000000,12.422585,4.642838
25.550774,-81.824400,-258.000000,12.402530,4.714719
26.070774,-81.824400,-258.000000,12.416032,4.696386
26.590774,-81.824400,-258.000000,12.318092,4.664185
27.110774,-81.824400,-258.000000,12.127505,4.629278
27.630774,-81.824400,-258.000000,12.561842,4.707985
28.150774,-81.824400,-258.000000,12.145062,4.653896
28.670774,-81.824400,-258.000000,12.243081,4.707573
29.190774,-81.824400,-258.000000,12.276552,4.725358
29.710774,-81.824400,-258.000000,12.374122,4.705078
30.230774,-81.824400,-258.000000,12.172493,4.654800
30.750774,-81.824400,-258.000000,12.374792,4.691055
31.270774,-81.824400,-258.000000,12.208510,4.658330
31.790774,-81.824400,-258.000000,12.250344,4.714883
32.310774,-81.824400,-258.000000,12.419549,4.661542
32.830774,-81.824400,-258.000000,12.304236,4.751599
33.350774,-81.824400,-258.000000,12.091997,4.673640
33.870774,-81.824400,-258.000000,12.356383,4.765684
34.390774,-81.824400,-258.000000,12.343182,4.730690
34.910774,-81.824400,-258.000000,12.423312,4.778836
35.430774,-81.824400,-258.000000,12.438715,4.739390
35.950774,-81.824400,-258.000000,12.398364,4.745565
36.470774,-81.824400,-258.000000,12.451638,4.691807
36.990774,-81.824400,-258.000000,12.442343,4.701927
37.510774,-81.824400,-258.000000,12.342331,4.742640
38.030774,-81.824400,-258.000000,12.558796,4.671965
38.550774,-81.824400,-258.000000,12.534786,4.764525
39.070774,-81.824400,-258.000000,12.295918,4.672494
39.590774,-81.824400,-258.000000,12.280080,4.670387
40.110774,-81.824400,-258.000000,12.299544,4.748493
40.630774,-81.824400,-258.000000,12.279694,4.740556
41.150774,-81.824400,-258.000000,12.171419,4.708135
41.670774,-81.824400,-258.000000,12.519035,4.694639
42.190774,-81.824400,-258.000000,12.337692,4.678025
42.710774,-81.824400,-258.000000,12.521314,4.767955
43.230774,-81.824400,-258.000000,12.512961,4.731620
43.750774,-81.824400,-258.000000,12.279301,4.739725
44.270774,-81.824400,-258.000000,12.385895,4.730174
44.790774,-81.824400,-258.000000,12.363316,4.675573
45.310774,-81.824400,-258.000000,12.236562,4.714663
45.830774,-81.824400,-258.000000,12.408976,4.766783
46.350774,-81.824400,-258.000000,12.295419,4.729587
46.870774,-81.824400,-258.000000,12.302317,4.758146
47.390774,-81.824400,-258.000000,12.445584,4.679420
47.910774,-81.824400,-258.000000,12.421240,4.690756
48.430774,-81.824400,-258.000000,12.419148,4.681940
48.950774,-81.824400,-258.000000,12.465435,4.739672
49.470774,-81.824400,-258.000000,12.205039,4.702178
49.990774,-81.824400,-258.000000,12.584915,4.805503
50.510774,-81.824400,-258.000000,12.375629,4.722834
51.030774,-81.824400,-258.000000,12.187559,4.669667
51.550774,-81.824400,-258.000000,12.324870,4.714171
52.070774,-81.824400,-258.000000,12.432358,4.711626
52.590774,-81.824400,-258.000000,12.522371,4.728949
53.110774,-81.824400,-258.000000,12.359079,4.665747
53.630774,-81.824400,-258.000000,12.581360,4.696697
54.150774,-81.824400,-258.000000,12.289344,4.712231
54.670774,-81.824400,-258.000000,12.580793,4.689324
55.190774,-81.824400,-258.000000,12.420250,4.713674
55.710774,-81.824400,-258.000000,12.379224,4.724839
56.230774,-81.824400,-258.000000,12.295003,4.724237
56.750774,-81.824400,-258.000000,12.516859,4.717473
57.270774,-81.824400,-258.000000,12.431589,4.720423
57.790774,-81.824400,-258.000000,12.394200,4.691510
58.310774,-81.824400,-258.000000,12.359622,4.726830
58.830774,-81.824400,-258.000000,12.347715,4.695787
59.350774,-81.824400,-258.000000,12.263446,4.709811
59.870774,-81.824400,-258.000000,12.447338,4.719174
60.390774,-81.824400,-258.000000,12.197936,4.675380
60.910774,-81.824400,-258.000000,12.376346,4.720421
61.430774,-81.824400,-258.000000,12.277507,4.686699
61.950774,-81.824400,-258.000000,12.350945,4.726321
62.470774,-81.824400,-258.000000,12.436549,4.775432
62.990774,-81.824400,-258.000000,12.267300,4.730605
63.510774,-81.824400,-258.000000,12.512866,4.697848
64.030774,-81.824400,-258.000000,12.556502,4.704933
64.550774,-81.824400,-258.000000,12.424678,4.699094
65.070774,-81.824400,-258.000000,12.319621,4.706868
65.590774,-81.824400,-258.000000,12.562340,4.685447
66.110774,-81.824400,-258.000000,12.101026,4.694952
66.630774,-81.824400,-258.000000,12.253778,4.652319
67.150774,-81.824400,-258.000000,12.427596,4.710845
67.670774,-81.824400,-258.000000,12.311603,4.664646
68.190774,-81.824400,-258.000000,12.313819,4.673359
68.710774,-81.824400,-258.000000,12.197026,4.674964
69.230774,-81.824400,-258.000000,12.385352,4.776555
69.750774,-81.824400,-258.000000,12.360567,4.678753
70.270774,-81.824400,-258.000000,12.384687,4.675542
70.790774,-81.824400,-258.000000,12.476783,4.737689
71.310774,-81.824400,-258.000000,12.332881,4.678152
71.830774,-81.824400,-258.000000,12.319409,4.692161
72.350774,-81.824400,-258.000000,12.375643,4.685678
72.870774,-81.824400,-258.000000,12.537826,4.660755
73.390774,-81.824400,-258.000000,12.248330,4.624039
73.910774,-81.824400,-258.000000,12.491598,4.712115
74.430774,-81.824400,-258.000000,12.181999,4.654334
74.950774,-81.824400,-258.000000,12.254306,4.617225
75.470774,-81.824400,-258.000000,12.085280,4.635895
75.990774,-81.824400,-258.000000,12.397647,4.671010
13.070774,-81.304400,-258.000000,12.416636,4.538200
75.990774,-81.304400,-258.000000,12.354808,4.680283
13.070774,-82.344400,-257.000000,12.409605,4.472512
13.590774,-82.344400,-257.000000,12.380035,4.465880
14.110774,-82.344400,-257.000000,12.614584,4.542649
14.630774,-82.344400,-257.000000,12.516926,4.533041
15.150774,-82.344400,-257.000000,12.591991,4.587795
15.670774,-82.344400,-257.000000,12.425243,4.622398
16.190774,-82.344400,-257.000000,12.454743,4.622224
16.710774,-82.344400,-257.000000,12.344957,4.617771
17.230774,-82.344400,-257.000000,12.361495,4.639472
17.750774,-82.344400,-257.000000,12.424296,4.653502
18.270774,-82.344400,-257.000000,12.424267,4.634598
18.790774,-82.344400,-257.000000,12.666110,4.631161
19.310774,-82.344400,-257.000000,12.546287,4.597829
19.830774,-82.344400,-257.000000,12.324883,4.634331
20.350774,-82.344400,-257.000000,12.488692,4.702909
20.870774,-82.344400,-257.000000,12.083467,4.615745
21.390774,-82.344400,-257.000000,12.416704,4.687023
21.910774,-82.344400,-257.000000,12.414741,4.642631
22.430774,-82.344400,-257.000000,12.172211,4.656322
22.950774,-82.344400,-257.000000,12.477679,4.661484
23.470774,-82.344400,-257.000000,12.427192,4.681938
23.990774,-82.344400,-257.000000,12.467686,4.683068
24.510774,-82.344400,-257.000000,12.384345,4.665520
25.030774,-82.344400,-257.000000,12.213662,4.662939
25.550774,-82.344400,-257.000000,12.525017,4.680597
26.070774,-82.344400,-257.000000,12.218875,4.668717
26.590774,-82.344400,-257.000000,12.507907,4.691562
27.110774,-82.344400,-257.000000,12.472482,4.689451
27.630774,-82.344400,-257.000000,12.546395,4.707523
28.150774,-82.344400,-257.000000,12.305525,4.673426
28.670774,-82.344400,-257.000000,12.542956,4.685149
29.190774,-82.344400,-257.000000,12.239751,4.651031
29.710774,-82.344400,-257.000000,12.511077,4.651882
30.230774,-82.344400,-257.000000,12.180305,4.693747
30.750774,-82.344400,-257.000000,12.392648,4.689205
31.270774,-82.344400,-257.000000,12.330573,4.694808
31.790774,-82.344400,-257.000000,12.296767,4.702694
32.310774,-82.344400,-257.000000,12.122501,4.631777
32.830774,-82.344400,-257.000000,12.353558,4.693424
33.350774,-82.344400,-257.000000,12.330792,4.736400
33.870774,-82.344400,-257.000000,12.489442,4.684703
34.390774,-82.344400,-257.000000,12.271138,4.685797
34.910774,-82.344400,-257.000000,12.490802,4.654638
35.430774,-82.344400,-257.000000,12.207650,4.707725
35.950774,-82.344400,-257.000000,12.422573,4.686189
36.470774,-82.344400,-257.000000,12.415608,4.740432
36.990774,-82.344400,-257.000000,12.496978,4.674363
37.510774,-82.344400,-257.000000,12.194170,4.655126
38.030774,-82.344400,-257.000000,12.401601,4.711318
38.550774,-82.344400,-257.000000,12.277282,4.728698
39.070774,-82.344400,-257.000000,12.323754,4.695552
39.590774,-82.344400,-257.000000,12.359225,4.736325
40.110774,-82.344400,-257.000000,12.137395,4.692931
40.630774,-82.344400,-257.000000,12.301224,4.725783
41.150774,-82.344400,-257.000000,12.460525,4.712234
41.670774,-82.344400,-257.000000,12.422381,4.672769
42.190774,-82.344400,-257.000000,12.552119,4.738547
42.710774,-82.344400,-257.000000,12.401258,4.682742
43.230774,-82.344400,-257.000000,12.332984,4.671906
43.750774,-82.344400,-257.000000,12.541587,4.738129
44.270774,-82.344400,-257.000000,12.218005,4.695207
44.790774,-82.344400,-257.000000,12.463324,4.747880
45.310774,-82.344400,-257.000000,12.226845,4.692648
45.830774,-82.344400,-257.000000,12.244564,4.699158
46.350774,-82.344400,-257.000000,12.414041,4.761701
46.870774,-82.344400,-257.000000,12.354199,4.726468
47.390774,-82.344400,-257.000000,12.388625,4.660666
47.910774,-82.344400,-257.000000,12.451775,4.683820
48.430774,-82.344400,-257.000000,12.306247,4.676284
48.950774,-82.344400,-257.000000,12.232823,4.687298
49.470774,-82.344400,-257.000000,12.562165,4.686286
49.990774,-82.344400,-257.000000,12.318411,4.674890
50.510774,-82.344400,-257.000000,12.226055,4.657547
51.030774,-82.344400,-257.000000,12.540311,4.681913
51.550774,-82.344400,-257.000000,12.402853,4.748788
52.070774,-82.344400,-257.000000,12.495830,4.694079
52.590774,-82.344400,-257.000000,12.495349,4.699582
53.110774,-82.344400,-257.000000,12.319297,4.681795
53.630774,-82.344400,-257.000000,12.301333,4.675993
54.150774,-82.344400,-257.000000,12.492206,4.724496
54.670774,-82.344400,-257.000000,12.373781,4.645434
55.190774,-82.344400,-257.000000,12.452556,4.722323
55.710774,-82.344400,-257.000000,12.663258,4.753850
56.230774,-82.344400,-257.000000,12.479934,4.688952
56.750774,-82.344400,-257.000000,12.352128,4.724079
57.270774,-82.344400,-257.000000,12.535152,4.718424
57.790774,-82.344400,-257.000000,12.408303,4.705332
58.310774,-82.344400,-257.000000,12.511752,4.693639
58.830774,-82.344400,-257.000000,12.224812,4.684889
59.350774,-82.344400,-257.000000,12.575164,4.741580
59.870774,-82.344400,-257.000000,12.340020,4.695087
60.390774,-82.344400,-257.000000,12.393730,4.732429
60.910774,-82.344400,-257.000000,12.346610,4.689990
61.430774,-82.344400,-257.000000,12.461211,4.771117
61.950774,-82.344400,-257.000000,12.437393,4.727220
62.470774,-82.344400,-257.000000,12.128775,4.661538
62.990774,-82.344400,-257.000000,12.436812,4.676621
63.510774,-82.344400,-257.000000,12.394999,4.678727
64.030774,-82.344400,-257.000000,12.230361,4.679424
64.550774,-82.344400,-257.000000,12.410686,4.676485
65.070774,-82.344400,-257.000000,12.358471,4.711681
65.590774,-82.344400,-257.000000,12.346874,4.668509
66.110774,-82.344400,-257.000000,12.409592,4.701861
66.630774,-82.344400,-257.000000,12.290871,4.691163
67.150774,-82.344400,-257.000000,12.226229,4.678518
67.670774,-82.344400,-257.000000,12.345069,4.719995
68.190774,-82.344400,-257.000000,12.396341,4.680312
68.710774,-82.344400,-257.000000,12.203062,4.665177
69.230774,-82.344400,-257.000000,12.185303,4.649854
69.750774,-82.344400,-257.000000,12.333415,4.679970
70.270774,-82.344400,-257.000000,12.482990,4.697329
70.790774,-82.344400,-257.000000,12.120729,4.733299
71.310774,-82.344400,-257.000000,12.341895,4.637027
71.830774,-82.344400,-257.000000,12.254219,4.655102
72.350774,-82.344400,-257.000000,12.693772,4.704311
72.870774,-82.344400,-257.000000,12.657340,4.780448
73.390774,-82.344400,-257.000000,12.242667,4.705792
73.910774,-82.344400,-257.000000,12.489046,4.677845
74.430774,-82.344400,-257.000000,12.551511,4.686605
74.950774,-82.344400,-257.000000,12.279719,4.676690
75.470774,-82.344400,-257.000000,12.441247,4.625752
75.990774,-82.344400,-257.000000,12.192477,4.680801
13.070774,-81.824400,-257.000000,12.488673,4.465751
13.590774,-81.824400,-257.000000,12.322196,4.469153
14.110774,-81.824400,-257.000000,12.603931,4.556330
14.630774,-81.824400,-257.000000,12.431046,4.534603
15.150774,-81.824400,-257.000000,12.586319,4.575832
15.670774,-81.824400,-257.000000,12.367154,4.621322
16.190774,-81.824400,-257.000000,12.561221,4.616692
16.710774,-81.824400,-257.000000,12.250925,4.620914
17.230774,-81.824400,-257.000000,12.310966,4.654773
17.750774,-81.824400,-257.000000,12.371287,4.642833
18.270774,-81.824400,-257.000000,12.445652,4.619773
18.790774,-81.824400,-257.000000,12.635796,4.621397
19.310774,-81.824400,-257.000000,12.524682,4.602717
19.830774,-81.824400,-257.000000,12.208072,4.613902
20.350774,-81.824400,-257.000000,12.523703,4.716896
20.870774,-81.824400,-257.000000,12.056752,4.610549
21.390774,-81.824400,-257.000000,12.409922,4.689088
21.910774,-81.824400,-257.000000,12.416850,4.652259
22.430774,-81.824400,-257.000000,12.119487,4.654327
22.950774,-81.824400,-257.000000,12.464434,4.650760
23.470774,-81.824400,-257.000000,12.422491,4.694249
23.990774,-81.824400,-257.000000,12.456458,4.683148
24.510774,-81.824400,-257.000000,12.388858,4.693044
25.030774,-81.824400,-257.000000,12.238103,4.681292
25.550774,-81.824400,-257.000000,12.539205,4.683777
26.070774,-81.824400,-257.000000,12.278197,4.695709
26.590774,-81.824400,-257.000000,12.452045,4.693797
27.110774,-81.824400,-257.000000,12.421518,4.688784
27.630774,-81.824400,-257.000000,12.589580,4.709948
28.150774,-81.824400,-257.000000,12.365560,4.679833
28.670774,-81.824400,-257.000000,12.511115,4.696470
29.190774,-81.824400,-257.000000,12.249444,4.655065
29.710774,-81.824400,-257.000000,12.394427,4.651436
30.230774,-81.824400,-257.000000,12.181844,4.700825
30.750774,-81.824400,-257.000000,12.400507,4.700552
31.270774,-81.824400,-257.000000,12.359123,4.686266
31.790774,-81.824400,-257.000000,12.173206,4.685646
32.310774,-81.824400,-257.000000,12.149496,4.659327
32.830774,-81.824400,-257.000000,12.372916,4.693452
33.350774,-81.824400,-257.000000,12.315846,4.740813
33.870774,-81.824400,-257.000000,12.428347,4.679096
34.390774,-81.824400,-257.000000,12.299738,4.694999
34.910774,-81.824400,-257.000000,12.480247,4.657853
35.430774,-81.824400,-257.000000,12.221169,4.709476
35.950774,-81.824400,-257.000000,12.364503,4.688459
36.470774,-81.824400,-257.000000,12.381389,4.731904
36.990774,-81.824400,-257.000000,12.444118,4.679607
37.510774,-81.824400,-257.000000,12.178479,4.646309
38.030774,-81.824400,-257.000000,12.372695,4.706801
38.550774,-81.824400,-257.000000,12.366934,4.747264
39.070774,-81.824400,-257.000000,12.276711,4.701076
39.590774,-81.824400,-257.000000,12.345325,4.749316
40.110774,-81.824400,-257.000000,12.173805,4.686123
40.630774,-81.824400,-257.000000,12.327113,4.743488
41.150774,-81.824400,-257.000000,12.485377,4.714756
41.670774,-81.824400,-257.000000,12.254241,4.682686
42.190774,-81.824400,-257.000000,12.506415,4.737829
42.710774,-81.824400,-257.000000,12.381593,4.684168
43.230774,-81.824400,-257.000000,12.293913,4.678648
43.750774,-81.824400,-257.000000,12.499767,4.739460
44.270774,-81.824400,-257.000000,12.260920,4.721156
44.790774,-81.824400,-257.000000,12.525856,4.746407
45.310774,-81.824400,-257.000000,12.276259,4.705521
45.830774,-81.824400,-257.000000,12.170137,4.691691
46.350774,-81.824400,-257.000000,12.479307,4.765344
46.870774,-81.824400,-257.000000,12.307258,4.727791
47.390774,-81.824400,-257.000000,12.312810,4.654554
47.910774,-81.824400,-257.000000,12.455319,4.685417
48.430774,-81.824400,-257.000000,12.286404,4.661070
48.950774,-81.824400,-257.000000,12.189818,4.705899
49.470774,-81.824400,-257.000000,12.454351,4.681262
49.990774,-81.824400,-257.000000,12.254340,4.674540
50.510774,-81.824400,-257.000000,12.252364,4.678282
51.030774,-81.824400,-257.000000,12.545477,4.704087
51.550774,-81.824400,-257.000000,12.289523,4.763092
52.070774,-81.824400,-257.000000,12.470335,4.675520
52.590774,-81.824400,-257.000000,12.588669,4.726076
53.110774,-81.824400,-257.000000,12.327453,4.672017
53.630774,-81.824400,-257.000000,12.350959,4.698068
54.150774,-81.824400,-257.000000,12.520370,4.728342
54.670774,-81.824400,-257.000000,12.372937,4.657484
55.190774,-81.824400,-257.000000,12.420302,4.727320
55.710774,-81.824400,-257.000000,12.620408,4.764148
56.230774,-81.824400,-257.000000,12.506865,4.717565
56.750774,-81.824400,-257.000000,12.266196,4.702498
57.270774,-81.824400,-257.000000,12.485462,4.716838
57.790774,-81.824400,-257.000000,12.455890,4.715288
58.310774,-81.824400,-257.000000,12.431725,4.703818
58.830774,-81.824400,-257.000000,12.286089,4.681879
59.350774,-81.824400,-257.000000,12.533853,4.755696
59.870774,-81.824400,-257.000000,12.364423,4.695153
60.390774,-81.824400,-257.000000,12.379845,4.727976
60.910774,-81.824400,-257.000000,12.323703,4.718154
61.430774,-81.824400,-257.000000,12.405174,4.780600
61.950774,-81.824400,-257.000000,12.437325,4.741567
62.470774,-81.824400,-257.000000,12.125829,4.681973
62.990774,-81.824400,-257.000000,12.376825,4.682006
63.510774,-81.824400,-257.000000,12.400305,4.686766
64.030774,-81.824400,-257.000000,12.158393,4.672732
64.550774,-81.824400,-257.000000,12.415630,4.677476
65.070774,-81.824400,-257.000000,12.400323,4.699984
65.590774,-81.824400,-257.000000,12.363643,4.672172
66.110774,-81.824400,-257.000000,12.358169,4.698133
66.630774,-81.824400,-257.000000,12.277835,4.710725
67.150774,-81.824400,-257.000000,12.215875,4.675679
67.670774,-81.824400,-257.000000,12.287646,4.722026
68.190774,-81.824400,-257.000000,12.385398,4.676542
68.710774,-81.824400,-257.000000,12.230807,4.650972
69.230774,-81.824400,-257.000000,12.225871,4.669720
69.750774,-81.824400,-257.000000,12.327119,4.675091
70.270774,-81.824400,-257.000000,12.421314,4.696671
70.790774,-81.824400,-257.000000,12.121739,4.728434
71.310774,-81.824400,-257.000000,12.402726,4.649783
71.830774,-81.824400,-257.000000,12.323529,4.674856
72.350774,-81.824400,-257.000000,12.639452,4.705348
72.870774,-81.824400,-257.000000,12.648104,4.759151
73.390774,-81.824400,-257.000000,12.270625,4.712116
73.910774,-81.824400,-257.000000,12.429257,4.682049
74.430774,-81.824400,-257.000000,12.626838,4.691865
74.950774,-81.824400,-257.000000,12.258985,4.670829
75.470774,-81.824400,-257.000000,12.478477,4.653311
75.990774,-81.824400,-257.000000,12.112168,4.668424
13.070774,-81.304400,-257.000000,12.443555,4.459736
75.990774,-81.304400,-257.000000,12.068614,4.666976
13.070774,-82.344400,-256.000000,12.430429,4.459859
13.590774,-82.344400,-256.000000,12.369285,4.467938
14.110774,-82.344400,-256.000000,12.599132,4.562156
14.630774,-82.344400,-256.000000,12.371060,4.580838
15.150774,-82.344400,-256.000000,12.519227,4.576332
15.670774,-82.344400,-256.000000,12.351607,4.595787
16.190774,-82.344400,-256.000000,12.273617,4.557139
16.710774,-82.344400,-256.000000,12.412841,4.550183
17.230774,-82.344400,-256.000000,12.600362,4.629047
17.750774,-82.344400,-256.000000,12.129282,4.558299
18.270774,-82.344400,-256.000000,12.298787,4.618148
18.790774,-82.344400,-256.000000,12.502030,4.713542
19.310774,-82.344400,-256.000000,12.128293,4.626890
19.830774,-82.344400,-256.000000,12.666123,4.669515
20.350774,-82.344400,-256.000000,12.571957,4.662502
20.870774,-82.344400,-256.000000,12.491603,4.702914
21.390774,-82.344400,-256.000000,12.324906,4.712506
21.910774,-82.344400,-256.000000,12.434891,4.669364
22.430774,-82.344400,-256.000000,12.322249,4.633954
22.950774,-82.344400,-256.000000,12.282086,4.641025
23.470774,-82.344400,-256.000000,12.564848,4.694902
23.990774,-82.344400,-256.000000,12.350808,4.691755
24.510774,-82.344400,-256.000000,12.360671,4.672532
25.030774,-82.344400,-256.000000,12.641620,4.738817
25.550774,-82.344400,-256.000000,12.441978,4.647386
26.070774,-82.344400,-256.000000,12.377094,4.718991
26.590774,-82.344400,-256.000000,12.413882,4.686948
27.110774,-82.344400,-256.000000,12.452356,4.689700
27.630774,-82.344400,-256.000000,12.148807,4.625069
28.150774,-82.344400,-256.000000,12.475539,4.710195
28.670774,-82.344400,-256.000000,12.414176,4.690586
29.190774,-82.344400,-256.000000,12.143696,4.693918
29.710774,-82.344400,-256.000000,12.421901,4.670097
30.230774,-82.344400,-256.000000,12.414631,4.662933
30.750774,-82.344400,-256.000000,12.410899,4.672343
31.270774,-82.344400,-256.000000,12.338504,4.738399
31.790774,-82.344400,-256.000000,12.244932,4.693370
32.310774,-82.344400,-256.000000,12.322721,4.685045
32.830774,-82.344400,-256.000000,12.588744,4.710267
33.350774,-82.344400,-256.000000,12.526666,4.729881
33.870774,-82.344400,-256.000000,12.558910,4.736131
34.390774,-82.344400,-256.000000,12.230030,4.716872
34.910774,-82.344400,-256.000000,12.315457,4.687672
35.430774,-82.344400,-256.000000,12.493642,4.775717
35.950774,-82.344400,-256.000000,12.503988,4.739038
36.470774,-82.344400,-256.000000,12.069327,4.733897
36.990774,-82.344400,-256.000000,12.436413,4.715274
37.510774,-82.344400,-256.000000,12.269393,4.635401
38.030774,-82.344400,-256.000000,12.647090,4.725562
38.550774,-82.344400,-256.000000,12.323721,4.683218
39.070774,-82.344400,-256.000000,12.428539,4.674624
39.590774,-82.344400,-256.000000,12.519958,4.663707
40.110774,-82.344400,-256.000000,12.376962,4.736035
40.630774,-82.344400,-256.000000,12.358334,4.703704
41.150774,-82.344400,-256.000000,12.343898,4.692516
41.670774,-82.344400,-256.000000,12.356709,4.749977
42.190774,-82.344400,-256.000000,12.303823,4.648016
42.710774,-82.344400,-256.000000,12.321940,4.719551
43.230774,-82.344400,-256.000000,12.526189,4.732706
43.750774,-82.344400,-256.000000,12.495830,4.700874
44.270774,-82.344400,-256.000000,12.403491,4.751997
44.790774,-82.344400,-256.000000,12.307086,4.631943
45.310774,-82.344400,-256.000000,12.319667,4.655155
45.830774,-82.344400,-256.000000,12.071606,4.657663
46.350774,-82.344400,-256.000000,12.464271,4.702548
46.870774,-82.344400,-256.000000,12.514888,4.746436
47.390774,-82.344400,-256.000000,12.026237,4.651215
47.910774,-82.344400,-256.000000,12.286512,4.651803
48.430774,-82.344400,-256.000000,12.237396,4.740954
48.950774,-82.344400,-256.000000,12.477485,4.742074
49.470774,-82.344400,-256.000000,12.288424,4.734729
49.990774,-82.344400,-256.000000,12.350127,4.678406
50.510774,-82.344400,-256.000000,12.213895,4.720964
51.030774,-82.344400,-256.000000,12.435786,4.656798
51.550774,-82.344400,-256.000000,12.334791,4.689184
52.070774,-82.344400,-256.000000,12.380690,4.689317
52.590774,-82.344400,-256.000000,12.552501,4.741625
53.110774,-82.344400,-256.000000,12.494028,4.673594
53.630774,-82.344400,-256.000000,12.293011,4.700640
54.150774,-82.344400,-256.000000,12.385021,4.745967
54.670774,-82.344400,-256.000000,12.484615,4.743146
55.190774,-82.344400,-256.000000,12.413756,4.710661
55.710774,-82.344400,-256.000000,12.256678,4.654208
56.230774,-82.344400,-256.000000,12.345157,4.714756
56.750774,-82.344400,-256.000000,12.332577,4.698762
57.270774,-82.344400,-256.000000,12.267035,4.722878
57.790774,-82.344400,-256.000000,12.303667,4.754917
58.310774,-82.344400,-256.000000,12.257720,4.665995
58.830774,-82.344400,-256.000000,12.406790,4.770823
59.350774,-82.344400,-256.000000,12.279268,4.672926
59.870774,-82.344400,-256.000000,12.204546,4.685108
60.390774,-82.344400,-256.000000,12.680992,4.754980
60.910774,-82.344400,-256.000000,12.386502,4.716916
61.430774,-82.344400,-256.000000,12.475356,4.709670
61.950774,-82.344400,-256.000000,12.328366,4.676173
62.470774,-82.344400,-256.000000,12.279212,4.710770
62.990774,-82.344400,-256.000000,12.501428,4.736554
63.510774,-82.344400,-256.000000,12.478035,4.677041
64.030774,-82.344400,-256.000000,12.241696,4.668422
64.550774,-82.344400,-256.000000,12.286230,4.687850
65.070774,-82.344400,-256.000000,12.287958,4.704398
65.590774,-82.344400,-256.000000,12.421117,4.662606
66.110774,-82.344400,-256.000000,12.333875,4.686633
66.630774,-82.344400,-256.000000,12.446129,4.664968
67.150774,-82.344400,-256.000000,12.516761,4.729141
67.670774,-82.344400,-256.000000,12.429210,4.689152
68.190774,-82.344400,-256.000000,12.389031,4.663016
68.710774,-82.344400,-256.000000,12.559028,4.716903
69.230774,-82.344400,-256.000000,12.347910,4.680490
69.750774,-82.344400,-256.000000,12.319723,4.663721
70.270774,-82.344400,-256.000000,12.578002,4.747875
70.790774,-82.344400,-256.000000,12.510288,4.653878
71.310774,-82.344400,-256.000000,12.455611,4.665259
71.830774,-82.344400,-256.000000,12.372481,4.683867
72.350774,-82.344400,-256.000000,12.331738,4.701066
72.870774,-82.344400,-256.000000,12.509171,4.663691
73.390774,-82.344400,-256.000000,12.110242,4.678276
73.910774,-82.344400,-256.000000,12.384247,4.693735
74.430774,-82.344400,-256.000000,12.285438,4.664181
74.950774,-82.344400,-256.000000,12.426215,4.693415
75.470774,-82.344400,-256.000000,12.060266,4.617594
75.990774,-82.344400,-256.000000,12.328057,4.623023
13.070774,-81.824400,-256.000000,12.376342,4.458895
13.590774,-81.824400,-256.000000,12.357534,4.471080
14.110774,-81.824400,-256.000000,12.693002,4.568636
14.630774,-81.824400,-256.000000,12.333702,4.584853
15.150774,-81.824400,-256.000000,12.440050,4.577534
15.670774,-81.824400,-256.000000,12.383904,4.611857
16.190774,-81.824400,-256.000000,12.252340,4.529198
16.710774,-81.824400,-256.000000,12.426077,4.572348
17.230774,-81.824400,-256.000000,12.598278,4.620569
17.750774,-81.824400,-256.000000,12.242196,4.594441
18.270774,-81.824400,-256.000000,12.205812,4.616267
18.790774,-81.824400,-256.000000,12.563224,4.725910
19.310774,-81.824400,-256.000000,12.131702,4.624753
19.830774,-81.824400,-256.000000,12.611993,4.683020
20.350774,-81.824400,-256.000000,12.482078,4.668399
20.870774,-81.824400,-256.000000,12.427910,4.723433
21.390774,-81.824400,-256.000000,12.358329,4.707735
21.910774,-81.824400,-256.000000,12.496680,4.693321
22.430774,-81.824400,-256.000000,12.271120,4.624890
22.950774,-81.824400,-256.000000,12.288806,4.644107
23.470774,-81.824400,-256.000000,12.496062,4.698065
23.990774,-81.824400,-256.000000,12.303024,4.696320
24.510774,-81.824400,-256.000000,12.345681,4.656439
25.030774,-81.824400,-256.000000,12.645331,4.741694
25.550774,-81.824400,-256.000000,12.412270,4.656269
26.070774,-81.824400,-256.000000,12.335548,4.709405
26.590774,-81.824400,-256.000000,12.379939,4.688401
27.110774,-81.824400,-256.000000,12.463479,4.682212
27.630774,-81.824400,-256.000000,12.151977,4.647209
28.150774,-81.824400,-256.000000,12.413202,4.699041
28.670774,-81.824400,-256.000000,12.461895,4.724822
29.190774,-81.824400,-256.000000,12.054021,4.687217
29.710774,-81.824400,-256.000000,12.451712,4.674441
30.230774,-81.824400,-256.000000,12.441878,4.663140
30.750774,-81.824400,-256.000000,12.414216,4.661231
31.270774,-81.824400,-256.000000,12.250762,4.760134
31.790774,-81.824400,-256.000000,12.229786,4.676734
32.310774,-81.824400,-256.000000,12.374503,4.703239
32.830774,-81.824400,-256.000000,12.516230,4.725328
33.350774,-81.824400,-256.000000,12.437674,4.741500
33.870774,-81.824400,-256.000000,12.542669,4.734015
34.390774,-81.824400,-256.000000,12.272239,4.713782
34.910774,-81.824400,-256.000000,12.230474,4.700048
35.430774,-81.824400,-256.000000,12.507934,4.764452
35.950774,-81.824400,-256.000000,12.465125,4.746892
36.470774,-81.824400,-256.000000,12.054816,4.719019
36.990774,-81.824400,-256.000000,12.395378,4.711618
37.510774,-81.824400,-256.000000,12.259679,4.668796
38.030774,-81.824400,-256.000000,12.629462,4.731091
38.550774,-81.824400,-256.000000,12.353333,4.682378
39.070774,-81.824400,-256.000000,12.435664,4.678371
39.590774,-81.824400,-256.000000,12.495960,4.667835
40.110774,-81.824400,-256.000000,12.364583,4.726288
40.630774,-81.824400,-256.000000,12.331363,4.705881
41.150774,-81.824400,-256.000000,12.394639,4.721548
41.670774,-81.824400,-256.000000,12.362308,4.748464
42.190774,-81.824400,-256.000000,12.255342,4.653738
42.710774,-81.824400,-256.000000,12.350339,4.721848
43.230774,-81.824400,-256.000000,12.522178,4.712125
43.750774,-81.824400,-256.000000,12.508927,4.710564
44.270774,-81.824400,-256.000000,12.421835,4.753800
44.790774,-81.824400,-256.000000,12.293292,4.644367
45.310774,-81.824400,-256.000000,12.232020,4.656564
45.830774,-81.824400,-256.000000,12.059304,4.673766
46.350774,-81.824400,-256.000000,12.527963,4.720992
46.870774,-81.824400,-256.000000,12.463604,4.738591
47.390774,-81.824400,-256.000000,12.094585,4.674992
47.910774,-81.824400,-256.000000,12.162938,4.659133
48.430774,-81.824400,-256.000000,12.210345,4.747222
48.950774,-81.824400,-256.000000,12.482813,4.731772
49.470774,-81.824400,-256.000000,12.320683,4.734510
49.990774,-81.824400,-256.000000,12.330880,4.680902
50.510774,-81.824400,-256.000000,12.273032,4.722524
51.030774,-81.824400,-256.000000,12.391050,4.677566
51.550774,-81.824400,-256.000000,12.362052,4.681170
52.070774,-81.824400,-256.000000,12.337819,4.695484
52.590774,-81.824400,-256.000000,12.486609,4.729196
53.110774,-81.824400,-256.000000,12.513161,4.682246
53.630774,-81.824400,-256.000000,12.249164,4.688253
54.150774,-81.824400,-256.000000,12.306952,4.730497
54.670774,-81.824400,-256.000000,12.483177,4.757576
55.190774,-81.824400,-256.000000,12.370346,4.717799
55.710774,-81.824400,-256.000000,12.303584,4.649391
56.230774,-81.824400,-256.000000,12.360641,4.718133
56.750774,-81.824400,-256.000000,12.349711,4.718112
57.270774,-81.824400,-256.000000,12.333642,4.731668
57.790774,-81.824400,-256.000000,12.318971,4.769473
58.310774,-81.824400,-256.000000,12.235807,4.658656
58.830774,-81.824400,-256.000000,12.374959,4.768012
59.350774,-81.824400,-256.000000,12.224544,4.674906
59.870774,-81.824400,-256.000000,12.256459,4.689570
60.390774,-81.824400,-256.000000,12.657470,4.755015
60.910774,-81.824400,-256.000000,12.382603,4.719847
61.430774,-81.824400,-256.000000,12.437671,4.699852
61.950774,-81.824400,-256.000000,12.309258,4.656297
62.470774,-81.824400,-256.000000,12.226089,4.718503
62.990774,-81.824400,-256.000000,12.576564,4.735898
63.510774,-81.824400,-256.000000,12.463012,4.690232
64.030774,-81.824400,-256.000000,12.219650,4.679070
64.550774,-81.824400,-256.000000,12.315383,4.708548
65.070774,-81.824400,-256.000000,12.211762,4.699385
65.590774,-81.824400,-256.000000,12.443477,4.669208
66.110774,-81.824400,-256.000000,12.228101,4.672003
66.630774,-81.824400,-256.000000,12.375416,4.677114
67.150774,-81.824400,-256.000000,12.508529,4.722721
67.670774,-81.824400,-256.000000,12.430894,4.697531
68.190774,-81.824400,-256.000000,12.335029,4.671115
68.710774,-81.824400,-256.000000,12.560136,4.724834
69.230774,-81.824400,-256.000000,12.365825,4.667047
69.750774,-81.824400,-256.000000,12.263081,4.698344
70.270774,-81.824400,-256.000000,12.514339,4.729144
70.790774,-81.824400,-256.000000,12.506656,4.660849
71.310774,-81.824400,-256.000000,12.477888,4.668643
71.830774,-81.824400,-256.000000,12.404039,4.684553
72.350774,-81.824400,-256.000000,12.380022,4.710759
72.870774,-81.824400,-256.000000,12.441859,4.661975
73.390774,-81.824400,-256.000000,12.119931,4.682679
73.910774,-81.824400,-256.000000,12.348839,4.705589
74.430774,-81.824400,-256.000000,12.295807,4.670438
74.950774,-81.824400,-256.000000,12.409414,4.689019
75.470774,-81.824400,-256.000000,12.066219,4.617304
75.990774,-81.824400,-256.000000,12.291252,4.627581
13.070774,-81.304400,-256.000000,12.366024,4.455766
75.990774,-81.304400,-256.000000,12.253711,4.623473
13.070774,-82.344400,-255.000000,12.381325,4.490728
13.590774,-82.344400,-255.000000,12.344613,4.496517
14.110774,-82.344400,-255.000000,12.451589,4.569944
14.630774,-82.344400,-255.000000,12.503224,4.538838
15.150774,-82.344400,-255.000000,12.285254,4.531085
15.670774,-82.344400,-255.000000,12.371550,4.584073
16.190774,-82.344400,-255.000000,12.229454,4.574684
16.710774,-82.344400,-255.000000,12.146780,4.561004
17.230774,-82.344400,-255.000000,12.496251,4.616961
17.750774,-82.344400,-255.000000,12.027625,4.624578
18.270774,-82.344400,-255.000000,12.271463,4.608387
18.790774,-82.344400,-255.000000,12.345351,4.692830
19.310774,-82.344400,-255.000000,12.530298,4.639586
19.830774,-82.344400,-255.000000,12.406274,4.631940
20.350774,-82.344400,-255.000000,12.332404,4.606152
20.870774,-82.344400,-255.000000,12.429489,4.681898
21.390774,-82.344400,-255.000000,12.470451,4.653432
21.910774,-82.344400,-255.000000,12.133329,4.681942
22.430774,-82.344400,-255.000000,12.383826,4.674287
22.950774,-82.344400,-255.000000,12.278542,4.660435
23.470774,-82.344400,-255.000000,12.527081,4.698720
23.990774,-82.344400,-255.000000,12.445521,4.659571
24.510774,-82.344400,-255.000000,12.378791,4.654106
25.030774,-82.344400,-255.000000,12.456607,4.686683
25.550774,-82.344400,-255.000000,12.206637,4.645492
26.070774,-82.344400,-255.000000,12.360524,4.732513
26.590774,-82.344400,-255.000000,12.558238,4.707973
27.110774,-82.344400,-255.000000,12.238414,4.634992
27.630774,-82.344400,-255.000000,12.389652,4.711310
28.150774,-82.344400,-255.000000,12.418971,4.648411
28.670774,-82.344400,-255.000000,12.282640,4.672749
29.190774,-82.344400,-255.000000,12.410315,4.751811
29.710774,-82.344400,-255.000000,12.302933,4.725177
30.230774,-82.344400,-255.000000,12.288442,4.672101
30.750774,-82.344400,-255.000000,12.507998,4.722608
31.270774,-82.344400,-255.000000,12.398563,4.703575
31.790774,-82.344400,-255.000000,12.282831,4.711971
32.310774,-82.344400,-255.000000,12.400161,4.684699
32.830774,-82.344400,-255.000000,12.521818,4.723130
33.350774,-82.344400,-255.000000,12.622740,4.742219
33.870774,-82.344400,-255.000000,12.208801,4.687932
34.390774,-82.344400,-255.000000,12.457830,4.685387
34.910774,-82.344400,-255.000000,12.286529,4.642198
35.430774,-82.344400,-255.000000,12.285569,4.678977
35.950774,-82.344400,-255.000000,12.457835,4.718257
36.470774,-82.344400,-255.000000,12.224612,4.709909
36.990774,-82.344400,-255.000000,12.250267,4.655862
37.510774,-82.344400,-255.000000,12.588870,4.760950
38.030774,-82.344400,-255.000000,12.538623,4.691125
38.550774,-82.344400,-255.000000,12.246390,4.714704
39.070774,-82.344400,-255.000000,12.647631,4.714159
39.590774,-82.344400,-255.000000,12.571584,4.683184
40.110774,-82.344400,-255.000000,12.302948,4.669801
40.630774,-82.344400,-255.000000,12.347526,4.698010
41.150774,-82.344400,-255.000000,12.394566,4.707926
41.670774,-82.344400,-255.000000,12.407232,4.743108
42.190774,-82.344400,-255.000000,12.352311,4.720309
42.710774,-82.344400,-255.000000,12.338112,4.677851
43.230774,-82.344400,-255.000000,12.301897,4.663573
43.750774,-82.344400,-255.000000,12.436431,4.742679
44.270774,-82.344400,-255.000000,12.493083,4.692847
44.790774,-82.344400,-255.000000,12.324722,4.698220
45.310774,-82.344400,-255.000000,12.345003,4.775486
45.830774,-82.344400,-255.000000,12.240595,4.728519
46.350774,-82.344400,-255.000000,12.256835,4.695092
46.870774,-82.344400,-255.000000,12.295957,4.755409
47.390774,-82.344400,-255.000000,12.454326,4.746918
47.910774,-82.344400,-255.000000,12.498103,4.685572
48.430774,-82.344400,-255.000000,12.335465,4.704076
48.950774,-82.344400,-255.000000,12.206279,4.719049
49.470774,-82.344400,-255.000000,12.591516,4.705548
49.990774,-82.344400,-255.000000,12.290836,4.655390
50.510774,-82.344400,-255.000000,12.514035,4.690460
51.030774,-82.344400,-255.000000,12.479496,4.701530
51.550774,-82.344400,-255.000000,12.359732,4.691658
52.070774,-82.344400,-255.000000,12.251144,4.715385
52.590774,-82.344400,-255.000000,12.415326,4.772887
53.110774,-82.344400,-255.000000,12.235744,4.690259
53.630774,-82.344400,-255.000000,12.342536,4.635171
54.150774,-82.344400,-255.000000,12.421083,4.665301
54.670774,-82.344400,-255.000000,12.425289,4.717386
55.190774,-82.344400,-255.000000,12.166005,4.675522
55.710774,-82.344400,-255.000000,12.369956,4.663064
56.230774,-82.344400,-255.000000,12.240726,4.665298
56.750774,-82.344400,-255.000000,12.604154,4.725133
57.270774,-82.344400,-255.000000,12.568286,4.708249
57.790774,-82.344400,-255.000000,12.489375,4.737151
58.310774,-82.344400,-255.000000,12.404963,4.725380
58.830774,-82.344400,-255.000000,12.573763,4.720243
59.350774,-82.344400,-255.000000,12.269860,4.662264
59.870774,-82.344400,-255.000000,12.480338,4.704736
60.390774,-82.344400,-255.000000,12.296031,4.692630
60.910774,-82.344400,-255.000000,12.207884,4.683730
61.430774,-82.344400,-255.000000,12.487773,4.702619
61.950774,-82.344400,-255.000000,12.524027,4.733137
62.470774,-82.344400,-255.000000,12.228624,4.701892
62.990774,-82.344400,-255.000000,12.637209,4.711960
63.510774,-82.344400,-255.000000,12.382845,4.758342
64.030774,-82.344400,-255.000000,12.386509,4.703303
64.550774,-82.344400,-255.000000,12.467426,4.683618
65.070774,-82.344400,-255.000000,12.404201,4.655116
65.590774,-82.344400,-255.000000,12.300930,4.705401
66.110774,-82.344400,-255.000000,12.447929,4.705979
66.630774,-82.344400,-255.000000,12.153053,4.684359
67.150774,-82.344400,-255.000000,12.449169,4.728332
67.670774,-82.344400,-255.000000,12.216952,4.725011
68.190774,-82.344400,-255.000000,12.384706,4.715673
68.710774,-82.344400,-255.000000,12.338819,4.659259
69.230774,-82.344400,-255.000000,12.613644,4.752612
69.750774,-82.344400,-255.000000,12.390114,4.658618
70.270774,-82.344400,-255.000000,12.303450,4.676722
70.790774,-82.344400,-255.000000,12.451906,4.686733
71.310774,-82.344400,-255.000000,12.424394,4.660999
71.830774,-82.344400,-255.000000,12.275105,4.657728
72.350774,-82.344400,-255.000000,12.489432,4.716254
72.870774,-82.344400,-255.000000,12.384561,4.720109
73.390774,-82.344400,-255.000000,12.407262,4.634770
73.910774,-82.344400,-255.000000,12.386755,4.632631
74.430774,-82.344400,-255.000000,12.282866,4.653215
74.950774,-82.344400,-255.000000,12.347926,4.648407
75.470774,-82.344400,-255.000000,12.312385,4.682474
75.990774,-82.344400,-255.000000,12.351363,4.691284
13.070774,-81.824400,-255.000000,12.457207,4.493479
13.590774,-81.824400,-255.000000,12.332559,4.488925
14.110774,-81.824400,-255.000000,12.445153,4.589144
14.630774,-81.824400,-255.000000,12.498351,4.533164
15.150774,-81.824400,-255.000000,12.300241,4.545927
15.670774,-81.824400,-255.000000,12.372536,4.579314
16.190774,-81.824400,-255.000000,12.284421,4.603413
16.710774,-81.824400,-255.000000,12.089130,4.545949
17.230774,-81.824400,-255.000000,12.487514,4.627911
17.750774,-81.824400,-255.000000,11.996922,4.606041
18.270774,-81.824400,-255.000000,12.242754,4.614120
18.790774,-81.824400,-255.000000,12.346629,4.678753
19.310774,-81.824400,-255.000000,12.483801,4.661743
19.830774,-81.824400,-255.000000,12.468166,4.638404
20.350774,-81.824400,-255.000000,12.299942,4.624450
20.870774,-81.824400,-255.000000,12.440108,4.686498
21.390774,-81.824400,-255.000000,12.441428,4.663564
21.910774,-81.824400,-255.000000,12.071570,4.651369
22.430774,-81.824400,-255.000000,12.410840,4.666581
22.950774,-81.824400,-255.000000,12.275147,4.677457
23.470774,-81.824400,-255.000000,12.449566,4.702708
23.990774,-81.824400,-255.000000,12.469656,4.662160
24.510774,-81.824400,-255.000000,12.380875,4.656732
25.030774,-81.824400,-255.000000,12.412818,4.690761
25.550774,-81.824400,-255.000000,12.243575,4.653957
26.070774,-81.824400,-255.000000,12.252120,4.719429
26.590774,-81.824400,-255.000000,12.539889,4.716116
27.110774,-81.824400,-255.000000,12.237086,4.665743
27.630774,-81.824400,-255.000000,12.357165,4.719185
28.150774,-81.824400,-255.000000,12.436934,4.652568
28.670774,-81.824400,-255.000000,12.267069,4.678237
29.190774,-81.824400,-255.000000,12.375155,4.728733
29.710774,-81.824400,-255.000000,12.327402,4.738448
30.230774,-81.824400,-255.000000,12.297132,4.673083
30.750774,-81.824400,-255.000000,12.496963,4.733505
31.270774,-81.824400,-255.000000,12.412910,4.707183
31.790774,-81.824400,-255.000000,12.314919,4.716580
32.310774,-81.824400,-255.000000,12.346623,4.693686
32.830774,-81.824400,-255.000000,12.450948,4.700457
33.350774,-81.824400,-255.000000,12.575754,4.745817
33.870774,-81.824400,-255.000000,12.292859,4.701401
34.390774,-81.824400,-255.000000,12.357168,4.678352
34.910774,-81.824400,-255.000000,12.272512,4.658902
35.430774,-81.824400,-255.000000,12.324615,4.689060
35.950774,-81.824400,-255.000000,12.331714,4.698454
36.470774,-81.824400,-255.000000,12.245166,4.718714
36.990774,-81.824400,-255.000000,12.285693,4.640246
37.510774,-81.824400,-255.000000,12.703135,4.771699
38.030774,-81.824400,-255.000000,12.436920,4.686100
38.550774,-81.824400,-255.000000,12.225329,4.705691
39.070774,-81.824400,-255.000000,12.570117,4.722927
39.590774,-81.824400,-255.000000,12.539746,4.680338
40.110774,-81.824400,-255.000000,12.255027,4.668700
40.630774,-81.824400,-255.000000,12.430859,4.722049
41.150774,-81.824400,-255.000000,12.305675,4.702309
41.670774,-81.824400,-255.000000,12.361943,4.733917
42.190774,-81.824400,-255.000000,12.396382,4.727530
42.710774,-81.824400,-255.000000,12.341474,4.676226
43.230774,-81.824400,-255.000000,12.319597,4.675066
43.750774,-81.824400,-255.000000,12.463605,4.750155
44.270774,-81.824400,-255.000000,12.407351,4.675650
44.790774,-81.824400,-255.000000,12.354510,4.717792
45.310774,-81.824400,-255.000000,12.316630,4.772150
45.830774,-81.824400,-255.000000,12.271216,4.730690
46.350774,-81.824400,-255.000000,12.361250,4.709406
46.870774,-81.824400,-255.000000,12.290795,4.745437
47.390774,-81.824400,-255.000000,12.496504,4.742429
47.910774,-81.824400,-255.000000,12.527584,4.711223
48.430774,-81.824400,-255.000000,12.354688,4.701148
48.950774,-81.824400,-255.000000,12.273512,4.747184
49.470774,-81.824400,-255.000000,12.550810,4.691897
49.990774,-81.824400,-255.000000,12.183495,4.668250
50.510774,-81.824400,-255.000000,12.521742,4.713991
51.030774,-81.824400,-255.000000,12.466596,4.708987
51.550774,-81.824400,-255.000000,12.340518,4.691596
52.070774,-81.824400,-255.000000,12.172668,4.717886
52.590774,-81.824400,-255.000000,12.390579,4.779664
53.110774,-81.824400,-255.000000,12.167346,4.708227
53.630774,-81.824400,-255.000000,12.414389,4.663361
54.150774,-81.824400,-255.000000,12.357713,4.656281
54.670774,-81.824400,-255.000000,12.494030,4.737807
55.190774,-81.824400,-255.000000,12.122386,4.679114
55.710774,-81.824400,-255.000000,12.356353,4.655828
56.230774,-81.824400,-255.000000,12.334544,4.680476
56.750774,-81.824400,-255.000000,12.525449,4.710677
57.270774,-81.824400,-255.000000,12.553819,4.696976
57.790774,-81.824400,-255.000000,12.493730,4.746193
58.310774,-81.824400,-255.000000,12.307210,4.721124
58.830774,-81.824400,-255.000000,12.594954,4.719718
59.350774,-81.824400,-255.000000,12.303644,4.675378
59.870774,-81.824400,-255.000000,12.483294,4.704636
60.390774,-81.824400,-255.000000,12.238036,4.704928
60.910774,-81.824400,-255.000000,12.274931,4.697067
61.430774,-81.824400,-255.000000,12.475406,4.705665
61.950774,-81.824400,-255.000000,12.464850,4.749320
62.470774,-81.824400,-255.000000,12.215983,4.701674
62.990774,-81.824400,-255.000000,12.649604,4.716250
63.510774,-81.824400,-255.000000,12.237459,4.757523
64.030774,-81.824400,-255.000000,12.444051,4.692608
64.550774,-81.824400,-255.000000,12.505647,4.705142
65.070774,-81.824400,-255.000000,12.378127,4.659426
65.590774,-81.824400,-255.000000,12.254792,4.722279
66.110774,-81.824400,-255.000000,12.424837,4.711295
66.630774,-81.824400,-255.000000,12.214747,4.688096
67.150774,-81.824400,-255.000000,12.456103,4.731733
67.670774,-81.824400,-255.000000,12.261733,4.729943
68.190774,-81.824400,-255.000000,12.320446,4.717396
68.710774,-81.824400,-255.000000,12.360657,4.664734
69.230774,-81.824400,-255.000000,12.580835,4.761580
69.750774,-81.824400,-255.000000,12.378534,4.652259
70.270774,-81.824400,-255.000000,12.302377,4.671679
70.790774,-81.824400,-255.000000,12.421395,4.700240
71.310774,-81.824400,-255.000000,12.414142,4.675857
71.830774,-81.824400,-255.000000,12.271216,4.649858
72.350774,-81.824400,-255.000000,12.444359,4.717540
72.870774,-81.824400,-255.000000,12.328276,4.716791
73.390774,-81.824400,-255.000000,12.442533,4.622894
73.910774,-81.824400,-255.000000,12.303669,4.624265
74.430774,-81.824400,-255.000000,12.314018,4.683455
74.950774,-81.824400,-255.000000,12.398257,4.667893
75.470774,-81.824400,-255.000000,12.296477,4.665689
75.990774,-81.824400,-255.000000,12.316833,4.692916
13.070774,-81.304400,-255.000000,12.498645,4.510581
75.990774,-81.304400,-255.000000,12.368876,4.713743
13.070774,-82.344400,-254.000000,12.285202,4.472005
13.590774,-82.344400,-254.000000,12.330317,4.519497
14.110774,-82.344400,-254.000000,12.426382,4.566347
14.630774,-82.344400,-254.000000,12.326584,4.455300
15.150774,-82.344400,-254.000000,12.264625,4.502277
15.670774,-82.344400,-254.000000,12.377157,4.571651
16.190774,-82.344400,-254.000000,12.024890,4.557105
16.710774,-82.344400,-254.000000,12.479509,4.620153
17.230774,-82.344400,-254.000000,12.360455,4.602893
17.750774,-82.344400,-254.000000,12.544055,4.625883
18.270774,-82.344400,-254.000000,12.623912,4.643965
18.790774,-82.344400,-254.000000,12.218922,4.601673
19.310774,-82.344400,-254.000000,12.386905,4.643352
19.830774,-82.344400,-254.000000,12.382483,4.667250
20.350774,-82.344400,-254.000000,12.357127,4.660961
20.870774,-82.344400,-254.000000,12.392501,4.679311
21.390774,-82.344400,-254.000000,12.295210,4.619931
21.910774,-82.344400,-254.000000,12.332651,4.654060
22.430774,-82.344400,-254.000000,12.296087,4.648839
22.950774,-82.344400,-254.000000,12.375525,4.655421
23.470774,-82.344400,-254.000000,12.249888,4.664293
23.990774,-82.344400,-254.000000,12.429969,4.733045
24.510774,-82.344400,-254.000000,12.305158,4.727059
25.030774,-82.344400,-254.000000,12.330485,4.676084
25.550774,-82.344400,-254.000000,12.206213,4.618454
26.070774,-82.344400,-254.000000,12.269759,4.640553
26.590774,-82.344400,-254.000000,12.438128,4.676652
27.110774,-82.344400,-254.000000,12.446889,4.685308
27.630774,-82.344400,-254.000000,12.530684,4.660228
28.150774,-82.344400,-254.000000,12.443427,4.703115
28.670774,-82.344400,-254.000000,12.347034,4.638108
29.190774,-82.344400,-254.000000,12.578956,4.719835
29.710774,-82.344400,-254.000000,12.383492,4.644976
30.230774,-82.344400,-254.000000,12.140018,4.677480
30.750774,-82.344400,-254.000000,12.463664,4.683844
31.270774,-82.344400,-254.000000,12.207006,4.695227
31.790774,-82.344400,-254.000000,12.413071,4.655393
32.310774,-82.344400,-254.000000,12.312114,4.662107
32.830774,-82.344400,-254.000000,12.095243,4.677365
33.350774,-82.344400,-254.000000,12.441917,4.741621
33.870774,-82.344400,-254.000000,12.364609,4.688767
34.390774,-82.344400,-254.000000,12.215774,4.656569
34.910774,-82.344400,-254.000000,12.548045,4.731640
35.430774,-82.344400,-254.000000,12.218545,4.715383
35.950774,-82.344400,-254.000000,12.436805,4.658953
36.470774,-82.344400,-254.000000,12.437839,4.751832
36.990774,-82.344400,-254.000000,12.318480,4.722015
37.510774,-82.344400,-254.000000,12.417404,4.707006
38.030774,-82.344400,-254.000000,12.346467,4.693940
38.550774,-82.344400,-254.000000,12.187667,4.640856
39.070774,-82.344400,-254.000000,12.170210,4.695920
39.590774,-82.344400,-254.000000,12.363010,4.720840
40.110774,-82.344400,-254.000000,12.460228,4.759730
40.630774,-82.344400,-254.000000,12.275294,4.696377
41.150774,-82.344400,-254.000000,12.467484,4.715172
41.670774,-82.344400,-254.000000,12.347228,4.699079
42.190774,-82.344400,-254.000000,12.299764,4.704968
42.710774,-82.344400,-254.000000,12.410133,4.723094
43.230774,-82.344400,-254.000000,12.252294,4.701721
43.750774,-82.344400,-254.000000,12.469008,4.754319
44.270774,-82.344400,-254.000000,12.498560,4.697357
44.790774,-82.344400,-254.000000,12.440880,4.717582
45.310774,-82.344400,-254.000000,12.430808,4.721729
45.830774,-82.344400,-254.000000,12.279017,4.709284
46.350774,-82.344400,-254.000000,12.299812,4.729742
46.870774,-82.344400,-254.000000,12.349706,4.700495
47.390774,-82.344400,-254.000000,12.605590,4.708787
47.910774,-82.344400,-254.000000,12.214103,4.718431
48.430774,-82.344400,-254.000000,12.473365,4.725837
48.950774,-82.344400,-254.000000,12.376128,4.648911
49.470774,-82.344400,-254.000000,12.261910,4.727672
49.990774,-82.344400,-254.000000,12.512328,4.711564
50.510774,-82.344400,-254.000000,12.449274,4.740344
51.030774,-82.344400,-254.000000,12.349648,4.681509
51.550774,-82.344400,-254.000000,12.486556,4.699386
52.070774,-82.344400,-254.000000,12.344432,4.705436
52.590774,-82.344400,-254.000000,12.469103,4.694099
53.110774,-82.344400,-254.000000,12.328869,4.704800
53.630774,-82.344400,-254.000000,12.086814,4.703003
54.150774,-82.344400,-254.000000,12.330756,4.729792
54.670774,-82.344400,-254.000000,12.352478,4.752511
55.190774,-82.344400,-254.000000,12.134429,4.657813
55.710774,-82.344400,-254.000000,12.301573,4.685233
56.230774,-82.344400,-254.000000,12.319508,4.698500
56.750774,-82.344400,-254.000000,12.292426,4.701372
57.270774,-82.344400,-254.000000,12.369397,4.646122
57.790774,-82.344400,-254.000000,12.377132,4.706456
58.310774,-82.344400,-254.000000,12.273916,4.675759
58.830774,-82.344400,-254.000000,12.186355,4.709475
59.350774,-82.344400,-254.000000,12.406092,4.719977
59.870774,-82.344400,-254.000000,12.341567,4.754313
60.390774,-82.344400,-254.000000,12.286774,4.687663
60.910774,-82.344400,-254.000000,12.335331,4.740451
61.430774,-82.344400,-254.000000,12.420546,4.718612
61.950774,-82.344400,-254.000000,12.511855,4.744355
62.470774,-82.344400,-254.000000,12.598989,4.730338
62.990774,-82.344400,-254.000000,12.309933,4.668899
63.510774,-82.344400,-254.000000,12.496796,4.736869
64.030774,-82.344400,-254.000000,12.323017,4.716506
64.550774,-82.344400,-254.000000,12.336536,4.738268
65.070774,-82.344400,-254.000000,12.073588,4.677641
65.590774,-82.344400,-254.000000,12.039576,4.627578
66.110774,-82.344400,-254.000000,12.731057,4.770895
66.630774,-82.344400,-254.000000,12.526431,4.732348
67.150774,-82.344400,-254.000000,12.206478,4.697878
67.670774,-82.344400,-254.000000,12.468186,4.698108
68.190774,-82.344400,-254.000000,12.402042,4.698321
68.710774,-82.344400,-254.000000,12.571670,4.660480
69.230774,-82.344400,-254.000000,12.113829,4.710155
69.750774,-82.344400,-254.000000,12.332366,4.621460
70.270774,-82.344400,-254.000000,12.269277,4.674630
70.790774,-82.344400,-254.000000,12.293641,4.617404
71.310774,-82.344400,-254.000000,12.338166,4.661926
71.830774,-82.344400,-254.000000,12.396018,4.663686
72.350774,-82.344400,-254.000000,12.323664,4.666485
72.870774,-82.344400,-254.000000,12.326254,4.660875
73.390774,-82.344400,-254.000000,12.271605,4.671079
73.910774,-82.344400,-254.000000,12.319297,4.623143
74.430774,-82.344400,-254.000000,12.536938,4.747806
74.950774,-82.344400,-254.000000,12.360538,4.693586
75.470774,-82.344400,-254.000000,12.426747,4.718800
75.990774,-82.344400,-254.000000,12.484363,4.626308
13.070774,-81.824400,-254.000000,12.260651,4.494616
13.590774,-81.824400,-254.000000,12.320628,4.531988
14.110774,-81.824400,-254.000000,12.431727,4.560653
14.630774,-81.824400,-254.000000,12.400957,4.471457
15.150774,-81.824400,-254.000000,12.224389,4.497386
15.670774,-81.824400,-254.000000,12.335227,4.564134
16.190774,-81.824400,-254.000000,12.010791,4.561569
16.710774,-81.824400,-254.000000,12.393922,4.625790
17.230774,-81.824400,-254.000000,12.346354,4.617713
17.750774,-81.824400,-254.000000,12.524059,4.634569
18.270774,-81.824400,-254.000000,12.649638,4.661456
18.790774,-81.824400,-254.000000,12.173057,4.589329
19.310774,-81.824400,-254.000000,12.434074,4.651332
19.830774,-81.824400,-254.000000,12.393401,4.668390
20.350774,-81.824400,-254.000000,12.372175,4.673226
20.870774,-81.824400,-254.000000,12.383174,4.678960
21.390774,-81.824400,-254.000000,12.353147,4.643159
21.910774,-81.824400,-254.000000,12.401374,4.642039
22.430774,-81.824400,-254.000000,12.231690,4.670136
22.950774,-81.824400,-254.000000,12.394198,4.670204
23.470774,-81.824400,-254.000000,12.249955,4.659982
23.990774,-81.824400,-254.000000,12.368377,4.713635
24.510774,-81.824400,-254.000000,12.253532,4.734647
25.030774,-81.824400,-254.000000,12.339998,4.692533
25.550774,-81.824400,-254.000000,12.218539,4.634303
26.070774,-81.824400,-254.000000,12.251230,4.636688
26.590774,-81.824400,-254.000000,12.385501,4.691784
27.110774,-81.824400,-254.000000,12.437143,4.691006
27.630774,-81.824400,-254.000000,12.507098,4.670240
28.150774,-81.824400,-254.000000,12.439212,4.686355
28.670774,-81.824400,-254.000000,12.232612,4.644078
29.190774,-81.824400,-254.000000,12.519775,4.734405
29.710774,-81.824400,-254.000000,12.377012,4.644935
30.230774,-81.824400,-254.000000,12.146514,4.682495
30.750774,-81.824400,-254.000000,12.451268,4.681784
31.270774,-81.824400,-254.000000,12.178266,4.709002
31.790774,-81.824400,-254.000000,12.329093,4.629953
32.310774,-81.824400,-254.000000,12.273546,4.669809
32.830774,-81.824400,-254.000000,12.163910,4.704265
33.350774,-81.824400,-254.000000,12.362435,4.725734
33.870774,-81.824400,-254.000000,12.412107,4.699375
34.390774,-81.824400,-254.000000,12.266346,4.676459
34.910774,-81.824400,-254.000000,12.489494,4.736552
35.430774,-81.824400,-254.000000,12.232913,4.704403
35.950774,-81.824400,-254.000000,12.417415,4.670707
36.470774,-81.824400,-254.000000,12.487867,4.751538
36.990774,-81.824400,-254.000000,12.222095,4.722756
37.510774,-81.824400,-254.000000,12.450683,4.723022
38.030774,-81.824400,-254.000000,12.317820,4.698962
38.550774,-81.824400,-254.000000,12.186836,4.644394
39.070774,-81.824400,-254.000000,12.213404,4.710417
39.590774,-81.824400,-254.000000,12.292068,4.719805
40.110774,-81.824400,-254.000000,12.354865,4.769343
40.630774,-81.824400,-254.000000,12.360850,4.718219
41.150774,-81.824400,-254.000000,12.427030,4.718798
41.670774,-81.824400,-254.000000,12.316545,4.705518
42.190774,-81.824400,-254.000000,12.274175,4.709235
42.710774,-81.824400,-254.000000,12.386444,4.716430
43.230774,-81.824400,-254.000000,12.246015,4.728794
43.750774,-81.824400,-254.000000,12.422986,4.737622
44.270774,-81.824400,-254.000000,12.412897,4.696052
44.790774,-81.824400,-254.000000,12.519823,4.708545
45.310774,-81.824400,-254.000000,12.441318,4.744045
45.830774,-81.824400,-254.000000,12.244700,4.708004
46.350774,-81.824400,-254.000000,12.232454,4.727098
46.870774,-81.824400,-254.000000,12.207419,4.692872
47.390774,-81.824400,-254.000000,12.618795,4.708158
47.910774,-81.824400,-254.000000,12.210048,4.722653
48.430774,-81.824400,-254.000000,12.499262,4.737555
48.950774,-81.824400,-254.000000,12.367319,4.662819
49.470774,-81.824400,-254.000000,12.314625,4.738656
49.990774,-81.824400,-254.000000,12.468904,4.713149
50.510774,-81.824400,-254.000000,12.478025,4.741735
51.030774,-81.824400,-254.000000,12.339680,4.695947
51.550774,-81.824400,-254.000000,12.448256,4.698520
52.070774,-81.824400,-254.000000,12.310827,4.707238
52.590774,-81.824400,-254.000000,12.503565,4.706460
53.110774,-81.824400,-254.000000,12.267809,4.715146
53.630774,-81.824400,-254.000000,12.113154,4.686112
54.150774,-81.824400,-254.000000,12.392402,4.741743
54.670774,-81.824400,-254.000000,12.319686,4.745042
55.190774,-81.824400,-254.000000,12.123807,4.657407
55.710774,-81.824400,-254.000000,12.238644,4.707350
56.230774,-81.824400,-254.000000,12.290627,4.687672
56.750774,-81.824400,-254.000000,12.248550,4.707317
57.270774,-81.824400,-254.000000,12.277258,4.655807
57.790774,-81.824400,-254.000000,12.423375,4.713531
58.310774,-81.824400,-254.000000,12.242633,4.664081
58.830774,-81.824400,-254.000000,12.202592,4.715916
59.350774,-81.824400,-254.000000,12.294317,4.718817
59.870774,-81.824400,-254.000000,12.314876,4.761047
60.390774,-81.824400,-254.000000,12.370421,4.696653
60.910774,-81.824400,-254.000000,12.309766,4.743488
61.430774,-81.824400,-254.000000,12.327743,4.730729
61.950774,-81.824400,-254.000000,12.567981,4.747956
62.470774,-81.824400,-254.000000,12.557738,4.739353
62.990774,-81.824400,-254.000000,12.301734,4.669536
63.510774,-81.824400,-254.000000,12.441805,4.727981
64.030774,-81.824400,-254.000000,12.325603,4.756953
64.550774,-81.824400,-254.000000,12.225975,4.709046
65.070774,-81.824400,-254.000000,12.115569,4.680712
65.590774,-81.824400,-254.000000,12.061215,4.653066
66.110774,-81.824400,-254.000000,12.695591,4.776173
66.630774,-81.824400,-254.000000,12.497149,4.735007
67.150774,-81.824400,-254.000000,12.195110,4.690118
67.670774,-81.824400,-254.000000,12.463594,4.717798
68.190774,-81.824400,-254.000000,12.332038,4.678670
68.710774,-81.824400,-254.000000,12.574981,4.688992
69.230774,-81.824400,-254.000000,12.108505,4.687623
69.750774,-81.824400,-254.000000,12.332966,4.644466
70.270774,-81.824400,-254.000000,12.246456,4.679736
70.790774,-81.824400,-254.000000,12.345051,4.624146
71.310774,-81.824400,-254.000000,12.336795,4.662512
71.830774,-81.824400,-254.000000,12.407799,4.679695
72.350774,-81.824400,-254.000000,12.246961,4.664534
72.870774,-81.824400,-254.000000,12.285274,4.655441
73.390774,-81.824400,-254.000000,12.304338,4.708051
73.910774,-81.824400,-254.000000,12.359537,4.639508
74.430774,-81.824400,-254.000000,12.429647,4.722383
74.950774,-81.824400,-254.000000,12.370961,4.697763
75.470774,-81.824400,-254.000000,12.373912,4.721203
75.990774,-81.824400,-254.000000,12.543128,4.639360
13.070774,-81.304400,-254.000000,12.258494,4.494417
13.070774,-82.344400,-253.000000,12.231826,4.411855
13.590774,-82.344400,-253.000000,12.456596,4.478228
14.110774,-82.344400,-253.000000,12.415312,4.545850
14.630774,-82.344400,-253.000000,12.367625,4.569242
15.150774,-82.344400,-253.000000,12.182345,4.539497
15.670774,-82.344400,-253.000000,12.307676,4.544289
16.190774,-82.344400,-253.000000,12.362841,4.602327
16.710774,-82.344400,-253.000000,12.202501,4.529781
17.230774,-82.344400,-253.000000,12.491184,4.641026
17.750774,-82.344400,-253.000000,12.326171,4.625719
18.270774,-82.344400,-253.000000,12.420827,4.627200
18.790774,-82.344400,-253.000000,12.617024,4.648385
19.310774,-82.344400,-253.000000,12.440767,4.621210
19.830774,-82.344400,-253.000000,12.497999,4.672466
20.350774,-82.344400,-253.000000,12.356414,4.599469
20.870774,-82.344400,-253.000000,12.527594,4.654898
21.390774,-82.344400,-253.000000,12.518793,4.662009
21.910774,-82.344400,-253.000000,12.133101,4.559097
22.430774,-82.344400,-253.000000,12.475638,4.710956
22.950774,-82.344400,-253.000000,12.542324,4.662534
23.470774,-82.344400,-253.000000,12.312716,4.637631
23.990774,-82.344400,-253.000000,12.306120,4.716833
24.510774,-82.344400,-253.000000,12.103204,4.569339
25.030774,-82.344400,-253.000000,12.360907,4.668834
25.550774,-82.344400,-253.000000,12.553401,4.688950
26.070774,-82.344400,-253.000000,12.411196,4.662067
26.590774,-82.344400,-253.000000,12.561791,4.688708
27.110774,-82.344400,-253.000000,12.196552,4.678823
27.630774,-82.344400,-253.000000,12.305232,4.672728
28.150774,-82.344400,-253.000000,12.371118,4.666589
28.670774,-82.344400,-253.000000,12.238039,4.641895
29.190774,-82.344400,-253.000000,12.500106,4.701087
29.710774,-82.344400,-253.000000,12.108358,4.659577
30.230774,-82.344400,-253.000000,12.251521,4.665415
30.750774,-82.344400,-253.000000,12.520662,4.756779
31.270774,-82.344400,-253.000000,12.343556,4.693879
31.790774,-82.344400,-253.000000,12.538580,4.698987
32.310774,-82.344400,-253.000000,12.360521,4.692141
32.830774,-82.344400,-253.000000,12.492858,4.677387
33.350774,-82.344400,-253.000000,12.084267,4.679792
33.870774,-82.344400,-253.000000,12.540484,4.707261
34.390774,-82.344400,-253.000000,12.211802,4.668728
34.910774,-82.344400,-253.000000,12.281955,4.638151
35.430774,-82.344400,-253.000000,12.496085,4.731385
35.950774,-82.344400,-253.000000,12.471787,4.716313
36.470774,-82.344400,-253.000000,12.262507,4.610356
36.990774,-82.344400,-253.000000,12.300987,4.655047
37.510774,-82.344400,-253.000000,12.519480,4.670914
38.030774,-82.344400,-253.000000,12.612367,4.742916
38.550774,-82.344400,-253.000000,12.408266,4.745979
39.070774,-82.344400,-253.000000,12.154287,4.712522
39.590774,-82.344400,-253.000000,12.211070,4.692625
40.110774,-82.344400,-253.000000,12.618676,4.775280
40.630774,-82.344400,-253.000000,12.318772,4.767998
41.150774,-82.344400,-253.000000,12.387061,4.745685
41.670774,-82.344400,-253.000000,12.343721,4.682461
42.190774,-82.344400,-253.000000,12.476130,4.722468
42.710774,-82.344400,-253.000000,12.442408,4.709716
43.230774,-82.344400,-253.000000,12.592731,4.733729
43.750774,-82.344400,-253.000000,12.380363,4.687804
44.270774,-82.344400,-253.000000,12.344049,4.735412
44.790774,-82.344400,-253.000000,12.416574,4.720498
45.310774,-82.344400,-253.000000,12.513567,4.697121
45.830774,-82.344400,-253.000000,12.084989,4.671833
46.350774,-82.344400,-253.000000,12.558475,4.712398
46.870774,-82.344400,-253.000000,12.342405,4.710231
47.390774,-82.344400,-253.000000,12.301368,4.752654
47.910774,-82.344400,-253.000000,12.554294,4.760838
48.430774,-82.344400,-253.000000,12.475389,4.724039
48.950774,-82.344400,-253.000000,12.541798,4.713231
49.470774,-82.344400,-253.000000,12.510383,4.730316
49.990774,-82.344400,-253.000000,12.326604,4.631367
50.510774,-82.344400,-253.000000,12.415587,4.678498
51.030774,-82.344400,-253.000000,12.316628,4.704597
51.550774,-82.344400,-253.000000,12.252621,4.668310
52.070774,-82.344400,-253.000000,12.332193,4.701151
52.590774,-82.344400,-253.000000,12.243257,4.687352
53.110774,-82.344400,-253.000000,12.103305,4.617770
53.630774,-82.344400,-253.000000,12.312411,4.672460
54.150774,-82.344400,-253.000000,12.474655,4.716007
54.670774,-82.344400,-253.000000,12.538263,4.776724
55.190774,-82.344400,-253.000000,12.318907,4.737705
55.710774,-82.344400,-253.000000,12.342240,4.752200
56.230774,-82.344400,-253.000000,12.544131,4.726356
56.750774,-82.344400,-253.000000,12.421021,4.742293
57.270774,-82.344400,-253.000000,12.312585,4.703876
57.790774,-82.344400,-253.000000,12.438684,4.701400
58.310774,-82.344400,-253.000000,12.426615,4.730717
58.830774,-82.344400,-253.000000,12.231929,4.683745
59.350774,-82.344400,-253.000000,12.433461,4.698100
59.870774,-82.344400,-253.000000,12.369473,4.737693
60.390774,-82.344400,-253.000000,12.409818,4.689352
60.910774,-82.344400,-253.000000,12.424882,4.757440
61.430774,-82.344400,-253.000000,12.205527,4.691119
61.950774,-82.344400,-253.000000,12.326974,4.723514
62.470774,-82.344400,-253.000000,12.340961,4.681381
62.990774,-82.344400,-253.000000,12.369793,4.663982
63.510774,-82.344400,-253.000000,12.419577,4.711283
64.030774,-82.344400,-253.000000,12.332721,4.693130
64.550774,-82.344400,-253.000000,12.329914,4.693860
65.070774,-82.344400,-253.000000,12.551054,4.711362
65.590774,-82.344400,-253.000000,12.340739,4.699321
66.110774,-82.344400,-253.000000,12.406981,4.710478
66.630774,-82.344400,-253.000000,12.305457,4.658777
67.150774,-82.344400,-253.000000,12.400699,4.671324
67.670774,-82.344400,-253.000000,12.268546,4.698408
68.190774,-82.344400,-253.000000,12.297571,4.697141
68.710774,-82.344400,-253.000000,12.487347,4.659852
69.230774,-82.344400,-253.000000,12.181164,4.651025
69.750774,-82.344400,-253.000000,12.419158,4.743891
70.270774,-82.344400,-253.000000,12.461535,4.652922
70.790774,-82.344400,-253.000000,12.496766,4.680168
71.310774,-82.344400,-253.000000,12.267251,4.675121
71.830774,-82.344400,-253.000000,12.450500,4.646214
72.350774,-82.344400,-253.000000,12.289502,4.701548
72.870774,-82.344400,-253.000000,12.226211,4.674470
73.390774,-82.344400,-253.000000,12.326117,4.698944
73.910774,-82.344400,-253.000000,12.269091,4.675876
74.430774,-82.344400,-253.000000,12.358752,4.686551
74.950774,-82.344400,-253.000000,12.432843,4.731791
75.470774,-82.344400,-253.000000,12.138509,4.653792
75.990774,-82.344400,-253.000000,12.449089,4.655615
13.070774,-81.824400,-253.000000,12.232167,4.433990
13.590774,-81.824400,-253.000000,12.482138,4.465968
14.110774,-81.824400,-253.000000,12.388534,4.545480
14.630774,-81.824400,-253.000000,12.388125,4.560805
15.150774,-81.824400,-253.000000,12.199443,4.567118
15.670774,-81.824400,-253.000000,12.264570,4.548124
16.190774,-81.824400,-253.000000,12.383365,4.622200
16.710774,-81.824400,-253.000000,12.265118,4.542624
17.230774,-81.824400,-253.000000,12.394773,4.621022
17.750774,-81.824400,-253.000000,12.378762,4.626779
18.270774,-81.824400,-253.000000,12.378013,4.621316
18.790774,-81.824400,-253.000000,12.602774,4.639995
19.310774,-81.824400,-253.000000,12.394881,4.620331
19.830774,-81.824400,-253.000000,12.462150,4.670416
20.350774,-81.824400,-253.000000,12.329878,4.599507
20.870774,-81.824400,-253.000000,12.522746,4.636578
21.390774,-81.824400,-253.000000,12.503051,4.679813
21.910774,-81.824400,-253.000000,12.152285,4.568441
22.430774,-81.824400,-253.000000,12.493568,4.719332
22.950774,-81.824400,-253.000000,12.462032,4.659070
23.470774,-81.824400,-253.000000,12.309573,4.647575
23.990774,-81.824400,-253.000000,12.316080,4.722589
24.510774,-81.824400,-253.000000,12.041590,4.574414
25.030774,-81.824400,-253.000000,12.254887,4.661980
25.550774,-81.824400,-253.000000,12.484550,4.707320
26.070774,-81.824400,-253.000000,12.452013,4.653336
26.590774,-81.824400,-253.000000,12.559935,4.689843
27.110774,-81.824400,-253.000000,12.149996,4.686888
27.630774,-81.824400,-253.000000,12.307884,4.698106
28.150774,-81.824400,-253.000000,12.261364,4.668978
28.670774,-81.824400,-253.000000,12.301457,4.655560
29.190774,-81.824400,-253.000000,12.502641,4.716125
29.710774,-81.824400,-253.000000,12.070224,4.663609
30.230774,-81.824400,-253.000000,12.283387,4.682839
30.750774,-81.824400,-253.000000,12.489331,4.750390
31.270774,-81.824400,-253.000000,12.300293,4.679396
31.790774,-81.824400,-253.000000,12.595590,4.727101
32.310774,-81.824400,-253.000000,12.307324,4.694429
32.830774,-81.824400,-253.000000,12.418579,4.680995
33.350774,-81.824400,-253.000000,12.161769,4.675722
33.870774,-81.824400,-253.000000,12.506138,4.697291
34.390774,-81.824400,-253.000000,12.161049,4.674509
34.910774,-81.824400,-253.000000,12.249438,4.639940
35.430774,-81.824400,-253.000000,12.465836,4.723923
35.950774,-81.824400,-253.000000,12.436954,4.733602
36.470774,-81.824400,-253.000000,12.172982,4.626422
36.990774,-81.824400,-253.000000,12.347070,4.659668
37.510774,-81.824400,-253.000000,12.537152,4.662766
38.030774,-81.824400,-253.000000,12.585139,4.722819
38.550774,-81.824400,-253.000000,12.330665,4.732808
39.070774,-81.824400,-253.000000,12.197795,4.733387
39.590774,-81.824400,-253.000000,12.140479,4.683951
40.110774,-81.824400,-253.000000,12.617087,4.789664
40.630774,-81.824400,-253.000000,12.304066,4.774014
41.150774,-81.824400,-253.000000,12.402069,4.747222
41.670774,-81.824400,-253.000000,12.393525,4.667331
42.190774,-81.824400,-253.000000,12.435671,4.741858
42.710774,-81.824400,-253.000000,12.426932,4.714276
43.230774,-81.824400,-253.000000,12.551456,4.738293
43.750774,-81.824400,-253.000000,12.345345,4.701974
44.270774,-81.824400,-253.000000,12.353518,4.746168
44.790774,-81.824400,-253.000000,12.382208,4.728669
45.310774,-81.824400,-253.000000,12.474855,4.687539
45.830774,-81.824400,-253.000000,12.011280,4.676022
46.350774,-81.824400,-253.000000,12.516001,4.717523
46.870774,-81.824400,-253.000000,12.339175,4.703572
47.390774,-81.824400,-253.000000,12.280646,4.767941
47.910774,-81.824400,-253.000000,12.527267,4.752753
48.430774,-81.824400,-253.000000,12.463524,4.730777
48.950774,-81.824400,-253.000000,12.515695,4.710577
49.470774,-81.824400,-253.000000,12.434102,4.728638
49.990774,-81.824400,-253.000000,12.357154,4.640938
50.510774,-81.824400,-253.000000,12.453614,4.679121
51.030774,-81.824400,-253.000000,12.297946,4.696291
51.550774,-81.824400,-253.000000,12.238406,4.687434
52.070774,-81.824400,-253.000000,12.304995,4.715035
52.590774,-81.824400,-253.000000,12.243553,4.688500
53.110774,-81.824400,-253.000000,12.115699,4.615244
53.630774,-81.824400,-253.000000,12.341250,4.677808
54.150774,-81.824400,-253.000000,12.449025,4.719783
54.670774,-81.824400,-253.000000,12.474463,4.769055
55.190774,-81.824400,-253.000000,12.319336,4.751365
55.710774,-81.824400,-253.000000,12.308867,4.755751
56.230774,-81.824400,-253.000000,12.513967,4.732000
56.750774,-81.824400,-253.000000,12.457778,4.749825
57.270774,-81.824400,-253.000000,12.262589,4.705927
57.790774,-81.824400,-253.000000,12.433866,4.707290
58.310774,-81.824400,-253.000000,12.344907,4.741447
58.830774,-81.824400,-253.000000,12.208506,4.681737
59.350774,-81.824400,-253.000000,12.459014,4.711376
59.870774,-81.824400,-253.000000,12.377047,4.748033
60.390774,-81.824400,-253.000000,12.430042,4.701399
60.910774,-81.824400,-253.000000,12.328357,4.748541
61.430774,-81.824400,-253.000000,12.193756,4.699111
61.950774,-81.824400,-253.000000,12.259599,4.731408
62.470774,-81.824400,-253.000000,12.412577,4.687738
62.990774,-81.824400,-253.000000,12.306621,4.658593
63.510774,-81.824400,-253.000000,12.428459,4.731534
64.030774,-81.824400,-253.000000,12.337329,4.684808
64.550774,-81.824400,-253.000000,12.364300,4.715624
65.070774,-81.824400,-253.000000,12.533280,4.707197
65.590774,-81.824400,-253.000000,12.377261,4.692966
66.110774,-81.824400,-253.000000,12.394689,4.730921
66.630774,-81.824400,-253.000000,12.329229,4.640084
67.150774,-81.824400,-253.000000,12.304953,4.668532
67.670774,-81.824400,-253.000000,12.309634,4.711197
68.190774,-81.824400,-253.000000,12.284628,4.666747
68.710774,-81.824400,-253.000000,12.427836,4.671622
69.230774,-81.824400,-253.000000,12.248424,4.683453
69.750774,-81.824400,-253.000000,12.406252,4.759013
70.270774,-81.824400,-253.000000,12.429279,4.641568
70.790774,-81.824400,-253.000000,12.484103,4.675028
71.310774,-81.824400,-253.000000,12.191528,4.673348
71.830774,-81.824400,-253.000000,12.409195,4.646168
72.350774,-81.824400,-253.000000,12.289511,4.704458
72.870774,-81.824400,-253.000000,12.238326,4.674129
73.390774,-81.824400,-253.000000,12.328833,4.690443
73.910774,-81.824400,-253.000000,12.229254,4.682996
74.430774,-81.824400,-253.000000,12.365335,4.697956
74.950774,-81.824400,-253.000000,12.446702,4.739991
75.470774,-81.824400,-253.000000,12.164207,4.656888
75.990774,-81.824400,-253.000000,12.319305,4.664101
13.070774,-81.304400,-253.000000,12.230643,4.444616
75.990774,-81.304400,-253.000000,12.256549,4.658883
13.070774,-82.344400,-252.000000,12.379785,4.490493
13.590774,-82.344400,-252.000000,12.418716,4.523958
14.110774,-82.344400,-252.000000,12.262324,4.484345
14.630774,-82.344400,-252.000000,12.564654,4.567108
15.150774,-82.344400,-252.000000,12.504701,4.570072
15.670774,-82.344400,-252.000000,12.310076,4.529723
16.190774,-82.344400,-252.000000,12.477675,4.691507
16.710774,-82.344400,-252.000000,12.260036,4.584146
17.230774,-82.344400,-252.000000,12.369936,4.693678
17.750774,-82.344400,-252.000000,12.155666,4.551060
18.270774,-82.344400,-252.000000,12.655292,4.671668
18.790774,-82.344400,-252.000000,12.655785,4.643088
19.310774,-82.344400,-252.000000,12.359216,4.639274
19.830774,-82.344400,-252.000000,12.359115,4.637501
20.350774,-82.344400,-252.000000,12.379310,4.656543
20.870774,-82.344400,-252.000000,12.426096,4.623433
21.390774,-82.344400,-252.000000,12.243365,4.663853
21.910774,-82.344400,-252.000000,12.306003,4.678317
22.430774,-82.344400,-252.000000,12.472714,4.650683
22.950774,-82.344400,-252.000000,12.115142,4.644445
23.470774,-82.344400,-252.000000,12.361094,4.629061
23.990774,-82.344400,-252.000000,12.365353,4.717230
24.510774,-82.344400,-252.000000,12.530033,4.721620
25.030774,-82.344400,-252.000000,12.103209,4.603474
25.550774,-82.344400,-252.000000,12.428975,4.666057
26.070774,-82.344400,-252.000000,12.436703,4.654999
26.590774,-82.344400,-252.000000,12.364657,4.668818
27.110774,-82.344400,-252.000000,12.478751,4.684671
27.630774,-82.344400,-252.000000,12.321496,4.686415
28.150774,-82.344400,-252.000000,12.249655,4.604857
28.670774,-82.344400,-252.000000,12.281165,4.624660
29.190774,-82.344400,-252.000000,12.357740,4.650399
29.710774,-82.344400,-252.000000,12.387801,4.697722
30.230774,-82.344400,-252.000000,12.519341,4.662208
30.750774,-82.344400,-252.000000,12.499840,4.694707
31.270774,-82.344400,-252.000000,12.535060,4.712668
31.790774,-82.344400,-252.000000,12.375129,4.671774
32.310774,-82.344400,-252.000000,12.219524,4.669409
32.830774,-82.344400,-252.000000,12.389033,4.684616
33.350774,-82.344400,-252.000000,12.216133,4.660391
33.870774,-82.344400,-252.000000,12.290614,4.664498
34.390774,-82.344400,-252.000000,12.321887,4.665763
34.910774,-82.344400,-252.000000,12.615050,4.730843
35.430774,-82.344400,-252.000000,12.284457,4.657097
35.950774,-82.344400,-252.000000,12.354239,4.675517
36.470774,-82.344400,-252.000000,12.371630,4.663501
36.990774,-82.344400,-252.000000,12.064037,4.648596
37.510774,-82.344400,-252.000000,12.488149,4.680846
38.030774,-82.344400,-252.000000,12.418025,4.678754
38.550774,-82.344400,-252.000000,12.300728,4.772222
39.070774,-82.344400,-252.000000,12.189278,4.651037
39.590774,-82.344400,-252.000000,12.503448,4.693519
40.110774,-82.344400,-252.000000,12.536723,4.673962
40.630774,-82.344400,-252.000000,12.341829,4.730434
41.150774,-82.344400,-252.000000,12.319328,4.718509
41.670774,-82.344400,-252.000000,12.330214,4.724160
42.190774,-82.344400,-252.000000,12.331046,4.680392
42.710774,-82.344400,-252.000000,12.462700,4.732587
43.230774,-82.344400,-252.000000,12.483815,4.744805
43.750774,-82.344400,-252.000000,12.381451,4.688710
44.270774,-82.344400,-252.000000,12.223345,4.707222
44.790774,-82.344400,-252.000000,12.389918,4.659811
45.310774,-82.344400,-252.000000,12.288718,4.651413
45.830774,-82.344400,-252.000000,12.183856,4.667551
46.350774,-82.344400,-252.000000,12.060302,4.692670
46.870774,-82.344400,-252.000000,12.283713,4.731890
47.390774,-82.344400,-252.000000,12.272844,4.683314
47.910774,-82.344400,-252.000000,12.122272,4.688485
48.430774,-82.344400,-252.000000,12.429314,4.676011
48.950774,-82.344400,-252.000000,12.597152,4.723140
49.470774,-82.344400,-252.000000,12.262294,4.666045
49.990774,-82.344400,-252.000000,12.276931,4.703406
50.510774,-82.344400,-252.000000,12.386387,4.765076
51.030774,-82.344400,-252.000000,12.363561,4.717059
51.550774,-82.344400,-252.000000,12.333478,4.718368
52.070774,-82.344400,-252.000000,12.306952,4.707301
52.590774,-82.344400,-252.000000,12.135945,4.637909
53.110774,-82.344400,-252.000000,12.365836,4.746406
53.630774,-82.344400,-252.000000,12.513070,4.729050
54.150774,-82.344400,-252.000000,12.211480,4.653689
54.670774,-82.344400,-252.000000,12.570396,4.713353
55.190774,-82.344400,-252.000000,12.213630,4.670569
55.710774,-82.344400,-252.000000,12.432098,4.712355
56.230774,-82.344400,-252.000000,12.372617,4.679508
56.750774,-82.344400,-252.000000,12.210971,4.680750
57.270774,-82.344400,-252.000000,12.625887,4.695694
57.790774,-82.344400,-252.000000,12.648259,4.702385
58.310774,-82.344400,-252.000000,12.364095,4.736882
58.830774,-82.344400,-252.000000,12.303569,4.673934
59.350774,-82.344400,-252.000000,12.162849,4.680576
59.870774,-82.344400,-252.000000,12.322137,4.693732
60.390774,-82.344400,-252.000000,12.360805,4.721779
60.910774,-82.344400,-252.000000,12.468848,4.683701
61.430774,-82.344400,-252.000000,12.284042,4.734046
61.950774,-82.344400,-252.000000,12.402247,4.702525
62.470774,-82.344400,-252.000000,12.364974,4.751559
62.990774,-82.344400,-252.000000,12.282393,4.678535
63.510774,-82.344400,-252.000000,12.552041,4.738918
64.030774,-82.344400,-252.000000,12.638177,4.710318
64.550774,-82.344400,-252.000000,12.595956,4.771372
65.070774,-82.344400,-252.000000,12.436962,4.729331
65.590774,-82.344400,-252.000000,12.252005,4.659797
66.110774,-82.344400,-252.000000,12.296375,4.715993
66.630774,-82.344400,-252.000000,12.094509,4.636602
67.150774,-82.344400,-252.000000,12.478147,4.668788
67.670774,-82.344400,-252.000000,12.354577,4.677132
68.190774,-82.344400,-252.000000,12.321184,4.669553
68.710774,-82.344400,-252.000000,12.489196,4.703888
69.230774,-82.344400,-252.000000,12.400798,4.742412
69.750774,-82.344400,-252.000000,12.045947,4.622141
70.270774,-82.344400,-252.000000,12.250983,4.636447
70.790774,-82.344400,-252.000000,12.488079,4.710840
71.310774,-82.344400,-252.000000,12.185117,4.617907
71.830774,-82.344400,-252.000000,12.641177,4.694557
72.350774,-82.344400,-252.000000,12.400402,4.697468
72.870774,-82.344400,-252.000000,12.198432,4.685091
73.390774,-82.344400,-252.000000,12.525320,4.705334
73.910774,-82.344400,-252.000000,12.547338,4.690515
74.430774,-82.344400,-252.000000,12.452147,4.696867
74.950774,-82.344400,-252.000000,12.467620,4.691009
75.470774,-82.344400,-252.000000,12.329805,4.662513
75.990774,-82.344400,-252.000000,12.342254,4.665274
13.070774,-81.824400,-252.000000,12.310581,4.488627
13.590774,-81.824400,-252.000000,12.388409,4.529533
14.110774,-81.824400,-252.000000,12.297205,4.505570
14.630774,-81.824400,-252.000000,12.512266,4.566140
15.150774,-81.824400,-252.000000,12.475983,4.574249
15.670774,-81.824400,-252.000000,12.297581,4.542480
16.190774,-81.824400,-252.000000,12.390882,4.682067
16.710774,-81.824400,-252.000000,12.314651,4.590764
17.230774,-81.824400,-252.000000,12.378766,4.695195
17.750774,-81.824400,-252.000000,12.138530,4.548602
18.270774,-81.824400,-252.000000,12.677138,4.670444
18.790774,-81.824400,-252.000000,12.630534,4.663160
19.310774,-81.824400,-252.000000,12.301612,4.645399
19.830774,-81.824400,-252.000000,12.350495,4.633446
20.350774,-81.824400,-252.000000,12.327699,4.667171
20.870774,-81.824400,-252.000000,12.422816,4.634861
21.390774,-81.824400,-252.000000,12.216953,4.655839
21.910774,-81.824400,-252.000000,12.326111,4.688156
22.430774,-81.824400,-252.000000,12.408946,4.663431
22.950774,-81.824400,-252.000000,12.051162,4.656590
23.470774,-81.824400,-252.000000,12.433534,4.645620
23.990774,-81.824400,-252.000000,12.325184,4.701132
24.510774,-81.824400,-252.000000,12.555015,4.727634
25.030774,-81.824400,-252.000000,12.092269,4.613964
25.550774,-81.824400,-252.000000,12.398396,4.669628
26.070774,-81.824400,-252.000000,12.311904,4.639789
26.590774,-81.824400,-252.000000,12.404054,4.669885
27.110774,-81.824400,-252.000000,12.405130,4.695224
27.630774,-81.824400,-252.000000,12.340774,4.682621
28.150774,-81.824400,-252.000000,12.314300,4.614948
28.670774,-81.824400,-252.000000,12.255949,4.649443
29.190774,-81.824400,-252.000000,12.292850,4.650753
29.710774,-81.824400,-252.000000,12.405005,4.696595
30.230774,-81.824400,-252.000000,12.431468,4.641685
30.750774,-81.824400,-252.000000,12.482391,4.693670
31.270774,-81.824400,-252.000000,12.483507,4.715193
31.790774,-81.824400,-252.000000,12.344241,4.680623
32.310774,-81.824400,-252.000000,12.334493,4.698740
32.830774,-81.824400,-252.000000,12.302360,4.691798
33.350774,-81.824400,-252.000000,12.302680,4.674140
33.870774,-81.824400,-252.000000,12.249269,4.686137
34.390774,-81.824400,-252.000000,12.252194,4.670003
34.910774,-81.824400,-252.000000,12.626182,4.739053
35.430774,-81.824400,-252.000000,12.278748,4.666744
35.950774,-81.824400,-252.000000,12.307018,4.689596
36.470774,-81.824400,-252.000000,12.449347,4.663304
36.990774,-81.824400,-252.000000,12.055339,4.661948
37.510774,-81.824400,-252.000000,12.492537,4.688228
38.030774,-81.824400,-252.000000,12.466498,4.712039
38.550774,-81.824400,-252.000000,12.311061,4.780708
39.070774,-81.824400,-252.000000,12.220866,4.647797
39.590774,-81.824400,-252.000000,12.499107,4.707241
40.110774,-81.824400,-252.000000,12.474995,4.699337
40.630774,-81.824400,-252.000000,12.345564,4.714498
41.150774,-81.824400,-252.000000,12.259616,4.733577
41.670774,-81.824400,-252.000000,12.294580,4.723201
42.190774,-81.824400,-252.000000,12.404207,4.676211
42.710774,-81.824400,-252.000000,12.403602,4.740655
43.230774,-81.824400,-252.000000,12.513526,4.746740
43.750774,-81.824400,-252.000000,12.356778,4.692715
44.270774,-81.824400,-252.000000,12.218190,4.722204
44.790774,-81.824400,-252.000000,12.379329,4.661774
45.310774,-81.824400,-252.000000,12.324151,4.652469
45.830774,-81.824400,-252.000000,12.204604,4.704464
46.350774,-81.824400,-252.000000,12.025496,4.690736
46.870774,-81.824400,-252.000000,12.227538,4.731730
47.390774,-81.824400,-252.000000,12.294580,4.701271
47.910774,-81.824400,-252.000000,12.084037,4.685346
48.430774,-81.824400,-252.000000,12.442008,4.689607
48.950774,-81.824400,-252.000000,12.491873,4.713649
49.470774,-81.824400,-252.000000,12.265720,4.665862
49.990774,-81.824400,-252.000000,12.298825,4.693656
50.510774,-81.824400,-252.000000,12.321515,4.777161
51.030774,-81.824400,-252.000000,12.349003,4.725407
51.550774,-81.824400,-252.000000,12.330608,4.734631
52.070774,-81.824400,-252.000000,12.331601,4.700634
52.590774,-81.824400,-252.000000,12.089326,4.646769
53.110774,-81.824400,-252.000000,12.232161,4.743338
53.630774,-81.824400,-252.000000,12.527242,4.742168
54.150774,-81.824400,-252.000000,12.252248,4.664210
54.670774,-81.824400,-252.000000,12.542172,4.708585
55.190774,-81.824400,-252.000000,12.188021,4.673877
55.710774,-81.824400,-252.000000,12.463141,4.721505
56.230774,-81.824400,-252.000000,12.329097,4.668923
56.750774,-81.824400,-252.000000,12.218801,4.693672
57.270774,-81.824400,-252.000000,12.638293,4.688719
57.790774,-81.824400,-252.000000,12.670429,4.714467
58.310774,-81.824400,-252.000000,12.366498,4.733703
58.830774,-81.824400,-252.000000,12.283891,4.682289
59.350774,-81.824400,-252.000000,12.089293,4.686549
59.870774,-81.824400,-252.000000,12.399695,4.705562
60.390774,-81.824400,-252.000000,12.296102,4.714326
60.910774,-81.824400,-252.000000,12.499387,4.692247
61.430774,-81.824400,-252.000000,12.211235,4.720316
61.950774,-81.824400,-252.000000,12.387485,4.714626
62.470774,-81.824400,-252.000000,12.355631,4.757367
62.990774,-81.824400,-252.000000,12.341599,4.694529
63.510774,-81.824400,-252.000000,12.542212,4.743841
64.030774,-81.824400,-252.000000,12.548918,4.718297
64.550774,-81.824400,-252.000000,12.643115,4.790290
65.070774,-81.824400,-252.000000,12.496104,4.733940
65.590774,-81.824400,-252.000000,12.198216,4.668491
66.110774,-81.824400,-252.000000,12.213120,4.707202
66.630774,-81.824400,-252.000000,12.145488,4.646688
67.150774,-81.824400,-252.000000,12.452186,4.673568
67.670774,-81.824400,-252.000000,12.311955,4.671522
68.190774,-81.824400,-252.000000,12.298905,4.666587
68.710774,-81.824400,-252.000000,12.513303,4.722060
69.230774,-81.824400,-252.000000,12.382358,4.730168
69.750774,-81.824400,-252.000000,11.982321,4.619853
70.270774,-81.824400,-252.000000,12.212369,4.624503
70.790774,-81.824400,-252.000000,12.451533,4.698020
71.310774,-81.824400,-252.000000,12.298827,4.635808
71.830774,-81.824400,-252.000000,12.554534,4.716444
72.350774,-81.824400,-252.000000,12.436866,4.692485
72.870774,-81.824400,-252.000000,12.206301,4.691468
73.390774,-81.824400,-252.000000,12.468572,4.686546
73.910774,-81.824400,-252.000000,12.439313,4.665222
74.430774,-81.824400,-252.000000,12.408036,4.696741
74.950774,-81.824400,-252.000000,12.484866,4.712317
75.470774,-81.824400,-252.000000,12.222709,4.658928
75.990774,-81.824400,-252.000000,12.379130,4.662875
13.070774,-81.304400,-252.000000,12.243129,4.489891
75.990774,-81.304400,-252.000000,12.339808,4.663710
13.070774,-82.344400,-251.000000,12.335501,4.465906
13.590774,-82.344400,-251.000000,12.370158,4.517192
14.110774,-82.344400,-251.000000,12.338149,4.494175
14.630774,-82.344400,-251.000000,12.445532,4.594583
15.150774,-82.344400,-251.000000,12.255919,4.590264
15.670774,-82.344400,-251.000000,12.240126,4.511765
16.190774,-82.344400,-251.000000,12.134841,4.600544
16.710774,-82.344400,-251.000000,12.477854,4.621407
17.230774,-82.344400,-251.000000,12.391571,4.571891
17.750774,-82.344400,-251.000000,12.470225,4.637829
18.270774,-82.344400,-251.000000,12.280156,4.587496
18.790774,-82.344400,-251.000000,12.529234,4.670725
19.310774,-82.344400,-251.000000,12.462754,4.576025
19.830774,-82.344400,-251.000000,12.540870,4.640255
20.350774,-82.344400,-251.000000,12.480524,4.643898
20.870774,-82.344400,-251.000000,12.313293,4.669316
21.390774,-82.344400,-251.000000,12.246770,4.590395
21.910774,-82.344400,-251.000000,12.506770,4.655067
22.430774,-82.344400,-251.000000,12.358937,4.705534
22.950774,-82.344400,-251.000000,12.474669,4.617086
23.470774,-82.344400,-251.000000,12.438459,4.673794
23.990774,-82.344400,-251.000000,12.313129,4.673030
24.510774,-82.344400,-251.000000,12.390697,4.667294
25.030774,-82.344400,-251.000000,12.304224,4.634087
25.550774,-82.344400,-251.000000,12.374941,4.697056
26.070774,-82.344400,-251.000000,12.094325,4.666771
26.590774,-82.344400,-251.000000,12.446185,4.665671
27.110774,-82.344400,-251.000000,12.434057,4.706574
27.630774,-82.344400,-251.000000,12.237949,4.619014
28.150774,-82.344400,-251.000000,12.531953,4.691751
28.670774,-82.344400,-251.000000,12.336245,4.688542
29.190774,-82.344400,-251.000000,12.328773,4.696562
29.710774,-82.344400,-251.000000,12.537831,4.690119
30.230774,-82.344400,-251.000000,12.455939,4.673086
30.750774,-82.344400,-251.000000,12.228149,4.688018
31.270774,-82.344400,-251.000000,12.399634,4.707256
31.790774,-82.344400,-251.000000,12.291771,4.656445
32.310774,-82.344400,-251.000000,12.632885,4.706601
32.830774,-82.344400,-251.000000,12.471406,4.662281
33.350774,-82.344400,-251.000000,12.396644,4.675400
33.870774,-82.344400,-251.000000,12.168313,4.658075
34.390774,-82.344400,-251.000000,12.412215,4.676476
34.910774,-82.344400,-251.000000,12.367016,4.677004
35.430774,-82.344400,-251.000000,12.352027,4.680992
35.950774,-82.344400,-251.000000,12.232857,4.665904
36.470774,-82.344400,-251.000000,12.203937,4.655922
36.990774,-82.344400,-251.000000,12.274728,4.694133
37.510774,-82.344400,-251.000000,12.239710,4.684296
38.030774,-82.344400,-251.000000,12.125722,4.646194
38.550774,-82.344400,-251.000000,12.222404,4.646450
39.070774,-82.344400,-251.000000,12.274045,4.643066
39.590774,-82.344400,-251.000000,12.225940,4.671546
40.110774,-82.344400,-251.000000,12.297067,4.686948
40.630774,-82.344400,-251.000000,12.227038,4.691590
41.150774,-82.344400,-251.000000,12.411945,4.689341
41.670774,-82.344400,-251.000000,12.308875,4.657775
42.190774,-82.344400,-251.000000,12.160285,4.657411
42.710774,-82.344400,-251.000000,12.233733,4.706448
43.230774,-82.344400,-251.000000,12.401106,4.674620
43.750774,-82.344400,-251.000000,12.328830,4.744576
44.270774,-82.344400,-251.000000,12.385760,4.719539
44.790774,-82.344400,-251.000000,12.276600,4.706253
45.310774,-82.344400,-251.000000,12.477000,4.691569
45.830774,-82.344400,-251.000000,12.266276,4.684647
46.350774,-82.344400,-251.000000,12.282220,4.644736
46.870774,-82.344400,-251.000000,12.510764,4.675099
47.390774,-82.344400,-251.000000,12.371881,4.693099
47.910774,-82.344400,-251.000000,12.214213,4.691309
48.430774,-82.344400,-251.000000,12.249610,4.760398
48.950774,-82.344400,-251.000000,12.283989,4.710970
49.470774,-82.344400,-251.000000,12.606075,4.775611
49.990774,-82.344400,-251.000000,12.297292,4.677902
50.510774,-82.344400,-251.000000,12.329169,4.686722
51.030774,-82.344400,-251.000000,12.290176,4.731597
51.550774,-82.344400,-251.000000,12.122162,4.673873
52.070774,-82.344400,-251.000000,12.454917,4.725910
52.590774,-82.344400,-251.000000,12.328726,4.681518
53.110774,-82.344400,-251.000000,12.263667,4.677478
53.630774,-82.344400,-251.000000,12.274873,4.613959
54.150774,-82.344400,-251.000000,12.443153,4.714446
54.670774,-82.344400,-251.000000,12.232514,4.683823
55.190774,-82.344400,-251.000000,12.274371,4.684204
55.710774,-82.344400,-251.000000,12.380987,4.688056
56.230774,-82.344400,-251.000000,12.634929,4.721066
56.750774,-82.344400,-251.000000,12.547117,4.739144
57.270774,-82.344400,-251.000000,12.279491,4.732502
57.790774,-82.344400,-251.000000,12.275556,4.699240
58.310774,-82.344400,-251.000000,12.517145,4.714622
58.830774,-82.344400,-251.000000,12.537760,4.660578
59.350774,-82.344400,-251.000000,12.412163,4.680946
59.870774,-82.344400,-251.000000,12.548973,4.711431
60.390774,-82.344400,-251.000000,12.384098,4.737215
60.910774,-82.344400,-251.000000,12.611359,4.702972
61.430774,-82.344400,-251.000000,12.358524,4.698340
61.950774,-82.344400,-251.000000,12.544855,4.707915
62.470774,-82.344400,-251.000000,12.424654,4.709692
62.990774,-82.344400,-251.000000,12.451919,4.720544
63.510774,-82.344400,-251.000000,12.259013,4.636041
64.030774,-82.344400,-251.000000,12.560352,4.692078
64.550774,-82.344400,-251.000000,12.400208,4.711840
65.070774,-82.344400,-251.000000,12.539979,4.702155
65.590774,-82.344400,-251.000000,12.390437,4.681210
66.110774,-82.344400,-251.000000,12.315810,4.646978
66.630774,-82.344400,-251.000000,12.089928,4.656538
67.150774,-82.344400,-251.000000,12.508459,4.721947
67.670774,-82.344400,-251.000000,12.368253,4.705490
68.190774,-82.344400,-251.000000,12.567562,4.688096
68.710774,-82.344400,-251.000000,12.264711,4.630677
69.230774,-82.344400,-251.000000,12.116179,4.657597
69.750774,-82.344400,-251.000000,12.151869,4.651876
70.270774,-82.344400,-251.000000,12.485128,4.790648
70.790774,-82.344400,-251.000000,12.604812,4.681328
71.310774,-82.344400,-251.000000,12.397986,4.704774
71.830774,-82.344400,-251.000000,12.428168,4.720825
72.350774,-82.344400,-251.000000,12.482484,4.692405
72.870774,-82.344400,-251.000000,12.246060,4.678045
73.390774,-82.344400,-251.000000,12.571722,4.724807
73.910774,-82.344400,-251.000000,12.246162,4.657812
74.430774,-82.344400,-251.000000,12.164417,4.638010
74.950774,-82.344400,-251.000000,12.336660,4.622311
75.470774,-82.344400,-251.000000,12.417632,4.693707
13.070774,-81.824400,-251.000000,12.329420,4.477689
13.590774,-81.824400,-251.000000,12.420739,4.525838
14.110774,-81.824400,-251.000000,12.268088,4.495469
14.630774,-81.824400,-251.000000,12.410941,4.594397
15.150774,-81.824400,-251.000000,12.247069,4.581976
15.670774,-81.824400,-251.000000,12.236369,4.518629
16.190774,-81.824400,-251.000000,12.164662,4.587757
16.710774,-81.824400,-251.000000,12.450179,4.635798
17.230774,-81.824400,-251.000000,12.366096,4.555490
17.750774,-81.824400,-251.000000,12.491865,4.643405
18.270774,-81.824400,-251.000000,12.270434,4.581692
18.790774,-81.824400,-251.000000,12.546970,4.658749
19.310774,-81.824400,-251.000000,12.471692,4.585726
19.830774,-81.824400,-251.000000,12.496062,4.638164
20.350774,-81.824400,-251.000000,12.434115,4.640820
20.870774,-81.824400,-251.000000,12.342723,4.685784
21.390774,-81.824400,-251.000000,12.276358,4.617937
21.910774,-81.824400,-251.000000,12.467431,4.665662
22.430774,-81.824400,-251.000000,12.289092,4.682341
22.950774,-81.824400,-251.000000,12.484837,4.616274
23.470774,-81.824400,-251.000000,12.419534,4.659701
23.990774,-81.824400,-251.000000,12.321441,4.689656
24.510774,-81.824400,-251.000000,12.326359,4.673660
25.030774,-81.824400,-251.000000,12.314726,4.631068
25.550774,-81.824400,-251.000000,12.320609,4.707451
26.070774,-81.824400,-251.000000,12.175227,4.655903
26.590774,-81.824400,-251.000000,12.381788,4.691191
27.110774,-81.824400,-251.000000,12.452787,4.724264
27.630774,-81.824400,-251.000000,12.273434,4.614803
28.150774,-81.824400,-251.000000,12.449936,4.655285
28.670774,-81.824400,-251.000000,12.359515,4.693408
29.190774,-81.824400,-251.000000,12.349327,4.703022
29.710774,-81.824400,-251.000000,12.410419,4.685128
30.230774,-81.824400,-251.000000,12.522729,4.674492
30.750774,-81.824400,-251.000000,12.247025,4.698486
31.270774,-81.824400,-251.000000,12.368251,4.723648
31.790774,-81.824400,-251.000000,12.216851,4.662414
32.310774,-81.824400,-251.000000,12.602103,4.699837
32.830774,-81.824400,-251.000000,12.493983,4.672992
33.350774,-81.824400,-251.000000,12.399215,4.677697
33.870774,-81.824400,-251.000000,12.123470,4.664377
34.390774,-81.824400,-251.000000,12.406291,4.672106
34.910774,-81.824400,-251.000000,12.386322,4.702595
35.430774,-81.824400,-251.000000,12.433966,4.683893
35.950774,-81.824400,-251.000000,12.272019,4.674894
36.470774,-81.824400,-251.000000,12.189795,4.654260
36.990774,-81.824400,-251.000000,12.260042,4.694203
37.510774,-81.824400,-251.000000,12.254472,4.703799
38.030774,-81.824400,-251.000000,12.107078,4.638128
38.550774,-81.824400,-251.000000,12.200518,4.653533
39.070774,-81.824400,-251.000000,12.311252,4.650107
39.590774,-81.824400,-251.000000,12.197795,4.666554
40.110774,-81.824400,-251.000000,12.338920,4.712108
40.630774,-81.824400,-251.000000,12.244076,4.704921
41.150774,-81.824400,-251.000000,12.363306,4.683175
41.670774,-81.824400,-251.000000,12.374133,4.675362
42.190774,-81.824400,-251.000000,12.092628,4.672928
42.710774,-81.824400,-251.000000,12.330688,4.725432
43.230774,-81.824400,-251.000000,12.373001,4.670516
43.750774,-81.824400,-251.000000,12.343496,4.759562
44.270774,-81.824400,-251.000000,12.251193,4.713715
44.790774,-81.824400,-251.000000,12.279818,4.710418
45.310774,-81.824400,-251.000000,12.486732,4.706030
45.830774,-81.824400,-251.000000,12.259892,4.675517
46.350774,-81.824400,-251.000000,12.253577,4.655777
46.870774,-81.824400,-251.000000,12.433914,4.671123
47.390774,-81.824400,-251.000000,12.383152,4.694978
47.910774,-81.824400,-251.000000,12.320244,4.704248
48.430774,-81.824400,-251.000000,12.219780,4.748955
48.950774,-81.824400,-251.000000,12.251716,4.735149
49.470774,-81.824400,-251.000000,12.552475,4.753748
49.990774,-81.824400,-251.000000,12.258243,4.695426
50.510774,-81.824400,-251.000000,12.360425,4.676272
51.030774,-81.824400,-251.000000,12.301081,4.723287
51.550774,-81.824400,-251.000000,12.113803,4.693045
52.070774,-81.824400,-251.000000,12.448927,4.727373
52.590774,-81.824400,-251.000000,12.287305,4.683362
53.110774,-81.824400,-251.000000,12.225290,4.689990
53.630774,-81.824400,-251.000000,12.347413,4.650469
54.150774,-81.824400,-251.000000,12.306070,4.706887
54.670774,-81.824400,-251.000000,12.304160,4.692309
55.190774,-81.824400,-251.000000,12.278088,4.695029
55.710774,-81.824400,-251.000000,12.397861,4.701216
56.230774,-81.824400,-251.000000,12.554245,4.730787
56.750774,-81.824400,-251.000000,12.507692,4.767480
57.270774,-81.824400,-251.000000,12.317607,4.738886
57.790774,-81.824400,-251.000000,12.163822,4.685619
58.310774,-81.824400,-251.000000,12.520959,4.710193
58.830774,-81.824400,-251.000000,12.492855,4.684587
59.350774,-81.824400,-251.000000,12.480121,4.682976
59.870774,-81.824400,-251.000000,12.381884,4.685923
60.390774,-81.824400,-251.000000,12.455786,4.749934
60.910774,-81.824400,-251.000000,12.604114,4.716281
61.430774,-81.824400,-251.000000,12.305984,4.704661
61.950774,-81.824400,-251.000000,12.524871,4.700322
62.470774,-81.824400,-251.000000,12.384689,4.703580
62.990774,-81.824400,-251.000000,12.414605,4.709359
63.510774,-81.824400,-251.000000,12.157245,4.642335
64.030774,-81.824400,-251.000000,12.703802,4.709215
64.550774,-81.824400,-251.000000,12.278804,4.685054
65.070774,-81.824400,-251.000000,12.596339,4.720191
65.590774,-81.824400,-251.000000,12.448672,4.691778
66.110774,-81.824400,-251.000000,12.305522,4.642234
66.630774,-81.824400,-251.000000,12.008869,4.663952
67.150774,-81.824400,-251.000000,12.598679,4.740708
67.670774,-81.824400,-251.000000,12.397774,4.713036
68.190774,-81.824400,-251.000000,12.482223,4.667514
68.710774,-81.824400,-251.000000,12.260399,4.628518
69.230774,-81.824400,-251.000000,12.135452,4.662141
69.750774,-81.824400,-251.000000,12.186690,4.647841
70.270774,-81.824400,-251.000000,12.485132,4.789811
70.790774,-81.824400,-251.000000,12.571109,4.684851
71.310774,-81.824400,-251.000000,12.321006,4.687147
71.830774,-81.824400,-251.000000,12.370445,4.724185
72.350774,-81.824400,-251.000000,12.458808,4.714206
72.870774,-81.824400,-251.000000,12.203320,4.695215
73.390774,-81.824400,-251.000000,12.563746,4.731424
73.910774,-81.824400,-251.000000,12.199541,4.652088
74.430774,-81.824400,-251.000000,12.215509,4.648036
74.950774,-81.824400,-251.000000,12.333385,4.638223
75.470774,-81.824400,-251.000000,12.452662,4.698693
75.990774,-81.824400,-251.000000,12.208237,4.670225
74.430774,-81.304400,-251.000000,12.219378,4.671607
74.950774,-81.304400,-251.000000,12.270721,4.649405
75.470774,-81.304400,-251.000000,12.393252,4.707417
13.070774,-82.344400,-250.000000,12.298594,4.414750
13.590774,-82.344400,-250.000000,12.489177,4.475556
14.110774,-82.344400,-250.000000,12.423366,4.499311
14.630774,-82.344400,-250.000000,12.230361,4.515469
15.150774,-82.344400,-250.000000,12.317782,4.590547
15.670774,-82.344400,-250.000000,12.406774,4.606968
16.190774,-82.344400,-250.000000,12.656225,4.566354
16.710774,-82.344400,-250.000000,12.337802,4.520309
17.230774,-82.344400,-250.000000,12.530873,4.592013
17.750774,-82.344400,-250.000000,12.248939,4.587920
18.270774,-82.344400,-250.000000,12.497650,4.621274
18.790774,-82.344400,-250.000000,12.373870,4.638570
19.310774,-82.344400,-250.000000,12.187935,4.568252
19.830774,-82.344400,-250.000000,12.377594,4.681526
20.350774,-82.344400,-250.000000,12.266166,4.584692
20.870774,-82.344400,-250.000000,12.124613,4.624707
21.390774,-82.344400,-250.000000,12.290843,4.684096
21.910774,-82.344400,-250.000000,12.311893,4.639388
22.430774,-82.344400,-250.000000,12.296912,4.609943
22.950774,-82.344400,-250.000000,12.082747,4.600592
23.470774,-82.344400,-250.000000,12.069206,4.621379
23.990774,-82.344400,-250.000000,12.280108,4.664705
24.510774,-82.344400,-250.000000,12.274157,4.637546
25.030774,-82.344400,-250.000000,12.277865,4.619763
25.550774,-82.344400,-250.000000,12.442115,4.659676
26.070774,-82.344400,-250.000000,12.492481,4.682391
26.590774,-82.344400,-250.000000,12.376767,4.661165
27.110774,-82.344400,-250.000000,12.308360,4.703215
27.630774,-82.344400,-250.000000,12.378161,4.678796
28.150774,-82.344400,-250.000000,12.425950,4.683086
28.670774,-82.344400,-250.000000,12.591722,4.701515
29.190774,-82.344400,-250.000000,12.103959,4.676391
29.710774,-82.344400,-250.000000,12.271976,4.653174
30.230774,-82.344400,-250.000000,12.407062,4.659778
30.750774,-82.344400,-250.000000,12.481244,4.765905
31.270774,-82.344400,-250.000000,12.205631,4.661023
31.790774,-82.344400,-250.000000,12.415507,4.678970
32.310774,-82.344400,-250.000000,12.272216,4.697124
32.830774,-82.344400,-250.000000,12.202337,4.664354
33.350774,-82.344400,-250.000000,12.473283,4.704928
33.870774,-82.344400,-250.000000,12.202250,4.705470
34.390774,-82.344400,-250.000000,12.238612,4.685048
34.910774,-82.344400,-250.000000,12.428278,4.726711
35.430774,-82.344400,-250.000000,12.544006,4.746441
35.950774,-82.344400,-250.000000,12.189271,4.691633
36.470774,-82.344400,-250.000000,12.321705,4.659486
36.990774,-82.344400,-250.000000,12.350838,4.704926
37.510774,-82.344400,-250.000000,12.330302,4.706384
38.030774,-82.344400,-250.000000,12.235042,4.685904
38.550774,-82.344400,-250.000000,12.311286,4.671225
39.070774,-82.344400,-250.000000,12.420078,4.718831
39.590774,-82.344400,-250.000000,12.381735,4.707689
40.110774,-82.344400,-250.000000,12.501405,4.700760
40.630774,-82.344400,-250.000000,12.198144,4.652678
41.150774,-82.344400,-250.000000,12.416120,4.702534
41.670774,-82.344400,-250.000000,12.472950,4.674427
42.190774,-82.344400,-250.000000,12.372161,4.696746
42.710774,-82.344400,-250.000000,12.342031,4.700799
43.230774,-82.344400,-250.000000,12.332428,4.741182
43.750774,-82.344400,-250.000000,12.469740,4.689357
44.270774,-82.344400,-250.000000,12.349544,4.658083
44.790774,-82.344400,-250.000000,12.323583,4.702080
45.310774,-82.344400,-250.000000,12.005034,4.669855
45.830774,-82.344400,-250.000000,12.305756,4.666063
46.350774,-82.344400,-250.000000,12.310807,4.700186
46.870774,-82.344400,-250.000000,12.279454,4.731883
47.390774,-82.344400,-250.000000,12.296272,4.713478
47.910774,-82.344400,-250.000000,12.264667,4.671171
48.430774,-82.344400,-250.000000,12.391725,4.698195
48.950774,-82.344400,-250.000000,12.388157,4.684592
49.470774,-82.344400,-250.000000,12.436667,4.720801
49.990774,-82.344400,-250.000000,12.295198,4.720825
50.510774,-82.344400,-250.000000,12.356291,4.711807
51.030774,-82.344400,-250.000000,12.525262,4.710027
51.550774,-82.344400,-250.000000,12.570809,4.730748
52.070774,-82.344400,-250.000000,12.277059,4.701594
52.590774,-82.344400,-250.000000,12.388136,4.698282
53.110774,-82.344400,-250.000000,12.444169,4.692686
53.630774,-82.344400,-250.000000,12.122089,4.716965
54.150774,-82.344400,-250.000000,12.210093,4.664118
54.670774,-82.344400,-250.000000,11.973575,4.615242
55.190774,-82.344400,-250.000000,12.296516,4.671451
55.710774,-82.344400,-250.000000,12.634144,4.733366
56.230774,-82.344400,-250.000000,12.214176,4.667297
56.750774,-82.344400,-250.000000,12.492624,4.718670
57.270774,-82.344400,-250.000000,12.343160,4.686711
57.790774,-82.344400,-250.000000,12.475677,4.732122
58.310774,-82.344400,-250.000000,12.232232,4.688101
58.830774,-82.344400,-250.000000,12.339992,4.689569
59.350774,-82.344400,-250.000000,12.298156,4.676105
59.870774,-82.344400,-250.000000,12.249091,4.685107
60.390774,-82.344400,-250.000000,12.470809,4.686958
60.910774,-82.344400,-250.000000,12.390203,4.670471
61.430774,-82.344400,-250.000000,12.421391,4.723304
61.950774,-82.344400,-250.000000,12.638002,4.765152
62.470774,-82.344400,-250.000000,12.524959,4.744415
62.990774,-82.344400,-250.000000,12.175176,4.669246
63.510774,-82.344400,-250.000000,12.438208,4.701471
64.030774,-82.344400,-250.000000,12.294323,4.698137
64.550774,-82.344400,-250.000000,12.245311,4.683609
65.070774,-82.344400,-250.000000,12.419080,4.674783
65.590774,-82.344400,-250.000000,12.230384,4.637381
66.110774,-82.344400,-250.000000,12.372686,4.678159
66.630774,-82.344400,-250.000000,12.195045,4.632939
67.150774,-82.344400,-250.000000,12.498434,4.723234
67.670774,-82.344400,-250.000000,12.145326,4.644302
68.190774,-82.344400,-250.000000,12.231757,4.636649
68.710774,-82.344400,-250.000000,12.288551,4.639694
69.230774,-82.344400,-250.000000,12.303738,4.671006
69.750774,-82.344400,-250.000000,12.384118,4.674702
70.270774,-82.344400,-250.000000,12.401370,4.686381
70.790774,-82.344400,-250.000000,12.360564,4.683656
71.310774,-82.344400,-250.000000,12.247123,4.666794
71.830774,-82.344400,-250.000000,12.232778,4.623573
72.350774,-82.344400,-250.000000,12.276620,4.648560
72.870774,-82.344400,-250.000000,12.239350,4.661899
13.070774,-81.824400,-250.000000,12.334335,4.424924
13.590774,-81.824400,-250.000000,12.518521,4.478372
14.110774,-81.824400,-250.000000,12.374274,4.493758
14.630774,-81.824400,-250.000000,12.280062,4.529446
15.150774,-81.824400,-250.000000,12.263166,4.579844
15.670774,-81.824400,-250.000000,12.397808,4.621363
16.190774,-81.824400,-250.000000,12.682634,4.600904
16.710774,-81.824400,-250.000000,12.262088,4.504537
17.230774,-81.824400,-250.000000,12.506573,4.611802
17.750774,-81.824400,-250.000000,12.222738,4.571393
18.270774,-81.824400,-250.000000,12.446494,4.632377
18.790774,-81.824400,-250.000000,12.354663,4.652521
19.310774,-81.824400,-250.000000,12.189198,4.580621
19.830774,-81.824400,-250.000000,12.335866,4.677458
20.350774,-81.824400,-250.000000,12.269341,4.607786
20.870774,-81.824400,-250.000000,12.147990,4.619505
21.390774,-81.824400,-250.000000,12.168310,4.688846
21.910774,-81.824400,-250.000000,12.253108,4.642015
22.430774,-81.824400,-250.000000,12.261672,4.618029
22.950774,-81.824400,-250.000000,12.057602,4.610093
23.470774,-81.824400,-250.000000,12.119167,4.629789
23.990774,-81.824400,-250.000000,12.278231,4.675591
24.510774,-81.824400,-250.000000,12.356469,4.644337
25.030774,-81.824400,-250.000000,12.275550,4.636180
25.550774,-81.824400,-250.000000,12.342566,4.652310
26.070774,-81.824400,-250.000000,12.500222,4.702562
26.590774,-81.824400,-250.000000,12.368078,4.648790
27.110774,-81.824400,-250.000000,12.253158,4.701023
27.630774,-81.824400,-250.000000,12.444684,4.693939
28.150774,-81.824400,-250.000000,12.476806,4.693059
28.670774,-81.824400,-250.000000,12.494018,4.705797
29.190774,-81.824400,-250.000000,12.147872,4.687380
29.710774,-81.824400,-250.000000,12.245156,4.639784
30.230774,-81.824400,-250.000000,12.338313,4.669889
30.750774,-81.824400,-250.000000,12.455014,4.756169
31.270774,-81.824400,-250.000000,12.254668,4.691530
31.790774,-81.824400,-250.000000,12.366017,4.676784
32.310774,-81.824400,-250.000000,12.333812,4.708591
32.830774,-81.824400,-250.000000,12.185210,4.658720
33.350774,-81.824400,-250.000000,12.451781,4.700429
33.870774,-81.824400,-250.000000,12.267245,4.695418
34.390774,-81.824400,-250.000000,12.174314,4.684996
34.910774,-81.824400,-250.000000,12.418996,4.733512
35.430774,-81.824400,-250.000000,12.512053,4.727900
35.950774,-81.824400,-250.000000,12.151214,4.707666
36.470774,-81.824400,-250.000000,12.356244,4.669609
36.990774,-81.824400,-250.000000,12.300479,4.700733
37.510774,-81.824400,-250.000000,12.343902,4.717538
38.030774,-81.824400,-250.000000,12.203986,4.694417
38.550774,-81.824400,-250.000000,12.289721,4.669025
39.070774,-81.824400,-250.000000,12.376858,4.722877
39.590774,-81.824400,-250.000000,12.323530,4.709898
40.110774,-81.824400,-250.000000,12.444229,4.702316
40.630774,-81.824400,-250.000000,12.214486,4.659346
41.150774,-81.824400,-250.000000,12.379599,4.691884
41.670774,-81.824400,-250.000000,12.414087,4.676606
42.190774,-81.824400,-250.000000,12.318695,4.690825
42.710774,-81.824400,-250.000000,12.299973,4.704394
43.230774,-81.824400,-250.000000,12.294773,4.745773
43.750774,-81.824400,-250.000000,12.452781,4.688900
44.270774,-81.824400,-250.000000,12.394358,4.681982
44.790774,-81.824400,-250.000000,12.268319,4.687182
45.310774,-81.824400,-250.000000,12.000721,4.707216
45.830774,-81.824400,-250.000000,12.320762,4.685835
46.350774,-81.824400,-250.000000,12.365039,4.694487
46.870774,-81.824400,-250.000000,12.291660,4.728861
47.390774,-81.824400,-250.000000,12.299388,4.703886
47.910774,-81.824400,-250.000000,12.241188,4.674628
48.430774,-81.824400,-250.000000,12.323230,4.677963
48.950774,-81.824400,-250.000000,12.443833,4.706295
49.470774,-81.824400,-250.000000,12.455269,4.747543
49.990774,-81.824400,-250.000000,12.299389,4.708634
50.510774,-81.824400,-250.000000,12.389880,4.724386
51.030774,-81.824400,-250.000000,12.463390,4.718825
51.550774,-81.824400,-250.000000,12.519540,4.723154
52.070774,-81.824400,-250.000000,12.314166,4.703044
52.590774,-81.824400,-250.000000,12.340600,4.706563
53.110774,-81.824400,-250.000000,12.442530,4.697163
53.630774,-81.824400,-250.000000,12.154308,4.716899
54.150774,-81.824400,-250.000000,12.253882,4.674023
54.670774,-81.824400,-250.000000,11.929419,4.596556
55.190774,-81.824400,-250.000000,12.304801,4.693011
55.710774,-81.824400,-250.000000,12.635741,4.721134
56.230774,-81.824400,-250.000000,12.264107,4.675003
56.750774,-81.824400,-250.000000,12.461648,4.720661
57.270774,-81.824400,-250.000000,12.258926,4.676616
57.790774,-81.824400,-250.000000,12.518943,4.738118
58.310774,-81.824400,-250.000000,12.249492,4.693929
58.830774,-81.824400,-250.000000,12.344302,4.696292
59.350774,-81.824400,-250.000000,12.160382,4.659983
59.870774,-81.824400,-250.000000,12.269468,4.714551
60.390774,-81.824400,-250.000000,12.452171,4.695168
60.910774,-81.824400,-250.000000,12.450005,4.689952
61.430774,-81.824400,-250.000000,12.389280,4.723529
61.950774,-81.824400,-250.000000,12.593082,4.766963
62.470774,-81.824400,-250.000000,12.495788,4.729287
62.990774,-81.824400,-250.000000,12.207820,4.691161
63.510774,-81.824400,-250.000000,12.493020,4.706816
64.030774,-81.824400,-250.000000,12.212333,4.691481
64.550774,-81.824400,-250.000000,12.312037,4.698094
65.070774,-81.824400,-250.000000,12.368838,4.660706
65.590774,-81.824400,-250.000000,12.222402,4.640913
66.110774,-81.824400,-250.000000,12.333441,4.674546
66.630774,-81.824400,-250.000000,12.133059,4.634191
67.150774,-81.824400,-250.000000,12.487503,4.726359
67.670774,-81.824400,-250.000000,12.106165,4.634824
68.190774,-81.824400,-250.000000,12.261182,4.659975
68.710774,-81.824400,-250.000000,12.219148,4.625939
69.230774,-81.824400,-250.000000,12.379901,4.702455
69.750774,-81.824400,-250.000000,12.368892,4.686306
70.270774,-81.824400,-250.000000,12.399116,4.685546
70.790774,-81.824400,-250.000000,12.270911,4.688512
71.310774,-81.824400,-250.000000,12.276367,4.688365
71.830774,-81.824400,-250.000000,12.260350,4.629535
72.350774,-81.824400,-250.000000,12.170547,4.634555
72.870774,-81.824400,-250.000000,12.278518,4.689244
73.390774,-81.824400,-250.000000,12.386435,4.685680
73.910774,-81.824400,-250.000000,12.450442,4.700235
13.070774,-81.304400,-250.000000,12.294169,4.444585
71.830774,-81.304400,-250.000000,12.194411,4.655450
72.870774,-81.304400,-250.000000,12.281074,4.702565
13.070774,-82.344400,-249.000000,12.190543,4.460754
13.590774,-82.344400,-249.000000,12.468912,4.512743
14.110774,-82.344400,-249.000000,12.141620,4.434654
14.630774,-82.344400,-249.000000,12.441965,4.519357
15.150774,-82.344400,-249.000000,12.417903,4.555063
15.670774,-82.344400,-249.000000,12.469897,4.566043
16.190774,-82.344400,-249.000000,12.361667,4.572084
16.710774,-82.344400,-249.000000,12.674562,4.622327
17.230774,-82.344400,-249.000000,12.331077,4.619081
17.750774,-82.344400,-249.000000,12.402831,4.631300
18.270774,-82.344400,-249.000000,12.051732,4.631094
18.790774,-82.344400,-249.000000,12.273953,4.619565
19.310774,-82.344400,-249.000000,12.331458,4.613031
19.830774,-82.344400,-249.000000,12.366348,4.661777
20.350774,-82.344400,-249.000000,12.444219,4.553883
20.870774,-82.344400,-249.000000,12.435878,4.618309
21.390774,-82.344400,-249.000000,12.299735,4.661227
21.910774,-82.344400,-249.000000,12.397677,4.617970
22.430774,-82.344400,-249.000000,12.350543,4.666810
22.950774,-82.344400,-249.000000,12.376197,4.619052
23.470774,-82.344400,-249.000000,12.304075,4.611015
23.990774,-82.344400,-249.000000,12.232071,4.703024
24.510774,-82.344400,-249.000000,12.361418,4.683638
25.030774,-82.344400,-249.000000,12.400675,4.651416
25.550774,-82.344400,-249.000000,12.356009,4.669272
26.070774,-82.344400,-249.000000,12.307788,4.631332
26.590774,-82.344400,-249.000000,12.207323,4.637013
27.110774,-82.344400,-249.000000,12.440745,4.691532
27.630774,-82.344400,-249.000000,12.312602,4.652832
28.150774,-82.344400,-249.000000,12.323647,4.645345
28.670774,-82.344400,-249.000000,12.233493,4.672485
29.190774,-82.344400,-249.000000,12.378264,4.680193
29.710774,-82.344400,-249.000000,12.301410,4.713803
30.230774,-82.344400,-249.000000,12.425466,4.664632
30.750774,-82.344400,-249.000000,12.074875,4.673897
31.270774,-82.344400,-249.000000,12.459598,4.607367
31.790774,-82.344400,-249.000000,12.294580,4.680089
32.310774,-82.344400,-249.000000,12.442206,4.721747
32.830774,-82.344400,-249.000000,12.286711,4.653806
33.350774,-82.344400,-249.000000,12.087546,4.591273
33.870774,-82.344400,-249.000000,12.307166,4.664190
34.390774,-82.344400,-249.000000,12.358917,4.682907
34.910774,-82.344400,-249.000000,12.344668,4.661363
35.430774,-82.344400,-249.000000,12.187069,4.656459
35.950774,-82.344400,-249.000000,12.477024,4.667454
36.470774,-82.344400,-249.000000,12.307172,4.726639
36.990774,-82.344400,-249.000000,12.297180,4.677261
37.510774,-82.344400,-249.000000,12.319647,4.670969
38.030774,-82.344400,-249.000000,12.411757,4.687881
38.550774,-82.344400,-249.000000,12.380900,4.709769
39.070774,-82.344400,-249.000000,12.582883,4.675952
39.590774,-82.344400,-249.000000,12.441497,4.722061
40.110774,-82.344400,-249.000000,12.368701,4.686178
40.630774,-82.344400,-249.000000,12.441295,4.659394
41.150774,-82.344400,-249.000000,12.412196,4.682822
41.670774,-82.344400,-249.000000,12.195656,4.642694
42.190774,-82.344400,-249.000000,12.410560,4.683052
42.710774,-82.344400,-249.000000,12.121029,4.646197
43.230774,-82.344400,-249.000000,12.451658,4.674201
43.750774,-82.344400,-249.000000,12.173967,4.669416
44.270774,-82.344400,-249.000000,12.481676,4.691409
44.790774,-82.344400,-249.000000,12.235335,4.675910
45.310774,-82.344400,-249.000000,12.465417,4.673653
45.830774,-82.344400,-249.000000,12.358835,4.672997
46.350774,-82.344400,-249.000000,12.320323,4.676399
46.870774,-82.344400,-249.000000,12.544670,4.714712
47.390774,-82.344400,-249.000000,12.250454,4.661301
47.910774,-82.344400,-249.000000,12.385103,4.729907
48.430774,-82.344400,-249.000000,12.190383,4.675768
48.950774,-82.344400,-249.000000,12.320611,4.685260
49.470774,-82.344400,-249.000000,12.239158,4.644660
49.990774,-82.344400,-249.000000,12.354104,4.719347
50.510774,-82.344400,-249.000000,12.409450,4.669978
51.030774,-82.344400,-249.000000,12.247296,4.680652
51.550774,-82.344400,-249.000000,12.185569,4.653572
52.070774,-82.344400,-249.000000,12.271948,4.652056
52.590774,-82.344400,-249.000000,12.604778,4.733063
53.110774,-82.344400,-249.000000,12.125872,4.732812
53.630774,-82.344400,-249.000000,12.275628,4.675978
54.150774,-82.344400,-249.000000,12.490616,4.720841
54.670774,-82.344400,-249.000000,12.419593,4.706060
55.190774,-82.344400,-249.000000,12.323187,4.695019
55.710774,-82.344400,-249.000000,12.390918,4.672810
56.230774,-82.344400,-249.000000,12.473685,4.734777
56.750774,-82.344400,-249.000000,12.296210,4.661779
57.270774,-82.344400,-249.000000,12.337623,4.721883
57.790774,-82.344400,-249.000000,12.270556,4.663618
58.310774,-82.344400,-249.000000,12.537728,4.740602
58.830774,-82.344400,-249.000000,12.253296,4.622406
59.350774,-82.344400,-249.000000,12.445373,4.665074
59.870774,-82.344400,-249.000000,12.447852,4.679036
60.390774,-82.344400,-249.000000,12.443628,4.699654
60.910774,-82.344400,-249.000000,12.658607,4.682488
61.430774,-82.344400,-249.000000,12.153270,4.643987
61.950774,-82.344400,-249.000000,12.296404,4.648385
62.470774,-82.344400,-249.000000,12.231579,4.635370
62.990774,-82.344400,-249.000000,12.666803,4.668757
63.510774,-82.344400,-249.000000,12.558616,4.718367
64.030774,-82.344400,-249.000000,12.293646,4.705168
64.550774,-82.344400,-249.000000,12.299908,4.650558
65.070774,-82.344400,-249.000000,12.226888,4.754802
65.590774,-82.344400,-249.000000,12.298473,4.680575
66.110774,-82.344400,-249.000000,12.205586,4.679797
66.630774,-82.344400,-249.000000,12.304416,4.634191
67.150774,-82.344400,-249.000000,12.426548,4.656868
67.670774,-82.344400,-249.000000,12.370540,4.648534
68.190774,-82.344400,-249.000000,12.382209,4.655749
68.710774,-82.344400,-249.000000,12.068282,4.659835
69.230774,-82.344400,-249.000000,12.387114,4.699172
69.750774,-82.344400,-249.000000,12.717588,4.676309
70.270774,-82.344400,-249.000000,12.469569,4.698692
70.790774,-82.344400,-249.000000,12.289159,4.635980
13.070774,-81.824400,-249.000000,12.160875,4.460869
13.590774,-81.824400,-249.000000,12.428016,4.503911
14.110774,-81.824400,-249.000000,12.172153,4.464824
14.630774,-81.824400,-249.000000,12.428880,4.524604
15.150774,-81.824400,-249.000000,12.443492,4.564459
15.670774,-81.824400,-249.000000,12.462171,4.572492
16.190774,-81.824400,-249.000000,12.380927,4.584435
16.710774,-81.824400,-249.000000,12.673917,4.618929
17.230774,-81.824400,-249.000000,12.313350,4.619037
17.750774,-81.824400,-249.000000,12.380916,4.630450
18.270774,-81.824400,-249.000000,12.029994,4.622715
18.790774,-81.824400,-249.000000,12.294084,4.634030
19.310774,-81.824400,-249.000000,12.357280,4.613479
19.830774,-81.824400,-249.000000,12.318493,4.659177
20.350774,-81.824400,-249.000000,12.401458,4.556388
20.870774,-81.824400,-249.000000,12.427162,4.625179
21.390774,-81.824400,-249.000000,12.322661,4.663893
21.910774,-81.824400,-249.000000,12.379695,4.616582
22.430774,-81.824400,-249.000000,12.420797,4.671787
22.950774,-81.824400,-249.000000,12.315921,4.631644
23.470774,-81.824400,-249.000000,12.329648,4.609648
23.990774,-81.824400,-249.000000,12.196959,4.701748
24.510774,-81.824400,-249.000000,12.342112,4.682154
25.030774,-81.824400,-249.000000,12.429743,4.644530
25.550774,-81.824400,-249.000000,12.352401,4.687106
26.070774,-81.824400,-249.000000,12.335360,4.636339
26.590774,-81.824400,-249.000000,12.194366,4.638348
27.110774,-81.824400,-249.000000,12.390648,4.696958
27.630774,-81.824400,-249.000000,12.276255,4.648452
28.150774,-81.824400,-249.000000,12.237095,4.639462
28.670774,-81.824400,-249.000000,12.237667,4.688126
29.190774,-81.824400,-249.000000,12.407111,4.679516
29.710774,-81.824400,-249.000000,12.284711,4.708661
30.230774,-81.824400,-249.000000,12.434371,4.638408
30.750774,-81.824400,-249.000000,12.069625,4.674688
31.270774,-81.824400,-249.000000,12.367710,4.597975
31.790774,-81.824400,-249.000000,12.301682,4.701698
32.310774,-81.824400,-249.000000,12.384757,4.722887
32.830774,-81.824400,-249.000000,12.335017,4.664790
33.350774,-81.824400,-249.000000,12.138710,4.594219
33.870774,-81.824400,-249.000000,12.194363,4.657559
34.390774,-81.824400,-249.000000,12.419017,4.710506
34.910774,-81.824400,-249.000000,12.229627,4.663431
35.430774,-81.824400,-249.000000,12.248879,4.686201
35.950774,-81.824400,-249.000000,12.570017,4.673884
36.470774,-81.824400,-249.000000,12.257673,4.736952
36.990774,-81.824400,-249.000000,12.298110,4.687163
37.510774,-81.824400,-249.000000,12.348851,4.664772
38.030774,-81.824400,-249.000000,12.354282,4.687518
38.550774,-81.824400,-249.000000,12.311811,4.717020
39.070774,-81.824400,-249.000000,12.542331,4.689608
39.590774,-81.824400,-249.000000,12.446746,4.756219
40.110774,-81.824400,-249.000000,12.424147,4.698913
40.630774,-81.824400,-249.000000,12.403720,4.663408
41.150774,-81.824400,-249.000000,12.384512,4.673535
41.670774,-81.824400,-249.000000,12.368979,4.672186
42.190774,-81.824400,-249.000000,12.369414,4.675755
42.710774,-81.824400,-249.000000,12.153346,4.660614
43.230774,-81.824400,-249.000000,12.437267,4.673181
43.750774,-81.824400,-249.000000,12.217891,4.691731
44.270774,-81.824400,-249.000000,12.416532,4.688237
44.790774,-81.824400,-249.000000,12.204040,4.675998
45.310774,-81.824400,-249.000000,12.440282,4.666237
45.830774,-81.824400,-249.000000,12.352322,4.676313
46.350774,-81.824400,-249.000000,12.290641,4.688995
46.870774,-81.824400,-249.000000,12.509318,4.707994
47.390774,-81.824400,-249.000000,12.202586,4.649902
47.910774,-81.824400,-249.000000,12.311815,4.726398
48.430774,-81.824400,-249.000000,12.201672,4.687037
48.950774,-81.824400,-249.000000,12.225251,4.672290
49.470774,-81.824400,-249.000000,12.186007,4.662740
49.990774,-81.824400,-249.000000,12.334194,4.713696
50.510774,-81.824400,-249.000000,12.380634,4.670710
51.030774,-81.824400,-249.000000,12.297752,4.700196
51.550774,-81.824400,-249.000000,12.148687,4.672077
52.070774,-81.824400,-249.000000,12.333604,4.654939
52.590774,-81.824400,-249.000000,12.570251,4.725849
53.110774,-81.824400,-249.000000,12.110278,4.742373
53.630774,-81.824400,-249.000000,12.259209,4.690549
54.150774,-81.824400,-249.000000,12.427177,4.706789
54.670774,-81.824400,-249.000000,12.377548,4.698112
55.190774,-81.824400,-249.000000,12.327079,4.708646
55.710774,-81.824400,-249.000000,12.381968,4.656198
56.230774,-81.824400,-249.000000,12.485096,4.762332
56.750774,-81.824400,-249.000000,12.247951,4.657886
57.270774,-81.824400,-249.000000,12.298026,4.708500
57.790774,-81.824400,-249.000000,12.306594,4.682761
58.310774,-81.824400,-249.000000,12.553177,4.731361
58.830774,-81.824400,-249.000000,12.279441,4.640735
59.350774,-81.824400,-249.000000,12.386089,4.656746
59.870774,-81.824400,-249.000000,12.517962,4.706842
60.390774,-81.824400,-249.000000,12.403252,4.685133
60.910774,-81.824400,-249.000000,12.639537,4.695539
61.430774,-81.824400,-249.000000,12.138990,4.646263
61.950774,-81.824400,-249.000000,12.292865,4.636482
62.470774,-81.824400,-249.000000,12.286897,4.638820
62.990774,-81.824400,-249.000000,12.580545,4.681561
63.510774,-81.824400,-249.000000,12.473869,4.731526
64.030774,-81.824400,-249.000000,12.312675,4.692959
64.550774,-81.824400,-249.000000,12.317437,4.652451
65.070774,-81.824400,-249.000000,12.289169,4.779422
65.590774,-81.824400,-249.000000,12.284832,4.701531
66.110774,-81.824400,-249.000000,12.170978,4.676985
66.630774,-81.824400,-249.000000,12.252907,4.639535
67.150774,-81.824400,-249.000000,12.371402,4.668182
67.670774,-81.824400,-249.000000,12.461719,4.657459
68.190774,-81.824400,-249.000000,12.282744,4.653299
68.710774,-81.824400,-249.000000,12.045501,4.670353
69.230774,-81.824400,-249.000000,12.358315,4.689772
69.750774,-81.824400,-249.000000,12.653572,4.680284
70.270774,-81.824400,-249.000000,12.480556,4.696286
70.790774,-81.824400,-249.000000,12.264504,4.633476
71.310774,-81.824400,-249.000000,12.439437,4.674138
13.070774,-81.304400,-249.000000,12.212201,4.460752
69.750774,-81.304400,-249.000000,12.538927,4.684439
70.790774,-81.304400,-249.000000,12.331485,4.651122
13.070774,-82.344400,-248.000000,12.357867,4.517723
13.590774,-82.344400,-248.000000,12.549385,4.531876
14.110774,-82.344400,-248.000000,12.515532,4.502060
14.630774,-82.344400,-248.000000,12.260264,4.494614
15.150774,-82.344400,-248.000000,12.446744,4.555506
15.670774,-82.344400,-248.000000,12.329078,4.520661
16.190774,-82.344400,-248.000000,12.567389,4.590312
16.710774,-82.344400,-248.000000,12.307937,4.587436
17.230774,-82.344400,-248.000000,12.334381,4.593252
17.750774,-82.344400,-248.000000,12.343583,4.606790
18.270774,-82.344400,-248.000000,12.570645,4.618455
18.790774,-82.344400,-248.000000,12.212835,4.632171
19.310774,-82.344400,-248.000000,12.278597,4.563582
19.830774,-82.344400,-248.000000,12.563869,4.599324
20.350774,-82.344400,-248.000000,12.386371,4.653845
20.870774,-82.344400,-248.000000,12.218406,4.589170
21.390774,-82.344400,-248.000000,12.431885,4.642100
21.910774,-82.344400,-248.000000,12.430534,4.590782
22.430774,-82.344400,-248.000000,12.308359,4.663391
22.950774,-82.344400,-248.000000,12.354154,4.650134
23.470774,-82.344400,-248.000000,12.245905,4.669996
23.990774,-82.344400,-248.000000,12.572171,4.672691
24.510774,-82.344400,-248.000000,12.458030,4.652843
25.030774,-82.344400,-248.000000,12.266748,4.613529
25.550774,-82.344400,-248.000000,12.433597,4.626817
26.070774,-82.344400,-248.000000,12.534916,4.639895
26.590774,-82.344400,-248.000000,12.318417,4.667763
27.110774,-82.344400,-248.000000,12.360290,4.659539
27.630774,-82.344400,-248.000000,12.241655,4.701231
28.150774,-82.344400,-248.000000,12.257339,4.642083
28.670774,-82.344400,-248.000000,12.310641,4.670372
29.190774,-82.344400,-248.000000,12.365209,4.671329
29.710774,-82.344400,-248.000000,12.333574,4.599485
30.230774,-82.344400,-248.000000,12.486166,4.658443
30.750774,-82.344400,-248.000000,12.523576,4.644452
31.270774,-82.344400,-248.000000,12.304521,4.629516
31.790774,-82.344400,-248.000000,12.297935,4.678179
32.310774,-82.344400,-248.000000,12.304314,4.675661
32.830774,-82.344400,-248.000000,12.366405,4.675576
33.350774,-82.344400,-248.000000,12.366039,4.655858
33.870774,-82.344400,-248.000000,12.404601,4.747151
34.390774,-82.344400,-248.000000,12.109740,4.620030
34.910774,-82.344400,-248.000000,12.162565,4.650417
35.430774,-82.344400,-248.000000,12.393495,4.679577
35.950774,-82.344400,-248.000000,12.327715,4.732450
36.470774,-82.344400,-248.000000,12.466651,4.717408
36.990774,-82.344400,-248.000000,12.333757,4.675426
37.510774,-82.344400,-248.000000,12.403152,4.650095
38.030774,-82.344400,-248.000000,12.431093,4.678697
38.550774,-82.344400,-248.000000,12.356464,4.698262
39.070774,-82.344400,-248.000000,12.414983,4.692439
39.590774,-82.344400,-248.000000,12.109602,4.644806
40.110774,-82.344400,-248.000000,12.502898,4.687071
40.630774,-82.344400,-248.000000,12.496688,4.729689
41.150774,-82.344400,-248.000000,12.472762,4.677644
41.670774,-82.344400,-248.000000,12.037701,4.612125
42.190774,-82.344400,-248.000000,12.471736,4.687256
42.710774,-82.344400,-248.000000,12.200632,4.603268
43.230774,-82.344400,-248.000000,12.015090,4.686311
43.750774,-82.344400,-248.000000,12.390190,4.727377
44.270774,-82.344400,-248.000000,12.215766,4.681779
44.790774,-82.344400,-248.000000,12.434081,4.650894
45.310774,-82.344400,-248.000000,12.435454,4.670739
45.830774,-82.344400,-248.000000,12.462916,4.686399
46.350774,-82.344400,-248.000000,12.308892,4.682065
46.870774,-82.344400,-248.000000,12.202097,4.693074
47.390774,-82.344400,-248.000000,12.240533,4.669150
47.910774,-82.344400,-248.000000,12.248184,4.665327
48.430774,-82.344400,-248.000000,12.300927,4.656205
48.950774,-82.344400,-248.000000,12.356530,4.736531
49.470774,-82.344400,-248.000000,12.228050,4.656912
49.990774,-82.344400,-248.000000,12.393387,4.642970
50.510774,-82.344400,-248.000000,12.465592,4.679170
51.030774,-82.344400,-248.000000,12.243548,4.687468
51.550774,-82.344400,-248.000000,12.472960,4.710890
52.070774,-82.344400,-248.000000,12.210790,4.648615
52.590774,-82.344400,-248.000000,12.273849,4.643641
53.110774,-82.344400,-248.000000,12.502007,4.756958
53.630774,-82.344400,-248.000000,12.307938,4.645771
54.150774,-82.344400,-248.000000,12.524553,4.702127
54.670774,-82.344400,-248.000000,12.364067,4.664972
55.190774,-82.344400,-248.000000,12.307741,4.700281
55.710774,-82.344400,-248.000000,12.195220,4.624870
56.230774,-82.344400,-248.000000,12.413962,4.692036
56.750774,-82.344400,-248.000000,12.198340,4.640575
57.270774,-82.344400,-248.000000,11.952230,4.615843
57.790774,-82.344400,-248.000000,12.446222,4.697833
58.310774,-82.344400,-248.000000,12.563818,4.757095
58.830774,-82.344400,-248.000000,12.385306,4.701498
59.350774,-82.344400,-248.000000,12.560695,4.671028
59.870774,-82.344400,-248.000000,12.393832,4.633577
60.390774,-82.344400,-248.000000,12.379997,4.714971
60.910774,-82.344400,-248.000000,12.496491,4.650495
61.430774,-82.344400,-248.000000,12.284907,4.686373
61.950774,-82.344400,-248.000000,12.144530,4.627614
62.470774,-82.344400,-248.000000,12.323030,4.692451
62.990774,-82.344400,-248.000000,12.346982,4.667879
63.510774,-82.344400,-248.000000,12.323948,4.633724
64.030774,-82.344400,-248.000000,11.904389,4.614329
64.550774,-82.344400,-248.000000,12.199533,4.688076
65.070774,-82.344400,-248.000000,12.251876,4.675992
65.590774,-82.344400,-248.000000,12.307150,4.672802
66.110774,-82.344400,-248.000000,12.292495,4.628253
66.630774,-82.344400,-248.000000,12.320613,4.628666
67.150774,-82.344400,-248.000000,12.400716,4.681147
67.670774,-82.344400,-248.000000,12.271407,4.662949
68.190774,-82.344400,-248.000000,12.145727,4.674067
13.070774,-81.824400,-248.000000,12.332477,4.509911
13.590774,-81.824400,-248.000000,12.413592,4.542829
14.110774,-81.824400,-248.000000,12.474815,4.496124
14.630774,-81.824400,-248.000000,12.269719,4.501278
15.150774,-81.824400,-248.000000,12.295235,4.540187
15.670774,-81.824400,-248.000000,12.349444,4.504673
16.190774,-81.824400,-248.000000,12.598015,4.603167
16.710774,-81.824400,-248.000000,12.226348,4.603796
17.230774,-81.824400,-248.000000,12.353753,4.597236
17.750774,-81.824400,-248.000000,12.288935,4.603244
18.270774,-81.824400,-248.000000,12.495276,4.630024
18.790774,-81.824400,-248.000000,12.254432,4.632754
19.310774,-81.824400,-248.000000,12.318490,4.586802
19.830774,-81.824400,-248.000000,12.483397,4.603360
20.350774,-81.824400,-248.000000,12.362062,4.641278
20.870774,-81.824400,-248.000000,12.197459,4.599122
21.390774,-81.824400,-248.000000,12.442973,4.642834
21.910774,-81.824400,-248.000000,12.394170,4.591669
22.430774,-81.824400,-248.000000,12.385712,4.679980
22.950774,-81.824400,-248.000000,12.266238,4.650919
23.470774,-81.824400,-248.000000,12.271163,4.680626
23.990774,-81.824400,-248.000000,12.539469,4.677113
24.510774,-81.824400,-248.000000,12.463256,4.650707
25.030774,-81.824400,-248.000000,12.280598,4.628947
25.550774,-81.824400,-248.000000,12.345355,4.626276
26.070774,-81.824400,-248.000000,12.521918,4.636900
26.590774,-81.824400,-248.000000,12.292068,4.670951
27.110774,-81.824400,-248.000000,12.403842,4.668046
27.630774,-81.824400,-248.000000,12.316048,4.708310
28.150774,-81.824400,-248.000000,12.182948,4.638184
28.670774,-81.824400,-248.000000,12.286764,4.659369
29.190774,-81.824400,-248.000000,12.334026,4.667323
29.710774,-81.824400,-248.000000,12.328086,4.622215
30.230774,-81.824400,-248.000000,12.465262,4.657769
30.750774,-81.824400,-248.000000,12.440217,4.664246
31.270774,-81.824400,-248.000000,12.203665,4.611081
31.790774,-81.824400,-248.000000,12.311343,4.694018
32.310774,-81.824400,-248.000000,12.316931,4.676067
32.830774,-81.824400,-248.000000,12.348050,4.668939
33.350774,-81.824400,-248.000000,12.300907,4.669212
33.870774,-81.824400,-248.000000,12.390170,4.751287
34.390774,-81.824400,-248.000000,12.109756,4.622572
34.910774,-81.824400,-248.000000,12.171416,4.654561
35.430774,-81.824400,-248.000000,12.371113,4.693456
35.950774,-81.824400,-248.000000,12.355375,4.738391
36.470774,-81.824400,-248.000000,12.450315,4.718125
36.990774,-81.824400,-248.000000,12.308970,4.685306
37.510774,-81.824400,-248.000000,12.391831,4.646741
38.030774,-81.824400,-248.000000,12.394624,4.689685
38.550774,-81.824400,-248.000000,12.337246,4.709430
39.070774,-81.824400,-248.000000,12.441985,4.712745
39.590774,-81.824400,-248.000000,12.042982,4.655008
40.110774,-81.824400,-248.000000,12.394706,4.681479
40.630774,-81.824400,-248.000000,12.514537,4.731484
41.150774,-81.824400,-248.000000,12.564934,4.700682
41.670774,-81.824400,-248.000000,11.980880,4.603525
42.190774,-81.824400,-248.000000,12.438357,4.692982
42.710774,-81.824400,-248.000000,12.170946,4.616064
43.230774,-81.824400,-248.000000,12.007486,4.686500
43.750774,-81.824400,-248.000000,12.354312,4.735146
44.270774,-81.824400,-248.000000,12.253745,4.685816
44.790774,-81.824400,-248.000000,12.447764,4.656241
45.310774,-81.824400,-248.000000,12.407026,4.653313
45.830774,-81.824400,-248.000000,12.479558,4.684525
46.350774,-81.824400,-248.000000,12.361547,4.691235
46.870774,-81.824400,-248.000000,12.181907,4.702966
47.390774,-81.824400,-248.000000,12.213967,4.679842
47.910774,-81.824400,-248.000000,12.287596,4.682304
48.430774,-81.824400,-248.000000,12.337264,4.669894
48.950774,-81.824400,-248.000000,12.320214,4.733166
49.470774,-81.824400,-248.000000,12.225480,4.643588
49.990774,-81.824400,-248.000000,12.405566,4.667384
50.510774,-81.824400,-248.000000,12.441015,4.693917
51.030774,-81.824400,-248.000000,12.235366,4.685410
51.550774,-81.824400,-248.000000,12.443621,4.695684
52.070774,-81.824400,-248.000000,12.205865,4.662557
52.590774,-81.824400,-248.000000,12.217805,4.654473
53.110774,-81.824400,-248.000000,12.465341,4.747067
53.630774,-81.824400,-248.000000,12.275870,4.639926
54.150774,-81.824400,-248.000000,12.553390,4.723964
54.670774,-81.824400,-248.000000,12.321362,4.678421
55.190774,-81.824400,-248.000000,12.311640,4.704916
55.710774,-81.824400,-248.000000,12.143428,4.633389
56.230774,-81.824400,-248.000000,12.473156,4.692235
56.750774,-81.824400,-248.000000,12.214694,4.655109
57.270774,-81.824400,-248.000000,11.925838,4.637042
57.790774,-81.824400,-248.000000,12.383028,4.693288
58.310774,-81.824400,-248.000000,12.423224,4.744553
58.830774,-81.824400,-248.000000,12.448298,4.699548
59.350774,-81.824400,-248.000000,12.501849,4.665879
59.870774,-81.824400,-248.000000,12.449588,4.664393
60.390774,-81.824400,-248.000000,12.303042,4.712420
60.910774,-81.824400,-248.000000,12.592610,4.668132
61.430774,-81.824400,-248.000000,12.261540,4.697297
61.950774,-81.824400,-248.000000,12.081680,4.617610
62.470774,-81.824400,-248.000000,12.307782,4.709440
62.990774,-81.824400,-248.000000,12.328129,4.669705
63.510774,-81.824400,-248.000000,12.343810,4.638330
64.030774,-81.824400,-248.000000,11.963077,4.619792
64.550774,-81.824400,-248.000000,12.163506,4.696693
65.070774,-81.824400,-248.000000,12.209452,4.669923
65.590774,-81.824400,-248.000000,12.320533,4.667333
66.110774,-81.824400,-248.000000,12.263834,4.623065
66.630774,-81.824400,-248.000000,12.309098,4.620846
67.150774,-81.824400,-248.000000,12.417024,4.679795
67.670774,-81.824400,-248.000000,12.251154,4.687617
68.190774,-81.824400,-248.000000,12.189210,4.682411
68.710774,-81.824400,-248.000000,12.500663,4.726585
69.230774,-81.824400,-248.000000,12.276581,4.708599
13.070774,-81.304400,-248.000000,12.330322,4.498300
67.150774,-81.304400,-248.000000,12.480395,4.686150
68.190774,-81.304400,-248.000000,12.164878,4.680959
13.070774,-82.344400,-247.000000,12.305401,4.456313
13.590774,-82.344400,-247.000000,12.510473,4.521137
14.110774,-82.344400,-247.000000,12.578968,4.522389
14.630774,-82.344400,-247.000000,12.200686,4.530426
15.150774,-82.344400,-247.000000,12.256166,4.488618
15.670774,-82.344400,-247.000000,12.353798,4.557977
16.190774,-82.344400,-247.000000,12.383861,4.547842
16.710774,-82.344400,-247.000000,12.361653,4.562896
17.230774,-82.344400,-247.000000,12.337058,4.618618
17.750774,-82.344400,-247.000000,12.217382,4.593562
18.270774,-82.344400,-247.000000,12.100741,4.588441
18.790774,-82.344400,-247.000000,12.091721,4.554616
19.310774,-82.344400,-247.000000,12.329317,4.621999
19.830774,-82.344400,-247.000000,12.240589,4.622490
20.350774,-82.344400,-247.000000,12.319043,4.605514
20.870774,-82.344400,-247.000000,12.463893,4.677490
21.390774,-82.344400,-247.000000,12.249129,4.639407
21.910774,-82.344400,-247.000000,12.443544,4.602469
22.430774,-82.344400,-247.000000,12.055972,4.625354
22.950774,-82.344400,-247.000000,12.363466,4.639209
23.470774,-82.344400,-247.000000,12.238473,4.636113
23.990774,-82.344400,-247.000000,12.333022,4.635252
24.510774,-82.344400,-247.000000,12.377046,4.628053
25.030774,-82.344400,-247.000000,12.211728,4.666420
25.550774,-82.344400,-247.000000,12.358642,4.631118
26.070774,-82.344400,-247.000000,12.194646,4.580193
26.590774,-82.344400,-247.000000,12.276098,4.636939
27.110774,-82.344400,-247.000000,12.176324,4.651919
27.630774,-82.344400,-247.000000,12.257690,4.660828
28.150774,-82.344400,-247.000000,12.366828,4.615448
28.670774,-82.344400,-247.000000,12.205357,4.674082
29.190774,-82.344400,-247.000000,12.608829,4.655926
29.710774,-82.344400,-247.000000,12.152118,4.621153
30.230774,-82.344400,-247.000000,12.480183,4.680507
30.750774,-82.344400,-247.000000,12.191541,4.654901
31.270774,-82.344400,-247.000000,12.282775,4.628084
31.790774,-82.344400,-247.000000,12.392181,4.684471
32.310774,-82.344400,-247.000000,12.122867,4.657567
32.830774,-82.344400,-247.000000,12.155930,4.644225
33.350774,-82.344400,-247.000000,12.285869,4.691776
33.870774,-82.344400,-247.000000,12.361059,4.669760
34.390774,-82.344400,-247.000000,12.476050,4.705031
34.910774,-82.344400,-247.000000,12.164702,4.712958
35.430774,-82.344400,-247.000000,12.163955,4.645806
35.950774,-82.344400,-247.000000,12.322309,4.717499
36.470774,-82.344400,-247.000000,12.273868,4.588647
36.990774,-82.344400,-247.000000,12.281060,4.665926
37.510774,-82.344400,-247.000000,12.382171,4.641352
38.030774,-82.344400,-247.000000,12.332751,4.631346
38.550774,-82.344400,-247.000000,12.185994,4.652510
39.070774,-82.344400,-247.000000,12.329867,4.676212
39.590774,-82.344400,-247.000000,12.302307,4.684293
40.110774,-82.344400,-247.000000,12.145564,4.689923
40.630774,-82.344400,-247.000000,12.323214,4.672534
41.150774,-82.344400,-247.000000,12.395633,4.701395
41.670774,-82.344400,-247.000000,12.400002,4.643064
42.190774,-82.344400,-247.000000,12.273503,4.652319
42.710774,-82.344400,-247.000000,12.346943,4.694980
43.230774,-82.344400,-247.000000,12.624583,4.722660
43.750774,-82.344400,-247.000000,12.463093,4.702997
44.270774,-82.344400,-247.000000,12.125922,4.618314
44.790774,-82.344400,-247.000000,12.436358,4.670553
45.310774,-82.344400,-247.000000,12.265089,4.645380
45.830774,-82.344400,-247.000000,12.545254,4.727289
46.350774,-82.344400,-247.000000,12.235042,4.648692
46.870774,-82.344400,-247.000000,12.283618,4.692597
47.390774,-82.344400,-247.000000,12.303622,4.650722
47.910774,-82.344400,-247.000000,12.263691,4.664263
48.430774,-82.344400,-247.000000,12.387532,4.721772
48.950774,-82.344400,-247.000000,12.217010,4.625081
49.470774,-82.344400,-247.000000,12.272845,4.611942
49.990774,-82.344400,-247.000000,12.483610,4.637687
50.510774,-82.344400,-247.000000,12.156274,4.680608
51.030774,-82.344400,-247.000000,12.272357,4.746235
51.550774,-82.344400,-247.000000,12.219228,4.667471
52.070774,-82.344400,-247.000000,12.228599,4.671687
52.590774,-82.344400,-247.000000,12.289577,4.686056
53.110774,-82.344400,-247.000000,12.371713,4.688606
53.630774,-82.344400,-247.000000,12.373683,4.692050
54.150774,-82.344400,-247.000000,12.267182,4.683647
54.670774,-82.344400,-247.000000,12.381712,4.630211
55.190774,-82.344400,-247.000000,12.420490,4.698430
55.710774,-82.344400,-247.000000,12.216051,4.660222
56.230774,-82.344400,-247.000000,12.276058,4.671702
56.750774,-82.344400,-247.000000,12.063383,4.663116
57.270774,-82.344400,-247.000000,12.433279,4.683381
57.790774,-82.344400,-247.000000,12.524508,4.688427
58.310774,-82.344400,-247.000000,12.434113,4.698021
58.830774,-82.344400,-247.000000,12.196622,4.675309
59.350774,-82.344400,-247.000000,12.415476,4.709682
59.870774,-82.344400,-247.000000,12.330822,4.680552
60.390774,-82.344400,-247.000000,12.082488,4.725657
60.910774,-82.344400,-247.000000,12.154344,4.648516
61.430774,-82.344400,-247.000000,12.073544,4.658633
61.950774,-82.344400,-247.000000,12.384665,4.634766
62.470774,-82.344400,-247.000000,12.303451,4.675573
62.990774,-82.344400,-247.000000,12.343882,4.673293
63.510774,-82.344400,-247.000000,12.320553,4.721633
64.030774,-82.344400,-247.000000,12.242955,4.643814
64.550774,-82.344400,-247.000000,12.124115,4.613667
65.070774,-82.344400,-247.000000,12.271592,4.651366
65.590774,-82.344400,-247.000000,12.378398,4.671913
66.110774,-82.344400,-247.000000,12.307956,4.612637
13.070774,-81.824400,-247.000000,12.278762,4.469110
13.590774,-81.824400,-247.000000,12.564342,4.534292
14.110774,-81.824400,-247.000000,12.509339,4.527342
14.630774,-81.824400,-247.000000,12.259499,4.547472
15.150774,-81.824400,-247.000000,12.252082,4.502699
15.670774,-81.824400,-247.000000,12.318976,4.570426
16.190774,-81.824400,-247.000000,12.308429,4.556262
16.710774,-81.824400,-247.000000,12.397716,4.557889
17.230774,-81.824400,-247.000000,12.370992,4.621513
17.750774,-81.824400,-247.000000,12.253982,4.633363
18.270774,-81.824400,-247.000000,12.087951,4.578694
18.790774,-81.824400,-247.000000,12.086609,4.543101
19.310774,-81.824400,-247.000000,12.382655,4.623489
19.830774,-81.824400,-247.000000,12.158622,4.625389
20.350774,-81.824400,-247.000000,12.384765,4.625119
20.870774,-81.824400,-247.000000,12.454285,4.653973
21.390774,-81.824400,-247.000000,12.227054,4.656202
21.910774,-81.824400,-247.000000,12.440394,4.613979
22.430774,-81.824400,-247.000000,12.095519,4.638787
22.950774,-81.824400,-247.000000,12.402876,4.649873
23.470774,-81.824400,-247.000000,12.229621,4.646325
23.990774,-81.824400,-247.000000,12.295933,4.631675
24.510774,-81.824400,-247.000000,12.442871,4.637062
25.030774,-81.824400,-247.000000,12.134391,4.663234
25.550774,-81.824400,-247.000000,12.303883,4.653830
26.070774,-81.824400,-247.000000,12.232753,4.589388
26.590774,-81.824400,-247.000000,12.250890,4.643919
27.110774,-81.824400,-247.000000,12.204975,4.651790
27.630774,-81.824400,-247.000000,12.262252,4.671558
28.150774,-81.824400,-247.000000,12.349241,4.632406
28.670774,-81.824400,-247.000000,12.165381,4.669377
29.190774,-81.824400,-247.000000,12.585521,4.670545
29.710774,-81.824400,-247.000000,12.159011,4.625201
30.230774,-81.824400,-247.000000,12.439878,4.680805
30.750774,-81.824400,-247.000000,12.289677,4.670628
31.270774,-81.824400,-247.000000,12.201197,4.614526
31.790774,-81.824400,-247.000000,12.366016,4.659787
32.310774,-81.824400,-247.000000,12.132639,4.657847
32.830774,-81.824400,-247.000000,12.207679,4.667303
33.350774,-81.824400,-247.000000,12.236785,4.682309
33.870774,-81.824400,-247.000000,12.295352,4.668053
34.390774,-81.824400,-247.000000,12.533834,4.722293
34.910774,-81.824400,-247.000000,12.185614,4.711390
35.430774,-81.824400,-247.000000,12.176714,4.650536
35.950774,-81.824400,-247.000000,12.323380,4.713979
36.470774,-81.824400,-247.000000,12.285975,4.604804
36.990774,-81.824400,-247.000000,12.199206,4.667557
37.510774,-81.824400,-247.000000,12.445479,4.669994
38.030774,-81.824400,-247.000000,12.351717,4.641946
38.550774,-81.824400,-247.000000,12.206040,4.663115
39.070774,-81.824400,-247.000000,12.308215,4.658330
39.590774,-81.824400,-247.000000,12.253512,4.688652
40.110774,-81.824400,-247.000000,12.280003,4.681572
40.630774,-81.824400,-247.000000,12.378249,4.682858
41.150774,-81.824400,-247.000000,12.274525,4.693134
41.670774,-81.824400,-247.000000,12.392458,4.662479
42.190774,-81.824400,-247.000000,12.342151,4.667615
42.710774,-81.824400,-247.000000,12.299076,4.697842
43.230774,-81.824400,-247.000000,12.566314,4.699579
43.750774,-81.824400,-247.000000,12.504926,4.712743
44.270774,-81.824400,-247.000000,12.102848,4.620972
44.790774,-81.824400,-247.000000,12.327918,4.684865
45.310774,-81.824400,-247.000000,12.254189,4.634090
45.830774,-81.824400,-247.000000,12.528609,4.736825
46.350774,-81.824400,-247.000000,12.195794,4.652334
46.870774,-81.824400,-247.000000,12.250295,4.683438
47.390774,-81.824400,-247.000000,12.270101,4.647348
47.910774,-81.824400,-247.000000,12.303779,4.679250
48.430774,-81.824400,-247.000000,12.419523,4.724230
48.950774,-81.824400,-247.000000,12.171947,4.627165
49.470774,-81.824400,-247.000000,12.283211,4.615808
49.990774,-81.824400,-247.000000,12.386765,4.624292
50.510774,-81.824400,-247.000000,12.217078,4.693146
51.030774,-81.824400,-247.000000,12.192598,4.728214
51.550774,-81.824400,-247.000000,12.270758,4.682505
52.070774,-81.824400,-247.000000,12.238345,4.672628
52.590774,-81.824400,-247.000000,12.290442,4.693192
53.110774,-81.824400,-247.000000,12.340178,4.683708
53.630774,-81.824400,-247.000000,12.366523,4.680090
54.150774,-81.824400,-247.000000,12.254394,4.693615
54.670774,-81.824400,-247.000000,12.405287,4.636978
55.190774,-81.824400,-247.000000,12.438093,4.703952
55.710774,-81.824400,-247.000000,12.147484,4.647336
56.230774,-81.824400,-247.000000,12.257312,4.675100
56.750774,-81.824400,-247.000000,12.051472,4.657302
57.270774,-81.824400,-247.000000,12.409679,4.693843
57.790774,-81.824400,-247.000000,12.538622,4.698690
58.310774,-81.824400,-247.000000,12.344138,4.709426
58.830774,-81.824400,-247.000000,12.252712,4.676849
59.350774,-81.824400,-247.000000,12.334010,4.703329
59.870774,-81.824400,-247.000000,12.360734,4.678285
60.390774,-81.824400,-247.000000,12.108042,4.716127
60.910774,-81.824400,-247.000000,12.134316,4.652841
61.430774,-81.824400,-247.000000,12.051065,4.657300
61.950774,-81.824400,-247.000000,12.307956,4.629078
62.470774,-81.824400,-247.000000,12.325653,4.659186
62.990774,-81.824400,-247.000000,12.286140,4.690715
63.510774,-81.824400,-247.000000,12.289801,4.729082
64.030774,-81.824400,-247.000000,12.215438,4.643246
64.550774,-81.824400,-247.000000,12.179149,4.638838
65.070774,-81.824400,-247.000000,12.313567,4.647520
65.590774,-81.824400,-247.000000,12.265079,4.671666
66.110774,-81.824400,-247.000000,12.389097,4.626964
66.630774,-81.824400,-247.000000,12.404435,4.701322
67.150774,-81.824400,-247.000000,12.383716,4.669484
65.070774,-81.304400,-247.000000,12.331046,4.647483
66.110774,-81.304400,-247.000000,12.371114,4.639442
13.070774,-82.344400,-246.000000,12.387540,4.453997
13.590774,-82.344400,-246.000000,12.203536,4.466524
14.110774,-82.344400,-246.000000,12.436037,4.514591
14.630774,-82.344400,-246.000000,12.596315,4.512543
15.150774,-82.344400,-246.000000,12.144194,4.511859
15.670774,-82.344400,-246.000000,12.278258,4.523813
16.190774,-82.344400,-246.000000,12.515003,4.604660
16.710774,-82.344400,-246.000000,12.428297,4.543963
17.230774,-82.344400,-246.000000,12.446086,4.590514
17.750774,-82.344400,-246.000000,12.099170,4.531998
18.270774,-82.344400,-246.000000,12.609902,4.616050
18.790774,-82.344400,-246.000000,12.609206,4.586750
19.310774,-82.344400,-246.000000,12.196849,4.604072
19.830774,-82.344400,-246.000000,12.105290,4.615842
20.350774,-82.344400,-246.000000,12.165930,4.589891
20.870774,-82.344400,-246.000000,12.421427,4.604582
21.390774,-82.344400,-246.000000,12.452818,4.607474
21.910774,-82.344400,-246.000000,12.359193,4.638516
22.430774,-82.344400,-246.000000,12.279413,4.611543
22.950774,-82.344400,-246.000000,12.394533,4.642476
23.470774,-82.344400,-246.000000,12.476259,4.638530
23.990774,-82.344400,-246.000000,12.310081,4.603098
24.510774,-82.344400,-246.000000,12.255229,4.679955
25.030774,-82.344400,-246.000000,12.588796,4.633239
25.550774,-82.344400,-246.000000,12.168599,4.568390
26.070774,-82.344400,-246.000000,12.344721,4.605838
26.590774,-82.344400,-246.000000,12.629572,4.653337
27.110774,-82.344400,-246.000000,12.551860,4.623119
27.630774,-82.344400,-246.000000,12.253367,4.669899
28.150774,-82.344400,-246.000000,12.282690,4.644389
28.670774,-82.344400,-246.000000,12.193839,4.635988
29.190774,-82.344400,-246.000000,12.402319,4.700188
29.710774,-82.344400,-246.000000,12.379126,4.728065
30.230774,-82.344400,-246.000000,12.178569,4.599605
30.750774,-82.344400,-246.000000,12.509985,4.634852
31.270774,-82.344400,-246.000000,12.297668,4.603229
31.790774,-82.344400,-246.000000,12.361561,4.644412
32.310774,-82.344400,-246.000000,12.248195,4.636450
32.830774,-82.344400,-246.000000,12.321870,4.635346
33.350774,-82.344400,-246.000000,12.283727,4.642486
33.870774,-82.344400,-246.000000,12.304384,4.635728
34.390774,-82.344400,-246.000000,12.360420,4.673236
34.910774,-82.344400,-246.000000,12.349282,4.712962
35.430774,-82.344400,-246.000000,12.306417,4.647849
35.950774,-82.344400,-246.000000,12.117599,4.602499
36.470774,-82.344400,-246.000000,12.388447,4.610066
36.990774,-82.344400,-246.000000,12.197895,4.678742
37.510774,-82.344400,-246.000000,12.351260,4.695916
38.030774,-82.344400,-246.000000,12.381638,4.695592
38.550774,-82.344400,-246.000000,12.210738,4.663579
39.070774,-82.344400,-246.000000,12.052611,4.615277
39.590774,-82.344400,-246.000000,12.338639,4.631771
40.110774,-82.344400,-246.000000,12.355521,4.675474
40.630774,-82.344400,-246.000000,12.430520,4.644757
41.150774,-82.344400,-246.000000,12.270637,4.646245
41.670774,-82.344400,-246.000000,12.392228,4.647493
42.190774,-82.344400,-246.000000,12.549249,4.699876
42.710774,-82.344400,-246.000000,12.204688,4.715312
43.230774,-82.344400,-246.000000,12.464158,4.704062
43.750774,-82.344400,-246.000000,12.187327,4.665466
44.270774,-82.344400,-246.000000,12.519450,4.661806
44.790774,-82.344400,-246.000000,12.401020,4.688319
45.310774,-82.344400,-246.000000,12.413473,4.645998
45.830774,-82.344400,-246.000000,12.414737,4.652980
46.350774,-82.344400,-246.000000,12.276702,4.621360
46.870774,-82.344400,-246.000000,12.217255,4.683044
47.390774,-82.344400,-246.000000,12.508084,4.663016
47.910774,-82.344400,-246.000000,12.405986,4.689369
48.430774,-82.344400,-246.000000,12.338022,4.682248
48.950774,-82.344400,-246.000000,12.305737,4.620950
49.470774,-82.344400,-246.000000,12.041164,4.612639
49.990774,-82.344400,-246.000000,12.348540,4.638863
50.510774,-82.344400,-246.000000,12.355899,4.662570
51.030774,-82.344400,-246.000000,12.368243,4.705581
51.550774,-82.344400,-246.000000,12.377595,4.637801
52.070774,-82.344400,-246.000000,12.472590,4.674224
52.590774,-82.344400,-246.000000,12.234597,4.629384
53.110774,-82.344400,-246.000000,12.269949,4.703214
53.630774,-82.344400,-246.000000,12.194098,4.687111
54.150774,-82.344400,-246.000000,12.289515,4.666105
54.670774,-82.344400,-246.000000,12.105418,4.644471
55.190774,-82.344400,-246.000000,12.191875,4.657531
55.710774,-82.344400,-246.000000,12.272045,4.654499
56.230774,-82.344400,-246.000000,12.256574,4.655893
56.750774,-82.344400,-246.000000,12.255157,4.640739
57.270774,-82.344400,-246.000000,12.287130,4.706380
57.790774,-82.344400,-246.000000,12.184871,4.693392
58.310774,-82.344400,-246.000000,12.377141,4.644579
58.830774,-82.344400,-246.000000,12.425085,4.666133
59.350774,-82.344400,-246.000000,12.310660,4.694256
59.870774,-82.344400,-246.000000,12.368758,4.689190
60.390774,-82.344400,-246.000000,12.204756,4.626370
60.910774,-82.344400,-246.000000,12.304359,4.665122
61.430774,-82.344400,-246.000000,12.113639,4.644731
61.950774,-82.344400,-246.000000,12.359281,4.657913
62.470774,-82.344400,-246.000000,12.510311,4.684604
62.990774,-82.344400,-246.000000,12.233917,4.649275
63.510774,-82.344400,-246.000000,12.401315,4.630389
64.030774,-82.344400,-246.000000,12.415207,4.670926
13.070774,-81.824400,-246.000000,12.375127,4.460048
13.590774,-81.824400,-246.000000,12.176362,4.468292
14.110774,-81.824400,-246.000000,12.403539,4.506108
14.630774,-81.824400,-246.000000,12.501853,4.527205
15.150774,-81.824400,-246.000000,12.212678,4.525627
15.670774,-81.824400,-246.000000,12.316027,4.545133
16.190774,-81.824400,-246.000000,12.475922,4.608471
16.710774,-81.824400,-246.000000,12.468374,4.552573
17.230774,-81.824400,-246.000000,12.363848,4.578172
17.750774,-81.824400,-246.000000,12.180597,4.531693
18.270774,-81.824400,-246.000000,12.475432,4.588112
18.790774,-81.824400,-246.000000,12.570870,4.612210
19.310774,-81.824400,-246.000000,12.184851,4.602024
19.830774,-81.824400,-246.000000,12.174067,4.623190
20.350774,-81.824400,-246.000000,12.124145,4.600987
20.870774,-81.824400,-246.000000,12.372565,4.598070
21.390774,-81.824400,-246.000000,12.413606,4.609756
21.910774,-81.824400,-246.000000,12.313837,4.632178
22.430774,-81.824400,-246.000000,12.270961,4.610012
22.950774,-81.824400,-246.000000,12.318558,4.635590
23.470774,-81.824400,-246.000000,12.562059,4.661849
23.990774,-81.824400,-246.000000,12.260964,4.609954
24.510774,-81.824400,-246.000000,12.196535,4.675251
25.030774,-81.824400,-246.000000,12.512978,4.651482
25.550774,-81.824400,-246.000000,12.170324,4.573414
26.070774,-81.824400,-246.000000,12.322147,4.599040
26.590774,-81.824400,-246.000000,12.583670,4.651396
27.110774,-81.824400,-246.000000,12.613423,4.625968
27.630774,-81.824400,-246.000000,12.267316,4.654144
28.150774,-81.824400,-246.000000,12.306877,4.658664
28.670774,-81.824400,-246.000000,12.202796,4.662356
29.190774,-81.824400,-246.000000,12.377546,4.690704
29.710774,-81.824400,-246.000000,12.315911,4.722312
30.230774,-81.824400,-246.000000,12.141046,4.605574
30.750774,-81.824400,-246.000000,12.545605,4.645664
31.270774,-81.824400,-246.000000,12.352512,4.638680
31.790774,-81.824400,-246.000000,12.407114,4.670230
32.310774,-81.824400,-246.000000,12.155770,4.622434
32.830774,-81.824400,-246.000000,12.325180,4.634161
33.350774,-81.824400,-246.000000,12.272546,4.633761
33.870774,-81.824400,-246.000000,12.234420,4.645817
34.390774,-81.824400,-246.000000,12.373082,4.687097
34.910774,-81.824400,-246.000000,12.289988,4.687636
35.430774,-81.824400,-246.000000,12.344997,4.657444
35.950774,-81.824400,-246.000000,12.070992,4.609750
36.470774,-81.824400,-246.000000,12.371741,4.622891
36.990774,-81.824400,-246.000000,12.185971,4.670195
37.510774,-81.824400,-246.000000,12.267977,4.704072
38.030774,-81.824400,-246.000000,12.371587,4.692648
38.550774,-81.824400,-246.000000,12.264573,4.686454
39.070774,-81.824400,-246.000000,12.040350,4.612051
39.590774,-81.824400,-246.000000,12.264703,4.644847
40.110774,-81.824400,-246.000000,12.319245,4.666214
40.630774,-81.824400,-246.000000,12.448502,4.666542
41.150774,-81.824400,-246.000000,12.237283,4.639101
41.670774,-81.824400,-246.000000,12.369262,4.647055
42.190774,-81.824400,-246.000000,12.471720,4.700829
42.710774,-81.824400,-246.000000,12.175194,4.718732
43.230774,-81.824400,-246.000000,12.470145,4.677010
43.750774,-81.824400,-246.000000,12.154295,4.674786
44.270774,-81.824400,-246.000000,12.486722,4.671969
44.790774,-81.824400,-246.000000,12.461790,4.706939
45.310774,-81.824400,-246.000000,12.431914,4.653368
45.830774,-81.824400,-246.000000,12.385117,4.664192
46.350774,-81.824400,-246.000000,12.347186,4.629475
46.870774,-81.824400,-246.000000,12.170094,4.691556
47.390774,-81.824400,-246.000000,12.481487,4.662455
47.910774,-81.824400,-246.000000,12.320606,4.680424
48.430774,-81.824400,-246.000000,12.335678,4.690879
48.950774,-81.824400,-246.000000,12.300687,4.637130
49.470774,-81.824400,-246.000000,12.120160,4.627969
49.990774,-81.824400,-246.000000,12.286091,4.641407
50.510774,-81.824400,-246.000000,12.366149,4.664776
51.030774,-81.824400,-246.000000,12.397102,4.714681
51.550774,-81.824400,-246.000000,12.264434,4.633115
52.070774,-81.824400,-246.000000,12.441360,4.695062
52.590774,-81.824400,-246.000000,12.338387,4.641095
53.110774,-81.824400,-246.000000,12.212858,4.721224
53.630774,-81.824400,-246.000000,12.123885,4.679202
54.150774,-81.824400,-246.000000,12.274858,4.662621
54.670774,-81.824400,-246.000000,12.137980,4.650456
55.190774,-81.824400,-246.000000,12.154424,4.654322
55.710774,-81.824400,-246.000000,12.229040,4.667232
56.230774,-81.824400,-246.000000,12.227340,4.680924
56.750774,-81.824400,-246.000000,12.267212,4.642646
57.270774,-81.824400,-246.000000,12.242990,4.696642
57.790774,-81.824400,-246.000000,12.217528,4.675681
58.310774,-81.824400,-246.000000,12.350505,4.663355
58.830774,-81.824400,-246.000000,12.354785,4.666124
59.350774,-81.824400,-246.000000,12.268382,4.707129
59.870774,-81.824400,-246.000000,12.341186,4.693623
60.390774,-81.824400,-246.000000,12.209530,4.633096
60.910774,-81.824400,-246.000000,12.394281,4.667666
61.430774,-81.824400,-246.000000,12.115140,4.639811
61.950774,-81.824400,-246.000000,12.328898,4.658333
62.470774,-81.824400,-246.000000,12.452790,4.683072
62.990774,-81.824400,-246.000000,12.250088,4.657416
63.510774,-81.824400,-246.000000,12.392663,4.638728
64.030774,-81.824400,-246.000000,12.455845,4.658031
64.550774,-81.824400,-246.000000,12.095072,4.664824
13.070774,-81.304400,-246.000000,12.395580,4.454211
62.470774,-81.304400,-246.000000,12.374578,4.681815
13.070774,-82.344400,-245.000000,12.328243,4.469380
13.590774,-82.344400,-245.000000,12.224711,4.437393
14.110774,-82.344400,-245.000000,12.443776,4.490272
14.630774,-82.344400,-245.000000,12.331889,4.508813
15.150774,-82.344400,-245.000000,12.425006,4.530463
15.670774,-82.344400,-245.000000,12.300235,4.499379
16.190774,-82.344400,-245.000000,12.334141,4.500173
16.710774,-82.344400,-245.000000,12.321149,4.569505
17.230774,-82.344400,-245.000000,12.356255,4.563509
17.750774,-82.344400,-245.000000,12.245111,4.530334
18.270774,-82.344400,-245.000000,12.334109,4.505056
18.790774,-82.344400,-245.000000,12.422637,4.588197
19.310774,-82.344400,-245.000000,12.463748,4.632512
19.830774,-82.344400,-245.000000,12.170794,4.555732
20.350774,-82.344400,-245.000000,12.182728,4.606361
20.870774,-82.344400,-245.000000,12.169526,4.562050
21.390774,-82.344400,-245.000000,12.251850,4.588311
21.910774,-82.344400,-245.000000,11.968488,4.622342
22.430774,-82.344400,-245.000000,12.189005,4.560266
22.950774,-82.344400,-245.000000,12.306509,4.551100
23.470774,-82.344400,-245.000000,12.205058,4.578225
23.990774,-82.344400,-245.000000,12.404111,4.626027
24.510774,-82.344400,-245.000000,12.272516,4.662870
25.030774,-82.344400,-245.000000,12.261405,4.602900
25.550774,-82.344400,-245.000000,12.266242,4.604102
26.070774,-82.344400,-245.000000,12.390883,4.680905
26.590774,-82.344400,-245.000000,12.224582,4.642540
27.110774,-82.344400,-245.000000,12.329660,4.667830
27.630774,-82.344400,-245.000000,12.490201,4.610191
28.150774,-82.344400,-245.000000,12.304708,4.629075
28.670774,-82.344400,-245.000000,12.537856,4.727479
29.190774,-82.344400,-245.000000,12.048972,4.626859
29.710774,-82.344400,-245.000000,12.207706,4.635416
30.230774,-82.344400,-245.000000,12.379027,4.690450
30.750774,-82.344400,-245.000000,12.297959,4.614032
31.270774,-82.344400,-245.000000,12.572181,4.654922
31.790774,-82.344400,-245.000000,12.230137,4.630693
32.310774,-82.344400,-245.000000,12.399635,4.666080
32.830774,-82.344400,-245.000000,12.225904,4.712794
33.350774,-82.344400,-245.000000,12.314901,4.622025
33.870774,-82.344400,-245.000000,12.190304,4.645010
34.390774,-82.344400,-245.000000,12.325618,4.654357
34.910774,-82.344400,-245.000000,12.338341,4.638952
35.430774,-82.344400,-245.000000,12.267467,4.638841
35.950774,-82.344400,-245.000000,12.371367,4.656510
36.470774,-82.344400,-245.000000,12.466696,4.674284
36.990774,-82.344400,-245.000000,11.999752,4.618124
37.510774,-82.344400,-245.000000,12.588256,4.633934
38.030774,-82.344400,-245.000000,12.251196,4.639075
38.550774,-82.344400,-245.000000,12.327742,4.637709
39.070774,-82.344400,-245.000000,12.198844,4.634593
39.590774,-82.344400,-245.000000,12.294805,4.654775
40.110774,-82.344400,-245.000000,12.324618,4.670221
40.630774,-82.344400,-245.000000,12.264493,4.625242
41.150774,-82.344400,-245.000000,12.286239,4.595330
41.670774,-82.344400,-245.000000,12.174683,4.623059
42.190774,-82.344400,-245.000000,12.013991,4.676928
42.710774,-82.344400,-245.000000,12.345452,4.636088
43.230774,-82.344400,-245.000000,12.314445,4.683270
43.750774,-82.344400,-245.000000,12.391695,4.669189
44.270774,-82.344400,-245.000000,12.445788,4.659839
44.790774,-82.344400,-245.000000,12.506058,4.649062
45.310774,-82.344400,-245.000000,12.366165,4.654502
45.830774,-82.344400,-245.000000,12.021801,4.665548
46.350774,-82.344400,-245.000000,12.262927,4.647696
46.870774,-82.344400,-245.000000,12.238004,4.657325
47.390774,-82.344400,-245.000000,12.305894,4.636046
47.910774,-82.344400,-245.000000,12.319144,4.671305
48.430774,-82.344400,-245.000000,12.396399,4.661114
48.950774,-82.344400,-245.000000,12.194541,4.603423
49.470774,-82.344400,-245.000000,12.534584,4.611680
49.990774,-82.344400,-245.000000,12.386462,4.669766
50.510774,-82.344400,-245.000000,12.134602,4.661512
51.030774,-82.344400,-245.000000,12.216605,4.632808
51.550774,-82.344400,-245.000000,12.413475,4.658160
52.070774,-82.344400,-245.000000,12.128218,4.631003
52.590774,-82.344400,-245.000000,12.272573,4.639246
53.110774,-82.344400,-245.000000,12.226715,4.620798
53.630774,-82.344400,-245.000000,12.139394,4.644539
54.150774,-82.344400,-245.000000,12.147620,4.624573
54.670774,-82.344400,-245.000000,12.265524,4.623308
55.190774,-82.344400,-245.000000,12.493228,4.698144
55.710774,-82.344400,-245.000000,12.149899,4.600145
56.230774,-82.344400,-245.000000,12.340201,4.630163
56.750774,-82.344400,-245.000000,12.280645,4.654345
57.270774,-82.344400,-245.000000,12.158957,4.634702
57.790774,-82.344400,-245.000000,12.355268,4.626890
58.310774,-82.344400,-245.000000,12.172154,4.630356
58.830774,-82.344400,-245.000000,12.196848,4.603797
59.350774,-82.344400,-245.000000,12.407138,4.694793
59.870774,-82.344400,-245.000000,12.115561,4.612806
60.390774,-82.344400,-245.000000,12.260036,4.638092
60.910774,-82.344400,-245.000000,12.210498,4.674508
61.430774,-82.344400,-245.000000,12.384377,4.637946
13.070774,-81.824400,-245.000000,12.308225,4.470672
13.590774,-81.824400,-245.000000,12.188910,4.435751
14.110774,-81.824400,-245.000000,12.398238,4.484487
14.630774,-81.824400,-245.000000,12.421849,4.524729
15.150774,-81.824400,-245.000000,12.309751,4.508763
15.670774,-81.824400,-245.000000,12.340522,4.529095
16.190774,-81.824400,-245.000000,12.306191,4.505942
16.710774,-81.824400,-245.000000,12.260125,4.562771
17.230774,-81.824400,-245.000000,12.264271,4.572673
17.750774,-81.824400,-245.000000,12.384431,4.545716
18.270774,-81.824400,-245.000000,12.308208,4.517268
18.790774,-81.824400,-245.000000,12.428527,4.583817
19.310774,-81.824400,-245.000000,12.412227,4.645895
19.830774,-81.824400,-245.000000,12.149001,4.556842
20.350774,-81.824400,-245.000000,12.192822,4.631804
20.870774,-81.824400,-245.000000,12.227015,4.570461
21.390774,-81.824400,-245.000000,12.182221,4.597239
21.910774,-81.824400,-245.000000,12.031384,4.630201
22.430774,-81.824400,-245.000000,12.158633,4.551230
22.950774,-81.824400,-245.000000,12.266763,4.570500
23.470774,-81.824400,-245.000000,12.229015,4.588719
23.990774,-81.824400,-245.000000,12.358752,4.644238
24.510774,-81.824400,-245.000000,12.293229,4.664503
25.030774,-81.824400,-245.000000,12.239646,4.602499
25.550774,-81.824400,-245.000000,12.191176,4.617349
26.070774,-81.824400,-245.000000,12.421889,4.687509
26.590774,-81.824400,-245.000000,12.216296,4.660540
27.110774,-81.824400,-245.000000,12.239579,4.668071
27.630774,-81.824400,-245.000000,12.530733,4.616648
28.150774,-81.824400,-245.000000,12.240027,4.624338
28.670774,-81.824400,-245.000000,12.479713,4.719800
29.190774,-81.824400,-245.000000,12.039495,4.624393
29.710774,-81.824400,-245.000000,12.205034,4.655150
30.230774,-81.824400,-245.000000,12.448768,4.698236
30.750774,-81.824400,-245.000000,12.224031,4.604850
31.270774,-81.824400,-245.000000,12.555319,4.645244
31.790774,-81.824400,-245.000000,12.276677,4.651378
32.310774,-81.824400,-245.000000,12.407404,4.664539
32.830774,-81.824400,-245.000000,12.134119,4.707966
33.350774,-81.824400,-245.000000,12.239367,4.630649
33.870774,-81.824400,-245.000000,12.242653,4.648918
34.390774,-81.824400,-245.000000,12.262052,4.647987
34.910774,-81.824400,-245.000000,12.423215,4.650995
35.430774,-81.824400,-245.000000,12.302421,4.654329
35.950774,-81.824400,-245.000000,12.378394,4.657393
36.470774,-81.824400,-245.000000,12.429648,4.667391
36.990774,-81.824400,-245.000000,12.051582,4.632130
37.510774,-81.824400,-245.000000,12.580417,4.653178
38.030774,-81.824400,-245.000000,12.266862,4.657788
38.550774,-81.824400,-245.000000,12.202117,4.628362
39.070774,-81.824400,-245.000000,12.231452,4.638852
39.590774,-81.824400,-245.000000,12.305900,4.682520
40.110774,-81.824400,-245.000000,12.296113,4.672564
40.630774,-81.824400,-245.000000,12.315538,4.634627
41.150774,-81.824400,-245.000000,12.211424,4.592007
41.670774,-81.824400,-245.000000,12.074714,4.639585
42.190774,-81.824400,-245.000000,12.129164,4.687393
42.710774,-81.824400,-245.000000,12.337075,4.637979
43.230774,-81.824400,-245.000000,12.315792,4.690738
43.750774,-81.824400,-245.000000,12.353747,4.673254
44.270774,-81.824400,-245.000000,12.455723,4.646686
44.790774,-81.824400,-245.000000,12.408929,4.664397
45.310774,-81.824400,-245.000000,12.423993,4.668438
45.830774,-81.824400,-245.000000,12.022960,4.655107
46.350774,-81.824400,-245.000000,12.211015,4.669100
46.870774,-81.824400,-245.000000,12.222974,4.671370
47.390774,-81.824400,-245.000000,12.267913,4.629479
47.910774,-81.824400,-245.000000,12.348484,4.677500
48.430774,-81.824400,-245.000000,12.325502,4.654227
48.950774,-81.824400,-245.000000,12.217158,4.609202
49.470774,-81.824400,-245.000000,12.534759,4.621402
49.990774,-81.824400,-245.000000,12.325707,4.674370
50.510774,-81.824400,-245.000000,12.078667,4.670092
51.030774,-81.824400,-245.000000,12.276108,4.639111
51.550774,-81.824400,-245.000000,12.405906,4.654191
52.070774,-81.824400,-245.000000,12.192399,4.657966
52.590774,-81.824400,-245.000000,12.241561,4.631588
53.110774,-81.824400,-245.000000,12.227128,4.618920
53.630774,-81.824400,-245.000000,12.126979,4.644204
54.150774,-81.824400,-245.000000,12.130434,4.629797
54.670774,-81.824400,-245.000000,12.337170,4.638452
55.190774,-81.824400,-245.000000,12.449008,4.697310
55.710774,-81.824400,-245.000000,12.136403,4.585889
56.230774,-81.824400,-245.000000,12.355002,4.638760
56.750774,-81.824400,-245.000000,12.175695,4.653501
57.270774,-81.824400,-245.000000,12.222636,4.643988
57.790774,-81.824400,-245.000000,12.377151,4.645223
58.310774,-81.824400,-245.000000,12.203281,4.624824
58.830774,-81.824400,-245.000000,12.171674,4.625857
59.350774,-81.824400,-245.000000,12.343465,4.678207
59.870774,-81.824400,-245.000000,12.037269,4.628950
60.390774,-81.824400,-245.000000,12.277866,4.640803
60.910774,-81.824400,-245.000000,12.229414,4.680619
61.430774,-81.824400,-245.000000,12.355827,4.649449
61.950774,-81.824400,-245.000000,12.131128,4.618393
62.470774,-81.824400,-245.000000,12.105395,4.652269
13.070774,-81.304400,-245.000000,12.407125,4.479479
60.390774,-81.304400,-245.000000,12.179992,4.648496
61.430774,-81.304400,-245.000000,12.316242,4.652102
13.070774,-82.344400,-244.000000,12.464514,4.456311
13.590774,-82.344400,-244.000000,12.266369,4.460474
14.110774,-82.344400,-244.000000,12.411151,4.460840
14.630774,-82.344400,-244.000000,12.612043,4.459190
15.150774,-82.344400,-244.000000,12.294723,4.484420
15.670774,-82.344400,-244.000000,12.139145,4.459792
16.190774,-82.344400,-244.000000,12.175277,4.495999
16.710774,-82.344400,-244.000000,12.437050,4.503120
17.230774,-82.344400,-244.000000,12.153697,4.493816
17.750774,-82.344400,-244.000000,11.945922,4.486123
18.270774,-82.344400,-244.000000,12.190589,4.546976
18.790774,-82.344400,-244.000000,12.262897,4.557889
19.310774,-82.344400,-244.000000,12.225489,4.539351
19.830774,-82.344400,-244.000000,12.262045,4.540912
20.350774,-82.344400,-244.000000,12.223303,4.624958
20.870774,-82.344400,-244.000000,12.425257,4.614344
21.390774,-82.344400,-244.000000,12.369049,4.590489
21.910774,-82.344400,-244.000000,12.319592,4.600835
22.430774,-82.344400,-244.000000,12.396165,4.578179
22.950774,-82.344400,-244.000000,12.121512,4.562422
23.470774,-82.344400,-244.000000,12.361531,4.598540
23.990774,-82.344400,-244.000000,12.402554,4.680855
24.510774,-82.344400,-244.000000,12.201091,4.575737
25.030774,-82.344400,-244.000000,12.336307,4.592916
25.550774,-82.344400,-244.000000,12.282100,4.578543
26.070774,-82.344400,-244.000000,12.119357,4.589542
26.590774,-82.344400,-244.000000,12.284648,4.601832
27.110774,-82.344400,-244.000000,12.309881,4.608613
27.630774,-82.344400,-244.000000,12.069449,4.597989
28.150774,-82.344400,-244.000000,12.460103,4.610442
28.670774,-82.344400,-244.000000,12.206012,4.623479
29.190774,-82.344400,-244.000000,12.181857,4.571752
29.710774,-82.344400,-244.000000,12.398984,4.658639
30.230774,-82.344400,-244.000000,12.406413,4.623437
30.750774,-82.344400,-244.000000,12.137336,4.612545
31.270774,-82.344400,-244.000000,12.234466,4.583309
31.790774,-82.344400,-244.000000,12.018069,4.591125
32.310774,-82.344400,-244.000000,11.959920,4.557073
32.830774,-82.344400,-244.000000,12.122825,4.605390
33.350774,-82.344400,-244.000000,12.277098,4.632140
33.870774,-82.344400,-244.000000,12.325389,4.590917
34.390774,-82.344400,-244.000000,12.478187,4.658314
34.910774,-82.344400,-244.000000,12.307609,4.587468
35.430774,-82.344400,-244.000000,12.322929,4.585756
35.950774,-82.344400,-244.000000,12.400067,4.684268
36.470774,-82.344400,-244.000000,12.216960,4.616308
36.990774,-82.344400,-244.000000,12.126468,4.643120
37.510774,-82.344400,-244.000000,12.292717,4.615081
38.030774,-82.344400,-244.000000,12.421184,4.586365
38.550774,-82.344400,-244.000000,12.026740,4.573280
39.070774,-82.344400,-244.000000,12.151651,4.605556
39.590774,-82.344400,-244.000000,12.114680,4.617947
40.110774,-82.344400,-244.000000,12.194554,4.622221
40.630774,-82.344400,-244.000000,12.217209,4.608216
41.150774,-82.344400,-244.000000,12.270339,4.620703
41.670774,-82.344400,-244.000000,12.104720,4.660762
42.190774,-82.344400,-244.000000,12.360054,4.586423
42.710774,-82.344400,-244.000000,12.250930,4.607756
43.230774,-82.344400,-244.000000,12.498627,4.670087
43.750774,-82.344400,-244.000000,12.364260,4.645220
44.270774,-82.344400,-244.000000,12.309694,4.639884
44.790774,-82.344400,-244.000000,12.345653,4.620404
45.310774,-82.344400,-244.000000,12.168872,4.609799
45.830774,-82.344400,-244.000000,12.250702,4.624238
46.350774,-82.344400,-244.000000,12.077911,4.625070
46.870774,-82.344400,-244.000000,12.188093,4.633563
47.390774,-82.344400,-244.000000,12.235988,4.646320
47.910774,-82.344400,-244.000000,12.297973,4.623986
48.430774,-82.344400,-244.000000,12.120629,4.565209
48.950774,-82.344400,-244.000000,12.116782,4.577835
49.470774,-82.344400,-244.000000,12.285666,4.624751
49.990774,-82.344400,-244.000000,12.184772,4.569932
50.510774,-82.344400,-244.000000,12.304273,4.618495
51.030774,-82.344400,-244.000000,12.308903,4.612800
51.550774,-82.344400,-244.000000,12.390203,4.660369
52.070774,-82.344400,-244.000000,12.180722,4.596461
52.590774,-82.344400,-244.000000,12.185419,4.656490
53.110774,-82.344400,-244.000000,12.197453,4.617896
53.630774,-82.344400,-244.000000,12.251018,4.563579
54.150774,-82.344400,-244.000000,12.018704,4.658673
54.670774,-82.344400,-244.000000,12.251380,4.564904
55.190774,-82.344400,-244.000000,12.275798,4.555932
55.710774,-82.344400,-244.000000,12.122256,4.597169
56.230774,-82.344400,-244.000000,12.307872,4.612581
56.750774,-82.344400,-244.000000,12.216388,4.605445
57.270774,-82.344400,-244.000000,12.487960,4.628979
57.790774,-82.344400,-244.000000,12.025808,4.639141
58.310774,-82.344400,-244.000000,12.403102,4.573541
58.830774,-82.344400,-244.000000,12.056251,4.599340
59.350774,-82.344400,-244.000000,12.094783,4.572155
13.070774,-81.824400,-244.000000,12.491206,4.473590
13.590774,-81.824400,-244.000000,12.261909,4.467257
14.110774,-81.824400,-244.000000,12.428645,4.488142
14.630774,-81.824400,-244.000000,12.604841,4.467553
15.150774,-81.824400,-244.000000,12.348800,4.507837
15.670774,-81.824400,-244.000000,12.147044,4.478141
16.190774,-81.824400,-244.000000,12.213774,4.519036
16.710774,-81.824400,-244.000000,12.375238,4.513771
17.230774,-81.824400,-244.000000,12.227586,4.486874
17.750774,-81.824400,-244.000000,11.945437,4.489660
18.270774,-81.824400,-244.000000,12.207825,4.554668
18.790774,-81.824400,-244.000000,12.210985,4.543240
19.310774,-81.824400,-244.000000,12.207449,4.542624
19.830774,-81.824400,-244.000000,12.327924,4.564700
20.350774,-81.824400,-244.000000,12.140777,4.620369
20.870774,-81.824400,-244.000000,12.379790,4.617037
21.390774,-81.824400,-244.000000,12.416564,4.604038
21.910774,-81.824400,-244.000000,12.253356,4.620441
22.430774,-81.824400,-244.000000,12.329437,4.572351
22.950774,-81.824400,-244.000000,12.211441,4.572239
23.470774,-81.824400,-244.000000,12.334178,4.582458
23.990774,-81.824400,-244.000000,12.356517,4.666153
24.510774,-81.824400,-244.000000,12.272788,4.592729
25.030774,-81.824400,-244.000000,12.313039,4.609309
25.550774,-81.824400,-244.000000,12.299706,4.582087
26.070774,-81.824400,-244.000000,12.088611,4.586704
26.590774,-81.824400,-244.000000,12.286689,4.605815
27.110774,-81.824400,-244.000000,12.278728,4.627800
27.630774,-81.824400,-244.000000,12.149337,4.607292
28.150774,-81.824400,-244.000000,12.406987,4.629535
28.670774,-81.824400,-244.000000,12.216132,4.626502
29.190774,-81.824400,-244.000000,12.207120,4.579713
29.710774,-81.824400,-244.000000,12.402170,4.660790
30.230774,-81.824400,-244.000000,12.394431,4.634976
30.750774,-81.824400,-244.000000,12.109493,4.631070
31.270774,-81.824400,-244.000000,12.181144,4.579307
31.790774,-81.824400,-244.000000,12.001780,4.591832
32.310774,-81.824400,-244.000000,12.002079,4.572420
32.830774,-81.824400,-244.000000,12.203525,4.617933
33.350774,-81.824400,-244.000000,12.245916,4.629686
33.870774,-81.824400,-244.000000,12.349188,4.598017
34.390774,-81.824400,-244.000000,12.517222,4.673000
34.910774,-81.824400,-244.000000,12.298289,4.613788
35.430774,-81.824400,-244.000000,12.310977,4.579404
35.950774,-81.824400,-244.000000,12.366281,4.694558
36.470774,-81.824400,-244.000000,12.166774,4.610990
36.990774,-81.824400,-244.000000,12.154418,4.642015
37.510774,-81.824400,-244.000000,12.283699,4.632048
38.030774,-81.824400,-244.000000,12.478971,4.596663
38.550774,-81.824400,-244.000000,12.017802,4.590661
39.070774,-81.824400,-244.000000,12.108238,4.612836
39.590774,-81.824400,-244.000000,12.067934,4.622211
40.110774,-81.824400,-244.000000,12.178391,4.625072
40.630774,-81.824400,-244.000000,12.266430,4.636665
41.150774,-81.824400,-244.000000,12.236164,4.626153
41.670774,-81.824400,-244.000000,12.101228,4.679265
42.190774,-81.824400,-244.000000,12.267982,4.580052
42.710774,-81.824400,-244.000000,12.291421,4.610857
43.230774,-81.824400,-244.000000,12.502443,4.676882
43.750774,-81.824400,-244.000000,12.303552,4.648279
44.270774,-81.824400,-244.000000,12.282342,4.672698
44.790774,-81.824400,-244.000000,12.366895,4.611039
45.310774,-81.824400,-244.000000,12.164760,4.607385
45.830774,-81.824400,-244.000000,12.153721,4.616360
46.350774,-81.824400,-244.000000,12.144244,4.639318
46.870774,-81.824400,-244.000000,12.218268,4.646282
47.390774,-81.824400,-244.000000,12.202151,4.649218
47.910774,-81.824400,-244.000000,12.329528,4.641714
48.430774,-81.824400,-244.000000,12.189115,4.586336
48.950774,-81.824400,-244.000000,12.114310,4.608177
49.470774,-81.824400,-244.000000,12.321806,4.618830
49.990774,-81.824400,-244.000000,12.064526,4.570283
50.510774,-81.824400,-244.000000,12.352225,4.630876
51.030774,-81.824400,-244.000000,12.319457,4.632202
51.550774,-81.824400,-244.000000,12.232519,4.639499
52.070774,-81.824400,-244.000000,12.242612,4.612281
52.590774,-81.824400,-244.000000,12.155166,4.661264
53.110774,-81.824400,-244.000000,12.184585,4.621911
53.630774,-81.824400,-244.000000,12.278934,4.561431
54.150774,-81.824400,-244.000000,11.992934,4.650160
54.670774,-81.824400,-244.000000,12.197902,4.593521
55.190774,-81.824400,-244.000000,12.299705,4.562397
55.710774,-81.824400,-244.000000,12.131514,4.609463
56.230774,-81.824400,-244.000000,12.231333,4.619760
56.750774,-81.824400,-244.000000,12.191926,4.616265
57.270774,-81.824400,-244.000000,12.463810,4.639418
57.790774,-81.824400,-244.000000,12.038842,4.634847
58.310774,-81.824400,-244.000000,12.451979,4.598618
58.830774,-81.824400,-244.000000,12.073461,4.589716
59.350774,-81.824400,-244.000000,12.122304,4.577886
59.870774,-81.824400,-244.000000,12.076095,4.626643
57.790774,-81.304400,-244.000000,12.167897,4.643179
59.350774,-81.304400,-244.000000,12.129340,4.589638
13.070774,-82.344400,-243.000000,12.139517,4.304574
13.590774,-82.344400,-243.000000,12.234639,4.399721
14.110774,-82.344400,-243.000000,12.161492,4.429750
14.630774,-82.344400,-243.000000,12.410411,4.438061
15.150774,-82.344400,-243.000000,12.420917,4.468446
15.670774,-82.344400,-243.000000,12.234447,4.483009
16.190774,-82.344400,-243.000000,12.236381,4.451912
16.710774,-82.344400,-243.000000,12.401320,4.539240
17.230774,-82.344400,-243.000000,12.251721,4.513341
17.750774,-82.344400,-243.000000,12.178677,4.522560
18.270774,-82.344400,-243.000000,12.477729,4.487062
18.790774,-82.344400,-243.000000,12.226370,4.523615
19.310774,-82.344400,-243.000000,12.416029,4.458944
19.830774,-82.344400,-243.000000,12.328280,4.515463
20.350774,-82.344400,-243.000000,12.014935,4.481522
20.870774,-82.344400,-243.000000,11.944251,4.508572
21.390774,-82.344400,-243.000000,12.007052,4.497361
21.910774,-82.344400,-243.000000,12.335963,4.501894
22.430774,-82.344400,-243.000000,12.390134,4.544109
22.950774,-82.344400,-243.000000,12.169311,4.536337
23.470774,-82.344400,-243.000000,12.187521,4.539953
23.990774,-82.344400,-243.000000,12.059748,4.521801
24.510774,-82.344400,-243.000000,12.349422,4.551310
25.030774,-82.344400,-243.000000,11.960725,4.513229
25.550774,-82.344400,-243.000000,12.402043,4.586118
26.070774,-82.344400,-243.000000,12.244195,4.608752
26.590774,-82.344400,-243.000000,12.140812,4.541332
27.110774,-82.344400,-243.000000,12.249807,4.521082
27.630774,-82.344400,-243.000000,12.181258,4.577744
28.150774,-82.344400,-243.000000,12.128212,4.560262
28.670774,-82.344400,-243.000000,11.944368,4.505060
29.190774,-82.344400,-243.000000,11.966072,4.515998
29.710774,-82.344400,-243.000000,12.132323,4.536927
30.230774,-82.344400,-243.000000,12.255724,4.567161
30.750774,-82.344400,-243.000000,12.285610,4.557878
31.270774,-82.344400,-243.000000,12.168244,4.529796
31.790774,-82.344400,-243.000000,12.082298,4.538470
32.310774,-82.344400,-243.000000,12.097775,4.515954
32.830774,-82.344400,-243.000000,12.145720,4.503149
33.350774,-82.344400,-243.000000,12.120873,4.573794
33.870774,-82.344400,-243.000000,12.152726,4.566713
34.390774,-82.344400,-243.000000,12.418544,4.620784
34.910774,-82.344400,-243.000000,12.238029,4.519117
35.430774,-82.344400,-243.000000,12.100073,4.554796
35.950774,-82.344400,-243.000000,12.145785,4.536090
36.470774,-82.344400,-243.000000,12.227975,4.601938
36.990774,-82.344400,-243.000000,11.989221,4.548298
37.510774,-82.344400,-243.000000,12.129236,4.594097
38.030774,-82.344400,-243.000000,12.204365,4.526161
38.550774,-82.344400,-243.000000,12.029847,4.568642
39.070774,-82.344400,-243.000000,12.106277,4.511907
39.590774,-82.344400,-243.000000,12.105247,4.531233
40.110774,-82.344400,-243.000000,12.179787,4.564865
40.630774,-82.344400,-243.000000,12.378634,4.610993
41.150774,-82.344400,-243.000000,12.064204,4.543561
41.670774,-82.344400,-243.000000,12.054008,4.541886
42.190774,-82.344400,-243.000000,12.131925,4.558202
42.710774,-82.344400,-243.000000,12.143311,4.564128
43.230774,-82.344400,-243.000000,12.308660,4.544908
43.750774,-82.344400,-243.000000,11.917397,4.508385
44.270774,-82.344400,-243.000000,12.256390,4.548226
44.790774,-82.344400,-243.000000,12.213885,4.548817
45.310774,-82.344400,-243.000000,12.045794,4.551859
45.830774,-82.344400,-243.000000,11.984686,4.512987
46.350774,-82.344400,-243.000000,12.010587,4.568558
46.870774,-82.344400,-243.000000,12.242136,4.601356
47.390774,-82.344400,-243.000000,12.091926,4.543469
47.910774,-82.344400,-243.000000,11.983326,4.549451
48.430774,-82.344400,-243.000000,12.057943,4.586784
48.950774,-82.344400,-243.000000,12.231930,4.561850
49.470774,-82.344400,-243.000000,12.051991,4.607394
49.990774,-82.344400,-243.000000,12.257674,4.590361
50.510774,-82.344400,-243.000000,12.277205,4.572850
51.030774,-82.344400,-243.000000,12.096505,4.569813
51.550774,-82.344400,-243.000000,12.052352,4.531277
52.070774,-82.344400,-243.000000,12.054948,4.562036
52.590774,-82.344400,-243.000000,12.103977,4.557310
53.110774,-82.344400,-243.000000,12.462913,4.576610
53.630774,-82.344400,-243.000000,12.319520,4.627322
54.150774,-82.344400,-243.000000,12.020184,4.564030
54.670774,-82.344400,-243.000000,12.041891,4.495115
55.190774,-82.344400,-243.000000,12.067615,4.589295
55.710774,-82.344400,-243.000000,12.182502,4.587303
56.230774,-82.344400,-243.000000,12.213360,4.588489
56.750774,-82.344400,-243.000000,12.141267,4.579071
13.070774,-81.824400,-243.000000,12.230637,4.313879
13.590774,-81.824400,-243.000000,12.222631,4.402472
14.110774,-81.824400,-243.000000,12.077025,4.425257
14.630774,-81.824400,-243.000000,12.377326,4.433067
15.150774,-81.824400,-243.000000,12.454425,4.472379
15.670774,-81.824400,-243.000000,12.249230,4.483932
16.190774,-81.824400,-243.000000,12.178053,4.447271
16.710774,-81.824400,-243.000000,12.441477,4.550725
17.230774,-81.824400,-243.000000,12.197875,4.503291
17.750774,-81.824400,-243.000000,12.183784,4.546092
18.270774,-81.824400,-243.000000,12.439246,4.487613
18.790774,-81.824400,-243.000000,12.272688,4.527287
19.310774,-81.824400,-243.000000,12.387794,4.478609
19.830774,-81.824400,-243.000000,12.296758,4.509897
20.350774,-81.824400,-243.000000,11.986010,4.483909
20.870774,-81.824400,-243.000000,11.931738,4.514004
21.390774,-81.824400,-243.000000,12.065291,4.511889
21.910774,-81.824400,-243.000000,12.314802,4.522265
22.430774,-81.824400,-243.000000,12.397411,4.567543
22.950774,-81.824400,-243.000000,12.135296,4.529287
23.470774,-81.824400,-243.000000,12.210425,4.547438
23.990774,-81.824400,-243.000000,12.051229,4.544220
24.510774,-81.824400,-243.000000,12.291535,4.543244
25.030774,-81.824400,-243.000000,11.972014,4.502205
25.550774,-81.824400,-243.000000,12.356476,4.590641
26.070774,-81.824400,-243.000000,12.301811,4.609980
26.590774,-81.824400,-243.000000,12.083129,4.561578
27.110774,-81.824400,-243.000000,12.270402,4.519962
27.630774,-81.824400,-243.000000,12.217224,4.588729
28.150774,-81.824400,-243.000000,12.099552,4.589505
28.670774,-81.824400,-243.000000,11.900504,4.500017
29.190774,-81.824400,-243.000000,11.948945,4.524332
29.710774,-81.824400,-243.000000,12.098590,4.536103
30.230774,-81.824400,-243.000000,12.193597,4.578433
30.750774,-81.824400,-243.000000,12.280478,4.568122
31.270774,-81.824400,-243.000000,12.144760,4.532769
31.790774,-81.824400,-243.000000,12.030480,4.529718
32.310774,-81.824400,-243.000000,12.080878,4.529512
32.830774,-81.824400,-243.000000,12.106459,4.512996
33.350774,-81.824400,-243.000000,12.164615,4.589686
33.870774,-81.824400,-243.000000,12.136416,4.574875
34.390774,-81.824400,-243.000000,12.335910,4.596463
34.910774,-81.824400,-243.000000,12.249091,4.524854
35.430774,-81.824400,-243.000000,12.112336,4.571950
35.950774,-81.824400,-243.000000,12.169673,4.546869
36.470774,-81.824400,-243.000000,12.236141,4.603090
36.990774,-81.824400,-243.000000,12.001320,4.551089
37.510774,-81.824400,-243.000000,12.109815,4.584826
38.030774,-81.824400,-243.000000,12.175241,4.534286
38.550774,-81.824400,-243.000000,12.071365,4.574455
39.070774,-81.824400,-243.000000,12.091843,4.525673
39.590774,-81.824400,-243.000000,12.156208,4.542430
40.110774,-81.824400,-243.000000,12.161454,4.563065
40.630774,-81.824400,-243.000000,12.359195,4.611053
41.150774,-81.824400,-243.000000,12.049924,4.553688
41.670774,-81.824400,-243.000000,12.033940,4.552676
42.190774,-81.824400,-243.000000,12.179343,4.579118
42.710774,-81.824400,-243.000000,12.119590,4.574233
43.230774,-81.824400,-243.000000,12.205631,4.536576
43.750774,-81.824400,-243.000000,11.947184,4.505490
44.270774,-81.824400,-243.000000,12.198738,4.554669
44.790774,-81.824400,-243.000000,12.293613,4.565452
45.310774,-81.824400,-243.000000,12.016612,4.555617
45.830774,-81.824400,-243.000000,11.882468,4.506550
46.350774,-81.824400,-243.000000,12.036502,4.582377
46.870774,-81.824400,-243.000000,12.104447,4.577075
47.390774,-81.824400,-243.000000,12.113598,4.549480
47.910774,-81.824400,-243.000000,12.044757,4.564204
48.430774,-81.824400,-243.000000,12.037284,4.593616
48.950774,-81.824400,-243.000000,12.272978,4.582565
49.470774,-81.824400,-243.000000,11.901352,4.588033
49.990774,-81.824400,-243.000000,12.342876,4.593884
50.510774,-81.824400,-243.000000,12.207142,4.572415
51.030774,-81.824400,-243.000000,12.117273,4.602127
51.550774,-81.824400,-243.000000,12.015752,4.518369
52.070774,-81.824400,-243.000000,12.059266,4.564677
52.590774,-81.824400,-243.000000,12.043815,4.574095
53.110774,-81.824400,-243.000000,12.499148,4.574093
53.630774,-81.824400,-243.000000,12.275453,4.642796
54.150774,-81.824400,-243.000000,12.018577,4.563179
54.670774,-81.824400,-243.000000,12.079046,4.511367
55.190774,-81.824400,-243.000000,12.028828,4.590259
55.710774,-81.824400,-243.000000,12.184830,4.590806
56.230774,-81.824400,-243.000000,12.250970,4.588018
56.750774,-81.824400,-243.000000,12.165645,4.583122
57.270774,-81.824400,-243.000000,12.424779,4.569017
57.790774,-81.824400,-243.000000,12.162372,4.598064
13.070774,-81.304400,-243.000000,12.260592,4.318700
55.710774,-81.304400,-243.000000,12.221685,4.593311
56.750774,-81.304400,-243.000000,12.134803,4.569801
13.070774,-82.344400,-242.000000,12.027556,4.226757
13.590774,-82.344400,-242.000000,11.975135,4.281402
14.110774,-82.344400,-242.000000,12.118736,4.306727
14.630774,-82.344400,-242.000000,12.140348,4.357271
15.150774,-82.344400,-242.000000,12.101665,4.371631
15.670774,-82.344400,-242.000000,12.166286,4.353471
16.190774,-82.344400,-242.000000,12.228374,4.421876
16.710774,-82.344400,-242.000000,12.203753,4.364786
17.230774,-82.344400,-242.000000,12.054464,4.401073
17.750774,-82.344400,-242.000000,12.044414,4.426110
18.270774,-82.344400,-242.000000,12.021440,4.438972
18.790774,-82.344400,-242.000000,12.156754,4.378268
19.310774,-82.344400,-242.000000,12.007187,4.402428
19.830774,-82.344400,-242.000000,12.002478,4.407044
20.350774,-82.344400,-242.000000,12.086974,4.449478
20.870774,-82.344400,-242.000000,12.136816,4.522042
21.390774,-82.344400,-242.000000,11.907527,4.407304
21.910774,-82.344400,-242.000000,12.139880,4.439296
22.430774,-82.344400,-242.000000,12.083465,4.462763
22.950774,-82.344400,-242.000000,12.157862,4.447972
23.470774,-82.344400,-242.000000,11.930787,4.420278
23.990774,-82.344400,-242.000000,11.966903,4.469180
24.510774,-82.344400,-242.000000,12.187678,4.477178
25.030774,-82.344400,-242.000000,11.904173,4.447551
25.550774,-82.344400,-242.000000,12.400813,4.489793
26.070774,-82.344400,-242.000000,11.897217,4.408468
26.590774,-82.344400,-242.000000,12.126227,4.438385
27.110774,-82.344400,-242.000000,12.133854,4.506140
27.630774,-82.344400,-242.000000,11.945693,4.495110
28.150774,-82.344400,-242.000000,12.133193,4.489127
28.670774,-82.344400,-242.000000,12.103992,4.465298
29.190774,-82.344400,-242.000000,12.152135,4.448070
29.710774,-82.344400,-242.000000,12.188537,4.495983
30.230774,-82.344400,-242.000000,12.023242,4.494724
30.750774,-82.344400,-242.000000,12.174991,4.522605
31.270774,-82.344400,-242.000000,12.191176,4.459092
31.790774,-82.344400,-242.000000,12.403457,4.531715
32.310774,-82.344400,-242.000000,12.219419,4.482608
32.830774,-82.344400,-242.000000,11.895612,4.474594
33.350774,-82.344400,-242.000000,12.194121,4.514759
33.870774,-82.344400,-242.000000,11.873856,4.442276
34.390774,-82.344400,-242.000000,12.120458,4.520580
34.910774,-82.344400,-242.000000,12.037719,4.444842
35.430774,-82.344400,-242.000000,12.150336,4.501029
35.950774,-82.344400,-242.000000,12.113308,4.465916
36.470774,-82.344400,-242.000000,12.123415,4.452533
36.990774,-82.344400,-242.000000,12.203220,4.492086
37.510774,-82.344400,-242.000000,12.227155,4.537875
38.030774,-82.344400,-242.000000,12.129687,4.514531
38.550774,-82.344400,-242.000000,12.092841,4.479872
39.070774,-82.344400,-242.000000,12.065879,4.475646
39.590774,-82.344400,-242.000000,11.980151,4.526933
40.110774,-82.344400,-242.000000,12.181372,4.503375
40.630774,-82.344400,-242.000000,12.031430,4.474744
41.150774,-82.344400,-242.000000,12.198340,4.476850
41.670774,-82.344400,-242.000000,11.990766,4.538652
42.190774,-82.344400,-242.000000,11.969087,4.480910
42.710774,-82.344400,-242.000000,11.976672,4.470396
43.230774,-82.344400,-242.000000,12.106908,4.516693
43.750774,-82.344400,-242.000000,12.093122,4.535246
44.270774,-82.344400,-242.000000,12.233282,4.519991
44.790774,-82.344400,-242.000000,12.285441,4.489685
45.310774,-82.344400,-242.000000,12.209754,4.468258
45.830774,-82.344400,-242.000000,12.033743,4.524935
46.350774,-82.344400,-242.000000,11.980851,4.459506
46.870774,-82.344400,-242.000000,11.979752,4.465226
47.390774,-82.344400,-242.000000,11.855984,4.459665
47.910774,-82.344400,-242.000000,12.346225,4.518491
48.430774,-82.344400,-242.000000,11.995816,4.532818
48.950774,-82.344400,-242.000000,12.210406,4.551487
49.470774,-82.344400,-242.000000,12.022043,4.488259
49.990774,-82.344400,-242.000000,11.806340,4.444731
50.510774,-82.344400,-242.000000,11.699909,4.486232
51.030774,-82.344400,-242.000000,12.050181,4.451899
51.550774,-82.344400,-242.000000,11.924182,4.471540
52.070774,-82.344400,-242.000000,11.867026,4.486846
52.590774,-82.344400,-242.000000,11.803374,4.468474
53.110774,-82.344400,-242.000000,11.738122,4.433148
53.630774,-82.344400,-242.000000,12.242934,4.537503
54.150774,-82.344400,-242.000000,12.142062,4.572497
54.670774,-82.344400,-242.000000,12.256195,4.482941
13.070774,-81.824400,-242.000000,12.036801,4.235386
13.590774,-81.824400,-242.000000,11.986691,4.300818
14.110774,-81.824400,-242.000000,12.089921,4.305951
14.630774,-81.824400,-242.000000,12.087505,4.363430
15.150774,-81.824400,-242.000000,12.101918,4.368982
15.670774,-81.824400,-242.000000,12.173009,4.362023
16.190774,-81.824400,-242.000000,12.226708,4.440350
16.710774,-81.824400,-242.000000,12.153358,4.390331
17.230774,-81.824400,-242.000000,12.082890,4.409396
17.750774,-81.824400,-242.000000,12.110248,4.458522
18.270774,-81.824400,-242.000000,12.075054,4.446230
18.790774,-81.824400,-242.000000,12.099044,4.375450
19.310774,-81.824400,-242.000000,12.019951,4.411075
19.830774,-81.824400,-242.000000,12.040102,4.427849
20.350774,-81.824400,-242.000000,12.064145,4.447924
20.870774,-81.824400,-242.000000,12.111621,4.516313
21.390774,-81.824400,-242.000000,11.880157,4.426339
21.910774,-81.824400,-242.000000,12.115969,4.450061
22.430774,-81.824400,-242.000000,12.098969,4.474073
22.950774,-81.824400,-242.000000,12.134277,4.452568
23.470774,-81.824400,-242.000000,11.919513,4.435779
23.990774,-81.824400,-242.000000,12.005186,4.491264
24.510774,-81.824400,-242.000000,12.129854,4.478260
25.030774,-81.824400,-242.000000,11.901040,4.451689
25.550774,-81.824400,-242.000000,12.358275,4.493345
26.070774,-81.824400,-242.000000,11.915854,4.422046
26.590774,-81.824400,-242.000000,12.060612,4.455109
27.110774,-81.824400,-242.000000,12.111844,4.517493
27.630774,-81.824400,-242.000000,11.944673,4.504336
28.150774,-81.824400,-242.000000,12.172946,4.501164
28.670774,-81.824400,-242.000000,12.111537,4.481836
29.190774,-81.824400,-242.000000,12.141612,4.469544
29.710774,-81.824400,-242.000000,12.149027,4.498682
30.230774,-81.824400,-242.000000,11.970130,4.495810
30.750774,-81.824400,-242.000000,12.267777,4.522819
31.270774,-81.824400,-242.000000,12.206819,4.487068
31.790774,-81.824400,-242.000000,12.429733,4.556019
32.310774,-81.824400,-242.000000,12.233757,4.491591
32.830774,-81.824400,-242.000000,11.873454,4.481098
33.350774,-81.824400,-242.000000,12.099879,4.517392
33.870774,-81.824400,-242.000000,11.963792,4.463450
34.390774,-81.824400,-242.000000,12.200506,4.520783
34.910774,-81.824400,-242.000000,11.956275,4.461527
35.430774,-81.824400,-242.000000,12.183555,4.501777
35.950774,-81.824400,-242.000000,12.050710,4.457502
36.470774,-81.824400,-242.000000,12.196457,4.473026
36.990774,-81.824400,-242.000000,12.176208,4.517562
37.510774,-81.824400,-242.000000,12.232634,4.553261
38.030774,-81.824400,-242.000000,12.159294,4.524399
38.550774,-81.824400,-242.000000,12.048939,4.481297
39.070774,-81.824400,-242.000000,12.070637,4.496415
39.590774,-81.824400,-242.000000,11.946169,4.528849
40.110774,-81.824400,-242.000000,12.119991,4.501092
40.630774,-81.824400,-242.000000,12.093558,4.499906
41.150774,-81.824400,-242.000000,12.157332,4.476475
41.670774,-81.824400,-242.000000,11.963202,4.538985
42.190774,-81.824400,-242.000000,12.010074,4.498250
42.710774,-81.824400,-242.000000,11.995605,4.481800
43.230774,-81.824400,-242.000000,12.094569,4.538684
43.750774,-81.824400,-242.000000,12.100438,4.547133
44.270774,-81.824400,-242.000000,12.210819,4.529055
44.790774,-81.824400,-242.000000,12.234855,4.480916
45.310774,-81.824400,-242.000000,12.240825,4.491123
45.830774,-81.824400,-242.000000,12.095734,4.526799
46.350774,-81.824400,-242.000000,11.925480,4.453816
46.870774,-81.824400,-242.000000,12.009338,4.480668
47.390774,-81.824400,-242.000000,11.899505,4.473527
47.910774,-81.824400,-242.000000,12.305626,4.542429
48.430774,-81.824400,-242.000000,12.032928,4.536524
48.950774,-81.824400,-242.000000,12.184558,4.558055
49.470774,-81.824400,-242.000000,12.035742,4.506444
49.990774,-81.824400,-242.000000,11.822875,4.461675
50.510774,-81.824400,-242.000000,11.733101,4.494390
51.030774,-81.824400,-242.000000,12.018649,4.451007
51.550774,-81.824400,-242.000000,11.946891,4.490576
52.070774,-81.824400,-242.000000,11.875911,4.498941
52.590774,-81.824400,-242.000000,11.922258,4.492187
53.110774,-81.824400,-242.000000,11.663893,4.440724
53.630774,-81.824400,-242.000000,12.276568,4.566226
54.150774,-81.824400,-242.000000,12.097566,4.554769
54.670774,-81.824400,-242.000000,12.167171,4.486365
55.190774,-81.824400,-242.000000,12.148848,4.480276
13.070774,-81.304400,-242.000000,11.996103,4.262681
13.590774,-81.304400,-242.000000,12.091300,4.321221
14.110774,-81.304400,-242.000000,12.091041,4.307703
14.630774,-81.304400,-242.000000,12.055450,4.364530
16.710774,-81.304400,-242.000000,12.152218,4.401200
26.070774,-81.304400,-242.000000,11.969254,4.445376
26.590774,-81.304400,-242.000000,11.964624,4.447938
27.110774,-81.304400,-242.000000,12.131108,4.525108
27.630774,-81.304400,-242.000000,11.897328,4.514977
28.150774,-81.304400,-242.000000,12.101667,4.484941
28.670774,-81.304400,-242.000000,12.182557,4.492641
29.710774,-81.304400,-242.000000,12.050720,4.488456
30.230774,-81.304400,-242.000000,11.974406,4.499300
30.750774,-81.304400,-242.000000,12.239402,4.519825
33.350774,-81.304400,-242.000000,12.012601,4.524127
53.110774,-81.304400,-242.000000,11.626388,4.455316
54.670774,-81.304400,-242.000000,12.176721,4.489685
42.190774,-82.344400,-241.000000,11.730964,4.323565
42.710774,-82.344400,-241.000000,11.741591,4.375849
43.230774,-82.344400,-241.000000,11.741824,4.366853
43.750774,-82.344400,-241.000000,11.821319,4.345068
44.270774,-82.344400,-241.000000,11.984006,4.330138
44.790774,-82.344400,-241.000000,11.715067,4.341162
45.310774,-82.344400,-241.000000,11.617584,4.306409
45.830774,-82.344400,-241.000000,11.677292,4.320978
46.350774,-82.344400,-241.000000,11.760833,4.351724
46.870774,-82.344400,-241.000000,11.827246,4.386990
47.390774,-82.344400,-241.000000,11.887594,4.346826
47.910774,-82.344400,-241.000000,12.014703,4.373224
48.430774,-82.344400,-241.000000,11.780770,4.311624
48.950774,-82.344400,-241.000000,11.861648,4.297282
49.470774,-82.344400,-241.000000,11.799042,4.398017
49.990774,-82.344400,-241.000000,11.873818,4.436017
50.510774,-82.344400,-241.000000,11.717199,4.333465
51.030774,-82.344400,-241.000000,11.736951,4.290091
51.550774,-82.344400,-241.000000,11.742374,4.321033
52.070774,-82.344400,-241.000000,11.739702,4.333486
33.870774,-81.824400,-241.000000,12.064036,4.348718
34.390774,-81.824400,-241.000000,11.812842,4.363859
34.910774,-81.824400,-241.000000,11.878090,4.371451
35.430774,-81.824400,-241.000000,12.051004,4.310597
35.950774,-81.824400,-241.000000,11.792580,4.349477
36.470774,-81.824400,-241.000000,11.773514,4.309187
36.990774,-81.824400,-241.000000,11.640573,4.335330
37.510774,-81.824400,-241.000000,12.021108,4.330190
38.030774,-81.824400,-241.000000,11.952874,4.379311
38.550774,-81.824400,-241.000000,11.931994,4.369766
39.070774,-81.824400,-241.000000,11.729955,4.357040
39.590774,-81.824400,-241.000000,11.670421,4.378891
40.110774,-81.824400,-241.000000,11.934206,4.371250
40.630774,-81.824400,-241.000000,11.903319,4.377536
41.150774,-81.824400,-241.000000,11.791495,4.337112
41.670774,-81.824400,-241.000000,11.975879,4.381821
42.190774,-81.824400,-241.000000,11.722032,4.326578
42.710774,-81.824400,-241.000000,11.786258,4.370719
43.230774,-81.824400,-241.000000,11.799397,4.369491
43.750774,-81.824400,-241.000000,11.765034,4.348278
44.270774,-81.824400,-241.000000,12.001164,4.355289
44.790774,-81.824400,-241.000000,11.703040,4.339089
45.310774,-81.824400,-241.000000,11.636324,4.338501
45.830774,-81.824400,-241.000000,11.674518,4.306436
46.350774,-81.824400,-241.000000,11.741822,4.361192
46.870774,-81.824400,-241.000000,11.800460,4.398938
47.390774,-81.824400,-241.000000,11.819034,4.349205
47.910774,-81.824400,-241.000000,11.956842,4.387088
48.430774,-81.824400,-241.000000,11.762845,4.310216
48.950774,-81.824400,-241.000000,11.823979,4.311676
49.470774,-81.824400,-241.000000,11.761715,4.408467
49.990774,-81.824400,-241.000000,11.878334,4.451588
50.510774,-81.824400,-241.000000,11.676558,4.341179
51.030774,-81.824400,-241.000000,11.761877,4.310634
51.550774,-81.824400,-241.000000,11.738055,4.330813
52.070774,-81.824400,-241.000000,11.752528,4.346756
52.590774,-81.824400,-241.000000,11.863650,4.355842
53.110774,-81.824400,-241.000000,11.814882,4.368946
42.710774,-81.304400,-241.000000,11.821770,4.386740
43.230774,-81.304400,-241.000000,11.800743,4.374916
43.750774,-81.304400,-241.000000,11.798129,4.366816
44.270774,-81.304400,-241.000000,11.961044,4.350622
44.790774,-81.304400,-241.000000,11.721820,4.355984
45.310774,-81.304400,-241.000000,11.571525,4.337598
46.350774,-81.304400,-241.000000,11.796323,4.385799
46.870774,-81.304400,-241.000000,11.760939,4.389366
47.390774,-81.304400,-241.000000,11.765174,4.364494
47.910774,-81.304400,-241.000000,11.951092,4.386386
52.070774,-81.304400,-241.000000,11.841621,4.366052
