x_mm,y_mm,z_mm,LET_keV_per_um,Physical_dose
13.590774,-82.344400,-284.000000,12.185187,1.742129
14.110774,-82.344400,-284.000000,11.997222,1.728940
14.630774,-82.344400,-284.000000,12.124308,1.741278
15.150774,-82.344400,-284.000000,12.158007,1.744193
15.670774,-82.344400,-284.000000,12.131943,1.757075
16.190774,-82.344400,-284.000000,12.135810,1.766493
16.710774,-82.344400,-284.000000,12.030191,1.764997
17.230774,-82.344400,-284.000000,11.982795,1.752601
17.750774,-82.344400,-284.000000,12.171473,1.782072
18.270774,-82.344400,-284.000000,12.042747,1.774074
18.790774,-82.344400,-284.000000,12.243132,1.773118
19.310774,-82.344400,-284.000000,11.869803,1.743451
19.830774,-82.344400,-284.000000,11.986244,1.780611
20.350774,-82.344400,-284.000000,12.207503,1.800371
20.870774,-82.344400,-284.000000,11.838537,1.786757
21.390774,-82.344400,-284.000000,11.956685,1.799906
21.910774,-82.344400,-284.000000,11.986460,1.803587
22.430774,-82.344400,-284.000000,12.220063,1.817327
22.950774,-82.344400,-284.000000,12.189430,1.790134
23.470774,-82.344400,-284.000000,12.186145,1.795135
23.990774,-82.344400,-284.000000,12.029719,1.775016
24.510774,-82.344400,-284.000000,12.084043,1.799183
25.030774,-82.344400,-284.000000,11.980788,1.808119
25.550774,-82.344400,-284.000000,12.170397,1.802217
26.070774,-82.344400,-284.000000,12.014971,1.797881
26.590774,-82.344400,-284.000000,12.183331,1.801526
27.110774,-82.344400,-284.000000,11.976008,1.800738
27.630774,-82.344400,-284.000000,12.251009,1.804923
28.150774,-82.344400,-284.000000,12.181025,1.796166
28.670774,-82.344400,-284.000000,12.258635,1.802274
29.190774,-82.344400,-284.000000,11.871553,1.793491
29.710774,-82.344400,-284.000000,12.051006,1.801989
30.230774,-82.344400,-284.000000,11.938340,1.812845
30.750774,-82.344400,-284.000000,11.747795,1.807968
31.270774,-82.344400,-284.000000,12.127705,1.811815
31.790774,-82.344400,-284.000000,12.198805,1.808570
32.310774,-82.344400,-284.000000,11.973378,1.787575
32.830774,-82.344400,-284.000000,12.162620,1.776196
33.350774,-82.344400,-284.000000,12.054523,1.805552
33.870774,-82.344400,-284.000000,12.057554,1.795251
34.390774,-82.344400,-284.000000,11.941960,1.804854
34.910774,-82.344400,-284.000000,12.121428,1.807592
35.430774,-82.344400,-284.000000,12.048162,1.815970
35.950774,-82.344400,-284.000000,12.108665,1.802251
36.470774,-82.344400,-284.000000,12.224314,1.789823
36.990774,-82.344400,-284.000000,12.054713,1.810781
37.510774,-82.344400,-284.000000,12.002972,1.800390
38.030774,-82.344400,-284.000000,12.074375,1.797003
38.550774,-82.344400,-284.000000,11.978603,1.793595
39.070774,-82.344400,-284.000000,12.059380,1.793574
39.590774,-82.344400,-284.000000,11.833508,1.775549
40.110774,-82.344400,-284.000000,11.952042,1.815686
40.630774,-82.344400,-284.000000,11.988605,1.808204
41.150774,-82.344400,-284.000000,12.055820,1.802474
41.670774,-82.344400,-284.000000,12.106494,1.811132
42.190774,-82.344400,-284.000000,12.044600,1.800382
42.710774,-82.344400,-284.000000,12.123311,1.810523
43.230774,-82.344400,-284.000000,12.114511,1.793873
43.750774,-82.344400,-284.000000,12.019571,1.808144
44.270774,-82.344400,-284.000000,12.284932,1.794440
44.790774,-82.344400,-284.000000,12.126624,1.825581
45.310774,-82.344400,-284.000000,11.838634,1.788313
45.830774,-82.344400,-284.000000,12.043907,1.802664
46.350774,-82.344400,-284.000000,11.992919,1.808936
46.870774,-82.344400,-284.000000,12.104469,1.793643
47.390774,-82.344400,-284.000000,11.987988,1.801945
47.910774,-82.344400,-284.000000,12.102939,1.816347
48.430774,-82.344400,-284.000000,11.921678,1.799919
48.950774,-82.344400,-284.000000,11.997891,1.809301
49.470774,-82.344400,-284.000000,12.193325,1.808253
49.990774,-82.344400,-284.000000,12.135327,1.813964
50.510774,-82.344400,-284.000000,12.036923,1.787884
51.030774,-82.344400,-284.000000,12.010633,1.802370
13.070774,-81.824400,-284.000000,12.188700,1.730774
13.590774,-81.824400,-284.000000,12.183435,1.742979
14.110774,-81.824400,-284.000000,11.948677,1.733642
14.630774,-81.824400,-284.000000,12.112133,1.746247
15.150774,-81.824400,-284.000000,12.168513,1.747877
15.670774,-81.824400,-284.000000,12.036147,1.766154
16.190774,-81.824400,-284.000000,12.091340,1.770160
16.710774,-81.824400,-284.000000,12.050412,1.764413
17.230774,-81.824400,-284.000000,12.028380,1.761227
17.750774,-81.824400,-284.000000,12.217443,1.784794
18.270774,-81.824400,-284.000000,12.022799,1.776910
18.790774,-81.824400,-284.000000,12.241618,1.779727
19.310774,-81.824400,-284.000000,11.904174,1.751052
19.830774,-81.824400,-284.000000,11.959127,1.779123
20.350774,-81.824400,-284.000000,12.181751,1.810119
20.870774,-81.824400,-284.000000,11.911103,1.787703
21.390774,-81.824400,-284.000000,11.833783,1.800783
21.910774,-81.824400,-284.000000,12.037028,1.811665
22.430774,-81.824400,-284.000000,12.260032,1.823325
22.950774,-81.824400,-284.000000,12.228750,1.795229
23.470774,-81.824400,-284.000000,12.117484,1.803231
23.990774,-81.824400,-284.000000,12.027699,1.776514
24.510774,-81.824400,-284.000000,12.047168,1.803789
25.030774,-81.824400,-284.000000,11.984467,1.820407
25.550774,-81.824400,-284.000000,12.119208,1.799367
26.070774,-81.824400,-284.000000,12.019921,1.799471
26.590774,-81.824400,-284.000000,12.144897,1.810708
27.110774,-81.824400,-284.000000,11.979118,1.801771
27.630774,-81.824400,-284.000000,12.192630,1.807186
28.150774,-81.824400,-284.000000,12.165009,1.797929
28.670774,-81.824400,-284.000000,12.265685,1.813037
29.190774,-81.824400,-284.000000,11.878573,1.795114
29.710774,-81.824400,-284.000000,12.022021,1.804578
30.230774,-81.824400,-284.000000,11.917438,1.817559
30.750774,-81.824400,-284.000000,11.733509,1.802958
31.270774,-81.824400,-284.000000,12.093251,1.809384
31.790774,-81.824400,-284.000000,12.191321,1.806407
32.310774,-81.824400,-284.000000,11.995872,1.788116
32.830774,-81.824400,-284.000000,12.100405,1.777323
33.350774,-81.824400,-284.000000,12.044440,1.816877
33.870774,-81.824400,-284.000000,12.063899,1.790485
34.390774,-81.824400,-284.000000,11.910515,1.808579
34.910774,-81.824400,-284.000000,12.090316,1.815979
35.430774,-81.824400,-284.000000,12.016565,1.820607
35.950774,-81.824400,-284.000000,12.024283,1.802895
36.470774,-81.824400,-284.000000,12.227557,1.793840
36.990774,-81.824400,-284.000000,12.146335,1.816022
37.510774,-81.824400,-284.000000,11.970184,1.794591
38.030774,-81.824400,-284.000000,12.079719,1.807784
38.550774,-81.824400,-284.000000,11.970181,1.799334
39.070774,-81.824400,-284.000000,12.083769,1.797753
39.590774,-81.824400,-284.000000,11.846736,1.776969
40.110774,-81.824400,-284.000000,11.982855,1.819599
40.630774,-81.824400,-284.000000,11.958616,1.806857
41.150774,-81.824400,-284.000000,11.992293,1.807973
41.670774,-81.824400,-284.000000,12.139248,1.819350
42.190774,-81.824400,-284.000000,11.975387,1.809255
42.710774,-81.824400,-284.000000,12.166413,1.809416
43.230774,-81.824400,-284.000000,12.112710,1.801434
43.750774,-81.824400,-284.000000,11.961305,1.803575
44.270774,-81.824400,-284.000000,12.357475,1.809003
44.790774,-81.824400,-284.000000,12.081085,1.826371
45.310774,-81.824400,-284.000000,11.894143,1.796892
45.830774,-81.824400,-284.000000,11.986850,1.807492
46.350774,-81.824400,-284.000000,12.049188,1.814407
46.870774,-81.824400,-284.000000,12.098157,1.792076
47.390774,-81.824400,-284.000000,12.038070,1.815157
47.910774,-81.824400,-284.000000,12.019011,1.816562
48.430774,-81.824400,-284.000000,11.913797,1.802269
48.950774,-81.824400,-284.000000,11.981457,1.808771
49.470774,-81.824400,-284.000000,12.163298,1.813099
49.990774,-81.824400,-284.000000,12.076086,1.822682
50.510774,-81.824400,-284.000000,11.936299,1.789735
51.030774,-81.824400,-284.000000,11.989847,1.806988
51.550774,-81.824400,-284.000000,12.184473,1.799320
52.070774,-81.824400,-284.000000,11.983146,1.811430
52.590774,-81.824400,-284.000000,11.987249,1.812533
53.110774,-81.824400,-284.000000,12.148895,1.820581
53.630774,-81.824400,-284.000000,11.970048,1.810823
54.150774,-81.824400,-284.000000,11.881145,1.798262
14.630774,-81.304400,-284.000000,12.006877,1.752730
15.150774,-81.304400,-284.000000,12.203219,1.752662
15.670774,-81.304400,-284.000000,12.000795,1.771234
16.190774,-81.304400,-284.000000,12.060908,1.769237
16.710774,-81.304400,-284.000000,12.029516,1.765900
17.230774,-81.304400,-284.000000,12.039320,1.766657
17.750774,-81.304400,-284.000000,12.286517,1.796179
18.270774,-81.304400,-284.000000,12.003846,1.780420
18.790774,-81.304400,-284.000000,12.243303,1.793185
19.310774,-81.304400,-284.000000,11.939692,1.750436
42.710774,-81.304400,-284.000000,12.165864,1.812731
43.230774,-81.304400,-284.000000,12.104323,1.811326
43.750774,-81.304400,-284.000000,11.853993,1.799669
44.270774,-81.304400,-284.000000,12.407576,1.818380
44.790774,-81.304400,-284.000000,12.016458,1.823859
45.310774,-81.304400,-284.000000,11.978559,1.801153
45.830774,-81.304400,-284.000000,11.924010,1.814548
46.350774,-81.304400,-284.000000,12.091586,1.811897
46.870774,-81.304400,-284.000000,12.111305,1.799236
47.390774,-81.304400,-284.000000,12.079782,1.819463
47.910774,-81.304400,-284.000000,12.043666,1.824986
48.430774,-81.304400,-284.000000,11.930439,1.804317
48.950774,-81.304400,-284.000000,11.889584,1.811782
13.590774,-82.344400,-283.000000,12.199218,1.766358
14.110774,-82.344400,-283.000000,12.128709,1.775331
14.630774,-82.344400,-283.000000,12.371360,1.786605
15.150774,-82.344400,-283.000000,11.957732,1.774771
15.670774,-82.344400,-283.000000,12.295388,1.779947
16.190774,-82.344400,-283.000000,12.280624,1.788343
16.710774,-82.344400,-283.000000,12.186748,1.782598
17.230774,-82.344400,-283.000000,12.109192,1.816068
17.750774,-82.344400,-283.000000,12.215734,1.803906
18.270774,-82.344400,-283.000000,11.963587,1.804675
18.790774,-82.344400,-283.000000,12.271453,1.817788
19.310774,-82.344400,-283.000000,12.217514,1.803025
19.830774,-82.344400,-283.000000,12.022455,1.826748
20.350774,-82.344400,-283.000000,12.252824,1.826197
20.870774,-82.344400,-283.000000,12.376462,1.836320
21.390774,-82.344400,-283.000000,12.165718,1.834928
21.910774,-82.344400,-283.000000,12.171210,1.817285
22.430774,-82.344400,-283.000000,12.262423,1.820776
22.950774,-82.344400,-283.000000,12.036660,1.815543
23.470774,-82.344400,-283.000000,12.286990,1.828017
23.990774,-82.344400,-283.000000,12.195361,1.833556
24.510774,-82.344400,-283.000000,12.260815,1.833029
25.030774,-82.344400,-283.000000,12.069601,1.831250
25.550774,-82.344400,-283.000000,12.251035,1.838194
26.070774,-82.344400,-283.000000,12.053950,1.811484
26.590774,-82.344400,-283.000000,12.183610,1.831108
27.110774,-82.344400,-283.000000,12.188040,1.817616
27.630774,-82.344400,-283.000000,12.153996,1.825261
28.150774,-82.344400,-283.000000,12.113735,1.820469
28.670774,-82.344400,-283.000000,12.318336,1.838110
29.190774,-82.344400,-283.000000,12.152438,1.831697
29.710774,-82.344400,-283.000000,12.108192,1.822524
30.230774,-82.344400,-283.000000,12.174066,1.823646
30.750774,-82.344400,-283.000000,12.141179,1.816414
31.270774,-82.344400,-283.000000,12.110190,1.802396
31.790774,-82.344400,-283.000000,12.015932,1.823310
32.310774,-82.344400,-283.000000,12.292720,1.825081
32.830774,-82.344400,-283.000000,12.303748,1.837145
33.350774,-82.344400,-283.000000,12.143111,1.837809
33.870774,-82.344400,-283.000000,12.317039,1.822362
34.390774,-82.344400,-283.000000,12.115499,1.838056
34.910774,-82.344400,-283.000000,12.340308,1.833862
35.430774,-82.344400,-283.000000,12.297980,1.859622
35.950774,-82.344400,-283.000000,11.958775,1.846080
36.470774,-82.344400,-283.000000,11.953158,1.826279
36.990774,-82.344400,-283.000000,12.058167,1.845146
37.510774,-82.344400,-283.000000,12.248998,1.832237
38.030774,-82.344400,-283.000000,12.078188,1.839422
38.550774,-82.344400,-283.000000,12.215994,1.845420
39.070774,-82.344400,-283.000000,12.109838,1.835037
39.590774,-82.344400,-283.000000,11.836903,1.813043
40.110774,-82.344400,-283.000000,12.268878,1.834830
40.630774,-82.344400,-283.000000,12.216833,1.840591
41.150774,-82.344400,-283.000000,12.228194,1.829677
41.670774,-82.344400,-283.000000,12.141442,1.845174
42.190774,-82.344400,-283.000000,12.247789,1.840752
42.710774,-82.344400,-283.000000,11.912187,1.841711
43.230774,-82.344400,-283.000000,12.471747,1.835412
43.750774,-82.344400,-283.000000,12.050079,1.836958
44.270774,-82.344400,-283.000000,12.242695,1.846798
44.790774,-82.344400,-283.000000,12.099555,1.836567
45.310774,-82.344400,-283.000000,12.245878,1.837476
45.830774,-82.344400,-283.000000,12.160747,1.829471
46.350774,-82.344400,-283.000000,12.371583,1.850875
46.870774,-82.344400,-283.000000,12.174552,1.829240
47.390774,-82.344400,-283.000000,12.050326,1.846679
47.910774,-82.344400,-283.000000,11.840564,1.814614
48.430774,-82.344400,-283.000000,12.082401,1.836393
48.950774,-82.344400,-283.000000,12.217950,1.865766
49.470774,-82.344400,-283.000000,12.322137,1.860613
49.990774,-82.344400,-283.000000,12.506817,1.851639
50.510774,-82.344400,-283.000000,12.094384,1.825154
51.030774,-82.344400,-283.000000,12.170500,1.861391
51.550774,-82.344400,-283.000000,12.236530,1.820686
52.070774,-82.344400,-283.000000,12.099700,1.832113
52.590774,-82.344400,-283.000000,12.268332,1.856353
53.110774,-82.344400,-283.000000,12.263918,1.807373
53.630774,-82.344400,-283.000000,12.281154,1.835802
54.150774,-82.344400,-283.000000,12.145964,1.832611
54.670774,-82.344400,-283.000000,12.133976,1.853688
55.190774,-82.344400,-283.000000,11.983557,1.835793
55.710774,-82.344400,-283.000000,12.005146,1.826321
13.070774,-81.824400,-283.000000,12.415275,1.745380
13.590774,-81.824400,-283.000000,12.183242,1.766191
14.110774,-81.824400,-283.000000,12.118892,1.778652
14.630774,-81.824400,-283.000000,12.360153,1.793151
15.150774,-81.824400,-283.000000,12.007235,1.780097
15.670774,-81.824400,-283.000000,12.277789,1.775656
16.190774,-81.824400,-283.000000,12.216063,1.792798
16.710774,-81.824400,-283.000000,12.190821,1.791890
17.230774,-81.824400,-283.000000,12.104144,1.813204
17.750774,-81.824400,-283.000000,12.203599,1.806674
18.270774,-81.824400,-283.000000,11.918696,1.802793
18.790774,-81.824400,-283.000000,12.285953,1.822360
19.310774,-81.824400,-283.000000,12.184425,1.801106
19.830774,-81.824400,-283.000000,12.002535,1.828355
20.350774,-81.824400,-283.000000,12.295608,1.825355
20.870774,-81.824400,-283.000000,12.366897,1.838934
21.390774,-81.824400,-283.000000,12.195472,1.839789
21.910774,-81.824400,-283.000000,12.115732,1.813294
22.430774,-81.824400,-283.000000,12.218417,1.822543
22.950774,-81.824400,-283.000000,12.050849,1.824248
23.470774,-81.824400,-283.000000,12.209092,1.827940
23.990774,-81.824400,-283.000000,12.280451,1.834787
24.510774,-81.824400,-283.000000,12.256763,1.836870
25.030774,-81.824400,-283.000000,12.021073,1.822968
25.550774,-81.824400,-283.000000,12.213248,1.840418
26.070774,-81.824400,-283.000000,12.105294,1.814358
26.590774,-81.824400,-283.000000,12.173919,1.830351
27.110774,-81.824400,-283.000000,12.199903,1.826855
27.630774,-81.824400,-283.000000,12.119824,1.830402
28.150774,-81.824400,-283.000000,12.095296,1.827863
28.670774,-81.824400,-283.000000,12.321536,1.845231
29.190774,-81.824400,-283.000000,12.134735,1.838654
29.710774,-81.824400,-283.000000,12.114058,1.825551
30.230774,-81.824400,-283.000000,12.154669,1.823186
30.750774,-81.824400,-283.000000,12.164514,1.825374
31.270774,-81.824400,-283.000000,12.070910,1.806708
31.790774,-81.824400,-283.000000,12.073550,1.830123
32.310774,-81.824400,-283.000000,12.323294,1.824082
32.830774,-81.824400,-283.000000,12.311081,1.839334
33.350774,-81.824400,-283.000000,12.167442,1.836882
33.870774,-81.824400,-283.000000,12.296123,1.825284
34.390774,-81.824400,-283.000000,12.181707,1.844018
34.910774,-81.824400,-283.000000,12.411395,1.838178
35.430774,-81.824400,-283.000000,12.246984,1.851927
35.950774,-81.824400,-283.000000,11.987571,1.854002
36.470774,-81.824400,-283.000000,11.957713,1.829128
36.990774,-81.824400,-283.000000,12.099029,1.846200
37.510774,-81.824400,-283.000000,12.188566,1.835308
38.030774,-81.824400,-283.000000,12.061908,1.842038
38.550774,-81.824400,-283.000000,12.191004,1.845183
39.070774,-81.824400,-283.000000,12.113566,1.833369
39.590774,-81.824400,-283.000000,11.860768,1.820557
40.110774,-81.824400,-283.000000,12.161372,1.832338
40.630774,-81.824400,-283.000000,12.175764,1.842369
41.150774,-81.824400,-283.000000,12.240714,1.826517
41.670774,-81.824400,-283.000000,12.197482,1.843436
42.190774,-81.824400,-283.000000,12.227611,1.844543
42.710774,-81.824400,-283.000000,11.904441,1.844409
43.230774,-81.824400,-283.000000,12.446970,1.837371
43.750774,-81.824400,-283.000000,12.059970,1.835135
44.270774,-81.824400,-283.000000,12.115323,1.850888
44.790774,-81.824400,-283.000000,12.074394,1.840020
45.310774,-81.824400,-283.000000,12.326159,1.850396
45.830774,-81.824400,-283.000000,12.132840,1.827511
46.350774,-81.824400,-283.000000,12.199233,1.845838
46.870774,-81.824400,-283.000000,12.276084,1.843441
47.390774,-81.824400,-283.000000,12.026157,1.837628
47.910774,-81.824400,-283.000000,11.866014,1.816757
48.430774,-81.824400,-283.000000,12.058358,1.843089
48.950774,-81.824400,-283.000000,12.207030,1.866345
49.470774,-81.824400,-283.000000,12.293517,1.860401
49.990774,-81.824400,-283.000000,12.470846,1.843891
50.510774,-81.824400,-283.000000,12.112850,1.826755
51.030774,-81.824400,-283.000000,12.179836,1.868782
51.550774,-81.824400,-283.000000,12.242323,1.821424
52.070774,-81.824400,-283.000000,12.122244,1.838218
52.590774,-81.824400,-283.000000,12.245044,1.848792
53.110774,-81.824400,-283.000000,12.241934,1.807814
53.630774,-81.824400,-283.000000,12.384849,1.832825
54.150774,-81.824400,-283.000000,12.215110,1.840227
54.670774,-81.824400,-283.000000,12.121140,1.858703
55.190774,-81.824400,-283.000000,11.977866,1.832441
55.710774,-81.824400,-283.000000,12.056004,1.824019
56.230774,-81.824400,-283.000000,12.282474,1.838870
13.590774,-81.304400,-283.000000,12.168494,1.765235
55.710774,-81.304400,-283.000000,12.026748,1.823980
13.590774,-82.344400,-282.000000,12.313546,1.794806
14.110774,-82.344400,-282.000000,12.092669,1.767648
14.630774,-82.344400,-282.000000,12.361191,1.809168
15.150774,-82.344400,-282.000000,12.264846,1.786422
15.670774,-82.344400,-282.000000,12.156603,1.791837
16.190774,-82.344400,-282.000000,12.467166,1.834699
16.710774,-82.344400,-282.000000,12.255532,1.806923
17.230774,-82.344400,-282.000000,12.185287,1.821397
17.750774,-82.344400,-282.000000,12.308219,1.816421
18.270774,-82.344400,-282.000000,12.060132,1.813469
18.790774,-82.344400,-282.000000,12.371795,1.839417
19.310774,-82.344400,-282.000000,12.327201,1.809120
19.830774,-82.344400,-282.000000,12.429540,1.839016
20.350774,-82.344400,-282.000000,12.360885,1.828158
20.870774,-82.344400,-282.000000,11.936195,1.844484
21.390774,-82.344400,-282.000000,12.212708,1.849462
21.910774,-82.344400,-282.000000,11.943330,1.834028
22.430774,-82.344400,-282.000000,12.497885,1.832471
22.950774,-82.344400,-282.000000,12.284061,1.824792
23.470774,-82.344400,-282.000000,12.328998,1.824124
23.990774,-82.344400,-282.000000,12.495448,1.836171
24.510774,-82.344400,-282.000000,12.429647,1.861431
25.030774,-82.344400,-282.000000,12.315188,1.842735
25.550774,-82.344400,-282.000000,12.382364,1.828192
26.070774,-82.344400,-282.000000,12.511902,1.874680
26.590774,-82.344400,-282.000000,12.352550,1.839836
27.110774,-82.344400,-282.000000,12.335298,1.833367
27.630774,-82.344400,-282.000000,12.374104,1.853544
28.150774,-82.344400,-282.000000,12.129151,1.833647
28.670774,-82.344400,-282.000000,12.073686,1.838826
29.190774,-82.344400,-282.000000,12.347407,1.849407
29.710774,-82.344400,-282.000000,12.156932,1.845584
30.230774,-82.344400,-282.000000,12.460799,1.867347
30.750774,-82.344400,-282.000000,12.139631,1.829977
31.270774,-82.344400,-282.000000,12.415467,1.854437
31.790774,-82.344400,-282.000000,12.020354,1.829868
32.310774,-82.344400,-282.000000,12.105773,1.859311
32.830774,-82.344400,-282.000000,12.387761,1.846011
33.350774,-82.344400,-282.000000,12.508631,1.859026
33.870774,-82.344400,-282.000000,12.181678,1.850696
34.390774,-82.344400,-282.000000,12.124232,1.852586
34.910774,-82.344400,-282.000000,12.376082,1.847716
35.430774,-82.344400,-282.000000,12.440193,1.836268
35.950774,-82.344400,-282.000000,12.173186,1.849301
36.470774,-82.344400,-282.000000,12.203021,1.841667
36.990774,-82.344400,-282.000000,12.298465,1.839179
37.510774,-82.344400,-282.000000,11.915334,1.840941
38.030774,-82.344400,-282.000000,12.148041,1.860396
38.550774,-82.344400,-282.000000,12.397956,1.855279
39.070774,-82.344400,-282.000000,12.407516,1.859470
39.590774,-82.344400,-282.000000,12.210718,1.849949
40.110774,-82.344400,-282.000000,12.110368,1.845777
40.630774,-82.344400,-282.000000,12.471069,1.854164
41.150774,-82.344400,-282.000000,12.035039,1.829224
41.670774,-82.344400,-282.000000,12.115780,1.816596
42.190774,-82.344400,-282.000000,12.129733,1.848536
42.710774,-82.344400,-282.000000,12.263095,1.843322
43.230774,-82.344400,-282.000000,12.246322,1.871250
43.750774,-82.344400,-282.000000,12.154106,1.842454
44.270774,-82.344400,-282.000000,12.124482,1.840427
44.790774,-82.344400,-282.000000,12.189319,1.854641
45.310774,-82.344400,-282.000000,12.227910,1.841144
45.830774,-82.344400,-282.000000,12.058311,1.844426
46.350774,-82.344400,-282.000000,12.097625,1.838769
46.870774,-82.344400,-282.000000,12.309623,1.860792
47.390774,-82.344400,-282.000000,12.079417,1.863686
47.910774,-82.344400,-282.000000,12.196616,1.848043
48.430774,-82.344400,-282.000000,12.325967,1.836550
48.950774,-82.344400,-282.000000,12.145818,1.840545
49.470774,-82.344400,-282.000000,12.090452,1.878087
49.990774,-82.344400,-282.000000,12.335898,1.866514
50.510774,-82.344400,-282.000000,12.387786,1.865033
51.030774,-82.344400,-282.000000,12.180469,1.849431
51.550774,-82.344400,-282.000000,12.401414,1.868585
52.070774,-82.344400,-282.000000,12.265773,1.849779
52.590774,-82.344400,-282.000000,12.366963,1.845859
53.110774,-82.344400,-282.000000,12.316436,1.850269
53.630774,-82.344400,-282.000000,12.249272,1.860469
54.150774,-82.344400,-282.000000,12.316531,1.872338
54.670774,-82.344400,-282.000000,12.354442,1.885067
55.190774,-82.344400,-282.000000,12.123084,1.867007
55.710774,-82.344400,-282.000000,12.169920,1.858229
56.230774,-82.344400,-282.000000,12.304481,1.833586
56.750774,-82.344400,-282.000000,12.282288,1.855924
57.270774,-82.344400,-282.000000,12.178496,1.853226
13.070774,-81.824400,-282.000000,12.364262,1.778381
13.590774,-81.824400,-282.000000,12.236427,1.791713
14.110774,-81.824400,-282.000000,12.117488,1.771970
14.630774,-81.824400,-282.000000,12.347369,1.808722
15.150774,-81.824400,-282.000000,12.380429,1.798851
15.670774,-81.824400,-282.000000,12.081079,1.791460
16.190774,-81.824400,-282.000000,12.436960,1.840526
16.710774,-81.824400,-282.000000,12.135825,1.793880
17.230774,-81.824400,-282.000000,12.169838,1.819937
17.750774,-81.824400,-282.000000,12.407264,1.821760
18.270774,-81.824400,-282.000000,12.062576,1.815222
18.790774,-81.824400,-282.000000,12.354282,1.839643
19.310774,-81.824400,-282.000000,12.232425,1.813245
19.830774,-81.824400,-282.000000,12.440747,1.844859
20.350774,-81.824400,-282.000000,12.308537,1.836455
20.870774,-81.824400,-282.000000,11.977881,1.841095
21.390774,-81.824400,-282.000000,12.163185,1.848655
21.910774,-81.824400,-282.000000,11.939164,1.844089
22.430774,-81.824400,-282.000000,12.498322,1.828470
22.950774,-81.824400,-282.000000,12.278372,1.828642
23.470774,-81.824400,-282.000000,12.271861,1.828034
23.990774,-81.824400,-282.000000,12.564841,1.840535
24.510774,-81.824400,-282.000000,12.327259,1.855045
25.030774,-81.824400,-282.000000,12.399499,1.848681
25.550774,-81.824400,-282.000000,12.398308,1.833090
26.070774,-81.824400,-282.000000,12.460025,1.878003
26.590774,-81.824400,-282.000000,12.399741,1.846847
27.110774,-81.824400,-282.000000,12.315126,1.841855
27.630774,-81.824400,-282.000000,12.317837,1.850420
28.150774,-81.824400,-282.000000,12.127691,1.843554
28.670774,-81.824400,-282.000000,12.063640,1.835926
29.190774,-81.824400,-282.000000,12.348432,1.852573
29.710774,-81.824400,-282.000000,12.122467,1.843165
30.230774,-81.824400,-282.000000,12.386651,1.871602
30.750774,-81.824400,-282.000000,12.203319,1.838059
31.270774,-81.824400,-282.000000,12.411883,1.850153
31.790774,-81.824400,-282.000000,11.932853,1.829329
32.310774,-81.824400,-282.000000,12.088743,1.862585
32.830774,-81.824400,-282.000000,12.378153,1.848674
33.350774,-81.824400,-282.000000,12.529635,1.864362
33.870774,-81.824400,-282.000000,12.213986,1.857359
34.390774,-81.824400,-282.000000,12.067811,1.845455
34.910774,-81.824400,-282.000000,12.402877,1.855069
35.430774,-81.824400,-282.000000,12.441908,1.845524
35.950774,-81.824400,-282.000000,12.162382,1.843640
36.470774,-81.824400,-282.000000,12.223985,1.847221
36.990774,-81.824400,-282.000000,12.259012,1.843273
37.510774,-81.824400,-282.000000,11.914138,1.842688
38.030774,-81.824400,-282.000000,12.044870,1.865350
38.550774,-81.824400,-282.000000,12.373492,1.861078
39.070774,-81.824400,-282.000000,12.420096,1.860132
39.590774,-81.824400,-282.000000,12.141394,1.845495
40.110774,-81.824400,-282.000000,12.101161,1.849520
40.630774,-81.824400,-282.000000,12.480369,1.857396
41.150774,-81.824400,-282.000000,12.018687,1.833416
41.670774,-81.824400,-282.000000,12.107089,1.826708
42.190774,-81.824400,-282.000000,12.225327,1.858256
42.710774,-81.824400,-282.000000,12.169038,1.844796
43.230774,-81.824400,-282.000000,12.260408,1.872114
43.750774,-81.824400,-282.000000,12.102736,1.839400
44.270774,-81.824400,-282.000000,12.151589,1.845130
44.790774,-81.824400,-282.000000,12.247197,1.862760
45.310774,-81.824400,-282.000000,12.217464,1.838512
45.830774,-81.824400,-282.000000,12.064387,1.844087
46.350774,-81.824400,-282.000000,12.025034,1.839623
46.870774,-81.824400,-282.000000,12.297383,1.861848
47.390774,-81.824400,-282.000000,12.069042,1.871739
47.910774,-81.824400,-282.000000,12.202221,1.850278
48.430774,-81.824400,-282.000000,12.385167,1.843639
48.950774,-81.824400,-282.000000,12.143296,1.843126
49.470774,-81.824400,-282.000000,12.155646,1.885448
49.990774,-81.824400,-282.000000,12.356175,1.873690
50.510774,-81.824400,-282.000000,12.261853,1.867319
51.030774,-81.824400,-282.000000,12.277713,1.857113
51.550774,-81.824400,-282.000000,12.278781,1.860025
52.070774,-81.824400,-282.000000,12.274823,1.850106
52.590774,-81.824400,-282.000000,12.341836,1.845807
53.110774,-81.824400,-282.000000,12.333655,1.859239
53.630774,-81.824400,-282.000000,12.207934,1.862177
54.150774,-81.824400,-282.000000,12.329879,1.873585
54.670774,-81.824400,-282.000000,12.284511,1.885543
55.190774,-81.824400,-282.000000,12.149360,1.873500
55.710774,-81.824400,-282.000000,12.104723,1.854734
56.230774,-81.824400,-282.000000,12.344913,1.843741
56.750774,-81.824400,-282.000000,12.210121,1.865559
57.270774,-81.824400,-282.000000,12.216109,1.853188
57.790774,-81.824400,-282.000000,12.134029,1.842114
13.590774,-82.344400,-281.000000,12.141025,1.776606
14.110774,-82.344400,-281.000000,12.310213,1.795310
14.630774,-82.344400,-281.000000,12.253922,1.787573
15.150774,-82.344400,-281.000000,12.134612,1.806871
15.670774,-82.344400,-281.000000,12.451171,1.813486
16.190774,-82.344400,-281.000000,12.259855,1.807790
16.710774,-82.344400,-281.000000,12.261683,1.825129
17.230774,-82.344400,-281.000000,12.290182,1.838384
17.750774,-82.344400,-281.000000,12.273601,1.834074
18.270774,-82.344400,-281.000000,12.449052,1.821040
18.790774,-82.344400,-281.000000,12.528159,1.858012
19.310774,-82.344400,-281.000000,12.197174,1.833811
19.830774,-82.344400,-281.000000,11.986528,1.811928
20.350774,-82.344400,-281.000000,12.288688,1.827280
20.870774,-82.344400,-281.000000,12.293128,1.841754
21.390774,-82.344400,-281.000000,12.241071,1.838259
21.910774,-82.344400,-281.000000,12.230507,1.855576
22.430774,-82.344400,-281.000000,12.297907,1.846819
22.950774,-82.344400,-281.000000,12.279704,1.837058
23.470774,-82.344400,-281.000000,12.234282,1.841868
23.990774,-82.344400,-281.000000,12.360731,1.863609
24.510774,-82.344400,-281.000000,12.145115,1.830572
25.030774,-82.344400,-281.000000,12.422187,1.861590
25.550774,-82.344400,-281.000000,12.440991,1.862586
26.070774,-82.344400,-281.000000,12.461147,1.877855
26.590774,-82.344400,-281.000000,12.034348,1.842360
27.110774,-82.344400,-281.000000,12.287086,1.854929
27.630774,-82.344400,-281.000000,12.403876,1.846131
28.150774,-82.344400,-281.000000,12.387797,1.844254
28.670774,-82.344400,-281.000000,12.292459,1.851204
29.190774,-82.344400,-281.000000,12.373926,1.870600
29.710774,-82.344400,-281.000000,12.426989,1.870668
30.230774,-82.344400,-281.000000,12.475241,1.879112
30.750774,-82.344400,-281.000000,12.361294,1.868901
31.270774,-82.344400,-281.000000,12.260695,1.854030
31.790774,-82.344400,-281.000000,12.318297,1.867085
32.310774,-82.344400,-281.000000,12.244171,1.858545
32.830774,-82.344400,-281.000000,12.355956,1.856307
33.350774,-82.344400,-281.000000,12.222998,1.836164
33.870774,-82.344400,-281.000000,12.450853,1.887015
34.390774,-82.344400,-281.000000,12.206740,1.858242
34.910774,-82.344400,-281.000000,12.359747,1.854746
35.430774,-82.344400,-281.000000,12.310572,1.880247
35.950774,-82.344400,-281.000000,12.415658,1.870808
36.470774,-82.344400,-281.000000,12.355707,1.854533
36.990774,-82.344400,-281.000000,12.231600,1.854491
37.510774,-82.344400,-281.000000,12.056674,1.832065
38.030774,-82.344400,-281.000000,12.161487,1.850388
38.550774,-82.344400,-281.000000,12.376847,1.871737
39.070774,-82.344400,-281.000000,12.384908,1.858082
39.590774,-82.344400,-281.000000,12.221465,1.871754
40.110774,-82.344400,-281.000000,12.260755,1.851048
40.630774,-82.344400,-281.000000,12.326040,1.859919
41.150774,-82.344400,-281.000000,12.305007,1.871538
41.670774,-82.344400,-281.000000,12.412803,1.868326
42.190774,-82.344400,-281.000000,12.141620,1.862267
42.710774,-82.344400,-281.000000,12.456002,1.887229
43.230774,-82.344400,-281.000000,12.265838,1.865046
43.750774,-82.344400,-281.000000,12.313390,1.864893
44.270774,-82.344400,-281.000000,12.451949,1.867753
44.790774,-82.344400,-281.000000,12.405202,1.854485
45.310774,-82.344400,-281.000000,12.335405,1.865932
45.830774,-82.344400,-281.000000,12.316989,1.884336
46.350774,-82.344400,-281.000000,12.204135,1.852220
46.870774,-82.344400,-281.000000,12.268280,1.870488
47.390774,-82.344400,-281.000000,12.451458,1.865094
47.910774,-82.344400,-281.000000,12.179891,1.841453
48.430774,-82.344400,-281.000000,12.236358,1.871190
48.950774,-82.344400,-281.000000,12.099029,1.844715
49.470774,-82.344400,-281.000000,12.436292,1.862184
49.990774,-82.344400,-281.000000,12.184800,1.869649
50.510774,-82.344400,-281.000000,11.876641,1.843806
51.030774,-82.344400,-281.000000,12.041041,1.864202
51.550774,-82.344400,-281.000000,12.257282,1.844995
52.070774,-82.344400,-281.000000,11.916918,1.834911
52.590774,-82.344400,-281.000000,12.363376,1.875459
53.110774,-82.344400,-281.000000,12.380698,1.876965
53.630774,-82.344400,-281.000000,12.379221,1.861726
54.150774,-82.344400,-281.000000,12.333822,1.863924
54.670774,-82.344400,-281.000000,12.282742,1.850789
55.190774,-82.344400,-281.000000,12.118677,1.830308
55.710774,-82.344400,-281.000000,12.211822,1.885039
56.230774,-82.344400,-281.000000,12.733063,1.878459
56.750774,-82.344400,-281.000000,12.254985,1.874133
57.270774,-82.344400,-281.000000,12.280372,1.876776
57.790774,-82.344400,-281.000000,12.544269,1.861472
58.310774,-82.344400,-281.000000,12.115595,1.864382
58.830774,-82.344400,-281.000000,12.212787,1.851720
13.070774,-81.824400,-281.000000,11.964628,1.757615
13.590774,-81.824400,-281.000000,12.103229,1.774826
14.110774,-81.824400,-281.000000,12.273616,1.799980
14.630774,-81.824400,-281.000000,12.233279,1.793053
15.150774,-81.824400,-281.000000,12.104828,1.800967
15.670774,-81.824400,-281.000000,12.507215,1.818449
16.190774,-81.824400,-281.000000,12.301533,1.807849
16.710774,-81.824400,-281.000000,12.223320,1.834332
17.230774,-81.824400,-281.000000,12.345372,1.844915
17.750774,-81.824400,-281.000000,12.203571,1.832397
18.270774,-81.824400,-281.000000,12.414816,1.828763
18.790774,-81.824400,-281.000000,12.576122,1.860352
19.310774,-81.824400,-281.000000,12.230935,1.836751
19.830774,-81.824400,-281.000000,11.983195,1.813613
20.350774,-81.824400,-281.000000,12.323550,1.825041
20.870774,-81.824400,-281.000000,12.179150,1.843270
21.390774,-81.824400,-281.000000,12.336087,1.848766
21.910774,-81.824400,-281.000000,12.293591,1.850716
22.430774,-81.824400,-281.000000,12.251998,1.854226
22.950774,-81.824400,-281.000000,12.277809,1.834200
23.470774,-81.824400,-281.000000,12.263994,1.847772
23.990774,-81.824400,-281.000000,12.377557,1.873610
24.510774,-81.824400,-281.000000,12.104048,1.835524
25.030774,-81.824400,-281.000000,12.398351,1.860271
25.550774,-81.824400,-281.000000,12.413542,1.862476
26.070774,-81.824400,-281.000000,12.426098,1.878878
26.590774,-81.824400,-281.000000,11.988662,1.842527
27.110774,-81.824400,-281.000000,12.360649,1.860040
27.630774,-81.824400,-281.000000,12.391309,1.843975
28.150774,-81.824400,-281.000000,12.388726,1.849938
28.670774,-81.824400,-281.000000,12.309038,1.847077
29.190774,-81.824400,-281.000000,12.375030,1.868413
29.710774,-81.824400,-281.000000,12.426474,1.876652
30.230774,-81.824400,-281.000000,12.478084,1.877255
30.750774,-81.824400,-281.000000,12.375008,1.879004
31.270774,-81.824400,-281.000000,12.247242,1.856936
31.790774,-81.824400,-281.000000,12.265442,1.872144
32.310774,-81.824400,-281.000000,12.323360,1.859079
32.830774,-81.824400,-281.000000,12.330684,1.860007
33.350774,-81.824400,-281.000000,12.159614,1.834899
33.870774,-81.824400,-281.000000,12.497414,1.890460
34.390774,-81.824400,-281.000000,12.128371,1.854472
34.910774,-81.824400,-281.000000,12.356154,1.858221
35.430774,-81.824400,-281.000000,12.282875,1.878188
35.950774,-81.824400,-281.000000,12.429095,1.871940
36.470774,-81.824400,-281.000000,12.404939,1.863374
36.990774,-81.824400,-281.000000,12.177909,1.853353
37.510774,-81.824400,-281.000000,12.076392,1.844047
38.030774,-81.824400,-281.000000,12.102879,1.850796
38.550774,-81.824400,-281.000000,12.334799,1.868483
39.070774,-81.824400,-281.000000,12.383958,1.873288
39.590774,-81.824400,-281.000000,12.206569,1.871388
40.110774,-81.824400,-281.000000,12.249646,1.847927
40.630774,-81.824400,-281.000000,12.361316,1.868669
41.150774,-81.824400,-281.000000,12.248321,1.870370
41.670774,-81.824400,-281.000000,12.352344,1.868743
42.190774,-81.824400,-281.000000,12.079978,1.863998
42.710774,-81.824400,-281.000000,12.438155,1.886143
43.230774,-81.824400,-281.000000,12.268663,1.864026
43.750774,-81.824400,-281.000000,12.325484,1.869449
44.270774,-81.824400,-281.000000,12.435508,1.871411
44.790774,-81.824400,-281.000000,12.383574,1.852601
45.310774,-81.824400,-281.000000,12.329903,1.866628
45.830774,-81.824400,-281.000000,12.273279,1.882374
46.350774,-81.824400,-281.000000,12.209141,1.858460
46.870774,-81.824400,-281.000000,12.210046,1.875332
47.390774,-81.824400,-281.000000,12.465484,1.865440
47.910774,-81.824400,-281.000000,12.092209,1.845509
48.430774,-81.824400,-281.000000,12.239306,1.870576
48.950774,-81.824400,-281.000000,12.185059,1.858612
49.470774,-81.824400,-281.000000,12.384325,1.866349
49.990774,-81.824400,-281.000000,12.207549,1.871892
50.510774,-81.824400,-281.000000,11.956771,1.844799
51.030774,-81.824400,-281.000000,11.961876,1.866336
51.550774,-81.824400,-281.000000,12.260365,1.849282
52.070774,-81.824400,-281.000000,11.941606,1.836195
52.590774,-81.824400,-281.000000,12.331835,1.872926
53.110774,-81.824400,-281.000000,12.360256,1.879630
53.630774,-81.824400,-281.000000,12.212382,1.860430
54.150774,-81.824400,-281.000000,12.482834,1.869969
54.670774,-81.824400,-281.000000,12.220980,1.853105
55.190774,-81.824400,-281.000000,12.056376,1.833227
55.710774,-81.824400,-281.000000,12.291702,1.892492
56.230774,-81.824400,-281.000000,12.709950,1.879994
56.750774,-81.824400,-281.000000,12.222701,1.864335
57.270774,-81.824400,-281.000000,12.333928,1.882009
57.790774,-81.824400,-281.000000,12.522396,1.867726
58.310774,-81.824400,-281.000000,12.118342,1.864952
58.830774,-81.824400,-281.000000,12.240252,1.851606
59.350774,-81.824400,-281.000000,12.043008,1.864145
58.310774,-81.304400,-281.000000,12.140112,1.866101
13.590774,-82.344400,-280.000000,12.313079,1.802081
14.110774,-82.344400,-280.000000,12.351887,1.799623
14.630774,-82.344400,-280.000000,12.279943,1.807653
15.150774,-82.344400,-280.000000,12.249850,1.811476
15.670774,-82.344400,-280.000000,12.422317,1.814758
16.190774,-82.344400,-280.000000,12.598000,1.829313
16.710774,-82.344400,-280.000000,12.356744,1.816579
17.230774,-82.344400,-280.000000,12.501420,1.852685
17.750774,-82.344400,-280.000000,12.305997,1.827437
18.270774,-82.344400,-280.000000,12.212625,1.819586
18.790774,-82.344400,-280.000000,12.211504,1.823141
19.310774,-82.344400,-280.000000,12.353999,1.847553
19.830774,-82.344400,-280.000000,12.284451,1.864057
20.350774,-82.344400,-280.000000,12.374148,1.868203
20.870774,-82.344400,-280.000000,12.338772,1.841544
21.390774,-82.344400,-280.000000,12.255216,1.855722
21.910774,-82.344400,-280.000000,12.067332,1.849324
22.430774,-82.344400,-280.000000,12.605849,1.836481
22.950774,-82.344400,-280.000000,12.423615,1.852610
23.470774,-82.344400,-280.000000,12.425777,1.849819
23.990774,-82.344400,-280.000000,12.364454,1.891855
24.510774,-82.344400,-280.000000,12.547029,1.874863
25.030774,-82.344400,-280.000000,12.654895,1.862492
25.550774,-82.344400,-280.000000,12.510863,1.846303
26.070774,-82.344400,-280.000000,12.033461,1.836701
26.590774,-82.344400,-280.000000,12.362182,1.857515
27.110774,-82.344400,-280.000000,12.479738,1.868016
27.630774,-82.344400,-280.000000,12.363673,1.856013
28.150774,-82.344400,-280.000000,12.262471,1.845299
28.670774,-82.344400,-280.000000,12.319470,1.865103
29.190774,-82.344400,-280.000000,12.555324,1.855848
29.710774,-82.344400,-280.000000,12.699158,1.884031
30.230774,-82.344400,-280.000000,12.504332,1.884092
30.750774,-82.344400,-280.000000,12.474010,1.864533
31.270774,-82.344400,-280.000000,12.288733,1.849111
31.790774,-82.344400,-280.000000,12.238548,1.837483
32.310774,-82.344400,-280.000000,12.254786,1.862228
32.830774,-82.344400,-280.000000,12.302855,1.871897
33.350774,-82.344400,-280.000000,12.388318,1.868917
33.870774,-82.344400,-280.000000,12.429255,1.883752
34.390774,-82.344400,-280.000000,12.315234,1.860084
34.910774,-82.344400,-280.000000,12.194935,1.850835
35.430774,-82.344400,-280.000000,12.574916,1.873107
35.950774,-82.344400,-280.000000,12.255754,1.849037
36.470774,-82.344400,-280.000000,12.207079,1.866627
36.990774,-82.344400,-280.000000,12.291384,1.871109
37.510774,-82.344400,-280.000000,12.377090,1.875400
38.030774,-82.344400,-280.000000,12.352147,1.848063
38.550774,-82.344400,-280.000000,12.290732,1.859489
39.070774,-82.344400,-280.000000,12.227052,1.871678
39.590774,-82.344400,-280.000000,12.023173,1.855183
40.110774,-82.344400,-280.000000,12.215672,1.853302
40.630774,-82.344400,-280.000000,12.542062,1.890967
41.150774,-82.344400,-280.000000,12.255992,1.869863
41.670774,-82.344400,-280.000000,12.421008,1.874706
42.190774,-82.344400,-280.000000,12.058673,1.845098
42.710774,-82.344400,-280.000000,12.493182,1.846152
43.230774,-82.344400,-280.000000,12.080129,1.866821
43.750774,-82.344400,-280.000000,12.194747,1.874033
44.270774,-82.344400,-280.000000,12.330768,1.865601
44.790774,-82.344400,-280.000000,12.289822,1.858227
45.310774,-82.344400,-280.000000,12.291457,1.872164
45.830774,-82.344400,-280.000000,12.384665,1.881481
46.350774,-82.344400,-280.000000,12.253049,1.864563
46.870774,-82.344400,-280.000000,12.138671,1.880328
47.390774,-82.344400,-280.000000,12.129323,1.863818
47.910774,-82.344400,-280.000000,12.439578,1.883003
48.430774,-82.344400,-280.000000,12.200139,1.868338
48.950774,-82.344400,-280.000000,12.209579,1.850788
49.470774,-82.344400,-280.000000,12.033606,1.840575
49.990774,-82.344400,-280.000000,12.424503,1.864965
50.510774,-82.344400,-280.000000,12.300473,1.883874
51.030774,-82.344400,-280.000000,12.161304,1.871587
51.550774,-82.344400,-280.000000,12.300603,1.855860
52.070774,-82.344400,-280.000000,12.244593,1.850181
52.590774,-82.344400,-280.000000,12.430886,1.897140
53.110774,-82.344400,-280.000000,12.378463,1.859912
53.630774,-82.344400,-280.000000,12.293830,1.858498
54.150774,-82.344400,-280.000000,12.524257,1.886408
54.670774,-82.344400,-280.000000,12.550987,1.876118
55.190774,-82.344400,-280.000000,12.221632,1.857974
55.710774,-82.344400,-280.000000,12.408025,1.895373
56.230774,-82.344400,-280.000000,12.298245,1.870084
56.750774,-82.344400,-280.000000,12.298677,1.885506
57.270774,-82.344400,-280.000000,12.163210,1.876508
57.790774,-82.344400,-280.000000,12.048117,1.859617
58.310774,-82.344400,-280.000000,12.446952,1.882390
58.830774,-82.344400,-280.000000,12.159717,1.861741
59.350774,-82.344400,-280.000000,12.241655,1.871686
59.870774,-82.344400,-280.000000,11.944616,1.820970
60.390774,-82.344400,-280.000000,12.251120,1.859255
60.910774,-82.344400,-280.000000,12.358299,1.858843
13.070774,-81.824400,-280.000000,12.332447,1.777626
13.590774,-81.824400,-280.000000,12.261981,1.806257
14.110774,-81.824400,-280.000000,12.340674,1.799603
14.630774,-81.824400,-280.000000,12.249938,1.810394
15.150774,-81.824400,-280.000000,12.274184,1.807571
15.670774,-81.824400,-280.000000,12.370170,1.821786
16.190774,-81.824400,-280.000000,12.650260,1.841963
16.710774,-81.824400,-280.000000,12.324649,1.815128
17.230774,-81.824400,-280.000000,12.457627,1.847631
17.750774,-81.824400,-280.000000,12.306618,1.835362
18.270774,-81.824400,-280.000000,12.234752,1.824583
18.790774,-81.824400,-280.000000,12.155302,1.826697
19.310774,-81.824400,-280.000000,12.300518,1.847026
19.830774,-81.824400,-280.000000,12.315835,1.866807
20.350774,-81.824400,-280.000000,12.378074,1.873286
20.870774,-81.824400,-280.000000,12.286319,1.844138
21.390774,-81.824400,-280.000000,12.174258,1.846093
21.910774,-81.824400,-280.000000,12.045012,1.851561
22.430774,-81.824400,-280.000000,12.621649,1.833839
22.950774,-81.824400,-280.000000,12.320857,1.853017
23.470774,-81.824400,-280.000000,12.388857,1.849426
23.990774,-81.824400,-280.000000,12.315560,1.895546
24.510774,-81.824400,-280.000000,12.532360,1.873230
25.030774,-81.824400,-280.000000,12.598047,1.863321
25.550774,-81.824400,-280.000000,12.491685,1.848471
26.070774,-81.824400,-280.000000,12.008269,1.832626
26.590774,-81.824400,-280.000000,12.392712,1.861807
27.110774,-81.824400,-280.000000,12.435304,1.855179
27.630774,-81.824400,-280.000000,12.358771,1.855458
28.150774,-81.824400,-280.000000,12.205523,1.848584
28.670774,-81.824400,-280.000000,12.344075,1.871181
29.190774,-81.824400,-280.000000,12.569232,1.867425
29.710774,-81.824400,-280.000000,12.658875,1.882247
30.230774,-81.824400,-280.000000,12.521891,1.890099
30.750774,-81.824400,-280.000000,12.397448,1.858754
31.270774,-81.824400,-280.000000,12.317520,1.856987
31.790774,-81.824400,-280.000000,12.249698,1.836371
32.310774,-81.824400,-280.000000,12.282321,1.869342
32.830774,-81.824400,-280.000000,12.311029,1.866675
33.350774,-81.824400,-280.000000,12.436476,1.876925
33.870774,-81.824400,-280.000000,12.363565,1.878230
34.390774,-81.824400,-280.000000,12.330028,1.866620
34.910774,-81.824400,-280.000000,12.239660,1.852443
35.430774,-81.824400,-280.000000,12.572124,1.878940
35.950774,-81.824400,-280.000000,12.246103,1.852001
36.470774,-81.824400,-280.000000,12.245787,1.876709
36.990774,-81.824400,-280.000000,12.382501,1.868735
37.510774,-81.824400,-280.000000,12.324383,1.874715
38.030774,-81.824400,-280.000000,12.329947,1.850986
38.550774,-81.824400,-280.000000,12.328358,1.870570
39.070774,-81.824400,-280.000000,12.233607,1.865463
39.590774,-81.824400,-280.000000,12.038854,1.859777
40.110774,-81.824400,-280.000000,12.251620,1.860968
40.630774,-81.824400,-280.000000,12.476089,1.889353
41.150774,-81.824400,-280.000000,12.354506,1.867858
41.670774,-81.824400,-280.000000,12.347861,1.880016
42.190774,-81.824400,-280.000000,12.082253,1.850198
42.710774,-81.824400,-280.000000,12.449635,1.845978
43.230774,-81.824400,-280.000000,12.099303,1.873228
43.750774,-81.824400,-280.000000,12.191062,1.873083
44.270774,-81.824400,-280.000000,12.335148,1.866057
44.790774,-81.824400,-280.000000,12.263201,1.866098
45.310774,-81.824400,-280.000000,12.282774,1.874721
45.830774,-81.824400,-280.000000,12.356203,1.874361
46.350774,-81.824400,-280.000000,12.295509,1.876856
46.870774,-81.824400,-280.000000,12.094755,1.873793
47.390774,-81.824400,-280.000000,12.153339,1.871172
47.910774,-81.824400,-280.000000,12.418909,1.883537
48.430774,-81.824400,-280.000000,12.219953,1.874723
48.950774,-81.824400,-280.000000,12.153776,1.854266
49.470774,-81.824400,-280.000000,12.135203,1.848679
49.990774,-81.824400,-280.000000,12.366195,1.857594
50.510774,-81.824400,-280.000000,12.328558,1.880676
51.030774,-81.824400,-280.000000,12.112918,1.874113
51.550774,-81.824400,-280.000000,12.286105,1.853877
52.070774,-81.824400,-280.000000,12.308844,1.848775
52.590774,-81.824400,-280.000000,12.392887,1.897555
53.110774,-81.824400,-280.000000,12.476947,1.873429
53.630774,-81.824400,-280.000000,12.296662,1.857036
54.150774,-81.824400,-280.000000,12.559443,1.890136
54.670774,-81.824400,-280.000000,12.491145,1.871616
55.190774,-81.824400,-280.000000,12.274375,1.865942
55.710774,-81.824400,-280.000000,12.416826,1.889333
56.230774,-81.824400,-280.000000,12.293226,1.874245
56.750774,-81.824400,-280.000000,12.237902,1.888155
57.270774,-81.824400,-280.000000,12.133117,1.873984
57.790774,-81.824400,-280.000000,12.037864,1.863307
58.310774,-81.824400,-280.000000,12.374885,1.880979
58.830774,-81.824400,-280.000000,12.171164,1.868582
59.350774,-81.824400,-280.000000,12.148416,1.867652
59.870774,-81.824400,-280.000000,11.951684,1.828904
60.390774,-81.824400,-280.000000,12.264616,1.868246
60.910774,-81.824400,-280.000000,12.355122,1.858001
61.430774,-81.824400,-280.000000,12.336879,1.877378
60.910774,-81.304400,-280.000000,12.272721,1.857134
13.590774,-82.344400,-279.000000,12.354909,1.786754
14.110774,-82.344400,-279.000000,12.360301,1.807229
14.630774,-82.344400,-279.000000,12.499819,1.811729
15.150774,-82.344400,-279.000000,12.395562,1.814323
15.670774,-82.344400,-279.000000,12.623858,1.839500
16.190774,-82.344400,-279.000000,12.332891,1.823954
16.710774,-82.344400,-279.000000,12.108154,1.828974
17.230774,-82.344400,-279.000000,12.346397,1.843517
17.750774,-82.344400,-279.000000,12.412903,1.854124
18.270774,-82.344400,-279.000000,12.304519,1.831128
18.790774,-82.344400,-279.000000,12.202363,1.842053
19.310774,-82.344400,-279.000000,12.268067,1.842755
19.830774,-82.344400,-279.000000,12.271399,1.843126
20.350774,-82.344400,-279.000000,12.353141,1.855786
20.870774,-82.344400,-279.000000,12.354821,1.875704
21.390774,-82.344400,-279.000000,12.252510,1.839700
21.910774,-82.344400,-279.000000,12.359870,1.872870
22.430774,-82.344400,-279.000000,12.186078,1.838267
22.950774,-82.344400,-279.000000,12.478503,1.869731
23.470774,-82.344400,-279.000000,12.370010,1.848431
23.990774,-82.344400,-279.000000,12.140475,1.843860
24.510774,-82.344400,-279.000000,12.377784,1.857753
25.030774,-82.344400,-279.000000,12.205218,1.850350
25.550774,-82.344400,-279.000000,12.315622,1.882287
26.070774,-82.344400,-279.000000,12.264620,1.870705
26.590774,-82.344400,-279.000000,12.118595,1.871122
27.110774,-82.344400,-279.000000,12.475315,1.871205
27.630774,-82.344400,-279.000000,12.463742,1.900237
28.150774,-82.344400,-279.000000,12.156257,1.828477
28.670774,-82.344400,-279.000000,12.129226,1.876748
29.190774,-82.344400,-279.000000,12.360033,1.886692
29.710774,-82.344400,-279.000000,12.492138,1.881264
30.230774,-82.344400,-279.000000,12.142303,1.850742
30.750774,-82.344400,-279.000000,12.387683,1.867631
31.270774,-82.344400,-279.000000,12.566410,1.879818
31.790774,-82.344400,-279.000000,12.246511,1.859462
32.310774,-82.344400,-279.000000,12.487221,1.876787
32.830774,-82.344400,-279.000000,12.193341,1.873404
33.350774,-82.344400,-279.000000,12.386832,1.886996
33.870774,-82.344400,-279.000000,12.281998,1.866722
34.390774,-82.344400,-279.000000,12.347526,1.850188
34.910774,-82.344400,-279.000000,12.350268,1.869132
35.430774,-82.344400,-279.000000,12.342860,1.891244
35.950774,-82.344400,-279.000000,12.196012,1.853823
36.470774,-82.344400,-279.000000,12.547816,1.866136
36.990774,-82.344400,-279.000000,12.200004,1.869519
37.510774,-82.344400,-279.000000,12.242506,1.868815
38.030774,-82.344400,-279.000000,12.195861,1.872616
38.550774,-82.344400,-279.000000,12.370208,1.871273
39.070774,-82.344400,-279.000000,12.075263,1.856836
39.590774,-82.344400,-279.000000,12.202065,1.858936
40.110774,-82.344400,-279.000000,12.296187,1.865062
40.630774,-82.344400,-279.000000,12.456222,1.861081
41.150774,-82.344400,-279.000000,12.530407,1.895688
41.670774,-82.344400,-279.000000,12.151884,1.854699
42.190774,-82.344400,-279.000000,12.484984,1.867334
42.710774,-82.344400,-279.000000,12.075753,1.862953
43.230774,-82.344400,-279.000000,12.364497,1.872174
43.750774,-82.344400,-279.000000,12.417617,1.868327
44.270774,-82.344400,-279.000000,12.272576,1.861070
44.790774,-82.344400,-279.000000,12.513050,1.875355
45.310774,-82.344400,-279.000000,12.138526,1.878355
45.830774,-82.344400,-279.000000,12.157359,1.841933
46.350774,-82.344400,-279.000000,12.296064,1.870768
46.870774,-82.344400,-279.000000,12.281993,1.881940
47.390774,-82.344400,-279.000000,12.280669,1.865862
47.910774,-82.344400,-279.000000,12.585883,1.882018
48.430774,-82.344400,-279.000000,12.240536,1.864232
48.950774,-82.344400,-279.000000,12.288956,1.859389
49.470774,-82.344400,-279.000000,12.200923,1.873979
49.990774,-82.344400,-279.000000,12.301743,1.864173
50.510774,-82.344400,-279.000000,12.220832,1.887543
51.030774,-82.344400,-279.000000,12.088082,1.878795
51.550774,-82.344400,-279.000000,12.176473,1.880016
52.070774,-82.344400,-279.000000,12.316154,1.867581
52.590774,-82.344400,-279.000000,12.389501,1.857788
53.110774,-82.344400,-279.000000,12.339797,1.863133
53.630774,-82.344400,-279.000000,12.362578,1.870198
54.150774,-82.344400,-279.000000,12.123952,1.873601
54.670774,-82.344400,-279.000000,11.941081,1.864511
55.190774,-82.344400,-279.000000,12.152844,1.869032
55.710774,-82.344400,-279.000000,12.219680,1.878305
56.230774,-82.344400,-279.000000,12.305469,1.865968
56.750774,-82.344400,-279.000000,12.105876,1.873633
57.270774,-82.344400,-279.000000,12.350345,1.873147
57.790774,-82.344400,-279.000000,12.272648,1.866652
58.310774,-82.344400,-279.000000,12.251462,1.866347
58.830774,-82.344400,-279.000000,12.408654,1.872644
59.350774,-82.344400,-279.000000,12.304216,1.874779
59.870774,-82.344400,-279.000000,12.224404,1.872015
60.390774,-82.344400,-279.000000,12.360826,1.860205
60.910774,-82.344400,-279.000000,12.307192,1.871443
61.430774,-82.344400,-279.000000,12.293689,1.858621
61.950774,-82.344400,-279.000000,12.360568,1.864414
62.470774,-82.344400,-279.000000,12.291839,1.858597
13.070774,-81.824400,-279.000000,12.378878,1.774871
13.590774,-81.824400,-279.000000,12.297303,1.798600
14.110774,-81.824400,-279.000000,12.400630,1.813623
14.630774,-81.824400,-279.000000,12.488555,1.815686
15.150774,-81.824400,-279.000000,12.382008,1.815872
15.670774,-81.824400,-279.000000,12.589403,1.840408
16.190774,-81.824400,-279.000000,12.354042,1.825272
16.710774,-81.824400,-279.000000,12.140926,1.831012
17.230774,-81.824400,-279.000000,12.349508,1.850935
17.750774,-81.824400,-279.000000,12.352339,1.852186
18.270774,-81.824400,-279.000000,12.285812,1.834563
18.790774,-81.824400,-279.000000,12.259532,1.848623
19.310774,-81.824400,-279.000000,12.313561,1.845115
19.830774,-81.824400,-279.000000,12.251772,1.847249
20.350774,-81.824400,-279.000000,12.404628,1.853706
20.870774,-81.824400,-279.000000,12.329964,1.875210
21.390774,-81.824400,-279.000000,12.268538,1.850396
21.910774,-81.824400,-279.000000,12.346515,1.870972
22.430774,-81.824400,-279.000000,12.257438,1.847744
22.950774,-81.824400,-279.000000,12.380664,1.860055
23.470774,-81.824400,-279.000000,12.369617,1.858292
23.990774,-81.824400,-279.000000,12.089847,1.837404
24.510774,-81.824400,-279.000000,12.385376,1.858911
25.030774,-81.824400,-279.000000,12.168399,1.850886
25.550774,-81.824400,-279.000000,12.299026,1.877143
26.070774,-81.824400,-279.000000,12.340610,1.877826
26.590774,-81.824400,-279.000000,12.091471,1.877691
27.110774,-81.824400,-279.000000,12.475859,1.868872
27.630774,-81.824400,-279.000000,12.426222,1.902496
28.150774,-81.824400,-279.000000,12.122377,1.831998
28.670774,-81.824400,-279.000000,12.074142,1.879650
29.190774,-81.824400,-279.000000,12.355330,1.883704
29.710774,-81.824400,-279.000000,12.514857,1.888245
30.230774,-81.824400,-279.000000,12.148559,1.848001
30.750774,-81.824400,-279.000000,12.415114,1.877172
31.270774,-81.824400,-279.000000,12.553438,1.883888
31.790774,-81.824400,-279.000000,12.160548,1.856605
32.310774,-81.824400,-279.000000,12.498994,1.888033
32.830774,-81.824400,-279.000000,12.202552,1.867710
33.350774,-81.824400,-279.000000,12.321982,1.886593
33.870774,-81.824400,-279.000000,12.383188,1.869937
34.390774,-81.824400,-279.000000,12.282367,1.850394
34.910774,-81.824400,-279.000000,12.367488,1.873847
35.430774,-81.824400,-279.000000,12.337489,1.890450
35.950774,-81.824400,-279.000000,12.282408,1.857399
36.470774,-81.824400,-279.000000,12.447855,1.873679
36.990774,-81.824400,-279.000000,12.191327,1.874551
37.510774,-81.824400,-279.000000,12.217083,1.868440
38.030774,-81.824400,-279.000000,12.281348,1.877032
38.550774,-81.824400,-279.000000,12.334493,1.868880
39.070774,-81.824400,-279.000000,12.068000,1.862756
39.590774,-81.824400,-279.000000,12.227527,1.852566
40.110774,-81.824400,-279.000000,12.313744,1.864893
40.630774,-81.824400,-279.000000,12.518163,1.871857
41.150774,-81.824400,-279.000000,12.363580,1.885789
41.670774,-81.824400,-279.000000,12.129844,1.861885
42.190774,-81.824400,-279.000000,12.437532,1.868998
42.710774,-81.824400,-279.000000,12.136474,1.875971
43.230774,-81.824400,-279.000000,12.324576,1.874837
43.750774,-81.824400,-279.000000,12.398706,1.865752
44.270774,-81.824400,-279.000000,12.266862,1.869968
44.790774,-81.824400,-279.000000,12.451313,1.869795
45.310774,-81.824400,-279.000000,12.125426,1.886549
45.830774,-81.824400,-279.000000,12.129915,1.846905
46.350774,-81.824400,-279.000000,12.251613,1.874013
46.870774,-81.824400,-279.000000,12.301054,1.880358
47.390774,-81.824400,-279.000000,12.284125,1.870222
47.910774,-81.824400,-279.000000,12.585177,1.883377
48.430774,-81.824400,-279.000000,12.128791,1.863902
48.950774,-81.824400,-279.000000,12.277596,1.851796
49.470774,-81.824400,-279.000000,12.136508,1.875234
49.990774,-81.824400,-279.000000,12.364977,1.872946
50.510774,-81.824400,-279.000000,12.187259,1.880637
51.030774,-81.824400,-279.000000,12.235431,1.879832
51.550774,-81.824400,-279.000000,12.080871,1.880450
52.070774,-81.824400,-279.000000,12.223508,1.870749
52.590774,-81.824400,-279.000000,12.459861,1.860718
53.110774,-81.824400,-279.000000,12.299332,1.869170
53.630774,-81.824400,-279.000000,12.340351,1.869908
54.150774,-81.824400,-279.000000,12.088091,1.872567
54.670774,-81.824400,-279.000000,12.003459,1.872960
55.190774,-81.824400,-279.000000,12.243649,1.870678
55.710774,-81.824400,-279.000000,12.152599,1.876219
56.230774,-81.824400,-279.000000,12.315049,1.870280
56.750774,-81.824400,-279.000000,12.136651,1.878772
57.270774,-81.824400,-279.000000,12.306059,1.869671
57.790774,-81.824400,-279.000000,12.294423,1.868858
58.310774,-81.824400,-279.000000,12.278890,1.871768
58.830774,-81.824400,-279.000000,12.426038,1.866698
59.350774,-81.824400,-279.000000,12.265212,1.873882
59.870774,-81.824400,-279.000000,12.248992,1.879400
60.390774,-81.824400,-279.000000,12.269189,1.860263
60.910774,-81.824400,-279.000000,12.328717,1.869380
61.430774,-81.824400,-279.000000,12.290580,1.860238
61.950774,-81.824400,-279.000000,12.308284,1.867615
62.470774,-81.824400,-279.000000,12.269069,1.861892
62.990774,-81.824400,-279.000000,12.405751,1.862014
61.430774,-81.304400,-279.000000,12.244449,1.854935
13.590774,-82.344400,-278.000000,12.396014,1.789008
14.110774,-82.344400,-278.000000,12.362586,1.804087
14.630774,-82.344400,-278.000000,12.561000,1.833451
15.150774,-82.344400,-278.000000,12.176581,1.812398
15.670774,-82.344400,-278.000000,12.376848,1.817629
16.190774,-82.344400,-278.000000,12.423478,1.839947
16.710774,-82.344400,-278.000000,12.316257,1.812398
17.230774,-82.344400,-278.000000,12.496975,1.829932
17.750774,-82.344400,-278.000000,12.650002,1.854739
18.270774,-82.344400,-278.000000,12.253572,1.843788
18.790774,-82.344400,-278.000000,12.254358,1.860055
19.310774,-82.344400,-278.000000,12.436455,1.855624
19.830774,-82.344400,-278.000000,12.394063,1.856517
20.350774,-82.344400,-278.000000,12.387042,1.829319
20.870774,-82.344400,-278.000000,12.266585,1.851894
21.390774,-82.344400,-278.000000,12.293108,1.838183
21.910774,-82.344400,-278.000000,12.268059,1.854483
22.430774,-82.344400,-278.000000,12.405799,1.851855
22.950774,-82.344400,-278.000000,12.143732,1.846394
23.470774,-82.344400,-278.000000,12.244758,1.840111
23.990774,-82.344400,-278.000000,12.528212,1.853987
24.510774,-82.344400,-278.000000,12.471175,1.885244
25.030774,-82.344400,-278.000000,12.469258,1.880189
25.550774,-82.344400,-278.000000,12.263829,1.861776
26.070774,-82.344400,-278.000000,12.187347,1.847166
26.590774,-82.344400,-278.000000,12.276217,1.878654
27.110774,-82.344400,-278.000000,12.310120,1.859139
27.630774,-82.344400,-278.000000,12.434504,1.862877
28.150774,-82.344400,-278.000000,12.428599,1.881001
28.670774,-82.344400,-278.000000,12.343209,1.886767
29.190774,-82.344400,-278.000000,12.468747,1.874882
29.710774,-82.344400,-278.000000,12.495746,1.865715
30.230774,-82.344400,-278.000000,12.197301,1.858789
30.750774,-82.344400,-278.000000,12.287774,1.850278
31.270774,-82.344400,-278.000000,12.263500,1.878212
31.790774,-82.344400,-278.000000,12.320075,1.873928
32.310774,-82.344400,-278.000000,12.111841,1.880291
32.830774,-82.344400,-278.000000,12.242353,1.858849
33.350774,-82.344400,-278.000000,12.389236,1.861555
33.870774,-82.344400,-278.000000,12.223060,1.870947
34.390774,-82.344400,-278.000000,12.344974,1.858822
34.910774,-82.344400,-278.000000,12.186908,1.853967
35.430774,-82.344400,-278.000000,12.469637,1.889193
35.950774,-82.344400,-278.000000,12.457580,1.877185
36.470774,-82.344400,-278.000000,12.702033,1.890758
36.990774,-82.344400,-278.000000,12.429006,1.884562
37.510774,-82.344400,-278.000000,12.346346,1.876348
38.030774,-82.344400,-278.000000,12.270352,1.873975
38.550774,-82.344400,-278.000000,12.370231,1.872090
39.070774,-82.344400,-278.000000,12.330620,1.880493
39.590774,-82.344400,-278.000000,12.221568,1.877110
40.110774,-82.344400,-278.000000,12.510651,1.877307
40.630774,-82.344400,-278.000000,12.491555,1.882271
41.150774,-82.344400,-278.000000,12.171431,1.875098
41.670774,-82.344400,-278.000000,12.343979,1.866388
42.190774,-82.344400,-278.000000,12.314911,1.844839
42.710774,-82.344400,-278.000000,12.404185,1.859193
43.230774,-82.344400,-278.000000,12.447852,1.887885
43.750774,-82.344400,-278.000000,12.418891,1.858425
44.270774,-82.344400,-278.000000,12.255973,1.870645
44.790774,-82.344400,-278.000000,12.221387,1.874996
45.310774,-82.344400,-278.000000,12.478241,1.890127
45.830774,-82.344400,-278.000000,12.385392,1.853350
46.350774,-82.344400,-278.000000,12.391601,1.886049
46.870774,-82.344400,-278.000000,12.167620,1.884657
47.390774,-82.344400,-278.000000,12.514319,1.895267
47.910774,-82.344400,-278.000000,12.383361,1.888829
48.430774,-82.344400,-278.000000,12.244529,1.890747
48.950774,-82.344400,-278.000000,12.382636,1.882851
49.470774,-82.344400,-278.000000,12.209121,1.867449
49.990774,-82.344400,-278.000000,12.281179,1.860096
50.510774,-82.344400,-278.000000,12.408704,1.900525
51.030774,-82.344400,-278.000000,12.459121,1.865292
51.550774,-82.344400,-278.000000,12.373576,1.879624
52.070774,-82.344400,-278.000000,12.497417,1.890087
52.590774,-82.344400,-278.000000,12.279914,1.889814
53.110774,-82.344400,-278.000000,12.315339,1.875634
53.630774,-82.344400,-278.000000,12.315950,1.882285
54.150774,-82.344400,-278.000000,12.348287,1.870367
54.670774,-82.344400,-278.000000,12.449794,1.879223
55.190774,-82.344400,-278.000000,12.019792,1.868204
55.710774,-82.344400,-278.000000,12.228225,1.874944
56.230774,-82.344400,-278.000000,12.318508,1.880128
56.750774,-82.344400,-278.000000,12.104304,1.866194
57.270774,-82.344400,-278.000000,12.220205,1.884979
57.790774,-82.344400,-278.000000,12.557832,1.880440
58.310774,-82.344400,-278.000000,12.529107,1.897933
58.830774,-82.344400,-278.000000,12.266567,1.863533
59.350774,-82.344400,-278.000000,12.263751,1.866196
59.870774,-82.344400,-278.000000,12.283145,1.873035
60.390774,-82.344400,-278.000000,12.266015,1.882071
60.910774,-82.344400,-278.000000,12.495012,1.879792
61.430774,-82.344400,-278.000000,12.386794,1.872825
61.950774,-82.344400,-278.000000,12.352885,1.843230
62.470774,-82.344400,-278.000000,12.267158,1.878342
62.990774,-82.344400,-278.000000,12.637892,1.900013
63.510774,-82.344400,-278.000000,12.385058,1.881987
64.030774,-82.344400,-278.000000,12.321087,1.868529
13.070774,-81.824400,-278.000000,12.269422,1.794961
13.590774,-81.824400,-278.000000,12.327307,1.789550
14.110774,-81.824400,-278.000000,12.359012,1.808939
14.630774,-81.824400,-278.000000,12.587519,1.832147
15.150774,-81.824400,-278.000000,12.172047,1.815552
15.670774,-81.824400,-278.000000,12.343825,1.819655
16.190774,-81.824400,-278.000000,12.365413,1.830165
16.710774,-81.824400,-278.000000,12.297256,1.815505
17.230774,-81.824400,-278.000000,12.492672,1.830230
17.750774,-81.824400,-278.000000,12.686992,1.856253
18.270774,-81.824400,-278.000000,12.252830,1.849330
18.790774,-81.824400,-278.000000,12.165627,1.850985
19.310774,-81.824400,-278.000000,12.447214,1.862221
19.830774,-81.824400,-278.000000,12.301970,1.853132
20.350774,-81.824400,-278.000000,12.336814,1.823691
20.870774,-81.824400,-278.000000,12.261030,1.854046
21.390774,-81.824400,-278.000000,12.320842,1.839905
21.910774,-81.824400,-278.000000,12.254969,1.866397
22.430774,-81.824400,-278.000000,12.398612,1.852587
22.950774,-81.824400,-278.000000,12.123756,1.847445
23.470774,-81.824400,-278.000000,12.221106,1.837421
23.990774,-81.824400,-278.000000,12.619777,1.861113
24.510774,-81.824400,-278.000000,12.425599,1.889740
25.030774,-81.824400,-278.000000,12.421942,1.881437
25.550774,-81.824400,-278.000000,12.268274,1.864792
26.070774,-81.824400,-278.000000,12.124310,1.853306
26.590774,-81.824400,-278.000000,12.248096,1.873596
27.110774,-81.824400,-278.000000,12.310093,1.869623
27.630774,-81.824400,-278.000000,12.437089,1.863655
28.150774,-81.824400,-278.000000,12.417010,1.883941
28.670774,-81.824400,-278.000000,12.317225,1.879605
29.190774,-81.824400,-278.000000,12.440104,1.876302
29.710774,-81.824400,-278.000000,12.426688,1.860916
30.230774,-81.824400,-278.000000,12.181740,1.858455
30.750774,-81.824400,-278.000000,12.310871,1.856869
31.270774,-81.824400,-278.000000,12.283670,1.876801
31.790774,-81.824400,-278.000000,12.360522,1.871353
32.310774,-81.824400,-278.000000,12.089072,1.881275
32.830774,-81.824400,-278.000000,12.243876,1.861712
33.350774,-81.824400,-278.000000,12.423461,1.871954
33.870774,-81.824400,-278.000000,12.163312,1.865113
34.390774,-81.824400,-278.000000,12.392686,1.861352
34.910774,-81.824400,-278.000000,12.161614,1.851600
35.430774,-81.824400,-278.000000,12.478809,1.884146
35.950774,-81.824400,-278.000000,12.437296,1.874905
36.470774,-81.824400,-278.000000,12.704137,1.889003
36.990774,-81.824400,-278.000000,12.458835,1.883711
37.510774,-81.824400,-278.000000,12.224992,1.875303
38.030774,-81.824400,-278.000000,12.204081,1.876652
38.550774,-81.824400,-278.000000,12.355884,1.875116
39.070774,-81.824400,-278.000000,12.287739,1.888146
39.590774,-81.824400,-278.000000,12.155784,1.878775
40.110774,-81.824400,-278.000000,12.529376,1.883596
40.630774,-81.824400,-278.000000,12.406294,1.879908
41.150774,-81.824400,-278.000000,12.223419,1.876162
41.670774,-81.824400,-278.000000,12.371089,1.872802
42.190774,-81.824400,-278.000000,12.330330,1.854680
42.710774,-81.824400,-278.000000,12.368884,1.856918
43.230774,-81.824400,-278.000000,12.420497,1.883783
43.750774,-81.824400,-278.000000,12.416621,1.865138
44.270774,-81.824400,-278.000000,12.338455,1.875752
44.790774,-81.824400,-278.000000,12.179729,1.875727
45.310774,-81.824400,-278.000000,12.413751,1.879850
45.830774,-81.824400,-278.000000,12.439535,1.861354
46.350774,-81.824400,-278.000000,12.375884,1.887823
46.870774,-81.824400,-278.000000,12.141438,1.892023
47.390774,-81.824400,-278.000000,12.508265,1.896056
47.910774,-81.824400,-278.000000,12.265282,1.893200
48.430774,-81.824400,-278.000000,12.305443,1.889968
48.950774,-81.824400,-278.000000,12.317028,1.885681
49.470774,-81.824400,-278.000000,12.182119,1.870925
49.990774,-81.824400,-278.000000,12.224739,1.862484
50.510774,-81.824400,-278.000000,12.445391,1.901770
51.030774,-81.824400,-278.000000,12.469937,1.874424
51.550774,-81.824400,-278.000000,12.346595,1.882983
52.070774,-81.824400,-278.000000,12.452759,1.888262
52.590774,-81.824400,-278.000000,12.346741,1.891991
53.110774,-81.824400,-278.000000,12.352012,1.882382
53.630774,-81.824400,-278.000000,12.285748,1.881010
54.150774,-81.824400,-278.000000,12.316352,1.870809
54.670774,-81.824400,-278.000000,12.424065,1.883957
55.190774,-81.824400,-278.000000,12.055777,1.873104
55.710774,-81.824400,-278.000000,12.219997,1.869487
56.230774,-81.824400,-278.000000,12.356745,1.884868
56.750774,-81.824400,-278.000000,12.131545,1.866148
57.270774,-81.824400,-278.000000,12.198075,1.893670
57.790774,-81.824400,-278.000000,12.556464,1.887325
58.310774,-81.824400,-278.000000,12.505415,1.890103
58.830774,-81.824400,-278.000000,12.257323,1.870522
59.350774,-81.824400,-278.000000,12.164625,1.866076
59.870774,-81.824400,-278.000000,12.318986,1.876879
60.390774,-81.824400,-278.000000,12.234686,1.884579
60.910774,-81.824400,-278.000000,12.412105,1.877406
61.430774,-81.824400,-278.000000,12.408359,1.874111
61.950774,-81.824400,-278.000000,12.333365,1.850924
62.470774,-81.824400,-278.000000,12.281447,1.880590
62.990774,-81.824400,-278.000000,12.643443,1.896664
63.510774,-81.824400,-278.000000,12.342390,1.875288
64.030774,-81.824400,-278.000000,12.361754,1.866923
64.550774,-81.824400,-278.000000,12.362586,1.876209
65.070774,-81.824400,-278.000000,12.416467,1.878875
63.510774,-81.304400,-278.000000,12.349563,1.880519
13.590774,-82.344400,-277.000000,12.210068,1.778951
14.110774,-82.344400,-277.000000,12.332778,1.814112
14.630774,-82.344400,-277.000000,12.501226,1.804970
15.150774,-82.344400,-277.000000,12.266402,1.794582
15.670774,-82.344400,-277.000000,12.429566,1.815717
16.190774,-82.344400,-277.000000,12.174543,1.814968
16.710774,-82.344400,-277.000000,12.371521,1.867260
17.230774,-82.344400,-277.000000,12.675616,1.852451
17.750774,-82.344400,-277.000000,12.593658,1.839519
18.270774,-82.344400,-277.000000,12.223674,1.847830
18.790774,-82.344400,-277.000000,12.484655,1.857842
19.310774,-82.344400,-277.000000,12.501848,1.850233
19.830774,-82.344400,-277.000000,12.578055,1.862449
20.350774,-82.344400,-277.000000,12.302893,1.837098
20.870774,-82.344400,-277.000000,12.555487,1.846294
21.390774,-82.344400,-277.000000,12.280078,1.853482
21.910774,-82.344400,-277.000000,12.389421,1.863523
22.430774,-82.344400,-277.000000,12.334186,1.879819
22.950774,-82.344400,-277.000000,12.306514,1.832039
23.470774,-82.344400,-277.000000,12.419447,1.873742
23.990774,-82.344400,-277.000000,12.079402,1.848483
24.510774,-82.344400,-277.000000,12.381145,1.872974
25.030774,-82.344400,-277.000000,12.433041,1.876296
25.550774,-82.344400,-277.000000,12.454514,1.859441
26.070774,-82.344400,-277.000000,12.435386,1.876873
26.590774,-82.344400,-277.000000,12.294276,1.859597
27.110774,-82.344400,-277.000000,12.206462,1.866976
27.630774,-82.344400,-277.000000,12.194201,1.864179
28.150774,-82.344400,-277.000000,12.213945,1.845713
28.670774,-82.344400,-277.000000,12.422988,1.852059
29.190774,-82.344400,-277.000000,12.316492,1.877345
29.710774,-82.344400,-277.000000,12.264015,1.871750
30.230774,-82.344400,-277.000000,12.406019,1.844735
30.750774,-82.344400,-277.000000,12.458364,1.866612
31.270774,-82.344400,-277.000000,12.306258,1.868473
31.790774,-82.344400,-277.000000,12.200477,1.856383
32.310774,-82.344400,-277.000000,12.496333,1.864288
32.830774,-82.344400,-277.000000,12.509469,1.896787
33.350774,-82.344400,-277.000000,12.498303,1.880891
33.870774,-82.344400,-277.000000,12.389098,1.873682
34.390774,-82.344400,-277.000000,12.171641,1.877862
34.910774,-82.344400,-277.000000,12.314007,1.865177
35.430774,-82.344400,-277.000000,12.286780,1.852994
35.950774,-82.344400,-277.000000,12.425176,1.879333
36.470774,-82.344400,-277.000000,12.445312,1.874518
36.990774,-82.344400,-277.000000,12.456283,1.860550
37.510774,-82.344400,-277.000000,12.204577,1.871724
38.030774,-82.344400,-277.000000,12.321042,1.876205
38.550774,-82.344400,-277.000000,12.070528,1.849300
39.070774,-82.344400,-277.000000,12.241110,1.865071
39.590774,-82.344400,-277.000000,12.469253,1.874279
40.110774,-82.344400,-277.000000,12.269559,1.858072
40.630774,-82.344400,-277.000000,12.223720,1.878734
41.150774,-82.344400,-277.000000,12.325592,1.872935
41.670774,-82.344400,-277.000000,12.382983,1.874325
42.190774,-82.344400,-277.000000,12.541271,1.884035
42.710774,-82.344400,-277.000000,12.431281,1.870195
43.230774,-82.344400,-277.000000,12.266163,1.850727
43.750774,-82.344400,-277.000000,12.486761,1.888068
44.270774,-82.344400,-277.000000,12.230594,1.870777
44.790774,-82.344400,-277.000000,12.368677,1.854111
45.310774,-82.344400,-277.000000,12.497264,1.890102
45.830774,-82.344400,-277.000000,12.507256,1.878529
46.350774,-82.344400,-277.000000,12.334567,1.846162
46.870774,-82.344400,-277.000000,12.287223,1.875655
47.390774,-82.344400,-277.000000,12.352012,1.885343
47.910774,-82.344400,-277.000000,12.386285,1.871070
48.430774,-82.344400,-277.000000,12.417611,1.876506
48.950774,-82.344400,-277.000000,12.168429,1.879757
49.470774,-82.344400,-277.000000,12.313993,1.900947
49.990774,-82.344400,-277.000000,12.159456,1.881003
50.510774,-82.344400,-277.000000,12.286713,1.872654
51.030774,-82.344400,-277.000000,12.458706,1.890639
51.550774,-82.344400,-277.000000,12.304265,1.860224
52.070774,-82.344400,-277.000000,12.350131,1.868854
52.590774,-82.344400,-277.000000,12.325651,1.878728
53.110774,-82.344400,-277.000000,12.430556,1.870743
53.630774,-82.344400,-277.000000,12.053561,1.855208
54.150774,-82.344400,-277.000000,12.474174,1.879317
54.670774,-82.344400,-277.000000,12.372128,1.886043
55.190774,-82.344400,-277.000000,12.708739,1.894120
55.710774,-82.344400,-277.000000,12.530219,1.880167
56.230774,-82.344400,-277.000000,12.364422,1.875941
56.750774,-82.344400,-277.000000,12.214660,1.874050
57.270774,-82.344400,-277.000000,12.154641,1.859793
57.790774,-82.344400,-277.000000,12.401369,1.879762
58.310774,-82.344400,-277.000000,12.324835,1.885190
58.830774,-82.344400,-277.000000,12.251571,1.857414
59.350774,-82.344400,-277.000000,12.290697,1.880451
59.870774,-82.344400,-277.000000,12.382983,1.864079
60.390774,-82.344400,-277.000000,12.181444,1.877269
60.910774,-82.344400,-277.000000,12.292893,1.864473
61.430774,-82.344400,-277.000000,12.412873,1.877224
61.950774,-82.344400,-277.000000,12.442228,1.855057
62.470774,-82.344400,-277.000000,12.249766,1.865970
62.990774,-82.344400,-277.000000,12.434256,1.873380
63.510774,-82.344400,-277.000000,12.378074,1.879785
64.030774,-82.344400,-277.000000,12.211982,1.884996
64.550774,-82.344400,-277.000000,12.361986,1.863852
65.070774,-82.344400,-277.000000,12.361686,1.864935
65.590774,-82.344400,-277.000000,12.192790,1.859307
66.110774,-82.344400,-277.000000,12.378383,1.891869
13.070774,-81.824400,-277.000000,12.157056,1.813002
13.590774,-81.824400,-277.000000,12.219314,1.779899
14.110774,-81.824400,-277.000000,12.326194,1.818084
14.630774,-81.824400,-277.000000,12.476966,1.808041
15.150774,-81.824400,-277.000000,12.283360,1.791854
15.670774,-81.824400,-277.000000,12.410276,1.825165
16.190774,-81.824400,-277.000000,12.178591,1.814451
16.710774,-81.824400,-277.000000,12.412769,1.869993
17.230774,-81.824400,-277.000000,12.605117,1.853864
17.750774,-81.824400,-277.000000,12.518648,1.840491
18.270774,-81.824400,-277.000000,12.253845,1.862964
18.790774,-81.824400,-277.000000,12.478529,1.862271
19.310774,-81.824400,-277.000000,12.391352,1.845407
19.830774,-81.824400,-277.000000,12.517299,1.868008
20.350774,-81.824400,-277.000000,12.292782,1.842126
20.870774,-81.824400,-277.000000,12.498946,1.844727
21.390774,-81.824400,-277.000000,12.274638,1.851719
21.910774,-81.824400,-277.000000,12.404587,1.867945
22.430774,-81.824400,-277.000000,12.347388,1.882991
22.950774,-81.824400,-277.000000,12.268830,1.835485
23.470774,-81.824400,-277.000000,12.425311,1.876887
23.990774,-81.824400,-277.000000,12.075467,1.853265
24.510774,-81.824400,-277.000000,12.438518,1.867043
25.030774,-81.824400,-277.000000,12.455326,1.881381
25.550774,-81.824400,-277.000000,12.383408,1.860359
26.070774,-81.824400,-277.000000,12.433932,1.880262
26.590774,-81.824400,-277.000000,12.337196,1.860530
27.110774,-81.824400,-277.000000,12.202374,1.873106
27.630774,-81.824400,-277.000000,12.217412,1.868872
28.150774,-81.824400,-277.000000,12.158416,1.847496
28.670774,-81.824400,-277.000000,12.462953,1.854497
29.190774,-81.824400,-277.000000,12.195069,1.872928
29.710774,-81.824400,-277.000000,12.354219,1.880879
30.230774,-81.824400,-277.000000,12.316459,1.847644
30.750774,-81.824400,-277.000000,12.465146,1.864779
31.270774,-81.824400,-277.000000,12.369830,1.869343
31.790774,-81.824400,-277.000000,12.162441,1.854017
32.310774,-81.824400,-277.000000,12.433571,1.865791
32.830774,-81.824400,-277.000000,12.499133,1.902528
33.350774,-81.824400,-277.000000,12.464131,1.877234
33.870774,-81.824400,-277.000000,12.434590,1.879210
34.390774,-81.824400,-277.000000,12.123396,1.874433
34.910774,-81.824400,-277.000000,12.371350,1.875447
35.430774,-81.824400,-277.000000,12.250916,1.855927
35.950774,-81.824400,-277.000000,12.391555,1.888161
36.470774,-81.824400,-277.000000,12.401668,1.872919
36.990774,-81.824400,-277.000000,12.460855,1.864971
37.510774,-81.824400,-277.000000,12.218340,1.873321
38.030774,-81.824400,-277.000000,12.297469,1.871599
38.550774,-81.824400,-277.000000,12.109480,1.856221
39.070774,-81.824400,-277.000000,12.249168,1.867075
39.590774,-81.824400,-277.000000,12.402732,1.871560
40.110774,-81.824400,-277.000000,12.281764,1.860115
40.630774,-81.824400,-277.000000,12.205609,1.882455
41.150774,-81.824400,-277.000000,12.372487,1.877633
41.670774,-81.824400,-277.000000,12.361310,1.881074
42.190774,-81.824400,-277.000000,12.532817,1.880708
42.710774,-81.824400,-277.000000,12.329217,1.872936
43.230774,-81.824400,-277.000000,12.262667,1.853400
43.750774,-81.824400,-277.000000,12.496057,1.884170
44.270774,-81.824400,-277.000000,12.180999,1.871563
44.790774,-81.824400,-277.000000,12.392476,1.853421
45.310774,-81.824400,-277.000000,12.430136,1.900902
45.830774,-81.824400,-277.000000,12.409328,1.871294
46.350774,-81.824400,-277.000000,12.326275,1.848798
46.870774,-81.824400,-277.000000,12.251793,1.875750
47.390774,-81.824400,-277.000000,12.381362,1.884116
47.910774,-81.824400,-277.000000,12.324024,1.872684
48.430774,-81.824400,-277.000000,12.450290,1.880302
48.950774,-81.824400,-277.000000,12.283539,1.877468
49.470774,-81.824400,-277.000000,12.291493,1.902206
49.990774,-81.824400,-277.000000,12.201094,1.884713
50.510774,-81.824400,-277.000000,12.178544,1.876018
51.030774,-81.824400,-277.000000,12.446814,1.889802
51.550774,-81.824400,-277.000000,12.256359,1.859869
52.070774,-81.824400,-277.000000,12.361383,1.870860
52.590774,-81.824400,-277.000000,12.319237,1.882396
53.110774,-81.824400,-277.000000,12.443332,1.870592
53.630774,-81.824400,-277.000000,12.044370,1.856929
54.150774,-81.824400,-277.000000,12.399158,1.874575
54.670774,-81.824400,-277.000000,12.401251,1.888750
55.190774,-81.824400,-277.000000,12.652820,1.892497
55.710774,-81.824400,-277.000000,12.455386,1.876530
56.230774,-81.824400,-277.000000,12.405723,1.882759
56.750774,-81.824400,-277.000000,12.143537,1.875755
57.270774,-81.824400,-277.000000,12.019612,1.849665
57.790774,-81.824400,-277.000000,12.380433,1.880368
58.310774,-81.824400,-277.000000,12.328968,1.895136
58.830774,-81.824400,-277.000000,12.235658,1.862157
59.350774,-81.824400,-277.000000,12.313994,1.874109
59.870774,-81.824400,-277.000000,12.359534,1.871287
60.390774,-81.824400,-277.000000,12.261207,1.879411
60.910774,-81.824400,-277.000000,12.253741,1.863285
61.430774,-81.824400,-277.000000,12.492765,1.886348
61.950774,-81.824400,-277.000000,12.409328,1.856043
62.470774,-81.824400,-277.000000,12.219304,1.864456
62.990774,-81.824400,-277.000000,12.382428,1.880093
63.510774,-81.824400,-277.000000,12.408515,1.876917
64.030774,-81.824400,-277.000000,12.303824,1.898143
64.550774,-81.824400,-277.000000,12.306083,1.860129
65.070774,-81.824400,-277.000000,12.366469,1.870266
65.590774,-81.824400,-277.000000,12.113805,1.854481
66.110774,-81.824400,-277.000000,12.308543,1.890997
66.630774,-81.824400,-277.000000,12.271654,1.856741
66.110774,-81.304400,-277.000000,12.231372,1.889358
13.590774,-82.344400,-276.000000,12.356120,1.792031
14.110774,-82.344400,-276.000000,12.264657,1.792174
14.630774,-82.344400,-276.000000,12.409495,1.804221
15.150774,-82.344400,-276.000000,12.174850,1.799281
15.670774,-82.344400,-276.000000,12.239496,1.812581
16.190774,-82.344400,-276.000000,12.313239,1.831151
16.710774,-82.344400,-276.000000,12.509233,1.848605
17.230774,-82.344400,-276.000000,12.220808,1.839730
17.750774,-82.344400,-276.000000,12.459755,1.850519
18.270774,-82.344400,-276.000000,12.207275,1.849960
18.790774,-82.344400,-276.000000,12.355332,1.842453
19.310774,-82.344400,-276.000000,12.340832,1.837646
19.830774,-82.344400,-276.000000,12.233854,1.853490
20.350774,-82.344400,-276.000000,12.524406,1.862744
20.870774,-82.344400,-276.000000,12.455882,1.843419
21.390774,-82.344400,-276.000000,12.312663,1.853492
21.910774,-82.344400,-276.000000,12.357360,1.850167
22.430774,-82.344400,-276.000000,12.424259,1.847287
22.950774,-82.344400,-276.000000,12.486720,1.872730
23.470774,-82.344400,-276.000000,12.446926,1.861724
23.990774,-82.344400,-276.000000,12.375946,1.859312
24.510774,-82.344400,-276.000000,12.677310,1.874251
25.030774,-82.344400,-276.000000,12.325107,1.858992
25.550774,-82.344400,-276.000000,12.404533,1.863521
26.070774,-82.344400,-276.000000,12.457259,1.875239
26.590774,-82.344400,-276.000000,12.643617,1.865706
27.110774,-82.344400,-276.000000,12.216461,1.877482
27.630774,-82.344400,-276.000000,12.203773,1.852642
28.150774,-82.344400,-276.000000,12.526306,1.867759
28.670774,-82.344400,-276.000000,12.180573,1.875110
29.190774,-82.344400,-276.000000,12.217050,1.859931
29.710774,-82.344400,-276.000000,12.317129,1.896334
30.230774,-82.344400,-276.000000,11.931217,1.852832
30.750774,-82.344400,-276.000000,12.430192,1.888895
31.270774,-82.344400,-276.000000,12.508475,1.887751
31.790774,-82.344400,-276.000000,12.235717,1.852466
32.310774,-82.344400,-276.000000,12.335396,1.863955
32.830774,-82.344400,-276.000000,12.470443,1.889425
33.350774,-82.344400,-276.000000,12.190877,1.882210
33.870774,-82.344400,-276.000000,12.238747,1.869186
34.390774,-82.344400,-276.000000,12.345840,1.878571
34.910774,-82.344400,-276.000000,12.254603,1.875068
35.430774,-82.344400,-276.000000,12.413267,1.885624
35.950774,-82.344400,-276.000000,12.235839,1.864951
36.470774,-82.344400,-276.000000,12.294917,1.879956
36.990774,-82.344400,-276.000000,12.303492,1.864334
37.510774,-82.344400,-276.000000,12.607337,1.900208
38.030774,-82.344400,-276.000000,12.207145,1.844007
38.550774,-82.344400,-276.000000,12.291512,1.888671
39.070774,-82.344400,-276.000000,12.337197,1.854529
39.590774,-82.344400,-276.000000,12.290976,1.866068
40.110774,-82.344400,-276.000000,12.490297,1.893790
40.630774,-82.344400,-276.000000,12.403033,1.868064
41.150774,-82.344400,-276.000000,12.300611,1.863940
41.670774,-82.344400,-276.000000,12.377997,1.873272
42.190774,-82.344400,-276.000000,12.369235,1.894616
42.710774,-82.344400,-276.000000,12.220786,1.862815
43.230774,-82.344400,-276.000000,12.334721,1.873995
43.750774,-82.344400,-276.000000,12.408361,1.886876
44.270774,-82.344400,-276.000000,12.489830,1.885318
44.790774,-82.344400,-276.000000,12.227151,1.863245
45.310774,-82.344400,-276.000000,12.416918,1.860314
45.830774,-82.344400,-276.000000,12.460515,1.890875
46.350774,-82.344400,-276.000000,12.505722,1.892094
46.870774,-82.344400,-276.000000,12.208250,1.856397
47.390774,-82.344400,-276.000000,12.131785,1.851704
47.910774,-82.344400,-276.000000,12.144034,1.890293
48.430774,-82.344400,-276.000000,12.368987,1.871015
48.950774,-82.344400,-276.000000,12.417909,1.882912
49.470774,-82.344400,-276.000000,12.294904,1.868956
49.990774,-82.344400,-276.000000,12.389044,1.856676
50.510774,-82.344400,-276.000000,12.537845,1.877759
51.030774,-82.344400,-276.000000,12.251118,1.892205
51.550774,-82.344400,-276.000000,12.457200,1.877365
52.070774,-82.344400,-276.000000,12.285995,1.877093
52.590774,-82.344400,-276.000000,12.395771,1.874184
53.110774,-82.344400,-276.000000,12.456687,1.875739
53.630774,-82.344400,-276.000000,12.268311,1.874295
54.150774,-82.344400,-276.000000,12.463294,1.867929
54.670774,-82.344400,-276.000000,12.290862,1.893825
55.190774,-82.344400,-276.000000,12.338049,1.879549
55.710774,-82.344400,-276.000000,12.368477,1.868291
56.230774,-82.344400,-276.000000,12.272780,1.857627
56.750774,-82.344400,-276.000000,12.309432,1.868913
57.270774,-82.344400,-276.000000,12.283932,1.881507
57.790774,-82.344400,-276.000000,12.416827,1.881530
58.310774,-82.344400,-276.000000,12.473034,1.879022
58.830774,-82.344400,-276.000000,12.321419,1.881151
59.350774,-82.344400,-276.000000,12.291039,1.878590
59.870774,-82.344400,-276.000000,12.626233,1.900530
60.390774,-82.344400,-276.000000,12.369579,1.871780
60.910774,-82.344400,-276.000000,12.485365,1.887525
61.430774,-82.344400,-276.000000,12.302492,1.879017
61.950774,-82.344400,-276.000000,12.367896,1.874707
62.470774,-82.344400,-276.000000,12.405698,1.879815
62.990774,-82.344400,-276.000000,12.324360,1.883122
63.510774,-82.344400,-276.000000,12.161505,1.871626
64.030774,-82.344400,-276.000000,12.335395,1.868762
64.550774,-82.344400,-276.000000,12.357744,1.879596
65.070774,-82.344400,-276.000000,12.319856,1.867439
65.590774,-82.344400,-276.000000,12.203803,1.869398
66.110774,-82.344400,-276.000000,12.392463,1.860212
66.630774,-82.344400,-276.000000,12.101400,1.844696
67.150774,-82.344400,-276.000000,12.367308,1.860715
67.670774,-82.344400,-276.000000,12.178229,1.886526
13.070774,-81.824400,-276.000000,12.241519,1.768754
13.590774,-81.824400,-276.000000,12.330574,1.792387
14.110774,-81.824400,-276.000000,12.277263,1.797094
14.630774,-81.824400,-276.000000,12.457649,1.806612
15.150774,-81.824400,-276.000000,12.196829,1.806801
15.670774,-81.824400,-276.000000,12.215564,1.804127
16.190774,-81.824400,-276.000000,12.309021,1.831221
16.710774,-81.824400,-276.000000,12.448290,1.844930
17.230774,-81.824400,-276.000000,12.231838,1.853223
17.750774,-81.824400,-276.000000,12.500375,1.853931
18.270774,-81.824400,-276.000000,12.229917,1.854301
18.790774,-81.824400,-276.000000,12.339851,1.843690
19.310774,-81.824400,-276.000000,12.390618,1.834714
19.830774,-81.824400,-276.000000,12.254326,1.860526
20.350774,-81.824400,-276.000000,12.544074,1.860255
20.870774,-81.824400,-276.000000,12.419964,1.845308
21.390774,-81.824400,-276.000000,12.344676,1.852631
21.910774,-81.824400,-276.000000,12.294593,1.847890
22.430774,-81.824400,-276.000000,12.401861,1.857005
22.950774,-81.824400,-276.000000,12.479472,1.866542
23.470774,-81.824400,-276.000000,12.400168,1.860147
23.990774,-81.824400,-276.000000,12.408587,1.864602
24.510774,-81.824400,-276.000000,12.560684,1.872442
25.030774,-81.824400,-276.000000,12.332743,1.866886
25.550774,-81.824400,-276.000000,12.393282,1.863047
26.070774,-81.824400,-276.000000,12.406646,1.871929
26.590774,-81.824400,-276.000000,12.628819,1.861606
27.110774,-81.824400,-276.000000,12.263289,1.876731
27.630774,-81.824400,-276.000000,12.161166,1.861725
28.150774,-81.824400,-276.000000,12.484290,1.871446
28.670774,-81.824400,-276.000000,12.134875,1.877186
29.190774,-81.824400,-276.000000,12.208858,1.863914
29.710774,-81.824400,-276.000000,12.360834,1.888095
30.230774,-81.824400,-276.000000,11.981893,1.860191
30.750774,-81.824400,-276.000000,12.352127,1.887271
31.270774,-81.824400,-276.000000,12.512041,1.892698
31.790774,-81.824400,-276.000000,12.250041,1.855079
32.310774,-81.824400,-276.000000,12.333494,1.871862
32.830774,-81.824400,-276.000000,12.342527,1.879394
33.350774,-81.824400,-276.000000,12.264336,1.886201
33.870774,-81.824400,-276.000000,12.272663,1.870598
34.390774,-81.824400,-276.000000,12.326648,1.879301
34.910774,-81.824400,-276.000000,12.247430,1.872075
35.430774,-81.824400,-276.000000,12.298949,1.883960
35.950774,-81.824400,-276.000000,12.253257,1.868512
36.470774,-81.824400,-276.000000,12.247141,1.875894
36.990774,-81.824400,-276.000000,12.320701,1.872046
37.510774,-81.824400,-276.000000,12.576163,1.900771
38.030774,-81.824400,-276.000000,12.207496,1.843229
38.550774,-81.824400,-276.000000,12.232101,1.889621
39.070774,-81.824400,-276.000000,12.367960,1.860501
39.590774,-81.824400,-276.000000,12.252212,1.873104
40.110774,-81.824400,-276.000000,12.521527,1.885729
40.630774,-81.824400,-276.000000,12.362135,1.875571
41.150774,-81.824400,-276.000000,12.295280,1.863488
41.670774,-81.824400,-276.000000,12.382743,1.876963
42.190774,-81.824400,-276.000000,12.467816,1.904426
42.710774,-81.824400,-276.000000,12.201192,1.859913
43.230774,-81.824400,-276.000000,12.275630,1.875281
43.750774,-81.824400,-276.000000,12.323497,1.879655
44.270774,-81.824400,-276.000000,12.527315,1.888314
44.790774,-81.824400,-276.000000,12.229401,1.870222
45.310774,-81.824400,-276.000000,12.383608,1.861397
45.830774,-81.824400,-276.000000,12.457924,1.890232
46.350774,-81.824400,-276.000000,12.537475,1.891606
46.870774,-81.824400,-276.000000,12.231003,1.858656
47.390774,-81.824400,-276.000000,12.152919,1.863264
47.910774,-81.824400,-276.000000,12.042422,1.884844
48.430774,-81.824400,-276.000000,12.387575,1.879228
48.950774,-81.824400,-276.000000,12.363620,1.885671
49.470774,-81.824400,-276.000000,12.240758,1.868057
49.990774,-81.824400,-276.000000,12.420337,1.860171
50.510774,-81.824400,-276.000000,12.442214,1.871331
51.030774,-81.824400,-276.000000,12.322314,1.889672
51.550774,-81.824400,-276.000000,12.479241,1.876982
52.070774,-81.824400,-276.000000,12.203025,1.878452
52.590774,-81.824400,-276.000000,12.392570,1.870915
53.110774,-81.824400,-276.000000,12.386004,1.872885
53.630774,-81.824400,-276.000000,12.219370,1.874659
54.150774,-81.824400,-276.000000,12.471281,1.876334
54.670774,-81.824400,-276.000000,12.143712,1.884533
55.190774,-81.824400,-276.000000,12.342010,1.879513
55.710774,-81.824400,-276.000000,12.411509,1.872679
56.230774,-81.824400,-276.000000,12.241027,1.858871
56.750774,-81.824400,-276.000000,12.339184,1.874623
57.270774,-81.824400,-276.000000,12.290336,1.881030
57.790774,-81.824400,-276.000000,12.416780,1.880032
58.310774,-81.824400,-276.000000,12.451547,1.879700
58.830774,-81.824400,-276.000000,12.293128,1.882764
59.350774,-81.824400,-276.000000,12.284656,1.884050
59.870774,-81.824400,-276.000000,12.594789,1.908161
60.390774,-81.824400,-276.000000,12.331748,1.874504
60.910774,-81.824400,-276.000000,12.446982,1.885809
61.430774,-81.824400,-276.000000,12.292855,1.877895
61.950774,-81.824400,-276.000000,12.325171,1.878326
62.470774,-81.824400,-276.000000,12.413486,1.878925
62.990774,-81.824400,-276.000000,12.358895,1.892779
63.510774,-81.824400,-276.000000,12.079929,1.868775
64.030774,-81.824400,-276.000000,12.275002,1.866964
64.550774,-81.824400,-276.000000,12.314311,1.889684
65.070774,-81.824400,-276.000000,12.378196,1.871141
65.590774,-81.824400,-276.000000,12.189334,1.867002
66.110774,-81.824400,-276.000000,12.388768,1.861486
66.630774,-81.824400,-276.000000,12.133299,1.851914
67.150774,-81.824400,-276.000000,12.338229,1.858961
67.670774,-81.824400,-276.000000,12.227975,1.890877
68.190774,-81.824400,-276.000000,12.207747,1.861781
13.590774,-82.344400,-275.000000,12.473121,1.797206
14.110774,-82.344400,-275.000000,12.199736,1.799618
14.630774,-82.344400,-275.000000,12.476668,1.814595
15.150774,-82.344400,-275.000000,12.493931,1.826699
15.670774,-82.344400,-275.000000,12.398192,1.831109
16.190774,-82.344400,-275.000000,12.323106,1.826600
16.710774,-82.344400,-275.000000,12.177507,1.854627
17.230774,-82.344400,-275.000000,12.271079,1.822774
17.750774,-82.344400,-275.000000,12.291510,1.852927
18.270774,-82.344400,-275.000000,12.473184,1.864591
18.790774,-82.344400,-275.000000,12.385081,1.835661
19.310774,-82.344400,-275.000000,12.438405,1.843161
19.830774,-82.344400,-275.000000,12.344960,1.858175
20.350774,-82.344400,-275.000000,12.227269,1.852711
20.870774,-82.344400,-275.000000,12.655101,1.866329
21.390774,-82.344400,-275.000000,12.433619,1.863356
21.910774,-82.344400,-275.000000,12.339750,1.863428
22.430774,-82.344400,-275.000000,12.291106,1.852554
22.950774,-82.344400,-275.000000,12.464957,1.856920
23.470774,-82.344400,-275.000000,12.587501,1.870760
23.990774,-82.344400,-275.000000,12.446116,1.853604
24.510774,-82.344400,-275.000000,12.290347,1.841571
25.030774,-82.344400,-275.000000,12.290392,1.860108
25.550774,-82.344400,-275.000000,12.481710,1.845763
26.070774,-82.344400,-275.000000,12.336772,1.874287
26.590774,-82.344400,-275.000000,12.300197,1.860008
27.110774,-82.344400,-275.000000,12.383626,1.873433
27.630774,-82.344400,-275.000000,12.413579,1.874303
28.150774,-82.344400,-275.000000,12.452013,1.878062
28.670774,-82.344400,-275.000000,12.247280,1.877598
29.190774,-82.344400,-275.000000,12.602605,1.879078
29.710774,-82.344400,-275.000000,12.443406,1.879162
30.230774,-82.344400,-275.000000,12.295093,1.856980
30.750774,-82.344400,-275.000000,12.234625,1.882409
31.270774,-82.344400,-275.000000,12.518304,1.869584
31.790774,-82.344400,-275.000000,12.486593,1.882180
32.310774,-82.344400,-275.000000,12.227796,1.872236
32.830774,-82.344400,-275.000000,12.321613,1.872223
33.350774,-82.344400,-275.000000,12.450866,1.872882
33.870774,-82.344400,-275.000000,12.136299,1.855715
34.390774,-82.344400,-275.000000,12.239490,1.873289
34.910774,-82.344400,-275.000000,12.328007,1.876841
35.430774,-82.344400,-275.000000,12.171584,1.884270
35.950774,-82.344400,-275.000000,12.104270,1.862922
36.470774,-82.344400,-275.000000,12.162797,1.883776
36.990774,-82.344400,-275.000000,11.963748,1.857644
37.510774,-82.344400,-275.000000,12.204189,1.887818
38.030774,-82.344400,-275.000000,12.619327,1.890848
38.550774,-82.344400,-275.000000,12.566388,1.874258
39.070774,-82.344400,-275.000000,12.342388,1.869479
39.590774,-82.344400,-275.000000,12.421522,1.880869
40.110774,-82.344400,-275.000000,12.280064,1.841107
40.630774,-82.344400,-275.000000,12.299885,1.869050
41.150774,-82.344400,-275.000000,12.289118,1.875936
41.670774,-82.344400,-275.000000,12.414337,1.883781
42.190774,-82.344400,-275.000000,12.494955,1.875226
42.710774,-82.344400,-275.000000,12.375384,1.884106
43.230774,-82.344400,-275.000000,12.534179,1.890880
43.750774,-82.344400,-275.000000,12.333249,1.861246
44.270774,-82.344400,-275.000000,12.230867,1.881479
44.790774,-82.344400,-275.000000,12.376319,1.893928
45.310774,-82.344400,-275.000000,12.186419,1.868692
45.830774,-82.344400,-275.000000,12.075057,1.865714
46.350774,-82.344400,-275.000000,12.122115,1.898510
46.870774,-82.344400,-275.000000,12.239333,1.873412
47.390774,-82.344400,-275.000000,12.307654,1.872182
47.910774,-82.344400,-275.000000,12.338057,1.880519
48.430774,-82.344400,-275.000000,12.194503,1.863337
48.950774,-82.344400,-275.000000,12.367988,1.869002
49.470774,-82.344400,-275.000000,12.330409,1.867073
49.990774,-82.344400,-275.000000,12.359959,1.895431
50.510774,-82.344400,-275.000000,12.574340,1.876349
51.030774,-82.344400,-275.000000,12.419811,1.863607
51.550774,-82.344400,-275.000000,12.515951,1.895658
52.070774,-82.344400,-275.000000,12.321516,1.870022
52.590774,-82.344400,-275.000000,12.157920,1.861166
53.110774,-82.344400,-275.000000,12.288028,1.870642
53.630774,-82.344400,-275.000000,12.311934,1.872698
54.150774,-82.344400,-275.000000,12.247599,1.868555
54.670774,-82.344400,-275.000000,12.497665,1.887742
55.190774,-82.344400,-275.000000,12.295427,1.873410
55.710774,-82.344400,-275.000000,12.482623,1.873035
56.230774,-82.344400,-275.000000,12.245234,1.850581
56.750774,-82.344400,-275.000000,12.458807,1.891719
57.270774,-82.344400,-275.000000,12.208839,1.867128
57.790774,-82.344400,-275.000000,12.503526,1.888646
58.310774,-82.344400,-275.000000,12.266620,1.895862
58.830774,-82.344400,-275.000000,12.377195,1.888789
59.350774,-82.344400,-275.000000,12.189105,1.879681
59.870774,-82.344400,-275.000000,12.439475,1.866297
60.390774,-82.344400,-275.000000,12.390513,1.885655
60.910774,-82.344400,-275.000000,12.517844,1.893485
61.430774,-82.344400,-275.000000,12.392916,1.869764
61.950774,-82.344400,-275.000000,12.390661,1.872964
62.470774,-82.344400,-275.000000,12.479838,1.875662
62.990774,-82.344400,-275.000000,12.503704,1.862526
63.510774,-82.344400,-275.000000,12.335672,1.873814
64.030774,-82.344400,-275.000000,12.251103,1.886783
64.550774,-82.344400,-275.000000,12.373975,1.871929
65.070774,-82.344400,-275.000000,12.309855,1.873031
65.590774,-82.344400,-275.000000,12.486931,1.887290
66.110774,-82.344400,-275.000000,12.434973,1.887131
66.630774,-82.344400,-275.000000,12.077959,1.883332
67.150774,-82.344400,-275.000000,12.372125,1.874547
67.670774,-82.344400,-275.000000,12.315570,1.863736
68.190774,-82.344400,-275.000000,12.466236,1.885577
68.710774,-82.344400,-275.000000,12.389668,1.886421
69.230774,-82.344400,-275.000000,12.214232,1.863706
13.070774,-81.824400,-275.000000,12.387533,1.763966
13.590774,-81.824400,-275.000000,12.377524,1.797603
14.110774,-81.824400,-275.000000,12.190843,1.804366
14.630774,-81.824400,-275.000000,12.469264,1.816869
15.150774,-81.824400,-275.000000,12.446951,1.825944
15.670774,-81.824400,-275.000000,12.388945,1.832145
16.190774,-81.824400,-275.000000,12.312209,1.824913
16.710774,-81.824400,-275.000000,12.117742,1.861629
17.230774,-81.824400,-275.000000,12.283751,1.819759
17.750774,-81.824400,-275.000000,12.274684,1.861728
18.270774,-81.824400,-275.000000,12.504409,1.863375
18.790774,-81.824400,-275.000000,12.306187,1.842802
19.310774,-81.824400,-275.000000,12.394519,1.839707
19.830774,-81.824400,-275.000000,12.336375,1.857229
20.350774,-81.824400,-275.000000,12.215228,1.857726
20.870774,-81.824400,-275.000000,12.594504,1.865697
21.390774,-81.824400,-275.000000,12.410724,1.871065
21.910774,-81.824400,-275.000000,12.342852,1.859263
22.430774,-81.824400,-275.000000,12.332169,1.863355
22.950774,-81.824400,-275.000000,12.344334,1.854781
23.470774,-81.824400,-275.000000,12.615008,1.876881
23.990774,-81.824400,-275.000000,12.426411,1.848119
24.510774,-81.824400,-275.000000,12.295488,1.851655
25.030774,-81.824400,-275.000000,12.266257,1.856240
25.550774,-81.824400,-275.000000,12.404235,1.842897
26.070774,-81.824400,-275.000000,12.299400,1.874827
26.590774,-81.824400,-275.000000,12.349266,1.863856
27.110774,-81.824400,-275.000000,12.365731,1.872819
27.630774,-81.824400,-275.000000,12.373798,1.874867
28.150774,-81.824400,-275.000000,12.490066,1.888436
28.670774,-81.824400,-275.000000,12.246908,1.877615
29.190774,-81.824400,-275.000000,12.517955,1.879408
29.710774,-81.824400,-275.000000,12.460068,1.883693
30.230774,-81.824400,-275.000000,12.179914,1.856801
30.750774,-81.824400,-275.000000,12.276302,1.883625
31.270774,-81.824400,-275.000000,12.507765,1.876827
31.790774,-81.824400,-275.000000,12.370578,1.870393
32.310774,-81.824400,-275.000000,12.258311,1.881780
32.830774,-81.824400,-275.000000,12.284921,1.872015
33.350774,-81.824400,-275.000000,12.350866,1.871403
33.870774,-81.824400,-275.000000,12.166629,1.859187
34.390774,-81.824400,-275.000000,12.260558,1.878106
34.910774,-81.824400,-275.000000,12.279902,1.875625
35.430774,-81.824400,-275.000000,12.114016,1.887043
35.950774,-81.824400,-275.000000,12.088969,1.865977
36.470774,-81.824400,-275.000000,12.178750,1.883654
36.990774,-81.824400,-275.000000,11.972034,1.863059
37.510774,-81.824400,-275.000000,12.200334,1.890723
38.030774,-81.824400,-275.000000,12.586997,1.892338
38.550774,-81.824400,-275.000000,12.577979,1.870343
39.070774,-81.824400,-275.000000,12.302872,1.867913
39.590774,-81.824400,-275.000000,12.381117,1.884283
40.110774,-81.824400,-275.000000,12.319512,1.852592
40.630774,-81.824400,-275.000000,12.309516,1.874429
41.150774,-81.824400,-275.000000,12.210376,1.881586
41.670774,-81.824400,-275.000000,12.421769,1.879688
42.190774,-81.824400,-275.000000,12.456293,1.880666
42.710774,-81.824400,-275.000000,12.400911,1.883045
43.230774,-81.824400,-275.000000,12.520827,1.891741
43.750774,-81.824400,-275.000000,12.321535,1.864725
44.270774,-81.824400,-275.000000,12.241824,1.883363
44.790774,-81.824400,-275.000000,12.294660,1.892692
45.310774,-81.824400,-275.000000,12.139713,1.866941
45.830774,-81.824400,-275.000000,12.113036,1.873346
46.350774,-81.824400,-275.000000,12.235020,1.905817
46.870774,-81.824400,-275.000000,12.180199,1.875134
47.390774,-81.824400,-275.000000,12.242846,1.863269
47.910774,-81.824400,-275.000000,12.328752,1.891379
48.430774,-81.824400,-275.000000,12.217339,1.866015
48.950774,-81.824400,-275.000000,12.353278,1.870966
49.470774,-81.824400,-275.000000,12.348709,1.857886
49.990774,-81.824400,-275.000000,12.372855,1.899932
50.510774,-81.824400,-275.000000,12.571676,1.884453
51.030774,-81.824400,-275.000000,12.405947,1.869115
51.550774,-81.824400,-275.000000,12.522537,1.904362
52.070774,-81.824400,-275.000000,12.288252,1.869887
52.590774,-81.824400,-275.000000,12.177215,1.862905
53.110774,-81.824400,-275.000000,12.252574,1.867524
53.630774,-81.824400,-275.000000,12.295363,1.875136
54.150774,-81.824400,-275.000000,12.197709,1.868388
54.670774,-81.824400,-275.000000,12.495868,1.882299
55.190774,-81.824400,-275.000000,12.403667,1.883715
55.710774,-81.824400,-275.000000,12.454126,1.873810
56.230774,-81.824400,-275.000000,12.114059,1.849351
56.750774,-81.824400,-275.000000,12.442756,1.890906
57.270774,-81.824400,-275.000000,12.218393,1.865726
57.790774,-81.824400,-275.000000,12.505664,1.896137
58.310774,-81.824400,-275.000000,12.275055,1.894907
58.830774,-81.824400,-275.000000,12.392556,1.887692
59.350774,-81.824400,-275.000000,12.213826,1.881687
59.870774,-81.824400,-275.000000,12.364865,1.875122
60.390774,-81.824400,-275.000000,12.386661,1.886480
60.910774,-81.824400,-275.000000,12.566047,1.900006
61.430774,-81.824400,-275.000000,12.353821,1.869676
61.950774,-81.824400,-275.000000,12.394164,1.875208
62.470774,-81.824400,-275.000000,12.494218,1.874236
62.990774,-81.824400,-275.000000,12.453304,1.864017
63.510774,-81.824400,-275.000000,12.320682,1.870089
64.030774,-81.824400,-275.000000,12.342962,1.893439
64.550774,-81.824400,-275.000000,12.333934,1.870458
65.070774,-81.824400,-275.000000,12.298005,1.877047
65.590774,-81.824400,-275.000000,12.449885,1.882691
66.110774,-81.824400,-275.000000,12.452137,1.886191
66.630774,-81.824400,-275.000000,12.022041,1.884759
67.150774,-81.824400,-275.000000,12.350276,1.877444
67.670774,-81.824400,-275.000000,12.260371,1.866292
68.190774,-81.824400,-275.000000,12.447251,1.886843
68.710774,-81.824400,-275.000000,12.290183,1.887718
69.230774,-81.824400,-275.000000,12.214841,1.868928
69.750774,-81.824400,-275.000000,12.452064,1.880493
70.270774,-81.824400,-275.000000,12.254232,1.874096
68.710774,-81.304400,-275.000000,12.272351,1.887383
69.230774,-81.304400,-275.000000,12.156785,1.876949
13.590774,-82.344400,-274.000000,12.291610,1.793662
14.110774,-82.344400,-274.000000,12.446034,1.804686
14.630774,-82.344400,-274.000000,12.171290,1.795322
15.150774,-82.344400,-274.000000,12.511386,1.854163
15.670774,-82.344400,-274.000000,12.605931,1.842234
16.190774,-82.344400,-274.000000,12.534423,1.837237
16.710774,-82.344400,-274.000000,12.298662,1.833030
17.230774,-82.344400,-274.000000,12.383543,1.827371
17.750774,-82.344400,-274.000000,12.148075,1.835776
18.270774,-82.344400,-274.000000,12.270569,1.832199
18.790774,-82.344400,-274.000000,12.107885,1.841121
19.310774,-82.344400,-274.000000,12.548068,1.850925
19.830774,-82.344400,-274.000000,12.485277,1.866929
20.350774,-82.344400,-274.000000,12.726127,1.872705
20.870774,-82.344400,-274.000000,12.274501,1.846886
21.390774,-82.344400,-274.000000,12.259280,1.855658
21.910774,-82.344400,-274.000000,12.405756,1.880493
22.430774,-82.344400,-274.000000,12.402265,1.874221
22.950774,-82.344400,-274.000000,12.424647,1.873078
23.470774,-82.344400,-274.000000,12.557846,1.867330
23.990774,-82.344400,-274.000000,12.112404,1.840433
24.510774,-82.344400,-274.000000,12.333782,1.867267
25.030774,-82.344400,-274.000000,12.364065,1.857164
25.550774,-82.344400,-274.000000,12.448585,1.892060
26.070774,-82.344400,-274.000000,12.318143,1.884445
26.590774,-82.344400,-274.000000,12.282962,1.884189
27.110774,-82.344400,-274.000000,12.518842,1.860694
27.630774,-82.344400,-274.000000,12.294219,1.859295
28.150774,-82.344400,-274.000000,12.408386,1.879147
28.670774,-82.344400,-274.000000,12.273133,1.860500
29.190774,-82.344400,-274.000000,12.273999,1.881384
29.710774,-82.344400,-274.000000,12.329871,1.870504
30.230774,-82.344400,-274.000000,12.290475,1.863499
30.750774,-82.344400,-274.000000,12.473863,1.867842
31.270774,-82.344400,-274.000000,12.485217,1.869269
31.790774,-82.344400,-274.000000,12.252072,1.856187
32.310774,-82.344400,-274.000000,12.553591,1.892091
32.830774,-82.344400,-274.000000,12.550653,1.876424
33.350774,-82.344400,-274.000000,12.343475,1.881543
33.870774,-82.344400,-274.000000,12.366313,1.893292
34.390774,-82.344400,-274.000000,12.396239,1.877183
34.910774,-82.344400,-274.000000,12.294750,1.880718
35.430774,-82.344400,-274.000000,12.085036,1.863343
35.950774,-82.344400,-274.000000,12.046463,1.865158
36.470774,-82.344400,-274.000000,12.392489,1.864293
36.990774,-82.344400,-274.000000,12.356843,1.883590
37.510774,-82.344400,-274.000000,12.383706,1.883686
38.030774,-82.344400,-274.000000,12.416413,1.878111
38.550774,-82.344400,-274.000000,12.254973,1.868122
39.070774,-82.344400,-274.000000,12.450851,1.890181
39.590774,-82.344400,-274.000000,12.249422,1.884448
40.110774,-82.344400,-274.000000,12.459580,1.887202
40.630774,-82.344400,-274.000000,12.241930,1.872537
41.150774,-82.344400,-274.000000,12.367401,1.871490
41.670774,-82.344400,-274.000000,12.227612,1.848018
42.190774,-82.344400,-274.000000,12.464613,1.916333
42.710774,-82.344400,-274.000000,12.415504,1.880834
43.230774,-82.344400,-274.000000,12.324839,1.866753
43.750774,-82.344400,-274.000000,12.240307,1.866137
44.270774,-82.344400,-274.000000,12.239675,1.861845
44.790774,-82.344400,-274.000000,12.432788,1.876601
45.310774,-82.344400,-274.000000,12.338962,1.900341
45.830774,-82.344400,-274.000000,12.410471,1.879525
46.350774,-82.344400,-274.000000,12.488524,1.879145
46.870774,-82.344400,-274.000000,12.343169,1.860971
47.390774,-82.344400,-274.000000,12.477082,1.885920
47.910774,-82.344400,-274.000000,12.445473,1.883028
48.430774,-82.344400,-274.000000,12.522223,1.899371
48.950774,-82.344400,-274.000000,12.649980,1.892059
49.470774,-82.344400,-274.000000,12.346801,1.872257
49.990774,-82.344400,-274.000000,12.480861,1.895022
50.510774,-82.344400,-274.000000,12.307640,1.888992
51.030774,-82.344400,-274.000000,12.256273,1.873420
51.550774,-82.344400,-274.000000,12.239657,1.896340
52.070774,-82.344400,-274.000000,12.297341,1.899598
52.590774,-82.344400,-274.000000,12.204049,1.880818
53.110774,-82.344400,-274.000000,12.474678,1.897025
53.630774,-82.344400,-274.000000,12.390325,1.883533
54.150774,-82.344400,-274.000000,12.190330,1.880084
54.670774,-82.344400,-274.000000,12.222098,1.875584
55.190774,-82.344400,-274.000000,12.554403,1.866185
55.710774,-82.344400,-274.000000,12.138015,1.888062
56.230774,-82.344400,-274.000000,12.281492,1.881985
56.750774,-82.344400,-274.000000,12.390153,1.893445
57.270774,-82.344400,-274.000000,12.500998,1.891663
57.790774,-82.344400,-274.000000,12.360553,1.881523
58.310774,-82.344400,-274.000000,12.407870,1.882057
58.830774,-82.344400,-274.000000,12.207927,1.857619
59.350774,-82.344400,-274.000000,12.394378,1.881529
59.870774,-82.344400,-274.000000,12.502758,1.881590
60.390774,-82.344400,-274.000000,12.263741,1.873323
60.910774,-82.344400,-274.000000,12.383880,1.883322
61.430774,-82.344400,-274.000000,12.407149,1.879290
61.950774,-82.344400,-274.000000,12.258245,1.873452
62.470774,-82.344400,-274.000000,12.363589,1.883166
62.990774,-82.344400,-274.000000,12.427029,1.894141
63.510774,-82.344400,-274.000000,12.288367,1.882134
64.030774,-82.344400,-274.000000,12.824702,1.893685
64.550774,-82.344400,-274.000000,12.199563,1.864182
65.070774,-82.344400,-274.000000,12.560898,1.887731
65.590774,-82.344400,-274.000000,12.274725,1.878724
66.110774,-82.344400,-274.000000,12.348338,1.875163
66.630774,-82.344400,-274.000000,12.290748,1.873913
67.150774,-82.344400,-274.000000,12.454781,1.881949
67.670774,-82.344400,-274.000000,12.384246,1.864161
68.190774,-82.344400,-274.000000,12.343380,1.878530
68.710774,-82.344400,-274.000000,12.422450,1.864035
69.230774,-82.344400,-274.000000,12.338460,1.873301
69.750774,-82.344400,-274.000000,12.169048,1.858676
70.270774,-82.344400,-274.000000,12.370247,1.859372
70.790774,-82.344400,-274.000000,12.574861,1.882730
71.310774,-82.344400,-274.000000,12.338030,1.862594
13.070774,-81.824400,-274.000000,12.515470,1.785823
13.590774,-81.824400,-274.000000,12.299460,1.806245
14.110774,-81.824400,-274.000000,12.517231,1.805022
14.630774,-81.824400,-274.000000,12.138648,1.798596
15.150774,-81.824400,-274.000000,12.536302,1.854090
15.670774,-81.824400,-274.000000,12.618961,1.852347
16.190774,-81.824400,-274.000000,12.565560,1.844167
16.710774,-81.824400,-274.000000,12.214746,1.828350
17.230774,-81.824400,-274.000000,12.357851,1.828365
17.750774,-81.824400,-274.000000,12.117855,1.839575
18.270774,-81.824400,-274.000000,12.311304,1.833670
18.790774,-81.824400,-274.000000,12.097211,1.847323
19.310774,-81.824400,-274.000000,12.609288,1.856927
19.830774,-81.824400,-274.000000,12.407735,1.866152
20.350774,-81.824400,-274.000000,12.693521,1.871262
20.870774,-81.824400,-274.000000,12.322284,1.848258
21.390774,-81.824400,-274.000000,12.236243,1.855019
21.910774,-81.824400,-274.000000,12.394645,1.888496
22.430774,-81.824400,-274.000000,12.455158,1.876631
22.950774,-81.824400,-274.000000,12.418520,1.874070
23.470774,-81.824400,-274.000000,12.559463,1.870496
23.990774,-81.824400,-274.000000,12.195578,1.850981
24.510774,-81.824400,-274.000000,12.309117,1.865457
25.030774,-81.824400,-274.000000,12.358203,1.863811
25.550774,-81.824400,-274.000000,12.416100,1.888493
26.070774,-81.824400,-274.000000,12.271655,1.889364
26.590774,-81.824400,-274.000000,12.311119,1.886481
27.110774,-81.824400,-274.000000,12.467994,1.859457
27.630774,-81.824400,-274.000000,12.290205,1.860528
28.150774,-81.824400,-274.000000,12.371119,1.875411
28.670774,-81.824400,-274.000000,12.286335,1.863098
29.190774,-81.824400,-274.000000,12.260826,1.884334
29.710774,-81.824400,-274.000000,12.299508,1.868748
30.230774,-81.824400,-274.000000,12.268491,1.862908
30.750774,-81.824400,-274.000000,12.493475,1.870563
31.270774,-81.824400,-274.000000,12.486327,1.871444
31.790774,-81.824400,-274.000000,12.258474,1.856870
32.310774,-81.824400,-274.000000,12.538173,1.889040
32.830774,-81.824400,-274.000000,12.537292,1.881374
33.350774,-81.824400,-274.000000,12.406985,1.883599
33.870774,-81.824400,-274.000000,12.362271,1.899006
34.390774,-81.824400,-274.000000,12.347091,1.879955
34.910774,-81.824400,-274.000000,12.347470,1.880267
35.430774,-81.824400,-274.000000,12.092441,1.864971
35.950774,-81.824400,-274.000000,12.039085,1.867931
36.470774,-81.824400,-274.000000,12.307558,1.857820
36.990774,-81.824400,-274.000000,12.342613,1.883262
37.510774,-81.824400,-274.000000,12.400322,1.896765
38.030774,-81.824400,-274.000000,12.397271,1.882447
38.550774,-81.824400,-274.000000,12.210322,1.872182
39.070774,-81.824400,-274.000000,12.462688,1.885356
39.590774,-81.824400,-274.000000,12.220019,1.882037
40.110774,-81.824400,-274.000000,12.471605,1.887538
40.630774,-81.824400,-274.000000,12.214099,1.876569
41.150774,-81.824400,-274.000000,12.320115,1.879169
41.670774,-81.824400,-274.000000,12.237265,1.846650
42.190774,-81.824400,-274.000000,12.424045,1.909748
42.710774,-81.824400,-274.000000,12.350780,1.876418
43.230774,-81.824400,-274.000000,12.407310,1.878463
43.750774,-81.824400,-274.000000,12.210134,1.875112
44.270774,-81.824400,-274.000000,12.215083,1.859358
44.790774,-81.824400,-274.000000,12.475284,1.880719
45.310774,-81.824400,-274.000000,12.373281,1.902855
45.830774,-81.824400,-274.000000,12.423368,1.879713
46.350774,-81.824400,-274.000000,12.386124,1.876898
46.870774,-81.824400,-274.000000,12.412204,1.862894
47.390774,-81.824400,-274.000000,12.463384,1.888278
47.910774,-81.824400,-274.000000,12.468611,1.876439
48.430774,-81.824400,-274.000000,12.456905,1.898699
48.950774,-81.824400,-274.000000,12.601399,1.896768
49.470774,-81.824400,-274.000000,12.385141,1.875365
49.990774,-81.824400,-274.000000,12.459011,1.895575
50.510774,-81.824400,-274.000000,12.263184,1.884052
51.030774,-81.824400,-274.000000,12.206617,1.864991
51.550774,-81.824400,-274.000000,12.227686,1.899488
52.070774,-81.824400,-274.000000,12.243503,1.901100
52.590774,-81.824400,-274.000000,12.229473,1.883961
53.110774,-81.824400,-274.000000,12.508455,1.900050
53.630774,-81.824400,-274.000000,12.397771,1.887884
54.150774,-81.824400,-274.000000,12.183117,1.884209
54.670774,-81.824400,-274.000000,12.256637,1.875642
55.190774,-81.824400,-274.000000,12.504048,1.870144
55.710774,-81.824400,-274.000000,12.181952,1.892999
56.230774,-81.824400,-274.000000,12.291197,1.884019
56.750774,-81.824400,-274.000000,12.342958,1.890944
57.270774,-81.824400,-274.000000,12.404151,1.887396
57.790774,-81.824400,-274.000000,12.383731,1.885432
58.310774,-81.824400,-274.000000,12.388128,1.879127
58.830774,-81.824400,-274.000000,12.223587,1.867977
59.350774,-81.824400,-274.000000,12.358386,1.885574
59.870774,-81.824400,-274.000000,12.446589,1.879787
60.390774,-81.824400,-274.000000,12.275765,1.875826
60.910774,-81.824400,-274.000000,12.345768,1.887283
61.430774,-81.824400,-274.000000,12.351639,1.880186
61.950774,-81.824400,-274.000000,12.314610,1.884178
62.470774,-81.824400,-274.000000,12.331892,1.881082
62.990774,-81.824400,-274.000000,12.378343,1.897116
63.510774,-81.824400,-274.000000,12.308455,1.886159
64.030774,-81.824400,-274.000000,12.738692,1.890490
64.550774,-81.824400,-274.000000,12.250514,1.867272
65.070774,-81.824400,-274.000000,12.498468,1.887477
65.590774,-81.824400,-274.000000,12.305814,1.881164
66.110774,-81.824400,-274.000000,12.288008,1.870807
66.630774,-81.824400,-274.000000,12.310048,1.875781
67.150774,-81.824400,-274.000000,12.487810,1.886170
67.670774,-81.824400,-274.000000,12.355906,1.864368
68.190774,-81.824400,-274.000000,12.311570,1.883451
68.710774,-81.824400,-274.000000,12.387870,1.864191
69.230774,-81.824400,-274.000000,12.303946,1.871613
69.750774,-81.824400,-274.000000,12.135395,1.852432
70.270774,-81.824400,-274.000000,12.390620,1.861508
70.790774,-81.824400,-274.000000,12.502860,1.878554
71.310774,-81.824400,-274.000000,12.365709,1.867524
71.830774,-81.824400,-274.000000,12.324381,1.860738
71.310774,-81.304400,-274.000000,12.303977,1.864155
13.590774,-82.344400,-273.000000,12.397582,1.814975
14.110774,-82.344400,-273.000000,12.366192,1.821213
14.630774,-82.344400,-273.000000,12.165753,1.793526
15.150774,-82.344400,-273.000000,12.562048,1.814511
15.670774,-82.344400,-273.000000,12.395598,1.815685
16.190774,-82.344400,-273.000000,12.235043,1.837253
16.710774,-82.344400,-273.000000,12.307971,1.847264
17.230774,-82.344400,-273.000000,12.324656,1.847279
17.750774,-82.344400,-273.000000,12.542994,1.851492
18.270774,-82.344400,-273.000000,12.322182,1.851433
18.790774,-82.344400,-273.000000,12.374232,1.859160
19.310774,-82.344400,-273.000000,12.457948,1.855745
19.830774,-82.344400,-273.000000,12.155279,1.845136
20.350774,-82.344400,-273.000000,12.523133,1.879162
20.870774,-82.344400,-273.000000,12.626924,1.868611
21.390774,-82.344400,-273.000000,12.271632,1.876891
21.910774,-82.344400,-273.000000,12.343160,1.872812
22.430774,-82.344400,-273.000000,12.390925,1.876141
22.950774,-82.344400,-273.000000,12.299294,1.865097
23.470774,-82.344400,-273.000000,12.107787,1.859670
23.990774,-82.344400,-273.000000,12.244197,1.858144
24.510774,-82.344400,-273.000000,12.493694,1.870795
25.030774,-82.344400,-273.000000,12.189595,1.844975
25.550774,-82.344400,-273.000000,12.431940,1.870834
26.070774,-82.344400,-273.000000,12.222941,1.863587
26.590774,-82.344400,-273.000000,12.285941,1.866711
27.110774,-82.344400,-273.000000,12.441115,1.878400
27.630774,-82.344400,-273.000000,12.315308,1.871588
28.150774,-82.344400,-273.000000,12.296877,1.859589
28.670774,-82.344400,-273.000000,12.553492,1.909667
29.190774,-82.344400,-273.000000,12.439544,1.881803
29.710774,-82.344400,-273.000000,12.331036,1.883319
30.230774,-82.344400,-273.000000,12.557288,1.890540
30.750774,-82.344400,-273.000000,12.457981,1.868860
31.270774,-82.344400,-273.000000,12.550118,1.879354
31.790774,-82.344400,-273.000000,12.488626,1.900557
32.310774,-82.344400,-273.000000,12.396750,1.888385
32.830774,-82.344400,-273.000000,12.295266,1.879511
33.350774,-82.344400,-273.000000,12.552585,1.872402
33.870774,-82.344400,-273.000000,12.427402,1.869033
34.390774,-82.344400,-273.000000,12.581912,1.881602
34.910774,-82.344400,-273.000000,12.354831,1.868832
35.430774,-82.344400,-273.000000,12.773102,1.914147
35.950774,-82.344400,-273.000000,12.407164,1.885301
36.470774,-82.344400,-273.000000,12.335990,1.873520
36.990774,-82.344400,-273.000000,12.371593,1.866675
37.510774,-82.344400,-273.000000,12.481557,1.867352
38.030774,-82.344400,-273.000000,12.371524,1.878487
38.550774,-82.344400,-273.000000,12.420361,1.885146
39.070774,-82.344400,-273.000000,12.378410,1.876994
39.590774,-82.344400,-273.000000,12.295600,1.884282
40.110774,-82.344400,-273.000000,12.443423,1.888981
40.630774,-82.344400,-273.000000,12.404414,1.883122
41.150774,-82.344400,-273.000000,12.242155,1.852495
41.670774,-82.344400,-273.000000,12.569377,1.906181
42.190774,-82.344400,-273.000000,12.070109,1.862161
42.710774,-82.344400,-273.000000,12.271734,1.875811
43.230774,-82.344400,-273.000000,12.386707,1.892661
43.750774,-82.344400,-273.000000,12.521876,1.888577
44.270774,-82.344400,-273.000000,12.384088,1.892497
44.790774,-82.344400,-273.000000,12.297992,1.874041
45.310774,-82.344400,-273.000000,12.431939,1.889109
45.830774,-82.344400,-273.000000,12.528738,1.874364
46.350774,-82.344400,-273.000000,12.375513,1.859341
46.870774,-82.344400,-273.000000,12.257176,1.882332
47.390774,-82.344400,-273.000000,12.250245,1.861457
47.910774,-82.344400,-273.000000,12.444095,1.890083
48.430774,-82.344400,-273.000000,12.374309,1.877310
48.950774,-82.344400,-273.000000,12.235427,1.860032
49.470774,-82.344400,-273.000000,12.351279,1.879734
49.990774,-82.344400,-273.000000,12.395801,1.888804
50.510774,-82.344400,-273.000000,12.259150,1.906298
51.030774,-82.344400,-273.000000,12.312753,1.882425
51.550774,-82.344400,-273.000000,12.283006,1.882766
52.070774,-82.344400,-273.000000,12.458205,1.880776
52.590774,-82.344400,-273.000000,12.258674,1.889960
53.110774,-82.344400,-273.000000,12.534316,1.891037
53.630774,-82.344400,-273.000000,12.344382,1.880605
54.150774,-82.344400,-273.000000,12.366572,1.879029
54.670774,-82.344400,-273.000000,12.511004,1.895246
55.190774,-82.344400,-273.000000,12.494674,1.878780
55.710774,-82.344400,-273.000000,12.465264,1.876673
56.230774,-82.344400,-273.000000,12.646678,1.890019
56.750774,-82.344400,-273.000000,12.158684,1.872463
57.270774,-82.344400,-273.000000,12.539775,1.885247
57.790774,-82.344400,-273.000000,12.389144,1.890152
58.310774,-82.344400,-273.000000,12.372989,1.885034
58.830774,-82.344400,-273.000000,12.354844,1.870336
59.350774,-82.344400,-273.000000,12.304699,1.881015
59.870774,-82.344400,-273.000000,12.401077,1.863903
60.390774,-82.344400,-273.000000,12.265079,1.863937
60.910774,-82.344400,-273.000000,12.326704,1.872868
61.430774,-82.344400,-273.000000,12.267397,1.856336
61.950774,-82.344400,-273.000000,12.500759,1.896242
62.470774,-82.344400,-273.000000,12.467254,1.879644
62.990774,-82.344400,-273.000000,12.487683,1.869968
63.510774,-82.344400,-273.000000,12.385592,1.881758
64.030774,-82.344400,-273.000000,12.321629,1.878133
64.550774,-82.344400,-273.000000,12.434196,1.894867
65.070774,-82.344400,-273.000000,12.300464,1.889954
65.590774,-82.344400,-273.000000,12.369110,1.881924
66.110774,-82.344400,-273.000000,12.432040,1.882541
66.630774,-82.344400,-273.000000,12.323543,1.887754
67.150774,-82.344400,-273.000000,12.508595,1.897038
67.670774,-82.344400,-273.000000,12.533877,1.904140
68.190774,-82.344400,-273.000000,12.465219,1.884823
68.710774,-82.344400,-273.000000,12.363912,1.861763
69.230774,-82.344400,-273.000000,12.460740,1.881267
69.750774,-82.344400,-273.000000,12.423926,1.869460
70.270774,-82.344400,-273.000000,12.455376,1.886838
70.790774,-82.344400,-273.000000,12.246730,1.874863
71.310774,-82.344400,-273.000000,12.549946,1.877246
71.830774,-82.344400,-273.000000,12.410220,1.878320
72.350774,-82.344400,-273.000000,12.309424,1.871612
72.870774,-82.344400,-273.000000,12.246491,1.863504
13.070774,-81.824400,-273.000000,12.417784,1.805070
13.590774,-81.824400,-273.000000,12.356120,1.817830
14.110774,-81.824400,-273.000000,12.329547,1.817713
14.630774,-81.824400,-273.000000,12.174562,1.788854
15.150774,-81.824400,-273.000000,12.600153,1.819223
15.670774,-81.824400,-273.000000,12.357432,1.821076
16.190774,-81.824400,-273.000000,12.203582,1.833415
16.710774,-81.824400,-273.000000,12.317631,1.853445
17.230774,-81.824400,-273.000000,12.406501,1.848867
17.750774,-81.824400,-273.000000,12.414497,1.846610
18.270774,-81.824400,-273.000000,12.382666,1.858407
18.790774,-81.824400,-273.000000,12.397894,1.857613
19.310774,-81.824400,-273.000000,12.415340,1.855298
19.830774,-81.824400,-273.000000,12.191175,1.852063
20.350774,-81.824400,-273.000000,12.470330,1.878052
20.870774,-81.824400,-273.000000,12.634555,1.882586
21.390774,-81.824400,-273.000000,12.278601,1.879228
21.910774,-81.824400,-273.000000,12.283304,1.878270
22.430774,-81.824400,-273.000000,12.416400,1.872238
22.950774,-81.824400,-273.000000,12.188686,1.869489
23.470774,-81.824400,-273.000000,12.192177,1.862334
23.990774,-81.824400,-273.000000,12.175769,1.853503
24.510774,-81.824400,-273.000000,12.493136,1.879323
25.030774,-81.824400,-273.000000,12.156337,1.842978
25.550774,-81.824400,-273.000000,12.389503,1.874519
26.070774,-81.824400,-273.000000,12.310023,1.863121
26.590774,-81.824400,-273.000000,12.299159,1.868930
27.110774,-81.824400,-273.000000,12.413061,1.879473
27.630774,-81.824400,-273.000000,12.286345,1.875362
28.150774,-81.824400,-273.000000,12.265609,1.855522
28.670774,-81.824400,-273.000000,12.500888,1.906392
29.190774,-81.824400,-273.000000,12.376849,1.885511
29.710774,-81.824400,-273.000000,12.349384,1.887202
30.230774,-81.824400,-273.000000,12.541686,1.890875
30.750774,-81.824400,-273.000000,12.452964,1.881299
31.270774,-81.824400,-273.000000,12.565112,1.885929
31.790774,-81.824400,-273.000000,12.438356,1.892856
32.310774,-81.824400,-273.000000,12.380881,1.888492
32.830774,-81.824400,-273.000000,12.266547,1.879608
33.350774,-81.824400,-273.000000,12.501143,1.875553
33.870774,-81.824400,-273.000000,12.388431,1.867718
34.390774,-81.824400,-273.000000,12.534583,1.875679
34.910774,-81.824400,-273.000000,12.309964,1.868047
35.430774,-81.824400,-273.000000,12.739085,1.916067
35.950774,-81.824400,-273.000000,12.442149,1.892193
36.470774,-81.824400,-273.000000,12.304656,1.869333
36.990774,-81.824400,-273.000000,12.468311,1.879465
37.510774,-81.824400,-273.000000,12.433990,1.855410
38.030774,-81.824400,-273.000000,12.362967,1.885162
38.550774,-81.824400,-273.000000,12.437268,1.879111
39.070774,-81.824400,-273.000000,12.287133,1.875791
39.590774,-81.824400,-273.000000,12.281759,1.887071
40.110774,-81.824400,-273.000000,12.434150,1.881576
40.630774,-81.824400,-273.000000,12.378386,1.891918
41.150774,-81.824400,-273.000000,12.161319,1.851776
41.670774,-81.824400,-273.000000,12.548921,1.898459
42.190774,-81.824400,-273.000000,12.065780,1.866485
42.710774,-81.824400,-273.000000,12.275544,1.884516
43.230774,-81.824400,-273.000000,12.327292,1.894344
43.750774,-81.824400,-273.000000,12.500537,1.884742
44.270774,-81.824400,-273.000000,12.342031,1.895081
44.790774,-81.824400,-273.000000,12.332381,1.876475
45.310774,-81.824400,-273.000000,12.425891,1.897087
45.830774,-81.824400,-273.000000,12.506414,1.870868
46.350774,-81.824400,-273.000000,12.310434,1.859004
46.870774,-81.824400,-273.000000,12.243425,1.876836
47.390774,-81.824400,-273.000000,12.172890,1.863689
47.910774,-81.824400,-273.000000,12.435061,1.896115
48.430774,-81.824400,-273.000000,12.361691,1.884459
48.950774,-81.824400,-273.000000,12.250749,1.865345
49.470774,-81.824400,-273.000000,12.365950,1.874301
49.990774,-81.824400,-273.000000,12.429325,1.896135
50.510774,-81.824400,-273.000000,12.279222,1.909758
51.030774,-81.824400,-273.000000,12.328136,1.885875
51.550774,-81.824400,-273.000000,12.290160,1.884669
52.070774,-81.824400,-273.000000,12.419440,1.878792
52.590774,-81.824400,-273.000000,12.285021,1.892277
53.110774,-81.824400,-273.000000,12.428333,1.889666
53.630774,-81.824400,-273.000000,12.338154,1.887006
54.150774,-81.824400,-273.000000,12.399808,1.886652
54.670774,-81.824400,-273.000000,12.478984,1.894211
55.190774,-81.824400,-273.000000,12.448465,1.881166
55.710774,-81.824400,-273.000000,12.430672,1.888892
56.230774,-81.824400,-273.000000,12.576397,1.888728
56.750774,-81.824400,-273.000000,12.297879,1.878053
57.270774,-81.824400,-273.000000,12.478179,1.889613
57.790774,-81.824400,-273.000000,12.437591,1.892680
58.310774,-81.824400,-273.000000,12.397128,1.888454
58.830774,-81.824400,-273.000000,12.356200,1.869459
59.350774,-81.824400,-273.000000,12.406309,1.892002
59.870774,-81.824400,-273.000000,12.352501,1.858138
60.390774,-81.824400,-273.000000,12.297824,1.865552
60.910774,-81.824400,-273.000000,12.325353,1.870962
61.430774,-81.824400,-273.000000,12.233948,1.854121
61.950774,-81.824400,-273.000000,12.426736,1.891763
62.470774,-81.824400,-273.000000,12.484717,1.877904
62.990774,-81.824400,-273.000000,12.461256,1.872603
63.510774,-81.824400,-273.000000,12.419025,1.886985
64.030774,-81.824400,-273.000000,12.319893,1.884019
64.550774,-81.824400,-273.000000,12.309840,1.889884
65.070774,-81.824400,-273.000000,12.326647,1.891344
65.590774,-81.824400,-273.000000,12.446039,1.882597
66.110774,-81.824400,-273.000000,12.381898,1.885195
66.630774,-81.824400,-273.000000,12.333298,1.882143
67.150774,-81.824400,-273.000000,12.493678,1.895069
67.670774,-81.824400,-273.000000,12.483815,1.906382
68.190774,-81.824400,-273.000000,12.501421,1.891769
68.710774,-81.824400,-273.000000,12.391383,1.865880
69.230774,-81.824400,-273.000000,12.530860,1.891096
69.750774,-81.824400,-273.000000,12.412823,1.871384
70.270774,-81.824400,-273.000000,12.432420,1.891807
70.790774,-81.824400,-273.000000,12.252216,1.875334
71.310774,-81.824400,-273.000000,12.482276,1.878954
71.830774,-81.824400,-273.000000,12.358282,1.879787
72.350774,-81.824400,-273.000000,12.341809,1.876736
72.870774,-81.824400,-273.000000,12.300081,1.867338
73.390774,-81.824400,-273.000000,12.105895,1.840564
72.870774,-81.304400,-273.000000,12.261073,1.864062
13.590774,-82.344400,-272.000000,12.364409,1.811265
14.110774,-82.344400,-272.000000,12.279930,1.808762
14.630774,-82.344400,-272.000000,12.503519,1.834458
15.150774,-82.344400,-272.000000,12.523918,1.826539
15.670774,-82.344400,-272.000000,12.591462,1.845437
16.190774,-82.344400,-272.000000,12.239881,1.815570
16.710774,-82.344400,-272.000000,12.298003,1.839432
17.230774,-82.344400,-272.000000,12.283582,1.846476
17.750774,-82.344400,-272.000000,12.220665,1.843830
18.270774,-82.344400,-272.000000,12.283816,1.826839
18.790774,-82.344400,-272.000000,12.520398,1.860523
19.310774,-82.344400,-272.000000,12.344174,1.839475
19.830774,-82.344400,-272.000000,12.288426,1.859602
20.350774,-82.344400,-272.000000,12.105329,1.825549
20.870774,-82.344400,-272.000000,12.571707,1.875757
21.390774,-82.344400,-272.000000,12.619609,1.861696
21.910774,-82.344400,-272.000000,12.320150,1.861140
22.430774,-82.344400,-272.000000,12.200015,1.856432
22.950774,-82.344400,-272.000000,12.218653,1.866367
23.470774,-82.344400,-272.000000,12.300394,1.847471
23.990774,-82.344400,-272.000000,12.305923,1.848569
24.510774,-82.344400,-272.000000,12.326054,1.849411
25.030774,-82.344400,-272.000000,12.271673,1.875320
25.550774,-82.344400,-272.000000,12.667076,1.900664
26.070774,-82.344400,-272.000000,12.512301,1.890499
26.590774,-82.344400,-272.000000,12.272482,1.862337
27.110774,-82.344400,-272.000000,12.255909,1.883910
27.630774,-82.344400,-272.000000,12.415415,1.869394
28.150774,-82.344400,-272.000000,12.331000,1.865712
28.670774,-82.344400,-272.000000,12.371140,1.879985
29.190774,-82.344400,-272.000000,12.386104,1.855897
29.710774,-82.344400,-272.000000,12.452170,1.879073
30.230774,-82.344400,-272.000000,12.263436,1.870698
30.750774,-82.344400,-272.000000,12.354701,1.873901
31.270774,-82.344400,-272.000000,12.333950,1.889826
31.790774,-82.344400,-272.000000,12.488680,1.886905
32.310774,-82.344400,-272.000000,12.367949,1.865003
32.830774,-82.344400,-272.000000,12.227947,1.877037
33.350774,-82.344400,-272.000000,12.207393,1.879321
33.870774,-82.344400,-272.000000,12.300756,1.875257
34.390774,-82.344400,-272.000000,12.347857,1.865979
34.910774,-82.344400,-272.000000,12.313853,1.883401
35.430774,-82.344400,-272.000000,12.323695,1.885136
35.950774,-82.344400,-272.000000,12.376484,1.860983
36.470774,-82.344400,-272.000000,12.346153,1.869443
36.990774,-82.344400,-272.000000,12.511409,1.864312
37.510774,-82.344400,-272.000000,12.436223,1.876247
38.030774,-82.344400,-272.000000,12.261155,1.882881
38.550774,-82.344400,-272.000000,12.316260,1.880280
39.070774,-82.344400,-272.000000,12.363338,1.889389
39.590774,-82.344400,-272.000000,12.504683,1.881051
40.110774,-82.344400,-272.000000,12.271394,1.890727
40.630774,-82.344400,-272.000000,12.247491,1.859435
41.150774,-82.344400,-272.000000,12.397418,1.868007
41.670774,-82.344400,-272.000000,12.340901,1.870446
42.190774,-82.344400,-272.000000,12.291581,1.871267
42.710774,-82.344400,-272.000000,12.132376,1.866718
43.230774,-82.344400,-272.000000,12.084416,1.867687
43.750774,-82.344400,-272.000000,12.395728,1.876150
44.270774,-82.344400,-272.000000,12.374953,1.893062
44.790774,-82.344400,-272.000000,12.400438,1.893811
45.310774,-82.344400,-272.000000,12.383854,1.889061
45.830774,-82.344400,-272.000000,12.459217,1.850607
46.350774,-82.344400,-272.000000,12.179015,1.860757
46.870774,-82.344400,-272.000000,12.071373,1.873407
47.390774,-82.344400,-272.000000,12.491731,1.877879
47.910774,-82.344400,-272.000000,12.351564,1.881561
48.430774,-82.344400,-272.000000,12.364712,1.878694
48.950774,-82.344400,-272.000000,12.464477,1.883690
49.470774,-82.344400,-272.000000,12.422429,1.891661
49.990774,-82.344400,-272.000000,12.307408,1.858827
50.510774,-82.344400,-272.000000,12.321989,1.859836
51.030774,-82.344400,-272.000000,12.272151,1.874098
51.550774,-82.344400,-272.000000,12.386405,1.892306
52.070774,-82.344400,-272.000000,12.461665,1.875807
52.590774,-82.344400,-272.000000,12.401350,1.868860
53.110774,-82.344400,-272.000000,12.427054,1.890623
53.630774,-82.344400,-272.000000,12.429205,1.882373
54.150774,-82.344400,-272.000000,12.437568,1.884207
54.670774,-82.344400,-272.000000,12.432392,1.858922
55.190774,-82.344400,-272.000000,12.193197,1.881231
55.710774,-82.344400,-272.000000,12.520573,1.901142
56.230774,-82.344400,-272.000000,12.282574,1.872461
56.750774,-82.344400,-272.000000,12.462416,1.895222
57.270774,-82.344400,-272.000000,12.173559,1.869950
57.790774,-82.344400,-272.000000,12.396600,1.885156
58.310774,-82.344400,-272.000000,12.252481,1.868007
58.830774,-82.344400,-272.000000,12.387438,1.866414
59.350774,-82.344400,-272.000000,12.415879,1.881267
59.870774,-82.344400,-272.000000,11.984689,1.884054
60.390774,-82.344400,-272.000000,12.366302,1.876802
60.910774,-82.344400,-272.000000,12.353116,1.877833
61.430774,-82.344400,-272.000000,12.454669,1.891623
61.950774,-82.344400,-272.000000,12.169977,1.878685
62.470774,-82.344400,-272.000000,12.256854,1.879425
62.990774,-82.344400,-272.000000,12.337893,1.873419
63.510774,-82.344400,-272.000000,12.183753,1.889826
64.030774,-82.344400,-272.000000,12.488330,1.892818
64.550774,-82.344400,-272.000000,12.264433,1.879327
65.070774,-82.344400,-272.000000,12.767709,1.896672
65.590774,-82.344400,-272.000000,12.380793,1.875962
66.110774,-82.344400,-272.000000,12.171039,1.886382
66.630774,-82.344400,-272.000000,12.425439,1.872067
67.150774,-82.344400,-272.000000,12.239893,1.872221
67.670774,-82.344400,-272.000000,12.330981,1.879657
68.190774,-82.344400,-272.000000,12.385073,1.878871
68.710774,-82.344400,-272.000000,12.482577,1.894166
69.230774,-82.344400,-272.000000,12.382151,1.864572
69.750774,-82.344400,-272.000000,12.412833,1.864892
70.270774,-82.344400,-272.000000,12.275889,1.872560
70.790774,-82.344400,-272.000000,12.277914,1.870760
71.310774,-82.344400,-272.000000,12.341647,1.864847
71.830774,-82.344400,-272.000000,12.453116,1.879673
72.350774,-82.344400,-272.000000,12.297320,1.870174
72.870774,-82.344400,-272.000000,12.268655,1.880086
73.390774,-82.344400,-272.000000,12.508378,1.871759
73.910774,-82.344400,-272.000000,12.229457,1.845277
74.430774,-82.344400,-272.000000,12.343814,1.876877
13.070774,-81.824400,-272.000000,12.635889,1.805826
13.590774,-81.824400,-272.000000,12.348286,1.805907
14.110774,-81.824400,-272.000000,12.287515,1.816671
14.630774,-81.824400,-272.000000,12.502443,1.830833
15.150774,-81.824400,-272.000000,12.513770,1.833988
15.670774,-81.824400,-272.000000,12.566845,1.838231
16.190774,-81.824400,-272.000000,12.291820,1.825779
16.710774,-81.824400,-272.000000,12.299250,1.840918
17.230774,-81.824400,-272.000000,12.311168,1.850854
17.750774,-81.824400,-272.000000,12.218626,1.843911
18.270774,-81.824400,-272.000000,12.233848,1.830245
18.790774,-81.824400,-272.000000,12.442217,1.850144
19.310774,-81.824400,-272.000000,12.384920,1.849122
19.830774,-81.824400,-272.000000,12.234553,1.849412
20.350774,-81.824400,-272.000000,12.173121,1.829098
20.870774,-81.824400,-272.000000,12.574771,1.877210
21.390774,-81.824400,-272.000000,12.522456,1.855227
21.910774,-81.824400,-272.000000,12.361071,1.866733
22.430774,-81.824400,-272.000000,12.165667,1.856160
22.950774,-81.824400,-272.000000,12.228618,1.860894
23.470774,-81.824400,-272.000000,12.239287,1.843347
23.990774,-81.824400,-272.000000,12.295187,1.855765
24.510774,-81.824400,-272.000000,12.394069,1.859373
25.030774,-81.824400,-272.000000,12.279207,1.881580
25.550774,-81.824400,-272.000000,12.574146,1.900512
26.070774,-81.824400,-272.000000,12.467952,1.897141
26.590774,-81.824400,-272.000000,12.251264,1.861163
27.110774,-81.824400,-272.000000,12.273864,1.894446
27.630774,-81.824400,-272.000000,12.370597,1.870535
28.150774,-81.824400,-272.000000,12.388343,1.868612
28.670774,-81.824400,-272.000000,12.360895,1.887782
29.190774,-81.824400,-272.000000,12.316213,1.853393
29.710774,-81.824400,-272.000000,12.360152,1.878870
30.230774,-81.824400,-272.000000,12.381527,1.877341
30.750774,-81.824400,-272.000000,12.216087,1.869452
31.270774,-81.824400,-272.000000,12.346671,1.899961
31.790774,-81.824400,-272.000000,12.504118,1.895510
32.310774,-81.824400,-272.000000,12.298197,1.870447
32.830774,-81.824400,-272.000000,12.172716,1.873715
33.350774,-81.824400,-272.000000,12.265135,1.886419
33.870774,-81.824400,-272.000000,12.292890,1.883982
34.390774,-81.824400,-272.000000,12.370249,1.869298
34.910774,-81.824400,-272.000000,12.365871,1.887384
35.430774,-81.824400,-272.000000,12.307071,1.881448
35.950774,-81.824400,-272.000000,12.353787,1.864578
36.470774,-81.824400,-272.000000,12.264140,1.867324
36.990774,-81.824400,-272.000000,12.435805,1.865208
37.510774,-81.824400,-272.000000,12.469428,1.873648
38.030774,-81.824400,-272.000000,12.301643,1.886518
38.550774,-81.824400,-272.000000,12.226026,1.877422
39.070774,-81.824400,-272.000000,12.344646,1.897727
39.590774,-81.824400,-272.000000,12.572689,1.889174
40.110774,-81.824400,-272.000000,12.214095,1.888482
40.630774,-81.824400,-272.000000,12.250906,1.859158
41.150774,-81.824400,-272.000000,12.360351,1.868580
41.670774,-81.824400,-272.000000,12.321075,1.875759
42.190774,-81.824400,-272.000000,12.281897,1.871781
42.710774,-81.824400,-272.000000,12.058472,1.868066
43.230774,-81.824400,-272.000000,12.122715,1.868461
43.750774,-81.824400,-272.000000,12.404219,1.878910
44.270774,-81.824400,-272.000000,12.397403,1.895206
44.790774,-81.824400,-272.000000,12.403764,1.890917
45.310774,-81.824400,-272.000000,12.447723,1.887483
45.830774,-81.824400,-272.000000,12.366061,1.851970
46.350774,-81.824400,-272.000000,12.184354,1.871158
46.870774,-81.824400,-272.000000,12.022937,1.864869
47.390774,-81.824400,-272.000000,12.475085,1.873584
47.910774,-81.824400,-272.000000,12.327891,1.891582
48.430774,-81.824400,-272.000000,12.323217,1.883363
48.950774,-81.824400,-272.000000,12.541142,1.890340
49.470774,-81.824400,-272.000000,12.362889,1.897591
49.990774,-81.824400,-272.000000,12.268766,1.859201
50.510774,-81.824400,-272.000000,12.319685,1.855947
51.030774,-81.824400,-272.000000,12.242426,1.872711
51.550774,-81.824400,-272.000000,12.363585,1.891893
52.070774,-81.824400,-272.000000,12.443491,1.880491
52.590774,-81.824400,-272.000000,12.375938,1.869666
53.110774,-81.824400,-272.000000,12.500086,1.891441
53.630774,-81.824400,-272.000000,12.358199,1.882500
54.150774,-81.824400,-272.000000,12.428814,1.878924
54.670774,-81.824400,-272.000000,12.403399,1.863897
55.190774,-81.824400,-272.000000,12.243488,1.889911
55.710774,-81.824400,-272.000000,12.549163,1.894752
56.230774,-81.824400,-272.000000,12.211360,1.873219
56.750774,-81.824400,-272.000000,12.410295,1.893138
57.270774,-81.824400,-272.000000,12.242825,1.880322
57.790774,-81.824400,-272.000000,12.405909,1.886594
58.310774,-81.824400,-272.000000,12.196172,1.870298
58.830774,-81.824400,-272.000000,12.351274,1.872608
59.350774,-81.824400,-272.000000,12.418022,1.887430
59.870774,-81.824400,-272.000000,12.001829,1.895059
60.390774,-81.824400,-272.000000,12.348590,1.873808
60.910774,-81.824400,-272.000000,12.321609,1.875155
61.430774,-81.824400,-272.000000,12.525441,1.903384
61.950774,-81.824400,-272.000000,12.189894,1.881299
62.470774,-81.824400,-272.000000,12.251273,1.877047
62.990774,-81.824400,-272.000000,12.298319,1.869188
63.510774,-81.824400,-272.000000,12.119633,1.887897
64.030774,-81.824400,-272.000000,12.415280,1.896038
64.550774,-81.824400,-272.000000,12.262531,1.888476
65.070774,-81.824400,-272.000000,12.660052,1.892313
65.590774,-81.824400,-272.000000,12.355020,1.877934
66.110774,-81.824400,-272.000000,12.195572,1.890570
66.630774,-81.824400,-272.000000,12.370590,1.876480
67.150774,-81.824400,-272.000000,12.269718,1.877666
67.670774,-81.824400,-272.000000,12.313766,1.880143
68.190774,-81.824400,-272.000000,12.334834,1.881496
68.710774,-81.824400,-272.000000,12.494729,1.890275
69.230774,-81.824400,-272.000000,12.422157,1.866420
69.750774,-81.824400,-272.000000,12.457760,1.871837
70.270774,-81.824400,-272.000000,12.273864,1.878335
70.790774,-81.824400,-272.000000,12.241092,1.862346
71.310774,-81.824400,-272.000000,12.401153,1.879924
71.830774,-81.824400,-272.000000,12.385338,1.877842
72.350774,-81.824400,-272.000000,12.284565,1.872621
72.870774,-81.824400,-272.000000,12.270260,1.882577
73.390774,-81.824400,-272.000000,12.433929,1.871155
73.910774,-81.824400,-272.000000,12.168118,1.844408
74.430774,-81.824400,-272.000000,12.313951,1.874171
74.950774,-81.824400,-272.000000,12.423363,1.873531
73.910774,-81.304400,-272.000000,12.223404,1.854741
74.430774,-81.304400,-272.000000,12.305490,1.875145
13.590774,-82.344400,-271.000000,12.462863,1.832913
14.110774,-82.344400,-271.000000,12.355942,1.808433
14.630774,-82.344400,-271.000000,12.779770,1.812461
15.150774,-82.344400,-271.000000,12.222430,1.834782
15.670774,-82.344400,-271.000000,12.628146,1.835418
16.190774,-82.344400,-271.000000,12.406249,1.852849
16.710774,-82.344400,-271.000000,12.368528,1.833095
17.230774,-82.344400,-271.000000,12.250399,1.827503
17.750774,-82.344400,-271.000000,12.458977,1.857622
18.270774,-82.344400,-271.000000,12.309683,1.840226
18.790774,-82.344400,-271.000000,12.294771,1.840004
19.310774,-82.344400,-271.000000,12.433205,1.847849
19.830774,-82.344400,-271.000000,12.245734,1.859029
20.350774,-82.344400,-271.000000,12.453623,1.854613
20.870774,-82.344400,-271.000000,12.333303,1.856297
21.390774,-82.344400,-271.000000,12.200489,1.856446
21.910774,-82.344400,-271.000000,12.323383,1.853875
22.430774,-82.344400,-271.000000,12.341059,1.851487
22.950774,-82.344400,-271.000000,12.674472,1.857234
23.470774,-82.344400,-271.000000,12.146857,1.836996
23.990774,-82.344400,-271.000000,12.474305,1.884314
24.510774,-82.344400,-271.000000,12.453728,1.875299
25.030774,-82.344400,-271.000000,12.331950,1.868919
25.550774,-82.344400,-271.000000,12.331294,1.877320
26.070774,-82.344400,-271.000000,12.473214,1.871695
26.590774,-82.344400,-271.000000,12.386545,1.873765
27.110774,-82.344400,-271.000000,12.334347,1.883284
27.630774,-82.344400,-271.000000,12.512996,1.882354
28.150774,-82.344400,-271.000000,12.374252,1.896785
28.670774,-82.344400,-271.000000,12.323415,1.880903
29.190774,-82.344400,-271.000000,12.414704,1.877871
29.710774,-82.344400,-271.000000,12.278179,1.862211
30.230774,-82.344400,-271.000000,12.384548,1.889559
30.750774,-82.344400,-271.000000,12.364342,1.871493
31.270774,-82.344400,-271.000000,12.208259,1.866393
31.790774,-82.344400,-271.000000,12.255627,1.882166
32.310774,-82.344400,-271.000000,12.139538,1.875908
32.830774,-82.344400,-271.000000,12.306470,1.849977
33.350774,-82.344400,-271.000000,12.410900,1.888066
33.870774,-82.344400,-271.000000,12.289743,1.857249
34.390774,-82.344400,-271.000000,12.577535,1.893808
34.910774,-82.344400,-271.000000,12.633834,1.898700
35.430774,-82.344400,-271.000000,12.358733,1.911283
35.950774,-82.344400,-271.000000,12.312947,1.876080
36.470774,-82.344400,-271.000000,12.616277,1.879876
36.990774,-82.344400,-271.000000,12.251044,1.866805
37.510774,-82.344400,-271.000000,12.210693,1.879881
38.030774,-82.344400,-271.000000,12.315548,1.897025
38.550774,-82.344400,-271.000000,12.384635,1.888274
39.070774,-82.344400,-271.000000,12.340352,1.891446
39.590774,-82.344400,-271.000000,12.463107,1.892178
40.110774,-82.344400,-271.000000,12.493447,1.874196
40.630774,-82.344400,-271.000000,12.369745,1.881554
41.150774,-82.344400,-271.000000,12.530590,1.900450
41.670774,-82.344400,-271.000000,12.310786,1.880132
42.190774,-82.344400,-271.000000,12.408982,1.866535
42.710774,-82.344400,-271.000000,12.414035,1.887270
43.230774,-82.344400,-271.000000,12.657031,1.888618
43.750774,-82.344400,-271.000000,12.685061,1.892762
44.270774,-82.344400,-271.000000,12.457969,1.906316
44.790774,-82.344400,-271.000000,12.324310,1.887414
45.310774,-82.344400,-271.000000,12.356562,1.875938
45.830774,-82.344400,-271.000000,12.465566,1.886026
46.350774,-82.344400,-271.000000,12.245654,1.884197
46.870774,-82.344400,-271.000000,12.741058,1.918322
47.390774,-82.344400,-271.000000,12.235015,1.884955
47.910774,-82.344400,-271.000000,12.334496,1.884812
48.430774,-82.344400,-271.000000,12.530200,1.869816
48.950774,-82.344400,-271.000000,12.660019,1.895981
49.470774,-82.344400,-271.000000,12.246160,1.872345
49.990774,-82.344400,-271.000000,12.416259,1.883980
50.510774,-82.344400,-271.000000,12.335861,1.872528
51.030774,-82.344400,-271.000000,12.354687,1.888327
51.550774,-82.344400,-271.000000,12.232118,1.904479
52.070774,-82.344400,-271.000000,12.460958,1.886221
52.590774,-82.344400,-271.000000,12.186668,1.890586
53.110774,-82.344400,-271.000000,12.294943,1.889974
53.630774,-82.344400,-271.000000,12.285192,1.880019
54.150774,-82.344400,-271.000000,12.258018,1.868826
54.670774,-82.344400,-271.000000,12.271091,1.878315
55.190774,-82.344400,-271.000000,12.469011,1.875954
55.710774,-82.344400,-271.000000,12.329202,1.864999
56.230774,-82.344400,-271.000000,12.234980,1.882207
56.750774,-82.344400,-271.000000,12.086022,1.879019
57.270774,-82.344400,-271.000000,12.462859,1.894031
57.790774,-82.344400,-271.000000,12.279468,1.862136
58.310774,-82.344400,-271.000000,12.314701,1.878412
58.830774,-82.344400,-271.000000,12.400314,1.885678
59.350774,-82.344400,-271.000000,12.296464,1.887315
59.870774,-82.344400,-271.000000,12.134124,1.875753
60.390774,-82.344400,-271.000000,12.438321,1.892615
60.910774,-82.344400,-271.000000,12.537860,1.896252
61.430774,-82.344400,-271.000000,12.423160,1.901266
61.950774,-82.344400,-271.000000,12.250716,1.855810
62.470774,-82.344400,-271.000000,12.248523,1.873582
62.990774,-82.344400,-271.000000,12.459846,1.886104
63.510774,-82.344400,-271.000000,12.282895,1.886025
64.030774,-82.344400,-271.000000,12.433130,1.876612
64.550774,-82.344400,-271.000000,12.315027,1.882077
65.070774,-82.344400,-271.000000,12.442198,1.886811
65.590774,-82.344400,-271.000000,12.374299,1.847316
66.110774,-82.344400,-271.000000,12.406774,1.904382
66.630774,-82.344400,-271.000000,12.448909,1.860867
67.150774,-82.344400,-271.000000,12.350669,1.871350
67.670774,-82.344400,-271.000000,12.450880,1.873671
68.190774,-82.344400,-271.000000,12.388839,1.890207
68.710774,-82.344400,-271.000000,12.242669,1.870288
69.230774,-82.344400,-271.000000,12.350347,1.879996
69.750774,-82.344400,-271.000000,12.340509,1.889649
70.270774,-82.344400,-271.000000,12.173025,1.852545
70.790774,-82.344400,-271.000000,12.211676,1.864506
71.310774,-82.344400,-271.000000,12.427547,1.865452
71.830774,-82.344400,-271.000000,12.341975,1.882218
72.350774,-82.344400,-271.000000,12.332520,1.874832
72.870774,-82.344400,-271.000000,12.374038,1.859939
73.390774,-82.344400,-271.000000,12.262081,1.862776
73.910774,-82.344400,-271.000000,12.285741,1.850007
74.430774,-82.344400,-271.000000,12.454784,1.869329
74.950774,-82.344400,-271.000000,12.127307,1.859632
75.470774,-82.344400,-271.000000,12.536128,1.863263
75.990774,-82.344400,-271.000000,12.360833,1.865895
13.070774,-81.824400,-271.000000,12.429467,1.786582
13.590774,-81.824400,-271.000000,12.486662,1.837633
14.110774,-81.824400,-271.000000,12.302020,1.808615
14.630774,-81.824400,-271.000000,12.735168,1.810374
15.150774,-81.824400,-271.000000,12.199859,1.841887
15.670774,-81.824400,-271.000000,12.623425,1.838522
16.190774,-81.824400,-271.000000,12.382567,1.847684
16.710774,-81.824400,-271.000000,12.400506,1.837196
17.230774,-81.824400,-271.000000,12.212337,1.830434
17.750774,-81.824400,-271.000000,12.418960,1.851848
18.270774,-81.824400,-271.000000,12.417854,1.845376
18.790774,-81.824400,-271.000000,12.233266,1.842971
19.310774,-81.824400,-271.000000,12.373115,1.845855
19.830774,-81.824400,-271.000000,12.255022,1.857183
20.350774,-81.824400,-271.000000,12.485884,1.864339
20.870774,-81.824400,-271.000000,12.221392,1.848217
21.390774,-81.824400,-271.000000,12.195752,1.859454
21.910774,-81.824400,-271.000000,12.254163,1.845885
22.430774,-81.824400,-271.000000,12.356051,1.855077
22.950774,-81.824400,-271.000000,12.674828,1.858574
23.470774,-81.824400,-271.000000,12.148271,1.832156
23.990774,-81.824400,-271.000000,12.436957,1.886942
24.510774,-81.824400,-271.000000,12.486852,1.874490
25.030774,-81.824400,-271.000000,12.264261,1.868380
25.550774,-81.824400,-271.000000,12.351837,1.868627
26.070774,-81.824400,-271.000000,12.451846,1.876045
26.590774,-81.824400,-271.000000,12.390583,1.877941
27.110774,-81.824400,-271.000000,12.305183,1.888036
27.630774,-81.824400,-271.000000,12.450840,1.884192
28.150774,-81.824400,-271.000000,12.321243,1.894071
28.670774,-81.824400,-271.000000,12.338962,1.892974
29.190774,-81.824400,-271.000000,12.304992,1.868397
29.710774,-81.824400,-271.000000,12.258858,1.862705
30.230774,-81.824400,-271.000000,12.397769,1.886588
30.750774,-81.824400,-271.000000,12.261399,1.868232
31.270774,-81.824400,-271.000000,12.226873,1.877004
31.790774,-81.824400,-271.000000,12.332997,1.885367
32.310774,-81.824400,-271.000000,12.190593,1.872863
32.830774,-81.824400,-271.000000,12.321887,1.858067
33.350774,-81.824400,-271.000000,12.333117,1.883838
33.870774,-81.824400,-271.000000,12.390985,1.861369
34.390774,-81.824400,-271.000000,12.457454,1.886611
34.910774,-81.824400,-271.000000,12.633792,1.901399
35.430774,-81.824400,-271.000000,12.370009,1.915748
35.950774,-81.824400,-271.000000,12.282561,1.878814
36.470774,-81.824400,-271.000000,12.661361,1.887506
36.990774,-81.824400,-271.000000,12.224704,1.867332
37.510774,-81.824400,-271.000000,12.191912,1.883970
38.030774,-81.824400,-271.000000,12.338537,1.907773
38.550774,-81.824400,-271.000000,12.376637,1.885313
39.070774,-81.824400,-271.000000,12.447264,1.901966
39.590774,-81.824400,-271.000000,12.421976,1.890811
40.110774,-81.824400,-271.000000,12.554328,1.881772
40.630774,-81.824400,-271.000000,12.311398,1.879167
41.150774,-81.824400,-271.000000,12.556602,1.897470
41.670774,-81.824400,-271.000000,12.317461,1.879856
42.190774,-81.824400,-271.000000,12.390897,1.872666
42.710774,-81.824400,-271.000000,12.411399,1.887980
43.230774,-81.824400,-271.000000,12.628936,1.887743
43.750774,-81.824400,-271.000000,12.570224,1.900683
44.270774,-81.824400,-271.000000,12.464634,1.903730
44.790774,-81.824400,-271.000000,12.360082,1.888890
45.310774,-81.824400,-271.000000,12.329360,1.876924
45.830774,-81.824400,-271.000000,12.432055,1.888352
46.350774,-81.824400,-271.000000,12.323709,1.887270
46.870774,-81.824400,-271.000000,12.715785,1.924444
47.390774,-81.824400,-271.000000,12.242030,1.885782
47.910774,-81.824400,-271.000000,12.256862,1.885613
48.430774,-81.824400,-271.000000,12.502086,1.872709
48.950774,-81.824400,-271.000000,12.688945,1.907010
49.470774,-81.824400,-271.000000,12.167087,1.873983
49.990774,-81.824400,-271.000000,12.399358,1.885901
50.510774,-81.824400,-271.000000,12.352302,1.880000
51.030774,-81.824400,-271.000000,12.307062,1.885764
51.550774,-81.824400,-271.000000,12.160460,1.905487
52.070774,-81.824400,-271.000000,12.519135,1.887519
52.590774,-81.824400,-271.000000,12.137533,1.890629
53.110774,-81.824400,-271.000000,12.296203,1.897831
53.630774,-81.824400,-271.000000,12.227592,1.879543
54.150774,-81.824400,-271.000000,12.191073,1.867951
54.670774,-81.824400,-271.000000,12.331837,1.882157
55.190774,-81.824400,-271.000000,12.453994,1.882957
55.710774,-81.824400,-271.000000,12.339507,1.868696
56.230774,-81.824400,-271.000000,12.205573,1.877995
56.750774,-81.824400,-271.000000,12.139792,1.876151
57.270774,-81.824400,-271.000000,12.409955,1.896285
57.790774,-81.824400,-271.000000,12.210612,1.860896
58.310774,-81.824400,-271.000000,12.322944,1.872344
58.830774,-81.824400,-271.000000,12.429789,1.891019
59.350774,-81.824400,-271.000000,12.244796,1.887907
59.870774,-81.824400,-271.000000,12.126660,1.872090
60.390774,-81.824400,-271.000000,12.534411,1.895157
60.910774,-81.824400,-271.000000,12.537268,1.900921
61.430774,-81.824400,-271.000000,12.366534,1.898922
61.950774,-81.824400,-271.000000,12.243854,1.853852
62.470774,-81.824400,-271.000000,12.248977,1.878438
62.990774,-81.824400,-271.000000,12.554062,1.891083
63.510774,-81.824400,-271.000000,12.226439,1.882372
64.030774,-81.824400,-271.000000,12.431792,1.886049
64.550774,-81.824400,-271.000000,12.358489,1.886530
65.070774,-81.824400,-271.000000,12.370294,1.878967
65.590774,-81.824400,-271.000000,12.309810,1.837105
66.110774,-81.824400,-271.000000,12.466571,1.905189
66.630774,-81.824400,-271.000000,12.401137,1.867710
67.150774,-81.824400,-271.000000,12.275924,1.870721
67.670774,-81.824400,-271.000000,12.443262,1.874688
68.190774,-81.824400,-271.000000,12.351665,1.890355
68.710774,-81.824400,-271.000000,12.226007,1.876597
69.230774,-81.824400,-271.000000,12.317119,1.888365
69.750774,-81.824400,-271.000000,12.300340,1.885288
70.270774,-81.824400,-271.000000,12.120891,1.849229
70.790774,-81.824400,-271.000000,12.226481,1.874164
71.310774,-81.824400,-271.000000,12.518184,1.876178
71.830774,-81.824400,-271.000000,12.295383,1.876982
72.350774,-81.824400,-271.000000,12.374005,1.872291
72.870774,-81.824400,-271.000000,12.372278,1.865683
73.390774,-81.824400,-271.000000,12.208320,1.864751
73.910774,-81.824400,-271.000000,12.264316,1.851181
74.430774,-81.824400,-271.000000,12.451023,1.874301
74.950774,-81.824400,-271.000000,12.145333,1.864513
75.470774,-81.824400,-271.000000,12.553332,1.864451
75.990774,-81.824400,-271.000000,12.377495,1.865613
13.590774,-82.344400,-270.000000,12.396091,1.797621
14.110774,-82.344400,-270.000000,12.724587,1.815137
14.630774,-82.344400,-270.000000,12.397905,1.790259
15.150774,-82.344400,-270.000000,12.329146,1.826355
15.670774,-82.344400,-270.000000,12.468529,1.824990
16.190774,-82.344400,-270.000000,12.298499,1.844347
16.710774,-82.344400,-270.000000,12.260234,1.838849
17.230774,-82.344400,-270.000000,12.249022,1.843691
17.750774,-82.344400,-270.000000,12.382033,1.848570
18.270774,-82.344400,-270.000000,12.315763,1.851167
18.790774,-82.344400,-270.000000,12.607364,1.839659
19.310774,-82.344400,-270.000000,12.345527,1.847012
19.830774,-82.344400,-270.000000,12.443075,1.883760
20.350774,-82.344400,-270.000000,12.399369,1.857605
20.870774,-82.344400,-270.000000,12.360486,1.848078
21.390774,-82.344400,-270.000000,12.209628,1.853097
21.910774,-82.344400,-270.000000,12.301306,1.854127
22.430774,-82.344400,-270.000000,12.372551,1.851545
22.950774,-82.344400,-270.000000,12.428782,1.863713
23.470774,-82.344400,-270.000000,12.366504,1.859777
23.990774,-82.344400,-270.000000,12.516526,1.888620
24.510774,-82.344400,-270.000000,12.356627,1.867272
25.030774,-82.344400,-270.000000,12.458371,1.878614
25.550774,-82.344400,-270.000000,12.296827,1.864951
26.070774,-82.344400,-270.000000,12.834081,1.904323
26.590774,-82.344400,-270.000000,12.530911,1.875684
27.110774,-82.344400,-270.000000,12.246840,1.869392
27.630774,-82.344400,-270.000000,12.452099,1.875945
28.150774,-82.344400,-270.000000,12.374454,1.881328
28.670774,-82.344400,-270.000000,12.309658,1.867289
29.190774,-82.344400,-270.000000,12.595972,1.880798
29.710774,-82.344400,-270.000000,12.291858,1.869006
30.230774,-82.344400,-270.000000,12.301250,1.864531
30.750774,-82.344400,-270.000000,12.502887,1.867983
31.270774,-82.344400,-270.000000,12.501731,1.870167
31.790774,-82.344400,-270.000000,12.555069,1.902763
32.310774,-82.344400,-270.000000,12.501958,1.876783
32.830774,-82.344400,-270.000000,12.194638,1.857743
33.350774,-82.344400,-270.000000,12.208663,1.867602
33.870774,-82.344400,-270.000000,12.418958,1.885237
34.390774,-82.344400,-270.000000,12.518591,1.882830
34.910774,-82.344400,-270.000000,12.392249,1.873806
35.430774,-82.344400,-270.000000,12.429260,1.865937
35.950774,-82.344400,-270.000000,12.335969,1.877576
36.470774,-82.344400,-270.000000,12.202909,1.881598
36.990774,-82.344400,-270.000000,12.476682,1.904162
37.510774,-82.344400,-270.000000,12.389099,1.882574
38.030774,-82.344400,-270.000000,12.393229,1.895006
38.550774,-82.344400,-270.000000,12.202606,1.872148
39.070774,-82.344400,-270.000000,12.229501,1.867088
39.590774,-82.344400,-270.000000,12.370377,1.873049
40.110774,-82.344400,-270.000000,12.360635,1.879693
40.630774,-82.344400,-270.000000,12.284551,1.878408
41.150774,-82.344400,-270.000000,12.494322,1.892715
41.670774,-82.344400,-270.000000,12.319579,1.873330
42.190774,-82.344400,-270.000000,12.437264,1.896347
42.710774,-82.344400,-270.000000,12.268855,1.872687
43.230774,-82.344400,-270.000000,12.462482,1.889939
43.750774,-82.344400,-270.000000,12.192634,1.875302
44.270774,-82.344400,-270.000000,12.419377,1.905462
44.790774,-82.344400,-270.000000,12.452330,1.897300
45.310774,-82.344400,-270.000000,12.333808,1.879422
45.830774,-82.344400,-270.000000,12.446267,1.885058
46.350774,-82.344400,-270.000000,12.358234,1.884851
46.870774,-82.344400,-270.000000,12.340470,1.873379
47.390774,-82.344400,-270.000000,12.239768,1.880263
47.910774,-82.344400,-270.000000,12.344954,1.878627
48.430774,-82.344400,-270.000000,12.219640,1.878863
48.950774,-82.344400,-270.000000,12.280686,1.884062
49.470774,-82.344400,-270.000000,12.409678,1.887271
49.990774,-82.344400,-270.000000,12.380605,1.886736
50.510774,-82.344400,-270.000000,12.437652,1.892875
51.030774,-82.344400,-270.000000,12.298880,1.876330
51.550774,-82.344400,-270.000000,12.343244,1.900787
52.070774,-82.344400,-270.000000,12.409029,1.899589
52.590774,-82.344400,-270.000000,12.358279,1.876667
53.110774,-82.344400,-270.000000,12.389989,1.874842
53.630774,-82.344400,-270.000000,12.253010,1.883004
54.150774,-82.344400,-270.000000,12.292139,1.872348
54.670774,-82.344400,-270.000000,12.273961,1.876541
55.190774,-82.344400,-270.000000,12.606082,1.903192
55.710774,-82.344400,-270.000000,12.600020,1.903301
56.230774,-82.344400,-270.000000,12.413360,1.862010
56.750774,-82.344400,-270.000000,12.405795,1.874110
57.270774,-82.344400,-270.000000,12.431208,1.880226
57.790774,-82.344400,-270.000000,12.341390,1.883636
58.310774,-82.344400,-270.000000,12.412594,1.870838
58.830774,-82.344400,-270.000000,12.525889,1.898234
59.350774,-82.344400,-270.000000,12.240989,1.870261
59.870774,-82.344400,-270.000000,12.302060,1.877462
60.390774,-82.344400,-270.000000,11.961994,1.845635
60.910774,-82.344400,-270.000000,12.287666,1.863867
61.430774,-82.344400,-270.000000,12.284827,1.877433
61.950774,-82.344400,-270.000000,12.266596,1.881976
62.470774,-82.344400,-270.000000,12.422026,1.879285
62.990774,-82.344400,-270.000000,12.371345,1.886053
63.510774,-82.344400,-270.000000,12.415356,1.899577
64.030774,-82.344400,-270.000000,12.355258,1.876302
64.550774,-82.344400,-270.000000,12.285608,1.857879
65.070774,-82.344400,-270.000000,12.262444,1.884122
65.590774,-82.344400,-270.000000,12.333233,1.867490
66.110774,-82.344400,-270.000000,12.331508,1.868850
66.630774,-82.344400,-270.000000,12.484867,1.898617
67.150774,-82.344400,-270.000000,12.435293,1.872649
67.670774,-82.344400,-270.000000,12.190760,1.872593
68.190774,-82.344400,-270.000000,12.423810,1.869951
68.710774,-82.344400,-270.000000,12.309621,1.880328
69.230774,-82.344400,-270.000000,12.265076,1.876990
69.750774,-82.344400,-270.000000,12.475837,1.890344
70.270774,-82.344400,-270.000000,12.199067,1.864706
70.790774,-82.344400,-270.000000,12.216890,1.876478
71.310774,-82.344400,-270.000000,12.328424,1.888139
71.830774,-82.344400,-270.000000,12.294955,1.839557
72.350774,-82.344400,-270.000000,12.313381,1.862491
72.870774,-82.344400,-270.000000,12.215018,1.865930
73.390774,-82.344400,-270.000000,12.301696,1.869774
73.910774,-82.344400,-270.000000,12.338540,1.884416
74.430774,-82.344400,-270.000000,12.442225,1.865859
74.950774,-82.344400,-270.000000,12.166133,1.876408
75.470774,-82.344400,-270.000000,12.243300,1.851665
75.990774,-82.344400,-270.000000,12.362136,1.847157
13.070774,-81.824400,-270.000000,12.292136,1.781479
13.590774,-81.824400,-270.000000,12.408143,1.800477
14.110774,-81.824400,-270.000000,12.621428,1.808634
14.630774,-81.824400,-270.000000,12.418208,1.791002
15.150774,-81.824400,-270.000000,12.227601,1.822555
15.670774,-81.824400,-270.000000,12.453704,1.829823
16.190774,-81.824400,-270.000000,12.334486,1.842194
16.710774,-81.824400,-270.000000,12.276240,1.845808
17.230774,-81.824400,-270.000000,12.230789,1.840345
17.750774,-81.824400,-270.000000,12.302704,1.847348
18.270774,-81.824400,-270.000000,12.317976,1.844853
18.790774,-81.824400,-270.000000,12.531197,1.841188
19.310774,-81.824400,-270.000000,12.410662,1.857602
19.830774,-81.824400,-270.000000,12.418293,1.876525
20.350774,-81.824400,-270.000000,12.357112,1.862068
20.870774,-81.824400,-270.000000,12.400233,1.857573
21.390774,-81.824400,-270.000000,12.209284,1.858573
21.910774,-81.824400,-270.000000,12.249947,1.853631
22.430774,-81.824400,-270.000000,12.425052,1.859168
22.950774,-81.824400,-270.000000,12.409288,1.868182
23.470774,-81.824400,-270.000000,12.343804,1.861551
23.990774,-81.824400,-270.000000,12.459870,1.882392
24.510774,-81.824400,-270.000000,12.418756,1.870671
25.030774,-81.824400,-270.000000,12.384933,1.879995
25.550774,-81.824400,-270.000000,12.321047,1.866017
26.070774,-81.824400,-270.000000,12.763900,1.908135
26.590774,-81.824400,-270.000000,12.483861,1.872194
27.110774,-81.824400,-270.000000,12.372309,1.872012
27.630774,-81.824400,-270.000000,12.379609,1.885293
28.150774,-81.824400,-270.000000,12.409953,1.878244
28.670774,-81.824400,-270.000000,12.299355,1.871932
29.190774,-81.824400,-270.000000,12.567405,1.888167
29.710774,-81.824400,-270.000000,12.324139,1.865076
30.230774,-81.824400,-270.000000,12.368385,1.867213
30.750774,-81.824400,-270.000000,12.474619,1.873531
31.270774,-81.824400,-270.000000,12.486946,1.876145
31.790774,-81.824400,-270.000000,12.528634,1.909908
32.310774,-81.824400,-270.000000,12.477320,1.872624
32.830774,-81.824400,-270.000000,12.179090,1.854953
33.350774,-81.824400,-270.000000,12.201572,1.870093
33.870774,-81.824400,-270.000000,12.346057,1.888270
34.390774,-81.824400,-270.000000,12.517609,1.880282
34.910774,-81.824400,-270.000000,12.407790,1.875231
35.430774,-81.824400,-270.000000,12.389889,1.859845
35.950774,-81.824400,-270.000000,12.320446,1.884518
36.470774,-81.824400,-270.000000,12.222212,1.884331
36.990774,-81.824400,-270.000000,12.457633,1.900401
37.510774,-81.824400,-270.000000,12.318482,1.883505
38.030774,-81.824400,-270.000000,12.364506,1.894019
38.550774,-81.824400,-270.000000,12.177726,1.878425
39.070774,-81.824400,-270.000000,12.187847,1.868866
39.590774,-81.824400,-270.000000,12.380095,1.872588
40.110774,-81.824400,-270.000000,12.290609,1.877792
40.630774,-81.824400,-270.000000,12.302967,1.876082
41.150774,-81.824400,-270.000000,12.455523,1.894632
41.670774,-81.824400,-270.000000,12.406212,1.881446
42.190774,-81.824400,-270.000000,12.348327,1.899732
42.710774,-81.824400,-270.000000,12.253905,1.872600
43.230774,-81.824400,-270.000000,12.503749,1.894989
43.750774,-81.824400,-270.000000,12.181649,1.879252
44.270774,-81.824400,-270.000000,12.434317,1.896893
44.790774,-81.824400,-270.000000,12.385810,1.896377
45.310774,-81.824400,-270.000000,12.435455,1.890967
45.830774,-81.824400,-270.000000,12.404576,1.885733
46.350774,-81.824400,-270.000000,12.346616,1.887039
46.870774,-81.824400,-270.000000,12.335305,1.880115
47.390774,-81.824400,-270.000000,12.285445,1.879691
47.910774,-81.824400,-270.000000,12.308240,1.871952
48.430774,-81.824400,-270.000000,12.145688,1.884076
48.950774,-81.824400,-270.000000,12.295815,1.879928
49.470774,-81.824400,-270.000000,12.423119,1.888613
49.990774,-81.824400,-270.000000,12.327717,1.887776
50.510774,-81.824400,-270.000000,12.446820,1.889399
51.030774,-81.824400,-270.000000,12.315964,1.874955
51.550774,-81.824400,-270.000000,12.363008,1.906631
52.070774,-81.824400,-270.000000,12.395379,1.898463
52.590774,-81.824400,-270.000000,12.337810,1.880885
53.110774,-81.824400,-270.000000,12.340017,1.878823
53.630774,-81.824400,-270.000000,12.247255,1.878210
54.150774,-81.824400,-270.000000,12.224487,1.870990
54.670774,-81.824400,-270.000000,12.250583,1.876377
55.190774,-81.824400,-270.000000,12.631606,1.906095
55.710774,-81.824400,-270.000000,12.549209,1.901917
56.230774,-81.824400,-270.000000,12.436621,1.862411
56.750774,-81.824400,-270.000000,12.318696,1.869968
57.270774,-81.824400,-270.000000,12.408875,1.878141
57.790774,-81.824400,-270.000000,12.305490,1.898375
58.310774,-81.824400,-270.000000,12.441688,1.862824
58.830774,-81.824400,-270.000000,12.518392,1.897699
59.350774,-81.824400,-270.000000,12.252823,1.878589
59.870774,-81.824400,-270.000000,12.289917,1.878985
60.390774,-81.824400,-270.000000,11.947346,1.845553
60.910774,-81.824400,-270.000000,12.319405,1.870426
61.430774,-81.824400,-270.000000,12.296719,1.881322
61.950774,-81.824400,-270.000000,12.211452,1.876649
62.470774,-81.824400,-270.000000,12.437442,1.884773
62.990774,-81.824400,-270.000000,12.348563,1.885252
63.510774,-81.824400,-270.000000,12.403398,1.908151
64.030774,-81.824400,-270.000000,12.428316,1.883189
64.550774,-81.824400,-270.000000,12.188995,1.855994
65.070774,-81.824400,-270.000000,12.379558,1.892979
65.590774,-81.824400,-270.000000,12.337138,1.869124
66.110774,-81.824400,-270.000000,12.284465,1.864982
66.630774,-81.824400,-270.000000,12.438348,1.898880
67.150774,-81.824400,-270.000000,12.454439,1.868450
67.670774,-81.824400,-270.000000,12.196720,1.876431
68.190774,-81.824400,-270.000000,12.427894,1.872672
68.710774,-81.824400,-270.000000,12.348188,1.882530
69.230774,-81.824400,-270.000000,12.220129,1.872095
69.750774,-81.824400,-270.000000,12.439540,1.890676
70.270774,-81.824400,-270.000000,12.166083,1.869561
70.790774,-81.824400,-270.000000,12.124816,1.870895
71.310774,-81.824400,-270.000000,12.330600,1.889531
71.830774,-81.824400,-270.000000,12.267206,1.839908
72.350774,-81.824400,-270.000000,12.272863,1.863396
72.870774,-81.824400,-270.000000,12.246919,1.867927
73.390774,-81.824400,-270.000000,12.242772,1.868455
73.910774,-81.824400,-270.000000,12.359605,1.886176
74.430774,-81.824400,-270.000000,12.387273,1.864592
74.950774,-81.824400,-270.000000,12.187206,1.885703
75.470774,-81.824400,-270.000000,12.114641,1.849800
75.990774,-81.824400,-270.000000,12.414775,1.852021
13.590774,-82.344400,-269.000000,12.243037,1.789869
14.110774,-82.344400,-269.000000,12.479684,1.812425
14.630774,-82.344400,-269.000000,12.568614,1.828063
15.150774,-82.344400,-269.000000,12.155670,1.830226
15.670774,-82.344400,-269.000000,12.527739,1.851495
16.190774,-82.344400,-269.000000,12.452946,1.842334
16.710774,-82.344400,-269.000000,12.381442,1.840161
17.230774,-82.344400,-269.000000,12.523473,1.854699
17.750774,-82.344400,-269.000000,12.454440,1.834093
18.270774,-82.344400,-269.000000,12.430882,1.835701
18.790774,-82.344400,-269.000000,12.456073,1.866971
19.310774,-82.344400,-269.000000,12.310056,1.838027
19.830774,-82.344400,-269.000000,12.357539,1.848339
20.350774,-82.344400,-269.000000,12.323608,1.872539
20.870774,-82.344400,-269.000000,12.343204,1.863732
21.390774,-82.344400,-269.000000,12.315534,1.854963
21.910774,-82.344400,-269.000000,12.399526,1.859937
22.430774,-82.344400,-269.000000,12.510253,1.873096
22.950774,-82.344400,-269.000000,12.523670,1.869254
23.470774,-82.344400,-269.000000,12.683672,1.854885
23.990774,-82.344400,-269.000000,12.451291,1.854899
24.510774,-82.344400,-269.000000,12.267022,1.864298
25.030774,-82.344400,-269.000000,12.305533,1.877279
25.550774,-82.344400,-269.000000,12.398424,1.866907
26.070774,-82.344400,-269.000000,12.448892,1.873710
26.590774,-82.344400,-269.000000,12.446754,1.885040
27.110774,-82.344400,-269.000000,12.352095,1.887252
27.630774,-82.344400,-269.000000,12.376519,1.895018
28.150774,-82.344400,-269.000000,12.297156,1.856222
28.670774,-82.344400,-269.000000,12.321307,1.877773
29.190774,-82.344400,-269.000000,12.410428,1.887231
29.710774,-82.344400,-269.000000,12.352397,1.881966
30.230774,-82.344400,-269.000000,12.442698,1.877994
30.750774,-82.344400,-269.000000,12.385964,1.886273
31.270774,-82.344400,-269.000000,12.337417,1.854788
31.790774,-82.344400,-269.000000,12.285491,1.880010
32.310774,-82.344400,-269.000000,12.539394,1.884421
32.830774,-82.344400,-269.000000,12.507374,1.895449
33.350774,-82.344400,-269.000000,12.282676,1.873366
33.870774,-82.344400,-269.000000,12.130407,1.878637
34.390774,-82.344400,-269.000000,12.225388,1.876253
34.910774,-82.344400,-269.000000,12.325541,1.850184
35.430774,-82.344400,-269.000000,12.404352,1.875850
35.950774,-82.344400,-269.000000,12.223212,1.862772
36.470774,-82.344400,-269.000000,12.178267,1.867520
36.990774,-82.344400,-269.000000,12.393168,1.905349
37.510774,-82.344400,-269.000000,12.281264,1.864016
38.030774,-82.344400,-269.000000,12.370043,1.849176
38.550774,-82.344400,-269.000000,12.424928,1.894800
39.070774,-82.344400,-269.000000,12.500422,1.903480
39.590774,-82.344400,-269.000000,12.221892,1.874440
40.110774,-82.344400,-269.000000,12.383528,1.889869
40.630774,-82.344400,-269.000000,12.437168,1.895146
41.150774,-82.344400,-269.000000,12.338624,1.879471
41.670774,-82.344400,-269.000000,12.139958,1.896133
42.190774,-82.344400,-269.000000,12.480800,1.896827
42.710774,-82.344400,-269.000000,12.369593,1.866201
43.230774,-82.344400,-269.000000,12.262408,1.888044
43.750774,-82.344400,-269.000000,12.395360,1.880753
44.270774,-82.344400,-269.000000,12.458159,1.880354
44.790774,-82.344400,-269.000000,12.240143,1.882186
45.310774,-82.344400,-269.000000,12.440107,1.888856
45.830774,-82.344400,-269.000000,12.533657,1.883907
46.350774,-82.344400,-269.000000,12.302815,1.882895
46.870774,-82.344400,-269.000000,12.248996,1.878524
47.390774,-82.344400,-269.000000,12.447552,1.883181
47.910774,-82.344400,-269.000000,12.466821,1.879841
48.430774,-82.344400,-269.000000,12.250030,1.881099
48.950774,-82.344400,-269.000000,12.238232,1.892330
49.470774,-82.344400,-269.000000,12.341765,1.861088
49.990774,-82.344400,-269.000000,12.479044,1.891929
50.510774,-82.344400,-269.000000,12.234058,1.871502
51.030774,-82.344400,-269.000000,12.457530,1.895644
51.550774,-82.344400,-269.000000,12.439009,1.904898
52.070774,-82.344400,-269.000000,12.360380,1.873592
52.590774,-82.344400,-269.000000,12.497586,1.869398
53.110774,-82.344400,-269.000000,12.567172,1.891264
53.630774,-82.344400,-269.000000,12.443267,1.895578
54.150774,-82.344400,-269.000000,12.358882,1.863229
54.670774,-82.344400,-269.000000,12.516563,1.876970
55.190774,-82.344400,-269.000000,12.590051,1.903166
55.710774,-82.344400,-269.000000,12.298972,1.880588
56.230774,-82.344400,-269.000000,12.467761,1.892209
56.750774,-82.344400,-269.000000,12.254839,1.872780
57.270774,-82.344400,-269.000000,12.454160,1.872554
57.790774,-82.344400,-269.000000,12.310754,1.888357
58.310774,-82.344400,-269.000000,12.461348,1.893130
58.830774,-82.344400,-269.000000,12.438046,1.885282
59.350774,-82.344400,-269.000000,12.515843,1.889899
59.870774,-82.344400,-269.000000,12.368705,1.890610
60.390774,-82.344400,-269.000000,12.477343,1.900084
60.910774,-82.344400,-269.000000,12.428688,1.877386
61.430774,-82.344400,-269.000000,12.483620,1.885553
61.950774,-82.344400,-269.000000,12.316385,1.879825
62.470774,-82.344400,-269.000000,12.440814,1.904821
62.990774,-82.344400,-269.000000,12.499783,1.887273
63.510774,-82.344400,-269.000000,12.537688,1.892322
64.030774,-82.344400,-269.000000,12.214665,1.858064
64.550774,-82.344400,-269.000000,12.461764,1.872526
65.070774,-82.344400,-269.000000,12.658867,1.879704
65.590774,-82.344400,-269.000000,12.298930,1.874401
66.110774,-82.344400,-269.000000,12.404532,1.878268
66.630774,-82.344400,-269.000000,12.026294,1.871136
67.150774,-82.344400,-269.000000,12.385361,1.865234
67.670774,-82.344400,-269.000000,12.138442,1.883870
68.190774,-82.344400,-269.000000,12.325508,1.862953
68.710774,-82.344400,-269.000000,12.285697,1.895925
69.230774,-82.344400,-269.000000,12.524192,1.881612
69.750774,-82.344400,-269.000000,12.359365,1.885196
70.270774,-82.344400,-269.000000,12.348534,1.898245
70.790774,-82.344400,-269.000000,12.459310,1.877154
71.310774,-82.344400,-269.000000,12.589926,1.873881
71.830774,-82.344400,-269.000000,12.455054,1.868251
72.350774,-82.344400,-269.000000,12.081797,1.853264
72.870774,-82.344400,-269.000000,12.328452,1.854172
73.390774,-82.344400,-269.000000,12.523603,1.873955
73.910774,-82.344400,-269.000000,12.628733,1.872403
74.430774,-82.344400,-269.000000,12.397357,1.865813
74.950774,-82.344400,-269.000000,12.420503,1.874260
75.470774,-82.344400,-269.000000,12.410861,1.883724
75.990774,-82.344400,-269.000000,12.515059,1.879772
13.070774,-81.824400,-269.000000,12.337570,1.786101
13.590774,-81.824400,-269.000000,12.237642,1.793882
14.110774,-81.824400,-269.000000,12.460383,1.811404
14.630774,-81.824400,-269.000000,12.565877,1.829904
15.150774,-81.824400,-269.000000,12.208542,1.842854
15.670774,-81.824400,-269.000000,12.559595,1.855026
16.190774,-81.824400,-269.000000,12.387248,1.843016
16.710774,-81.824400,-269.000000,12.446648,1.848784
17.230774,-81.824400,-269.000000,12.438996,1.857767
17.750774,-81.824400,-269.000000,12.483045,1.831899
18.270774,-81.824400,-269.000000,12.350123,1.831353
18.790774,-81.824400,-269.000000,12.458797,1.870092
19.310774,-81.824400,-269.000000,12.305315,1.840378
19.830774,-81.824400,-269.000000,12.377159,1.852523
20.350774,-81.824400,-269.000000,12.373809,1.874574
20.870774,-81.824400,-269.000000,12.248195,1.868227
21.390774,-81.824400,-269.000000,12.319020,1.846222
21.910774,-81.824400,-269.000000,12.410706,1.862388
22.430774,-81.824400,-269.000000,12.449050,1.871475
22.950774,-81.824400,-269.000000,12.565382,1.874047
23.470774,-81.824400,-269.000000,12.642809,1.857393
23.990774,-81.824400,-269.000000,12.447326,1.853238
24.510774,-81.824400,-269.000000,12.250525,1.867098
25.030774,-81.824400,-269.000000,12.251403,1.881119
25.550774,-81.824400,-269.000000,12.399907,1.872897
26.070774,-81.824400,-269.000000,12.453810,1.877154
26.590774,-81.824400,-269.000000,12.413144,1.880226
27.110774,-81.824400,-269.000000,12.338132,1.885530
27.630774,-81.824400,-269.000000,12.345903,1.893812
28.150774,-81.824400,-269.000000,12.282992,1.863661
28.670774,-81.824400,-269.000000,12.374916,1.871289
29.190774,-81.824400,-269.000000,12.347831,1.880329
29.710774,-81.824400,-269.000000,12.349608,1.891723
30.230774,-81.824400,-269.000000,12.430418,1.874220
30.750774,-81.824400,-269.000000,12.347514,1.886050
31.270774,-81.824400,-269.000000,12.399800,1.858860
31.790774,-81.824400,-269.000000,12.318958,1.884406
32.310774,-81.824400,-269.000000,12.470430,1.887886
32.830774,-81.824400,-269.000000,12.588881,1.902093
33.350774,-81.824400,-269.000000,12.211936,1.870982
33.870774,-81.824400,-269.000000,12.162783,1.880145
34.390774,-81.824400,-269.000000,12.272561,1.880183
34.910774,-81.824400,-269.000000,12.258855,1.854120
35.430774,-81.824400,-269.000000,12.339414,1.875103
35.950774,-81.824400,-269.000000,12.199866,1.864405
36.470774,-81.824400,-269.000000,12.218859,1.874692
36.990774,-81.824400,-269.000000,12.345259,1.898129
37.510774,-81.824400,-269.000000,12.296031,1.869433
38.030774,-81.824400,-269.000000,12.326989,1.847921
38.550774,-81.824400,-269.000000,12.429694,1.898737
39.070774,-81.824400,-269.000000,12.406497,1.902365
39.590774,-81.824400,-269.000000,12.227443,1.876802
40.110774,-81.824400,-269.000000,12.499569,1.899980
40.630774,-81.824400,-269.000000,12.394570,1.894635
41.150774,-81.824400,-269.000000,12.389424,1.886487
41.670774,-81.824400,-269.000000,12.170002,1.902898
42.190774,-81.824400,-269.000000,12.489930,1.898500
42.710774,-81.824400,-269.000000,12.346143,1.869683
43.230774,-81.824400,-269.000000,12.158837,1.887322
43.750774,-81.824400,-269.000000,12.372957,1.884957
44.270774,-81.824400,-269.000000,12.447707,1.883611
44.790774,-81.824400,-269.000000,12.327572,1.899091
45.310774,-81.824400,-269.000000,12.365134,1.888191
45.830774,-81.824400,-269.000000,12.517638,1.883987
46.350774,-81.824400,-269.000000,12.314010,1.880255
46.870774,-81.824400,-269.000000,12.223570,1.880169
47.390774,-81.824400,-269.000000,12.344000,1.876431
47.910774,-81.824400,-269.000000,12.582068,1.881275
48.430774,-81.824400,-269.000000,12.202762,1.886601
48.950774,-81.824400,-269.000000,12.300963,1.891027
49.470774,-81.824400,-269.000000,12.274338,1.853246
49.990774,-81.824400,-269.000000,12.514422,1.897174
50.510774,-81.824400,-269.000000,12.152716,1.866574
51.030774,-81.824400,-269.000000,12.480555,1.902899
51.550774,-81.824400,-269.000000,12.380053,1.902526
52.070774,-81.824400,-269.000000,12.445315,1.879965
52.590774,-81.824400,-269.000000,12.475125,1.872104
53.110774,-81.824400,-269.000000,12.531384,1.890266
53.630774,-81.824400,-269.000000,12.451793,1.893328
54.150774,-81.824400,-269.000000,12.333901,1.864082
54.670774,-81.824400,-269.000000,12.574534,1.890043
55.190774,-81.824400,-269.000000,12.551922,1.897144
55.710774,-81.824400,-269.000000,12.270061,1.896207
56.230774,-81.824400,-269.000000,12.457916,1.889205
56.750774,-81.824400,-269.000000,12.329320,1.883880
57.270774,-81.824400,-269.000000,12.443684,1.878276
57.790774,-81.824400,-269.000000,12.399020,1.892892
58.310774,-81.824400,-269.000000,12.438358,1.895133
58.830774,-81.824400,-269.000000,12.393570,1.885650
59.350774,-81.824400,-269.000000,12.477715,1.890485
59.870774,-81.824400,-269.000000,12.325016,1.892801
60.390774,-81.824400,-269.000000,12.410385,1.895936
60.910774,-81.824400,-269.000000,12.486402,1.884325
61.430774,-81.824400,-269.000000,12.501687,1.886105
61.950774,-81.824400,-269.000000,12.308617,1.877297
62.470774,-81.824400,-269.000000,12.464336,1.899219
62.990774,-81.824400,-269.000000,12.348066,1.878312
63.510774,-81.824400,-269.000000,12.572154,1.893027
64.030774,-81.824400,-269.000000,12.210224,1.865859
64.550774,-81.824400,-269.000000,12.473872,1.871320
65.070774,-81.824400,-269.000000,12.621601,1.878134
65.590774,-81.824400,-269.000000,12.325660,1.880755
66.110774,-81.824400,-269.000000,12.344419,1.874018
66.630774,-81.824400,-269.000000,12.060969,1.874480
67.150774,-81.824400,-269.000000,12.356359,1.876150
67.670774,-81.824400,-269.000000,12.137421,1.879652
68.190774,-81.824400,-269.000000,12.313872,1.866655
68.710774,-81.824400,-269.000000,12.290144,1.898411
69.230774,-81.824400,-269.000000,12.480632,1.879239
69.750774,-81.824400,-269.000000,12.365097,1.882060
70.270774,-81.824400,-269.000000,12.325507,1.901597
70.790774,-81.824400,-269.000000,12.486507,1.877295
71.310774,-81.824400,-269.000000,12.522574,1.874848
71.830774,-81.824400,-269.000000,12.424823,1.868181
72.350774,-81.824400,-269.000000,12.111743,1.854196
72.870774,-81.824400,-269.000000,12.289355,1.860010
73.390774,-81.824400,-269.000000,12.614929,1.878984
73.910774,-81.824400,-269.000000,12.573654,1.875971
74.430774,-81.824400,-269.000000,12.349786,1.862742
74.950774,-81.824400,-269.000000,12.358401,1.879856
75.470774,-81.824400,-269.000000,12.388950,1.875399
75.990774,-81.824400,-269.000000,12.602239,1.888555
13.590774,-82.344400,-268.000000,12.437221,1.802942
14.110774,-82.344400,-268.000000,12.535953,1.816918
14.630774,-82.344400,-268.000000,12.547225,1.832175
15.150774,-82.344400,-268.000000,12.598083,1.851355
15.670774,-82.344400,-268.000000,12.173157,1.838583
16.190774,-82.344400,-268.000000,12.336776,1.836001
16.710774,-82.344400,-268.000000,12.496864,1.840132
17.230774,-82.344400,-268.000000,12.253839,1.856943
17.750774,-82.344400,-268.000000,12.493573,1.855814
18.270774,-82.344400,-268.000000,12.368677,1.856570
18.790774,-82.344400,-268.000000,12.509458,1.844639
19.310774,-82.344400,-268.000000,12.308237,1.855115
19.830774,-82.344400,-268.000000,12.207279,1.857979
20.350774,-82.344400,-268.000000,12.409083,1.848883
20.870774,-82.344400,-268.000000,12.322901,1.851886
21.390774,-82.344400,-268.000000,12.459438,1.901212
21.910774,-82.344400,-268.000000,12.512128,1.880036
22.430774,-82.344400,-268.000000,12.314423,1.846733
22.950774,-82.344400,-268.000000,12.341742,1.871206
23.470774,-82.344400,-268.000000,12.493352,1.863271
23.990774,-82.344400,-268.000000,12.450046,1.866820
24.510774,-82.344400,-268.000000,12.578854,1.859433
25.030774,-82.344400,-268.000000,12.321284,1.865911
25.550774,-82.344400,-268.000000,12.163477,1.858824
26.070774,-82.344400,-268.000000,12.433585,1.873356
26.590774,-82.344400,-268.000000,12.406877,1.860205
27.110774,-82.344400,-268.000000,12.266528,1.880649
27.630774,-82.344400,-268.000000,12.156708,1.862348
28.150774,-82.344400,-268.000000,12.554893,1.873921
28.670774,-82.344400,-268.000000,12.424356,1.883092
29.190774,-82.344400,-268.000000,12.422636,1.877609
29.710774,-82.344400,-268.000000,12.592339,1.885032
30.230774,-82.344400,-268.000000,12.373674,1.880178
30.750774,-82.344400,-268.000000,12.284099,1.879441
31.270774,-82.344400,-268.000000,12.298288,1.865023
31.790774,-82.344400,-268.000000,12.391826,1.856190
32.310774,-82.344400,-268.000000,12.397734,1.854762
32.830774,-82.344400,-268.000000,12.150707,1.868286
33.350774,-82.344400,-268.000000,12.228015,1.879806
33.870774,-82.344400,-268.000000,12.277446,1.885300
34.390774,-82.344400,-268.000000,12.424912,1.874351
34.910774,-82.344400,-268.000000,12.376287,1.870357
35.430774,-82.344400,-268.000000,12.358512,1.885269
35.950774,-82.344400,-268.000000,12.487062,1.872573
36.470774,-82.344400,-268.000000,12.297775,1.880484
36.990774,-82.344400,-268.000000,12.526214,1.883014
37.510774,-82.344400,-268.000000,12.318974,1.886172
38.030774,-82.344400,-268.000000,12.694248,1.891763
38.550774,-82.344400,-268.000000,12.525262,1.885747
39.070774,-82.344400,-268.000000,12.681616,1.896336
39.590774,-82.344400,-268.000000,12.581779,1.909585
40.110774,-82.344400,-268.000000,12.564602,1.897414
40.630774,-82.344400,-268.000000,12.110452,1.862331
41.150774,-82.344400,-268.000000,12.225689,1.867862
41.670774,-82.344400,-268.000000,12.278245,1.871300
42.190774,-82.344400,-268.000000,12.464050,1.886516
42.710774,-82.344400,-268.000000,12.172490,1.878199
43.230774,-82.344400,-268.000000,12.148101,1.871632
43.750774,-82.344400,-268.000000,12.371848,1.887148
44.270774,-82.344400,-268.000000,12.314626,1.860060
44.790774,-82.344400,-268.000000,12.610179,1.894215
45.310774,-82.344400,-268.000000,12.522141,1.890555
45.830774,-82.344400,-268.000000,12.501006,1.891941
46.350774,-82.344400,-268.000000,12.491366,1.911174
46.870774,-82.344400,-268.000000,12.427264,1.873351
47.390774,-82.344400,-268.000000,12.187439,1.879176
47.910774,-82.344400,-268.000000,12.223799,1.877318
48.430774,-82.344400,-268.000000,12.408587,1.889365
48.950774,-82.344400,-268.000000,12.383299,1.875459
49.470774,-82.344400,-268.000000,12.363686,1.893340
49.990774,-82.344400,-268.000000,12.396131,1.894366
50.510774,-82.344400,-268.000000,12.268718,1.884826
51.030774,-82.344400,-268.000000,12.542738,1.886672
51.550774,-82.344400,-268.000000,12.275615,1.860601
52.070774,-82.344400,-268.000000,12.457232,1.882321
52.590774,-82.344400,-268.000000,12.260223,1.882303
53.110774,-82.344400,-268.000000,12.364622,1.882308
53.630774,-82.344400,-268.000000,12.604690,1.895966
54.150774,-82.344400,-268.000000,12.297412,1.879622
54.670774,-82.344400,-268.000000,12.411922,1.901119
55.190774,-82.344400,-268.000000,12.738508,1.910526
55.710774,-82.344400,-268.000000,12.515464,1.870260
56.230774,-82.344400,-268.000000,12.218955,1.869466
56.750774,-82.344400,-268.000000,12.506126,1.892467
57.270774,-82.344400,-268.000000,12.420451,1.911257
57.790774,-82.344400,-268.000000,12.299258,1.878399
58.310774,-82.344400,-268.000000,12.386642,1.878005
58.830774,-82.344400,-268.000000,12.284490,1.873739
59.350774,-82.344400,-268.000000,12.263848,1.869304
59.870774,-82.344400,-268.000000,12.321918,1.870313
60.390774,-82.344400,-268.000000,12.306939,1.899212
60.910774,-82.344400,-268.000000,12.353520,1.880241
61.430774,-82.344400,-268.000000,12.426816,1.890499
61.950774,-82.344400,-268.000000,12.234218,1.858904
62.470774,-82.344400,-268.000000,12.568017,1.899426
62.990774,-82.344400,-268.000000,12.479526,1.902365
63.510774,-82.344400,-268.000000,12.292992,1.864403
64.030774,-82.344400,-268.000000,12.525589,1.881084
64.550774,-82.344400,-268.000000,12.281035,1.893001
65.070774,-82.344400,-268.000000,12.457627,1.885586
65.590774,-82.344400,-268.000000,12.345883,1.862237
66.110774,-82.344400,-268.000000,12.205708,1.878106
66.630774,-82.344400,-268.000000,12.389281,1.886564
67.150774,-82.344400,-268.000000,12.228641,1.865418
67.670774,-82.344400,-268.000000,12.346541,1.868124
68.190774,-82.344400,-268.000000,12.491728,1.908103
68.710774,-82.344400,-268.000000,12.291153,1.883214
69.230774,-82.344400,-268.000000,12.320974,1.891376
69.750774,-82.344400,-268.000000,12.390308,1.869088
70.270774,-82.344400,-268.000000,12.513270,1.868397
70.790774,-82.344400,-268.000000,12.330400,1.876600
71.310774,-82.344400,-268.000000,12.458343,1.878546
71.830774,-82.344400,-268.000000,12.219382,1.882373
72.350774,-82.344400,-268.000000,12.394228,1.873862
72.870774,-82.344400,-268.000000,12.200606,1.896448
73.390774,-82.344400,-268.000000,12.267398,1.863087
73.910774,-82.344400,-268.000000,12.412725,1.881624
74.430774,-82.344400,-268.000000,12.310423,1.863282
74.950774,-82.344400,-268.000000,12.222178,1.864179
75.470774,-82.344400,-268.000000,12.439186,1.874521
75.990774,-82.344400,-268.000000,12.353046,1.856085
13.070774,-81.824400,-268.000000,12.699504,1.797590
13.590774,-81.824400,-268.000000,12.332090,1.802874
14.110774,-81.824400,-268.000000,12.498706,1.812115
14.630774,-81.824400,-268.000000,12.556998,1.837671
15.150774,-81.824400,-268.000000,12.535857,1.843536
15.670774,-81.824400,-268.000000,12.226759,1.841111
16.190774,-81.824400,-268.000000,12.343368,1.835759
16.710774,-81.824400,-268.000000,12.450868,1.841472
17.230774,-81.824400,-268.000000,12.226349,1.856934
17.750774,-81.824400,-268.000000,12.498927,1.859133
18.270774,-81.824400,-268.000000,12.343765,1.854568
18.790774,-81.824400,-268.000000,12.547445,1.846531
19.310774,-81.824400,-268.000000,12.274071,1.855929
19.830774,-81.824400,-268.000000,12.172206,1.857505
20.350774,-81.824400,-268.000000,12.394808,1.846901
20.870774,-81.824400,-268.000000,12.352070,1.852304
21.390774,-81.824400,-268.000000,12.387634,1.888078
21.910774,-81.824400,-268.000000,12.487308,1.883314
22.430774,-81.824400,-268.000000,12.384613,1.856763
22.950774,-81.824400,-268.000000,12.343732,1.872322
23.470774,-81.824400,-268.000000,12.478145,1.863763
23.990774,-81.824400,-268.000000,12.473887,1.875962
24.510774,-81.824400,-268.000000,12.526176,1.865331
25.030774,-81.824400,-268.000000,12.436893,1.870840
25.550774,-81.824400,-268.000000,12.121247,1.857068
26.070774,-81.824400,-268.000000,12.416990,1.871269
26.590774,-81.824400,-268.000000,12.412396,1.858868
27.110774,-81.824400,-268.000000,12.275420,1.887087
27.630774,-81.824400,-268.000000,12.214564,1.860650
28.150774,-81.824400,-268.000000,12.412238,1.874833
28.670774,-81.824400,-268.000000,12.498806,1.889076
29.190774,-81.824400,-268.000000,12.467745,1.880250
29.710774,-81.824400,-268.000000,12.522589,1.878835
30.230774,-81.824400,-268.000000,12.421039,1.890728
30.750774,-81.824400,-268.000000,12.386851,1.883712
31.270774,-81.824400,-268.000000,12.257740,1.870571
31.790774,-81.824400,-268.000000,12.386570,1.852973
32.310774,-81.824400,-268.000000,12.419211,1.862869
32.830774,-81.824400,-268.000000,12.158134,1.879315
33.350774,-81.824400,-268.000000,12.276444,1.881897
33.870774,-81.824400,-268.000000,12.208923,1.890639
34.390774,-81.824400,-268.000000,12.458838,1.872319
34.910774,-81.824400,-268.000000,12.316450,1.868363
35.430774,-81.824400,-268.000000,12.263273,1.876379
35.950774,-81.824400,-268.000000,12.526607,1.879798
36.470774,-81.824400,-268.000000,12.316093,1.881982
36.990774,-81.824400,-268.000000,12.485476,1.882892
37.510774,-81.824400,-268.000000,12.368327,1.891825
38.030774,-81.824400,-268.000000,12.643117,1.891511
38.550774,-81.824400,-268.000000,12.477344,1.892536
39.070774,-81.824400,-268.000000,12.648978,1.902750
39.590774,-81.824400,-268.000000,12.565922,1.908573
40.110774,-81.824400,-268.000000,12.424813,1.897269
40.630774,-81.824400,-268.000000,12.135582,1.865850
41.150774,-81.824400,-268.000000,12.215089,1.869105
41.670774,-81.824400,-268.000000,12.240169,1.873536
42.190774,-81.824400,-268.000000,12.379172,1.890883
42.710774,-81.824400,-268.000000,12.137014,1.877772
43.230774,-81.824400,-268.000000,12.183802,1.874441
43.750774,-81.824400,-268.000000,12.362639,1.890053
44.270774,-81.824400,-268.000000,12.277846,1.861408
44.790774,-81.824400,-268.000000,12.586664,1.891766
45.310774,-81.824400,-268.000000,12.519278,1.884496
45.830774,-81.824400,-268.000000,12.470037,1.901931
46.350774,-81.824400,-268.000000,12.441857,1.906694
46.870774,-81.824400,-268.000000,12.385427,1.878539
47.390774,-81.824400,-268.000000,12.310199,1.885746
47.910774,-81.824400,-268.000000,12.153839,1.877792
48.430774,-81.824400,-268.000000,12.419044,1.891559
48.950774,-81.824400,-268.000000,12.332040,1.872909
49.470774,-81.824400,-268.000000,12.354339,1.896146
49.990774,-81.824400,-268.000000,12.413079,1.892386
50.510774,-81.824400,-268.000000,12.194168,1.887694
51.030774,-81.824400,-268.000000,12.601759,1.896654
51.550774,-81.824400,-268.000000,12.273170,1.860146
52.070774,-81.824400,-268.000000,12.403366,1.884476
52.590774,-81.824400,-268.000000,12.265053,1.888246
53.110774,-81.824400,-268.000000,12.410795,1.887783
53.630774,-81.824400,-268.000000,12.584694,1.893946
54.150774,-81.824400,-268.000000,12.264264,1.870779
54.670774,-81.824400,-268.000000,12.408668,1.895729
55.190774,-81.824400,-268.000000,12.676186,1.914302
55.710774,-81.824400,-268.000000,12.468397,1.867470
56.230774,-81.824400,-268.000000,12.274947,1.867668
56.750774,-81.824400,-268.000000,12.547129,1.902106
57.270774,-81.824400,-268.000000,12.384765,1.911268
57.790774,-81.824400,-268.000000,12.291229,1.880941
58.310774,-81.824400,-268.000000,12.368274,1.878324
58.830774,-81.824400,-268.000000,12.288498,1.880100
59.350774,-81.824400,-268.000000,12.331122,1.869881
59.870774,-81.824400,-268.000000,12.263254,1.877198
60.390774,-81.824400,-268.000000,12.306513,1.901174
60.910774,-81.824400,-268.000000,12.337131,1.879318
61.430774,-81.824400,-268.000000,12.434033,1.886444
61.950774,-81.824400,-268.000000,12.218960,1.865021
62.470774,-81.824400,-268.000000,12.540856,1.896859
62.990774,-81.824400,-268.000000,12.453231,1.903192
63.510774,-81.824400,-268.000000,12.260684,1.867704
64.030774,-81.824400,-268.000000,12.512691,1.887041
64.550774,-81.824400,-268.000000,12.296277,1.886944
65.070774,-81.824400,-268.000000,12.410028,1.878685
65.590774,-81.824400,-268.000000,12.396360,1.869005
66.110774,-81.824400,-268.000000,12.202789,1.878218
66.630774,-81.824400,-268.000000,12.384356,1.890456
67.150774,-81.824400,-268.000000,12.322297,1.868292
67.670774,-81.824400,-268.000000,12.314754,1.870631
68.190774,-81.824400,-268.000000,12.532274,1.914668
68.710774,-81.824400,-268.000000,12.301810,1.881447
69.230774,-81.824400,-268.000000,12.359983,1.897510
69.750774,-81.824400,-268.000000,12.344717,1.870473
70.270774,-81.824400,-268.000000,12.474959,1.872849
70.790774,-81.824400,-268.000000,12.358542,1.873465
71.310774,-81.824400,-268.000000,12.423107,1.880308
71.830774,-81.824400,-268.000000,12.199600,1.888432
72.350774,-81.824400,-268.000000,12.432549,1.880167
72.870774,-81.824400,-268.000000,12.172801,1.898915
73.390774,-81.824400,-268.000000,12.212322,1.864153
73.910774,-81.824400,-268.000000,12.345630,1.881082
74.430774,-81.824400,-268.000000,12.335118,1.864457
74.950774,-81.824400,-268.000000,12.252934,1.864393
75.470774,-81.824400,-268.000000,12.424914,1.877380
75.990774,-81.824400,-268.000000,12.310615,1.856714
75.990774,-81.304400,-268.000000,12.289090,1.856061
13.590774,-82.344400,-267.000000,12.148864,1.794804
14.110774,-82.344400,-267.000000,12.383708,1.821234
14.630774,-82.344400,-267.000000,12.108010,1.810492
15.150774,-82.344400,-267.000000,12.446582,1.838444
15.670774,-82.344400,-267.000000,12.310493,1.831072
16.190774,-82.344400,-267.000000,12.267219,1.854125
16.710774,-82.344400,-267.000000,12.402180,1.836132
17.230774,-82.344400,-267.000000,12.360583,1.850203
17.750774,-82.344400,-267.000000,12.476150,1.846109
18.270774,-82.344400,-267.000000,12.459736,1.856151
18.790774,-82.344400,-267.000000,12.653578,1.862448
19.310774,-82.344400,-267.000000,12.353761,1.845123
19.830774,-82.344400,-267.000000,12.376420,1.857531
20.350774,-82.344400,-267.000000,12.300540,1.864193
20.870774,-82.344400,-267.000000,12.357562,1.841635
21.390774,-82.344400,-267.000000,12.188201,1.856589
21.910774,-82.344400,-267.000000,12.410649,1.846728
22.430774,-82.344400,-267.000000,12.465544,1.888036
22.950774,-82.344400,-267.000000,12.427072,1.865649
23.470774,-82.344400,-267.000000,12.360823,1.873534
23.990774,-82.344400,-267.000000,12.343060,1.879431
24.510774,-82.344400,-267.000000,12.277987,1.857267
25.030774,-82.344400,-267.000000,12.185562,1.869789
25.550774,-82.344400,-267.000000,12.358645,1.874011
26.070774,-82.344400,-267.000000,12.383037,1.858158
26.590774,-82.344400,-267.000000,12.250068,1.854400
27.110774,-82.344400,-267.000000,12.498559,1.883880
27.630774,-82.344400,-267.000000,12.547507,1.863094
28.150774,-82.344400,-267.000000,12.250342,1.881616
28.670774,-82.344400,-267.000000,12.386921,1.863403
29.190774,-82.344400,-267.000000,12.437680,1.877408
29.710774,-82.344400,-267.000000,12.192023,1.857993
30.230774,-82.344400,-267.000000,12.564008,1.870116
30.750774,-82.344400,-267.000000,12.404226,1.875047
31.270774,-82.344400,-267.000000,12.488202,1.877009
31.790774,-82.344400,-267.000000,12.519322,1.892165
32.310774,-82.344400,-267.000000,12.433761,1.877435
32.830774,-82.344400,-267.000000,12.423497,1.874380
33.350774,-82.344400,-267.000000,12.397738,1.866059
33.870774,-82.344400,-267.000000,12.339814,1.861646
34.390774,-82.344400,-267.000000,12.658731,1.882390
34.910774,-82.344400,-267.000000,12.326888,1.882392
35.430774,-82.344400,-267.000000,12.297019,1.868240
35.950774,-82.344400,-267.000000,12.655902,1.908448
36.470774,-82.344400,-267.000000,12.371474,1.863139
36.990774,-82.344400,-267.000000,12.240132,1.876933
37.510774,-82.344400,-267.000000,12.343513,1.880481
38.030774,-82.344400,-267.000000,12.351778,1.885902
38.550774,-82.344400,-267.000000,12.525116,1.894667
39.070774,-82.344400,-267.000000,12.288777,1.873880
39.590774,-82.344400,-267.000000,12.221957,1.876890
40.110774,-82.344400,-267.000000,12.616455,1.885089
40.630774,-82.344400,-267.000000,12.340442,1.875758
41.150774,-82.344400,-267.000000,12.357921,1.902982
41.670774,-82.344400,-267.000000,12.493925,1.887675
42.190774,-82.344400,-267.000000,12.355128,1.877860
42.710774,-82.344400,-267.000000,12.279470,1.873694
43.230774,-82.344400,-267.000000,12.395873,1.868419
43.750774,-82.344400,-267.000000,12.454648,1.876917
44.270774,-82.344400,-267.000000,12.332074,1.893160
44.790774,-82.344400,-267.000000,12.273207,1.892150
45.310774,-82.344400,-267.000000,12.569128,1.906686
45.830774,-82.344400,-267.000000,12.685168,1.905891
46.350774,-82.344400,-267.000000,12.321665,1.899445
46.870774,-82.344400,-267.000000,12.228418,1.859060
47.390774,-82.344400,-267.000000,12.286519,1.873138
47.910774,-82.344400,-267.000000,12.411811,1.873584
48.430774,-82.344400,-267.000000,12.169982,1.881607
48.950774,-82.344400,-267.000000,12.350898,1.879611
49.470774,-82.344400,-267.000000,12.300317,1.887542
49.990774,-82.344400,-267.000000,12.633462,1.884617
50.510774,-82.344400,-267.000000,12.703795,1.898488
51.030774,-82.344400,-267.000000,12.562029,1.881767
51.550774,-82.344400,-267.000000,12.419475,1.870184
52.070774,-82.344400,-267.000000,12.491101,1.888479
52.590774,-82.344400,-267.000000,12.423798,1.888515
53.110774,-82.344400,-267.000000,12.568667,1.891339
53.630774,-82.344400,-267.000000,12.211514,1.876913
54.150774,-82.344400,-267.000000,12.398517,1.876511
54.670774,-82.344400,-267.000000,12.367920,1.886367
55.190774,-82.344400,-267.000000,12.411391,1.868714
55.710774,-82.344400,-267.000000,12.217598,1.895301
56.230774,-82.344400,-267.000000,12.441707,1.896880
56.750774,-82.344400,-267.000000,12.171890,1.870413
57.270774,-82.344400,-267.000000,12.181355,1.887294
57.790774,-82.344400,-267.000000,12.193159,1.863593
58.310774,-82.344400,-267.000000,12.443276,1.885113
58.830774,-82.344400,-267.000000,12.343772,1.884600
59.350774,-82.344400,-267.000000,12.689333,1.884080
59.870774,-82.344400,-267.000000,12.116245,1.873328
60.390774,-82.344400,-267.000000,12.480954,1.890121
60.910774,-82.344400,-267.000000,12.459178,1.858132
61.430774,-82.344400,-267.000000,12.368883,1.878256
61.950774,-82.344400,-267.000000,12.201877,1.878866
62.470774,-82.344400,-267.000000,12.340738,1.872765
62.990774,-82.344400,-267.000000,12.577151,1.886058
63.510774,-82.344400,-267.000000,12.461247,1.880728
64.030774,-82.344400,-267.000000,12.496535,1.895076
64.550774,-82.344400,-267.000000,12.123101,1.885193
65.070774,-82.344400,-267.000000,12.437868,1.898257
65.590774,-82.344400,-267.000000,12.682662,1.871169
66.110774,-82.344400,-267.000000,12.415614,1.888955
66.630774,-82.344400,-267.000000,12.198941,1.890636
67.150774,-82.344400,-267.000000,12.451225,1.887480
67.670774,-82.344400,-267.000000,12.276176,1.855705
68.190774,-82.344400,-267.000000,12.580567,1.891418
68.710774,-82.344400,-267.000000,12.574673,1.892798
69.230774,-82.344400,-267.000000,12.467243,1.891846
69.750774,-82.344400,-267.000000,12.521473,1.885877
70.270774,-82.344400,-267.000000,12.434863,1.890384
70.790774,-82.344400,-267.000000,12.469115,1.897756
71.310774,-82.344400,-267.000000,12.425600,1.888594
71.830774,-82.344400,-267.000000,12.307319,1.879006
72.350774,-82.344400,-267.000000,12.447390,1.866580
72.870774,-82.344400,-267.000000,12.427010,1.872870
73.390774,-82.344400,-267.000000,12.391360,1.886640
73.910774,-82.344400,-267.000000,12.366740,1.888880
74.430774,-82.344400,-267.000000,12.412588,1.885190
74.950774,-82.344400,-267.000000,12.370751,1.877775
75.470774,-82.344400,-267.000000,12.357447,1.864031
75.990774,-82.344400,-267.000000,12.475443,1.869110
13.070774,-81.824400,-267.000000,12.457202,1.797627
13.590774,-81.824400,-267.000000,12.174339,1.793541
14.110774,-81.824400,-267.000000,12.309392,1.821401
14.630774,-81.824400,-267.000000,12.060247,1.807582
15.150774,-81.824400,-267.000000,12.444390,1.839484
15.670774,-81.824400,-267.000000,12.300732,1.833471
16.190774,-81.824400,-267.000000,12.327539,1.856665
16.710774,-81.824400,-267.000000,12.427525,1.842177
17.230774,-81.824400,-267.000000,12.270834,1.846641
17.750774,-81.824400,-267.000000,12.426732,1.843876
18.270774,-81.824400,-267.000000,12.404555,1.859336
18.790774,-81.824400,-267.000000,12.599011,1.856663
19.310774,-81.824400,-267.000000,12.451696,1.859881
19.830774,-81.824400,-267.000000,12.400867,1.857981
20.350774,-81.824400,-267.000000,12.249442,1.861257
20.870774,-81.824400,-267.000000,12.318583,1.845884
21.390774,-81.824400,-267.000000,12.217447,1.868563
21.910774,-81.824400,-267.000000,12.308961,1.842338
22.430774,-81.824400,-267.000000,12.464894,1.887319
22.950774,-81.824400,-267.000000,12.456508,1.869260
23.470774,-81.824400,-267.000000,12.325877,1.873607
23.990774,-81.824400,-267.000000,12.377677,1.887912
24.510774,-81.824400,-267.000000,12.355052,1.854476
25.030774,-81.824400,-267.000000,12.149829,1.867720
25.550774,-81.824400,-267.000000,12.277758,1.876219
26.070774,-81.824400,-267.000000,12.350700,1.857442
26.590774,-81.824400,-267.000000,12.247484,1.866263
27.110774,-81.824400,-267.000000,12.529510,1.892788
27.630774,-81.824400,-267.000000,12.580260,1.865199
28.150774,-81.824400,-267.000000,12.284830,1.882849
28.670774,-81.824400,-267.000000,12.331525,1.861264
29.190774,-81.824400,-267.000000,12.368415,1.868196
29.710774,-81.824400,-267.000000,12.178258,1.860971
30.230774,-81.824400,-267.000000,12.551193,1.871722
30.750774,-81.824400,-267.000000,12.458999,1.875027
31.270774,-81.824400,-267.000000,12.372717,1.872743
31.790774,-81.824400,-267.000000,12.528210,1.898313
32.310774,-81.824400,-267.000000,12.357801,1.878996
32.830774,-81.824400,-267.000000,12.423984,1.870292
33.350774,-81.824400,-267.000000,12.353949,1.866670
33.870774,-81.824400,-267.000000,12.309097,1.874106
34.390774,-81.824400,-267.000000,12.704983,1.878778
34.910774,-81.824400,-267.000000,12.286410,1.888465
35.430774,-81.824400,-267.000000,12.294784,1.866175
35.950774,-81.824400,-267.000000,12.658779,1.910942
36.470774,-81.824400,-267.000000,12.342842,1.866000
36.990774,-81.824400,-267.000000,12.179169,1.873023
37.510774,-81.824400,-267.000000,12.325843,1.881304
38.030774,-81.824400,-267.000000,12.370732,1.893042
38.550774,-81.824400,-267.000000,12.480744,1.888523
39.070774,-81.824400,-267.000000,12.398347,1.878327
39.590774,-81.824400,-267.000000,12.198704,1.877214
40.110774,-81.824400,-267.000000,12.551482,1.884875
40.630774,-81.824400,-267.000000,12.301172,1.884910
41.150774,-81.824400,-267.000000,12.391232,1.899946
41.670774,-81.824400,-267.000000,12.423938,1.885207
42.190774,-81.824400,-267.000000,12.393016,1.883263
42.710774,-81.824400,-267.000000,12.302540,1.883993
43.230774,-81.824400,-267.000000,12.382209,1.865925
43.750774,-81.824400,-267.000000,12.409624,1.884419
44.270774,-81.824400,-267.000000,12.259563,1.884289
44.790774,-81.824400,-267.000000,12.247136,1.895691
45.310774,-81.824400,-267.000000,12.597021,1.907780
45.830774,-81.824400,-267.000000,12.629169,1.904384
46.350774,-81.824400,-267.000000,12.364058,1.899383
46.870774,-81.824400,-267.000000,12.183356,1.862879
47.390774,-81.824400,-267.000000,12.317057,1.882330
47.910774,-81.824400,-267.000000,12.317481,1.874330
48.430774,-81.824400,-267.000000,12.197800,1.884699
48.950774,-81.824400,-267.000000,12.342216,1.879208
49.470774,-81.824400,-267.000000,12.279064,1.892035
49.990774,-81.824400,-267.000000,12.579241,1.886387
50.510774,-81.824400,-267.000000,12.681396,1.901900
51.030774,-81.824400,-267.000000,12.459217,1.882392
51.550774,-81.824400,-267.000000,12.469793,1.864820
52.070774,-81.824400,-267.000000,12.482429,1.896597
52.590774,-81.824400,-267.000000,12.399815,1.887707
53.110774,-81.824400,-267.000000,12.471992,1.889898
53.630774,-81.824400,-267.000000,12.305110,1.884906
54.150774,-81.824400,-267.000000,12.310512,1.880639
54.670774,-81.824400,-267.000000,12.391349,1.893626
55.190774,-81.824400,-267.000000,12.406951,1.874882
55.710774,-81.824400,-267.000000,12.273093,1.896592
56.230774,-81.824400,-267.000000,12.381568,1.901554
56.750774,-81.824400,-267.000000,12.176185,1.870645
57.270774,-81.824400,-267.000000,12.226097,1.879628
57.790774,-81.824400,-267.000000,12.161961,1.870315
58.310774,-81.824400,-267.000000,12.419753,1.887199
58.830774,-81.824400,-267.000000,12.265826,1.883489
59.350774,-81.824400,-267.000000,12.627974,1.892943
59.870774,-81.824400,-267.000000,12.158986,1.870866
60.390774,-81.824400,-267.000000,12.430785,1.887362
60.910774,-81.824400,-267.000000,12.474932,1.873170
61.430774,-81.824400,-267.000000,12.305217,1.877456
61.950774,-81.824400,-267.000000,12.191230,1.879539
62.470774,-81.824400,-267.000000,12.334117,1.869948
62.990774,-81.824400,-267.000000,12.495286,1.887861
63.510774,-81.824400,-267.000000,12.571582,1.889546
64.030774,-81.824400,-267.000000,12.430238,1.883310
64.550774,-81.824400,-267.000000,12.131480,1.892496
65.070774,-81.824400,-267.000000,12.447936,1.899542
65.590774,-81.824400,-267.000000,12.633285,1.871824
66.110774,-81.824400,-267.000000,12.424094,1.899666
66.630774,-81.824400,-267.000000,12.209535,1.890107
67.150774,-81.824400,-267.000000,12.403389,1.891260
67.670774,-81.824400,-267.000000,12.330888,1.862032
68.190774,-81.824400,-267.000000,12.472735,1.889020
68.710774,-81.824400,-267.000000,12.569716,1.894490
69.230774,-81.824400,-267.000000,12.481086,1.887910
69.750774,-81.824400,-267.000000,12.504060,1.886137
70.270774,-81.824400,-267.000000,12.427474,1.888917
70.790774,-81.824400,-267.000000,12.427705,1.901893
71.310774,-81.824400,-267.000000,12.429049,1.891476
71.830774,-81.824400,-267.000000,12.251956,1.882024
72.350774,-81.824400,-267.000000,12.413061,1.862508
72.870774,-81.824400,-267.000000,12.419726,1.880350
73.390774,-81.824400,-267.000000,12.394189,1.891697
73.910774,-81.824400,-267.000000,12.332365,1.886981
74.430774,-81.824400,-267.000000,12.469751,1.893544
74.950774,-81.824400,-267.000000,12.337907,1.882967
75.470774,-81.824400,-267.000000,12.358962,1.867429
75.990774,-81.824400,-267.000000,12.411883,1.875042
75.990774,-81.304400,-267.000000,12.306567,1.870329
13.070774,-82.344400,-266.000000,12.663692,1.808788
13.590774,-82.344400,-266.000000,12.154620,1.789130
14.110774,-82.344400,-266.000000,12.291683,1.805335
14.630774,-82.344400,-266.000000,12.205711,1.811385
15.150774,-82.344400,-266.000000,12.524831,1.825857
15.670774,-82.344400,-266.000000,12.430760,1.819654
16.190774,-82.344400,-266.000000,12.291850,1.844415
16.710774,-82.344400,-266.000000,12.655743,1.868487
17.230774,-82.344400,-266.000000,12.572899,1.843444
17.750774,-82.344400,-266.000000,12.476615,1.850334
18.270774,-82.344400,-266.000000,12.244988,1.828372
18.790774,-82.344400,-266.000000,12.381332,1.850445
19.310774,-82.344400,-266.000000,12.360156,1.872521
19.830774,-82.344400,-266.000000,12.066616,1.830020
20.350774,-82.344400,-266.000000,12.601954,1.878126
20.870774,-82.344400,-266.000000,12.428058,1.855554
21.390774,-82.344400,-266.000000,12.377332,1.878397
21.910774,-82.344400,-266.000000,12.223519,1.854487
22.430774,-82.344400,-266.000000,12.292823,1.851328
22.950774,-82.344400,-266.000000,11.978232,1.861926
23.470774,-82.344400,-266.000000,12.253323,1.860920
23.990774,-82.344400,-266.000000,12.268129,1.866573
24.510774,-82.344400,-266.000000,12.444049,1.855818
25.030774,-82.344400,-266.000000,12.474559,1.868378
25.550774,-82.344400,-266.000000,12.441861,1.883241
26.070774,-82.344400,-266.000000,12.566333,1.878926
26.590774,-82.344400,-266.000000,12.289428,1.863873
27.110774,-82.344400,-266.000000,12.468472,1.865039
27.630774,-82.344400,-266.000000,12.314142,1.884309
28.150774,-82.344400,-266.000000,12.347179,1.891309
28.670774,-82.344400,-266.000000,12.430395,1.861352
29.190774,-82.344400,-266.000000,12.367594,1.866968
29.710774,-82.344400,-266.000000,12.537308,1.904830
30.230774,-82.344400,-266.000000,12.356608,1.842910
30.750774,-82.344400,-266.000000,12.447077,1.879243
31.270774,-82.344400,-266.000000,12.242723,1.858714
31.790774,-82.344400,-266.000000,12.326370,1.871956
32.310774,-82.344400,-266.000000,12.292676,1.877451
32.830774,-82.344400,-266.000000,12.283061,1.863943
33.350774,-82.344400,-266.000000,12.186599,1.860859
33.870774,-82.344400,-266.000000,12.477403,1.891972
34.390774,-82.344400,-266.000000,12.337832,1.896402
34.910774,-82.344400,-266.000000,12.514800,1.888823
35.430774,-82.344400,-266.000000,12.415462,1.872685
35.950774,-82.344400,-266.000000,12.457004,1.874592
36.470774,-82.344400,-266.000000,12.235769,1.887375
36.990774,-82.344400,-266.000000,12.140068,1.873646
37.510774,-82.344400,-266.000000,12.221526,1.873679
38.030774,-82.344400,-266.000000,12.315166,1.880958
38.550774,-82.344400,-266.000000,12.727691,1.910664
39.070774,-82.344400,-266.000000,12.441352,1.881144
39.590774,-82.344400,-266.000000,12.399634,1.887132
40.110774,-82.344400,-266.000000,12.434569,1.872231
40.630774,-82.344400,-266.000000,12.387117,1.882122
41.150774,-82.344400,-266.000000,12.219985,1.886335
41.670774,-82.344400,-266.000000,12.502340,1.886486
42.190774,-82.344400,-266.000000,12.183875,1.873642
42.710774,-82.344400,-266.000000,12.524520,1.901559
43.230774,-82.344400,-266.000000,12.322404,1.877741
43.750774,-82.344400,-266.000000,12.466653,1.895833
44.270774,-82.344400,-266.000000,12.483905,1.899693
44.790774,-82.344400,-266.000000,12.438673,1.902641
45.310774,-82.344400,-266.000000,12.608795,1.891170
45.830774,-82.344400,-266.000000,12.525438,1.891154
46.350774,-82.344400,-266.000000,12.301010,1.868914
46.870774,-82.344400,-266.000000,12.394004,1.899067
47.390774,-82.344400,-266.000000,12.244444,1.874270
47.910774,-82.344400,-266.000000,12.620664,1.885832
48.430774,-82.344400,-266.000000,12.292747,1.864428
48.950774,-82.344400,-266.000000,12.407167,1.882186
49.470774,-82.344400,-266.000000,12.407569,1.871145
49.990774,-82.344400,-266.000000,12.516105,1.886954
50.510774,-82.344400,-266.000000,12.486594,1.887791
51.030774,-82.344400,-266.000000,12.417684,1.881083
51.550774,-82.344400,-266.000000,12.551480,1.879022
52.070774,-82.344400,-266.000000,12.330080,1.870683
52.590774,-82.344400,-266.000000,12.271372,1.883425
53.110774,-82.344400,-266.000000,12.691311,1.887993
53.630774,-82.344400,-266.000000,12.343963,1.883554
54.150774,-82.344400,-266.000000,12.361112,1.895385
54.670774,-82.344400,-266.000000,12.530585,1.893679
55.190774,-82.344400,-266.000000,12.220019,1.883279
55.710774,-82.344400,-266.000000,12.221987,1.869857
56.230774,-82.344400,-266.000000,12.464347,1.881116
56.750774,-82.344400,-266.000000,12.392005,1.870128
57.270774,-82.344400,-266.000000,12.338889,1.868812
57.790774,-82.344400,-266.000000,12.555391,1.890487
58.310774,-82.344400,-266.000000,12.304778,1.881666
58.830774,-82.344400,-266.000000,12.351509,1.851157
59.350774,-82.344400,-266.000000,12.285144,1.883615
59.870774,-82.344400,-266.000000,12.314667,1.875275
60.390774,-82.344400,-266.000000,12.659223,1.875516
60.910774,-82.344400,-266.000000,12.555923,1.886792
61.430774,-82.344400,-266.000000,12.316442,1.890287
61.950774,-82.344400,-266.000000,12.493878,1.897868
62.470774,-82.344400,-266.000000,12.280604,1.861991
62.990774,-82.344400,-266.000000,12.197124,1.860695
63.510774,-82.344400,-266.000000,12.493399,1.883034
64.030774,-82.344400,-266.000000,12.528098,1.905958
64.550774,-82.344400,-266.000000,12.304572,1.873222
65.070774,-82.344400,-266.000000,12.344559,1.877165
65.590774,-82.344400,-266.000000,12.403675,1.894158
66.110774,-82.344400,-266.000000,12.506765,1.890708
66.630774,-82.344400,-266.000000,12.465517,1.909997
67.150774,-82.344400,-266.000000,12.519011,1.872396
67.670774,-82.344400,-266.000000,12.379605,1.870659
68.190774,-82.344400,-266.000000,12.479865,1.877575
68.710774,-82.344400,-266.000000,12.180404,1.869750
69.230774,-82.344400,-266.000000,12.613879,1.869386
69.750774,-82.344400,-266.000000,12.304558,1.865716
70.270774,-82.344400,-266.000000,12.415893,1.874796
70.790774,-82.344400,-266.000000,12.350123,1.863453
71.310774,-82.344400,-266.000000,12.265347,1.882905
71.830774,-82.344400,-266.000000,12.377810,1.876379
72.350774,-82.344400,-266.000000,12.191165,1.883400
72.870774,-82.344400,-266.000000,12.392097,1.888061
73.390774,-82.344400,-266.000000,12.430705,1.877254
73.910774,-82.344400,-266.000000,12.464401,1.884228
74.430774,-82.344400,-266.000000,12.369656,1.869710
74.950774,-82.344400,-266.000000,12.278710,1.848294
75.470774,-82.344400,-266.000000,12.434196,1.868724
75.990774,-82.344400,-266.000000,12.409723,1.897016
13.070774,-81.824400,-266.000000,12.708421,1.813273
13.590774,-81.824400,-266.000000,12.176251,1.789045
14.110774,-81.824400,-266.000000,12.302049,1.806950
14.630774,-81.824400,-266.000000,12.158697,1.815421
15.150774,-81.824400,-266.000000,12.499435,1.821927
15.670774,-81.824400,-266.000000,12.375097,1.825640
16.190774,-81.824400,-266.000000,12.233421,1.854902
16.710774,-81.824400,-266.000000,12.684819,1.863608
17.230774,-81.824400,-266.000000,12.550457,1.851305
17.750774,-81.824400,-266.000000,12.477948,1.842691
18.270774,-81.824400,-266.000000,12.314774,1.840572
18.790774,-81.824400,-266.000000,12.355308,1.847398
19.310774,-81.824400,-266.000000,12.263085,1.876191
19.830774,-81.824400,-266.000000,12.087274,1.829738
20.350774,-81.824400,-266.000000,12.597191,1.878000
20.870774,-81.824400,-266.000000,12.417568,1.869870
21.390774,-81.824400,-266.000000,12.336171,1.867981
21.910774,-81.824400,-266.000000,12.265923,1.855081
22.430774,-81.824400,-266.000000,12.253356,1.857575
22.950774,-81.824400,-266.000000,11.911837,1.854609
23.470774,-81.824400,-266.000000,12.296374,1.867162
23.990774,-81.824400,-266.000000,12.263010,1.870878
24.510774,-81.824400,-266.000000,12.416084,1.857504
25.030774,-81.824400,-266.000000,12.437293,1.863493
25.550774,-81.824400,-266.000000,12.511851,1.889656
26.070774,-81.824400,-266.000000,12.483378,1.884465
26.590774,-81.824400,-266.000000,12.309386,1.861719
27.110774,-81.824400,-266.000000,12.473463,1.866871
27.630774,-81.824400,-266.000000,12.266480,1.890510
28.150774,-81.824400,-266.000000,12.269903,1.882750
28.670774,-81.824400,-266.000000,12.442447,1.872567
29.190774,-81.824400,-266.000000,12.324351,1.861868
29.710774,-81.824400,-266.000000,12.497770,1.907978
30.230774,-81.824400,-266.000000,12.380288,1.850719
30.750774,-81.824400,-266.000000,12.336739,1.874685
31.270774,-81.824400,-266.000000,12.317071,1.866361
31.790774,-81.824400,-266.000000,12.276344,1.872196
32.310774,-81.824400,-266.000000,12.347942,1.880885
32.830774,-81.824400,-266.000000,12.237682,1.861053
33.350774,-81.824400,-266.000000,12.167175,1.858137
33.870774,-81.824400,-266.000000,12.331819,1.890414
34.390774,-81.824400,-266.000000,12.414783,1.901664
34.910774,-81.824400,-266.000000,12.465284,1.892725
35.430774,-81.824400,-266.000000,12.380095,1.881091
35.950774,-81.824400,-266.000000,12.427885,1.870005
36.470774,-81.824400,-266.000000,12.235251,1.892428
36.990774,-81.824400,-266.000000,12.067697,1.875205
37.510774,-81.824400,-266.000000,12.221220,1.871101
38.030774,-81.824400,-266.000000,12.338994,1.892660
38.550774,-81.824400,-266.000000,12.688485,1.908657
39.070774,-81.824400,-266.000000,12.414672,1.882340
39.590774,-81.824400,-266.000000,12.366004,1.891103
40.110774,-81.824400,-266.000000,12.456316,1.873541
40.630774,-81.824400,-266.000000,12.437185,1.886437
41.150774,-81.824400,-266.000000,12.188726,1.885869
41.670774,-81.824400,-266.000000,12.547834,1.894503
42.190774,-81.824400,-266.000000,12.176133,1.875242
42.710774,-81.824400,-266.000000,12.446490,1.899332
43.230774,-81.824400,-266.000000,12.384007,1.883818
43.750774,-81.824400,-266.000000,12.461524,1.894375
44.270774,-81.824400,-266.000000,12.518088,1.904312
44.790774,-81.824400,-266.000000,12.512804,1.905128
45.310774,-81.824400,-266.000000,12.497565,1.894776
45.830774,-81.824400,-266.000000,12.550918,1.892750
46.350774,-81.824400,-266.000000,12.242511,1.870305
46.870774,-81.824400,-266.000000,12.353459,1.893718
47.390774,-81.824400,-266.000000,12.219218,1.877882
47.910774,-81.824400,-266.000000,12.626571,1.886307
48.430774,-81.824400,-266.000000,12.239688,1.864816
48.950774,-81.824400,-266.000000,12.397590,1.883328
49.470774,-81.824400,-266.000000,12.407050,1.876517
49.990774,-81.824400,-266.000000,12.545176,1.880923
50.510774,-81.824400,-266.000000,12.397835,1.880789
51.030774,-81.824400,-266.000000,12.415595,1.877604
51.550774,-81.824400,-266.000000,12.499236,1.884003
52.070774,-81.824400,-266.000000,12.387852,1.873789
52.590774,-81.824400,-266.000000,12.263423,1.886312
53.110774,-81.824400,-266.000000,12.587157,1.882232
53.630774,-81.824400,-266.000000,12.341294,1.883656
54.150774,-81.824400,-266.000000,12.394483,1.900763
54.670774,-81.824400,-266.000000,12.546660,1.894702
55.190774,-81.824400,-266.000000,12.202338,1.885370
55.710774,-81.824400,-266.000000,12.205853,1.870968
56.230774,-81.824400,-266.000000,12.449825,1.879981
56.750774,-81.824400,-266.000000,12.389651,1.873375
57.270774,-81.824400,-266.000000,12.340075,1.874553
57.790774,-81.824400,-266.000000,12.483699,1.890716
58.310774,-81.824400,-266.000000,12.294566,1.885764
58.830774,-81.824400,-266.000000,12.352601,1.855930
59.350774,-81.824400,-266.000000,12.307291,1.882450
59.870774,-81.824400,-266.000000,12.333505,1.880204
60.390774,-81.824400,-266.000000,12.574180,1.872628
60.910774,-81.824400,-266.000000,12.536198,1.886338
61.430774,-81.824400,-266.000000,12.336456,1.895241
61.950774,-81.824400,-266.000000,12.479890,1.902624
62.470774,-81.824400,-266.000000,12.230927,1.863575
62.990774,-81.824400,-266.000000,12.281512,1.867936
63.510774,-81.824400,-266.000000,12.463525,1.881078
64.030774,-81.824400,-266.000000,12.534167,1.917994
64.550774,-81.824400,-266.000000,12.355712,1.870097
65.070774,-81.824400,-266.000000,12.304465,1.876089
65.590774,-81.824400,-266.000000,12.427188,1.899407
66.110774,-81.824400,-266.000000,12.412841,1.888171
66.630774,-81.824400,-266.000000,12.521204,1.911867
67.150774,-81.824400,-266.000000,12.508814,1.879705
67.670774,-81.824400,-266.000000,12.399942,1.870749
68.190774,-81.824400,-266.000000,12.478648,1.880238
68.710774,-81.824400,-266.000000,12.199740,1.871564
69.230774,-81.824400,-266.000000,12.523257,1.864702
69.750774,-81.824400,-266.000000,12.324936,1.868366
70.270774,-81.824400,-266.000000,12.489335,1.880076
70.790774,-81.824400,-266.000000,12.339175,1.867012
71.310774,-81.824400,-266.000000,12.253891,1.887684
71.830774,-81.824400,-266.000000,12.454402,1.873937
72.350774,-81.824400,-266.000000,12.180159,1.876746
72.870774,-81.824400,-266.000000,12.335013,1.882225
73.390774,-81.824400,-266.000000,12.420524,1.877020
73.910774,-81.824400,-266.000000,12.465770,1.889542
74.430774,-81.824400,-266.000000,12.386549,1.873584
74.950774,-81.824400,-266.000000,12.258468,1.842349
75.470774,-81.824400,-266.000000,12.351936,1.866907
75.990774,-81.824400,-266.000000,12.418468,1.900325
75.990774,-81.304400,-266.000000,12.421658,1.898318
13.070774,-82.344400,-265.000000,12.600237,1.794096
13.590774,-82.344400,-265.000000,12.395737,1.793975
14.110774,-82.344400,-265.000000,12.388188,1.824772
14.630774,-82.344400,-265.000000,12.447032,1.827312
15.150774,-82.344400,-265.000000,12.462836,1.835224
15.670774,-82.344400,-265.000000,12.285270,1.830847
16.190774,-82.344400,-265.000000,12.470534,1.861109
16.710774,-82.344400,-265.000000,12.324528,1.875303
17.230774,-82.344400,-265.000000,12.433131,1.849985
17.750774,-82.344400,-265.000000,12.277846,1.853095
18.270774,-82.344400,-265.000000,12.454227,1.826242
18.790774,-82.344400,-265.000000,12.358218,1.850509
19.310774,-82.344400,-265.000000,12.410704,1.849215
19.830774,-82.344400,-265.000000,12.386008,1.871735
20.350774,-82.344400,-265.000000,12.564475,1.868820
20.870774,-82.344400,-265.000000,12.628198,1.887310
21.390774,-82.344400,-265.000000,12.584536,1.874354
21.910774,-82.344400,-265.000000,12.415828,1.868759
22.430774,-82.344400,-265.000000,12.503386,1.883988
22.950774,-82.344400,-265.000000,12.200583,1.858549
23.470774,-82.344400,-265.000000,12.576072,1.874480
23.990774,-82.344400,-265.000000,12.320076,1.861381
24.510774,-82.344400,-265.000000,12.562289,1.870571
25.030774,-82.344400,-265.000000,12.499868,1.907945
25.550774,-82.344400,-265.000000,12.301585,1.876068
26.070774,-82.344400,-265.000000,12.413966,1.886997
26.590774,-82.344400,-265.000000,12.229110,1.862930
27.110774,-82.344400,-265.000000,12.410687,1.879042
27.630774,-82.344400,-265.000000,12.263387,1.862403
28.150774,-82.344400,-265.000000,12.452380,1.873695
28.670774,-82.344400,-265.000000,12.595516,1.895524
29.190774,-82.344400,-265.000000,12.309205,1.866459
29.710774,-82.344400,-265.000000,12.113456,1.861916
30.230774,-82.344400,-265.000000,12.283210,1.876317
30.750774,-82.344400,-265.000000,12.527350,1.888527
31.270774,-82.344400,-265.000000,12.415667,1.881892
31.790774,-82.344400,-265.000000,12.131092,1.861673
32.310774,-82.344400,-265.000000,12.132045,1.835332
32.830774,-82.344400,-265.000000,12.575370,1.886501
33.350774,-82.344400,-265.000000,12.205491,1.874059
33.870774,-82.344400,-265.000000,12.216170,1.866559
34.390774,-82.344400,-265.000000,12.410857,1.886447
34.910774,-82.344400,-265.000000,12.544486,1.878034
35.430774,-82.344400,-265.000000,12.321384,1.876106
35.950774,-82.344400,-265.000000,12.296801,1.881558
36.470774,-82.344400,-265.000000,12.298267,1.883172
36.990774,-82.344400,-265.000000,12.357591,1.901402
37.510774,-82.344400,-265.000000,12.368279,1.877884
38.030774,-82.344400,-265.000000,12.324761,1.916774
38.550774,-82.344400,-265.000000,12.423393,1.872155
39.070774,-82.344400,-265.000000,12.374609,1.898869
39.590774,-82.344400,-265.000000,12.292668,1.894242
40.110774,-82.344400,-265.000000,12.396697,1.916786
40.630774,-82.344400,-265.000000,12.476094,1.873078
41.150774,-82.344400,-265.000000,12.360713,1.886687
41.670774,-82.344400,-265.000000,12.238609,1.891553
42.190774,-82.344400,-265.000000,12.295707,1.876119
42.710774,-82.344400,-265.000000,12.493831,1.901062
43.230774,-82.344400,-265.000000,12.692447,1.897492
43.750774,-82.344400,-265.000000,12.261677,1.859478
44.270774,-82.344400,-265.000000,12.291373,1.875583
44.790774,-82.344400,-265.000000,12.231415,1.877061
45.310774,-82.344400,-265.000000,12.380886,1.882705
45.830774,-82.344400,-265.000000,12.741187,1.888031
46.350774,-82.344400,-265.000000,12.287069,1.884169
46.870774,-82.344400,-265.000000,12.394150,1.882093
47.390774,-82.344400,-265.000000,12.426052,1.878549
47.910774,-82.344400,-265.000000,12.362730,1.887604
48.430774,-82.344400,-265.000000,12.266593,1.861220
48.950774,-82.344400,-265.000000,12.317239,1.876441
49.470774,-82.344400,-265.000000,12.470954,1.881562
49.990774,-82.344400,-265.000000,12.196602,1.869804
50.510774,-82.344400,-265.000000,12.369746,1.876291
51.030774,-82.344400,-265.000000,12.389693,1.876750
51.550774,-82.344400,-265.000000,12.425061,1.894159
52.070774,-82.344400,-265.000000,12.318667,1.871940
52.590774,-82.344400,-265.000000,12.396418,1.889371
53.110774,-82.344400,-265.000000,12.551974,1.888712
53.630774,-82.344400,-265.000000,12.372273,1.896907
54.150774,-82.344400,-265.000000,12.408232,1.896392
54.670774,-82.344400,-265.000000,12.331310,1.886574
55.190774,-82.344400,-265.000000,12.599643,1.890921
55.710774,-82.344400,-265.000000,12.246057,1.878785
56.230774,-82.344400,-265.000000,12.490578,1.878797
56.750774,-82.344400,-265.000000,12.356219,1.876531
57.270774,-82.344400,-265.000000,12.380389,1.874995
57.790774,-82.344400,-265.000000,12.397282,1.874983
58.310774,-82.344400,-265.000000,12.310434,1.884362
58.830774,-82.344400,-265.000000,12.301289,1.870175
59.350774,-82.344400,-265.000000,12.538467,1.886290
59.870774,-82.344400,-265.000000,12.656083,1.911463
60.390774,-82.344400,-265.000000,12.380118,1.885418
60.910774,-82.344400,-265.000000,12.450438,1.893424
61.430774,-82.344400,-265.000000,12.189172,1.894880
61.950774,-82.344400,-265.000000,12.293258,1.855466
62.470774,-82.344400,-265.000000,12.371674,1.887161
62.990774,-82.344400,-265.000000,12.391899,1.866885
63.510774,-82.344400,-265.000000,12.372066,1.869654
64.030774,-82.344400,-265.000000,12.185398,1.883150
64.550774,-82.344400,-265.000000,12.400978,1.879242
65.070774,-82.344400,-265.000000,12.557695,1.880053
65.590774,-82.344400,-265.000000,12.546477,1.886526
66.110774,-82.344400,-265.000000,12.638026,1.901059
66.630774,-82.344400,-265.000000,12.395860,1.884621
67.150774,-82.344400,-265.000000,12.623305,1.896690
67.670774,-82.344400,-265.000000,12.445079,1.875568
68.190774,-82.344400,-265.000000,12.394113,1.889049
68.710774,-82.344400,-265.000000,12.478051,1.876474
69.230774,-82.344400,-265.000000,12.336813,1.902823
69.750774,-82.344400,-265.000000,12.356467,1.871774
70.270774,-82.344400,-265.000000,12.352080,1.877899
70.790774,-82.344400,-265.000000,12.367579,1.881793
71.310774,-82.344400,-265.000000,12.605774,1.883037
71.830774,-82.344400,-265.000000,12.169028,1.856038
72.350774,-82.344400,-265.000000,12.404613,1.873460
72.870774,-82.344400,-265.000000,12.376626,1.858233
73.390774,-82.344400,-265.000000,12.298941,1.874160
73.910774,-82.344400,-265.000000,12.473660,1.886762
74.430774,-82.344400,-265.000000,12.673814,1.898382
74.950774,-82.344400,-265.000000,12.421206,1.864647
75.470774,-82.344400,-265.000000,12.598744,1.883283
75.990774,-82.344400,-265.000000,12.296700,1.869207
13.070774,-81.824400,-265.000000,12.544933,1.794708
13.590774,-81.824400,-265.000000,12.427291,1.794317
14.110774,-81.824400,-265.000000,12.367700,1.827872
14.630774,-81.824400,-265.000000,12.521385,1.836577
15.150774,-81.824400,-265.000000,12.447013,1.831993
15.670774,-81.824400,-265.000000,12.257565,1.830413
16.190774,-81.824400,-265.000000,12.391151,1.854760
16.710774,-81.824400,-265.000000,12.358378,1.878115
17.230774,-81.824400,-265.000000,12.421794,1.855315
17.750774,-81.824400,-265.000000,12.324866,1.856224
18.270774,-81.824400,-265.000000,12.418311,1.829759
18.790774,-81.824400,-265.000000,12.388172,1.853242
19.310774,-81.824400,-265.000000,12.424887,1.856468
19.830774,-81.824400,-265.000000,12.378364,1.864879
20.350774,-81.824400,-265.000000,12.520836,1.865629
20.870774,-81.824400,-265.000000,12.625350,1.887227
21.390774,-81.824400,-265.000000,12.621425,1.887910
21.910774,-81.824400,-265.000000,12.405073,1.872222
22.430774,-81.824400,-265.000000,12.543021,1.883085
22.950774,-81.824400,-265.000000,12.266838,1.850710
23.470774,-81.824400,-265.000000,12.513990,1.874319
23.990774,-81.824400,-265.000000,12.447964,1.872550
24.510774,-81.824400,-265.000000,12.435404,1.867019
25.030774,-81.824400,-265.000000,12.499278,1.899177
25.550774,-81.824400,-265.000000,12.324511,1.881525
26.070774,-81.824400,-265.000000,12.403780,1.889154
26.590774,-81.824400,-265.000000,12.306930,1.869034
27.110774,-81.824400,-265.000000,12.290463,1.869921
27.630774,-81.824400,-265.000000,12.247242,1.862085
28.150774,-81.824400,-265.000000,12.500669,1.881685
28.670774,-81.824400,-265.000000,12.526351,1.885783
29.190774,-81.824400,-265.000000,12.282190,1.865907
29.710774,-81.824400,-265.000000,12.118454,1.861682
30.230774,-81.824400,-265.000000,12.278335,1.880803
30.750774,-81.824400,-265.000000,12.492586,1.885768
31.270774,-81.824400,-265.000000,12.448621,1.892089
31.790774,-81.824400,-265.000000,12.098258,1.862740
32.310774,-81.824400,-265.000000,12.187804,1.840921
32.830774,-81.824400,-265.000000,12.551959,1.891735
33.350774,-81.824400,-265.000000,12.244708,1.874728
33.870774,-81.824400,-265.000000,12.224405,1.871752
34.390774,-81.824400,-265.000000,12.346679,1.883879
34.910774,-81.824400,-265.000000,12.504704,1.877401
35.430774,-81.824400,-265.000000,12.366921,1.880403
35.950774,-81.824400,-265.000000,12.244154,1.876228
36.470774,-81.824400,-265.000000,12.344531,1.886135
36.990774,-81.824400,-265.000000,12.433900,1.904557
37.510774,-81.824400,-265.000000,12.284188,1.870995
38.030774,-81.824400,-265.000000,12.278965,1.920350
38.550774,-81.824400,-265.000000,12.352548,1.870512
39.070774,-81.824400,-265.000000,12.425364,1.905114
39.590774,-81.824400,-265.000000,12.219127,1.881572
40.110774,-81.824400,-265.000000,12.339396,1.917496
40.630774,-81.824400,-265.000000,12.489973,1.879109
41.150774,-81.824400,-265.000000,12.298922,1.880800
41.670774,-81.824400,-265.000000,12.297659,1.895663
42.190774,-81.824400,-265.000000,12.292660,1.879170
42.710774,-81.824400,-265.000000,12.512218,1.899453
43.230774,-81.824400,-265.000000,12.719942,1.908057
43.750774,-81.824400,-265.000000,12.248970,1.856452
44.270774,-81.824400,-265.000000,12.277725,1.878945
44.790774,-81.824400,-265.000000,12.217572,1.883886
45.310774,-81.824400,-265.000000,12.395658,1.883244
45.830774,-81.824400,-265.000000,12.737777,1.887251
46.350774,-81.824400,-265.000000,12.278375,1.882365
46.870774,-81.824400,-265.000000,12.408648,1.887626
47.390774,-81.824400,-265.000000,12.412520,1.876513
47.910774,-81.824400,-265.000000,12.375744,1.894656
48.430774,-81.824400,-265.000000,12.317029,1.863648
48.950774,-81.824400,-265.000000,12.242547,1.872092
49.470774,-81.824400,-265.000000,12.478148,1.886880
49.990774,-81.824400,-265.000000,12.189454,1.869288
50.510774,-81.824400,-265.000000,12.355691,1.874798
51.030774,-81.824400,-265.000000,12.337183,1.876624
51.550774,-81.824400,-265.000000,12.490205,1.899757
52.070774,-81.824400,-265.000000,12.292712,1.876852
52.590774,-81.824400,-265.000000,12.392861,1.893932
53.110774,-81.824400,-265.000000,12.548469,1.896137
53.630774,-81.824400,-265.000000,12.392406,1.902671
54.150774,-81.824400,-265.000000,12.354583,1.896307
54.670774,-81.824400,-265.000000,12.312995,1.893309
55.190774,-81.824400,-265.000000,12.496993,1.885160
55.710774,-81.824400,-265.000000,12.382144,1.889611
56.230774,-81.824400,-265.000000,12.400561,1.879186
56.750774,-81.824400,-265.000000,12.384219,1.880328
57.270774,-81.824400,-265.000000,12.393580,1.878952
57.790774,-81.824400,-265.000000,12.453697,1.884488
58.310774,-81.824400,-265.000000,12.200552,1.884745
58.830774,-81.824400,-265.000000,12.314944,1.870233
59.350774,-81.824400,-265.000000,12.568753,1.889135
59.870774,-81.824400,-265.000000,12.656283,1.907423
60.390774,-81.824400,-265.000000,12.281194,1.879959
60.910774,-81.824400,-265.000000,12.429854,1.904411
61.430774,-81.824400,-265.000000,12.198436,1.902442
61.950774,-81.824400,-265.000000,12.250722,1.850621
62.470774,-81.824400,-265.000000,12.382974,1.891300
62.990774,-81.824400,-265.000000,12.398136,1.870722
63.510774,-81.824400,-265.000000,12.329867,1.869874
64.030774,-81.824400,-265.000000,12.151792,1.878259
64.550774,-81.824400,-265.000000,12.320735,1.884015
65.070774,-81.824400,-265.000000,12.620330,1.885878
65.590774,-81.824400,-265.000000,12.415135,1.884701
66.110774,-81.824400,-265.000000,12.643950,1.899451
66.630774,-81.824400,-265.000000,12.363887,1.890705
67.150774,-81.824400,-265.000000,12.667193,1.895744
67.670774,-81.824400,-265.000000,12.425044,1.877015
68.190774,-81.824400,-265.000000,12.332882,1.888200
68.710774,-81.824400,-265.000000,12.480439,1.881880
69.230774,-81.824400,-265.000000,12.350444,1.903038
69.750774,-81.824400,-265.000000,12.406384,1.880039
70.270774,-81.824400,-265.000000,12.297191,1.881640
70.790774,-81.824400,-265.000000,12.381332,1.883029
71.310774,-81.824400,-265.000000,12.497355,1.879494
71.830774,-81.824400,-265.000000,12.221894,1.864370
72.350774,-81.824400,-265.000000,12.376801,1.876026
72.870774,-81.824400,-265.000000,12.421844,1.855858
73.390774,-81.824400,-265.000000,12.282660,1.879653
73.910774,-81.824400,-265.000000,12.411138,1.884335
74.430774,-81.824400,-265.000000,12.620449,1.896225
74.950774,-81.824400,-265.000000,12.466380,1.877818
75.470774,-81.824400,-265.000000,12.578385,1.883081
75.990774,-81.824400,-265.000000,12.297129,1.869346
13.070774,-82.344400,-264.000000,12.619149,1.785945
13.590774,-82.344400,-264.000000,12.470997,1.817081
14.110774,-82.344400,-264.000000,12.394046,1.814276
14.630774,-82.344400,-264.000000,12.512257,1.829300
15.150774,-82.344400,-264.000000,12.346080,1.815165
15.670774,-82.344400,-264.000000,12.485224,1.832576
16.190774,-82.344400,-264.000000,12.496144,1.839388
16.710774,-82.344400,-264.000000,12.273919,1.828912
17.230774,-82.344400,-264.000000,12.404253,1.841919
17.750774,-82.344400,-264.000000,12.321809,1.845491
18.270774,-82.344400,-264.000000,12.420345,1.849822
18.790774,-82.344400,-264.000000,12.441335,1.839527
19.310774,-82.344400,-264.000000,12.234181,1.858877
19.830774,-82.344400,-264.000000,12.444674,1.878454
20.350774,-82.344400,-264.000000,12.379750,1.864830
20.870774,-82.344400,-264.000000,12.056746,1.853562
21.390774,-82.344400,-264.000000,12.244655,1.832753
21.910774,-82.344400,-264.000000,12.326515,1.857413
22.430774,-82.344400,-264.000000,12.590537,1.895562
22.950774,-82.344400,-264.000000,12.243721,1.866670
23.470774,-82.344400,-264.000000,12.382389,1.876284
23.990774,-82.344400,-264.000000,12.292640,1.863752
24.510774,-82.344400,-264.000000,12.191734,1.880921
25.030774,-82.344400,-264.000000,12.364249,1.869096
25.550774,-82.344400,-264.000000,12.528336,1.890061
26.070774,-82.344400,-264.000000,12.823140,1.893091
26.590774,-82.344400,-264.000000,12.062208,1.874736
27.110774,-82.344400,-264.000000,12.156086,1.842621
27.630774,-82.344400,-264.000000,12.321113,1.882015
28.150774,-82.344400,-264.000000,12.212208,1.866604
28.670774,-82.344400,-264.000000,12.325768,1.863750
29.190774,-82.344400,-264.000000,12.403871,1.869456
29.710774,-82.344400,-264.000000,12.358221,1.882072
30.230774,-82.344400,-264.000000,12.435027,1.882308
30.750774,-82.344400,-264.000000,12.095921,1.874959
31.270774,-82.344400,-264.000000,12.231658,1.882426
31.790774,-82.344400,-264.000000,12.062858,1.890671
32.310774,-82.344400,-264.000000,12.400043,1.896997
32.830774,-82.344400,-264.000000,12.344245,1.876632
33.350774,-82.344400,-264.000000,12.445557,1.894085
33.870774,-82.344400,-264.000000,12.108144,1.859796
34.390774,-82.344400,-264.000000,12.203708,1.869679
34.910774,-82.344400,-264.000000,12.332091,1.882397
35.430774,-82.344400,-264.000000,12.399512,1.900459
35.950774,-82.344400,-264.000000,12.552130,1.894176
36.470774,-82.344400,-264.000000,12.529800,1.918699
36.990774,-82.344400,-264.000000,12.444663,1.897527
37.510774,-82.344400,-264.000000,12.437782,1.879346
38.030774,-82.344400,-264.000000,12.237853,1.879051
38.550774,-82.344400,-264.000000,12.331328,1.881305
39.070774,-82.344400,-264.000000,12.384541,1.880271
39.590774,-82.344400,-264.000000,12.436136,1.889219
40.110774,-82.344400,-264.000000,12.280589,1.884671
40.630774,-82.344400,-264.000000,12.498791,1.901220
41.150774,-82.344400,-264.000000,12.332812,1.891703
41.670774,-82.344400,-264.000000,12.284531,1.889077
42.190774,-82.344400,-264.000000,12.337787,1.876291
42.710774,-82.344400,-264.000000,12.517472,1.897352
43.230774,-82.344400,-264.000000,12.350712,1.878947
43.750774,-82.344400,-264.000000,12.113433,1.882280
44.270774,-82.344400,-264.000000,12.569201,1.903079
44.790774,-82.344400,-264.000000,12.322854,1.874888
45.310774,-82.344400,-264.000000,12.329995,1.884508
45.830774,-82.344400,-264.000000,12.462844,1.858894
46.350774,-82.344400,-264.000000,12.038711,1.853194
46.870774,-82.344400,-264.000000,12.376183,1.887626
47.390774,-82.344400,-264.000000,12.331042,1.872923
47.910774,-82.344400,-264.000000,12.326451,1.888042
48.430774,-82.344400,-264.000000,12.210498,1.869641
48.950774,-82.344400,-264.000000,12.401851,1.880667
49.470774,-82.344400,-264.000000,12.499483,1.902281
49.990774,-82.344400,-264.000000,12.254990,1.876577
50.510774,-82.344400,-264.000000,12.335707,1.867526
51.030774,-82.344400,-264.000000,12.424636,1.874150
51.550774,-82.344400,-264.000000,12.325972,1.892854
52.070774,-82.344400,-264.000000,12.204097,1.890826
52.590774,-82.344400,-264.000000,12.405894,1.879961
53.110774,-82.344400,-264.000000,12.602968,1.884684
53.630774,-82.344400,-264.000000,12.473351,1.879117
54.150774,-82.344400,-264.000000,12.365180,1.900605
54.670774,-82.344400,-264.000000,12.326568,1.886385
55.190774,-82.344400,-264.000000,12.237140,1.872089
55.710774,-82.344400,-264.000000,12.431908,1.851930
56.230774,-82.344400,-264.000000,12.280482,1.851470
56.750774,-82.344400,-264.000000,12.472374,1.885310
57.270774,-82.344400,-264.000000,12.192460,1.896069
57.790774,-82.344400,-264.000000,12.300326,1.892466
58.310774,-82.344400,-264.000000,12.400607,1.877530
58.830774,-82.344400,-264.000000,12.387938,1.876729
59.350774,-82.344400,-264.000000,12.431503,1.887875
59.870774,-82.344400,-264.000000,12.384843,1.902436
60.390774,-82.344400,-264.000000,12.412449,1.882524
60.910774,-82.344400,-264.000000,12.614148,1.903556
61.430774,-82.344400,-264.000000,12.384469,1.867806
61.950774,-82.344400,-264.000000,12.522452,1.888898
62.470774,-82.344400,-264.000000,12.442140,1.888838
62.990774,-82.344400,-264.000000,12.347702,1.886289
63.510774,-82.344400,-264.000000,12.451480,1.876003
64.030774,-82.344400,-264.000000,12.443140,1.876291
64.550774,-82.344400,-264.000000,12.513364,1.871897
65.070774,-82.344400,-264.000000,12.444270,1.890852
65.590774,-82.344400,-264.000000,12.394309,1.889760
66.110774,-82.344400,-264.000000,12.630542,1.875275
66.630774,-82.344400,-264.000000,12.248293,1.883907
67.150774,-82.344400,-264.000000,12.330425,1.877184
67.670774,-82.344400,-264.000000,12.452521,1.875335
68.190774,-82.344400,-264.000000,12.644547,1.881175
68.710774,-82.344400,-264.000000,12.334506,1.872940
69.230774,-82.344400,-264.000000,12.401785,1.875677
69.750774,-82.344400,-264.000000,12.331811,1.863136
70.270774,-82.344400,-264.000000,12.279554,1.874266
70.790774,-82.344400,-264.000000,12.604233,1.860417
71.310774,-82.344400,-264.000000,12.399055,1.888151
71.830774,-82.344400,-264.000000,12.651019,1.872745
72.350774,-82.344400,-264.000000,12.455100,1.884035
72.870774,-82.344400,-264.000000,12.445991,1.887423
73.390774,-82.344400,-264.000000,12.427196,1.856790
73.910774,-82.344400,-264.000000,12.176386,1.856545
74.430774,-82.344400,-264.000000,12.528834,1.879581
74.950774,-82.344400,-264.000000,12.224345,1.890529
75.470774,-82.344400,-264.000000,12.245780,1.876365
75.990774,-82.344400,-264.000000,12.469249,1.873203
13.070774,-81.824400,-264.000000,12.575679,1.787910
13.590774,-81.824400,-264.000000,12.477593,1.818341
14.110774,-81.824400,-264.000000,12.352718,1.815918
14.630774,-81.824400,-264.000000,12.584736,1.835373
15.150774,-81.824400,-264.000000,12.258993,1.816827
15.670774,-81.824400,-264.000000,12.511959,1.840364
16.190774,-81.824400,-264.000000,12.518748,1.841993
16.710774,-81.824400,-264.000000,12.195174,1.823176
17.230774,-81.824400,-264.000000,12.378311,1.850628
17.750774,-81.824400,-264.000000,12.296738,1.844007
18.270774,-81.824400,-264.000000,12.444605,1.860200
18.790774,-81.824400,-264.000000,12.374978,1.839685
19.310774,-81.824400,-264.000000,12.268698,1.859621
19.830774,-81.824400,-264.000000,12.404433,1.885354
20.350774,-81.824400,-264.000000,12.363018,1.864720
20.870774,-81.824400,-264.000000,11.924788,1.848059
21.390774,-81.824400,-264.000000,12.274310,1.833659
21.910774,-81.824400,-264.000000,12.353122,1.862310
22.430774,-81.824400,-264.000000,12.634629,1.899536
22.950774,-81.824400,-264.000000,12.113232,1.864159
23.470774,-81.824400,-264.000000,12.365489,1.879185
23.990774,-81.824400,-264.000000,12.214225,1.863357
24.510774,-81.824400,-264.000000,12.184155,1.873584
25.030774,-81.824400,-264.000000,12.384830,1.873910
25.550774,-81.824400,-264.000000,12.524978,1.893504
26.070774,-81.824400,-264.000000,12.812045,1.894834
26.590774,-81.824400,-264.000000,12.017631,1.878624
27.110774,-81.824400,-264.000000,12.225399,1.843435
27.630774,-81.824400,-264.000000,12.301748,1.887297
28.150774,-81.824400,-264.000000,12.218077,1.863622
28.670774,-81.824400,-264.000000,12.290585,1.858244
29.190774,-81.824400,-264.000000,12.367351,1.872957
29.710774,-81.824400,-264.000000,12.251849,1.877529
30.230774,-81.824400,-264.000000,12.507133,1.886826
30.750774,-81.824400,-264.000000,12.155593,1.890198
31.270774,-81.824400,-264.000000,12.180594,1.873058
31.790774,-81.824400,-264.000000,12.056153,1.890695
32.310774,-81.824400,-264.000000,12.260030,1.888753
32.830774,-81.824400,-264.000000,12.331658,1.876155
33.350774,-81.824400,-264.000000,12.436021,1.890419
33.870774,-81.824400,-264.000000,12.106335,1.869104
34.390774,-81.824400,-264.000000,12.160684,1.868029
34.910774,-81.824400,-264.000000,12.342587,1.881189
35.430774,-81.824400,-264.000000,12.325713,1.896657
35.950774,-81.824400,-264.000000,12.525463,1.893374
36.470774,-81.824400,-264.000000,12.437423,1.915856
36.990774,-81.824400,-264.000000,12.458403,1.902816
37.510774,-81.824400,-264.000000,12.404597,1.883829
38.030774,-81.824400,-264.000000,12.304152,1.878471
38.550774,-81.824400,-264.000000,12.279716,1.889743
39.070774,-81.824400,-264.000000,12.431880,1.884342
39.590774,-81.824400,-264.000000,12.412181,1.890031
40.110774,-81.824400,-264.000000,12.378418,1.888975
40.630774,-81.824400,-264.000000,12.426564,1.903179
41.150774,-81.824400,-264.000000,12.295196,1.893934
41.670774,-81.824400,-264.000000,12.264020,1.884117
42.190774,-81.824400,-264.000000,12.351661,1.877680
42.710774,-81.824400,-264.000000,12.454787,1.898558
43.230774,-81.824400,-264.000000,12.272035,1.871422
43.750774,-81.824400,-264.000000,12.099619,1.878116
44.270774,-81.824400,-264.000000,12.578446,1.906503
44.790774,-81.824400,-264.000000,12.281090,1.875305
45.310774,-81.824400,-264.000000,12.330099,1.882231
45.830774,-81.824400,-264.000000,12.433065,1.860435
46.350774,-81.824400,-264.000000,12.036144,1.861672
46.870774,-81.824400,-264.000000,12.343108,1.892060
47.390774,-81.824400,-264.000000,12.383307,1.877992
47.910774,-81.824400,-264.000000,12.347404,1.884861
48.430774,-81.824400,-264.000000,12.208266,1.869427
48.950774,-81.824400,-264.000000,12.393591,1.875918
49.470774,-81.824400,-264.000000,12.498610,1.914788
49.990774,-81.824400,-264.000000,12.225983,1.875555
50.510774,-81.824400,-264.000000,12.316826,1.867256
51.030774,-81.824400,-264.000000,12.451320,1.877495
51.550774,-81.824400,-264.000000,12.339388,1.898398
52.070774,-81.824400,-264.000000,12.155667,1.884367
52.590774,-81.824400,-264.000000,12.420374,1.882444
53.110774,-81.824400,-264.000000,12.510203,1.884461
53.630774,-81.824400,-264.000000,12.531142,1.885112
54.150774,-81.824400,-264.000000,12.388711,1.900193
54.670774,-81.824400,-264.000000,12.325094,1.885995
55.190774,-81.824400,-264.000000,12.210325,1.867852
55.710774,-81.824400,-264.000000,12.370923,1.851416
56.230774,-81.824400,-264.000000,12.278497,1.862632
56.750774,-81.824400,-264.000000,12.474519,1.883262
57.270774,-81.824400,-264.000000,12.160205,1.893181
57.790774,-81.824400,-264.000000,12.201990,1.896473
58.310774,-81.824400,-264.000000,12.498342,1.878655
58.830774,-81.824400,-264.000000,12.375281,1.875175
59.350774,-81.824400,-264.000000,12.396887,1.895638
59.870774,-81.824400,-264.000000,12.365005,1.896731
60.390774,-81.824400,-264.000000,12.374606,1.884216
60.910774,-81.824400,-264.000000,12.641824,1.905061
61.430774,-81.824400,-264.000000,12.330394,1.869350
61.950774,-81.824400,-264.000000,12.497982,1.892681
62.470774,-81.824400,-264.000000,12.538105,1.887370
62.990774,-81.824400,-264.000000,12.313266,1.885438
63.510774,-81.824400,-264.000000,12.436253,1.882418
64.030774,-81.824400,-264.000000,12.438586,1.880935
64.550774,-81.824400,-264.000000,12.440456,1.874174
65.070774,-81.824400,-264.000000,12.425736,1.884492
65.590774,-81.824400,-264.000000,12.461024,1.898199
66.110774,-81.824400,-264.000000,12.580859,1.870899
66.630774,-81.824400,-264.000000,12.273398,1.885712
67.150774,-81.824400,-264.000000,12.308427,1.874638
67.670774,-81.824400,-264.000000,12.436393,1.885770
68.190774,-81.824400,-264.000000,12.590063,1.879699
68.710774,-81.824400,-264.000000,12.290148,1.868298
69.230774,-81.824400,-264.000000,12.368446,1.877555
69.750774,-81.824400,-264.000000,12.233123,1.857986
70.270774,-81.824400,-264.000000,12.278875,1.877302
70.790774,-81.824400,-264.000000,12.540980,1.869864
71.310774,-81.824400,-264.000000,12.443002,1.884757
71.830774,-81.824400,-264.000000,12.600598,1.873280
72.350774,-81.824400,-264.000000,12.437736,1.888206
72.870774,-81.824400,-264.000000,12.476674,1.895930
73.390774,-81.824400,-264.000000,12.397514,1.861938
73.910774,-81.824400,-264.000000,12.214735,1.853298
74.430774,-81.824400,-264.000000,12.503943,1.885062
74.950774,-81.824400,-264.000000,12.270176,1.881330
75.470774,-81.824400,-264.000000,12.215592,1.875867
75.990774,-81.824400,-264.000000,12.401581,1.872510
75.990774,-81.304400,-264.000000,12.378912,1.872956
13.070774,-82.344400,-263.000000,12.457640,1.754622
13.590774,-82.344400,-263.000000,12.330794,1.805424
14.110774,-82.344400,-263.000000,12.457683,1.807730
14.630774,-82.344400,-263.000000,12.185691,1.807532
15.150774,-82.344400,-263.000000,12.352627,1.829876
15.670774,-82.344400,-263.000000,12.396138,1.829391
16.190774,-82.344400,-263.000000,12.537772,1.830715
16.710774,-82.344400,-263.000000,12.334353,1.844133
17.230774,-82.344400,-263.000000,12.386939,1.859779
17.750774,-82.344400,-263.000000,12.455711,1.843886
18.270774,-82.344400,-263.000000,12.452093,1.876045
18.790774,-82.344400,-263.000000,12.545815,1.874103
19.310774,-82.344400,-263.000000,12.546989,1.862030
19.830774,-82.344400,-263.000000,12.591823,1.864348
20.350774,-82.344400,-263.000000,12.385102,1.859282
20.870774,-82.344400,-263.000000,12.651960,1.893195
21.390774,-82.344400,-263.000000,12.371527,1.870642
21.910774,-82.344400,-263.000000,12.242155,1.846187
22.430774,-82.344400,-263.000000,12.505881,1.865520
22.950774,-82.344400,-263.000000,12.371997,1.854936
23.470774,-82.344400,-263.000000,12.296503,1.892287
23.990774,-82.344400,-263.000000,12.311132,1.867760
24.510774,-82.344400,-263.000000,12.190007,1.868668
25.030774,-82.344400,-263.000000,12.434539,1.873954
25.550774,-82.344400,-263.000000,12.279376,1.857404
26.070774,-82.344400,-263.000000,12.410807,1.866725
26.590774,-82.344400,-263.000000,12.155123,1.871095
27.110774,-82.344400,-263.000000,12.361211,1.873882
27.630774,-82.344400,-263.000000,12.551027,1.891317
28.150774,-82.344400,-263.000000,12.379622,1.901666
28.670774,-82.344400,-263.000000,12.346692,1.885355
29.190774,-82.344400,-263.000000,12.583030,1.900179
29.710774,-82.344400,-263.000000,12.577301,1.882807
30.230774,-82.344400,-263.000000,12.285663,1.859836
30.750774,-82.344400,-263.000000,12.301666,1.863721
31.270774,-82.344400,-263.000000,12.376078,1.876530
31.790774,-82.344400,-263.000000,12.469727,1.875850
32.310774,-82.344400,-263.000000,12.167259,1.869555
32.830774,-82.344400,-263.000000,12.564933,1.886159
33.350774,-82.344400,-263.000000,12.617142,1.887735
33.870774,-82.344400,-263.000000,12.564599,1.886152
34.390774,-82.344400,-263.000000,12.522555,1.884870
34.910774,-82.344400,-263.000000,12.169859,1.870489
35.430774,-82.344400,-263.000000,12.203523,1.864965
35.950774,-82.344400,-263.000000,12.250913,1.863881
36.470774,-82.344400,-263.000000,12.291965,1.897274
36.990774,-82.344400,-263.000000,12.576304,1.911488
37.510774,-82.344400,-263.000000,12.284736,1.874296
38.030774,-82.344400,-263.000000,12.244012,1.865983
38.550774,-82.344400,-263.000000,12.065508,1.870362
39.070774,-82.344400,-263.000000,12.258166,1.865758
39.590774,-82.344400,-263.000000,12.367953,1.895446
40.110774,-82.344400,-263.000000,12.285327,1.890339
40.630774,-82.344400,-263.000000,12.290107,1.890045
41.150774,-82.344400,-263.000000,12.616312,1.895507
41.670774,-82.344400,-263.000000,12.416512,1.869046
42.190774,-82.344400,-263.000000,12.399628,1.887209
42.710774,-82.344400,-263.000000,12.310081,1.877369
43.230774,-82.344400,-263.000000,12.532464,1.872845
43.750774,-82.344400,-263.000000,12.341651,1.877516
44.270774,-82.344400,-263.000000,12.212901,1.874613
44.790774,-82.344400,-263.000000,12.298755,1.886896
45.310774,-82.344400,-263.000000,12.143691,1.881549
45.830774,-82.344400,-263.000000,12.435477,1.899072
46.350774,-82.344400,-263.000000,12.158540,1.865614
46.870774,-82.344400,-263.000000,12.428050,1.905667
47.390774,-82.344400,-263.000000,12.199454,1.856437
47.910774,-82.344400,-263.000000,12.299979,1.886335
48.430774,-82.344400,-263.000000,12.424013,1.879611
48.950774,-82.344400,-263.000000,12.359558,1.881440
49.470774,-82.344400,-263.000000,12.276006,1.882287
49.990774,-82.344400,-263.000000,12.270558,1.881000
50.510774,-82.344400,-263.000000,12.293193,1.876526
51.030774,-82.344400,-263.000000,12.204394,1.877540
51.550774,-82.344400,-263.000000,12.577514,1.898366
52.070774,-82.344400,-263.000000,12.248330,1.869956
52.590774,-82.344400,-263.000000,12.477747,1.887190
53.110774,-82.344400,-263.000000,12.312464,1.887673
53.630774,-82.344400,-263.000000,12.397329,1.886560
54.150774,-82.344400,-263.000000,12.211516,1.884221
54.670774,-82.344400,-263.000000,12.500519,1.908338
55.190774,-82.344400,-263.000000,12.463880,1.896819
55.710774,-82.344400,-263.000000,12.449906,1.879900
56.230774,-82.344400,-263.000000,12.324162,1.886247
56.750774,-82.344400,-263.000000,12.293225,1.904052
57.270774,-82.344400,-263.000000,12.709682,1.919756
57.790774,-82.344400,-263.000000,12.288783,1.860784
58.310774,-82.344400,-263.000000,12.396373,1.900496
58.830774,-82.344400,-263.000000,12.608279,1.902739
59.350774,-82.344400,-263.000000,12.576835,1.859977
59.870774,-82.344400,-263.000000,12.430175,1.886238
60.390774,-82.344400,-263.000000,12.292179,1.876739
60.910774,-82.344400,-263.000000,12.256025,1.882138
61.430774,-82.344400,-263.000000,12.351545,1.898493
61.950774,-82.344400,-263.000000,12.556461,1.906066
62.470774,-82.344400,-263.000000,12.517051,1.867887
62.990774,-82.344400,-263.000000,12.373721,1.883336
63.510774,-82.344400,-263.000000,12.324311,1.868609
64.030774,-82.344400,-263.000000,12.505571,1.884952
64.550774,-82.344400,-263.000000,12.316312,1.888402
65.070774,-82.344400,-263.000000,12.434989,1.870614
65.590774,-82.344400,-263.000000,12.315088,1.895058
66.110774,-82.344400,-263.000000,12.340144,1.863951
66.630774,-82.344400,-263.000000,12.438617,1.893373
67.150774,-82.344400,-263.000000,12.376174,1.885865
67.670774,-82.344400,-263.000000,12.541646,1.885841
68.190774,-82.344400,-263.000000,12.407102,1.863657
68.710774,-82.344400,-263.000000,12.370078,1.881711
69.230774,-82.344400,-263.000000,12.440981,1.888531
69.750774,-82.344400,-263.000000,12.096537,1.858331
70.270774,-82.344400,-263.000000,12.267233,1.876489
70.790774,-82.344400,-263.000000,12.213575,1.863534
71.310774,-82.344400,-263.000000,12.267431,1.888964
71.830774,-82.344400,-263.000000,12.383060,1.895191
72.350774,-82.344400,-263.000000,12.418777,1.892368
72.870774,-82.344400,-263.000000,12.334151,1.897580
73.390774,-82.344400,-263.000000,12.480189,1.857054
73.910774,-82.344400,-263.000000,12.557667,1.876659
74.430774,-82.344400,-263.000000,12.314704,1.876621
74.950774,-82.344400,-263.000000,12.387866,1.872712
75.470774,-82.344400,-263.000000,12.347588,1.855803
75.990774,-82.344400,-263.000000,12.390229,1.858571
13.070774,-81.824400,-263.000000,12.453695,1.760613
13.590774,-81.824400,-263.000000,12.377635,1.811645
14.110774,-81.824400,-263.000000,12.395992,1.807088
14.630774,-81.824400,-263.000000,12.177958,1.807773
15.150774,-81.824400,-263.000000,12.391978,1.825689
15.670774,-81.824400,-263.000000,12.398208,1.832846
16.190774,-81.824400,-263.000000,12.455834,1.831501
16.710774,-81.824400,-263.000000,12.389380,1.850754
17.230774,-81.824400,-263.000000,12.437800,1.858455
17.750774,-81.824400,-263.000000,12.429356,1.847855
18.270774,-81.824400,-263.000000,12.425859,1.870668
18.790774,-81.824400,-263.000000,12.492434,1.874935
19.310774,-81.824400,-263.000000,12.629489,1.873711
19.830774,-81.824400,-263.000000,12.604449,1.868106
20.350774,-81.824400,-263.000000,12.378746,1.862345
20.870774,-81.824400,-263.000000,12.644752,1.891788
21.390774,-81.824400,-263.000000,12.401757,1.877256
21.910774,-81.824400,-263.000000,12.228927,1.848846
22.430774,-81.824400,-263.000000,12.475257,1.870425
22.950774,-81.824400,-263.000000,12.398666,1.855534
23.470774,-81.824400,-263.000000,12.250731,1.887627
23.990774,-81.824400,-263.000000,12.299070,1.870538
24.510774,-81.824400,-263.000000,12.159919,1.871065
25.030774,-81.824400,-263.000000,12.322433,1.866801
25.550774,-81.824400,-263.000000,12.235552,1.856455
26.070774,-81.824400,-263.000000,12.425249,1.873458
26.590774,-81.824400,-263.000000,12.140862,1.874146
27.110774,-81.824400,-263.000000,12.419008,1.882962
27.630774,-81.824400,-263.000000,12.545723,1.894723
28.150774,-81.824400,-263.000000,12.318086,1.895774
28.670774,-81.824400,-263.000000,12.373982,1.896411
29.190774,-81.824400,-263.000000,12.572089,1.899781
29.710774,-81.824400,-263.000000,12.554111,1.887153
30.230774,-81.824400,-263.000000,12.223174,1.865593
30.750774,-81.824400,-263.000000,12.159382,1.864009
31.270774,-81.824400,-263.000000,12.387866,1.880394
31.790774,-81.824400,-263.000000,12.444110,1.871533
32.310774,-81.824400,-263.000000,12.172220,1.874072
32.830774,-81.824400,-263.000000,12.519225,1.886646
33.350774,-81.824400,-263.000000,12.602919,1.886530
33.870774,-81.824400,-263.000000,12.544408,1.890100
34.390774,-81.824400,-263.000000,12.553710,1.886706
34.910774,-81.824400,-263.000000,12.191847,1.873718
35.430774,-81.824400,-263.000000,12.160522,1.867913
35.950774,-81.824400,-263.000000,12.291315,1.869779
36.470774,-81.824400,-263.000000,12.395266,1.904460
36.990774,-81.824400,-263.000000,12.556010,1.912012
37.510774,-81.824400,-263.000000,12.299802,1.878586
38.030774,-81.824400,-263.000000,12.178797,1.859881
38.550774,-81.824400,-263.000000,12.064714,1.870938
39.070774,-81.824400,-263.000000,12.207374,1.859282
39.590774,-81.824400,-263.000000,12.304707,1.892974
40.110774,-81.824400,-263.000000,12.275412,1.896334
40.630774,-81.824400,-263.000000,12.293501,1.890589
41.150774,-81.824400,-263.000000,12.547258,1.899431
41.670774,-81.824400,-263.000000,12.417539,1.868684
42.190774,-81.824400,-263.000000,12.438879,1.892304
42.710774,-81.824400,-263.000000,12.265677,1.874087
43.230774,-81.824400,-263.000000,12.578415,1.873826
43.750774,-81.824400,-263.000000,12.336860,1.888345
44.270774,-81.824400,-263.000000,12.172210,1.875307
44.790774,-81.824400,-263.000000,12.187928,1.887871
45.310774,-81.824400,-263.000000,12.249254,1.892620
45.830774,-81.824400,-263.000000,12.435719,1.898681
46.350774,-81.824400,-263.000000,12.161078,1.867869
46.870774,-81.824400,-263.000000,12.442688,1.908774
47.390774,-81.824400,-263.000000,12.164172,1.857287
47.910774,-81.824400,-263.000000,12.312392,1.891499
48.430774,-81.824400,-263.000000,12.402336,1.884946
48.950774,-81.824400,-263.000000,12.346015,1.880957
49.470774,-81.824400,-263.000000,12.247165,1.871779
49.990774,-81.824400,-263.000000,12.145980,1.889468
50.510774,-81.824400,-263.000000,12.270283,1.876720
51.030774,-81.824400,-263.000000,12.252946,1.886448
51.550774,-81.824400,-263.000000,12.536886,1.894554
52.070774,-81.824400,-263.000000,12.244746,1.874032
52.590774,-81.824400,-263.000000,12.412136,1.887920
53.110774,-81.824400,-263.000000,12.254901,1.886978
53.630774,-81.824400,-263.000000,12.344836,1.885399
54.150774,-81.824400,-263.000000,12.229748,1.889972
54.670774,-81.824400,-263.000000,12.456779,1.909895
55.190774,-81.824400,-263.000000,12.507818,1.895394
55.710774,-81.824400,-263.000000,12.476018,1.881764
56.230774,-81.824400,-263.000000,12.273285,1.881557
56.750774,-81.824400,-263.000000,12.361230,1.905634
57.270774,-81.824400,-263.000000,12.629823,1.918664
57.790774,-81.824400,-263.000000,12.357067,1.869646
58.310774,-81.824400,-263.000000,12.352874,1.899539
58.830774,-81.824400,-263.000000,12.573524,1.906483
59.350774,-81.824400,-263.000000,12.467770,1.860290
59.870774,-81.824400,-263.000000,12.454008,1.882280
60.390774,-81.824400,-263.000000,12.240508,1.878108
60.910774,-81.824400,-263.000000,12.327487,1.888302
61.430774,-81.824400,-263.000000,12.288882,1.898632
61.950774,-81.824400,-263.000000,12.574602,1.903178
62.470774,-81.824400,-263.000000,12.434578,1.865404
62.990774,-81.824400,-263.000000,12.422690,1.885323
63.510774,-81.824400,-263.000000,12.347636,1.882298
64.030774,-81.824400,-263.000000,12.459907,1.881770
64.550774,-81.824400,-263.000000,12.300509,1.895383
65.070774,-81.824400,-263.000000,12.373309,1.875483
65.590774,-81.824400,-263.000000,12.346766,1.892512
66.110774,-81.824400,-263.000000,12.280623,1.868372
66.630774,-81.824400,-263.000000,12.403010,1.898691
67.150774,-81.824400,-263.000000,12.398364,1.883884
67.670774,-81.824400,-263.000000,12.515316,1.890150
68.190774,-81.824400,-263.000000,12.422778,1.867067
68.710774,-81.824400,-263.000000,12.409858,1.883645
69.230774,-81.824400,-263.000000,12.473743,1.900488
69.750774,-81.824400,-263.000000,12.095035,1.856692
70.270774,-81.824400,-263.000000,12.258208,1.875381
70.790774,-81.824400,-263.000000,12.249041,1.865722
71.310774,-81.824400,-263.000000,12.246951,1.889590
71.830774,-81.824400,-263.000000,12.382116,1.894572
72.350774,-81.824400,-263.000000,12.306548,1.892698
72.870774,-81.824400,-263.000000,12.290184,1.891413
73.390774,-81.824400,-263.000000,12.466464,1.861033
73.910774,-81.824400,-263.000000,12.519774,1.878288
74.430774,-81.824400,-263.000000,12.340659,1.882730
74.950774,-81.824400,-263.000000,12.342724,1.871113
75.470774,-81.824400,-263.000000,12.347107,1.863701
75.990774,-81.824400,-263.000000,12.369137,1.856160
75.990774,-81.304400,-263.000000,12.301378,1.853582
13.070774,-82.344400,-262.000000,12.287845,1.776893
13.590774,-82.344400,-262.000000,12.495997,1.810004
14.110774,-82.344400,-262.000000,12.383358,1.843423
14.630774,-82.344400,-262.000000,12.395587,1.844139
15.150774,-82.344400,-262.000000,12.452556,1.830942
15.670774,-82.344400,-262.000000,12.252274,1.824211
16.190774,-82.344400,-262.000000,12.193328,1.831662
16.710774,-82.344400,-262.000000,12.461516,1.844148
17.230774,-82.344400,-262.000000,12.452947,1.846272
17.750774,-82.344400,-262.000000,12.298018,1.847428
18.270774,-82.344400,-262.000000,12.415683,1.881616
18.790774,-82.344400,-262.000000,12.553008,1.885390
19.310774,-82.344400,-262.000000,12.486157,1.863243
19.830774,-82.344400,-262.000000,12.281818,1.840272
20.350774,-82.344400,-262.000000,12.703986,1.867848
20.870774,-82.344400,-262.000000,12.230142,1.860163
21.390774,-82.344400,-262.000000,12.361079,1.874798
21.910774,-82.344400,-262.000000,12.432334,1.855443
22.430774,-82.344400,-262.000000,12.591558,1.862485
22.950774,-82.344400,-262.000000,12.356214,1.865610
23.470774,-82.344400,-262.000000,12.571422,1.887253
23.990774,-82.344400,-262.000000,12.554919,1.856755
24.510774,-82.344400,-262.000000,12.424876,1.875377
25.030774,-82.344400,-262.000000,12.332255,1.863298
25.550774,-82.344400,-262.000000,12.349521,1.872926
26.070774,-82.344400,-262.000000,12.355249,1.870892
26.590774,-82.344400,-262.000000,12.299568,1.862427
27.110774,-82.344400,-262.000000,12.516091,1.874750
27.630774,-82.344400,-262.000000,12.352701,1.887183
28.150774,-82.344400,-262.000000,12.447886,1.886455
28.670774,-82.344400,-262.000000,12.312715,1.882720
29.190774,-82.344400,-262.000000,12.342875,1.887575
29.710774,-82.344400,-262.000000,12.501337,1.876521
30.230774,-82.344400,-262.000000,12.340690,1.873623
30.750774,-82.344400,-262.000000,12.352756,1.847315
31.270774,-82.344400,-262.000000,12.293923,1.867596
31.790774,-82.344400,-262.000000,12.462687,1.876873
32.310774,-82.344400,-262.000000,12.136938,1.875697
32.830774,-82.344400,-262.000000,12.404467,1.876971
33.350774,-82.344400,-262.000000,12.616515,1.901531
33.870774,-82.344400,-262.000000,12.446202,1.892881
34.390774,-82.344400,-262.000000,12.406154,1.882634
34.910774,-82.344400,-262.000000,12.407441,1.879414
35.430774,-82.344400,-262.000000,12.255410,1.883384
35.950774,-82.344400,-262.000000,12.307142,1.887643
36.470774,-82.344400,-262.000000,12.322786,1.895306
36.990774,-82.344400,-262.000000,12.591749,1.890251
37.510774,-82.344400,-262.000000,12.563791,1.903739
38.030774,-82.344400,-262.000000,12.294657,1.886078
38.550774,-82.344400,-262.000000,12.276216,1.872758
39.070774,-82.344400,-262.000000,12.396725,1.897735
39.590774,-82.344400,-262.000000,12.320476,1.886026
40.110774,-82.344400,-262.000000,12.720079,1.894748
40.630774,-82.344400,-262.000000,12.397712,1.885232
41.150774,-82.344400,-262.000000,12.582938,1.887124
41.670774,-82.344400,-262.000000,12.553356,1.898357
42.190774,-82.344400,-262.000000,12.467971,1.890075
42.710774,-82.344400,-262.000000,12.240585,1.896221
43.230774,-82.344400,-262.000000,12.173053,1.877886
43.750774,-82.344400,-262.000000,12.181510,1.886770
44.270774,-82.344400,-262.000000,12.305984,1.874783
44.790774,-82.344400,-262.000000,12.246721,1.877359
45.310774,-82.344400,-262.000000,12.486670,1.897489
45.830774,-82.344400,-262.000000,12.477451,1.902147
46.350774,-82.344400,-262.000000,12.418220,1.887332
46.870774,-82.344400,-262.000000,12.317671,1.912405
47.390774,-82.344400,-262.000000,12.577009,1.903334
47.910774,-82.344400,-262.000000,12.246360,1.891021
48.430774,-82.344400,-262.000000,12.582198,1.881754
48.950774,-82.344400,-262.000000,12.436407,1.888206
49.470774,-82.344400,-262.000000,12.235422,1.893430
49.990774,-82.344400,-262.000000,12.446227,1.879010
50.510774,-82.344400,-262.000000,12.491856,1.890227
51.030774,-82.344400,-262.000000,12.606492,1.896781
51.550774,-82.344400,-262.000000,12.319495,1.861552
52.070774,-82.344400,-262.000000,12.602345,1.900756
52.590774,-82.344400,-262.000000,12.338264,1.882797
53.110774,-82.344400,-262.000000,12.384037,1.902135
53.630774,-82.344400,-262.000000,12.287306,1.896063
54.150774,-82.344400,-262.000000,12.369337,1.878156
54.670774,-82.344400,-262.000000,12.246133,1.868451
55.190774,-82.344400,-262.000000,12.668202,1.895344
55.710774,-82.344400,-262.000000,12.373210,1.892764
56.230774,-82.344400,-262.000000,12.312969,1.880664
56.750774,-82.344400,-262.000000,12.485008,1.886798
57.270774,-82.344400,-262.000000,12.413462,1.884678
57.790774,-82.344400,-262.000000,12.468613,1.917348
58.310774,-82.344400,-262.000000,12.427983,1.890151
58.830774,-82.344400,-262.000000,12.213399,1.879873
59.350774,-82.344400,-262.000000,12.484587,1.881207
59.870774,-82.344400,-262.000000,12.507526,1.891014
60.390774,-82.344400,-262.000000,12.158618,1.892480
60.910774,-82.344400,-262.000000,12.425780,1.872365
61.430774,-82.344400,-262.000000,12.294873,1.882501
61.950774,-82.344400,-262.000000,12.483405,1.881142
62.470774,-82.344400,-262.000000,12.339478,1.885660
62.990774,-82.344400,-262.000000,12.528097,1.873126
63.510774,-82.344400,-262.000000,12.163633,1.843567
64.030774,-82.344400,-262.000000,12.341228,1.885355
64.550774,-82.344400,-262.000000,12.263350,1.882761
65.070774,-82.344400,-262.000000,12.493377,1.871153
65.590774,-82.344400,-262.000000,12.232520,1.860351
66.110774,-82.344400,-262.000000,12.489555,1.878136
66.630774,-82.344400,-262.000000,12.304860,1.853995
67.150774,-82.344400,-262.000000,12.360912,1.889973
67.670774,-82.344400,-262.000000,12.312720,1.860703
68.190774,-82.344400,-262.000000,12.342686,1.864826
68.710774,-82.344400,-262.000000,12.647574,1.879025
69.230774,-82.344400,-262.000000,12.325442,1.877826
69.750774,-82.344400,-262.000000,12.276294,1.887420
70.270774,-82.344400,-262.000000,12.536600,1.855759
70.790774,-82.344400,-262.000000,12.356233,1.890835
71.310774,-82.344400,-262.000000,12.357383,1.859437
71.830774,-82.344400,-262.000000,12.617785,1.892840
72.350774,-82.344400,-262.000000,12.600770,1.892590
72.870774,-82.344400,-262.000000,12.368810,1.878728
73.390774,-82.344400,-262.000000,12.381560,1.870362
73.910774,-82.344400,-262.000000,12.510657,1.877509
74.430774,-82.344400,-262.000000,12.283614,1.878912
74.950774,-82.344400,-262.000000,12.408743,1.859674
75.470774,-82.344400,-262.000000,12.322785,1.877112
75.990774,-82.344400,-262.000000,12.390699,1.859720
13.070774,-81.824400,-262.000000,12.317056,1.784671
13.590774,-81.824400,-262.000000,12.470014,1.805345
14.110774,-81.824400,-262.000000,12.352427,1.845563
14.630774,-81.824400,-262.000000,12.441004,1.847404
15.150774,-81.824400,-262.000000,12.430351,1.833910
15.670774,-81.824400,-262.000000,12.161939,1.827612
16.190774,-81.824400,-262.000000,12.272415,1.837249
16.710774,-81.824400,-262.000000,12.424029,1.843836
17.230774,-81.824400,-262.000000,12.420205,1.847486
17.750774,-81.824400,-262.000000,12.190105,1.841020
18.270774,-81.824400,-262.000000,12.393704,1.883348
18.790774,-81.824400,-262.000000,12.543014,1.889261
19.310774,-81.824400,-262.000000,12.500697,1.865222
19.830774,-81.824400,-262.000000,12.290931,1.835037
20.350774,-81.824400,-262.000000,12.639732,1.869376
20.870774,-81.824400,-262.000000,12.309987,1.866178
21.390774,-81.824400,-262.000000,12.342439,1.878930
21.910774,-81.824400,-262.000000,12.402135,1.854924
22.430774,-81.824400,-262.000000,12.557734,1.865734
22.950774,-81.824400,-262.000000,12.382353,1.868993
23.470774,-81.824400,-262.000000,12.540465,1.884707
23.990774,-81.824400,-262.000000,12.510569,1.858989
24.510774,-81.824400,-262.000000,12.467671,1.870155
25.030774,-81.824400,-262.000000,12.373842,1.872771
25.550774,-81.824400,-262.000000,12.234734,1.873182
26.070774,-81.824400,-262.000000,12.462265,1.876620
26.590774,-81.824400,-262.000000,12.303126,1.861820
27.110774,-81.824400,-262.000000,12.489820,1.881945
27.630774,-81.824400,-262.000000,12.333259,1.880432
28.150774,-81.824400,-262.000000,12.437502,1.889198
28.670774,-81.824400,-262.000000,12.342195,1.880231
29.190774,-81.824400,-262.000000,12.287107,1.893959
29.710774,-81.824400,-262.000000,12.538261,1.872081
30.230774,-81.824400,-262.000000,12.303983,1.871196
30.750774,-81.824400,-262.000000,12.420181,1.856576
31.270774,-81.824400,-262.000000,12.290432,1.865912
31.790774,-81.824400,-262.000000,12.454551,1.880195
32.310774,-81.824400,-262.000000,12.147172,1.876114
32.830774,-81.824400,-262.000000,12.398153,1.881674
33.350774,-81.824400,-262.000000,12.557990,1.899886
33.870774,-81.824400,-262.000000,12.515976,1.894614
34.390774,-81.824400,-262.000000,12.343638,1.882813
34.910774,-81.824400,-262.000000,12.443501,1.884637
35.430774,-81.824400,-262.000000,12.187343,1.881427
35.950774,-81.824400,-262.000000,12.255440,1.891648
36.470774,-81.824400,-262.000000,12.226142,1.894267
36.990774,-81.824400,-262.000000,12.550955,1.892495
37.510774,-81.824400,-262.000000,12.548514,1.899898
38.030774,-81.824400,-262.000000,12.276160,1.891996
38.550774,-81.824400,-262.000000,12.350990,1.884533
39.070774,-81.824400,-262.000000,12.428560,1.906215
39.590774,-81.824400,-262.000000,12.335667,1.894757
40.110774,-81.824400,-262.000000,12.715388,1.890624
40.630774,-81.824400,-262.000000,12.309337,1.884766
41.150774,-81.824400,-262.000000,12.487617,1.892064
41.670774,-81.824400,-262.000000,12.569749,1.903185
42.190774,-81.824400,-262.000000,12.445731,1.888168
42.710774,-81.824400,-262.000000,12.223326,1.896145
43.230774,-81.824400,-262.000000,12.230173,1.886821
43.750774,-81.824400,-262.000000,12.101860,1.875233
44.270774,-81.824400,-262.000000,12.338817,1.884969
44.790774,-81.824400,-262.000000,12.299178,1.870339
45.310774,-81.824400,-262.000000,12.524695,1.898982
45.830774,-81.824400,-262.000000,12.407560,1.912255
46.350774,-81.824400,-262.000000,12.375183,1.888504
46.870774,-81.824400,-262.000000,12.252605,1.906726
47.390774,-81.824400,-262.000000,12.602200,1.899027
47.910774,-81.824400,-262.000000,12.203181,1.890785
48.430774,-81.824400,-262.000000,12.584557,1.888028
48.950774,-81.824400,-262.000000,12.405345,1.881125
49.470774,-81.824400,-262.000000,12.300552,1.897698
49.990774,-81.824400,-262.000000,12.396508,1.882557
50.510774,-81.824400,-262.000000,12.447642,1.892673
51.030774,-81.824400,-262.000000,12.499129,1.899879
51.550774,-81.824400,-262.000000,12.435769,1.868847
52.070774,-81.824400,-262.000000,12.610383,1.898460
52.590774,-81.824400,-262.000000,12.302080,1.890768
53.110774,-81.824400,-262.000000,12.389808,1.904786
53.630774,-81.824400,-262.000000,12.240482,1.895540
54.150774,-81.824400,-262.000000,12.406470,1.881621
54.670774,-81.824400,-262.000000,12.234775,1.867336
55.190774,-81.824400,-262.000000,12.643683,1.894563
55.710774,-81.824400,-262.000000,12.449435,1.890137
56.230774,-81.824400,-262.000000,12.273804,1.886644
56.750774,-81.824400,-262.000000,12.425750,1.891913
57.270774,-81.824400,-262.000000,12.438919,1.888817
57.790774,-81.824400,-262.000000,12.392211,1.913026
58.310774,-81.824400,-262.000000,12.431259,1.900882
58.830774,-81.824400,-262.000000,12.203487,1.874885
59.350774,-81.824400,-262.000000,12.549358,1.885395
59.870774,-81.824400,-262.000000,12.486490,1.892837
60.390774,-81.824400,-262.000000,12.139544,1.897627
60.910774,-81.824400,-262.000000,12.405200,1.874286
61.430774,-81.824400,-262.000000,12.319909,1.882144
61.950774,-81.824400,-262.000000,12.462214,1.880034
62.470774,-81.824400,-262.000000,12.363522,1.897984
62.990774,-81.824400,-262.000000,12.480567,1.873999
63.510774,-81.824400,-262.000000,12.158473,1.840133
64.030774,-81.824400,-262.000000,12.379338,1.900471
64.550774,-81.824400,-262.000000,12.251597,1.879610
65.070774,-81.824400,-262.000000,12.533284,1.871782
65.590774,-81.824400,-262.000000,12.284239,1.861734
66.110774,-81.824400,-262.000000,12.452947,1.881990
66.630774,-81.824400,-262.000000,12.379691,1.861430
67.150774,-81.824400,-262.000000,12.267062,1.885132
67.670774,-81.824400,-262.000000,12.364375,1.867483
68.190774,-81.824400,-262.000000,12.266006,1.861904
68.710774,-81.824400,-262.000000,12.549389,1.874321
69.230774,-81.824400,-262.000000,12.274522,1.880025
69.750774,-81.824400,-262.000000,12.320170,1.895770
70.270774,-81.824400,-262.000000,12.447129,1.865859
70.790774,-81.824400,-262.000000,12.333272,1.882596
71.310774,-81.824400,-262.000000,12.335928,1.861812
71.830774,-81.824400,-262.000000,12.607514,1.891387
72.350774,-81.824400,-262.000000,12.566955,1.897649
72.870774,-81.824400,-262.000000,12.332431,1.882083
73.390774,-81.824400,-262.000000,12.319758,1.869251
73.910774,-81.824400,-262.000000,12.468663,1.883933
74.430774,-81.824400,-262.000000,12.281939,1.871833
74.950774,-81.824400,-262.000000,12.407035,1.864281
75.470774,-81.824400,-262.000000,12.273252,1.875558
75.990774,-81.824400,-262.000000,12.354733,1.864543
75.990774,-81.304400,-262.000000,12.388381,1.881342
13.070774,-82.344400,-261.000000,12.189502,1.784563
13.590774,-82.344400,-261.000000,12.489209,1.804862
14.110774,-82.344400,-261.000000,12.762266,1.832408
14.630774,-82.344400,-261.000000,12.332746,1.824601
15.150774,-82.344400,-261.000000,12.520285,1.829526
15.670774,-82.344400,-261.000000,12.415751,1.831327
16.190774,-82.344400,-261.000000,12.071657,1.834471
16.710774,-82.344400,-261.000000,12.484324,1.831047
17.230774,-82.344400,-261.000000,12.460242,1.858118
17.750774,-82.344400,-261.000000,12.460306,1.857023
18.270774,-82.344400,-261.000000,12.396052,1.870153
18.790774,-82.344400,-261.000000,12.413565,1.851059
19.310774,-82.344400,-261.000000,12.221625,1.840112
19.830774,-82.344400,-261.000000,12.303751,1.860878
20.350774,-82.344400,-261.000000,12.438048,1.895695
20.870774,-82.344400,-261.000000,12.419978,1.858554
21.390774,-82.344400,-261.000000,12.252186,1.864725
21.910774,-82.344400,-261.000000,12.326575,1.867854
22.430774,-82.344400,-261.000000,12.242827,1.860512
22.950774,-82.344400,-261.000000,12.305800,1.871297
23.470774,-82.344400,-261.000000,12.302814,1.868724
23.990774,-82.344400,-261.000000,12.471060,1.859847
24.510774,-82.344400,-261.000000,12.409344,1.854626
25.030774,-82.344400,-261.000000,12.355475,1.874160
25.550774,-82.344400,-261.000000,12.408857,1.869755
26.070774,-82.344400,-261.000000,12.476130,1.885843
26.590774,-82.344400,-261.000000,12.675830,1.888888
27.110774,-82.344400,-261.000000,12.315238,1.872813
27.630774,-82.344400,-261.000000,12.446671,1.887316
28.150774,-82.344400,-261.000000,12.602374,1.894601
28.670774,-82.344400,-261.000000,12.467177,1.889851
29.190774,-82.344400,-261.000000,12.588431,1.867078
29.710774,-82.344400,-261.000000,12.362746,1.879075
30.230774,-82.344400,-261.000000,12.409422,1.887777
30.750774,-82.344400,-261.000000,12.673004,1.886408
31.270774,-82.344400,-261.000000,12.368897,1.871461
31.790774,-82.344400,-261.000000,12.371374,1.886454
32.310774,-82.344400,-261.000000,12.124908,1.874546
32.830774,-82.344400,-261.000000,12.472483,1.911217
33.350774,-82.344400,-261.000000,12.431804,1.883481
33.870774,-82.344400,-261.000000,12.497347,1.869233
34.390774,-82.344400,-261.000000,12.208148,1.876640
34.910774,-82.344400,-261.000000,12.411986,1.885254
35.430774,-82.344400,-261.000000,12.619486,1.887397
35.950774,-82.344400,-261.000000,12.262864,1.881708
36.470774,-82.344400,-261.000000,12.221734,1.893301
36.990774,-82.344400,-261.000000,12.465194,1.877737
37.510774,-82.344400,-261.000000,12.460687,1.885424
38.030774,-82.344400,-261.000000,12.547131,1.906463
38.550774,-82.344400,-261.000000,12.290456,1.888366
39.070774,-82.344400,-261.000000,12.292257,1.874681
39.590774,-82.344400,-261.000000,12.499689,1.897218
40.110774,-82.344400,-261.000000,12.507510,1.873634
40.630774,-82.344400,-261.000000,12.435966,1.885077
41.150774,-82.344400,-261.000000,12.384349,1.887676
41.670774,-82.344400,-261.000000,12.252431,1.885196
42.190774,-82.344400,-261.000000,12.241910,1.870186
42.710774,-82.344400,-261.000000,12.518342,1.902843
43.230774,-82.344400,-261.000000,12.431704,1.885384
43.750774,-82.344400,-261.000000,12.307288,1.871917
44.270774,-82.344400,-261.000000,12.502636,1.888460
44.790774,-82.344400,-261.000000,12.551236,1.885582
45.310774,-82.344400,-261.000000,12.217934,1.877751
45.830774,-82.344400,-261.000000,12.426955,1.880862
46.350774,-82.344400,-261.000000,12.271190,1.891028
46.870774,-82.344400,-261.000000,12.494617,1.880310
47.390774,-82.344400,-261.000000,12.467383,1.902204
47.910774,-82.344400,-261.000000,12.519741,1.891035
48.430774,-82.344400,-261.000000,12.412609,1.888461
48.950774,-82.344400,-261.000000,12.278139,1.886682
49.470774,-82.344400,-261.000000,12.301666,1.853538
49.990774,-82.344400,-261.000000,12.403128,1.872949
50.510774,-82.344400,-261.000000,12.372066,1.879460
51.030774,-82.344400,-261.000000,12.273965,1.891911
51.550774,-82.344400,-261.000000,12.282180,1.871243
52.070774,-82.344400,-261.000000,12.545681,1.889791
52.590774,-82.344400,-261.000000,12.561877,1.903936
53.110774,-82.344400,-261.000000,12.209954,1.889851
53.630774,-82.344400,-261.000000,12.328720,1.882874
54.150774,-82.344400,-261.000000,12.555771,1.894449
54.670774,-82.344400,-261.000000,12.658088,1.919747
55.190774,-82.344400,-261.000000,12.685225,1.903844
55.710774,-82.344400,-261.000000,12.288358,1.869089
56.230774,-82.344400,-261.000000,12.644352,1.900260
56.750774,-82.344400,-261.000000,12.433264,1.878125
57.270774,-82.344400,-261.000000,12.625827,1.892016
57.790774,-82.344400,-261.000000,12.312433,1.887057
58.310774,-82.344400,-261.000000,12.098514,1.878333
58.830774,-82.344400,-261.000000,12.357787,1.867511
59.350774,-82.344400,-261.000000,12.326839,1.881482
59.870774,-82.344400,-261.000000,12.451668,1.892933
60.390774,-82.344400,-261.000000,12.414989,1.877383
60.910774,-82.344400,-261.000000,12.167521,1.863295
61.430774,-82.344400,-261.000000,12.395868,1.877757
61.950774,-82.344400,-261.000000,12.482571,1.885644
62.470774,-82.344400,-261.000000,12.268443,1.876396
62.990774,-82.344400,-261.000000,12.308650,1.884888
63.510774,-82.344400,-261.000000,12.378873,1.890865
64.030774,-82.344400,-261.000000,12.116508,1.858329
64.550774,-82.344400,-261.000000,12.246487,1.862019
65.070774,-82.344400,-261.000000,12.427174,1.869520
65.590774,-82.344400,-261.000000,12.400176,1.902639
66.110774,-82.344400,-261.000000,12.521934,1.898563
66.630774,-82.344400,-261.000000,12.286075,1.897232
67.150774,-82.344400,-261.000000,12.302098,1.884668
67.670774,-82.344400,-261.000000,12.284003,1.876077
68.190774,-82.344400,-261.000000,12.399863,1.886795
68.710774,-82.344400,-261.000000,12.312668,1.865187
69.230774,-82.344400,-261.000000,12.591140,1.890512
69.750774,-82.344400,-261.000000,12.301970,1.887972
70.270774,-82.344400,-261.000000,12.419182,1.893760
70.790774,-82.344400,-261.000000,12.439259,1.886178
71.310774,-82.344400,-261.000000,12.153648,1.882408
71.830774,-82.344400,-261.000000,12.412353,1.850739
72.350774,-82.344400,-261.000000,12.600722,1.876211
72.870774,-82.344400,-261.000000,12.367720,1.867670
73.390774,-82.344400,-261.000000,12.468390,1.876604
73.910774,-82.344400,-261.000000,12.296659,1.869329
74.430774,-82.344400,-261.000000,12.373878,1.870490
74.950774,-82.344400,-261.000000,12.349062,1.869154
75.470774,-82.344400,-261.000000,12.467470,1.855222
75.990774,-82.344400,-261.000000,12.406436,1.860536
13.070774,-81.824400,-261.000000,12.185284,1.787561
13.590774,-81.824400,-261.000000,12.541055,1.811010
14.110774,-81.824400,-261.000000,12.772398,1.834754
14.630774,-81.824400,-261.000000,12.308187,1.824459
15.150774,-81.824400,-261.000000,12.458345,1.825433
15.670774,-81.824400,-261.000000,12.442618,1.832874
16.190774,-81.824400,-261.000000,12.071586,1.839102
16.710774,-81.824400,-261.000000,12.554749,1.837184
17.230774,-81.824400,-261.000000,12.391151,1.861693
17.750774,-81.824400,-261.000000,12.480589,1.861768
18.270774,-81.824400,-261.000000,12.335746,1.869842
18.790774,-81.824400,-261.000000,12.462280,1.854833
19.310774,-81.824400,-261.000000,12.262809,1.843161
19.830774,-81.824400,-261.000000,12.271976,1.861020
20.350774,-81.824400,-261.000000,12.493882,1.896791
20.870774,-81.824400,-261.000000,12.346940,1.859909
21.390774,-81.824400,-261.000000,12.243373,1.864798
21.910774,-81.824400,-261.000000,12.349345,1.871349
22.430774,-81.824400,-261.000000,12.280421,1.858322
22.950774,-81.824400,-261.000000,12.260083,1.882421
23.470774,-81.824400,-261.000000,12.302634,1.865723
23.990774,-81.824400,-261.000000,12.436457,1.861973
24.510774,-81.824400,-261.000000,12.419664,1.862424
25.030774,-81.824400,-261.000000,12.321164,1.870836
25.550774,-81.824400,-261.000000,12.440461,1.869426
26.070774,-81.824400,-261.000000,12.397923,1.886494
26.590774,-81.824400,-261.000000,12.677498,1.894251
27.110774,-81.824400,-261.000000,12.349597,1.871142
27.630774,-81.824400,-261.000000,12.403613,1.888369
28.150774,-81.824400,-261.000000,12.605442,1.902240
28.670774,-81.824400,-261.000000,12.359092,1.885917
29.190774,-81.824400,-261.000000,12.684360,1.878399
29.710774,-81.824400,-261.000000,12.345164,1.879242
30.230774,-81.824400,-261.000000,12.325686,1.888990
30.750774,-81.824400,-261.000000,12.600070,1.883989
31.270774,-81.824400,-261.000000,12.416544,1.875496
31.790774,-81.824400,-261.000000,12.370395,1.882799
32.310774,-81.824400,-261.000000,12.157610,1.881811
32.830774,-81.824400,-261.000000,12.424372,1.910634
33.350774,-81.824400,-261.000000,12.481341,1.886010
33.870774,-81.824400,-261.000000,12.440502,1.871049
34.390774,-81.824400,-261.000000,12.294417,1.882296
34.910774,-81.824400,-261.000000,12.379868,1.885480
35.430774,-81.824400,-261.000000,12.622627,1.888524
35.950774,-81.824400,-261.000000,12.333988,1.894886
36.470774,-81.824400,-261.000000,12.164156,1.886735
36.990774,-81.824400,-261.000000,12.433623,1.875971
37.510774,-81.824400,-261.000000,12.446397,1.892535
38.030774,-81.824400,-261.000000,12.430297,1.906692
38.550774,-81.824400,-261.000000,12.306750,1.882710
39.070774,-81.824400,-261.000000,12.319072,1.877560
39.590774,-81.824400,-261.000000,12.429046,1.896461
40.110774,-81.824400,-261.000000,12.521491,1.872585
40.630774,-81.824400,-261.000000,12.352420,1.883388
41.150774,-81.824400,-261.000000,12.436660,1.890378
41.670774,-81.824400,-261.000000,12.209193,1.882957
42.190774,-81.824400,-261.000000,12.220180,1.875957
42.710774,-81.824400,-261.000000,12.490184,1.901116
43.230774,-81.824400,-261.000000,12.305985,1.879272
43.750774,-81.824400,-261.000000,12.293088,1.879915
44.270774,-81.824400,-261.000000,12.480479,1.893262
44.790774,-81.824400,-261.000000,12.504864,1.882150
45.310774,-81.824400,-261.000000,12.236476,1.881751
45.830774,-81.824400,-261.000000,12.372137,1.868019
46.350774,-81.824400,-261.000000,12.246001,1.894707
46.870774,-81.824400,-261.000000,12.578293,1.887159
47.390774,-81.824400,-261.000000,12.435476,1.901047
47.910774,-81.824400,-261.000000,12.533038,1.890791
48.430774,-81.824400,-261.000000,12.346885,1.888555
48.950774,-81.824400,-261.000000,12.303123,1.895327
49.470774,-81.824400,-261.000000,12.355629,1.854012
49.990774,-81.824400,-261.000000,12.250846,1.875126
50.510774,-81.824400,-261.000000,12.405143,1.880197
51.030774,-81.824400,-261.000000,12.264777,1.887893
51.550774,-81.824400,-261.000000,12.168576,1.871406
52.070774,-81.824400,-261.000000,12.527627,1.895143
52.590774,-81.824400,-261.000000,12.473980,1.896892
53.110774,-81.824400,-261.000000,12.307902,1.895451
53.630774,-81.824400,-261.000000,12.317054,1.884457
54.150774,-81.824400,-261.000000,12.504388,1.895724
54.670774,-81.824400,-261.000000,12.607802,1.919376
55.190774,-81.824400,-261.000000,12.663695,1.900410
55.710774,-81.824400,-261.000000,12.311996,1.879753
56.230774,-81.824400,-261.000000,12.616404,1.900612
56.750774,-81.824400,-261.000000,12.429879,1.875770
57.270774,-81.824400,-261.000000,12.571517,1.894948
57.790774,-81.824400,-261.000000,12.327055,1.891618
58.310774,-81.824400,-261.000000,12.073456,1.872219
58.830774,-81.824400,-261.000000,12.333065,1.871523
59.350774,-81.824400,-261.000000,12.278539,1.880880
59.870774,-81.824400,-261.000000,12.408401,1.891887
60.390774,-81.824400,-261.000000,12.453252,1.878767
60.910774,-81.824400,-261.000000,12.099405,1.865800
61.430774,-81.824400,-261.000000,12.400504,1.879902
61.950774,-81.824400,-261.000000,12.451416,1.890846
62.470774,-81.824400,-261.000000,12.228208,1.876249
62.990774,-81.824400,-261.000000,12.266818,1.879516
63.510774,-81.824400,-261.000000,12.381741,1.891377
64.030774,-81.824400,-261.000000,12.118155,1.855089
64.550774,-81.824400,-261.000000,12.254809,1.861772
65.070774,-81.824400,-261.000000,12.389844,1.868553
65.590774,-81.824400,-261.000000,12.443213,1.907720
66.110774,-81.824400,-261.000000,12.513828,1.899075
66.630774,-81.824400,-261.000000,12.240146,1.901036
67.150774,-81.824400,-261.000000,12.318832,1.886045
67.670774,-81.824400,-261.000000,12.294998,1.876619
68.190774,-81.824400,-261.000000,12.300464,1.887123
68.710774,-81.824400,-261.000000,12.376986,1.874286
69.230774,-81.824400,-261.000000,12.508553,1.886150
69.750774,-81.824400,-261.000000,12.357872,1.890512
70.270774,-81.824400,-261.000000,12.449220,1.892523
70.790774,-81.824400,-261.000000,12.456528,1.895283
71.310774,-81.824400,-261.000000,12.146354,1.885980
71.830774,-81.824400,-261.000000,12.439472,1.852719
72.350774,-81.824400,-261.000000,12.625237,1.875475
72.870774,-81.824400,-261.000000,12.396710,1.875476
73.390774,-81.824400,-261.000000,12.478534,1.884817
73.910774,-81.824400,-261.000000,12.272427,1.866625
74.430774,-81.824400,-261.000000,12.449294,1.878945
74.950774,-81.824400,-261.000000,12.447993,1.875683
75.470774,-81.824400,-261.000000,12.461647,1.851216
75.990774,-81.824400,-261.000000,12.427080,1.868143
13.070774,-81.304400,-261.000000,12.197177,1.794633
13.070774,-82.344400,-260.000000,12.474286,1.796293
13.590774,-82.344400,-260.000000,12.256398,1.788535
14.110774,-82.344400,-260.000000,12.354172,1.818280
14.630774,-82.344400,-260.000000,12.356550,1.828236
15.150774,-82.344400,-260.000000,12.357606,1.825637
15.670774,-82.344400,-260.000000,12.647149,1.832611
16.190774,-82.344400,-260.000000,12.410903,1.837089
16.710774,-82.344400,-260.000000,12.375604,1.852618
17.230774,-82.344400,-260.000000,12.335421,1.840565
17.750774,-82.344400,-260.000000,12.052039,1.823485
18.270774,-82.344400,-260.000000,12.337607,1.856688
18.790774,-82.344400,-260.000000,12.427759,1.863810
19.310774,-82.344400,-260.000000,12.131961,1.841278
19.830774,-82.344400,-260.000000,12.364287,1.857223
20.350774,-82.344400,-260.000000,12.345086,1.860748
20.870774,-82.344400,-260.000000,12.342078,1.876079
21.390774,-82.344400,-260.000000,12.641673,1.854033
21.910774,-82.344400,-260.000000,12.431842,1.873297
22.430774,-82.344400,-260.000000,12.401835,1.870887
22.950774,-82.344400,-260.000000,12.397466,1.870661
23.470774,-82.344400,-260.000000,12.544333,1.872118
23.990774,-82.344400,-260.000000,12.338919,1.865647
24.510774,-82.344400,-260.000000,12.255683,1.854394
25.030774,-82.344400,-260.000000,12.559228,1.874430
25.550774,-82.344400,-260.000000,12.304001,1.852445
26.070774,-82.344400,-260.000000,12.293695,1.878344
26.590774,-82.344400,-260.000000,12.548481,1.882620
27.110774,-82.344400,-260.000000,12.606512,1.888240
27.630774,-82.344400,-260.000000,12.290001,1.866426
28.150774,-82.344400,-260.000000,12.306377,1.867882
28.670774,-82.344400,-260.000000,12.626220,1.898238
29.190774,-82.344400,-260.000000,12.328441,1.873297
29.710774,-82.344400,-260.000000,12.345748,1.863875
30.230774,-82.344400,-260.000000,12.299682,1.848597
30.750774,-82.344400,-260.000000,12.301803,1.868379
31.270774,-82.344400,-260.000000,12.525403,1.876171
31.790774,-82.344400,-260.000000,12.289186,1.888167
32.310774,-82.344400,-260.000000,12.450870,1.888325
32.830774,-82.344400,-260.000000,12.338358,1.851856
33.350774,-82.344400,-260.000000,12.388521,1.875830
33.870774,-82.344400,-260.000000,12.224200,1.846581
34.390774,-82.344400,-260.000000,12.284139,1.874195
34.910774,-82.344400,-260.000000,12.334033,1.884430
35.430774,-82.344400,-260.000000,12.270255,1.877661
35.950774,-82.344400,-260.000000,12.439903,1.881235
36.470774,-82.344400,-260.000000,12.499114,1.890638
36.990774,-82.344400,-260.000000,12.107396,1.861150
37.510774,-82.344400,-260.000000,12.394682,1.891418
38.030774,-82.344400,-260.000000,12.403329,1.879941
38.550774,-82.344400,-260.000000,12.567141,1.890454
39.070774,-82.344400,-260.000000,12.325011,1.870518
39.590774,-82.344400,-260.000000,12.336045,1.878639
40.110774,-82.344400,-260.000000,12.456095,1.874328
40.630774,-82.344400,-260.000000,12.566897,1.868858
41.150774,-82.344400,-260.000000,12.233088,1.878013
41.670774,-82.344400,-260.000000,12.256045,1.880757
42.190774,-82.344400,-260.000000,12.041125,1.864423
42.710774,-82.344400,-260.000000,12.417859,1.894063
43.230774,-82.344400,-260.000000,12.384184,1.895674
43.750774,-82.344400,-260.000000,12.242911,1.869035
44.270774,-82.344400,-260.000000,12.320495,1.879695
44.790774,-82.344400,-260.000000,12.383030,1.881976
45.310774,-82.344400,-260.000000,12.417654,1.904786
45.830774,-82.344400,-260.000000,12.547897,1.897345
46.350774,-82.344400,-260.000000,12.557192,1.886600
46.870774,-82.344400,-260.000000,12.643113,1.919976
47.390774,-82.344400,-260.000000,12.499588,1.883098
47.910774,-82.344400,-260.000000,12.415454,1.894158
48.430774,-82.344400,-260.000000,12.032992,1.877077
48.950774,-82.344400,-260.000000,12.369368,1.876610
49.470774,-82.344400,-260.000000,12.558341,1.889070
49.990774,-82.344400,-260.000000,12.615956,1.906923
50.510774,-82.344400,-260.000000,12.539736,1.881352
51.030774,-82.344400,-260.000000,12.441284,1.868719
51.550774,-82.344400,-260.000000,12.250634,1.863893
52.070774,-82.344400,-260.000000,12.635779,1.901757
52.590774,-82.344400,-260.000000,12.556314,1.890376
53.110774,-82.344400,-260.000000,12.389284,1.886771
53.630774,-82.344400,-260.000000,12.439939,1.865670
54.150774,-82.344400,-260.000000,12.372252,1.893153
54.670774,-82.344400,-260.000000,12.397882,1.886955
55.190774,-82.344400,-260.000000,12.304713,1.872244
55.710774,-82.344400,-260.000000,12.370444,1.858485
56.230774,-82.344400,-260.000000,12.488006,1.899818
56.750774,-82.344400,-260.000000,12.580544,1.891082
57.270774,-82.344400,-260.000000,12.440697,1.886942
57.790774,-82.344400,-260.000000,12.273726,1.871437
58.310774,-82.344400,-260.000000,12.475333,1.884414
58.830774,-82.344400,-260.000000,12.432291,1.875762
59.350774,-82.344400,-260.000000,12.344445,1.896175
59.870774,-82.344400,-260.000000,12.407414,1.887990
60.390774,-82.344400,-260.000000,12.497764,1.904472
60.910774,-82.344400,-260.000000,12.503768,1.893942
61.430774,-82.344400,-260.000000,12.490203,1.865102
61.950774,-82.344400,-260.000000,12.566415,1.881900
62.470774,-82.344400,-260.000000,12.437827,1.902745
62.990774,-82.344400,-260.000000,12.435767,1.880038
63.510774,-82.344400,-260.000000,12.407576,1.872172
64.030774,-82.344400,-260.000000,12.423974,1.888132
64.550774,-82.344400,-260.000000,12.327175,1.885613
65.070774,-82.344400,-260.000000,12.470405,1.886160
65.590774,-82.344400,-260.000000,12.334819,1.886910
66.110774,-82.344400,-260.000000,12.484274,1.880446
66.630774,-82.344400,-260.000000,12.326409,1.870126
67.150774,-82.344400,-260.000000,12.377975,1.873375
67.670774,-82.344400,-260.000000,12.386484,1.869824
68.190774,-82.344400,-260.000000,12.492393,1.876266
68.710774,-82.344400,-260.000000,12.361898,1.904093
69.230774,-82.344400,-260.000000,12.485151,1.888801
69.750774,-82.344400,-260.000000,12.567282,1.876872
70.270774,-82.344400,-260.000000,12.192828,1.868404
70.790774,-82.344400,-260.000000,12.417935,1.859393
71.310774,-82.344400,-260.000000,12.316520,1.885508
71.830774,-82.344400,-260.000000,12.392585,1.891996
72.350774,-82.344400,-260.000000,12.379776,1.878152
72.870774,-82.344400,-260.000000,12.653455,1.906629
73.390774,-82.344400,-260.000000,12.286574,1.861619
73.910774,-82.344400,-260.000000,12.520463,1.852229
74.430774,-82.344400,-260.000000,12.316078,1.862835
74.950774,-82.344400,-260.000000,12.496103,1.878265
75.470774,-82.344400,-260.000000,12.397170,1.879517
75.990774,-82.344400,-260.000000,12.331725,1.889540
13.070774,-81.824400,-260.000000,12.425052,1.789227
13.590774,-81.824400,-260.000000,12.312231,1.795565
14.110774,-81.824400,-260.000000,12.303237,1.818440
14.630774,-81.824400,-260.000000,12.356492,1.833980
15.150774,-81.824400,-260.000000,12.360972,1.830571
15.670774,-81.824400,-260.000000,12.573499,1.822653
16.190774,-81.824400,-260.000000,12.345220,1.835051
16.710774,-81.824400,-260.000000,12.312050,1.852229
17.230774,-81.824400,-260.000000,12.280520,1.841999
17.750774,-81.824400,-260.000000,12.118562,1.824520
18.270774,-81.824400,-260.000000,12.290744,1.856926
18.790774,-81.824400,-260.000000,12.420090,1.856676
19.310774,-81.824400,-260.000000,12.114879,1.847587
19.830774,-81.824400,-260.000000,12.343960,1.859638
20.350774,-81.824400,-260.000000,12.246654,1.860848
20.870774,-81.824400,-260.000000,12.293189,1.871771
21.390774,-81.824400,-260.000000,12.602828,1.863202
21.910774,-81.824400,-260.000000,12.406968,1.878568
22.430774,-81.824400,-260.000000,12.383706,1.864987
22.950774,-81.824400,-260.000000,12.463540,1.879758
23.470774,-81.824400,-260.000000,12.500553,1.870382
23.990774,-81.824400,-260.000000,12.339213,1.868787
24.510774,-81.824400,-260.000000,12.178809,1.851726
25.030774,-81.824400,-260.000000,12.592631,1.880888
25.550774,-81.824400,-260.000000,12.209481,1.853828
26.070774,-81.824400,-260.000000,12.398086,1.886340
26.590774,-81.824400,-260.000000,12.509647,1.880201
27.110774,-81.824400,-260.000000,12.549520,1.891382
27.630774,-81.824400,-260.000000,12.293447,1.867153
28.150774,-81.824400,-260.000000,12.321304,1.864920
28.670774,-81.824400,-260.000000,12.682821,1.905358
29.190774,-81.824400,-260.000000,12.274830,1.872866
29.710774,-81.824400,-260.000000,12.396174,1.866919
30.230774,-81.824400,-260.000000,12.299548,1.853368
30.750774,-81.824400,-260.000000,12.255699,1.863196
31.270774,-81.824400,-260.000000,12.543601,1.878926
31.790774,-81.824400,-260.000000,12.266067,1.883748
32.310774,-81.824400,-260.000000,12.359850,1.893575
32.830774,-81.824400,-260.000000,12.359025,1.853687
33.350774,-81.824400,-260.000000,12.382571,1.885043
33.870774,-81.824400,-260.000000,12.174021,1.844525
34.390774,-81.824400,-260.000000,12.303648,1.880146
34.910774,-81.824400,-260.000000,12.321071,1.882744
35.430774,-81.824400,-260.000000,12.314118,1.881125
35.950774,-81.824400,-260.000000,12.379475,1.885957
36.470774,-81.824400,-260.000000,12.501303,1.893412
36.990774,-81.824400,-260.000000,12.123931,1.871304
37.510774,-81.824400,-260.000000,12.389533,1.892078
38.030774,-81.824400,-260.000000,12.465376,1.885558
38.550774,-81.824400,-260.000000,12.568407,1.885603
39.070774,-81.824400,-260.000000,12.295508,1.876949
39.590774,-81.824400,-260.000000,12.289865,1.876717
40.110774,-81.824400,-260.000000,12.473917,1.885410
40.630774,-81.824400,-260.000000,12.638235,1.871523
41.150774,-81.824400,-260.000000,12.164868,1.875726
41.670774,-81.824400,-260.000000,12.304179,1.891805
42.190774,-81.824400,-260.000000,12.052990,1.870677
42.710774,-81.824400,-260.000000,12.443326,1.895950
43.230774,-81.824400,-260.000000,12.398906,1.902680
43.750774,-81.824400,-260.000000,12.169797,1.868472
44.270774,-81.824400,-260.000000,12.391580,1.877214
44.790774,-81.824400,-260.000000,12.382829,1.889903
45.310774,-81.824400,-260.000000,12.430879,1.900221
45.830774,-81.824400,-260.000000,12.529186,1.901350
46.350774,-81.824400,-260.000000,12.505061,1.890039
46.870774,-81.824400,-260.000000,12.612946,1.917241
47.390774,-81.824400,-260.000000,12.497466,1.882167
47.910774,-81.824400,-260.000000,12.382078,1.900036
48.430774,-81.824400,-260.000000,12.111650,1.879024
48.950774,-81.824400,-260.000000,12.312219,1.885447
49.470774,-81.824400,-260.000000,12.525962,1.889184
49.990774,-81.824400,-260.000000,12.641345,1.905966
50.510774,-81.824400,-260.000000,12.530371,1.883070
51.030774,-81.824400,-260.000000,12.475503,1.873011
51.550774,-81.824400,-260.000000,12.233291,1.867722
52.070774,-81.824400,-260.000000,12.678191,1.896560
52.590774,-81.824400,-260.000000,12.453261,1.895503
53.110774,-81.824400,-260.000000,12.399325,1.881028
53.630774,-81.824400,-260.000000,12.443089,1.868160
54.150774,-81.824400,-260.000000,12.343464,1.892823
54.670774,-81.824400,-260.000000,12.365497,1.889407
55.190774,-81.824400,-260.000000,12.258151,1.868977
55.710774,-81.824400,-260.000000,12.318198,1.863459
56.230774,-81.824400,-260.000000,12.503603,1.904790
56.750774,-81.824400,-260.000000,12.549802,1.894113
57.270774,-81.824400,-260.000000,12.457703,1.891339
57.790774,-81.824400,-260.000000,12.309330,1.880178
58.310774,-81.824400,-260.000000,12.360108,1.874921
58.830774,-81.824400,-260.000000,12.492334,1.881056
59.350774,-81.824400,-260.000000,12.349769,1.897659
59.870774,-81.824400,-260.000000,12.442023,1.890370
60.390774,-81.824400,-260.000000,12.518525,1.915324
60.910774,-81.824400,-260.000000,12.470619,1.891831
61.430774,-81.824400,-260.000000,12.499726,1.866277
61.950774,-81.824400,-260.000000,12.546522,1.879622
62.470774,-81.824400,-260.000000,12.440718,1.895193
62.990774,-81.824400,-260.000000,12.422928,1.885859
63.510774,-81.824400,-260.000000,12.452340,1.883380
64.030774,-81.824400,-260.000000,12.431476,1.893036
64.550774,-81.824400,-260.000000,12.412106,1.889888
65.070774,-81.824400,-260.000000,12.380837,1.894149
65.590774,-81.824400,-260.000000,12.301574,1.882633
66.110774,-81.824400,-260.000000,12.428206,1.880557
66.630774,-81.824400,-260.000000,12.303747,1.876247
67.150774,-81.824400,-260.000000,12.394922,1.879824
67.670774,-81.824400,-260.000000,12.390517,1.872687
68.190774,-81.824400,-260.000000,12.438889,1.877832
68.710774,-81.824400,-260.000000,12.376887,1.909139
69.230774,-81.824400,-260.000000,12.409775,1.875344
69.750774,-81.824400,-260.000000,12.551971,1.879680
70.270774,-81.824400,-260.000000,12.298414,1.876300
70.790774,-81.824400,-260.000000,12.346814,1.862217
71.310774,-81.824400,-260.000000,12.307525,1.891311
71.830774,-81.824400,-260.000000,12.359839,1.895185
72.350774,-81.824400,-260.000000,12.368812,1.882794
72.870774,-81.824400,-260.000000,12.669311,1.905972
73.390774,-81.824400,-260.000000,12.278145,1.861325
73.910774,-81.824400,-260.000000,12.491263,1.852581
74.430774,-81.824400,-260.000000,12.295259,1.865351
74.950774,-81.824400,-260.000000,12.385762,1.874889
75.470774,-81.824400,-260.000000,12.380916,1.882732
75.990774,-81.824400,-260.000000,12.287363,1.888137
13.070774,-81.304400,-260.000000,12.459015,1.791705
75.990774,-81.304400,-260.000000,12.288550,1.889774
13.070774,-82.344400,-259.000000,12.597239,1.796224
13.590774,-82.344400,-259.000000,12.384381,1.789748
14.110774,-82.344400,-259.000000,12.456660,1.810197
14.630774,-82.344400,-259.000000,12.168740,1.823797
15.150774,-82.344400,-259.000000,12.385278,1.824565
15.670774,-82.344400,-259.000000,12.191813,1.831604
16.190774,-82.344400,-259.000000,12.228968,1.838041
16.710774,-82.344400,-259.000000,12.416723,1.852179
17.230774,-82.344400,-259.000000,12.483576,1.845402
17.750774,-82.344400,-259.000000,12.341548,1.820595
18.270774,-82.344400,-259.000000,12.323015,1.833921
18.790774,-82.344400,-259.000000,12.589389,1.863773
19.310774,-82.344400,-259.000000,12.401340,1.851380
19.830774,-82.344400,-259.000000,12.298499,1.836405
20.350774,-82.344400,-259.000000,12.541261,1.839483
20.870774,-82.344400,-259.000000,12.301256,1.860218
21.390774,-82.344400,-259.000000,12.323970,1.850280
21.910774,-82.344400,-259.000000,12.435187,1.873019
22.430774,-82.344400,-259.000000,12.310702,1.850529
22.950774,-82.344400,-259.000000,12.221361,1.866628
23.470774,-82.344400,-259.000000,12.250751,1.860856
23.990774,-82.344400,-259.000000,12.354799,1.868717
24.510774,-82.344400,-259.000000,12.204628,1.852708
25.030774,-82.344400,-259.000000,12.605235,1.865941
25.550774,-82.344400,-259.000000,12.126668,1.855699
26.070774,-82.344400,-259.000000,12.242328,1.859736
26.590774,-82.344400,-259.000000,12.583095,1.909035
27.110774,-82.344400,-259.000000,12.469260,1.859662
27.630774,-82.344400,-259.000000,12.351261,1.874850
28.150774,-82.344400,-259.000000,12.425442,1.880966
28.670774,-82.344400,-259.000000,12.419489,1.878547
29.190774,-82.344400,-259.000000,12.194525,1.883092
29.710774,-82.344400,-259.000000,12.421500,1.863767
30.230774,-82.344400,-259.000000,12.274514,1.849386
30.750774,-82.344400,-259.000000,12.637418,1.894077
31.270774,-82.344400,-259.000000,12.297688,1.865198
31.790774,-82.344400,-259.000000,12.177849,1.881836
32.310774,-82.344400,-259.000000,12.477921,1.906793
32.830774,-82.344400,-259.000000,12.399528,1.878868
33.350774,-82.344400,-259.000000,12.200658,1.883519
33.870774,-82.344400,-259.000000,12.452851,1.883658
34.390774,-82.344400,-259.000000,12.598857,1.904013
34.910774,-82.344400,-259.000000,12.530488,1.891470
35.430774,-82.344400,-259.000000,12.465789,1.868093
35.950774,-82.344400,-259.000000,12.278309,1.873315
36.470774,-82.344400,-259.000000,12.641754,1.898002
36.990774,-82.344400,-259.000000,12.224546,1.886035
37.510774,-82.344400,-259.000000,12.397583,1.882270
38.030774,-82.344400,-259.000000,12.431361,1.882643
38.550774,-82.344400,-259.000000,12.527411,1.859556
39.070774,-82.344400,-259.000000,12.534388,1.892918
39.590774,-82.344400,-259.000000,12.285147,1.862442
40.110774,-82.344400,-259.000000,12.406116,1.881732
40.630774,-82.344400,-259.000000,12.430615,1.883671
41.150774,-82.344400,-259.000000,12.373310,1.877831
41.670774,-82.344400,-259.000000,12.474590,1.896908
42.190774,-82.344400,-259.000000,12.128284,1.865381
42.710774,-82.344400,-259.000000,12.305186,1.857882
43.230774,-82.344400,-259.000000,12.486917,1.902536
43.750774,-82.344400,-259.000000,12.330447,1.884694
44.270774,-82.344400,-259.000000,12.486808,1.878731
44.790774,-82.344400,-259.000000,12.400764,1.894469
45.310774,-82.344400,-259.000000,12.386189,1.890325
45.830774,-82.344400,-259.000000,12.270607,1.871767
46.350774,-82.344400,-259.000000,12.075524,1.873410
46.870774,-82.344400,-259.000000,12.319228,1.866035
47.390774,-82.344400,-259.000000,12.292787,1.886568
47.910774,-82.344400,-259.000000,12.485702,1.897842
48.430774,-82.344400,-259.000000,12.313840,1.872821
48.950774,-82.344400,-259.000000,12.439053,1.874884
49.470774,-82.344400,-259.000000,12.291811,1.867094
49.990774,-82.344400,-259.000000,12.310220,1.887015
50.510774,-82.344400,-259.000000,12.288358,1.868031
51.030774,-82.344400,-259.000000,12.531087,1.889905
51.550774,-82.344400,-259.000000,12.491227,1.905931
52.070774,-82.344400,-259.000000,12.473370,1.884637
52.590774,-82.344400,-259.000000,12.529399,1.891467
53.110774,-82.344400,-259.000000,12.228444,1.857869
53.630774,-82.344400,-259.000000,12.333044,1.880499
54.150774,-82.344400,-259.000000,12.300547,1.853816
54.670774,-82.344400,-259.000000,12.193159,1.876995
55.190774,-82.344400,-259.000000,12.497842,1.867013
55.710774,-82.344400,-259.000000,12.414955,1.905229
56.230774,-82.344400,-259.000000,12.394618,1.894332
56.750774,-82.344400,-259.000000,12.113416,1.852462
57.270774,-82.344400,-259.000000,12.234633,1.874705
57.790774,-82.344400,-259.000000,12.267908,1.867616
58.310774,-82.344400,-259.000000,12.522079,1.891101
58.830774,-82.344400,-259.000000,12.506357,1.884250
59.350774,-82.344400,-259.000000,12.304285,1.895179
59.870774,-82.344400,-259.000000,12.227302,1.870972
60.390774,-82.344400,-259.000000,12.393756,1.860347
60.910774,-82.344400,-259.000000,12.382254,1.894223
61.430774,-82.344400,-259.000000,12.339096,1.899812
61.950774,-82.344400,-259.000000,12.302972,1.864489
62.470774,-82.344400,-259.000000,12.502028,1.888682
62.990774,-82.344400,-259.000000,12.201491,1.864637
63.510774,-82.344400,-259.000000,12.379875,1.878045
64.030774,-82.344400,-259.000000,12.330229,1.898249
64.550774,-82.344400,-259.000000,12.343554,1.880923
65.070774,-82.344400,-259.000000,12.359408,1.894838
65.590774,-82.344400,-259.000000,12.271716,1.864554
66.110774,-82.344400,-259.000000,12.587450,1.893869
66.630774,-82.344400,-259.000000,12.504069,1.883926
67.150774,-82.344400,-259.000000,12.413946,1.883011
67.670774,-82.344400,-259.000000,12.131327,1.879940
68.190774,-82.344400,-259.000000,12.354109,1.880899
68.710774,-82.344400,-259.000000,12.582582,1.884572
69.230774,-82.344400,-259.000000,12.422094,1.873516
69.750774,-82.344400,-259.000000,12.183475,1.873851
70.270774,-82.344400,-259.000000,12.191167,1.870497
70.790774,-82.344400,-259.000000,12.373115,1.881828
71.310774,-82.344400,-259.000000,12.414687,1.870666
71.830774,-82.344400,-259.000000,12.265811,1.873122
72.350774,-82.344400,-259.000000,12.732627,1.902177
72.870774,-82.344400,-259.000000,12.397101,1.879232
73.390774,-82.344400,-259.000000,12.359611,1.860880
73.910774,-82.344400,-259.000000,12.468965,1.870354
74.430774,-82.344400,-259.000000,12.555744,1.892724
74.950774,-82.344400,-259.000000,12.444130,1.868719
75.470774,-82.344400,-259.000000,12.470118,1.860414
75.990774,-82.344400,-259.000000,12.454628,1.873071
13.070774,-81.824400,-259.000000,12.565375,1.799262
13.590774,-81.824400,-259.000000,12.403327,1.796226
14.110774,-81.824400,-259.000000,12.470307,1.809376
14.630774,-81.824400,-259.000000,12.141948,1.823608
15.150774,-81.824400,-259.000000,12.383043,1.826399
15.670774,-81.824400,-259.000000,12.243149,1.839095
16.190774,-81.824400,-259.000000,12.209352,1.839943
16.710774,-81.824400,-259.000000,12.480083,1.856916
17.230774,-81.824400,-259.000000,12.527564,1.846033
17.750774,-81.824400,-259.000000,12.354724,1.826133
18.270774,-81.824400,-259.000000,12.322066,1.835994
18.790774,-81.824400,-259.000000,12.601836,1.866818
19.310774,-81.824400,-259.000000,12.392535,1.853979
19.830774,-81.824400,-259.000000,12.332175,1.840033
20.350774,-81.824400,-259.000000,12.488840,1.842880
20.870774,-81.824400,-259.000000,12.385355,1.867592
21.390774,-81.824400,-259.000000,12.327033,1.843333
21.910774,-81.824400,-259.000000,12.409923,1.870417
22.430774,-81.824400,-259.000000,12.370585,1.856011
22.950774,-81.824400,-259.000000,12.165005,1.861024
23.470774,-81.824400,-259.000000,12.321577,1.869620
23.990774,-81.824400,-259.000000,12.302588,1.868302
24.510774,-81.824400,-259.000000,12.216148,1.854147
25.030774,-81.824400,-259.000000,12.535574,1.863948
25.550774,-81.824400,-259.000000,12.168489,1.855845
26.070774,-81.824400,-259.000000,12.295798,1.870492
26.590774,-81.824400,-259.000000,12.579110,1.910105
27.110774,-81.824400,-259.000000,12.456847,1.860480
27.630774,-81.824400,-259.000000,12.266730,1.873805
28.150774,-81.824400,-259.000000,12.453826,1.889142
28.670774,-81.824400,-259.000000,12.415446,1.883968
29.190774,-81.824400,-259.000000,12.207170,1.887909
29.710774,-81.824400,-259.000000,12.382965,1.869297
30.230774,-81.824400,-259.000000,12.322513,1.847383
30.750774,-81.824400,-259.000000,12.597010,1.897324
31.270774,-81.824400,-259.000000,12.258823,1.871006
31.790774,-81.824400,-259.000000,12.218511,1.890892
32.310774,-81.824400,-259.000000,12.465194,1.904287
32.830774,-81.824400,-259.000000,12.347244,1.875313
33.350774,-81.824400,-259.000000,12.197091,1.885026
33.870774,-81.824400,-259.000000,12.516616,1.885111
34.390774,-81.824400,-259.000000,12.633904,1.904675
34.910774,-81.824400,-259.000000,12.429420,1.886614
35.430774,-81.824400,-259.000000,12.386784,1.864355
35.950774,-81.824400,-259.000000,12.295547,1.872127
36.470774,-81.824400,-259.000000,12.650664,1.899823
36.990774,-81.824400,-259.000000,12.203666,1.886440
37.510774,-81.824400,-259.000000,12.363647,1.886480
38.030774,-81.824400,-259.000000,12.430259,1.892091
38.550774,-81.824400,-259.000000,12.514747,1.863388
39.070774,-81.824400,-259.000000,12.463218,1.895653
39.590774,-81.824400,-259.000000,12.244967,1.860784
40.110774,-81.824400,-259.000000,12.458127,1.888608
40.630774,-81.824400,-259.000000,12.326546,1.873129
41.150774,-81.824400,-259.000000,12.396955,1.883370
41.670774,-81.824400,-259.000000,12.475916,1.896289
42.190774,-81.824400,-259.000000,12.077971,1.866339
42.710774,-81.824400,-259.000000,12.282723,1.859091
43.230774,-81.824400,-259.000000,12.417796,1.901063
43.750774,-81.824400,-259.000000,12.319913,1.891818
44.270774,-81.824400,-259.000000,12.431283,1.885043
44.790774,-81.824400,-259.000000,12.353962,1.888388
45.310774,-81.824400,-259.000000,12.409492,1.888278
45.830774,-81.824400,-259.000000,12.308689,1.871404
46.350774,-81.824400,-259.000000,12.141624,1.872590
46.870774,-81.824400,-259.000000,12.295691,1.869334
47.390774,-81.824400,-259.000000,12.268914,1.892215
47.910774,-81.824400,-259.000000,12.510486,1.897462
48.430774,-81.824400,-259.000000,12.295829,1.870231
48.950774,-81.824400,-259.000000,12.397067,1.874720
49.470774,-81.824400,-259.000000,12.275290,1.869802
49.990774,-81.824400,-259.000000,12.331017,1.892935
50.510774,-81.824400,-259.000000,12.296700,1.874460
51.030774,-81.824400,-259.000000,12.473782,1.888405
51.550774,-81.824400,-259.000000,12.461433,1.905098
52.070774,-81.824400,-259.000000,12.428316,1.887536
52.590774,-81.824400,-259.000000,12.551967,1.892790
53.110774,-81.824400,-259.000000,12.185443,1.865545
53.630774,-81.824400,-259.000000,12.357244,1.877765
54.150774,-81.824400,-259.000000,12.204023,1.858263
54.670774,-81.824400,-259.000000,12.272857,1.882350
55.190774,-81.824400,-259.000000,12.481933,1.862977
55.710774,-81.824400,-259.000000,12.370700,1.897566
56.230774,-81.824400,-259.000000,12.330231,1.892920
56.750774,-81.824400,-259.000000,12.075915,1.856854
57.270774,-81.824400,-259.000000,12.207274,1.872793
57.790774,-81.824400,-259.000000,12.269831,1.870432
58.310774,-81.824400,-259.000000,12.513847,1.893899
58.830774,-81.824400,-259.000000,12.446612,1.882872
59.350774,-81.824400,-259.000000,12.294372,1.897349
59.870774,-81.824400,-259.000000,12.261271,1.874741
60.390774,-81.824400,-259.000000,12.349438,1.857327
60.910774,-81.824400,-259.000000,12.366286,1.894680
61.430774,-81.824400,-259.000000,12.335513,1.906409
61.950774,-81.824400,-259.000000,12.285026,1.866906
62.470774,-81.824400,-259.000000,12.462605,1.890344
62.990774,-81.824400,-259.000000,12.224211,1.865450
63.510774,-81.824400,-259.000000,12.318467,1.876102
64.030774,-81.824400,-259.000000,12.336173,1.899918
64.550774,-81.824400,-259.000000,12.299293,1.879612
65.070774,-81.824400,-259.000000,12.329671,1.897140
65.590774,-81.824400,-259.000000,12.302948,1.872500
66.110774,-81.824400,-259.000000,12.585831,1.890307
66.630774,-81.824400,-259.000000,12.452434,1.885804
67.150774,-81.824400,-259.000000,12.402848,1.883842
67.670774,-81.824400,-259.000000,12.141433,1.874737
68.190774,-81.824400,-259.000000,12.353316,1.888016
68.710774,-81.824400,-259.000000,12.564650,1.886781
69.230774,-81.824400,-259.000000,12.439341,1.875704
69.750774,-81.824400,-259.000000,12.170127,1.876253
70.270774,-81.824400,-259.000000,12.177524,1.869283
70.790774,-81.824400,-259.000000,12.364780,1.884041
71.310774,-81.824400,-259.000000,12.451110,1.866007
71.830774,-81.824400,-259.000000,12.239697,1.870070
72.350774,-81.824400,-259.000000,12.676553,1.899719
72.870774,-81.824400,-259.000000,12.295306,1.881988
73.390774,-81.824400,-259.000000,12.397520,1.862319
73.910774,-81.824400,-259.000000,12.499105,1.869547
74.430774,-81.824400,-259.000000,12.472808,1.888940
74.950774,-81.824400,-259.000000,12.462813,1.871848
75.470774,-81.824400,-259.000000,12.448360,1.859657
75.990774,-81.824400,-259.000000,12.442866,1.873941
13.070774,-81.304400,-259.000000,12.547506,1.803086
75.990774,-81.304400,-259.000000,12.399889,1.873010
13.070774,-82.344400,-258.000000,12.370896,1.802707
13.590774,-82.344400,-258.000000,12.421577,1.788179
14.110774,-82.344400,-258.000000,12.398741,1.815144
14.630774,-82.344400,-258.000000,12.205758,1.808507
15.150774,-82.344400,-258.000000,12.528125,1.835603
15.670774,-82.344400,-258.000000,12.349710,1.807989
16.190774,-82.344400,-258.000000,12.440575,1.826975
16.710774,-82.344400,-258.000000,12.556208,1.848046
17.230774,-82.344400,-258.000000,12.325355,1.841766
17.750774,-82.344400,-258.000000,12.317878,1.865738
18.270774,-82.344400,-258.000000,12.441658,1.859583
18.790774,-82.344400,-258.000000,12.574895,1.872188
19.310774,-82.344400,-258.000000,12.487693,1.865649
19.830774,-82.344400,-258.000000,12.471427,1.875743
20.350774,-82.344400,-258.000000,12.458944,1.861058
20.870774,-82.344400,-258.000000,12.471612,1.855347
21.390774,-82.344400,-258.000000,12.508569,1.866539
21.910774,-82.344400,-258.000000,12.337394,1.871437
22.430774,-82.344400,-258.000000,12.576514,1.883806
22.950774,-82.344400,-258.000000,12.455830,1.879031
23.470774,-82.344400,-258.000000,12.374022,1.855814
23.990774,-82.344400,-258.000000,12.613051,1.878668
24.510774,-82.344400,-258.000000,12.461584,1.871358
25.030774,-82.344400,-258.000000,12.424149,1.852867
25.550774,-82.344400,-258.000000,12.440542,1.888548
26.070774,-82.344400,-258.000000,12.441720,1.879102
26.590774,-82.344400,-258.000000,12.284180,1.859192
27.110774,-82.344400,-258.000000,12.203530,1.844412
27.630774,-82.344400,-258.000000,12.529347,1.875810
28.150774,-82.344400,-258.000000,12.204029,1.864970
28.670774,-82.344400,-258.000000,12.213598,1.883032
29.190774,-82.344400,-258.000000,12.323321,1.879795
29.710774,-82.344400,-258.000000,12.389812,1.881650
30.230774,-82.344400,-258.000000,12.150643,1.855492
30.750774,-82.344400,-258.000000,12.415338,1.879833
31.270774,-82.344400,-258.000000,12.127424,1.858227
31.790774,-82.344400,-258.000000,12.243896,1.889154
32.310774,-82.344400,-258.000000,12.460120,1.863878
32.830774,-82.344400,-258.000000,12.265804,1.897263
33.350774,-82.344400,-258.000000,12.078769,1.867089
33.870774,-82.344400,-258.000000,12.431098,1.901397
34.390774,-82.344400,-258.000000,12.359319,1.888266
34.910774,-82.344400,-258.000000,12.430462,1.909316
35.430774,-82.344400,-258.000000,12.466251,1.891959
35.950774,-82.344400,-258.000000,12.353976,1.882531
36.470774,-82.344400,-258.000000,12.462745,1.874057
36.990774,-82.344400,-258.000000,12.412296,1.879784
37.510774,-82.344400,-258.000000,12.455256,1.893596
38.030774,-82.344400,-258.000000,12.491488,1.863083
38.550774,-82.344400,-258.000000,12.584249,1.903620
39.070774,-82.344400,-258.000000,12.294679,1.858244
39.590774,-82.344400,-258.000000,12.276221,1.862607
40.110774,-82.344400,-258.000000,12.296818,1.894454
40.630774,-82.344400,-258.000000,12.281529,1.891185
41.150774,-82.344400,-258.000000,12.159354,1.881989
41.670774,-82.344400,-258.000000,12.524764,1.879084
42.190774,-82.344400,-258.000000,12.350928,1.871367
42.710774,-82.344400,-258.000000,12.486027,1.894199
43.230774,-82.344400,-258.000000,12.572115,1.895287
43.750774,-82.344400,-258.000000,12.168055,1.892560
44.270774,-82.344400,-258.000000,12.417531,1.895018
44.790774,-82.344400,-258.000000,12.352381,1.868043
45.310774,-82.344400,-258.000000,12.278548,1.876608
45.830774,-82.344400,-258.000000,12.401149,1.906558
46.350774,-82.344400,-258.000000,12.286386,1.878235
46.870774,-82.344400,-258.000000,12.278008,1.899598
47.390774,-82.344400,-258.000000,12.479570,1.879855
47.910774,-82.344400,-258.000000,12.465449,1.876745
48.430774,-82.344400,-258.000000,12.422954,1.868860
48.950774,-82.344400,-258.000000,12.470243,1.884706
49.470774,-82.344400,-258.000000,12.232076,1.881667
49.990774,-82.344400,-258.000000,12.466719,1.922867
50.510774,-82.344400,-258.000000,12.446975,1.891814
51.030774,-82.344400,-258.000000,12.170377,1.870300
51.550774,-82.344400,-258.000000,12.258968,1.883872
52.070774,-82.344400,-258.000000,12.477080,1.882404
52.590774,-82.344400,-258.000000,12.519977,1.882492
53.110774,-82.344400,-258.000000,12.414603,1.868676
53.630774,-82.344400,-258.000000,12.624258,1.878195
54.150774,-82.344400,-258.000000,12.330396,1.883000
54.670774,-82.344400,-258.000000,12.568500,1.874170
55.190774,-82.344400,-258.000000,12.404494,1.888228
55.710774,-82.344400,-258.000000,12.388753,1.885520
56.230774,-82.344400,-258.000000,12.267428,1.892055
56.750774,-82.344400,-258.000000,12.493510,1.888045
57.270774,-82.344400,-258.000000,12.473480,1.886282
57.790774,-82.344400,-258.000000,12.417140,1.877074
58.310774,-82.344400,-258.000000,12.298362,1.876707
58.830774,-82.344400,-258.000000,12.372425,1.879417
59.350774,-82.344400,-258.000000,12.324412,1.883680
59.870774,-82.344400,-258.000000,12.460693,1.887379
60.390774,-82.344400,-258.000000,12.213341,1.864771
60.910774,-82.344400,-258.000000,12.399016,1.892116
61.430774,-82.344400,-258.000000,12.241561,1.868761
61.950774,-82.344400,-258.000000,12.440514,1.890203
62.470774,-82.344400,-258.000000,12.377810,1.905829
62.990774,-82.344400,-258.000000,12.269007,1.887670
63.510774,-82.344400,-258.000000,12.515609,1.877002
64.030774,-82.344400,-258.000000,12.563891,1.886534
64.550774,-82.344400,-258.000000,12.402569,1.865946
65.070774,-82.344400,-258.000000,12.340366,1.879068
65.590774,-82.344400,-258.000000,12.555122,1.868800
66.110774,-82.344400,-258.000000,12.074603,1.876975
66.630774,-82.344400,-258.000000,12.233447,1.857194
67.150774,-82.344400,-258.000000,12.404117,1.881788
67.670774,-82.344400,-258.000000,12.300491,1.864064
68.190774,-82.344400,-258.000000,12.287124,1.859736
68.710774,-82.344400,-258.000000,12.227036,1.868248
69.230774,-82.344400,-258.000000,12.474564,1.908092
69.750774,-82.344400,-258.000000,12.332711,1.869973
70.270774,-82.344400,-258.000000,12.413907,1.863592
70.790774,-82.344400,-258.000000,12.523629,1.894293
71.310774,-82.344400,-258.000000,12.302775,1.863082
71.830774,-82.344400,-258.000000,12.384441,1.876791
72.350774,-82.344400,-258.000000,12.484186,1.872411
72.870774,-82.344400,-258.000000,12.503701,1.852977
73.390774,-82.344400,-258.000000,12.268797,1.847082
73.910774,-82.344400,-258.000000,12.543638,1.876723
74.430774,-82.344400,-258.000000,12.215514,1.860482
74.950774,-82.344400,-258.000000,12.265960,1.847256
75.470774,-82.344400,-258.000000,12.197987,1.860915
75.990774,-82.344400,-258.000000,12.321675,1.861453
13.070774,-81.824400,-258.000000,12.356853,1.807171
13.590774,-81.824400,-258.000000,12.386008,1.786567
14.110774,-81.824400,-258.000000,12.388201,1.824016
14.630774,-81.824400,-258.000000,12.273021,1.809560
15.150774,-81.824400,-258.000000,12.437626,1.833590
15.670774,-81.824400,-258.000000,12.342422,1.816037
16.190774,-81.824400,-258.000000,12.390510,1.827366
16.710774,-81.824400,-258.000000,12.523807,1.846708
17.230774,-81.824400,-258.000000,12.325437,1.842234
17.750774,-81.824400,-258.000000,12.304440,1.870062
18.270774,-81.824400,-258.000000,12.396109,1.865230
18.790774,-81.824400,-258.000000,12.543809,1.873123
19.310774,-81.824400,-258.000000,12.430746,1.868709
19.830774,-81.824400,-258.000000,12.557208,1.878452
20.350774,-81.824400,-258.000000,12.473365,1.867778
20.870774,-81.824400,-258.000000,12.435456,1.858746
21.390774,-81.824400,-258.000000,12.454982,1.871329
21.910774,-81.824400,-258.000000,12.342311,1.875532
22.430774,-81.824400,-258.000000,12.557738,1.881860
22.950774,-81.824400,-258.000000,12.469193,1.883991
23.470774,-81.824400,-258.000000,12.379515,1.859985
23.990774,-81.824400,-258.000000,12.661108,1.882104
24.510774,-81.824400,-258.000000,12.542917,1.869589
25.030774,-81.824400,-258.000000,12.422585,1.857090
25.550774,-81.824400,-258.000000,12.402530,1.885841
26.070774,-81.824400,-258.000000,12.416032,1.878508
26.590774,-81.824400,-258.000000,12.318092,1.865628
27.110774,-81.824400,-258.000000,12.127505,1.851666
27.630774,-81.824400,-258.000000,12.561842,1.883148
28.150774,-81.824400,-258.000000,12.145062,1.861513
28.670774,-81.824400,-258.000000,12.243081,1.882983
29.190774,-81.824400,-258.000000,12.276552,1.890097
29.710774,-81.824400,-258.000000,12.374122,1.881985
30.230774,-81.824400,-258.000000,12.172493,1.861874
30.750774,-81.824400,-258.000000,12.374792,1.876376
31.270774,-81.824400,-258.000000,12.208510,1.863286
31.790774,-81.824400,-258.000000,12.250344,1.885907
32.310774,-81.824400,-258.000000,12.419549,1.864571
32.830774,-81.824400,-258.000000,12.304236,1.900593
33.350774,-81.824400,-258.000000,12.091997,1.869410
33.870774,-81.824400,-258.000000,12.356383,1.906227
34.390774,-81.824400,-258.000000,12.343182,1.892230
34.910774,-81.824400,-258.000000,12.423312,1.911488
35.430774,-81.824400,-258.000000,12.438715,1.895710
35.950774,-81.824400,-258.000000,12.398364,1.898179
36.470774,-81.824400,-258.000000,12.451638,1.876677
36.990774,-81.824400,-258.000000,12.442343,1.880725
37.510774,-81.824400,-258.000000,12.342331,1.897009
38.030774,-81.824400,-258.000000,12.558796,1.868740
38.550774,-81.824400,-258.000000,12.534786,1.905764
39.070774,-81.824400,-258.000000,12.295918,1.868952
39.590774,-81.824400,-258.000000,12.280080,1.868109
40.110774,-81.824400,-258.000000,12.299544,1.899351
40.630774,-81.824400,-258.000000,12.279694,1.896176
41.150774,-81.824400,-258.000000,12.171419,1.883208
41.670774,-81.824400,-258.000000,12.519035,1.877810
42.190774,-81.824400,-258.000000,12.337692,1.871164
42.710774,-81.824400,-258.000000,12.521314,1.907135
43.230774,-81.824400,-258.000000,12.512961,1.892602
43.750774,-81.824400,-258.000000,12.279301,1.895844
44.270774,-81.824400,-258.000000,12.385895,1.892023
44.790774,-81.824400,-258.000000,12.363316,1.870183
45.310774,-81.824400,-258.000000,12.236562,1.885819
45.830774,-81.824400,-258.000000,12.408976,1.906667
46.350774,-81.824400,-258.000000,12.295419,1.891788
46.870774,-81.824400,-258.000000,12.302317,1.903212
47.390774,-81.824400,-258.000000,12.445584,1.871722
47.910774,-81.824400,-258.000000,12.421240,1.876256
48.430774,-81.824400,-258.000000,12.419148,1.872730
48.950774,-81.824400,-258.000000,12.465435,1.895822
49.470774,-81.824400,-258.000000,12.205039,1.880825
49.990774,-81.824400,-258.000000,12.584915,1.922154
50.510774,-81.824400,-258.000000,12.375629,1.889087
51.030774,-81.824400,-258.000000,12.187559,1.867821
51.550774,-81.824400,-258.000000,12.324870,1.885622
52.070774,-81.824400,-258.000000,12.432358,1.884604
52.590774,-81.824400,-258.000000,12.522371,1.891533
53.110774,-81.824400,-258.000000,12.359079,1.866253
53.630774,-81.824400,-258.000000,12.581360,1.878633
54.150774,-81.824400,-258.000000,12.289344,1.884846
54.670774,-81.824400,-258.000000,12.580793,1.875684
55.190774,-81.824400,-258.000000,12.420250,1.885423
55.710774,-81.824400,-258.000000,12.379224,1.889889
56.230774,-81.824400,-258.000000,12.295003,1.889649
56.750774,-81.824400,-258.000000,12.516859,1.886943
57.270774,-81.824400,-258.000000,12.431589,1.888123
57.790774,-81.824400,-258.000000,12.394200,1.876558
58.310774,-81.824400,-258.000000,12.359622,1.890686
58.830774,-81.824400,-258.000000,12.347715,1.878269
59.350774,-81.824400,-258.000000,12.263446,1.883878
59.870774,-81.824400,-258.000000,12.447338,1.887624
60.390774,-81.824400,-258.000000,12.197936,1.870106
60.910774,-81.824400,-258.000000,12.376346,1.888122
61.430774,-81.824400,-258.000000,12.277507,1.874634
61.950774,-81.824400,-258.000000,12.350945,1.890482
62.470774,-81.824400,-258.000000,12.436549,1.910126
62.990774,-81.824400,-258.000000,12.267300,1.892196
63.510774,-81.824400,-258.000000,12.512866,1.879093
64.030774,-81.824400,-258.000000,12.556502,1.881927
64.550774,-81.824400,-258.000000,12.424678,1.879592
65.070774,-81.824400,-258.000000,12.319621,1.882701
65.590774,-81.824400,-258.000000,12.562340,1.874133
66.110774,-81.824400,-258.000000,12.101026,1.877935
66.630774,-81.824400,-258.000000,12.253778,1.860882
67.150774,-81.824400,-258.000000,12.427596,1.884292
67.670774,-81.824400,-258.000000,12.311603,1.865813
68.190774,-81.824400,-258.000000,12.313819,1.869298
68.710774,-81.824400,-258.000000,12.197026,1.869940
69.230774,-81.824400,-258.000000,12.385352,1.910575
69.750774,-81.824400,-258.000000,12.360567,1.871455
70.270774,-81.824400,-258.000000,12.384687,1.870171
70.790774,-81.824400,-258.000000,12.476783,1.895029
71.310774,-81.824400,-258.000000,12.332881,1.871215
71.830774,-81.824400,-258.000000,12.319409,1.876819
72.350774,-81.824400,-258.000000,12.375643,1.874225
72.870774,-81.824400,-258.000000,12.537826,1.864256
73.390774,-81.824400,-258.000000,12.248330,1.849570
73.910774,-81.824400,-258.000000,12.491598,1.884800
74.430774,-81.824400,-258.000000,12.181999,1.861688
74.950774,-81.824400,-258.000000,12.254306,1.846845
75.470774,-81.824400,-258.000000,12.085280,1.854313
75.990774,-81.824400,-258.000000,12.397647,1.868358
13.070774,-81.304400,-258.000000,12.416636,1.815235
75.990774,-81.304400,-258.000000,12.354808,1.872067
13.070774,-82.344400,-257.000000,12.409605,1.788961
13.590774,-82.344400,-257.000000,12.380035,1.786308
14.110774,-82.344400,-257.000000,12.614584,1.817015
14.630774,-82.344400,-257.000000,12.516926,1.813172
15.150774,-82.344400,-257.000000,12.591991,1.835073
15.670774,-82.344400,-257.000000,12.425243,1.848914
16.190774,-82.344400,-257.000000,12.454743,1.848844
16.710774,-82.344400,-257.000000,12.344957,1.847063
17.230774,-82.344400,-257.000000,12.361495,1.855743
17.750774,-82.344400,-257.000000,12.424296,1.861355
18.270774,-82.344400,-257.000000,12.424267,1.853794
18.790774,-82.344400,-257.000000,12.666110,1.852419
19.310774,-82.344400,-257.000000,12.546287,1.839087
19.830774,-82.344400,-257.000000,12.324883,1.853687
20.350774,-82.344400,-257.000000,12.488692,1.881117
20.870774,-82.344400,-257.000000,12.083467,1.846253
21.390774,-82.344400,-257.000000,12.416704,1.874763
21.910774,-82.344400,-257.000000,12.414741,1.857007
22.430774,-82.344400,-257.000000,12.172211,1.862483
22.950774,-82.344400,-257.000000,12.477679,1.864548
23.470774,-82.344400,-257.000000,12.427192,1.872729
23.990774,-82.344400,-257.000000,12.467686,1.873181
24.510774,-82.344400,-257.000000,12.384345,1.866162
25.030774,-82.344400,-257.000000,12.213662,1.865130
25.550774,-82.344400,-257.000000,12.525017,1.872193
26.070774,-82.344400,-257.000000,12.218875,1.867441
26.590774,-82.344400,-257.000000,12.507907,1.876579
27.110774,-82.344400,-257.000000,12.472482,1.875735
27.630774,-82.344400,-257.000000,12.546395,1.882963
28.150774,-82.344400,-257.000000,12.305525,1.869324
28.670774,-82.344400,-257.000000,12.542956,1.874014
29.190774,-82.344400,-257.000000,12.239751,1.860367
29.710774,-82.344400,-257.000000,12.511077,1.860707
30.230774,-82.344400,-257.000000,12.180305,1.877453
30.750774,-82.344400,-257.000000,12.392648,1.875636
31.270774,-82.344400,-257.000000,12.330573,1.877877
31.790774,-82.344400,-257.000000,12.296767,1.881032
32.310774,-82.344400,-257.000000,12.122501,1.852665
32.830774,-82.344400,-257.000000,12.353558,1.877323
33.350774,-82.344400,-257.000000,12.330792,1.894513
33.870774,-82.344400,-257.000000,12.489442,1.873835
34.390774,-82.344400,-257.000000,12.271138,1.874273
34.910774,-82.344400,-257.000000,12.490802,1.861810
35.430774,-82.344400,-257.000000,12.207650,1.883044
35.950774,-82.344400,-257.000000,12.422573,1.874430
36.470774,-82.344400,-257.000000,12.415608,1.896126
36.990774,-82.344400,-257.000000,12.496978,1.869699
37.510774,-82.344400,-257.000000,12.194170,1.862005
38.030774,-82.344400,-257.000000,12.401601,1.884481
38.550774,-82.344400,-257.000000,12.277282,1.891433
39.070774,-82.344400,-257.000000,12.323754,1.878175
39.590774,-82.344400,-257.000000,12.359225,1.894484
40.110774,-82.344400,-257.000000,12.137395,1.877126
40.630774,-82.344400,-257.000000,12.301224,1.890267
41.150774,-82.344400,-257.000000,12.460525,1.884848
41.670774,-82.344400,-257.000000,12.422381,1.869062
42.190774,-82.344400,-257.000000,12.552119,1.895372
42.710774,-82.344400,-257.000000,12.401258,1.873051
43.230774,-82.344400,-257.000000,12.332984,1.868716
43.750774,-82.344400,-257.000000,12.541587,1.895205
44.270774,-82.344400,-257.000000,12.218005,1.878037
44.790774,-82.344400,-257.000000,12.463324,1.899106
45.310774,-82.344400,-257.000000,12.226845,1.877013
45.830774,-82.344400,-257.000000,12.244564,1.879617
46.350774,-82.344400,-257.000000,12.414041,1.904634
46.870774,-82.344400,-257.000000,12.354199,1.890541
47.390774,-82.344400,-257.000000,12.388625,1.864220
47.910774,-82.344400,-257.000000,12.451775,1.873482
48.430774,-82.344400,-257.000000,12.306247,1.870468
48.950774,-82.344400,-257.000000,12.232823,1.874873
49.470774,-82.344400,-257.000000,12.562165,1.874469
49.990774,-82.344400,-257.000000,12.318411,1.869910
50.510774,-82.344400,-257.000000,12.226055,1.862973
51.030774,-82.344400,-257.000000,12.540311,1.872719
51.550774,-82.344400,-257.000000,12.402853,1.899469
52.070774,-82.344400,-257.000000,12.495830,1.877586
52.590774,-82.344400,-257.000000,12.495349,1.879786
53.110774,-82.344400,-257.000000,12.319297,1.872672
53.630774,-82.344400,-257.000000,12.301333,1.870351
54.150774,-82.344400,-257.000000,12.492206,1.889752
54.670774,-82.344400,-257.000000,12.373781,1.858128
55.190774,-82.344400,-257.000000,12.452556,1.888883
55.710774,-82.344400,-257.000000,12.663258,1.901493
56.230774,-82.344400,-257.000000,12.479934,1.875535
56.750774,-82.344400,-257.000000,12.352128,1.889585
57.270774,-82.344400,-257.000000,12.535152,1.887323
57.790774,-82.344400,-257.000000,12.408303,1.882087
58.310774,-82.344400,-257.000000,12.511752,1.877410
58.830774,-82.344400,-257.000000,12.224812,1.873910
59.350774,-82.344400,-257.000000,12.575164,1.896585
59.870774,-82.344400,-257.000000,12.340020,1.877989
60.390774,-82.344400,-257.000000,12.393730,1.892925
60.910774,-82.344400,-257.000000,12.346610,1.875950
61.430774,-82.344400,-257.000000,12.461211,1.908400
61.950774,-82.344400,-257.000000,12.437393,1.890841
62.470774,-82.344400,-257.000000,12.128775,1.864569
62.990774,-82.344400,-257.000000,12.436812,1.870603
63.510774,-82.344400,-257.000000,12.394999,1.871445
64.030774,-82.344400,-257.000000,12.230361,1.871724
64.550774,-82.344400,-257.000000,12.410686,1.870548
65.070774,-82.344400,-257.000000,12.358471,1.884626
65.590774,-82.344400,-257.000000,12.346874,1.867358
66.110774,-82.344400,-257.000000,12.409592,1.880699
66.630774,-82.344400,-257.000000,12.290871,1.876419
67.150774,-82.344400,-257.000000,12.226229,1.871361
67.670774,-82.344400,-257.000000,12.345069,1.887952
68.190774,-82.344400,-257.000000,12.396341,1.872079
68.710774,-82.344400,-257.000000,12.203062,1.866025
69.230774,-82.344400,-257.000000,12.185303,1.859896
69.750774,-82.344400,-257.000000,12.333415,1.871942
70.270774,-82.344400,-257.000000,12.482990,1.878886
70.790774,-82.344400,-257.000000,12.120729,1.893273
71.310774,-82.344400,-257.000000,12.341895,1.854765
71.830774,-82.344400,-257.000000,12.254219,1.861995
72.350774,-82.344400,-257.000000,12.693772,1.881678
72.870774,-82.344400,-257.000000,12.657340,1.912133
73.390774,-82.344400,-257.000000,12.242667,1.882271
73.910774,-82.344400,-257.000000,12.489046,1.871092
74.430774,-82.344400,-257.000000,12.551511,1.874596
74.950774,-82.344400,-257.000000,12.279719,1.870630
75.470774,-82.344400,-257.000000,12.441247,1.850256
75.990774,-82.344400,-257.000000,12.192477,1.872274
13.070774,-81.824400,-257.000000,12.488673,1.786257
13.590774,-81.824400,-257.000000,12.322196,1.787617
14.110774,-81.824400,-257.000000,12.603931,1.822487
14.630774,-81.824400,-257.000000,12.431046,1.813797
15.150774,-81.824400,-257.000000,12.586319,1.830288
15.670774,-81.824400,-257.000000,12.367154,1.848483
16.190774,-81.824400,-257.000000,12.561221,1.846631
16.710774,-81.824400,-257.000000,12.250925,1.848320
17.230774,-81.824400,-257.000000,12.310966,1.861863
17.750774,-81.824400,-257.000000,12.371287,1.857088
18.270774,-81.824400,-257.000000,12.445652,1.847864
18.790774,-81.824400,-257.000000,12.635796,1.848513
19.310774,-81.824400,-257.000000,12.524682,1.841042
19.830774,-81.824400,-257.000000,12.208072,1.845516
20.350774,-81.824400,-257.000000,12.523703,1.886712
20.870774,-81.824400,-257.000000,12.056752,1.844175
21.390774,-81.824400,-257.000000,12.409922,1.875589
21.910774,-81.824400,-257.000000,12.416850,1.860858
22.430774,-81.824400,-257.000000,12.119487,1.861685
22.950774,-81.824400,-257.000000,12.464434,1.860258
23.470774,-81.824400,-257.000000,12.422491,1.877654
23.990774,-81.824400,-257.000000,12.456458,1.873213
24.510774,-81.824400,-257.000000,12.388858,1.877171
25.030774,-81.824400,-257.000000,12.238103,1.872471
25.550774,-81.824400,-257.000000,12.539205,1.873465
26.070774,-81.824400,-257.000000,12.278197,1.878238
26.590774,-81.824400,-257.000000,12.452045,1.877473
27.110774,-81.824400,-257.000000,12.421518,1.875468
27.630774,-81.824400,-257.000000,12.589580,1.883933
28.150774,-81.824400,-257.000000,12.365560,1.871887
28.670774,-81.824400,-257.000000,12.511115,1.878542
29.190774,-81.824400,-257.000000,12.249444,1.861980
29.710774,-81.824400,-257.000000,12.394427,1.860529
30.230774,-81.824400,-257.000000,12.181844,1.880284
30.750774,-81.824400,-257.000000,12.400507,1.880175
31.270774,-81.824400,-257.000000,12.359123,1.874460
31.790774,-81.824400,-257.000000,12.173206,1.874213
32.310774,-81.824400,-257.000000,12.149496,1.863685
32.830774,-81.824400,-257.000000,12.372916,1.877335
33.350774,-81.824400,-257.000000,12.315846,1.896279
33.870774,-81.824400,-257.000000,12.428347,1.871593
34.390774,-81.824400,-257.000000,12.299738,1.877953
34.910774,-81.824400,-257.000000,12.480247,1.863096
35.430774,-81.824400,-257.000000,12.221169,1.883744
35.950774,-81.824400,-257.000000,12.364503,1.875338
36.470774,-81.824400,-257.000000,12.381389,1.892715
36.990774,-81.824400,-257.000000,12.444118,1.871797
37.510774,-81.824400,-257.000000,12.178479,1.858478
38.030774,-81.824400,-257.000000,12.372695,1.882674
38.550774,-81.824400,-257.000000,12.366934,1.898859
39.070774,-81.824400,-257.000000,12.276711,1.880384
39.590774,-81.824400,-257.000000,12.345325,1.899680
40.110774,-81.824400,-257.000000,12.173805,1.874403
40.630774,-81.824400,-257.000000,12.327113,1.897349
41.150774,-81.824400,-257.000000,12.485377,1.885856
41.670774,-81.824400,-257.000000,12.254241,1.873029
42.190774,-81.824400,-257.000000,12.506415,1.895085
42.710774,-81.824400,-257.000000,12.381593,1.873621
43.230774,-81.824400,-257.000000,12.293913,1.871414
43.750774,-81.824400,-257.000000,12.499767,1.895738
44.270774,-81.824400,-257.000000,12.260920,1.888416
44.790774,-81.824400,-257.000000,12.525856,1.898516
45.310774,-81.824400,-257.000000,12.276259,1.882162
45.830774,-81.824400,-257.000000,12.170137,1.876631
46.350774,-81.824400,-257.000000,12.479307,1.906091
46.870774,-81.824400,-257.000000,12.307258,1.891070
47.390774,-81.824400,-257.000000,12.312810,1.861776
47.910774,-81.824400,-257.000000,12.455319,1.874121
48.430774,-81.824400,-257.000000,12.286404,1.864382
48.950774,-81.824400,-257.000000,12.189818,1.882313
49.470774,-81.824400,-257.000000,12.454351,1.872459
49.990774,-81.824400,-257.000000,12.254340,1.869770
50.510774,-81.824400,-257.000000,12.252364,1.871267
51.030774,-81.824400,-257.000000,12.545477,1.881589
51.550774,-81.824400,-257.000000,12.289523,1.905190
52.070774,-81.824400,-257.000000,12.470335,1.870162
52.590774,-81.824400,-257.000000,12.588669,1.890384
53.110774,-81.824400,-257.000000,12.327453,1.868761
53.630774,-81.824400,-257.000000,12.350959,1.879181
54.150774,-81.824400,-257.000000,12.520370,1.891290
54.670774,-81.824400,-257.000000,12.372937,1.862948
55.190774,-81.824400,-257.000000,12.420302,1.890881
55.710774,-81.824400,-257.000000,12.620408,1.905612
56.230774,-81.824400,-257.000000,12.506865,1.886980
56.750774,-81.824400,-257.000000,12.266196,1.880953
57.270774,-81.824400,-257.000000,12.485462,1.886689
57.790774,-81.824400,-257.000000,12.455890,1.886069
58.310774,-81.824400,-257.000000,12.431725,1.881481
58.830774,-81.824400,-257.000000,12.286089,1.872706
59.350774,-81.824400,-257.000000,12.533853,1.902232
59.870774,-81.824400,-257.000000,12.364423,1.878015
60.390774,-81.824400,-257.000000,12.379845,1.891144
60.910774,-81.824400,-257.000000,12.323703,1.887215
61.430774,-81.824400,-257.000000,12.405174,1.912193
61.950774,-81.824400,-257.000000,12.437325,1.896580
62.470774,-81.824400,-257.000000,12.125829,1.872743
62.990774,-81.824400,-257.000000,12.376825,1.872757
63.510774,-81.824400,-257.000000,12.400305,1.874661
64.030774,-81.824400,-257.000000,12.158393,1.869047
64.550774,-81.824400,-257.000000,12.415630,1.870944
65.070774,-81.824400,-257.000000,12.400323,1.879947
65.590774,-81.824400,-257.000000,12.363643,1.868823
66.110774,-81.824400,-257.000000,12.358169,1.879207
66.630774,-81.824400,-257.000000,12.277835,1.884244
67.150774,-81.824400,-257.000000,12.215875,1.870226
67.670774,-81.824400,-257.000000,12.287646,1.888764
68.190774,-81.824400,-257.000000,12.385398,1.870571
68.710774,-81.824400,-257.000000,12.230807,1.860343
69.230774,-81.824400,-257.000000,12.225871,1.867842
69.750774,-81.824400,-257.000000,12.327119,1.869991
70.270774,-81.824400,-257.000000,12.421314,1.878623
70.790774,-81.824400,-257.000000,12.121739,1.891327
71.310774,-81.824400,-257.000000,12.402726,1.859868
71.830774,-81.824400,-257.000000,12.323529,1.869897
72.350774,-81.824400,-257.000000,12.639452,1.882093
72.870774,-81.824400,-257.000000,12.648104,1.903614
73.390774,-81.824400,-257.000000,12.270625,1.884800
73.910774,-81.824400,-257.000000,12.429257,1.872774
74.430774,-81.824400,-257.000000,12.626838,1.876700
74.950774,-81.824400,-257.000000,12.258985,1.868286
75.470774,-81.824400,-257.000000,12.478477,1.861279
75.990774,-81.824400,-257.000000,12.112168,1.867324
13.070774,-81.304400,-257.000000,12.443555,1.783851
75.990774,-81.304400,-257.000000,12.068614,1.866745
13.070774,-82.344400,-256.000000,12.430429,1.783900
13.590774,-82.344400,-256.000000,12.369285,1.787132
14.110774,-82.344400,-256.000000,12.599132,1.824818
14.630774,-82.344400,-256.000000,12.371060,1.832290
15.150774,-82.344400,-256.000000,12.519227,1.830488
15.670774,-82.344400,-256.000000,12.351607,1.838269
16.190774,-82.344400,-256.000000,12.273617,1.822811
16.710774,-82.344400,-256.000000,12.412841,1.820029
17.230774,-82.344400,-256.000000,12.600362,1.851574
17.750774,-82.344400,-256.000000,12.129282,1.823275
18.270774,-82.344400,-256.000000,12.298787,1.847214
18.790774,-82.344400,-256.000000,12.502030,1.885370
19.310774,-82.344400,-256.000000,12.128293,1.850711
19.830774,-82.344400,-256.000000,12.666123,1.867760
20.350774,-82.344400,-256.000000,12.571957,1.864955
20.870774,-82.344400,-256.000000,12.491603,1.881119
21.390774,-82.344400,-256.000000,12.324906,1.884956
21.910774,-82.344400,-256.000000,12.434891,1.867700
22.430774,-82.344400,-256.000000,12.322249,1.853536
22.950774,-82.344400,-256.000000,12.282086,1.856365
23.470774,-82.344400,-256.000000,12.564848,1.877915
23.990774,-82.344400,-256.000000,12.350808,1.876656
24.510774,-82.344400,-256.000000,12.360671,1.868967
25.030774,-82.344400,-256.000000,12.641620,1.895481
25.550774,-82.344400,-256.000000,12.441978,1.858909
26.070774,-82.344400,-256.000000,12.377094,1.887550
26.590774,-82.344400,-256.000000,12.413882,1.874733
27.110774,-82.344400,-256.000000,12.452356,1.875834
27.630774,-82.344400,-256.000000,12.148807,1.849982
28.150774,-82.344400,-256.000000,12.475539,1.884032
28.670774,-82.344400,-256.000000,12.414176,1.876188
29.190774,-82.344400,-256.000000,12.143696,1.877521
29.710774,-82.344400,-256.000000,12.421901,1.867993
30.230774,-82.344400,-256.000000,12.414631,1.865128
30.750774,-82.344400,-256.000000,12.410899,1.868892
31.270774,-82.344400,-256.000000,12.338504,1.895313
31.790774,-82.344400,-256.000000,12.244932,1.877302
32.310774,-82.344400,-256.000000,12.322721,1.873972
32.830774,-82.344400,-256.000000,12.588744,1.884061
33.350774,-82.344400,-256.000000,12.526666,1.891906
33.870774,-82.344400,-256.000000,12.558910,1.894406
34.390774,-82.344400,-256.000000,12.230030,1.886703
34.910774,-82.344400,-256.000000,12.315457,1.875023
35.430774,-82.344400,-256.000000,12.493642,1.910240
35.950774,-82.344400,-256.000000,12.503988,1.895569
36.470774,-82.344400,-256.000000,12.069327,1.893512
36.990774,-82.344400,-256.000000,12.436413,1.886063
37.510774,-82.344400,-256.000000,12.269393,1.854115
38.030774,-82.344400,-256.000000,12.647090,1.890178
38.550774,-82.344400,-256.000000,12.323721,1.873242
39.070774,-82.344400,-256.000000,12.428539,1.869804
39.590774,-82.344400,-256.000000,12.519958,1.865437
40.110774,-82.344400,-256.000000,12.376962,1.894368
40.630774,-82.344400,-256.000000,12.358334,1.881436
41.150774,-82.344400,-256.000000,12.343898,1.876960
41.670774,-82.344400,-256.000000,12.356709,1.899944
42.190774,-82.344400,-256.000000,12.303823,1.859161
42.710774,-82.344400,-256.000000,12.321940,1.887774
43.230774,-82.344400,-256.000000,12.526189,1.893036
43.750774,-82.344400,-256.000000,12.495830,1.880304
44.270774,-82.344400,-256.000000,12.403491,1.900752
44.790774,-82.344400,-256.000000,12.307086,1.852732
45.310774,-82.344400,-256.000000,12.319667,1.862016
45.830774,-82.344400,-256.000000,12.071606,1.863020
46.350774,-82.344400,-256.000000,12.464271,1.880973
46.870774,-82.344400,-256.000000,12.514888,1.898528
47.390774,-82.344400,-256.000000,12.026237,1.860440
47.910774,-82.344400,-256.000000,12.286512,1.860676
48.430774,-82.344400,-256.000000,12.237396,1.896335
48.950774,-82.344400,-256.000000,12.477485,1.896783
49.470774,-82.344400,-256.000000,12.288424,1.893845
49.990774,-82.344400,-256.000000,12.350127,1.871316
50.510774,-82.344400,-256.000000,12.213895,1.888340
51.030774,-82.344400,-256.000000,12.435786,1.862674
51.550774,-82.344400,-256.000000,12.334791,1.875628
52.070774,-82.344400,-256.000000,12.380690,1.875681
52.590774,-82.344400,-256.000000,12.552501,1.896603
53.110774,-82.344400,-256.000000,12.494028,1.869392
53.630774,-82.344400,-256.000000,12.293011,1.880210
54.150774,-82.344400,-256.000000,12.385021,1.898340
54.670774,-82.344400,-256.000000,12.484615,1.897212
55.190774,-82.344400,-256.000000,12.413756,1.884218
55.710774,-82.344400,-256.000000,12.256678,1.861638
56.230774,-82.344400,-256.000000,12.345157,1.885856
56.750774,-82.344400,-256.000000,12.332577,1.879459
57.270774,-82.344400,-256.000000,12.267035,1.889105
57.790774,-82.344400,-256.000000,12.303667,1.901920
58.310774,-82.344400,-256.000000,12.257720,1.866352
58.830774,-82.344400,-256.000000,12.406790,1.908282
59.350774,-82.344400,-256.000000,12.279268,1.869125
59.870774,-82.344400,-256.000000,12.204546,1.873997
60.390774,-82.344400,-256.000000,12.680992,1.901945
60.910774,-82.344400,-256.000000,12.386502,1.886720
61.430774,-82.344400,-256.000000,12.475356,1.883822
61.950774,-82.344400,-256.000000,12.328366,1.870423
62.470774,-82.344400,-256.000000,12.279212,1.884262
62.990774,-82.344400,-256.000000,12.501428,1.894575
63.510774,-82.344400,-256.000000,12.478035,1.870771
64.030774,-82.344400,-256.000000,12.241696,1.867323
64.550774,-82.344400,-256.000000,12.286230,1.875094
65.070774,-82.344400,-256.000000,12.287958,1.881713
65.590774,-82.344400,-256.000000,12.421117,1.864997
66.110774,-82.344400,-256.000000,12.333875,1.874607
66.630774,-82.344400,-256.000000,12.446129,1.865942
67.150774,-82.344400,-256.000000,12.516761,1.891610
67.670774,-82.344400,-256.000000,12.429210,1.875615
68.190774,-82.344400,-256.000000,12.389031,1.865161
68.710774,-82.344400,-256.000000,12.559028,1.886715
69.230774,-82.344400,-256.000000,12.347910,1.872150
69.750774,-82.344400,-256.000000,12.319723,1.865443
70.270774,-82.344400,-256.000000,12.578002,1.899104
70.790774,-82.344400,-256.000000,12.510288,1.861506
71.310774,-82.344400,-256.000000,12.455611,1.866058
71.830774,-82.344400,-256.000000,12.372481,1.873501
72.350774,-82.344400,-256.000000,12.331738,1.880380
72.870774,-82.344400,-256.000000,12.509171,1.865431
73.390774,-82.344400,-256.000000,12.110242,1.871264
73.910774,-82.344400,-256.000000,12.384247,1.877448
74.430774,-82.344400,-256.000000,12.285438,1.865627
74.950774,-82.344400,-256.000000,12.426215,1.877320
75.470774,-82.344400,-256.000000,12.060266,1.846992
75.990774,-82.344400,-256.000000,12.328057,1.849164
13.070774,-81.824400,-256.000000,12.376342,1.783514
13.590774,-81.824400,-256.000000,12.357534,1.788388
14.110774,-81.824400,-256.000000,12.693002,1.827410
14.630774,-81.824400,-256.000000,12.333702,1.833896
15.150774,-81.824400,-256.000000,12.440050,1.830969
15.670774,-81.824400,-256.000000,12.383904,1.844697
16.190774,-81.824400,-256.000000,12.252340,1.811635
16.710774,-81.824400,-256.000000,12.426077,1.828894
17.230774,-81.824400,-256.000000,12.598278,1.848182
17.750774,-81.824400,-256.000000,12.242196,1.837732
18.270774,-81.824400,-256.000000,12.205812,1.846461
18.790774,-81.824400,-256.000000,12.563224,1.890317
19.310774,-81.824400,-256.000000,12.131702,1.849856
19.830774,-81.824400,-256.000000,12.611993,1.873162
20.350774,-81.824400,-256.000000,12.482078,1.867314
20.870774,-81.824400,-256.000000,12.427910,1.889327
21.390774,-81.824400,-256.000000,12.358329,1.883048
21.910774,-81.824400,-256.000000,12.496680,1.877282
22.430774,-81.824400,-256.000000,12.271120,1.849911
22.950774,-81.824400,-256.000000,12.288806,1.857597
23.470774,-81.824400,-256.000000,12.496062,1.879180
23.990774,-81.824400,-256.000000,12.303024,1.878482
24.510774,-81.824400,-256.000000,12.345681,1.862530
25.030774,-81.824400,-256.000000,12.645331,1.896631
25.550774,-81.824400,-256.000000,12.412270,1.862462
26.070774,-81.824400,-256.000000,12.335548,1.883716
26.590774,-81.824400,-256.000000,12.379939,1.875315
27.110774,-81.824400,-256.000000,12.463479,1.872839
27.630774,-81.824400,-256.000000,12.151977,1.858838
28.150774,-81.824400,-256.000000,12.413202,1.879570
28.670774,-81.824400,-256.000000,12.461895,1.889883
29.190774,-81.824400,-256.000000,12.054021,1.874841
29.710774,-81.824400,-256.000000,12.451712,1.869730
30.230774,-81.824400,-256.000000,12.441878,1.865210
30.750774,-81.824400,-256.000000,12.414216,1.864447
31.270774,-81.824400,-256.000000,12.250762,1.904007
31.790774,-81.824400,-256.000000,12.229786,1.870648
32.310774,-81.824400,-256.000000,12.374503,1.881250
32.830774,-81.824400,-256.000000,12.516230,1.890085
33.350774,-81.824400,-256.000000,12.437674,1.896554
33.870774,-81.824400,-256.000000,12.542669,1.893560
34.390774,-81.824400,-256.000000,12.272239,1.885467
34.910774,-81.824400,-256.000000,12.230474,1.879973
35.430774,-81.824400,-256.000000,12.507934,1.905734
35.950774,-81.824400,-256.000000,12.465125,1.898710
36.470774,-81.824400,-256.000000,12.054816,1.887561
36.990774,-81.824400,-256.000000,12.395378,1.884601
37.510774,-81.824400,-256.000000,12.259679,1.867473
38.030774,-81.824400,-256.000000,12.629462,1.892390
38.550774,-81.824400,-256.000000,12.353333,1.872905
39.070774,-81.824400,-256.000000,12.435664,1.871303
39.590774,-81.824400,-256.000000,12.495960,1.867088
40.110774,-81.824400,-256.000000,12.364583,1.890469
40.630774,-81.824400,-256.000000,12.331363,1.882306
41.150774,-81.824400,-256.000000,12.394639,1.888573
41.670774,-81.824400,-256.000000,12.362308,1.899339
42.190774,-81.824400,-256.000000,12.255342,1.861450
42.710774,-81.824400,-256.000000,12.350339,1.888693
43.230774,-81.824400,-256.000000,12.522178,1.884804
43.750774,-81.824400,-256.000000,12.508927,1.884179
44.270774,-81.824400,-256.000000,12.421835,1.901474
44.790774,-81.824400,-256.000000,12.293292,1.857701
45.310774,-81.824400,-256.000000,12.232020,1.862580
45.830774,-81.824400,-256.000000,12.059304,1.869460
46.350774,-81.824400,-256.000000,12.527963,1.888350
46.870774,-81.824400,-256.000000,12.463604,1.895390
47.390774,-81.824400,-256.000000,12.094585,1.869951
47.910774,-81.824400,-256.000000,12.162938,1.863608
48.430774,-81.824400,-256.000000,12.210345,1.898842
48.950774,-81.824400,-256.000000,12.482813,1.892662
49.470774,-81.824400,-256.000000,12.320683,1.893758
49.990774,-81.824400,-256.000000,12.330880,1.872315
50.510774,-81.824400,-256.000000,12.273032,1.888963
51.030774,-81.824400,-256.000000,12.391050,1.870981
51.550774,-81.824400,-256.000000,12.362052,1.872422
52.070774,-81.824400,-256.000000,12.337819,1.878148
52.590774,-81.824400,-256.000000,12.486609,1.891632
53.110774,-81.824400,-256.000000,12.513161,1.872853
53.630774,-81.824400,-256.000000,12.249164,1.875255
54.150774,-81.824400,-256.000000,12.306952,1.892152
54.670774,-81.824400,-256.000000,12.483177,1.902984
55.190774,-81.824400,-256.000000,12.370346,1.887073
55.710774,-81.824400,-256.000000,12.303584,1.859711
56.230774,-81.824400,-256.000000,12.360641,1.887207
56.750774,-81.824400,-256.000000,12.349711,1.887198
57.270774,-81.824400,-256.000000,12.333642,1.892621
57.790774,-81.824400,-256.000000,12.318971,1.907742
58.310774,-81.824400,-256.000000,12.235807,1.863417
58.830774,-81.824400,-256.000000,12.374959,1.907158
59.350774,-81.824400,-256.000000,12.224544,1.869916
59.870774,-81.824400,-256.000000,12.256459,1.875782
60.390774,-81.824400,-256.000000,12.657470,1.901960
60.910774,-81.824400,-256.000000,12.382603,1.887892
61.430774,-81.824400,-256.000000,12.437671,1.879895
61.950774,-81.824400,-256.000000,12.309258,1.862473
62.470774,-81.824400,-256.000000,12.226089,1.887355
62.990774,-81.824400,-256.000000,12.576564,1.894313
63.510774,-81.824400,-256.000000,12.463012,1.876047
64.030774,-81.824400,-256.000000,12.219650,1.871582
64.550774,-81.824400,-256.000000,12.315383,1.883373
65.070774,-81.824400,-256.000000,12.211762,1.879708
65.590774,-81.824400,-256.000000,12.443477,1.867637
66.110774,-81.824400,-256.000000,12.228101,1.868755
66.630774,-81.824400,-256.000000,12.375416,1.870800
67.150774,-81.824400,-256.000000,12.508529,1.889042
67.670774,-81.824400,-256.000000,12.430894,1.878966
68.190774,-81.824400,-256.000000,12.335029,1.868400
68.710774,-81.824400,-256.000000,12.560136,1.889887
69.230774,-81.824400,-256.000000,12.365825,1.866773
69.750774,-81.824400,-256.000000,12.263081,1.879292
70.270774,-81.824400,-256.000000,12.514339,1.891611
70.790774,-81.824400,-256.000000,12.506656,1.864294
71.310774,-81.824400,-256.000000,12.477888,1.867411
71.830774,-81.824400,-256.000000,12.404039,1.873775
72.350774,-81.824400,-256.000000,12.380022,1.884257
72.870774,-81.824400,-256.000000,12.441859,1.864744
73.390774,-81.824400,-256.000000,12.119931,1.873026
73.910774,-81.824400,-256.000000,12.348839,1.882189
74.430774,-81.824400,-256.000000,12.295807,1.868129
74.950774,-81.824400,-256.000000,12.409414,1.875562
75.470774,-81.824400,-256.000000,12.066219,1.846877
75.990774,-81.824400,-256.000000,12.291252,1.850987
13.070774,-81.304400,-256.000000,12.366024,1.782263
75.990774,-81.304400,-256.000000,12.253711,1.849344
13.070774,-82.344400,-255.000000,12.381325,1.796247
13.590774,-82.344400,-255.000000,12.344613,1.798563
14.110774,-82.344400,-255.000000,12.451589,1.827933
14.630774,-82.344400,-255.000000,12.503224,1.815491
15.150774,-82.344400,-255.000000,12.285254,1.812390
15.670774,-82.344400,-255.000000,12.371550,1.833584
16.190774,-82.344400,-255.000000,12.229454,1.829829
16.710774,-82.344400,-255.000000,12.146780,1.824357
17.230774,-82.344400,-255.000000,12.496251,1.846739
17.750774,-82.344400,-255.000000,12.027625,1.849786
18.270774,-82.344400,-255.000000,12.271463,1.843310
18.790774,-82.344400,-255.000000,12.345351,1.877086
19.310774,-82.344400,-255.000000,12.530298,1.855789
19.830774,-82.344400,-255.000000,12.406274,1.852731
20.350774,-82.344400,-255.000000,12.332404,1.842416
20.870774,-82.344400,-255.000000,12.429489,1.872713
21.390774,-82.344400,-255.000000,12.470451,1.861327
21.910774,-82.344400,-255.000000,12.133329,1.872731
22.430774,-82.344400,-255.000000,12.383826,1.869669
22.950774,-82.344400,-255.000000,12.278542,1.864128
23.470774,-82.344400,-255.000000,12.527081,1.879442
23.990774,-82.344400,-255.000000,12.445521,1.863783
24.510774,-82.344400,-255.000000,12.378791,1.861596
25.030774,-82.344400,-255.000000,12.456607,1.874627
25.550774,-82.344400,-255.000000,12.206637,1.858151
26.070774,-82.344400,-255.000000,12.360524,1.892959
26.590774,-82.344400,-255.000000,12.558238,1.883143
27.110774,-82.344400,-255.000000,12.238414,1.853951
27.630774,-82.344400,-255.000000,12.389652,1.884478
28.150774,-82.344400,-255.000000,12.418971,1.859319
28.670774,-82.344400,-255.000000,12.282640,1.869054
29.190774,-82.344400,-255.000000,12.410315,1.900678
29.710774,-82.344400,-255.000000,12.302933,1.890025
30.230774,-82.344400,-255.000000,12.288442,1.868795
30.750774,-82.344400,-255.000000,12.507998,1.888997
31.270774,-82.344400,-255.000000,12.398563,1.881384
31.790774,-82.344400,-255.000000,12.282831,1.884742
32.310774,-82.344400,-255.000000,12.400161,1.873834
32.830774,-82.344400,-255.000000,12.521818,1.889206
33.350774,-82.344400,-255.000000,12.622740,1.896841
33.870774,-82.344400,-255.000000,12.208801,1.875127
34.390774,-82.344400,-255.000000,12.457830,1.874109
34.910774,-82.344400,-255.000000,12.286529,1.856834
35.430774,-82.344400,-255.000000,12.285569,1.871545
35.950774,-82.344400,-255.000000,12.457835,1.887257
36.470774,-82.344400,-255.000000,12.224612,1.883918
36.990774,-82.344400,-255.000000,12.250267,1.862299
37.510774,-82.344400,-255.000000,12.588870,1.904333
38.030774,-82.344400,-255.000000,12.538623,1.876404
38.550774,-82.344400,-255.000000,12.246390,1.885835
39.070774,-82.344400,-255.000000,12.647631,1.885617
39.590774,-82.344400,-255.000000,12.571584,1.873228
40.110774,-82.344400,-255.000000,12.302948,1.867875
40.630774,-82.344400,-255.000000,12.347526,1.879158
41.150774,-82.344400,-255.000000,12.394566,1.883124
41.670774,-82.344400,-255.000000,12.407232,1.897197
42.190774,-82.344400,-255.000000,12.352311,1.888077
42.710774,-82.344400,-255.000000,12.338112,1.871095
43.230774,-82.344400,-255.000000,12.301897,1.865383
43.750774,-82.344400,-255.000000,12.436431,1.897025
44.270774,-82.344400,-255.000000,12.493083,1.877093
44.790774,-82.344400,-255.000000,12.324722,1.879242
45.310774,-82.344400,-255.000000,12.345003,1.910147
45.830774,-82.344400,-255.000000,12.240595,1.891361
46.350774,-82.344400,-255.000000,12.256835,1.877991
46.870774,-82.344400,-255.000000,12.295957,1.902117
47.390774,-82.344400,-255.000000,12.454326,1.898721
47.910774,-82.344400,-255.000000,12.498103,1.874183
48.430774,-82.344400,-255.000000,12.335465,1.881584
48.950774,-82.344400,-255.000000,12.206279,1.887573
49.470774,-82.344400,-255.000000,12.591516,1.882173
49.990774,-82.344400,-255.000000,12.290836,1.862110
50.510774,-82.344400,-255.000000,12.514035,1.876138
51.030774,-82.344400,-255.000000,12.479496,1.880566
51.550774,-82.344400,-255.000000,12.359732,1.876617
52.070774,-82.344400,-255.000000,12.251144,1.886108
52.590774,-82.344400,-255.000000,12.415326,1.909108
53.110774,-82.344400,-255.000000,12.235744,1.876058
53.630774,-82.344400,-255.000000,12.342536,1.854023
54.150774,-82.344400,-255.000000,12.421083,1.866075
54.670774,-82.344400,-255.000000,12.425289,1.886908
55.190774,-82.344400,-255.000000,12.166005,1.870163
55.710774,-82.344400,-255.000000,12.369956,1.865180
56.230774,-82.344400,-255.000000,12.240726,1.866073
56.750774,-82.344400,-255.000000,12.604154,1.890007
57.270774,-82.344400,-255.000000,12.568286,1.883253
57.790774,-82.344400,-255.000000,12.489375,1.894814
58.310774,-82.344400,-255.000000,12.404963,1.890106
58.830774,-82.344400,-255.000000,12.573763,1.888051
59.350774,-82.344400,-255.000000,12.269860,1.864860
59.870774,-82.344400,-255.000000,12.480338,1.881848
60.390774,-82.344400,-255.000000,12.296031,1.877006
60.910774,-82.344400,-255.000000,12.207884,1.873446
61.430774,-82.344400,-255.000000,12.487773,1.881001
61.950774,-82.344400,-255.000000,12.524027,1.893208
62.470774,-82.344400,-255.000000,12.228624,1.880711
62.990774,-82.344400,-255.000000,12.637209,1.884738
63.510774,-82.344400,-255.000000,12.382845,1.903290
64.030774,-82.344400,-255.000000,12.386509,1.881275
64.550774,-82.344400,-255.000000,12.467426,1.873401
65.070774,-82.344400,-255.000000,12.404201,1.862001
65.590774,-82.344400,-255.000000,12.300930,1.882115
66.110774,-82.344400,-255.000000,12.447929,1.882346
66.630774,-82.344400,-255.000000,12.153053,1.873698
67.150774,-82.344400,-255.000000,12.449169,1.891286
67.670774,-82.344400,-255.000000,12.216952,1.889958
68.190774,-82.344400,-255.000000,12.384706,1.886223
68.710774,-82.344400,-255.000000,12.338819,1.863658
69.230774,-82.344400,-255.000000,12.613644,1.900998
69.750774,-82.344400,-255.000000,12.390114,1.863401
70.270774,-82.344400,-255.000000,12.303450,1.870643
70.790774,-82.344400,-255.000000,12.451906,1.874647
71.310774,-82.344400,-255.000000,12.424394,1.864354
71.830774,-82.344400,-255.000000,12.275105,1.863046
72.350774,-82.344400,-255.000000,12.489432,1.886455
72.870774,-82.344400,-255.000000,12.384561,1.887998
73.390774,-82.344400,-255.000000,12.407262,1.853863
73.910774,-82.344400,-255.000000,12.386755,1.853007
74.430774,-82.344400,-255.000000,12.282866,1.861241
74.950774,-82.344400,-255.000000,12.347926,1.859317
75.470774,-82.344400,-255.000000,12.312385,1.872944
75.990774,-82.344400,-255.000000,12.351363,1.876468
13.070774,-81.824400,-255.000000,12.457207,1.797348
13.590774,-81.824400,-255.000000,12.332559,1.795526
14.110774,-81.824400,-255.000000,12.445153,1.835613
14.630774,-81.824400,-255.000000,12.498351,1.813221
15.150774,-81.824400,-255.000000,12.300241,1.818326
15.670774,-81.824400,-255.000000,12.372536,1.831681
16.190774,-81.824400,-255.000000,12.284421,1.841320
16.710774,-81.824400,-255.000000,12.089130,1.818335
17.230774,-81.824400,-255.000000,12.487514,1.851119
17.750774,-81.824400,-255.000000,11.996922,1.842371
18.270774,-81.824400,-255.000000,12.242754,1.845603
18.790774,-81.824400,-255.000000,12.346629,1.871455
19.310774,-81.824400,-255.000000,12.483801,1.864651
19.830774,-81.824400,-255.000000,12.468166,1.855316
20.350774,-81.824400,-255.000000,12.299942,1.849735
20.870774,-81.824400,-255.000000,12.440108,1.874553
21.390774,-81.824400,-255.000000,12.441428,1.865380
21.910774,-81.824400,-255.000000,12.071570,1.860502
22.430774,-81.824400,-255.000000,12.410840,1.866587
22.950774,-81.824400,-255.000000,12.275147,1.870937
23.470774,-81.824400,-255.000000,12.449566,1.881037
23.990774,-81.824400,-255.000000,12.469656,1.864818
24.510774,-81.824400,-255.000000,12.380875,1.862647
25.030774,-81.824400,-255.000000,12.412818,1.876258
25.550774,-81.824400,-255.000000,12.243575,1.861537
26.070774,-81.824400,-255.000000,12.252120,1.887725
26.590774,-81.824400,-255.000000,12.539889,1.886400
27.110774,-81.824400,-255.000000,12.237086,1.866251
27.630774,-81.824400,-255.000000,12.357165,1.887628
28.150774,-81.824400,-255.000000,12.436934,1.860981
28.670774,-81.824400,-255.000000,12.267069,1.871249
29.190774,-81.824400,-255.000000,12.375155,1.891447
29.710774,-81.824400,-255.000000,12.327402,1.895333
30.230774,-81.824400,-255.000000,12.297132,1.869187
30.750774,-81.824400,-255.000000,12.496963,1.893355
31.270774,-81.824400,-255.000000,12.412910,1.882827
31.790774,-81.824400,-255.000000,12.314919,1.886586
32.310774,-81.824400,-255.000000,12.346623,1.877428
32.830774,-81.824400,-255.000000,12.450948,1.880136
33.350774,-81.824400,-255.000000,12.575754,1.898280
33.870774,-81.824400,-255.000000,12.292859,1.880514
34.390774,-81.824400,-255.000000,12.357168,1.871295
34.910774,-81.824400,-255.000000,12.272512,1.863515
35.430774,-81.824400,-255.000000,12.324615,1.875578
35.950774,-81.824400,-255.000000,12.331714,1.879336
36.470774,-81.824400,-255.000000,12.245166,1.887439
36.990774,-81.824400,-255.000000,12.285693,1.856053
37.510774,-81.824400,-255.000000,12.703135,1.908633
38.030774,-81.824400,-255.000000,12.436920,1.874394
38.550774,-81.824400,-255.000000,12.225329,1.882231
39.070774,-81.824400,-255.000000,12.570117,1.889124
39.590774,-81.824400,-255.000000,12.539746,1.872090
40.110774,-81.824400,-255.000000,12.255027,1.867434
40.630774,-81.824400,-255.000000,12.430859,1.888773
41.150774,-81.824400,-255.000000,12.305675,1.880877
41.670774,-81.824400,-255.000000,12.361943,1.893520
42.190774,-81.824400,-255.000000,12.396382,1.890966
42.710774,-81.824400,-255.000000,12.341474,1.870445
43.230774,-81.824400,-255.000000,12.319597,1.869981
43.750774,-81.824400,-255.000000,12.463605,1.900015
44.270774,-81.824400,-255.000000,12.407351,1.870214
44.790774,-81.824400,-255.000000,12.354510,1.887071
45.310774,-81.824400,-255.000000,12.316630,1.908813
45.830774,-81.824400,-255.000000,12.271216,1.892230
46.350774,-81.824400,-255.000000,12.361250,1.883716
46.870774,-81.824400,-255.000000,12.290795,1.898128
47.390774,-81.824400,-255.000000,12.496504,1.896925
47.910774,-81.824400,-255.000000,12.527584,1.884443
48.430774,-81.824400,-255.000000,12.354688,1.880413
48.950774,-81.824400,-255.000000,12.273512,1.898827
49.470774,-81.824400,-255.000000,12.550810,1.876713
49.990774,-81.824400,-255.000000,12.183495,1.867254
50.510774,-81.824400,-255.000000,12.521742,1.885550
51.030774,-81.824400,-255.000000,12.466596,1.883548
51.550774,-81.824400,-255.000000,12.340518,1.876592
52.070774,-81.824400,-255.000000,12.172668,1.887108
52.590774,-81.824400,-255.000000,12.390579,1.911819
53.110774,-81.824400,-255.000000,12.167346,1.883244
53.630774,-81.824400,-255.000000,12.414389,1.865299
54.150774,-81.824400,-255.000000,12.357713,1.862467
54.670774,-81.824400,-255.000000,12.494030,1.895077
55.190774,-81.824400,-255.000000,12.122386,1.871600
55.710774,-81.824400,-255.000000,12.356353,1.862285
56.230774,-81.824400,-255.000000,12.334544,1.872145
56.750774,-81.824400,-255.000000,12.525449,1.884225
57.270774,-81.824400,-255.000000,12.553819,1.878744
57.790774,-81.824400,-255.000000,12.493730,1.898431
58.310774,-81.824400,-255.000000,12.307210,1.888403
58.830774,-81.824400,-255.000000,12.594954,1.887841
59.350774,-81.824400,-255.000000,12.303644,1.870106
59.870774,-81.824400,-255.000000,12.483294,1.881808
60.390774,-81.824400,-255.000000,12.238036,1.881925
60.910774,-81.824400,-255.000000,12.274931,1.878781
61.430774,-81.824400,-255.000000,12.475406,1.882220
61.950774,-81.824400,-255.000000,12.464850,1.899681
62.470774,-81.824400,-255.000000,12.215983,1.880624
62.990774,-81.824400,-255.000000,12.649604,1.886454
63.510774,-81.824400,-255.000000,12.237459,1.902962
64.030774,-81.824400,-255.000000,12.444051,1.876997
64.550774,-81.824400,-255.000000,12.505647,1.882011
65.070774,-81.824400,-255.000000,12.378127,1.863725
65.590774,-81.824400,-255.000000,12.254792,1.888865
66.110774,-81.824400,-255.000000,12.424837,1.884472
66.630774,-81.824400,-255.000000,12.214747,1.875192
67.150774,-81.824400,-255.000000,12.456103,1.892647
67.670774,-81.824400,-255.000000,12.261733,1.891931
68.190774,-81.824400,-255.000000,12.320446,1.886912
68.710774,-81.824400,-255.000000,12.360657,1.865848
69.230774,-81.824400,-255.000000,12.580835,1.904585
69.750774,-81.824400,-255.000000,12.378534,1.860858
70.270774,-81.824400,-255.000000,12.302377,1.868626
70.790774,-81.824400,-255.000000,12.421395,1.880050
71.310774,-81.824400,-255.000000,12.414142,1.870297
71.830774,-81.824400,-255.000000,12.271216,1.859898
72.350774,-81.824400,-255.000000,12.444359,1.886970
72.870774,-81.824400,-255.000000,12.328276,1.886670
73.390774,-81.824400,-255.000000,12.442533,1.849112
73.910774,-81.824400,-255.000000,12.303669,1.849661
74.430774,-81.824400,-255.000000,12.314018,1.873336
74.950774,-81.824400,-255.000000,12.398257,1.867111
75.470774,-81.824400,-255.000000,12.296477,1.866230
75.990774,-81.824400,-255.000000,12.316833,1.877120
13.070774,-81.304400,-255.000000,12.498645,1.804188
75.990774,-81.304400,-255.000000,12.368876,1.885451
13.070774,-82.344400,-254.000000,12.285202,1.788758
13.590774,-82.344400,-254.000000,12.330317,1.807755
14.110774,-82.344400,-254.000000,12.426382,1.826494
14.630774,-82.344400,-254.000000,12.326584,1.782076
15.150774,-82.344400,-254.000000,12.264625,1.800867
15.670774,-82.344400,-254.000000,12.377157,1.828616
16.190774,-82.344400,-254.000000,12.024890,1.822797
16.710774,-82.344400,-254.000000,12.479509,1.848016
17.230774,-82.344400,-254.000000,12.360455,1.841112
17.750774,-82.344400,-254.000000,12.544055,1.850308
18.270774,-82.344400,-254.000000,12.623912,1.857540
18.790774,-82.344400,-254.000000,12.218922,1.840624
19.310774,-82.344400,-254.000000,12.386905,1.857295
19.830774,-82.344400,-254.000000,12.382483,1.866854
20.350774,-82.344400,-254.000000,12.357127,1.864339
20.870774,-82.344400,-254.000000,12.392501,1.871679
21.390774,-82.344400,-254.000000,12.295210,1.847927
21.910774,-82.344400,-254.000000,12.332651,1.861578
22.430774,-82.344400,-254.000000,12.296087,1.859490
22.950774,-82.344400,-254.000000,12.375525,1.862123
23.470774,-82.344400,-254.000000,12.249888,1.865672
23.990774,-82.344400,-254.000000,12.429969,1.893172
24.510774,-82.344400,-254.000000,12.305158,1.890777
25.030774,-82.344400,-254.000000,12.330485,1.870388
25.550774,-82.344400,-254.000000,12.206213,1.847336
26.070774,-82.344400,-254.000000,12.269759,1.856176
26.590774,-82.344400,-254.000000,12.438128,1.870615
27.110774,-82.344400,-254.000000,12.446889,1.874077
27.630774,-82.344400,-254.000000,12.530684,1.864045
28.150774,-82.344400,-254.000000,12.443427,1.881200
28.670774,-82.344400,-254.000000,12.347034,1.855198
29.190774,-82.344400,-254.000000,12.578956,1.887888
29.710774,-82.344400,-254.000000,12.383492,1.857945
30.230774,-82.344400,-254.000000,12.140018,1.870946
30.750774,-82.344400,-254.000000,12.463664,1.873492
31.270774,-82.344400,-254.000000,12.207006,1.878045
31.790774,-82.344400,-254.000000,12.413071,1.862112
32.310774,-82.344400,-254.000000,12.312114,1.864797
32.830774,-82.344400,-254.000000,12.095243,1.870900
33.350774,-82.344400,-254.000000,12.441917,1.896602
33.870774,-82.344400,-254.000000,12.364609,1.875461
34.390774,-82.344400,-254.000000,12.215774,1.862582
34.910774,-82.344400,-254.000000,12.548045,1.892610
35.430774,-82.344400,-254.000000,12.218545,1.886107
35.950774,-82.344400,-254.000000,12.436805,1.863535
36.470774,-82.344400,-254.000000,12.437839,1.900686
36.990774,-82.344400,-254.000000,12.318480,1.888760
37.510774,-82.344400,-254.000000,12.417404,1.882756
38.030774,-82.344400,-254.000000,12.346467,1.877530
38.550774,-82.344400,-254.000000,12.187667,1.856297
39.070774,-82.344400,-254.000000,12.170210,1.878322
39.590774,-82.344400,-254.000000,12.363010,1.888290
40.110774,-82.344400,-254.000000,12.460228,1.903845
40.630774,-82.344400,-254.000000,12.275294,1.878505
41.150774,-82.344400,-254.000000,12.467484,1.886023
41.670774,-82.344400,-254.000000,12.347228,1.879586
42.190774,-82.344400,-254.000000,12.299764,1.881941
42.710774,-82.344400,-254.000000,12.410133,1.889191
43.230774,-82.344400,-254.000000,12.252294,1.880642
43.750774,-82.344400,-254.000000,12.469008,1.901681
44.270774,-82.344400,-254.000000,12.498560,1.878897
44.790774,-82.344400,-254.000000,12.440880,1.886987
45.310774,-82.344400,-254.000000,12.430808,1.888645
45.830774,-82.344400,-254.000000,12.279017,1.883668
46.350774,-82.344400,-254.000000,12.299812,1.891850
46.870774,-82.344400,-254.000000,12.349706,1.880152
47.390774,-82.344400,-254.000000,12.605590,1.883469
47.910774,-82.344400,-254.000000,12.214103,1.887326
48.430774,-82.344400,-254.000000,12.473365,1.890288
48.950774,-82.344400,-254.000000,12.376128,1.859519
49.470774,-82.344400,-254.000000,12.261910,1.891023
49.990774,-82.344400,-254.000000,12.512328,1.884579
50.510774,-82.344400,-254.000000,12.449274,1.896091
51.030774,-82.344400,-254.000000,12.349648,1.872558
51.550774,-82.344400,-254.000000,12.486556,1.879708
52.070774,-82.344400,-254.000000,12.344432,1.882128
52.590774,-82.344400,-254.000000,12.469103,1.877594
53.110774,-82.344400,-254.000000,12.328869,1.881874
53.630774,-82.344400,-254.000000,12.086814,1.881155
54.150774,-82.344400,-254.000000,12.330756,1.891870
54.670774,-82.344400,-254.000000,12.352478,1.900958
55.190774,-82.344400,-254.000000,12.134429,1.863079
55.710774,-82.344400,-254.000000,12.301573,1.874047
56.230774,-82.344400,-254.000000,12.319508,1.879354
56.750774,-82.344400,-254.000000,12.292426,1.880503
57.270774,-82.344400,-254.000000,12.369397,1.858403
57.790774,-82.344400,-254.000000,12.377132,1.882536
58.310774,-82.344400,-254.000000,12.273916,1.870258
58.830774,-82.344400,-254.000000,12.186355,1.883744
59.350774,-82.344400,-254.000000,12.406092,1.887945
59.870774,-82.344400,-254.000000,12.341567,1.901678
60.390774,-82.344400,-254.000000,12.286774,1.875019
60.910774,-82.344400,-254.000000,12.335331,1.896134
61.430774,-82.344400,-254.000000,12.420546,1.887399
61.950774,-82.344400,-254.000000,12.511855,1.897696
62.470774,-82.344400,-254.000000,12.598989,1.892089
62.990774,-82.344400,-254.000000,12.309933,1.867514
63.510774,-82.344400,-254.000000,12.496796,1.894701
64.030774,-82.344400,-254.000000,12.323017,1.886556
64.550774,-82.344400,-254.000000,12.336536,1.895261
65.070774,-82.344400,-254.000000,12.073588,1.871011
65.590774,-82.344400,-254.000000,12.039576,1.850986
66.110774,-82.344400,-254.000000,12.731057,1.908311
66.630774,-82.344400,-254.000000,12.526431,1.892893
67.150774,-82.344400,-254.000000,12.206478,1.879105
67.670774,-82.344400,-254.000000,12.468186,1.879197
68.190774,-82.344400,-254.000000,12.402042,1.879282
68.710774,-82.344400,-254.000000,12.571670,1.864146
69.230774,-82.344400,-254.000000,12.113829,1.884016
69.750774,-82.344400,-254.000000,12.332366,1.848539
70.270774,-82.344400,-254.000000,12.269277,1.869806
70.790774,-82.344400,-254.000000,12.293641,1.846916
71.310774,-82.344400,-254.000000,12.338166,1.864725
71.830774,-82.344400,-254.000000,12.396018,1.865429
72.350774,-82.344400,-254.000000,12.323664,1.866548
72.870774,-82.344400,-254.000000,12.326254,1.864304
73.390774,-82.344400,-254.000000,12.271605,1.868386
73.910774,-82.344400,-254.000000,12.319297,1.849212
74.430774,-82.344400,-254.000000,12.536938,1.899076
74.950774,-82.344400,-254.000000,12.360538,1.877388
75.470774,-82.344400,-254.000000,12.426747,1.887474
75.990774,-82.344400,-254.000000,12.484363,1.850478
13.070774,-81.824400,-254.000000,12.260651,1.797802
13.590774,-81.824400,-254.000000,12.320628,1.812751
14.110774,-81.824400,-254.000000,12.431727,1.824217
14.630774,-81.824400,-254.000000,12.400957,1.788539
15.150774,-81.824400,-254.000000,12.224389,1.798910
15.670774,-81.824400,-254.000000,12.335227,1.825609
16.190774,-81.824400,-254.000000,12.010791,1.824583
16.710774,-81.824400,-254.000000,12.393922,1.850271
17.230774,-81.824400,-254.000000,12.346354,1.847040
17.750774,-81.824400,-254.000000,12.524059,1.853782
18.270774,-81.824400,-254.000000,12.649638,1.864537
18.790774,-81.824400,-254.000000,12.173057,1.835687
19.310774,-81.824400,-254.000000,12.434074,1.860487
19.830774,-81.824400,-254.000000,12.393401,1.867310
20.350774,-81.824400,-254.000000,12.372175,1.869245
20.870774,-81.824400,-254.000000,12.383174,1.871538
21.390774,-81.824400,-254.000000,12.353147,1.857218
21.910774,-81.824400,-254.000000,12.401374,1.856770
22.430774,-81.824400,-254.000000,12.231690,1.868009
22.950774,-81.824400,-254.000000,12.394198,1.868036
23.470774,-81.824400,-254.000000,12.249955,1.863947
23.990774,-81.824400,-254.000000,12.368377,1.885408
24.510774,-81.824400,-254.000000,12.253532,1.893812
25.030774,-81.824400,-254.000000,12.339998,1.876967
25.550774,-81.824400,-254.000000,12.218539,1.853676
26.070774,-81.824400,-254.000000,12.251230,1.854630
26.590774,-81.824400,-254.000000,12.385501,1.876668
27.110774,-81.824400,-254.000000,12.437143,1.876357
27.630774,-81.824400,-254.000000,12.507098,1.868050
28.150774,-81.824400,-254.000000,12.439212,1.874496
28.670774,-81.824400,-254.000000,12.232612,1.857586
29.190774,-81.824400,-254.000000,12.519775,1.893716
29.710774,-81.824400,-254.000000,12.377012,1.857928
30.230774,-81.824400,-254.000000,12.146514,1.872952
30.750774,-81.824400,-254.000000,12.451268,1.872668
31.270774,-81.824400,-254.000000,12.178266,1.883554
31.790774,-81.824400,-254.000000,12.329093,1.851936
32.310774,-81.824400,-254.000000,12.273546,1.867878
32.830774,-81.824400,-254.000000,12.163910,1.881660
33.350774,-81.824400,-254.000000,12.362435,1.890247
33.870774,-81.824400,-254.000000,12.412107,1.879704
34.390774,-81.824400,-254.000000,12.266346,1.870538
34.910774,-81.824400,-254.000000,12.489494,1.894574
35.430774,-81.824400,-254.000000,12.232913,1.881715
35.950774,-81.824400,-254.000000,12.417415,1.868237
36.470774,-81.824400,-254.000000,12.487867,1.900568
36.990774,-81.824400,-254.000000,12.222095,1.889056
37.510774,-81.824400,-254.000000,12.450683,1.889163
38.030774,-81.824400,-254.000000,12.317820,1.879539
38.550774,-81.824400,-254.000000,12.186836,1.857712
39.070774,-81.824400,-254.000000,12.213404,1.884121
39.590774,-81.824400,-254.000000,12.292068,1.887876
40.110774,-81.824400,-254.000000,12.354865,1.907691
40.630774,-81.824400,-254.000000,12.360850,1.887241
41.150774,-81.824400,-254.000000,12.427030,1.887473
41.670774,-81.824400,-254.000000,12.316545,1.882161
42.190774,-81.824400,-254.000000,12.274175,1.883648
42.710774,-81.824400,-254.000000,12.386444,1.886526
43.230774,-81.824400,-254.000000,12.246015,1.891471
43.750774,-81.824400,-254.000000,12.422986,1.895002
44.270774,-81.824400,-254.000000,12.412897,1.878375
44.790774,-81.824400,-254.000000,12.519823,1.883372
45.310774,-81.824400,-254.000000,12.441318,1.897572
45.830774,-81.824400,-254.000000,12.244700,1.883156
46.350774,-81.824400,-254.000000,12.232454,1.890793
46.870774,-81.824400,-254.000000,12.207419,1.877103
47.390774,-81.824400,-254.000000,12.618795,1.883217
47.910774,-81.824400,-254.000000,12.210048,1.889015
48.430774,-81.824400,-254.000000,12.499262,1.894976
48.950774,-81.824400,-254.000000,12.367319,1.865082
49.470774,-81.824400,-254.000000,12.314625,1.895416
49.990774,-81.824400,-254.000000,12.468904,1.885213
50.510774,-81.824400,-254.000000,12.478025,1.896648
51.030774,-81.824400,-254.000000,12.339680,1.878333
51.550774,-81.824400,-254.000000,12.448256,1.879362
52.070774,-81.824400,-254.000000,12.310827,1.882849
52.590774,-81.824400,-254.000000,12.503565,1.882538
53.110774,-81.824400,-254.000000,12.267809,1.886012
53.630774,-81.824400,-254.000000,12.113154,1.874399
54.150774,-81.824400,-254.000000,12.392402,1.896651
54.670774,-81.824400,-254.000000,12.319686,1.897970
55.190774,-81.824400,-254.000000,12.123807,1.862917
55.710774,-81.824400,-254.000000,12.238644,1.882894
56.230774,-81.824400,-254.000000,12.290627,1.875023
56.750774,-81.824400,-254.000000,12.248550,1.882881
57.270774,-81.824400,-254.000000,12.277258,1.862278
57.790774,-81.824400,-254.000000,12.423375,1.885366
58.310774,-81.824400,-254.000000,12.242633,1.865587
58.830774,-81.824400,-254.000000,12.202592,1.886320
59.350774,-81.824400,-254.000000,12.294317,1.887481
59.870774,-81.824400,-254.000000,12.314876,1.904372
60.390774,-81.824400,-254.000000,12.370421,1.878615
60.910774,-81.824400,-254.000000,12.309766,1.897349
61.430774,-81.824400,-254.000000,12.327743,1.892245
61.950774,-81.824400,-254.000000,12.567981,1.899136
62.470774,-81.824400,-254.000000,12.557738,1.895695
62.990774,-81.824400,-254.000000,12.301734,1.867769
63.510774,-81.824400,-254.000000,12.441805,1.891146
64.030774,-81.824400,-254.000000,12.325603,1.902735
64.550774,-81.824400,-254.000000,12.225975,1.883572
65.070774,-81.824400,-254.000000,12.115569,1.872239
65.590774,-81.824400,-254.000000,12.061215,1.861181
66.110774,-81.824400,-254.000000,12.695591,1.910422
66.630774,-81.824400,-254.000000,12.497149,1.893957
67.150774,-81.824400,-254.000000,12.195110,1.876001
67.670774,-81.824400,-254.000000,12.463594,1.887073
68.190774,-81.824400,-254.000000,12.332038,1.871422
68.710774,-81.824400,-254.000000,12.574981,1.875551
69.230774,-81.824400,-254.000000,12.108505,1.875003
69.750774,-81.824400,-254.000000,12.332966,1.857741
70.270774,-81.824400,-254.000000,12.246456,1.871848
70.790774,-81.824400,-254.000000,12.345051,1.849613
71.310774,-81.824400,-254.000000,12.336795,1.864959
71.830774,-81.824400,-254.000000,12.407799,1.871832
72.350774,-81.824400,-254.000000,12.246961,1.865768
72.870774,-81.824400,-254.000000,12.285274,1.862131
73.390774,-81.824400,-254.000000,12.304338,1.883174
73.910774,-81.824400,-254.000000,12.359537,1.855758
74.430774,-81.824400,-254.000000,12.429647,1.888907
74.950774,-81.824400,-254.000000,12.370961,1.879059
75.470774,-81.824400,-254.000000,12.373912,1.888435
75.990774,-81.824400,-254.000000,12.543128,1.855699
13.070774,-81.304400,-254.000000,12.258494,1.797723
13.070774,-82.344400,-253.000000,12.231826,1.764699
13.590774,-82.344400,-253.000000,12.456596,1.791247
14.110774,-82.344400,-253.000000,12.415312,1.818296
14.630774,-82.344400,-253.000000,12.367625,1.827652
15.150774,-82.344400,-253.000000,12.182345,1.815755
15.670774,-82.344400,-253.000000,12.307676,1.817671
16.190774,-82.344400,-253.000000,12.362841,1.840886
16.710774,-82.344400,-253.000000,12.202501,1.811868
17.230774,-82.344400,-253.000000,12.491184,1.856365
17.750774,-82.344400,-253.000000,12.326171,1.850242
18.270774,-82.344400,-253.000000,12.420827,1.850835
18.790774,-82.344400,-253.000000,12.617024,1.859308
19.310774,-82.344400,-253.000000,12.440767,1.848439
19.830774,-82.344400,-253.000000,12.497999,1.868941
20.350774,-82.344400,-253.000000,12.356414,1.839743
20.870774,-82.344400,-253.000000,12.527594,1.861914
21.390774,-82.344400,-253.000000,12.518793,1.864758
21.910774,-82.344400,-253.000000,12.133101,1.823594
22.430774,-82.344400,-253.000000,12.475638,1.884336
22.950774,-82.344400,-253.000000,12.542324,1.864968
23.470774,-82.344400,-253.000000,12.312716,1.855007
23.990774,-82.344400,-253.000000,12.306120,1.886687
24.510774,-82.344400,-253.000000,12.103204,1.827691
25.030774,-82.344400,-253.000000,12.360907,1.867488
25.550774,-82.344400,-253.000000,12.553401,1.875534
26.070774,-82.344400,-253.000000,12.411196,1.864781
26.590774,-82.344400,-253.000000,12.561791,1.875437
27.110774,-82.344400,-253.000000,12.196552,1.871483
27.630774,-82.344400,-253.000000,12.305232,1.869045
28.150774,-82.344400,-253.000000,12.371118,1.866590
28.670774,-82.344400,-253.000000,12.238039,1.856712
29.190774,-82.344400,-253.000000,12.500106,1.880388
29.710774,-82.344400,-253.000000,12.108358,1.863785
30.230774,-82.344400,-253.000000,12.251521,1.866120
30.750774,-82.344400,-253.000000,12.520662,1.902665
31.270774,-82.344400,-253.000000,12.343556,1.877505
31.790774,-82.344400,-253.000000,12.538580,1.879549
32.310774,-82.344400,-253.000000,12.360521,1.876810
32.830774,-82.344400,-253.000000,12.492858,1.870909
33.350774,-82.344400,-253.000000,12.084267,1.871871
33.870774,-82.344400,-253.000000,12.540484,1.882858
34.390774,-82.344400,-253.000000,12.211802,1.867445
34.910774,-82.344400,-253.000000,12.281955,1.855215
35.430774,-82.344400,-253.000000,12.496085,1.892508
35.950774,-82.344400,-253.000000,12.471787,1.886479
36.470774,-82.344400,-253.000000,12.262507,1.844097
36.990774,-82.344400,-253.000000,12.300987,1.861973
37.510774,-82.344400,-253.000000,12.519480,1.868320
38.030774,-82.344400,-253.000000,12.612367,1.897120
38.550774,-82.344400,-253.000000,12.408266,1.898345
39.070774,-82.344400,-253.000000,12.154287,1.884962
39.590774,-82.344400,-253.000000,12.211070,1.877004
40.110774,-82.344400,-253.000000,12.618676,1.910065
40.630774,-82.344400,-253.000000,12.318772,1.907153
41.150774,-82.344400,-253.000000,12.387061,1.898227
41.670774,-82.344400,-253.000000,12.343721,1.872939
42.190774,-82.344400,-253.000000,12.476130,1.888941
42.710774,-82.344400,-253.000000,12.442408,1.883840
43.230774,-82.344400,-253.000000,12.592731,1.893445
43.750774,-82.344400,-253.000000,12.380363,1.875075
44.270774,-82.344400,-253.000000,12.344049,1.894118
44.790774,-82.344400,-253.000000,12.416574,1.888153
45.310774,-82.344400,-253.000000,12.513567,1.878802
45.830774,-82.344400,-253.000000,12.084989,1.868687
46.350774,-82.344400,-253.000000,12.558475,1.884913
46.870774,-82.344400,-253.000000,12.342405,1.884046
47.390774,-82.344400,-253.000000,12.301368,1.901015
47.910774,-82.344400,-253.000000,12.554294,1.904289
48.430774,-82.344400,-253.000000,12.475389,1.889569
48.950774,-82.344400,-253.000000,12.541798,1.885246
49.470774,-82.344400,-253.000000,12.510383,1.892080
49.990774,-82.344400,-253.000000,12.326604,1.852502
50.510774,-82.344400,-253.000000,12.415587,1.871354
51.030774,-82.344400,-253.000000,12.316628,1.881793
51.550774,-82.344400,-253.000000,12.252621,1.867278
52.070774,-82.344400,-253.000000,12.332193,1.880414
52.590774,-82.344400,-253.000000,12.243257,1.874895
53.110774,-82.344400,-253.000000,12.103305,1.847063
53.630774,-82.344400,-253.000000,12.312411,1.868938
54.150774,-82.344400,-253.000000,12.474655,1.886357
54.670774,-82.344400,-253.000000,12.538263,1.910643
55.190774,-82.344400,-253.000000,12.318907,1.895036
55.710774,-82.344400,-253.000000,12.342240,1.900833
56.230774,-82.344400,-253.000000,12.544131,1.890496
56.750774,-82.344400,-253.000000,12.421021,1.896871
57.270774,-82.344400,-253.000000,12.312585,1.881504
57.790774,-82.344400,-253.000000,12.438684,1.880514
58.310774,-82.344400,-253.000000,12.426615,1.892240
58.830774,-82.344400,-253.000000,12.231929,1.873452
59.350774,-82.344400,-253.000000,12.433461,1.879194
59.870774,-82.344400,-253.000000,12.369473,1.895031
60.390774,-82.344400,-253.000000,12.409818,1.875695
60.910774,-82.344400,-253.000000,12.424882,1.902929
61.430774,-82.344400,-253.000000,12.205527,1.876402
61.950774,-82.344400,-253.000000,12.326974,1.889359
62.470774,-82.344400,-253.000000,12.340961,1.872506
62.990774,-82.344400,-253.000000,12.369793,1.865547
63.510774,-82.344400,-253.000000,12.419577,1.884467
64.030774,-82.344400,-253.000000,12.332721,1.877206
64.550774,-82.344400,-253.000000,12.329914,1.877498
65.070774,-82.344400,-253.000000,12.551054,1.884499
65.590774,-82.344400,-253.000000,12.340739,1.879683
66.110774,-82.344400,-253.000000,12.406981,1.884145
66.630774,-82.344400,-253.000000,12.305457,1.863465
67.150774,-82.344400,-253.000000,12.400699,1.868484
67.670774,-82.344400,-253.000000,12.268546,1.879317
68.190774,-82.344400,-253.000000,12.297571,1.878810
68.710774,-82.344400,-253.000000,12.487347,1.863895
69.230774,-82.344400,-253.000000,12.181164,1.860364
69.750774,-82.344400,-253.000000,12.419158,1.897510
70.270774,-82.344400,-253.000000,12.461535,1.861123
70.790774,-82.344400,-253.000000,12.496766,1.872021
71.310774,-82.344400,-253.000000,12.267251,1.870003
71.830774,-82.344400,-253.000000,12.450500,1.858440
72.350774,-82.344400,-253.000000,12.289502,1.880573
72.870774,-82.344400,-253.000000,12.226211,1.869742
73.390774,-82.344400,-253.000000,12.326117,1.879532
73.910774,-82.344400,-253.000000,12.269091,1.870304
74.430774,-82.344400,-253.000000,12.358752,1.874574
74.950774,-82.344400,-253.000000,12.432843,1.892670
75.470774,-82.344400,-253.000000,12.138509,1.861471
75.990774,-82.344400,-253.000000,12.449089,1.862200
13.070774,-81.824400,-253.000000,12.232167,1.773552
13.590774,-81.824400,-253.000000,12.482138,1.786343
14.110774,-81.824400,-253.000000,12.388534,1.818147
14.630774,-81.824400,-253.000000,12.388125,1.824277
15.150774,-81.824400,-253.000000,12.199443,1.826802
15.670774,-81.824400,-253.000000,12.264570,1.819205
16.190774,-81.824400,-253.000000,12.383365,1.848835
16.710774,-81.824400,-253.000000,12.265118,1.817005
17.230774,-81.824400,-253.000000,12.394773,1.848363
17.750774,-81.824400,-253.000000,12.378762,1.850666
18.270774,-81.824400,-253.000000,12.378013,1.848481
18.790774,-81.824400,-253.000000,12.602774,1.855953
19.310774,-81.824400,-253.000000,12.394881,1.848087
19.830774,-81.824400,-253.000000,12.462150,1.868121
20.350774,-81.824400,-253.000000,12.329878,1.839758
20.870774,-81.824400,-253.000000,12.522746,1.854586
21.390774,-81.824400,-253.000000,12.503051,1.871880
21.910774,-81.824400,-253.000000,12.152285,1.827332
22.430774,-81.824400,-253.000000,12.493568,1.887686
22.950774,-81.824400,-253.000000,12.462032,1.863582
23.470774,-81.824400,-253.000000,12.309573,1.858984
23.990774,-81.824400,-253.000000,12.316080,1.888990
24.510774,-81.824400,-253.000000,12.041590,1.829721
25.030774,-81.824400,-253.000000,12.254887,1.864746
25.550774,-81.824400,-253.000000,12.484550,1.882882
26.070774,-81.824400,-253.000000,12.452013,1.861289
26.590774,-81.824400,-253.000000,12.559935,1.875891
27.110774,-81.824400,-253.000000,12.149996,1.874709
27.630774,-81.824400,-253.000000,12.307884,1.879196
28.150774,-81.824400,-253.000000,12.261364,1.867545
28.670774,-81.824400,-253.000000,12.301457,1.862179
29.190774,-81.824400,-253.000000,12.502641,1.886404
29.710774,-81.824400,-253.000000,12.070224,1.865398
30.230774,-81.824400,-253.000000,12.283387,1.873090
30.750774,-81.824400,-253.000000,12.489331,1.900109
31.270774,-81.824400,-253.000000,12.300293,1.871713
31.790774,-81.824400,-253.000000,12.595590,1.890794
32.310774,-81.824400,-253.000000,12.307324,1.877726
32.830774,-81.824400,-253.000000,12.418579,1.872352
33.350774,-81.824400,-253.000000,12.161769,1.870243
33.870774,-81.824400,-253.000000,12.506138,1.878870
34.390774,-81.824400,-253.000000,12.161049,1.869758
34.910774,-81.824400,-253.000000,12.249438,1.855930
35.430774,-81.824400,-253.000000,12.465836,1.889523
35.950774,-81.824400,-253.000000,12.436954,1.893394
36.470774,-81.824400,-253.000000,12.172982,1.850523
36.990774,-81.824400,-253.000000,12.347070,1.863822
37.510774,-81.824400,-253.000000,12.537152,1.865061
38.030774,-81.824400,-253.000000,12.585139,1.889081
38.550774,-81.824400,-253.000000,12.330665,1.893077
39.070774,-81.824400,-253.000000,12.197795,1.893308
39.590774,-81.824400,-253.000000,12.140479,1.873535
40.110774,-81.824400,-253.000000,12.617087,1.915819
40.630774,-81.824400,-253.000000,12.304066,1.909559
41.150774,-81.824400,-253.000000,12.402069,1.898842
41.670774,-81.824400,-253.000000,12.393525,1.866886
42.190774,-81.824400,-253.000000,12.435671,1.896697
42.710774,-81.824400,-253.000000,12.426932,1.885664
43.230774,-81.824400,-253.000000,12.551456,1.895271
43.750774,-81.824400,-253.000000,12.345345,1.880744
44.270774,-81.824400,-253.000000,12.353518,1.898421
44.790774,-81.824400,-253.000000,12.382208,1.891421
45.310774,-81.824400,-253.000000,12.474855,1.874970
45.830774,-81.824400,-253.000000,12.011280,1.870363
46.350774,-81.824400,-253.000000,12.516001,1.886963
46.870774,-81.824400,-253.000000,12.339175,1.881383
47.390774,-81.824400,-253.000000,12.280646,1.907130
47.910774,-81.824400,-253.000000,12.527267,1.901055
48.430774,-81.824400,-253.000000,12.463524,1.892265
48.950774,-81.824400,-253.000000,12.515695,1.884184
49.470774,-81.824400,-253.000000,12.434102,1.891409
49.990774,-81.824400,-253.000000,12.357154,1.856330
50.510774,-81.824400,-253.000000,12.453614,1.871603
51.030774,-81.824400,-253.000000,12.297946,1.878470
51.550774,-81.824400,-253.000000,12.238406,1.874928
52.070774,-81.824400,-253.000000,12.304995,1.885968
52.590774,-81.824400,-253.000000,12.243553,1.875354
53.110774,-81.824400,-253.000000,12.115699,1.846053
53.630774,-81.824400,-253.000000,12.341250,1.871077
54.150774,-81.824400,-253.000000,12.449025,1.887867
54.670774,-81.824400,-253.000000,12.474463,1.907575
55.190774,-81.824400,-253.000000,12.319336,1.900500
55.710774,-81.824400,-253.000000,12.308867,1.902254
56.230774,-81.824400,-253.000000,12.513967,1.892754
56.750774,-81.824400,-253.000000,12.457778,1.899884
57.270774,-81.824400,-253.000000,12.262589,1.882325
57.790774,-81.824400,-253.000000,12.433866,1.882870
58.310774,-81.824400,-253.000000,12.344907,1.896532
58.830774,-81.824400,-253.000000,12.208506,1.872649
59.350774,-81.824400,-253.000000,12.459014,1.884504
59.870774,-81.824400,-253.000000,12.377047,1.899166
60.390774,-81.824400,-253.000000,12.430042,1.880514
60.910774,-81.824400,-253.000000,12.328357,1.899370
61.430774,-81.824400,-253.000000,12.193756,1.879598
61.950774,-81.824400,-253.000000,12.259599,1.892517
62.470774,-81.824400,-253.000000,12.412577,1.875049
62.990774,-81.824400,-253.000000,12.306621,1.863391
63.510774,-81.824400,-253.000000,12.428459,1.892567
64.030774,-81.824400,-253.000000,12.337329,1.873877
64.550774,-81.824400,-253.000000,12.364300,1.886203
65.070774,-81.824400,-253.000000,12.533280,1.882833
65.590774,-81.824400,-253.000000,12.377261,1.877141
66.110774,-81.824400,-253.000000,12.394689,1.892322
66.630774,-81.824400,-253.000000,12.329229,1.855988
67.150774,-81.824400,-253.000000,12.304953,1.867367
67.670774,-81.824400,-253.000000,12.309634,1.884433
68.190774,-81.824400,-253.000000,12.284628,1.866653
68.710774,-81.824400,-253.000000,12.427836,1.868603
69.230774,-81.824400,-253.000000,12.248424,1.873335
69.750774,-81.824400,-253.000000,12.406252,1.903559
70.270774,-81.824400,-253.000000,12.429279,1.856582
70.790774,-81.824400,-253.000000,12.484103,1.869965
71.310774,-81.824400,-253.000000,12.191528,1.869293
71.830774,-81.824400,-253.000000,12.409195,1.858422
72.350774,-81.824400,-253.000000,12.289511,1.881737
72.870774,-81.824400,-253.000000,12.238326,1.869606
73.390774,-81.824400,-253.000000,12.328833,1.876131
73.910774,-81.824400,-253.000000,12.229254,1.873152
74.430774,-81.824400,-253.000000,12.365335,1.879136
74.950774,-81.824400,-253.000000,12.446702,1.895950
75.470774,-81.824400,-253.000000,12.164207,1.862710
75.990774,-81.824400,-253.000000,12.319305,1.865595
13.070774,-81.304400,-253.000000,12.230643,1.777803
75.990774,-81.304400,-253.000000,12.256549,1.863508
13.070774,-82.344400,-252.000000,12.379785,1.796153
13.590774,-82.344400,-252.000000,12.418716,1.809539
14.110774,-82.344400,-252.000000,12.262324,1.793694
14.630774,-82.344400,-252.000000,12.564654,1.826798
15.150774,-82.344400,-252.000000,12.504701,1.827984
15.670774,-82.344400,-252.000000,12.310076,1.811845
16.190774,-82.344400,-252.000000,12.477675,1.876557
16.710774,-82.344400,-252.000000,12.260036,1.833614
17.230774,-82.344400,-252.000000,12.369936,1.877425
17.750774,-82.344400,-252.000000,12.155666,1.820379
18.270774,-82.344400,-252.000000,12.655292,1.868621
18.790774,-82.344400,-252.000000,12.655785,1.857190
19.310774,-82.344400,-252.000000,12.359216,1.855664
19.830774,-82.344400,-252.000000,12.359115,1.854955
20.350774,-82.344400,-252.000000,12.379310,1.862572
20.870774,-82.344400,-252.000000,12.426096,1.849328
21.390774,-82.344400,-252.000000,12.243365,1.865496
21.910774,-82.344400,-252.000000,12.306003,1.871281
22.430774,-82.344400,-252.000000,12.472714,1.860228
22.950774,-82.344400,-252.000000,12.115142,1.857732
23.470774,-82.344400,-252.000000,12.361094,1.851579
23.990774,-82.344400,-252.000000,12.365353,1.886846
24.510774,-82.344400,-252.000000,12.530033,1.888602
25.030774,-82.344400,-252.000000,12.103209,1.841345
25.550774,-82.344400,-252.000000,12.428975,1.866377
26.070774,-82.344400,-252.000000,12.436703,1.861954
26.590774,-82.344400,-252.000000,12.364657,1.867481
27.110774,-82.344400,-252.000000,12.478751,1.873823
27.630774,-82.344400,-252.000000,12.321496,1.874520
28.150774,-82.344400,-252.000000,12.249655,1.841898
28.670774,-82.344400,-252.000000,12.281165,1.849818
29.190774,-82.344400,-252.000000,12.357740,1.860114
29.710774,-82.344400,-252.000000,12.387801,1.879043
30.230774,-82.344400,-252.000000,12.519341,1.864838
30.750774,-82.344400,-252.000000,12.499840,1.877837
31.270774,-82.344400,-252.000000,12.535060,1.885021
31.790774,-82.344400,-252.000000,12.375129,1.868664
32.310774,-82.344400,-252.000000,12.219524,1.867718
32.830774,-82.344400,-252.000000,12.389033,1.873801
33.350774,-82.344400,-252.000000,12.216133,1.864111
33.870774,-82.344400,-252.000000,12.290614,1.865753
34.390774,-82.344400,-252.000000,12.321887,1.866259
34.910774,-82.344400,-252.000000,12.615050,1.892291
35.430774,-82.344400,-252.000000,12.284457,1.862793
35.950774,-82.344400,-252.000000,12.354239,1.870161
36.470774,-82.344400,-252.000000,12.371630,1.865355
36.990774,-82.344400,-252.000000,12.064037,1.859393
37.510774,-82.344400,-252.000000,12.488149,1.872292
38.030774,-82.344400,-252.000000,12.418025,1.871456
38.550774,-82.344400,-252.000000,12.300728,1.908842
39.070774,-82.344400,-252.000000,12.189278,1.860369
39.590774,-82.344400,-252.000000,12.503448,1.877362
40.110774,-82.344400,-252.000000,12.536723,1.869539
40.630774,-82.344400,-252.000000,12.341829,1.892127
41.150774,-82.344400,-252.000000,12.319328,1.887357
41.670774,-82.344400,-252.000000,12.330214,1.889618
42.190774,-82.344400,-252.000000,12.331046,1.872111
42.710774,-82.344400,-252.000000,12.462700,1.892989
43.230774,-82.344400,-252.000000,12.483815,1.897876
43.750774,-82.344400,-252.000000,12.381451,1.875438
44.270774,-82.344400,-252.000000,12.223345,1.882843
44.790774,-82.344400,-252.000000,12.389918,1.863879
45.310774,-82.344400,-252.000000,12.288718,1.860520
45.830774,-82.344400,-252.000000,12.183856,1.866975
46.350774,-82.344400,-252.000000,12.060302,1.877022
46.870774,-82.344400,-252.000000,12.283713,1.892710
47.390774,-82.344400,-252.000000,12.272844,1.873280
47.910774,-82.344400,-252.000000,12.122272,1.875348
48.430774,-82.344400,-252.000000,12.429314,1.870359
48.950774,-82.344400,-252.000000,12.597152,1.889210
49.470774,-82.344400,-252.000000,12.262294,1.866372
49.990774,-82.344400,-252.000000,12.276931,1.881317
50.510774,-82.344400,-252.000000,12.386387,1.905984
51.030774,-82.344400,-252.000000,12.363561,1.886777
51.550774,-82.344400,-252.000000,12.333478,1.887301
52.070774,-82.344400,-252.000000,12.306952,1.882874
52.590774,-82.344400,-252.000000,12.135945,1.855118
53.110774,-82.344400,-252.000000,12.365836,1.898516
53.630774,-82.344400,-252.000000,12.513070,1.891574
54.150774,-82.344400,-252.000000,12.211480,1.861430
54.670774,-82.344400,-252.000000,12.570396,1.885295
55.190774,-82.344400,-252.000000,12.213630,1.868182
55.710774,-82.344400,-252.000000,12.432098,1.884896
56.230774,-82.344400,-252.000000,12.372617,1.871758
56.750774,-82.344400,-252.000000,12.210971,1.872254
57.270774,-82.344400,-252.000000,12.625887,1.878231
57.790774,-82.344400,-252.000000,12.648259,1.880908
58.310774,-82.344400,-252.000000,12.364095,1.894706
58.830774,-82.344400,-252.000000,12.303569,1.869528
59.350774,-82.344400,-252.000000,12.162849,1.872185
59.870774,-82.344400,-252.000000,12.322137,1.877447
60.390774,-82.344400,-252.000000,12.360805,1.888665
60.910774,-82.344400,-252.000000,12.468848,1.873434
61.430774,-82.344400,-252.000000,12.284042,1.893572
61.950774,-82.344400,-252.000000,12.402247,1.880964
62.470774,-82.344400,-252.000000,12.364974,1.900577
62.990774,-82.344400,-252.000000,12.282393,1.871368
63.510774,-82.344400,-252.000000,12.552041,1.895521
64.030774,-82.344400,-252.000000,12.638177,1.884081
64.550774,-82.344400,-252.000000,12.595956,1.908502
65.070774,-82.344400,-252.000000,12.436962,1.891686
65.590774,-82.344400,-252.000000,12.252005,1.863873
66.110774,-82.344400,-252.000000,12.296375,1.886351
66.630774,-82.344400,-252.000000,12.094509,1.854595
67.150774,-82.344400,-252.000000,12.478147,1.867470
67.670774,-82.344400,-252.000000,12.354577,1.870807
68.190774,-82.344400,-252.000000,12.321184,1.867776
68.710774,-82.344400,-252.000000,12.489196,1.881509
69.230774,-82.344400,-252.000000,12.400798,1.896918
69.750774,-82.344400,-252.000000,12.045947,1.848811
70.270774,-82.344400,-252.000000,12.250983,1.854533
70.790774,-82.344400,-252.000000,12.488079,1.884290
71.310774,-82.344400,-252.000000,12.185117,1.847118
71.830774,-82.344400,-252.000000,12.641177,1.877777
72.350774,-82.344400,-252.000000,12.400402,1.878941
72.870774,-82.344400,-252.000000,12.198432,1.873990
73.390774,-82.344400,-252.000000,12.525320,1.882088
73.910774,-82.344400,-252.000000,12.547338,1.876160
74.430774,-82.344400,-252.000000,12.452147,1.878701
74.950774,-82.344400,-252.000000,12.467620,1.876357
75.470774,-82.344400,-252.000000,12.329805,1.864960
75.990774,-82.344400,-252.000000,12.342254,1.866064
13.070774,-81.824400,-252.000000,12.310581,1.795407
13.590774,-81.824400,-252.000000,12.388409,1.811769
14.110774,-81.824400,-252.000000,12.297205,1.802184
14.630774,-81.824400,-252.000000,12.512266,1.826411
15.150774,-81.824400,-252.000000,12.475983,1.829655
15.670774,-81.824400,-252.000000,12.297581,1.816948
16.190774,-81.824400,-252.000000,12.390882,1.872781
16.710774,-81.824400,-252.000000,12.314651,1.836260
17.230774,-81.824400,-252.000000,12.378766,1.878032
17.750774,-81.824400,-252.000000,12.138530,1.819396
18.270774,-81.824400,-252.000000,12.677138,1.868132
18.790774,-81.824400,-252.000000,12.630534,1.865218
19.310774,-81.824400,-252.000000,12.301612,1.858114
19.830774,-81.824400,-252.000000,12.350495,1.853333
20.350774,-81.824400,-252.000000,12.327699,1.866823
20.870774,-81.824400,-252.000000,12.422816,1.853899
21.390774,-81.824400,-252.000000,12.216953,1.862290
21.910774,-81.824400,-252.000000,12.326111,1.875216
22.430774,-81.824400,-252.000000,12.408946,1.865327
22.950774,-81.824400,-252.000000,12.051162,1.862590
23.470774,-81.824400,-252.000000,12.433534,1.858202
23.990774,-81.824400,-252.000000,12.325184,1.880407
24.510774,-81.824400,-252.000000,12.555015,1.891008
25.030774,-81.824400,-252.000000,12.092269,1.845540
25.550774,-81.824400,-252.000000,12.398396,1.867805
26.070774,-81.824400,-252.000000,12.311904,1.855870
26.590774,-81.824400,-252.000000,12.404054,1.867908
27.110774,-81.824400,-252.000000,12.405130,1.878044
27.630774,-81.824400,-252.000000,12.340774,1.873003
28.150774,-81.824400,-252.000000,12.314300,1.845934
28.670774,-81.824400,-252.000000,12.255949,1.859732
29.190774,-81.824400,-252.000000,12.292850,1.860255
29.710774,-81.824400,-252.000000,12.405005,1.878592
30.230774,-81.824400,-252.000000,12.431468,1.856628
30.750774,-81.824400,-252.000000,12.482391,1.877422
31.270774,-81.824400,-252.000000,12.483507,1.886031
31.790774,-81.824400,-252.000000,12.344241,1.872203
32.310774,-81.824400,-252.000000,12.334493,1.879450
32.830774,-81.824400,-252.000000,12.302360,1.876673
33.350774,-81.824400,-252.000000,12.302680,1.869610
33.870774,-81.824400,-252.000000,12.249269,1.874409
34.390774,-81.824400,-252.000000,12.252194,1.867956
34.910774,-81.824400,-252.000000,12.626182,1.895575
35.430774,-81.824400,-252.000000,12.278748,1.866652
35.950774,-81.824400,-252.000000,12.307018,1.875793
36.470774,-81.824400,-252.000000,12.449347,1.865276
36.990774,-81.824400,-252.000000,12.055339,1.864734
37.510774,-81.824400,-252.000000,12.492537,1.875245
38.030774,-81.824400,-252.000000,12.466498,1.884769
38.550774,-81.824400,-252.000000,12.311061,1.912237
39.070774,-81.824400,-252.000000,12.220866,1.859073
39.590774,-81.824400,-252.000000,12.499107,1.882850
40.110774,-81.824400,-252.000000,12.474995,1.879689
40.630774,-81.824400,-252.000000,12.345564,1.885753
41.150774,-81.824400,-252.000000,12.259616,1.893384
41.670774,-81.824400,-252.000000,12.294580,1.889234
42.190774,-81.824400,-252.000000,12.404207,1.870438
42.710774,-81.824400,-252.000000,12.403602,1.896215
43.230774,-81.824400,-252.000000,12.513526,1.898650
43.750774,-81.824400,-252.000000,12.356778,1.877040
44.270774,-81.824400,-252.000000,12.218190,1.888835
44.790774,-81.824400,-252.000000,12.379329,1.864664
45.310774,-81.824400,-252.000000,12.324151,1.860942
45.830774,-81.824400,-252.000000,12.204604,1.881740
46.350774,-81.824400,-252.000000,12.025496,1.876249
46.870774,-81.824400,-252.000000,12.227538,1.892646
47.390774,-81.824400,-252.000000,12.294580,1.880462
47.910774,-81.824400,-252.000000,12.084037,1.874092
48.430774,-81.824400,-252.000000,12.442008,1.875797
48.950774,-81.824400,-252.000000,12.491873,1.885414
49.470774,-81.824400,-252.000000,12.265720,1.866299
49.990774,-81.824400,-252.000000,12.298825,1.877416
50.510774,-81.824400,-252.000000,12.321515,1.910818
51.030774,-81.824400,-252.000000,12.349003,1.890117
51.550774,-81.824400,-252.000000,12.330608,1.893806
52.070774,-81.824400,-252.000000,12.331601,1.880208
52.590774,-81.824400,-252.000000,12.089326,1.858662
53.110774,-81.824400,-252.000000,12.232161,1.897289
53.630774,-81.824400,-252.000000,12.527242,1.896821
54.150774,-81.824400,-252.000000,12.252248,1.865638
54.670774,-81.824400,-252.000000,12.542172,1.883388
55.190774,-81.824400,-252.000000,12.188021,1.869505
55.710774,-81.824400,-252.000000,12.463141,1.888556
56.230774,-81.824400,-252.000000,12.329097,1.867524
56.750774,-81.824400,-252.000000,12.218801,1.877423
57.270774,-81.824400,-252.000000,12.638293,1.875442
57.790774,-81.824400,-252.000000,12.670429,1.885741
58.310774,-81.824400,-252.000000,12.366498,1.893435
58.830774,-81.824400,-252.000000,12.283891,1.872869
59.350774,-81.824400,-252.000000,12.089293,1.874574
59.870774,-81.824400,-252.000000,12.399695,1.882179
60.390774,-81.824400,-252.000000,12.296102,1.885684
60.910774,-81.824400,-252.000000,12.499387,1.876853
61.430774,-81.824400,-252.000000,12.211235,1.888080
61.950774,-81.824400,-252.000000,12.387485,1.885804
62.470774,-81.824400,-252.000000,12.355631,1.902900
62.990774,-81.824400,-252.000000,12.341599,1.877765
63.510774,-81.824400,-252.000000,12.542212,1.897490
64.030774,-81.824400,-252.000000,12.548918,1.887273
64.550774,-81.824400,-252.000000,12.643115,1.916069
65.070774,-81.824400,-252.000000,12.496104,1.893529
65.590774,-81.824400,-252.000000,12.198216,1.867351
66.110774,-81.824400,-252.000000,12.213120,1.882835
66.630774,-81.824400,-252.000000,12.145488,1.858629
67.150774,-81.824400,-252.000000,12.452186,1.869381
67.670774,-81.824400,-252.000000,12.311955,1.868563
68.190774,-81.824400,-252.000000,12.298905,1.866589
68.710774,-81.824400,-252.000000,12.513303,1.888778
69.230774,-81.824400,-252.000000,12.382358,1.892021
69.750774,-81.824400,-252.000000,11.982321,1.847896
70.270774,-81.824400,-252.000000,12.212369,1.849756
70.790774,-81.824400,-252.000000,12.451533,1.879162
71.310774,-81.824400,-252.000000,12.298827,1.854278
71.830774,-81.824400,-252.000000,12.554534,1.886531
72.350774,-81.824400,-252.000000,12.436866,1.876948
72.870774,-81.824400,-252.000000,12.206301,1.876541
73.390774,-81.824400,-252.000000,12.468572,1.874572
73.910774,-81.824400,-252.000000,12.439313,1.866043
74.430774,-81.824400,-252.000000,12.408036,1.878650
74.950774,-81.824400,-252.000000,12.484866,1.884881
75.470774,-81.824400,-252.000000,12.222709,1.863526
75.990774,-81.824400,-252.000000,12.379130,1.865104
13.070774,-81.304400,-252.000000,12.243129,1.795912
75.990774,-81.304400,-252.000000,12.339808,1.865438
13.070774,-82.344400,-251.000000,12.335501,1.786319
13.590774,-82.344400,-251.000000,12.370158,1.806832
14.110774,-82.344400,-251.000000,12.338149,1.797626
14.630774,-82.344400,-251.000000,12.445532,1.837788
15.150774,-82.344400,-251.000000,12.255919,1.836061
15.670774,-82.344400,-251.000000,12.240126,1.804662
16.190774,-82.344400,-251.000000,12.134841,1.840173
16.710774,-82.344400,-251.000000,12.477854,1.848518
17.230774,-82.344400,-251.000000,12.391571,1.828712
17.750774,-82.344400,-251.000000,12.470225,1.855086
18.270774,-82.344400,-251.000000,12.280156,1.834953
18.790774,-82.344400,-251.000000,12.529234,1.868244
19.310774,-82.344400,-251.000000,12.462754,1.830365
19.830774,-82.344400,-251.000000,12.540870,1.856056
20.350774,-82.344400,-251.000000,12.480524,1.857514
20.870774,-82.344400,-251.000000,12.313293,1.867681
21.390774,-82.344400,-251.000000,12.246770,1.836113
21.910774,-82.344400,-251.000000,12.506770,1.861981
22.430774,-82.344400,-251.000000,12.358937,1.882167
22.950774,-82.344400,-251.000000,12.474669,1.846789
23.470774,-82.344400,-251.000000,12.438459,1.869472
23.990774,-82.344400,-251.000000,12.313129,1.869166
24.510774,-82.344400,-251.000000,12.390697,1.866872
25.030774,-82.344400,-251.000000,12.304224,1.853589
25.550774,-82.344400,-251.000000,12.374941,1.878777
26.070774,-82.344400,-251.000000,12.094325,1.866663
26.590774,-82.344400,-251.000000,12.446185,1.866223
27.110774,-82.344400,-251.000000,12.434057,1.882584
27.630774,-82.344400,-251.000000,12.237949,1.847560
28.150774,-82.344400,-251.000000,12.531953,1.876655
28.670774,-82.344400,-251.000000,12.336245,1.875371
29.190774,-82.344400,-251.000000,12.328773,1.878579
29.710774,-82.344400,-251.000000,12.537831,1.876002
30.230774,-82.344400,-251.000000,12.455939,1.869188
30.750774,-82.344400,-251.000000,12.228149,1.875161
31.270774,-82.344400,-251.000000,12.399634,1.882856
31.790774,-82.344400,-251.000000,12.291771,1.862532
32.310774,-82.344400,-251.000000,12.632885,1.882594
32.830774,-82.344400,-251.000000,12.471406,1.864867
33.350774,-82.344400,-251.000000,12.396644,1.870114
33.870774,-82.344400,-251.000000,12.168313,1.863184
34.390774,-82.344400,-251.000000,12.412215,1.870545
34.910774,-82.344400,-251.000000,12.367016,1.870756
35.430774,-82.344400,-251.000000,12.352027,1.872351
35.950774,-82.344400,-251.000000,12.232857,1.866316
36.470774,-82.344400,-251.000000,12.203937,1.862323
36.990774,-82.344400,-251.000000,12.274728,1.877607
37.510774,-82.344400,-251.000000,12.239710,1.873672
38.030774,-82.344400,-251.000000,12.125722,1.858432
38.550774,-82.344400,-251.000000,12.222404,1.858534
39.070774,-82.344400,-251.000000,12.274045,1.857181
39.590774,-82.344400,-251.000000,12.225940,1.868573
40.110774,-82.344400,-251.000000,12.297067,1.874733
40.630774,-82.344400,-251.000000,12.227038,1.876590
41.150774,-82.344400,-251.000000,12.411945,1.875690
41.670774,-82.344400,-251.000000,12.308875,1.863065
42.190774,-82.344400,-251.000000,12.160285,1.862919
42.710774,-82.344400,-251.000000,12.233733,1.882533
43.230774,-82.344400,-251.000000,12.401106,1.869802
43.750774,-82.344400,-251.000000,12.328830,1.897784
44.270774,-82.344400,-251.000000,12.385760,1.887769
44.790774,-82.344400,-251.000000,12.276600,1.882455
45.310774,-82.344400,-251.000000,12.477000,1.876582
45.830774,-82.344400,-251.000000,12.266276,1.873813
46.350774,-82.344400,-251.000000,12.282220,1.857849
46.870774,-82.344400,-251.000000,12.510764,1.869994
47.390774,-82.344400,-251.000000,12.371881,1.877194
47.910774,-82.344400,-251.000000,12.214213,1.876478
48.430774,-82.344400,-251.000000,12.249610,1.904113
48.950774,-82.344400,-251.000000,12.283989,1.884342
49.470774,-82.344400,-251.000000,12.606075,1.910198
49.990774,-82.344400,-251.000000,12.297292,1.871115
50.510774,-82.344400,-251.000000,12.329169,1.874643
51.030774,-82.344400,-251.000000,12.290176,1.892593
51.550774,-82.344400,-251.000000,12.122162,1.869504
52.070774,-82.344400,-251.000000,12.454917,1.890318
52.590774,-82.344400,-251.000000,12.328726,1.872561
53.110774,-82.344400,-251.000000,12.263667,1.870946
53.630774,-82.344400,-251.000000,12.274873,1.845538
54.150774,-82.344400,-251.000000,12.443153,1.885732
54.670774,-82.344400,-251.000000,12.232514,1.873483
55.190774,-82.344400,-251.000000,12.274371,1.873636
55.710774,-82.344400,-251.000000,12.380987,1.875176
56.230774,-82.344400,-251.000000,12.634929,1.888380
56.750774,-82.344400,-251.000000,12.547117,1.895611
57.270774,-82.344400,-251.000000,12.279491,1.892955
57.790774,-82.344400,-251.000000,12.275556,1.879650
58.310774,-82.344400,-251.000000,12.517145,1.885803
58.830774,-82.344400,-251.000000,12.537760,1.864185
59.350774,-82.344400,-251.000000,12.412163,1.872332
59.870774,-82.344400,-251.000000,12.548973,1.884526
60.390774,-82.344400,-251.000000,12.384098,1.894840
60.910774,-82.344400,-251.000000,12.611359,1.881143
61.430774,-82.344400,-251.000000,12.358524,1.879290
61.950774,-82.344400,-251.000000,12.544855,1.883120
62.470774,-82.344400,-251.000000,12.424654,1.883831
62.990774,-82.344400,-251.000000,12.451919,1.888172
63.510774,-82.344400,-251.000000,12.259013,1.854371
64.030774,-82.344400,-251.000000,12.560352,1.876785
64.550774,-82.344400,-251.000000,12.400208,1.884690
65.070774,-82.344400,-251.000000,12.539979,1.880816
65.590774,-82.344400,-251.000000,12.390437,1.872438
66.110774,-82.344400,-251.000000,12.315810,1.858746
66.630774,-82.344400,-251.000000,12.089928,1.862570
67.150774,-82.344400,-251.000000,12.508459,1.888733
67.670774,-82.344400,-251.000000,12.368253,1.882150
68.190774,-82.344400,-251.000000,12.567562,1.875192
68.710774,-82.344400,-251.000000,12.264711,1.852225
69.230774,-82.344400,-251.000000,12.116179,1.862993
69.750774,-82.344400,-251.000000,12.151869,1.860705
70.270774,-82.344400,-251.000000,12.485128,1.916212
70.790774,-82.344400,-251.000000,12.604812,1.872485
71.310774,-82.344400,-251.000000,12.397986,1.881863
71.830774,-82.344400,-251.000000,12.428168,1.888284
72.350774,-82.344400,-251.000000,12.482484,1.876916
72.870774,-82.344400,-251.000000,12.246060,1.871172
73.390774,-82.344400,-251.000000,12.571722,1.889876
73.910774,-82.344400,-251.000000,12.246162,1.863079
74.430774,-82.344400,-251.000000,12.164417,1.855158
74.950774,-82.344400,-251.000000,12.336660,1.848879
75.470774,-82.344400,-251.000000,12.417632,1.877437
13.070774,-81.824400,-251.000000,12.329420,1.791032
13.590774,-81.824400,-251.000000,12.420739,1.810291
14.110774,-81.824400,-251.000000,12.268088,1.798144
14.630774,-81.824400,-251.000000,12.410941,1.837714
15.150774,-81.824400,-251.000000,12.247069,1.832746
15.670774,-81.824400,-251.000000,12.236369,1.807407
16.190774,-81.824400,-251.000000,12.164662,1.835058
16.710774,-81.824400,-251.000000,12.450179,1.854273
17.230774,-81.824400,-251.000000,12.366096,1.822151
17.750774,-81.824400,-251.000000,12.491865,1.857316
18.270774,-81.824400,-251.000000,12.270434,1.832632
18.790774,-81.824400,-251.000000,12.546970,1.863454
19.310774,-81.824400,-251.000000,12.471692,1.834245
19.830774,-81.824400,-251.000000,12.496062,1.855220
20.350774,-81.824400,-251.000000,12.434115,1.856282
20.870774,-81.824400,-251.000000,12.342723,1.874268
21.390774,-81.824400,-251.000000,12.276358,1.847129
21.910774,-81.824400,-251.000000,12.467431,1.866219
22.430774,-81.824400,-251.000000,12.289092,1.872890
22.950774,-81.824400,-251.000000,12.484837,1.846465
23.470774,-81.824400,-251.000000,12.419534,1.863835
23.990774,-81.824400,-251.000000,12.321441,1.875816
24.510774,-81.824400,-251.000000,12.326359,1.869418
25.030774,-81.824400,-251.000000,12.314726,1.852382
25.550774,-81.824400,-251.000000,12.320609,1.882934
26.070774,-81.824400,-251.000000,12.175227,1.862316
26.590774,-81.824400,-251.000000,12.381788,1.876431
27.110774,-81.824400,-251.000000,12.452787,1.889659
27.630774,-81.824400,-251.000000,12.273434,1.845876
28.150774,-81.824400,-251.000000,12.449936,1.862068
28.670774,-81.824400,-251.000000,12.359515,1.877317
29.190774,-81.824400,-251.000000,12.349327,1.881163
29.710774,-81.824400,-251.000000,12.410419,1.874005
30.230774,-81.824400,-251.000000,12.522729,1.869751
30.750774,-81.824400,-251.000000,12.247025,1.879349
31.270774,-81.824400,-251.000000,12.368251,1.889413
31.790774,-81.824400,-251.000000,12.216851,1.864920
32.310774,-81.824400,-251.000000,12.602103,1.879889
32.830774,-81.824400,-251.000000,12.493983,1.869151
33.350774,-81.824400,-251.000000,12.399215,1.871033
33.870774,-81.824400,-251.000000,12.123470,1.865705
34.390774,-81.824400,-251.000000,12.406291,1.868797
34.910774,-81.824400,-251.000000,12.386322,1.880992
35.430774,-81.824400,-251.000000,12.433966,1.873511
35.950774,-81.824400,-251.000000,12.272019,1.869912
36.470774,-81.824400,-251.000000,12.189795,1.861658
36.990774,-81.824400,-251.000000,12.260042,1.877635
37.510774,-81.824400,-251.000000,12.254472,1.881474
38.030774,-81.824400,-251.000000,12.107078,1.855206
38.550774,-81.824400,-251.000000,12.200518,1.861367
39.070774,-81.824400,-251.000000,12.311252,1.859997
39.590774,-81.824400,-251.000000,12.197795,1.866576
40.110774,-81.824400,-251.000000,12.338920,1.884797
40.630774,-81.824400,-251.000000,12.244076,1.881922
41.150774,-81.824400,-251.000000,12.363306,1.873224
41.670774,-81.824400,-251.000000,12.374133,1.870099
42.190774,-81.824400,-251.000000,12.092628,1.869125
42.710774,-81.824400,-251.000000,12.330688,1.890127
43.230774,-81.824400,-251.000000,12.373001,1.868161
43.750774,-81.824400,-251.000000,12.343496,1.903778
44.270774,-81.824400,-251.000000,12.251193,1.885440
44.790774,-81.824400,-251.000000,12.279818,1.884121
45.310774,-81.824400,-251.000000,12.486732,1.882366
45.830774,-81.824400,-251.000000,12.259892,1.870161
46.350774,-81.824400,-251.000000,12.253577,1.862265
46.870774,-81.824400,-251.000000,12.433914,1.868403
47.390774,-81.824400,-251.000000,12.383152,1.877945
47.910774,-81.824400,-251.000000,12.320244,1.881653
48.430774,-81.824400,-251.000000,12.219780,1.899536
48.950774,-81.824400,-251.000000,12.251716,1.894013
49.470774,-81.824400,-251.000000,12.552475,1.901452
49.990774,-81.824400,-251.000000,12.258243,1.878124
50.510774,-81.824400,-251.000000,12.360425,1.870463
51.030774,-81.824400,-251.000000,12.301081,1.889268
51.550774,-81.824400,-251.000000,12.113803,1.877172
52.070774,-81.824400,-251.000000,12.448927,1.890903
52.590774,-81.824400,-251.000000,12.287305,1.873299
53.110774,-81.824400,-251.000000,12.225290,1.875950
53.630774,-81.824400,-251.000000,12.347413,1.860142
54.150774,-81.824400,-251.000000,12.306070,1.882709
54.670774,-81.824400,-251.000000,12.304160,1.876878
55.190774,-81.824400,-251.000000,12.278088,1.877965
55.710774,-81.824400,-251.000000,12.397861,1.880440
56.230774,-81.824400,-251.000000,12.554245,1.892268
56.750774,-81.824400,-251.000000,12.507692,1.906945
57.270774,-81.824400,-251.000000,12.317607,1.895508
57.790774,-81.824400,-251.000000,12.163822,1.874202
58.310774,-81.824400,-251.000000,12.520959,1.884031
58.830774,-81.824400,-251.000000,12.492855,1.873789
59.350774,-81.824400,-251.000000,12.480121,1.873145
59.870774,-81.824400,-251.000000,12.381884,1.874323
60.390774,-81.824400,-251.000000,12.455786,1.899927
60.910774,-81.824400,-251.000000,12.604114,1.886466
61.430774,-81.824400,-251.000000,12.305984,1.881819
61.950774,-81.824400,-251.000000,12.524871,1.880083
62.470774,-81.824400,-251.000000,12.384689,1.881386
62.990774,-81.824400,-251.000000,12.414605,1.883697
63.510774,-81.824400,-251.000000,12.157245,1.856889
64.030774,-81.824400,-251.000000,12.703802,1.883640
64.550774,-81.824400,-251.000000,12.278804,1.873976
65.070774,-81.824400,-251.000000,12.596339,1.888030
65.590774,-81.824400,-251.000000,12.448672,1.876665
66.110774,-81.824400,-251.000000,12.305522,1.856848
66.630774,-81.824400,-251.000000,12.008869,1.865535
67.150774,-81.824400,-251.000000,12.598679,1.896237
67.670774,-81.824400,-251.000000,12.397774,1.885168
68.190774,-81.824400,-251.000000,12.482223,1.866960
68.710774,-81.824400,-251.000000,12.260399,1.851362
69.230774,-81.824400,-251.000000,12.135452,1.864811
69.750774,-81.824400,-251.000000,12.186690,1.859091
70.270774,-81.824400,-251.000000,12.485132,1.915877
70.790774,-81.824400,-251.000000,12.571109,1.873894
71.310774,-81.824400,-251.000000,12.321006,1.874813
71.830774,-81.824400,-251.000000,12.370445,1.889628
72.350774,-81.824400,-251.000000,12.458808,1.885636
72.870774,-81.824400,-251.000000,12.203320,1.878040
73.390774,-81.824400,-251.000000,12.563746,1.892523
73.910774,-81.824400,-251.000000,12.199541,1.860789
74.430774,-81.824400,-251.000000,12.215509,1.859169
74.950774,-81.824400,-251.000000,12.333385,1.855244
75.470774,-81.824400,-251.000000,12.452662,1.879431
75.990774,-81.824400,-251.000000,12.208237,1.868044
74.430774,-81.304400,-251.000000,12.219378,1.868597
74.950774,-81.304400,-251.000000,12.270721,1.859716
75.470774,-81.304400,-251.000000,12.393252,1.882921
13.070774,-82.344400,-250.000000,12.298594,1.765857
13.590774,-82.344400,-250.000000,12.489177,1.790179
14.110774,-82.344400,-250.000000,12.423366,1.799680
14.630774,-82.344400,-250.000000,12.230361,1.806143
15.150774,-82.344400,-250.000000,12.317782,1.836174
15.670774,-82.344400,-250.000000,12.406774,1.842742
16.190774,-82.344400,-250.000000,12.656225,1.826497
16.710774,-82.344400,-250.000000,12.337802,1.808079
17.230774,-82.344400,-250.000000,12.530873,1.836760
17.750774,-82.344400,-250.000000,12.248939,1.835123
18.270774,-82.344400,-250.000000,12.497650,1.848464
18.790774,-82.344400,-250.000000,12.373870,1.855382
19.310774,-82.344400,-250.000000,12.187935,1.827256
19.830774,-82.344400,-250.000000,12.377594,1.872564
20.350774,-82.344400,-250.000000,12.266166,1.833832
20.870774,-82.344400,-250.000000,12.124613,1.849837
21.390774,-82.344400,-250.000000,12.290843,1.873593
21.910774,-82.344400,-250.000000,12.311893,1.855709
22.430774,-82.344400,-250.000000,12.296912,1.843932
22.950774,-82.344400,-250.000000,12.082747,1.840192
23.470774,-82.344400,-250.000000,12.069206,1.848507
23.990774,-82.344400,-250.000000,12.280108,1.865836
24.510774,-82.344400,-250.000000,12.274157,1.854973
25.030774,-82.344400,-250.000000,12.277865,1.847860
25.550774,-82.344400,-250.000000,12.442115,1.863825
26.070774,-82.344400,-250.000000,12.492481,1.872910
26.590774,-82.344400,-250.000000,12.376767,1.864420
27.110774,-82.344400,-250.000000,12.308360,1.881240
27.630774,-82.344400,-250.000000,12.378161,1.871472
28.150774,-82.344400,-250.000000,12.425950,1.873189
28.670774,-82.344400,-250.000000,12.591722,1.880560
29.190774,-82.344400,-250.000000,12.103959,1.870511
29.710774,-82.344400,-250.000000,12.271976,1.861224
30.230774,-82.344400,-250.000000,12.407062,1.863865
30.750774,-82.344400,-250.000000,12.481244,1.906315
31.270774,-82.344400,-250.000000,12.205631,1.864364
31.790774,-82.344400,-250.000000,12.415507,1.871542
32.310774,-82.344400,-250.000000,12.272216,1.878804
32.830774,-82.344400,-250.000000,12.202337,1.865696
33.350774,-82.344400,-250.000000,12.473283,1.881925
33.870774,-82.344400,-250.000000,12.202250,1.882142
34.390774,-82.344400,-250.000000,12.238612,1.873973
34.910774,-82.344400,-250.000000,12.428278,1.890638
35.430774,-82.344400,-250.000000,12.544006,1.898530
35.950774,-82.344400,-250.000000,12.189271,1.876607
36.470774,-82.344400,-250.000000,12.321705,1.863749
36.990774,-82.344400,-250.000000,12.350838,1.881924
37.510774,-82.344400,-250.000000,12.330302,1.882507
38.030774,-82.344400,-250.000000,12.235042,1.874316
38.550774,-82.344400,-250.000000,12.311286,1.868444
39.070774,-82.344400,-250.000000,12.420078,1.887486
39.590774,-82.344400,-250.000000,12.381735,1.883030
40.110774,-82.344400,-250.000000,12.501405,1.880258
40.630774,-82.344400,-250.000000,12.198144,1.861025
41.150774,-82.344400,-250.000000,12.416120,1.880967
41.670774,-82.344400,-250.000000,12.472950,1.869725
42.190774,-82.344400,-250.000000,12.372161,1.878652
42.710774,-82.344400,-250.000000,12.342031,1.880273
43.230774,-82.344400,-250.000000,12.332428,1.896427
43.750774,-82.344400,-250.000000,12.469740,1.875697
44.270774,-82.344400,-250.000000,12.349544,1.863188
44.790774,-82.344400,-250.000000,12.323583,1.880786
45.310774,-82.344400,-250.000000,12.005034,1.867896
45.830774,-82.344400,-250.000000,12.305756,1.866380
46.350774,-82.344400,-250.000000,12.310807,1.880028
46.870774,-82.344400,-250.000000,12.279454,1.892707
47.390774,-82.344400,-250.000000,12.296272,1.885345
47.910774,-82.344400,-250.000000,12.264667,1.868423
48.430774,-82.344400,-250.000000,12.391725,1.879232
48.950774,-82.344400,-250.000000,12.388157,1.873791
49.470774,-82.344400,-250.000000,12.436667,1.888274
49.990774,-82.344400,-250.000000,12.295198,1.888284
50.510774,-82.344400,-250.000000,12.356291,1.884677
51.030774,-82.344400,-250.000000,12.525262,1.883965
51.550774,-82.344400,-250.000000,12.570809,1.892253
52.070774,-82.344400,-250.000000,12.277059,1.880592
52.590774,-82.344400,-250.000000,12.388136,1.879267
53.110774,-82.344400,-250.000000,12.444169,1.877028
53.630774,-82.344400,-250.000000,12.122089,1.886740
54.150774,-82.344400,-250.000000,12.210093,1.865601
54.670774,-82.344400,-250.000000,11.973575,1.846051
55.190774,-82.344400,-250.000000,12.296516,1.868534
55.710774,-82.344400,-250.000000,12.634144,1.893300
56.230774,-82.344400,-250.000000,12.214176,1.866873
56.750774,-82.344400,-250.000000,12.492624,1.887422
57.270774,-82.344400,-250.000000,12.343160,1.874638
57.790774,-82.344400,-250.000000,12.475677,1.892803
58.310774,-82.344400,-250.000000,12.232232,1.875194
58.830774,-82.344400,-250.000000,12.339992,1.875782
59.350774,-82.344400,-250.000000,12.298156,1.870396
59.870774,-82.344400,-250.000000,12.249091,1.873997
60.390774,-82.344400,-250.000000,12.470809,1.874737
60.910774,-82.344400,-250.000000,12.390203,1.868142
61.430774,-82.344400,-250.000000,12.421391,1.889275
61.950774,-82.344400,-250.000000,12.638002,1.906014
62.470774,-82.344400,-250.000000,12.524959,1.897720
62.990774,-82.344400,-250.000000,12.175176,1.867653
63.510774,-82.344400,-250.000000,12.438208,1.880542
64.030774,-82.344400,-250.000000,12.294323,1.879209
64.550774,-82.344400,-250.000000,12.245311,1.873398
65.070774,-82.344400,-250.000000,12.419080,1.869868
65.590774,-82.344400,-250.000000,12.230384,1.854907
66.110774,-82.344400,-250.000000,12.372686,1.871218
66.630774,-82.344400,-250.000000,12.195045,1.853130
67.150774,-82.344400,-250.000000,12.498434,1.889247
67.670774,-82.344400,-250.000000,12.145326,1.857675
68.190774,-82.344400,-250.000000,12.231757,1.854614
68.710774,-82.344400,-250.000000,12.288551,1.855832
69.230774,-82.344400,-250.000000,12.303738,1.868357
69.750774,-82.344400,-250.000000,12.384118,1.869835
70.270774,-82.344400,-250.000000,12.401370,1.874506
70.790774,-82.344400,-250.000000,12.360564,1.873416
71.310774,-82.344400,-250.000000,12.247123,1.866672
71.830774,-82.344400,-250.000000,12.232778,1.849384
72.350774,-82.344400,-250.000000,12.276620,1.859378
72.870774,-82.344400,-250.000000,12.239350,1.864714
13.070774,-81.824400,-250.000000,12.334335,1.769926
13.590774,-81.824400,-250.000000,12.518521,1.791305
14.110774,-81.824400,-250.000000,12.374274,1.797459
14.630774,-81.824400,-250.000000,12.280062,1.811734
15.150774,-81.824400,-250.000000,12.263166,1.831893
15.670774,-81.824400,-250.000000,12.397808,1.848500
16.190774,-81.824400,-250.000000,12.682634,1.840317
16.710774,-81.824400,-250.000000,12.262088,1.801771
17.230774,-81.824400,-250.000000,12.506573,1.844676
17.750774,-81.824400,-250.000000,12.222738,1.828513
18.270774,-81.824400,-250.000000,12.446494,1.852905
18.790774,-81.824400,-250.000000,12.354663,1.860963
19.310774,-81.824400,-250.000000,12.189198,1.832204
19.830774,-81.824400,-250.000000,12.335866,1.870937
20.350774,-81.824400,-250.000000,12.269341,1.843069
20.870774,-81.824400,-250.000000,12.147990,1.847757
21.390774,-81.824400,-250.000000,12.168310,1.875492
21.910774,-81.824400,-250.000000,12.253108,1.856761
22.430774,-81.824400,-250.000000,12.261672,1.847166
22.950774,-81.824400,-250.000000,12.057602,1.843992
23.470774,-81.824400,-250.000000,12.119167,1.851870
23.990774,-81.824400,-250.000000,12.278231,1.870191
24.510774,-81.824400,-250.000000,12.356469,1.857689
25.030774,-81.824400,-250.000000,12.275550,1.854427
25.550774,-81.824400,-250.000000,12.342566,1.860878
26.070774,-81.824400,-250.000000,12.500222,1.880979
26.590774,-81.824400,-250.000000,12.368078,1.859470
27.110774,-81.824400,-250.000000,12.253158,1.880363
27.630774,-81.824400,-250.000000,12.444684,1.877530
28.150774,-81.824400,-250.000000,12.476806,1.877178
28.670774,-81.824400,-250.000000,12.494018,1.882273
29.190774,-81.824400,-250.000000,12.147872,1.874906
29.710774,-81.824400,-250.000000,12.245156,1.855868
30.230774,-81.824400,-250.000000,12.338313,1.867910
30.750774,-81.824400,-250.000000,12.455014,1.902421
31.270774,-81.824400,-250.000000,12.254668,1.876566
31.790774,-81.824400,-250.000000,12.366017,1.870668
32.310774,-81.824400,-250.000000,12.333812,1.883390
32.830774,-81.824400,-250.000000,12.185210,1.863442
33.350774,-81.824400,-250.000000,12.451781,1.880126
33.870774,-81.824400,-250.000000,12.267245,1.878121
34.390774,-81.824400,-250.000000,12.174314,1.873952
34.910774,-81.824400,-250.000000,12.418996,1.893358
35.430774,-81.824400,-250.000000,12.512053,1.891113
35.950774,-81.824400,-250.000000,12.151214,1.883020
36.470774,-81.824400,-250.000000,12.356244,1.867797
36.990774,-81.824400,-250.000000,12.300479,1.880247
37.510774,-81.824400,-250.000000,12.343902,1.886969
38.030774,-81.824400,-250.000000,12.203986,1.877721
38.550774,-81.824400,-250.000000,12.289721,1.867564
39.070774,-81.824400,-250.000000,12.376858,1.889105
39.590774,-81.824400,-250.000000,12.323530,1.883913
40.110774,-81.824400,-250.000000,12.444229,1.880880
40.630774,-81.824400,-250.000000,12.214486,1.863693
41.150774,-81.824400,-250.000000,12.379599,1.876708
41.670774,-81.824400,-250.000000,12.414087,1.870597
42.190774,-81.824400,-250.000000,12.318695,1.876284
42.710774,-81.824400,-250.000000,12.299973,1.881711
43.230774,-81.824400,-250.000000,12.294773,1.898263
43.750774,-81.824400,-250.000000,12.452781,1.875514
44.270774,-81.824400,-250.000000,12.394358,1.872747
44.790774,-81.824400,-250.000000,12.268319,1.874827
45.310774,-81.824400,-250.000000,12.000721,1.882840
45.830774,-81.824400,-250.000000,12.320762,1.874288
46.350774,-81.824400,-250.000000,12.365039,1.877749
46.870774,-81.824400,-250.000000,12.291660,1.891498
47.390774,-81.824400,-250.000000,12.299388,1.881508
47.910774,-81.824400,-250.000000,12.241188,1.869805
48.430774,-81.824400,-250.000000,12.323230,1.871139
48.950774,-81.824400,-250.000000,12.443833,1.882472
49.470774,-81.824400,-250.000000,12.455269,1.898971
49.990774,-81.824400,-250.000000,12.299389,1.883408
50.510774,-81.824400,-250.000000,12.389880,1.889708
51.030774,-81.824400,-250.000000,12.463390,1.887484
51.550774,-81.824400,-250.000000,12.519540,1.889215
52.070774,-81.824400,-250.000000,12.314166,1.881172
52.590774,-81.824400,-250.000000,12.340600,1.882579
53.110774,-81.824400,-250.000000,12.442530,1.878819
53.630774,-81.824400,-250.000000,12.154308,1.886713
54.150774,-81.824400,-250.000000,12.253882,1.869563
54.670774,-81.824400,-250.000000,11.929419,1.838577
55.190774,-81.824400,-250.000000,12.304801,1.877159
55.710774,-81.824400,-250.000000,12.635741,1.888407
56.230774,-81.824400,-250.000000,12.264107,1.869955
56.750774,-81.824400,-250.000000,12.461648,1.888218
57.270774,-81.824400,-250.000000,12.258926,1.870600
57.790774,-81.824400,-250.000000,12.518943,1.895201
58.310774,-81.824400,-250.000000,12.249492,1.877526
58.830774,-81.824400,-250.000000,12.344302,1.878471
59.350774,-81.824400,-250.000000,12.160382,1.863947
59.870774,-81.824400,-250.000000,12.269468,1.885774
60.390774,-81.824400,-250.000000,12.452171,1.878021
60.910774,-81.824400,-250.000000,12.450005,1.875935
61.430774,-81.824400,-250.000000,12.389280,1.889366
61.950774,-81.824400,-250.000000,12.593082,1.906738
62.470774,-81.824400,-250.000000,12.495788,1.891668
62.990774,-81.824400,-250.000000,12.207820,1.876418
63.510774,-81.824400,-250.000000,12.493020,1.882680
64.030774,-81.824400,-250.000000,12.212333,1.876546
64.550774,-81.824400,-250.000000,12.312037,1.879192
65.070774,-81.824400,-250.000000,12.368838,1.864237
65.590774,-81.824400,-250.000000,12.222402,1.856320
66.110774,-81.824400,-250.000000,12.333441,1.869773
66.630774,-81.824400,-250.000000,12.133059,1.853631
67.150774,-81.824400,-250.000000,12.487503,1.890497
67.670774,-81.824400,-250.000000,12.106165,1.853884
68.190774,-81.824400,-250.000000,12.261182,1.863944
68.710774,-81.824400,-250.000000,12.219148,1.850330
69.230774,-81.824400,-250.000000,12.379901,1.880936
69.750774,-81.824400,-250.000000,12.368892,1.874476
70.270774,-81.824400,-250.000000,12.399116,1.874173
70.790774,-81.824400,-250.000000,12.270911,1.875359
71.310774,-81.824400,-250.000000,12.276367,1.875300
71.830774,-81.824400,-250.000000,12.260350,1.851769
72.350774,-81.824400,-250.000000,12.170547,1.853776
72.870774,-81.824400,-250.000000,12.278518,1.875652
73.390774,-81.824400,-250.000000,12.386435,1.874226
73.910774,-81.824400,-250.000000,12.450442,1.880048
13.070774,-81.304400,-250.000000,12.294169,1.777790
71.830774,-81.304400,-250.000000,12.194411,1.862134
72.870774,-81.304400,-250.000000,12.281074,1.880980
13.070774,-82.344400,-249.000000,12.190543,1.784258
13.590774,-82.344400,-249.000000,12.468912,1.805053
14.110774,-82.344400,-249.000000,12.141620,1.773818
14.630774,-82.344400,-249.000000,12.441965,1.807698
15.150774,-82.344400,-249.000000,12.417903,1.821981
15.670774,-82.344400,-249.000000,12.469897,1.826372
16.190774,-82.344400,-249.000000,12.361667,1.828789
16.710774,-82.344400,-249.000000,12.674562,1.848885
17.230774,-82.344400,-249.000000,12.331077,1.847587
17.750774,-82.344400,-249.000000,12.402831,1.852475
18.270774,-82.344400,-249.000000,12.051732,1.852392
18.790774,-82.344400,-249.000000,12.273953,1.847781
19.310774,-82.344400,-249.000000,12.331458,1.845167
19.830774,-82.344400,-249.000000,12.366348,1.864665
20.350774,-82.344400,-249.000000,12.444219,1.821509
20.870774,-82.344400,-249.000000,12.435878,1.847278
21.390774,-82.344400,-249.000000,12.299735,1.864445
21.910774,-82.344400,-249.000000,12.397677,1.847143
22.430774,-82.344400,-249.000000,12.350543,1.866678
22.950774,-82.344400,-249.000000,12.376197,1.847576
23.470774,-82.344400,-249.000000,12.304075,1.844361
23.990774,-82.344400,-249.000000,12.232071,1.881164
24.510774,-82.344400,-249.000000,12.361418,1.873409
25.030774,-82.344400,-249.000000,12.400675,1.860521
25.550774,-82.344400,-249.000000,12.356009,1.867663
26.070774,-82.344400,-249.000000,12.307788,1.852487
26.590774,-82.344400,-249.000000,12.207323,1.854760
27.110774,-82.344400,-249.000000,12.440745,1.876567
27.630774,-82.344400,-249.000000,12.312602,1.861087
28.150774,-82.344400,-249.000000,12.323647,1.858092
28.670774,-82.344400,-249.000000,12.233493,1.868948
29.190774,-82.344400,-249.000000,12.378264,1.872032
29.710774,-82.344400,-249.000000,12.301410,1.885475
30.230774,-82.344400,-249.000000,12.425466,1.865807
30.750774,-82.344400,-249.000000,12.074875,1.869513
31.270774,-82.344400,-249.000000,12.459598,1.842901
31.790774,-82.344400,-249.000000,12.294580,1.871990
32.310774,-82.344400,-249.000000,12.442206,1.888653
32.830774,-82.344400,-249.000000,12.286711,1.861477
33.350774,-82.344400,-249.000000,12.087546,1.836464
33.870774,-82.344400,-249.000000,12.307166,1.865630
34.390774,-82.344400,-249.000000,12.358917,1.873117
34.910774,-82.344400,-249.000000,12.344668,1.864499
35.430774,-82.344400,-249.000000,12.187069,1.862538
35.950774,-82.344400,-249.000000,12.477024,1.866936
36.470774,-82.344400,-249.000000,12.307172,1.890609
36.990774,-82.344400,-249.000000,12.297180,1.870859
37.510774,-82.344400,-249.000000,12.319647,1.868342
38.030774,-82.344400,-249.000000,12.411757,1.875107
38.550774,-82.344400,-249.000000,12.380900,1.883861
39.070774,-82.344400,-249.000000,12.582883,1.870335
39.590774,-82.344400,-249.000000,12.441497,1.888778
40.110774,-82.344400,-249.000000,12.368701,1.874425
40.630774,-82.344400,-249.000000,12.441295,1.863712
41.150774,-82.344400,-249.000000,12.412196,1.873083
41.670774,-82.344400,-249.000000,12.195656,1.857032
42.190774,-82.344400,-249.000000,12.410560,1.873175
42.710774,-82.344400,-249.000000,12.121029,1.858433
43.230774,-82.344400,-249.000000,12.451658,1.869634
43.750774,-82.344400,-249.000000,12.173967,1.867721
44.270774,-82.344400,-249.000000,12.481676,1.876518
44.790774,-82.344400,-249.000000,12.235335,1.870318
45.310774,-82.344400,-249.000000,12.465417,1.869415
45.830774,-82.344400,-249.000000,12.358835,1.869153
46.350774,-82.344400,-249.000000,12.320323,1.870514
46.870774,-82.344400,-249.000000,12.544670,1.885838
47.390774,-82.344400,-249.000000,12.250454,1.864475
47.910774,-82.344400,-249.000000,12.385103,1.891917
48.430774,-82.344400,-249.000000,12.190383,1.870261
48.950774,-82.344400,-249.000000,12.320611,1.874058
49.470774,-82.344400,-249.000000,12.239158,1.857818
49.990774,-82.344400,-249.000000,12.354104,1.887693
50.510774,-82.344400,-249.000000,12.409450,1.867945
51.030774,-82.344400,-249.000000,12.247296,1.872215
51.550774,-82.344400,-249.000000,12.185569,1.861383
52.070774,-82.344400,-249.000000,12.271948,1.860777
52.590774,-82.344400,-249.000000,12.604778,1.893179
53.110774,-82.344400,-249.000000,12.125872,1.893078
53.630774,-82.344400,-249.000000,12.275628,1.870345
54.150774,-82.344400,-249.000000,12.490616,1.888290
54.670774,-82.344400,-249.000000,12.419593,1.882378
55.190774,-82.344400,-249.000000,12.323187,1.877962
55.710774,-82.344400,-249.000000,12.390918,1.869078
56.230774,-82.344400,-249.000000,12.473685,1.893864
56.750774,-82.344400,-249.000000,12.296210,1.864666
57.270774,-82.344400,-249.000000,12.337623,1.888707
57.790774,-82.344400,-249.000000,12.270556,1.865401
58.310774,-82.344400,-249.000000,12.537728,1.896195
58.830774,-82.344400,-249.000000,12.253296,1.848917
59.350774,-82.344400,-249.000000,12.445373,1.865984
59.870774,-82.344400,-249.000000,12.447852,1.871568
60.390774,-82.344400,-249.000000,12.443628,1.879815
60.910774,-82.344400,-249.000000,12.658607,1.872949
61.430774,-82.344400,-249.000000,12.153270,1.857549
61.950774,-82.344400,-249.000000,12.296404,1.859308
62.470774,-82.344400,-249.000000,12.231579,1.854103
62.990774,-82.344400,-249.000000,12.666803,1.867457
63.510774,-82.344400,-249.000000,12.558616,1.887300
64.030774,-82.344400,-249.000000,12.293646,1.882021
64.550774,-82.344400,-249.000000,12.299908,1.860178
65.070774,-82.344400,-249.000000,12.226888,1.901874
65.590774,-82.344400,-249.000000,12.298473,1.872184
66.110774,-82.344400,-249.000000,12.205586,1.871873
66.630774,-82.344400,-249.000000,12.304416,1.853631
67.150774,-82.344400,-249.000000,12.426548,1.862702
67.670774,-82.344400,-249.000000,12.370540,1.859368
68.190774,-82.344400,-249.000000,12.382209,1.862254
68.710774,-82.344400,-249.000000,12.068282,1.863888
69.230774,-82.344400,-249.000000,12.387114,1.879623
69.750774,-82.344400,-249.000000,12.717588,1.870478
70.270774,-82.344400,-249.000000,12.469569,1.879431
70.790774,-82.344400,-249.000000,12.289159,1.854347
13.070774,-81.824400,-249.000000,12.160875,1.784304
13.590774,-81.824400,-249.000000,12.428016,1.801520
14.110774,-81.824400,-249.000000,12.172153,1.785886
14.630774,-81.824400,-249.000000,12.428880,1.809797
15.150774,-81.824400,-249.000000,12.443492,1.825739
15.670774,-81.824400,-249.000000,12.462171,1.828952
16.190774,-81.824400,-249.000000,12.380927,1.833729
16.710774,-81.824400,-249.000000,12.673917,1.847526
17.230774,-81.824400,-249.000000,12.313350,1.847570
17.750774,-81.824400,-249.000000,12.380916,1.852135
18.270774,-81.824400,-249.000000,12.029994,1.849041
18.790774,-81.824400,-249.000000,12.294084,1.853567
19.310774,-81.824400,-249.000000,12.357280,1.845346
19.830774,-81.824400,-249.000000,12.318493,1.863625
20.350774,-81.824400,-249.000000,12.401458,1.822511
20.870774,-81.824400,-249.000000,12.427162,1.850026
21.390774,-81.824400,-249.000000,12.322661,1.865512
21.910774,-81.824400,-249.000000,12.379695,1.846588
22.430774,-81.824400,-249.000000,12.420797,1.868669
22.950774,-81.824400,-249.000000,12.315921,1.852612
23.470774,-81.824400,-249.000000,12.329648,1.843814
23.990774,-81.824400,-249.000000,12.196959,1.880653
24.510774,-81.824400,-249.000000,12.342112,1.872815
25.030774,-81.824400,-249.000000,12.429743,1.857767
25.550774,-81.824400,-249.000000,12.352401,1.874797
26.070774,-81.824400,-249.000000,12.335360,1.854490
26.590774,-81.824400,-249.000000,12.194366,1.855294
27.110774,-81.824400,-249.000000,12.390648,1.878737
27.630774,-81.824400,-249.000000,12.276255,1.859335
28.150774,-81.824400,-249.000000,12.237095,1.855739
28.670774,-81.824400,-249.000000,12.237667,1.875204
29.190774,-81.824400,-249.000000,12.407111,1.871760
29.710774,-81.824400,-249.000000,12.284711,1.883418
30.230774,-81.824400,-249.000000,12.434371,1.855318
30.750774,-81.824400,-249.000000,12.069625,1.869829
31.270774,-81.824400,-249.000000,12.367710,1.839145
31.790774,-81.824400,-249.000000,12.301682,1.880633
32.310774,-81.824400,-249.000000,12.384757,1.889109
32.830774,-81.824400,-249.000000,12.335017,1.865870
33.350774,-81.824400,-249.000000,12.138710,1.837642
33.870774,-81.824400,-249.000000,12.194363,1.862978
34.390774,-81.824400,-249.000000,12.419017,1.884156
34.910774,-81.824400,-249.000000,12.229627,1.865327
35.430774,-81.824400,-249.000000,12.248879,1.874434
35.950774,-81.824400,-249.000000,12.570017,1.869508
36.470774,-81.824400,-249.000000,12.257673,1.894734
36.990774,-81.824400,-249.000000,12.298110,1.874819
37.510774,-81.824400,-249.000000,12.348851,1.865863
38.030774,-81.824400,-249.000000,12.354282,1.874961
38.550774,-81.824400,-249.000000,12.311811,1.886762
39.070774,-81.824400,-249.000000,12.542331,1.875797
39.590774,-81.824400,-249.000000,12.446746,1.902441
40.110774,-81.824400,-249.000000,12.424147,1.879519
40.630774,-81.824400,-249.000000,12.403720,1.865318
41.150774,-81.824400,-249.000000,12.384512,1.869368
41.670774,-81.824400,-249.000000,12.368979,1.868829
42.190774,-81.824400,-249.000000,12.369414,1.870256
42.710774,-81.824400,-249.000000,12.153346,1.864200
43.230774,-81.824400,-249.000000,12.437267,1.869226
43.750774,-81.824400,-249.000000,12.217891,1.876647
44.270774,-81.824400,-249.000000,12.416532,1.875249
44.790774,-81.824400,-249.000000,12.204040,1.870353
45.310774,-81.824400,-249.000000,12.440282,1.866449
45.830774,-81.824400,-249.000000,12.352322,1.870480
46.350774,-81.824400,-249.000000,12.290641,1.875552
46.870774,-81.824400,-249.000000,12.509318,1.883152
47.390774,-81.824400,-249.000000,12.202586,1.859915
47.910774,-81.824400,-249.000000,12.311815,1.890513
48.430774,-81.824400,-249.000000,12.201672,1.874769
48.950774,-81.824400,-249.000000,12.225251,1.868870
49.470774,-81.824400,-249.000000,12.186007,1.865050
49.990774,-81.824400,-249.000000,12.334194,1.885432
50.510774,-81.824400,-249.000000,12.380634,1.868238
51.030774,-81.824400,-249.000000,12.297752,1.880032
51.550774,-81.824400,-249.000000,12.148687,1.868785
52.070774,-81.824400,-249.000000,12.333604,1.861930
52.590774,-81.824400,-249.000000,12.570251,1.890293
53.110774,-81.824400,-249.000000,12.110278,1.896903
53.630774,-81.824400,-249.000000,12.259209,1.876174
54.150774,-81.824400,-249.000000,12.427177,1.882669
54.670774,-81.824400,-249.000000,12.377548,1.879199
55.190774,-81.824400,-249.000000,12.327079,1.883412
55.710774,-81.824400,-249.000000,12.381968,1.862434
56.230774,-81.824400,-249.000000,12.485096,1.904886
56.750774,-81.824400,-249.000000,12.247951,1.863109
57.270774,-81.824400,-249.000000,12.298026,1.883354
57.790774,-81.824400,-249.000000,12.306594,1.873058
58.310774,-81.824400,-249.000000,12.553177,1.892498
58.830774,-81.824400,-249.000000,12.279441,1.856248
59.350774,-81.824400,-249.000000,12.386089,1.862653
59.870774,-81.824400,-249.000000,12.517962,1.882691
60.390774,-81.824400,-249.000000,12.403252,1.874008
60.910774,-81.824400,-249.000000,12.639537,1.878169
61.430774,-81.824400,-249.000000,12.138990,1.858460
61.950774,-81.824400,-249.000000,12.292865,1.854548
62.470774,-81.824400,-249.000000,12.286897,1.855482
62.990774,-81.824400,-249.000000,12.580545,1.872578
63.510774,-81.824400,-249.000000,12.473869,1.892564
64.030774,-81.824400,-249.000000,12.312675,1.877138
64.550774,-81.824400,-249.000000,12.317437,1.860935
65.070774,-81.824400,-249.000000,12.289169,1.911722
65.590774,-81.824400,-249.000000,12.284832,1.880566
66.110774,-81.824400,-249.000000,12.170978,1.870748
66.630774,-81.824400,-249.000000,12.252907,1.855769
67.150774,-81.824400,-249.000000,12.371402,1.867227
67.670774,-81.824400,-249.000000,12.461719,1.862938
68.190774,-81.824400,-249.000000,12.282744,1.861274
68.710774,-81.824400,-249.000000,12.045501,1.868096
69.230774,-81.824400,-249.000000,12.358315,1.875863
69.750774,-81.824400,-249.000000,12.653572,1.872068
70.270774,-81.824400,-249.000000,12.480556,1.878468
70.790774,-81.824400,-249.000000,12.264504,1.853345
71.310774,-81.824400,-249.000000,12.439437,1.869609
13.070774,-81.304400,-249.000000,12.212201,1.784257
69.750774,-81.304400,-249.000000,12.538927,1.873730
70.790774,-81.304400,-249.000000,12.331485,1.860403
13.070774,-82.344400,-248.000000,12.357867,1.807045
13.590774,-82.344400,-248.000000,12.549385,1.812706
14.110774,-82.344400,-248.000000,12.515532,1.800780
14.630774,-82.344400,-248.000000,12.260264,1.797801
15.150774,-82.344400,-248.000000,12.446744,1.822158
15.670774,-82.344400,-248.000000,12.329078,1.808220
16.190774,-82.344400,-248.000000,12.567389,1.836080
16.710774,-82.344400,-248.000000,12.307937,1.834929
17.230774,-82.344400,-248.000000,12.334381,1.837256
17.750774,-82.344400,-248.000000,12.343583,1.842671
18.270774,-82.344400,-248.000000,12.570645,1.847337
18.790774,-82.344400,-248.000000,12.212835,1.852823
19.310774,-82.344400,-248.000000,12.278597,1.825388
19.830774,-82.344400,-248.000000,12.563869,1.839685
20.350774,-82.344400,-248.000000,12.386371,1.861492
20.870774,-82.344400,-248.000000,12.218406,1.835623
21.390774,-82.344400,-248.000000,12.431885,1.856795
21.910774,-82.344400,-248.000000,12.430534,1.836268
22.430774,-82.344400,-248.000000,12.308359,1.865310
22.950774,-82.344400,-248.000000,12.354154,1.860008
23.470774,-82.344400,-248.000000,12.245905,1.867953
23.990774,-82.344400,-248.000000,12.572171,1.869030
24.510774,-82.344400,-248.000000,12.458030,1.861091
25.030774,-82.344400,-248.000000,12.266748,1.845366
25.550774,-82.344400,-248.000000,12.433597,1.850681
26.070774,-82.344400,-248.000000,12.534916,1.855913
26.590774,-82.344400,-248.000000,12.318417,1.867060
27.110774,-82.344400,-248.000000,12.360290,1.863770
27.630774,-82.344400,-248.000000,12.241655,1.880446
28.150774,-82.344400,-248.000000,12.257339,1.856788
28.670774,-82.344400,-248.000000,12.310641,1.868103
29.190774,-82.344400,-248.000000,12.365209,1.868486
29.710774,-82.344400,-248.000000,12.333574,1.839749
30.230774,-82.344400,-248.000000,12.486166,1.863332
30.750774,-82.344400,-248.000000,12.523576,1.857735
31.270774,-82.344400,-248.000000,12.304521,1.851761
31.790774,-82.344400,-248.000000,12.297935,1.871226
32.310774,-82.344400,-248.000000,12.304314,1.870219
32.830774,-82.344400,-248.000000,12.366405,1.870185
33.350774,-82.344400,-248.000000,12.366039,1.862298
33.870774,-82.344400,-248.000000,12.404601,1.898814
34.390774,-82.344400,-248.000000,12.109740,1.847967
34.910774,-82.344400,-248.000000,12.162565,1.860121
35.430774,-82.344400,-248.000000,12.393495,1.871785
35.950774,-82.344400,-248.000000,12.327715,1.892934
36.470774,-82.344400,-248.000000,12.466651,1.886917
36.990774,-82.344400,-248.000000,12.333757,1.870125
37.510774,-82.344400,-248.000000,12.403152,1.859992
38.030774,-82.344400,-248.000000,12.431093,1.871433
38.550774,-82.344400,-248.000000,12.356464,1.879259
39.070774,-82.344400,-248.000000,12.414983,1.876929
39.590774,-82.344400,-248.000000,12.109602,1.857877
40.110774,-82.344400,-248.000000,12.502898,1.874782
40.630774,-82.344400,-248.000000,12.496688,1.891829
41.150774,-82.344400,-248.000000,12.472762,1.871012
41.670774,-82.344400,-248.000000,12.037701,1.844805
42.190774,-82.344400,-248.000000,12.471736,1.874856
42.710774,-82.344400,-248.000000,12.200632,1.841262
43.230774,-82.344400,-248.000000,12.015090,1.874478
43.750774,-82.344400,-248.000000,12.390190,1.890905
44.270774,-82.344400,-248.000000,12.215766,1.872666
44.790774,-82.344400,-248.000000,12.434081,1.860312
45.310774,-82.344400,-248.000000,12.435454,1.868250
45.830774,-82.344400,-248.000000,12.462916,1.874514
46.350774,-82.344400,-248.000000,12.308892,1.872780
46.870774,-82.344400,-248.000000,12.202097,1.877183
47.390774,-82.344400,-248.000000,12.240533,1.867614
47.910774,-82.344400,-248.000000,12.248184,1.866085
48.430774,-82.344400,-248.000000,12.300927,1.862436
48.950774,-82.344400,-248.000000,12.356530,1.894566
49.470774,-82.344400,-248.000000,12.228050,1.862719
49.990774,-82.344400,-248.000000,12.393387,1.857143
50.510774,-82.344400,-248.000000,12.465592,1.871622
51.030774,-82.344400,-248.000000,12.243548,1.874941
51.550774,-82.344400,-248.000000,12.472960,1.884310
52.070774,-82.344400,-248.000000,12.210790,1.859400
52.590774,-82.344400,-248.000000,12.273849,1.857411
53.110774,-82.344400,-248.000000,12.502007,1.902737
53.630774,-82.344400,-248.000000,12.307938,1.858263
54.150774,-82.344400,-248.000000,12.524553,1.880804
54.670774,-82.344400,-248.000000,12.364067,1.865943
55.190774,-82.344400,-248.000000,12.307741,1.880066
55.710774,-82.344400,-248.000000,12.195220,1.849903
56.230774,-82.344400,-248.000000,12.413962,1.876768
56.750774,-82.344400,-248.000000,12.198340,1.856185
57.270774,-82.344400,-248.000000,11.952230,1.846292
57.790774,-82.344400,-248.000000,12.446222,1.879087
58.310774,-82.344400,-248.000000,12.563818,1.902791
58.830774,-82.344400,-248.000000,12.385306,1.880553
59.350774,-82.344400,-248.000000,12.560695,1.868366
59.870774,-82.344400,-248.000000,12.393832,1.853385
60.390774,-82.344400,-248.000000,12.379997,1.885942
60.910774,-82.344400,-248.000000,12.496491,1.860152
61.430774,-82.344400,-248.000000,12.284907,1.874503
61.950774,-82.344400,-248.000000,12.144530,1.851000
62.470774,-82.344400,-248.000000,12.323030,1.876934
62.990774,-82.344400,-248.000000,12.346982,1.867106
63.510774,-82.344400,-248.000000,12.323948,1.853444
64.030774,-82.344400,-248.000000,11.904389,1.845686
64.550774,-82.344400,-248.000000,12.199533,1.875184
65.070774,-82.344400,-248.000000,12.251876,1.870351
65.590774,-82.344400,-248.000000,12.307150,1.869075
66.110774,-82.344400,-248.000000,12.292495,1.851256
66.630774,-82.344400,-248.000000,12.320613,1.851421
67.150774,-82.344400,-248.000000,12.400716,1.872413
67.670774,-82.344400,-248.000000,12.271407,1.865134
68.190774,-82.344400,-248.000000,12.145727,1.869581
13.070774,-81.824400,-248.000000,12.332477,1.803920
13.590774,-81.824400,-248.000000,12.413592,1.817087
14.110774,-81.824400,-248.000000,12.474815,1.798405
14.630774,-81.824400,-248.000000,12.269719,1.800467
15.150774,-81.824400,-248.000000,12.295235,1.816031
15.670774,-81.824400,-248.000000,12.349444,1.801825
16.190774,-81.824400,-248.000000,12.598015,1.841222
16.710774,-81.824400,-248.000000,12.226348,1.841473
17.230774,-81.824400,-248.000000,12.353753,1.838849
17.750774,-81.824400,-248.000000,12.288935,1.841253
18.270774,-81.824400,-248.000000,12.495276,1.851964
18.790774,-81.824400,-248.000000,12.254432,1.853056
19.310774,-81.824400,-248.000000,12.318490,1.834676
19.830774,-81.824400,-248.000000,12.483397,1.841299
20.350774,-81.824400,-248.000000,12.362062,1.856466
20.870774,-81.824400,-248.000000,12.197459,1.839604
21.390774,-81.824400,-248.000000,12.442973,1.857088
21.910774,-81.824400,-248.000000,12.394170,1.836622
22.430774,-81.824400,-248.000000,12.385712,1.871946
22.950774,-81.824400,-248.000000,12.266238,1.860322
23.470774,-81.824400,-248.000000,12.271163,1.872205
23.990774,-81.824400,-248.000000,12.539469,1.870799
24.510774,-81.824400,-248.000000,12.463256,1.860237
25.030774,-81.824400,-248.000000,12.280598,1.851533
25.550774,-81.824400,-248.000000,12.345355,1.850465
26.070774,-81.824400,-248.000000,12.521918,1.854715
26.590774,-81.824400,-248.000000,12.292068,1.868335
27.110774,-81.824400,-248.000000,12.403842,1.867172
27.630774,-81.824400,-248.000000,12.316048,1.883278
28.150774,-81.824400,-248.000000,12.182948,1.855228
28.670774,-81.824400,-248.000000,12.286764,1.863702
29.190774,-81.824400,-248.000000,12.334026,1.866884
29.710774,-81.824400,-248.000000,12.328086,1.848841
30.230774,-81.824400,-248.000000,12.465262,1.863062
30.750774,-81.824400,-248.000000,12.440217,1.865653
31.270774,-81.824400,-248.000000,12.203665,1.844387
31.790774,-81.824400,-248.000000,12.311343,1.877561
32.310774,-81.824400,-248.000000,12.316931,1.870381
32.830774,-81.824400,-248.000000,12.348050,1.867530
33.350774,-81.824400,-248.000000,12.300907,1.867639
33.870774,-81.824400,-248.000000,12.390170,1.900468
34.390774,-81.824400,-248.000000,12.109756,1.848983
34.910774,-81.824400,-248.000000,12.171416,1.861779
35.430774,-81.824400,-248.000000,12.371113,1.877336
35.950774,-81.824400,-248.000000,12.355375,1.895310
36.470774,-81.824400,-248.000000,12.450315,1.887204
36.990774,-81.824400,-248.000000,12.308970,1.874076
37.510774,-81.824400,-248.000000,12.391831,1.858651
38.030774,-81.824400,-248.000000,12.394624,1.875828
38.550774,-81.824400,-248.000000,12.337246,1.883726
39.070774,-81.824400,-248.000000,12.441985,1.885052
39.590774,-81.824400,-248.000000,12.042982,1.861958
40.110774,-81.824400,-248.000000,12.394706,1.872546
40.630774,-81.824400,-248.000000,12.514537,1.892547
41.150774,-81.824400,-248.000000,12.564934,1.880227
41.670774,-81.824400,-248.000000,11.980880,1.841365
42.190774,-81.824400,-248.000000,12.438357,1.877147
42.710774,-81.824400,-248.000000,12.170946,1.846380
43.230774,-81.824400,-248.000000,12.007486,1.874554
43.750774,-81.824400,-248.000000,12.354312,1.894012
44.270774,-81.824400,-248.000000,12.253745,1.874280
44.790774,-81.824400,-248.000000,12.447764,1.862451
45.310774,-81.824400,-248.000000,12.407026,1.861280
45.830774,-81.824400,-248.000000,12.479558,1.873764
46.350774,-81.824400,-248.000000,12.361547,1.876448
46.870774,-81.824400,-248.000000,12.181907,1.881140
47.390774,-81.824400,-248.000000,12.213967,1.871891
47.910774,-81.824400,-248.000000,12.287596,1.872876
48.430774,-81.824400,-248.000000,12.337264,1.867912
48.950774,-81.824400,-248.000000,12.320214,1.893220
49.470774,-81.824400,-248.000000,12.225480,1.857389
49.990774,-81.824400,-248.000000,12.405566,1.866908
50.510774,-81.824400,-248.000000,12.441015,1.877521
51.030774,-81.824400,-248.000000,12.235366,1.874118
51.550774,-81.824400,-248.000000,12.443621,1.878228
52.070774,-81.824400,-248.000000,12.205865,1.864977
52.590774,-81.824400,-248.000000,12.217805,1.861744
53.110774,-81.824400,-248.000000,12.465341,1.898780
53.630774,-81.824400,-248.000000,12.275870,1.855925
54.150774,-81.824400,-248.000000,12.553390,1.889539
54.670774,-81.824400,-248.000000,12.321362,1.871323
55.190774,-81.824400,-248.000000,12.311640,1.881920
55.710774,-81.824400,-248.000000,12.143428,1.853310
56.230774,-81.824400,-248.000000,12.473156,1.876848
56.750774,-81.824400,-248.000000,12.214694,1.861998
57.270774,-81.824400,-248.000000,11.925838,1.854771
57.790774,-81.824400,-248.000000,12.383028,1.877269
58.310774,-81.824400,-248.000000,12.423224,1.897775
58.830774,-81.824400,-248.000000,12.448298,1.879773
59.350774,-81.824400,-248.000000,12.501849,1.866306
59.870774,-81.824400,-248.000000,12.449588,1.865711
60.390774,-81.824400,-248.000000,12.303042,1.884922
60.910774,-81.824400,-248.000000,12.592610,1.867207
61.430774,-81.824400,-248.000000,12.261540,1.878873
61.950774,-81.824400,-248.000000,12.081680,1.846999
62.470774,-81.824400,-248.000000,12.307782,1.883730
62.990774,-81.824400,-248.000000,12.328129,1.867836
63.510774,-81.824400,-248.000000,12.343810,1.855286
64.030774,-81.824400,-248.000000,11.963077,1.847872
64.550774,-81.824400,-248.000000,12.163506,1.878631
65.070774,-81.824400,-248.000000,12.209452,1.867923
65.590774,-81.824400,-248.000000,12.320533,1.866887
66.110774,-81.824400,-248.000000,12.263834,1.849180
66.630774,-81.824400,-248.000000,12.309098,1.848293
67.150774,-81.824400,-248.000000,12.417024,1.871872
67.670774,-81.824400,-248.000000,12.251154,1.875001
68.190774,-81.824400,-248.000000,12.189210,1.872919
68.710774,-81.824400,-248.000000,12.500663,1.890588
69.230774,-81.824400,-248.000000,12.276581,1.883393
13.070774,-81.304400,-248.000000,12.330322,1.799276
67.150774,-81.304400,-248.000000,12.480395,1.874414
68.190774,-81.304400,-248.000000,12.164878,1.872338
13.070774,-82.344400,-247.000000,12.305401,1.782481
13.590774,-82.344400,-247.000000,12.510473,1.808410
14.110774,-82.344400,-247.000000,12.578968,1.808911
14.630774,-82.344400,-247.000000,12.200686,1.812126
15.150774,-82.344400,-247.000000,12.256166,1.795403
15.670774,-82.344400,-247.000000,12.353798,1.823146
16.190774,-82.344400,-247.000000,12.383861,1.819092
16.710774,-82.344400,-247.000000,12.361653,1.825114
17.230774,-82.344400,-247.000000,12.337058,1.847402
17.750774,-82.344400,-247.000000,12.217382,1.837380
18.270774,-82.344400,-247.000000,12.100741,1.835332
18.790774,-82.344400,-247.000000,12.091721,1.821802
19.310774,-82.344400,-247.000000,12.329317,1.848754
19.830774,-82.344400,-247.000000,12.240589,1.848951
20.350774,-82.344400,-247.000000,12.319043,1.842160
20.870774,-82.344400,-247.000000,12.463893,1.870950
21.390774,-82.344400,-247.000000,12.249129,1.855717
21.910774,-82.344400,-247.000000,12.443544,1.840943
22.430774,-82.344400,-247.000000,12.055972,1.850096
22.950774,-82.344400,-247.000000,12.363466,1.855638
23.470774,-82.344400,-247.000000,12.238473,1.854400
23.990774,-82.344400,-247.000000,12.333022,1.854055
24.510774,-82.344400,-247.000000,12.377046,1.851176
25.030774,-82.344400,-247.000000,12.211728,1.866522
25.550774,-82.344400,-247.000000,12.358642,1.852402
26.070774,-82.344400,-247.000000,12.194646,1.832032
26.590774,-82.344400,-247.000000,12.276098,1.854730
27.110774,-82.344400,-247.000000,12.176324,1.860722
27.630774,-82.344400,-247.000000,12.257690,1.864286
28.150774,-82.344400,-247.000000,12.366828,1.846134
28.670774,-82.344400,-247.000000,12.205357,1.869587
29.190774,-82.344400,-247.000000,12.608829,1.862325
29.710774,-82.344400,-247.000000,12.152118,1.848416
30.230774,-82.344400,-247.000000,12.480183,1.872157
30.750774,-82.344400,-247.000000,12.191541,1.861915
31.270774,-82.344400,-247.000000,12.282775,1.851188
31.790774,-82.344400,-247.000000,12.392181,1.873742
32.310774,-82.344400,-247.000000,12.122867,1.862981
32.830774,-82.344400,-247.000000,12.155930,1.857644
33.350774,-82.344400,-247.000000,12.285869,1.876664
33.870774,-82.344400,-247.000000,12.361059,1.867858
34.390774,-82.344400,-247.000000,12.476050,1.881966
34.910774,-82.344400,-247.000000,12.164702,1.885137
35.430774,-82.344400,-247.000000,12.163955,1.858277
35.950774,-82.344400,-247.000000,12.322309,1.886953
36.470774,-82.344400,-247.000000,12.273868,1.835414
36.990774,-82.344400,-247.000000,12.281060,1.866324
37.510774,-82.344400,-247.000000,12.382171,1.856495
38.030774,-82.344400,-247.000000,12.332751,1.852493
38.550774,-82.344400,-247.000000,12.185994,1.860958
39.070774,-82.344400,-247.000000,12.329867,1.870439
39.590774,-82.344400,-247.000000,12.302307,1.873671
40.110774,-82.344400,-247.000000,12.145564,1.875923
40.630774,-82.344400,-247.000000,12.323214,1.868968
41.150774,-82.344400,-247.000000,12.395633,1.880512
41.670774,-82.344400,-247.000000,12.400002,1.857180
42.190774,-82.344400,-247.000000,12.273503,1.860882
42.710774,-82.344400,-247.000000,12.346943,1.877946
43.230774,-82.344400,-247.000000,12.624583,1.889018
43.750774,-82.344400,-247.000000,12.463093,1.881153
44.270774,-82.344400,-247.000000,12.125922,1.847280
44.790774,-82.344400,-247.000000,12.436358,1.868175
45.310774,-82.344400,-247.000000,12.265089,1.858106
45.830774,-82.344400,-247.000000,12.545254,1.890869
46.350774,-82.344400,-247.000000,12.235042,1.859431
46.870774,-82.344400,-247.000000,12.283618,1.876993
47.390774,-82.344400,-247.000000,12.303622,1.860243
47.910774,-82.344400,-247.000000,12.263691,1.865659
48.430774,-82.344400,-247.000000,12.387532,1.888663
48.950774,-82.344400,-247.000000,12.217010,1.849987
49.470774,-82.344400,-247.000000,12.272845,1.844732
49.990774,-82.344400,-247.000000,12.483610,1.855029
50.510774,-82.344400,-247.000000,12.156274,1.872197
51.030774,-82.344400,-247.000000,12.272357,1.898448
51.550774,-82.344400,-247.000000,12.219228,1.866943
52.070774,-82.344400,-247.000000,12.228599,1.868629
52.590774,-82.344400,-247.000000,12.289577,1.874377
53.110774,-82.344400,-247.000000,12.371713,1.875396
53.630774,-82.344400,-247.000000,12.373683,1.876774
54.150774,-82.344400,-247.000000,12.267182,1.873413
54.670774,-82.344400,-247.000000,12.381712,1.852039
55.190774,-82.344400,-247.000000,12.420490,1.879326
55.710774,-82.344400,-247.000000,12.216051,1.864043
56.230774,-82.344400,-247.000000,12.276058,1.868635
56.750774,-82.344400,-247.000000,12.063383,1.865201
57.270774,-82.344400,-247.000000,12.433279,1.873306
57.790774,-82.344400,-247.000000,12.524508,1.875325
58.310774,-82.344400,-247.000000,12.434113,1.879162
58.830774,-82.344400,-247.000000,12.196622,1.870078
59.350774,-82.344400,-247.000000,12.415476,1.883827
59.870774,-82.344400,-247.000000,12.330822,1.872175
60.390774,-82.344400,-247.000000,12.082488,1.890216
60.910774,-82.344400,-247.000000,12.154344,1.859361
61.430774,-82.344400,-247.000000,12.073544,1.863407
61.950774,-82.344400,-247.000000,12.384665,1.853861
62.470774,-82.344400,-247.000000,12.303451,1.870183
62.990774,-82.344400,-247.000000,12.343882,1.869271
63.510774,-82.344400,-247.000000,12.320553,1.888607
64.030774,-82.344400,-247.000000,12.242955,1.857480
64.550774,-82.344400,-247.000000,12.124115,1.845422
65.070774,-82.344400,-247.000000,12.271592,1.860501
65.590774,-82.344400,-247.000000,12.378398,1.868720
66.110774,-82.344400,-247.000000,12.307956,1.845009
13.070774,-81.824400,-247.000000,12.278762,1.787600
13.590774,-81.824400,-247.000000,12.564342,1.813672
14.110774,-81.824400,-247.000000,12.509339,1.810892
14.630774,-81.824400,-247.000000,12.259499,1.818944
15.150774,-81.824400,-247.000000,12.252082,1.801035
15.670774,-81.824400,-247.000000,12.318976,1.828126
16.190774,-81.824400,-247.000000,12.308429,1.822460
16.710774,-81.824400,-247.000000,12.397716,1.823111
17.230774,-81.824400,-247.000000,12.370992,1.848560
17.750774,-81.824400,-247.000000,12.253982,1.853300
18.270774,-81.824400,-247.000000,12.087951,1.831433
18.790774,-81.824400,-247.000000,12.086609,1.817196
19.310774,-81.824400,-247.000000,12.382655,1.849351
19.830774,-81.824400,-247.000000,12.158622,1.850110
20.350774,-81.824400,-247.000000,12.384765,1.850002
20.870774,-81.824400,-247.000000,12.454285,1.861543
21.390774,-81.824400,-247.000000,12.227054,1.862435
21.910774,-81.824400,-247.000000,12.440394,1.845546
22.430774,-81.824400,-247.000000,12.095519,1.855469
22.950774,-81.824400,-247.000000,12.402876,1.859904
23.470774,-81.824400,-247.000000,12.229621,1.858485
23.990774,-81.824400,-247.000000,12.295933,1.852624
24.510774,-81.824400,-247.000000,12.442871,1.854779
25.030774,-81.824400,-247.000000,12.134391,1.865248
25.550774,-81.824400,-247.000000,12.303883,1.861486
26.070774,-81.824400,-247.000000,12.232753,1.835710
26.590774,-81.824400,-247.000000,12.250890,1.857522
27.110774,-81.824400,-247.000000,12.204975,1.860671
27.630774,-81.824400,-247.000000,12.262252,1.868577
28.150774,-81.824400,-247.000000,12.349241,1.852917
28.670774,-81.824400,-247.000000,12.165381,1.867705
29.190774,-81.824400,-247.000000,12.585521,1.868172
29.710774,-81.824400,-247.000000,12.159011,1.850035
30.230774,-81.824400,-247.000000,12.439878,1.872276
30.750774,-81.824400,-247.000000,12.289677,1.868206
31.270774,-81.824400,-247.000000,12.201197,1.845765
31.790774,-81.824400,-247.000000,12.366016,1.863869
32.310774,-81.824400,-247.000000,12.132639,1.863093
32.830774,-81.824400,-247.000000,12.207679,1.866875
33.350774,-81.824400,-247.000000,12.236785,1.872878
33.870774,-81.824400,-247.000000,12.295352,1.867175
34.390774,-81.824400,-247.000000,12.533834,1.888871
34.910774,-81.824400,-247.000000,12.185614,1.884510
35.430774,-81.824400,-247.000000,12.176714,1.860169
35.950774,-81.824400,-247.000000,12.323380,1.885545
36.470774,-81.824400,-247.000000,12.285975,1.841877
36.990774,-81.824400,-247.000000,12.199206,1.866977
37.510774,-81.824400,-247.000000,12.445479,1.867952
38.030774,-81.824400,-247.000000,12.351717,1.856733
38.550774,-81.824400,-247.000000,12.206040,1.865200
39.070774,-81.824400,-247.000000,12.308215,1.863286
39.590774,-81.824400,-247.000000,12.253512,1.875414
40.110774,-81.824400,-247.000000,12.280003,1.872583
40.630774,-81.824400,-247.000000,12.378249,1.873097
41.150774,-81.824400,-247.000000,12.274525,1.877208
41.670774,-81.824400,-247.000000,12.392458,1.864946
42.190774,-81.824400,-247.000000,12.342151,1.867000
42.710774,-81.824400,-247.000000,12.299076,1.879091
43.230774,-81.824400,-247.000000,12.566314,1.879785
43.750774,-81.824400,-247.000000,12.504926,1.885051
44.270774,-81.824400,-247.000000,12.102848,1.848343
44.790774,-81.824400,-247.000000,12.327918,1.873900
45.310774,-81.824400,-247.000000,12.254189,1.853590
45.830774,-81.824400,-247.000000,12.528609,1.894683
46.350774,-81.824400,-247.000000,12.195794,1.860888
46.870774,-81.824400,-247.000000,12.250295,1.873329
47.390774,-81.824400,-247.000000,12.270101,1.858894
47.910774,-81.824400,-247.000000,12.303779,1.871654
48.430774,-81.824400,-247.000000,12.419523,1.889646
48.950774,-81.824400,-247.000000,12.171947,1.850821
49.470774,-81.824400,-247.000000,12.283211,1.846278
49.990774,-81.824400,-247.000000,12.386765,1.849672
50.510774,-81.824400,-247.000000,12.217078,1.877212
51.030774,-81.824400,-247.000000,12.192598,1.891239
51.550774,-81.824400,-247.000000,12.270758,1.872956
52.070774,-81.824400,-247.000000,12.238345,1.869005
52.590774,-81.824400,-247.000000,12.290442,1.877231
53.110774,-81.824400,-247.000000,12.340178,1.873437
53.630774,-81.824400,-247.000000,12.366523,1.871990
54.150774,-81.824400,-247.000000,12.254394,1.877400
54.670774,-81.824400,-247.000000,12.405287,1.854746
55.190774,-81.824400,-247.000000,12.438093,1.881535
55.710774,-81.824400,-247.000000,12.147484,1.858889
56.230774,-81.824400,-247.000000,12.257312,1.869994
56.750774,-81.824400,-247.000000,12.051472,1.862875
57.270774,-81.824400,-247.000000,12.409679,1.877491
57.790774,-81.824400,-247.000000,12.538622,1.879430
58.310774,-81.824400,-247.000000,12.344138,1.883724
58.830774,-81.824400,-247.000000,12.252712,1.870694
59.350774,-81.824400,-247.000000,12.334010,1.881286
59.870774,-81.824400,-247.000000,12.360734,1.871268
60.390774,-81.824400,-247.000000,12.108042,1.886405
60.910774,-81.824400,-247.000000,12.134316,1.861091
61.430774,-81.824400,-247.000000,12.051065,1.862875
61.950774,-81.824400,-247.000000,12.307956,1.851586
62.470774,-81.824400,-247.000000,12.325653,1.863629
62.990774,-81.824400,-247.000000,12.286140,1.876240
63.510774,-81.824400,-247.000000,12.289801,1.891586
64.030774,-81.824400,-247.000000,12.215438,1.857253
64.550774,-81.824400,-247.000000,12.179149,1.855490
65.070774,-81.824400,-247.000000,12.313567,1.858962
65.590774,-81.824400,-247.000000,12.265079,1.868621
66.110774,-81.824400,-247.000000,12.389097,1.850740
66.630774,-81.824400,-247.000000,12.404435,1.880483
67.150774,-81.824400,-247.000000,12.383716,1.867748
65.070774,-81.304400,-247.000000,12.331046,1.858948
66.110774,-81.304400,-247.000000,12.371114,1.855731
13.070774,-82.344400,-246.000000,12.387540,1.781555
13.590774,-82.344400,-246.000000,12.203536,1.786566
14.110774,-82.344400,-246.000000,12.436037,1.805792
14.630774,-82.344400,-246.000000,12.596315,1.804973
15.150774,-82.344400,-246.000000,12.144194,1.804699
15.670774,-82.344400,-246.000000,12.278258,1.809481
16.190774,-82.344400,-246.000000,12.515003,1.841819
16.710774,-82.344400,-246.000000,12.428297,1.817541
17.230774,-82.344400,-246.000000,12.446086,1.836161
17.750774,-82.344400,-246.000000,12.099170,1.812755
18.270774,-82.344400,-246.000000,12.609902,1.846375
18.790774,-82.344400,-246.000000,12.609206,1.834655
19.310774,-82.344400,-246.000000,12.196849,1.841584
19.830774,-82.344400,-246.000000,12.105290,1.846292
20.350774,-82.344400,-246.000000,12.165930,1.835912
20.870774,-82.344400,-246.000000,12.421427,1.841788
21.390774,-82.344400,-246.000000,12.452818,1.842944
21.910774,-82.344400,-246.000000,12.359193,1.855361
22.430774,-82.344400,-246.000000,12.279413,1.844572
22.950774,-82.344400,-246.000000,12.394533,1.856945
23.470774,-82.344400,-246.000000,12.476259,1.855367
23.990774,-82.344400,-246.000000,12.310081,1.841194
24.510774,-82.344400,-246.000000,12.255229,1.871936
25.030774,-82.344400,-246.000000,12.588796,1.853250
25.550774,-82.344400,-246.000000,12.168599,1.827311
26.070774,-82.344400,-246.000000,12.344721,1.842290
26.590774,-82.344400,-246.000000,12.629572,1.861289
27.110774,-82.344400,-246.000000,12.551860,1.849202
27.630774,-82.344400,-246.000000,12.253367,1.867914
28.150774,-82.344400,-246.000000,12.282690,1.857710
28.670774,-82.344400,-246.000000,12.193839,1.854350
29.190774,-82.344400,-246.000000,12.402319,1.880029
29.710774,-82.344400,-246.000000,12.379126,1.891180
30.230774,-82.344400,-246.000000,12.178569,1.839797
30.750774,-82.344400,-246.000000,12.509985,1.853895
31.270774,-82.344400,-246.000000,12.297668,1.841247
31.790774,-82.344400,-246.000000,12.361561,1.857719
32.310774,-82.344400,-246.000000,12.248195,1.854535
32.830774,-82.344400,-246.000000,12.321870,1.854093
33.350774,-82.344400,-246.000000,12.283727,1.856949
33.870774,-82.344400,-246.000000,12.304384,1.854246
34.390774,-82.344400,-246.000000,12.360420,1.869249
34.910774,-82.344400,-246.000000,12.349282,1.885139
35.430774,-82.344400,-246.000000,12.306417,1.859094
35.950774,-82.344400,-246.000000,12.117599,1.840955
36.470774,-82.344400,-246.000000,12.388447,1.843981
36.990774,-82.344400,-246.000000,12.197895,1.871451
37.510774,-82.344400,-246.000000,12.351260,1.878320
38.030774,-82.344400,-246.000000,12.381638,1.878191
38.550774,-82.344400,-246.000000,12.210738,1.865386
39.070774,-82.344400,-246.000000,12.052611,1.846066
39.590774,-82.344400,-246.000000,12.338639,1.852663
40.110774,-82.344400,-246.000000,12.355521,1.870144
40.630774,-82.344400,-246.000000,12.430520,1.857857
41.150774,-82.344400,-246.000000,12.270637,1.858453
41.670774,-82.344400,-246.000000,12.392228,1.858952
42.190774,-82.344400,-246.000000,12.549249,1.879904
42.710774,-82.344400,-246.000000,12.204688,1.886079
43.230774,-82.344400,-246.000000,12.464158,1.881579
43.750774,-82.344400,-246.000000,12.187327,1.866141
44.270774,-82.344400,-246.000000,12.519450,1.864677
44.790774,-82.344400,-246.000000,12.401020,1.875282
45.310774,-82.344400,-246.000000,12.413473,1.858354
45.830774,-82.344400,-246.000000,12.414737,1.861147
46.350774,-82.344400,-246.000000,12.276702,1.848499
46.870774,-82.344400,-246.000000,12.217255,1.873172
47.390774,-82.344400,-246.000000,12.508084,1.865161
47.910774,-82.344400,-246.000000,12.405986,1.875702
48.430774,-82.344400,-246.000000,12.338022,1.872853
48.950774,-82.344400,-246.000000,12.305737,1.848335
49.470774,-82.344400,-246.000000,12.041164,1.845011
49.990774,-82.344400,-246.000000,12.348540,1.855500
50.510774,-82.344400,-246.000000,12.355899,1.864983
51.030774,-82.344400,-246.000000,12.368243,1.882186
51.550774,-82.344400,-246.000000,12.377595,1.855075
52.070774,-82.344400,-246.000000,12.472590,1.869644
52.590774,-82.344400,-246.000000,12.234597,1.851708
53.110774,-82.344400,-246.000000,12.269949,1.881240
53.630774,-82.344400,-246.000000,12.194098,1.874798
54.150774,-82.344400,-246.000000,12.289515,1.866396
54.670774,-82.344400,-246.000000,12.105418,1.857743
55.190774,-82.344400,-246.000000,12.191875,1.862967
55.710774,-82.344400,-246.000000,12.272045,1.861754
56.230774,-82.344400,-246.000000,12.256574,1.862311
56.750774,-82.344400,-246.000000,12.255157,1.856250
57.270774,-82.344400,-246.000000,12.287130,1.882506
57.790774,-82.344400,-246.000000,12.184871,1.877311
58.310774,-82.344400,-246.000000,12.377141,1.857786
58.830774,-82.344400,-246.000000,12.425085,1.866408
59.350774,-82.344400,-246.000000,12.310660,1.877656
59.870774,-82.344400,-246.000000,12.368758,1.875630
60.390774,-82.344400,-246.000000,12.204756,1.850503
60.910774,-82.344400,-246.000000,12.304359,1.866003
61.430774,-82.344400,-246.000000,12.113639,1.857847
61.950774,-82.344400,-246.000000,12.359281,1.863120
62.470774,-82.344400,-246.000000,12.510311,1.873796
62.990774,-82.344400,-246.000000,12.233917,1.859665
63.510774,-82.344400,-246.000000,12.401315,1.852110
64.030774,-82.344400,-246.000000,12.415207,1.868325
13.070774,-81.824400,-246.000000,12.375127,1.783976
13.590774,-81.824400,-246.000000,12.176362,1.787273
14.110774,-81.824400,-246.000000,12.403539,1.802399
14.630774,-81.824400,-246.000000,12.501853,1.810837
15.150774,-81.824400,-246.000000,12.212678,1.810206
15.670774,-81.824400,-246.000000,12.316027,1.818009
16.190774,-81.824400,-246.000000,12.475922,1.843343
16.710774,-81.824400,-246.000000,12.468374,1.820984
17.230774,-81.824400,-246.000000,12.363848,1.831224
17.750774,-81.824400,-246.000000,12.180597,1.812633
18.270774,-81.824400,-246.000000,12.475432,1.835200
18.790774,-81.824400,-246.000000,12.570870,1.844839
19.310774,-81.824400,-246.000000,12.184851,1.840764
19.830774,-81.824400,-246.000000,12.174067,1.849231
20.350774,-81.824400,-246.000000,12.124145,1.840350
20.870774,-81.824400,-246.000000,12.372565,1.839183
21.390774,-81.824400,-246.000000,12.413606,1.843857
21.910774,-81.824400,-246.000000,12.313837,1.852826
22.430774,-81.824400,-246.000000,12.270961,1.843960
22.950774,-81.824400,-246.000000,12.318558,1.854191
23.470774,-81.824400,-246.000000,12.562059,1.864694
23.990774,-81.824400,-246.000000,12.260964,1.843936
24.510774,-81.824400,-246.000000,12.196535,1.870055
25.030774,-81.824400,-246.000000,12.512978,1.860547
25.550774,-81.824400,-246.000000,12.170324,1.829321
26.070774,-81.824400,-246.000000,12.322147,1.839571
26.590774,-81.824400,-246.000000,12.583670,1.860513
27.110774,-81.824400,-246.000000,12.613423,1.850342
27.630774,-81.824400,-246.000000,12.267316,1.861612
28.150774,-81.824400,-246.000000,12.306877,1.863420
28.670774,-81.824400,-246.000000,12.202796,1.864897
29.190774,-81.824400,-246.000000,12.377546,1.876236
29.710774,-81.824400,-246.000000,12.315911,1.888878
30.230774,-81.824400,-246.000000,12.141046,1.842184
30.750774,-81.824400,-246.000000,12.545605,1.858220
31.270774,-81.824400,-246.000000,12.352512,1.855427
31.790774,-81.824400,-246.000000,12.407114,1.868046
32.310774,-81.824400,-246.000000,12.155770,1.848928
32.830774,-81.824400,-246.000000,12.325180,1.853619
33.350774,-81.824400,-246.000000,12.272546,1.853459
33.870774,-81.824400,-246.000000,12.234420,1.858281
34.390774,-81.824400,-246.000000,12.373082,1.874793
34.910774,-81.824400,-246.000000,12.289988,1.875008
35.430774,-81.824400,-246.000000,12.344997,1.862932
35.950774,-81.824400,-246.000000,12.070992,1.843855
36.470774,-81.824400,-246.000000,12.371741,1.849111
36.990774,-81.824400,-246.000000,12.185971,1.868032
37.510774,-81.824400,-246.000000,12.267977,1.881583
38.030774,-81.824400,-246.000000,12.371587,1.877013
38.550774,-81.824400,-246.000000,12.264573,1.874536
39.070774,-81.824400,-246.000000,12.040350,1.844775
39.590774,-81.824400,-246.000000,12.264703,1.857893
40.110774,-81.824400,-246.000000,12.319245,1.866440
40.630774,-81.824400,-246.000000,12.448502,1.866571
41.150774,-81.824400,-246.000000,12.237283,1.855595
41.670774,-81.824400,-246.000000,12.369262,1.858776
42.190774,-81.824400,-246.000000,12.471720,1.880285
42.710774,-81.824400,-246.000000,12.175194,1.887447
43.230774,-81.824400,-246.000000,12.470145,1.870758
43.750774,-81.824400,-246.000000,12.154295,1.869869
44.270774,-81.824400,-246.000000,12.486722,1.868742
44.790774,-81.824400,-246.000000,12.461790,1.882729
45.310774,-81.824400,-246.000000,12.431914,1.861302
45.830774,-81.824400,-246.000000,12.385117,1.865631
46.350774,-81.824400,-246.000000,12.347186,1.851745
46.870774,-81.824400,-246.000000,12.170094,1.876577
47.390774,-81.824400,-246.000000,12.481487,1.864936
47.910774,-81.824400,-246.000000,12.320606,1.872124
48.430774,-81.824400,-246.000000,12.335678,1.876305
48.950774,-81.824400,-246.000000,12.300687,1.854807
49.470774,-81.824400,-246.000000,12.120160,1.851142
49.990774,-81.824400,-246.000000,12.286091,1.856518
50.510774,-81.824400,-246.000000,12.366149,1.865865
51.030774,-81.824400,-246.000000,12.397102,1.885826
51.550774,-81.824400,-246.000000,12.264434,1.853201
52.070774,-81.824400,-246.000000,12.441360,1.877979
52.590774,-81.824400,-246.000000,12.338387,1.856393
53.110774,-81.824400,-246.000000,12.212858,1.888443
53.630774,-81.824400,-246.000000,12.123885,1.871635
54.150774,-81.824400,-246.000000,12.274858,1.865003
54.670774,-81.824400,-246.000000,12.137980,1.860137
55.190774,-81.824400,-246.000000,12.154424,1.861683
55.710774,-81.824400,-246.000000,12.229040,1.866847
56.230774,-81.824400,-246.000000,12.227340,1.872324
56.750774,-81.824400,-246.000000,12.267212,1.857013
57.270774,-81.824400,-246.000000,12.242990,1.878611
57.790774,-81.824400,-246.000000,12.217528,1.870226
58.310774,-81.824400,-246.000000,12.350505,1.865296
58.830774,-81.824400,-246.000000,12.354785,1.866404
59.350774,-81.824400,-246.000000,12.268382,1.882806
59.870774,-81.824400,-246.000000,12.341186,1.877403
60.390774,-81.824400,-246.000000,12.209530,1.853193
60.910774,-81.824400,-246.000000,12.394281,1.867021
61.430774,-81.824400,-246.000000,12.115140,1.855879
61.950774,-81.824400,-246.000000,12.328898,1.863287
62.470774,-81.824400,-246.000000,12.452790,1.873183
62.990774,-81.824400,-246.000000,12.250088,1.862921
63.510774,-81.824400,-246.000000,12.392663,1.855446
64.030774,-81.824400,-246.000000,12.455845,1.863167
64.550774,-81.824400,-246.000000,12.095072,1.865884
13.070774,-81.304400,-246.000000,12.395580,1.781641
62.470774,-81.304400,-246.000000,12.374578,1.872680
13.070774,-82.344400,-245.000000,12.328243,1.787708
13.590774,-82.344400,-245.000000,12.224711,1.774913
14.110774,-82.344400,-245.000000,12.443776,1.796065
14.630774,-82.344400,-245.000000,12.331889,1.803481
15.150774,-82.344400,-245.000000,12.425006,1.812141
15.670774,-82.344400,-245.000000,12.300235,1.799707
16.190774,-82.344400,-245.000000,12.334141,1.800025
16.710774,-82.344400,-245.000000,12.321149,1.827757
17.230774,-82.344400,-245.000000,12.356255,1.825359
17.750774,-82.344400,-245.000000,12.245111,1.812089
18.270774,-82.344400,-245.000000,12.334109,1.801978
18.790774,-82.344400,-245.000000,12.422637,1.835234
19.310774,-82.344400,-245.000000,12.463748,1.852959
19.830774,-82.344400,-245.000000,12.170794,1.822248
20.350774,-82.344400,-245.000000,12.182728,1.842499
20.870774,-82.344400,-245.000000,12.169526,1.824775
21.390774,-82.344400,-245.000000,12.251850,1.835279
21.910774,-82.344400,-245.000000,11.968488,1.848892
22.430774,-82.344400,-245.000000,12.189005,1.824062
22.950774,-82.344400,-245.000000,12.306509,1.820395
23.470774,-82.344400,-245.000000,12.205058,1.831245
23.990774,-82.344400,-245.000000,12.404111,1.850365
24.510774,-82.344400,-245.000000,12.272516,1.865102
25.030774,-82.344400,-245.000000,12.261405,1.841115
25.550774,-82.344400,-245.000000,12.266242,1.841596
26.070774,-82.344400,-245.000000,12.390883,1.872316
26.590774,-82.344400,-245.000000,12.224582,1.856970
27.110774,-82.344400,-245.000000,12.329660,1.867086
27.630774,-82.344400,-245.000000,12.490201,1.844031
28.150774,-82.344400,-245.000000,12.304708,1.851584
28.670774,-82.344400,-245.000000,12.537856,1.890945
29.190774,-82.344400,-245.000000,12.048972,1.850698
29.710774,-82.344400,-245.000000,12.207706,1.854121
30.230774,-82.344400,-245.000000,12.379027,1.876134
30.750774,-82.344400,-245.000000,12.297959,1.845568
31.270774,-82.344400,-245.000000,12.572181,1.861923
31.790774,-82.344400,-245.000000,12.230137,1.852232
32.310774,-82.344400,-245.000000,12.399635,1.866386
32.830774,-82.344400,-245.000000,12.225904,1.885072
33.350774,-82.344400,-245.000000,12.314901,1.848764
33.870774,-82.344400,-245.000000,12.190304,1.857959
34.390774,-82.344400,-245.000000,12.325618,1.861697
34.910774,-82.344400,-245.000000,12.338341,1.855535
35.430774,-82.344400,-245.000000,12.267467,1.855491
35.950774,-82.344400,-245.000000,12.371367,1.862559
36.470774,-82.344400,-245.000000,12.466696,1.869667
36.990774,-82.344400,-245.000000,11.999752,1.847204
37.510774,-82.344400,-245.000000,12.588256,1.853528
38.030774,-82.344400,-245.000000,12.251196,1.855584
38.550774,-82.344400,-245.000000,12.327742,1.855038
39.070774,-82.344400,-245.000000,12.198844,1.853792
39.590774,-82.344400,-245.000000,12.294805,1.861864
40.110774,-82.344400,-245.000000,12.324618,1.868043
40.630774,-82.344400,-245.000000,12.264493,1.850052
41.150774,-82.344400,-245.000000,12.286239,1.838087
41.670774,-82.344400,-245.000000,12.174683,1.849178
42.190774,-82.344400,-245.000000,12.013991,1.870725
42.710774,-82.344400,-245.000000,12.345452,1.854390
43.230774,-82.344400,-245.000000,12.314445,1.873262
43.750774,-82.344400,-245.000000,12.391695,1.867630
44.270774,-82.344400,-245.000000,12.445788,1.863890
44.790774,-82.344400,-245.000000,12.506058,1.859579
45.310774,-82.344400,-245.000000,12.366165,1.861755
45.830774,-82.344400,-245.000000,12.021801,1.866174
46.350774,-82.344400,-245.000000,12.262927,1.859033
46.870774,-82.344400,-245.000000,12.238004,1.862884
47.390774,-82.344400,-245.000000,12.305894,1.854373
47.910774,-82.344400,-245.000000,12.319144,1.868476
48.430774,-82.344400,-245.000000,12.396399,1.864400
48.950774,-82.344400,-245.000000,12.194541,1.841324
49.470774,-82.344400,-245.000000,12.534584,1.844627
49.990774,-82.344400,-245.000000,12.386462,1.867861
50.510774,-82.344400,-245.000000,12.134602,1.864559
51.030774,-82.344400,-245.000000,12.216605,1.853078
51.550774,-82.344400,-245.000000,12.413475,1.863219
52.070774,-82.344400,-245.000000,12.128218,1.852356
52.590774,-82.344400,-245.000000,12.272573,1.855653
53.110774,-82.344400,-245.000000,12.226715,1.848274
53.630774,-82.344400,-245.000000,12.139394,1.857770
54.150774,-82.344400,-245.000000,12.147620,1.849784
54.670774,-82.344400,-245.000000,12.265524,1.849278
55.190774,-82.344400,-245.000000,12.493228,1.879212
55.710774,-82.344400,-245.000000,12.149899,1.840013
56.230774,-82.344400,-245.000000,12.340201,1.852020
56.750774,-82.344400,-245.000000,12.280645,1.861692
57.270774,-82.344400,-245.000000,12.158957,1.853836
57.790774,-82.344400,-245.000000,12.355268,1.850711
58.310774,-82.344400,-245.000000,12.172154,1.852097
58.830774,-82.344400,-245.000000,12.196848,1.841474
59.350774,-82.344400,-245.000000,12.407138,1.877871
59.870774,-82.344400,-245.000000,12.115561,1.845077
60.390774,-82.344400,-245.000000,12.260036,1.855191
60.910774,-82.344400,-245.000000,12.210498,1.869757
61.430774,-82.344400,-245.000000,12.384377,1.855133
13.070774,-81.824400,-245.000000,12.308225,1.788225
13.590774,-81.824400,-245.000000,12.188910,1.774257
14.110774,-81.824400,-245.000000,12.398238,1.793751
14.630774,-81.824400,-245.000000,12.421849,1.809847
15.150774,-81.824400,-245.000000,12.309751,1.803461
15.670774,-81.824400,-245.000000,12.340522,1.811594
16.190774,-81.824400,-245.000000,12.306191,1.802333
16.710774,-81.824400,-245.000000,12.260125,1.825064
17.230774,-81.824400,-245.000000,12.264271,1.829024
17.750774,-81.824400,-245.000000,12.384431,1.818242
18.270774,-81.824400,-245.000000,12.308208,1.806863
18.790774,-81.824400,-245.000000,12.428527,1.833482
19.310774,-81.824400,-245.000000,12.412227,1.858312
19.830774,-81.824400,-245.000000,12.149001,1.822692
20.350774,-81.824400,-245.000000,12.192822,1.852676
20.870774,-81.824400,-245.000000,12.227015,1.828140
21.390774,-81.824400,-245.000000,12.182221,1.838850
21.910774,-81.824400,-245.000000,12.031384,1.852035
22.430774,-81.824400,-245.000000,12.158633,1.820447
22.950774,-81.824400,-245.000000,12.266763,1.828155
23.470774,-81.824400,-245.000000,12.229015,1.835443
23.990774,-81.824400,-245.000000,12.358752,1.857650
24.510774,-81.824400,-245.000000,12.293229,1.865755
25.030774,-81.824400,-245.000000,12.239646,1.840955
25.550774,-81.824400,-245.000000,12.191176,1.846894
26.070774,-81.824400,-245.000000,12.421889,1.874958
26.590774,-81.824400,-245.000000,12.216296,1.864170
27.110774,-81.824400,-245.000000,12.239579,1.867183
27.630774,-81.824400,-245.000000,12.530733,1.846614
28.150774,-81.824400,-245.000000,12.240027,1.849690
28.670774,-81.824400,-245.000000,12.479713,1.887874
29.190774,-81.824400,-245.000000,12.039495,1.849712
29.710774,-81.824400,-245.000000,12.205034,1.862014
30.230774,-81.824400,-245.000000,12.448768,1.879248
30.750774,-81.824400,-245.000000,12.224031,1.841895
31.270774,-81.824400,-245.000000,12.555319,1.858052
31.790774,-81.824400,-245.000000,12.276677,1.860506
32.310774,-81.824400,-245.000000,12.407404,1.865770
32.830774,-81.824400,-245.000000,12.134119,1.883140
33.350774,-81.824400,-245.000000,12.239367,1.852214
33.870774,-81.824400,-245.000000,12.242653,1.859522
34.390774,-81.824400,-245.000000,12.262052,1.859149
34.910774,-81.824400,-245.000000,12.423215,1.860352
35.430774,-81.824400,-245.000000,12.302421,1.861686
35.950774,-81.824400,-245.000000,12.378394,1.862911
36.470774,-81.824400,-245.000000,12.429648,1.866910
36.990774,-81.824400,-245.000000,12.051582,1.852807
37.510774,-81.824400,-245.000000,12.580417,1.861225
38.030774,-81.824400,-245.000000,12.266862,1.863069
38.550774,-81.824400,-245.000000,12.202117,1.851299
39.070774,-81.824400,-245.000000,12.231452,1.855495
39.590774,-81.824400,-245.000000,12.305900,1.872962
40.110774,-81.824400,-245.000000,12.296113,1.868980
40.630774,-81.824400,-245.000000,12.315538,1.853805
41.150774,-81.824400,-245.000000,12.211424,1.836758
41.670774,-81.824400,-245.000000,12.074714,1.855789
42.190774,-81.824400,-245.000000,12.129164,1.874911
42.710774,-81.824400,-245.000000,12.337075,1.855146
43.230774,-81.824400,-245.000000,12.315792,1.876249
43.750774,-81.824400,-245.000000,12.353747,1.869255
44.270774,-81.824400,-245.000000,12.455723,1.858629
44.790774,-81.824400,-245.000000,12.408929,1.865713
45.310774,-81.824400,-245.000000,12.423993,1.867329
45.830774,-81.824400,-245.000000,12.022960,1.861997
46.350774,-81.824400,-245.000000,12.211015,1.867594
46.870774,-81.824400,-245.000000,12.222974,1.868502
47.390774,-81.824400,-245.000000,12.267913,1.851746
47.910774,-81.824400,-245.000000,12.348484,1.870954
48.430774,-81.824400,-245.000000,12.325502,1.861645
48.950774,-81.824400,-245.000000,12.217158,1.843636
49.470774,-81.824400,-245.000000,12.534759,1.848516
49.990774,-81.824400,-245.000000,12.325707,1.869702
50.510774,-81.824400,-245.000000,12.078667,1.867991
51.030774,-81.824400,-245.000000,12.276108,1.855599
51.550774,-81.824400,-245.000000,12.405906,1.861631
52.070774,-81.824400,-245.000000,12.192399,1.863141
52.590774,-81.824400,-245.000000,12.241561,1.852590
53.110774,-81.824400,-245.000000,12.227128,1.847523
53.630774,-81.824400,-245.000000,12.126979,1.857636
54.150774,-81.824400,-245.000000,12.130434,1.851873
54.670774,-81.824400,-245.000000,12.337170,1.855335
55.190774,-81.824400,-245.000000,12.449008,1.878878
55.710774,-81.824400,-245.000000,12.136403,1.834311
56.230774,-81.824400,-245.000000,12.355002,1.855458
56.750774,-81.824400,-245.000000,12.175695,1.861355
57.270774,-81.824400,-245.000000,12.222636,1.857550
57.790774,-81.824400,-245.000000,12.377151,1.858044
58.310774,-81.824400,-245.000000,12.203281,1.849884
58.830774,-81.824400,-245.000000,12.171674,1.850298
59.350774,-81.824400,-245.000000,12.343465,1.871237
59.870774,-81.824400,-245.000000,12.037269,1.851535
60.390774,-81.824400,-245.000000,12.277866,1.856276
60.910774,-81.824400,-245.000000,12.229414,1.872202
61.430774,-81.824400,-245.000000,12.355827,1.859734
61.950774,-81.824400,-245.000000,12.131128,1.847312
62.470774,-81.824400,-245.000000,12.105395,1.860862
13.070774,-81.304400,-245.000000,12.407125,1.791748
60.390774,-81.304400,-245.000000,12.179992,1.859353
61.430774,-81.304400,-245.000000,12.316242,1.860795
13.070774,-82.344400,-244.000000,12.464514,1.782481
13.590774,-82.344400,-244.000000,12.266369,1.784146
14.110774,-82.344400,-244.000000,12.411151,1.784292
14.630774,-82.344400,-244.000000,12.612043,1.783632
15.150774,-82.344400,-244.000000,12.294723,1.793724
15.670774,-82.344400,-244.000000,12.139145,1.783873
16.190774,-82.344400,-244.000000,12.175277,1.798355
16.710774,-82.344400,-244.000000,12.437050,1.801204
17.230774,-82.344400,-244.000000,12.153697,1.797483
17.750774,-82.344400,-244.000000,11.945922,1.794405
18.270774,-82.344400,-244.000000,12.190589,1.818746
18.790774,-82.344400,-244.000000,12.262897,1.823111
19.310774,-82.344400,-244.000000,12.225489,1.815696
19.830774,-82.344400,-244.000000,12.262045,1.816320
20.350774,-82.344400,-244.000000,12.223303,1.849938
20.870774,-82.344400,-244.000000,12.425257,1.845692
21.390774,-82.344400,-244.000000,12.369049,1.836151
21.910774,-82.344400,-244.000000,12.319592,1.840289
22.430774,-82.344400,-244.000000,12.396165,1.831227
22.950774,-82.344400,-244.000000,12.121512,1.824924
23.470774,-82.344400,-244.000000,12.361531,1.839371
23.990774,-82.344400,-244.000000,12.402554,1.872296
24.510774,-82.344400,-244.000000,12.201091,1.830250
25.030774,-82.344400,-244.000000,12.336307,1.837121
25.550774,-82.344400,-244.000000,12.282100,1.831372
26.070774,-82.344400,-244.000000,12.119357,1.835772
26.590774,-82.344400,-244.000000,12.284648,1.840688
27.110774,-82.344400,-244.000000,12.309881,1.843400
27.630774,-82.344400,-244.000000,12.069449,1.839150
28.150774,-82.344400,-244.000000,12.460103,1.844132
28.670774,-82.344400,-244.000000,12.206012,1.849346
29.190774,-82.344400,-244.000000,12.181857,1.828656
29.710774,-82.344400,-244.000000,12.398984,1.863410
30.230774,-82.344400,-244.000000,12.406413,1.849330
30.750774,-82.344400,-244.000000,12.137336,1.844973
31.270774,-82.344400,-244.000000,12.234466,1.833278
31.790774,-82.344400,-244.000000,12.018069,1.836405
32.310774,-82.344400,-244.000000,11.959920,1.822785
32.830774,-82.344400,-244.000000,12.122825,1.842111
33.350774,-82.344400,-244.000000,12.277098,1.852810
33.870774,-82.344400,-244.000000,12.325389,1.836322
34.390774,-82.344400,-244.000000,12.478187,1.863280
34.910774,-82.344400,-244.000000,12.307609,1.834942
35.430774,-82.344400,-244.000000,12.322929,1.834258
35.950774,-82.344400,-244.000000,12.400067,1.873661
36.470774,-82.344400,-244.000000,12.216960,1.846478
36.990774,-82.344400,-244.000000,12.126468,1.857202
37.510774,-82.344400,-244.000000,12.292717,1.845987
38.030774,-82.344400,-244.000000,12.421184,1.834501
38.550774,-82.344400,-244.000000,12.026740,1.829267
39.070774,-82.344400,-244.000000,12.151651,1.842177
39.590774,-82.344400,-244.000000,12.114680,1.847133
40.110774,-82.344400,-244.000000,12.194554,1.848843
40.630774,-82.344400,-244.000000,12.217209,1.843241
41.150774,-82.344400,-244.000000,12.270339,1.848236
41.670774,-82.344400,-244.000000,12.104720,1.864259
42.190774,-82.344400,-244.000000,12.360054,1.834524
42.710774,-82.344400,-244.000000,12.250930,1.843057
43.230774,-82.344400,-244.000000,12.498627,1.867989
43.750774,-82.344400,-244.000000,12.364260,1.858042
44.270774,-82.344400,-244.000000,12.309694,1.855908
44.790774,-82.344400,-244.000000,12.345653,1.848116
45.310774,-82.344400,-244.000000,12.168872,1.843875
45.830774,-82.344400,-244.000000,12.250702,1.849650
46.350774,-82.344400,-244.000000,12.077911,1.849982
46.870774,-82.344400,-244.000000,12.188093,1.853380
47.390774,-82.344400,-244.000000,12.235988,1.858483
47.910774,-82.344400,-244.000000,12.297973,1.849549
48.430774,-82.344400,-244.000000,12.120629,1.826039
48.950774,-82.344400,-244.000000,12.116782,1.831089
49.470774,-82.344400,-244.000000,12.285666,1.849855
49.990774,-82.344400,-244.000000,12.184772,1.827928
50.510774,-82.344400,-244.000000,12.304273,1.847353
51.030774,-82.344400,-244.000000,12.308903,1.845075
51.550774,-82.344400,-244.000000,12.390203,1.864102
52.070774,-82.344400,-244.000000,12.180722,1.838539
52.590774,-82.344400,-244.000000,12.185419,1.862550
53.110774,-82.344400,-244.000000,12.197453,1.847113
53.630774,-82.344400,-244.000000,12.251018,1.825387
54.150774,-82.344400,-244.000000,12.018704,1.863423
54.670774,-82.344400,-244.000000,12.251380,1.825917
55.190774,-82.344400,-244.000000,12.275798,1.822328
55.710774,-82.344400,-244.000000,12.122256,1.838822
56.230774,-82.344400,-244.000000,12.307872,1.844987
56.750774,-82.344400,-244.000000,12.216388,1.842133
57.270774,-82.344400,-244.000000,12.487960,1.851546
57.790774,-82.344400,-244.000000,12.025808,1.855611
58.310774,-82.344400,-244.000000,12.403102,1.829371
58.830774,-82.344400,-244.000000,12.056251,1.839691
59.350774,-82.344400,-244.000000,12.094783,1.828817
13.070774,-81.824400,-244.000000,12.491206,1.789392
13.590774,-81.824400,-244.000000,12.261909,1.786859
14.110774,-81.824400,-244.000000,12.428645,1.795213
14.630774,-81.824400,-244.000000,12.604841,1.786978
15.150774,-81.824400,-244.000000,12.348800,1.803090
15.670774,-81.824400,-244.000000,12.147044,1.791213
16.190774,-81.824400,-244.000000,12.213774,1.807570
16.710774,-81.824400,-244.000000,12.375238,1.805464
17.230774,-81.824400,-244.000000,12.227586,1.794706
17.750774,-81.824400,-244.000000,11.945437,1.795820
18.270774,-81.824400,-244.000000,12.207825,1.821823
18.790774,-81.824400,-244.000000,12.210985,1.817251
19.310774,-81.824400,-244.000000,12.207449,1.817005
19.830774,-81.824400,-244.000000,12.327924,1.825835
20.350774,-81.824400,-244.000000,12.140777,1.848103
20.870774,-81.824400,-244.000000,12.379790,1.846770
21.390774,-81.824400,-244.000000,12.416564,1.841570
21.910774,-81.824400,-244.000000,12.253356,1.848131
22.430774,-81.824400,-244.000000,12.329437,1.828896
22.950774,-81.824400,-244.000000,12.211441,1.828851
23.470774,-81.824400,-244.000000,12.334178,1.832938
23.990774,-81.824400,-244.000000,12.356517,1.866416
24.510774,-81.824400,-244.000000,12.272788,1.837046
25.030774,-81.824400,-244.000000,12.313039,1.843678
25.550774,-81.824400,-244.000000,12.299706,1.832790
26.070774,-81.824400,-244.000000,12.088611,1.834637
26.590774,-81.824400,-244.000000,12.286689,1.842281
27.110774,-81.824400,-244.000000,12.278728,1.851074
27.630774,-81.824400,-244.000000,12.149337,1.842872
28.150774,-81.824400,-244.000000,12.406987,1.851769
28.670774,-81.824400,-244.000000,12.216132,1.850555
29.190774,-81.824400,-244.000000,12.207120,1.831841
29.710774,-81.824400,-244.000000,12.402170,1.864270
30.230774,-81.824400,-244.000000,12.394431,1.853945
30.750774,-81.824400,-244.000000,12.109493,1.852382
31.270774,-81.824400,-244.000000,12.181144,1.831678
31.790774,-81.824400,-244.000000,12.001780,1.836688
32.310774,-81.824400,-244.000000,12.002079,1.828923
32.830774,-81.824400,-244.000000,12.203525,1.847128
33.350774,-81.824400,-244.000000,12.245916,1.851829
33.870774,-81.824400,-244.000000,12.349188,1.839162
34.390774,-81.824400,-244.000000,12.517222,1.869154
34.910774,-81.824400,-244.000000,12.298289,1.845470
35.430774,-81.824400,-244.000000,12.310977,1.831717
35.950774,-81.824400,-244.000000,12.366281,1.877777
36.470774,-81.824400,-244.000000,12.166774,1.844351
36.990774,-81.824400,-244.000000,12.154418,1.856761
37.510774,-81.824400,-244.000000,12.283699,1.852774
38.030774,-81.824400,-244.000000,12.478971,1.838620
38.550774,-81.824400,-244.000000,12.017802,1.836219
39.070774,-81.824400,-244.000000,12.108238,1.845089
39.590774,-81.824400,-244.000000,12.067934,1.848839
40.110774,-81.824400,-244.000000,12.178391,1.849983
40.630774,-81.824400,-244.000000,12.266430,1.854621
41.150774,-81.824400,-244.000000,12.236164,1.850416
41.670774,-81.824400,-244.000000,12.101228,1.871660
42.190774,-81.824400,-244.000000,12.267982,1.831976
42.710774,-81.824400,-244.000000,12.291421,1.844297
43.230774,-81.824400,-244.000000,12.502443,1.870707
43.750774,-81.824400,-244.000000,12.303552,1.859266
44.270774,-81.824400,-244.000000,12.282342,1.869033
44.790774,-81.824400,-244.000000,12.366895,1.844370
45.310774,-81.824400,-244.000000,12.164760,1.842909
45.830774,-81.824400,-244.000000,12.153721,1.846499
46.350774,-81.824400,-244.000000,12.144244,1.855682
46.870774,-81.824400,-244.000000,12.218268,1.858467
47.390774,-81.824400,-244.000000,12.202151,1.859641
47.910774,-81.824400,-244.000000,12.329528,1.856640
48.430774,-81.824400,-244.000000,12.189115,1.834490
48.950774,-81.824400,-244.000000,12.114310,1.843226
49.470774,-81.824400,-244.000000,12.321806,1.847487
49.990774,-81.824400,-244.000000,12.064526,1.828068
50.510774,-81.824400,-244.000000,12.352225,1.852305
51.030774,-81.824400,-244.000000,12.319457,1.852835
51.550774,-81.824400,-244.000000,12.232519,1.855754
52.070774,-81.824400,-244.000000,12.242612,1.844867
52.590774,-81.824400,-244.000000,12.155166,1.864460
53.110774,-81.824400,-244.000000,12.184585,1.848719
53.630774,-81.824400,-244.000000,12.278934,1.824528
54.150774,-81.824400,-244.000000,11.992934,1.860018
54.670774,-81.824400,-244.000000,12.197902,1.837363
55.190774,-81.824400,-244.000000,12.299705,1.824914
55.710774,-81.824400,-244.000000,12.131514,1.843740
56.230774,-81.824400,-244.000000,12.231333,1.847859
56.750774,-81.824400,-244.000000,12.191926,1.846461
57.270774,-81.824400,-244.000000,12.463810,1.855722
57.790774,-81.824400,-244.000000,12.038842,1.853894
58.310774,-81.824400,-244.000000,12.451979,1.839402
58.830774,-81.824400,-244.000000,12.073461,1.835841
59.350774,-81.824400,-244.000000,12.122304,1.831109
59.870774,-81.824400,-244.000000,12.076095,1.850612
57.790774,-81.304400,-244.000000,12.167897,1.857226
59.350774,-81.304400,-244.000000,12.129340,1.835810
13.070774,-82.344400,-243.000000,12.139517,1.721787
13.590774,-82.344400,-243.000000,12.234639,1.759845
14.110774,-82.344400,-243.000000,12.161492,1.771857
14.630774,-82.344400,-243.000000,12.410411,1.775181
15.150774,-82.344400,-243.000000,12.420917,1.787334
15.670774,-82.344400,-243.000000,12.234447,1.793160
16.190774,-82.344400,-243.000000,12.236381,1.780721
16.710774,-82.344400,-243.000000,12.401320,1.815651
17.230774,-82.344400,-243.000000,12.251721,1.805292
17.750774,-82.344400,-243.000000,12.178677,1.808980
18.270774,-82.344400,-243.000000,12.477729,1.794780
18.790774,-82.344400,-243.000000,12.226370,1.809402
19.310774,-82.344400,-243.000000,12.416029,1.783534
19.830774,-82.344400,-243.000000,12.328280,1.806141
20.350774,-82.344400,-243.000000,12.014935,1.792565
20.870774,-82.344400,-243.000000,11.944251,1.803385
21.390774,-82.344400,-243.000000,12.007052,1.798900
21.910774,-82.344400,-243.000000,12.335963,1.800714
22.430774,-82.344400,-243.000000,12.390134,1.817599
22.950774,-82.344400,-243.000000,12.169311,1.814490
23.470774,-82.344400,-243.000000,12.187521,1.815937
23.990774,-82.344400,-243.000000,12.059748,1.808676
24.510774,-82.344400,-243.000000,12.349422,1.820479
25.030774,-82.344400,-243.000000,11.960725,1.805247
25.550774,-82.344400,-243.000000,12.402043,1.834402
26.070774,-82.344400,-243.000000,12.244195,1.843456
26.590774,-82.344400,-243.000000,12.140812,1.816488
27.110774,-82.344400,-243.000000,12.249807,1.808388
27.630774,-82.344400,-243.000000,12.181258,1.831053
28.150774,-82.344400,-243.000000,12.128212,1.824060
28.670774,-82.344400,-243.000000,11.944368,1.801980
29.190774,-82.344400,-243.000000,11.966072,1.806355
29.710774,-82.344400,-243.000000,12.132323,1.814726
30.230774,-82.344400,-243.000000,12.255724,1.826820
30.750774,-82.344400,-243.000000,12.285610,1.823106
31.270774,-82.344400,-243.000000,12.168244,1.811874
31.790774,-82.344400,-243.000000,12.082298,1.815344
32.310774,-82.344400,-243.000000,12.097775,1.806337
32.830774,-82.344400,-243.000000,12.145720,1.801215
33.350774,-82.344400,-243.000000,12.120873,1.829473
33.870774,-82.344400,-243.000000,12.152726,1.826641
34.390774,-82.344400,-243.000000,12.418544,1.848268
34.910774,-82.344400,-243.000000,12.238029,1.807603
35.430774,-82.344400,-243.000000,12.100073,1.821874
35.950774,-82.344400,-243.000000,12.145785,1.814392
36.470774,-82.344400,-243.000000,12.227975,1.840730
36.990774,-82.344400,-243.000000,11.989221,1.819275
37.510774,-82.344400,-243.000000,12.129236,1.837594
38.030774,-82.344400,-243.000000,12.204365,1.810420
38.550774,-82.344400,-243.000000,12.029847,1.827412
39.070774,-82.344400,-243.000000,12.106277,1.804718
39.590774,-82.344400,-243.000000,12.105247,1.812449
40.110774,-82.344400,-243.000000,12.179787,1.825901
40.630774,-82.344400,-243.000000,12.378634,1.844352
41.150774,-82.344400,-243.000000,12.064204,1.817380
41.670774,-82.344400,-243.000000,12.054008,1.816710
42.190774,-82.344400,-243.000000,12.131925,1.823236
42.710774,-82.344400,-243.000000,12.143311,1.825606
43.230774,-82.344400,-243.000000,12.308660,1.817918
43.750774,-82.344400,-243.000000,11.917397,1.803310
44.270774,-82.344400,-243.000000,12.256390,1.819246
44.790774,-82.344400,-243.000000,12.213885,1.819482
45.310774,-82.344400,-243.000000,12.045794,1.820699
45.830774,-82.344400,-243.000000,11.984686,1.805151
46.350774,-82.344400,-243.000000,12.010587,1.827378
46.870774,-82.344400,-243.000000,12.242136,1.840497
47.390774,-82.344400,-243.000000,12.091926,1.817343
47.910774,-82.344400,-243.000000,11.983326,1.819736
48.430774,-82.344400,-243.000000,12.057943,1.834669
48.950774,-82.344400,-243.000000,12.231930,1.824695
49.470774,-82.344400,-243.000000,12.051991,1.842913
49.990774,-82.344400,-243.000000,12.257674,1.836100
50.510774,-82.344400,-243.000000,12.277205,1.829095
51.030774,-82.344400,-243.000000,12.096505,1.827881
51.550774,-82.344400,-243.000000,12.052352,1.812467
52.070774,-82.344400,-243.000000,12.054948,1.824770
52.590774,-82.344400,-243.000000,12.103977,1.822879
53.110774,-82.344400,-243.000000,12.462913,1.830599
53.630774,-82.344400,-243.000000,12.319520,1.850883
54.150774,-82.344400,-243.000000,12.020184,1.825567
54.670774,-82.344400,-243.000000,12.041891,1.798002
55.190774,-82.344400,-243.000000,12.067615,1.835673
55.710774,-82.344400,-243.000000,12.182502,1.834876
56.230774,-82.344400,-243.000000,12.213360,1.835351
56.750774,-82.344400,-243.000000,12.141267,1.831583
13.070774,-81.824400,-243.000000,12.230637,1.725509
13.590774,-81.824400,-243.000000,12.222631,1.760946
14.110774,-81.824400,-243.000000,12.077025,1.770059
14.630774,-81.824400,-243.000000,12.377326,1.773184
15.150774,-81.824400,-243.000000,12.454425,1.788908
15.670774,-81.824400,-243.000000,12.249230,1.793529
16.190774,-81.824400,-243.000000,12.178053,1.778865
16.710774,-81.824400,-243.000000,12.441477,1.820245
17.230774,-81.824400,-243.000000,12.197875,1.801272
17.750774,-81.824400,-243.000000,12.183784,1.818392
18.270774,-81.824400,-243.000000,12.439246,1.795001
18.790774,-81.824400,-243.000000,12.272688,1.810871
19.310774,-81.824400,-243.000000,12.387794,1.791400
19.830774,-81.824400,-243.000000,12.296758,1.803914
20.350774,-81.824400,-243.000000,11.986010,1.793520
20.870774,-81.824400,-243.000000,11.931738,1.805557
21.390774,-81.824400,-243.000000,12.065291,1.804712
21.910774,-81.824400,-243.000000,12.314802,1.808862
22.430774,-81.824400,-243.000000,12.397411,1.826972
22.950774,-81.824400,-243.000000,12.135296,1.811670
23.470774,-81.824400,-243.000000,12.210425,1.818931
23.990774,-81.824400,-243.000000,12.051229,1.817644
24.510774,-81.824400,-243.000000,12.291535,1.817253
25.030774,-81.824400,-243.000000,11.972014,1.800838
25.550774,-81.824400,-243.000000,12.356476,1.836211
26.070774,-81.824400,-243.000000,12.301811,1.843947
26.590774,-81.824400,-243.000000,12.083129,1.824587
27.110774,-81.824400,-243.000000,12.270402,1.807940
27.630774,-81.824400,-243.000000,12.217224,1.835447
28.150774,-81.824400,-243.000000,12.099552,1.835757
28.670774,-81.824400,-243.000000,11.900504,1.799963
29.190774,-81.824400,-243.000000,11.948945,1.809688
29.710774,-81.824400,-243.000000,12.098590,1.814397
30.230774,-81.824400,-243.000000,12.193597,1.831328
30.750774,-81.824400,-243.000000,12.280478,1.827204
31.270774,-81.824400,-243.000000,12.144760,1.813063
31.790774,-81.824400,-243.000000,12.030480,1.811843
32.310774,-81.824400,-243.000000,12.080878,1.811761
32.830774,-81.824400,-243.000000,12.106459,1.805154
33.350774,-81.824400,-243.000000,12.164615,1.835829
33.870774,-81.824400,-243.000000,12.136416,1.829905
34.390774,-81.824400,-243.000000,12.335910,1.838540
34.910774,-81.824400,-243.000000,12.249091,1.809897
35.430774,-81.824400,-243.000000,12.112336,1.828735
35.950774,-81.824400,-243.000000,12.169673,1.818703
36.470774,-81.824400,-243.000000,12.236141,1.841191
36.990774,-81.824400,-243.000000,12.001320,1.820391
37.510774,-81.824400,-243.000000,12.109815,1.833885
38.030774,-81.824400,-243.000000,12.175241,1.813670
38.550774,-81.824400,-243.000000,12.071365,1.829737
39.070774,-81.824400,-243.000000,12.091843,1.810225
39.590774,-81.824400,-243.000000,12.156208,1.816928
40.110774,-81.824400,-243.000000,12.161454,1.825181
40.630774,-81.824400,-243.000000,12.359195,1.844376
41.150774,-81.824400,-243.000000,12.049924,1.821430
41.670774,-81.824400,-243.000000,12.033940,1.821026
42.190774,-81.824400,-243.000000,12.179343,1.831602
42.710774,-81.824400,-243.000000,12.119590,1.829648
43.230774,-81.824400,-243.000000,12.205631,1.814586
43.750774,-81.824400,-243.000000,11.947184,1.802152
44.270774,-81.824400,-243.000000,12.198738,1.821823
44.790774,-81.824400,-243.000000,12.293613,1.826136
45.310774,-81.824400,-243.000000,12.016612,1.822202
45.830774,-81.824400,-243.000000,11.882468,1.802576
46.350774,-81.824400,-243.000000,12.036502,1.832906
46.870774,-81.824400,-243.000000,12.104447,1.830785
47.390774,-81.824400,-243.000000,12.113598,1.819748
47.910774,-81.824400,-243.000000,12.044757,1.825637
48.430774,-81.824400,-243.000000,12.037284,1.837401
48.950774,-81.824400,-243.000000,12.272978,1.832981
49.470774,-81.824400,-243.000000,11.901352,1.835168
49.990774,-81.824400,-243.000000,12.342876,1.837509
50.510774,-81.824400,-243.000000,12.207142,1.828921
51.030774,-81.824400,-243.000000,12.117273,1.840806
51.550774,-81.824400,-243.000000,12.015752,1.807303
52.070774,-81.824400,-243.000000,12.059266,1.825826
52.590774,-81.824400,-243.000000,12.043815,1.829593
53.110774,-81.824400,-243.000000,12.499148,1.829593
53.630774,-81.824400,-243.000000,12.275453,1.857073
54.150774,-81.824400,-243.000000,12.018577,1.825227
54.670774,-81.824400,-243.000000,12.079046,1.804503
55.190774,-81.824400,-243.000000,12.028828,1.836059
55.710774,-81.824400,-243.000000,12.184830,1.836277
56.230774,-81.824400,-243.000000,12.250970,1.835162
56.750774,-81.824400,-243.000000,12.165645,1.833204
57.270774,-81.824400,-243.000000,12.424779,1.827562
57.790774,-81.824400,-243.000000,12.162372,1.839180
13.070774,-81.304400,-243.000000,12.260592,1.727437
55.710774,-81.304400,-243.000000,12.221685,1.837279
56.750774,-81.304400,-243.000000,12.134803,1.827876
13.070774,-82.344400,-242.000000,12.027556,1.690661
13.590774,-82.344400,-242.000000,11.975135,1.712519
14.110774,-82.344400,-242.000000,12.118736,1.722649
14.630774,-82.344400,-242.000000,12.140348,1.742866
15.150774,-82.344400,-242.000000,12.101665,1.748609
15.670774,-82.344400,-242.000000,12.166286,1.741346
16.190774,-82.344400,-242.000000,12.228374,1.768707
16.710774,-82.344400,-242.000000,12.203753,1.745872
17.230774,-82.344400,-242.000000,12.054464,1.760386
17.750774,-82.344400,-242.000000,12.044414,1.770401
18.270774,-82.344400,-242.000000,12.021440,1.775545
18.790774,-82.344400,-242.000000,12.156754,1.751264
19.310774,-82.344400,-242.000000,12.007187,1.760928
19.830774,-82.344400,-242.000000,12.002478,1.762774
20.350774,-82.344400,-242.000000,12.086974,1.779747
20.870774,-82.344400,-242.000000,12.136816,1.808773
21.390774,-82.344400,-242.000000,11.907527,1.762878
21.910774,-82.344400,-242.000000,12.139880,1.775675
22.430774,-82.344400,-242.000000,12.083465,1.785061
22.950774,-82.344400,-242.000000,12.157862,1.779145
23.470774,-82.344400,-242.000000,11.930787,1.768068
23.990774,-82.344400,-242.000000,11.966903,1.787628
24.510774,-82.344400,-242.000000,12.187678,1.790827
25.030774,-82.344400,-242.000000,11.904173,1.778977
25.550774,-82.344400,-242.000000,12.400813,1.795873
26.070774,-82.344400,-242.000000,11.897217,1.763344
26.590774,-82.344400,-242.000000,12.126227,1.775311
27.110774,-82.344400,-242.000000,12.133854,1.802412
27.630774,-82.344400,-242.000000,11.945693,1.798000
28.150774,-82.344400,-242.000000,12.133193,1.795607
28.670774,-82.344400,-242.000000,12.103992,1.786075
29.190774,-82.344400,-242.000000,12.152135,1.779185
29.710774,-82.344400,-242.000000,12.188537,1.798349
30.230774,-82.344400,-242.000000,12.023242,1.797846
30.750774,-82.344400,-242.000000,12.174991,1.808998
31.270774,-82.344400,-242.000000,12.191176,1.783593
31.790774,-82.344400,-242.000000,12.403457,1.812641
32.310774,-82.344400,-242.000000,12.219419,1.792999
32.830774,-82.344400,-242.000000,11.895612,1.789793
33.350774,-82.344400,-242.000000,12.194121,1.805859
33.870774,-82.344400,-242.000000,11.873856,1.776867
34.390774,-82.344400,-242.000000,12.120458,1.808188
34.910774,-82.344400,-242.000000,12.037719,1.777893
35.430774,-82.344400,-242.000000,12.150336,1.800367
35.950774,-82.344400,-242.000000,12.113308,1.786323
36.470774,-82.344400,-242.000000,12.123415,1.780970
36.990774,-82.344400,-242.000000,12.203220,1.796790
37.510774,-82.344400,-242.000000,12.227155,1.815106
38.030774,-82.344400,-242.000000,12.129687,1.805768
38.550774,-82.344400,-242.000000,12.092841,1.791905
39.070774,-82.344400,-242.000000,12.065879,1.790215
39.590774,-82.344400,-242.000000,11.980151,1.810729
40.110774,-82.344400,-242.000000,12.181372,1.801306
40.630774,-82.344400,-242.000000,12.031430,1.789854
41.150774,-82.344400,-242.000000,12.198340,1.790696
41.670774,-82.344400,-242.000000,11.990766,1.815416
42.190774,-82.344400,-242.000000,11.969087,1.792320
42.710774,-82.344400,-242.000000,11.976672,1.788115
43.230774,-82.344400,-242.000000,12.106908,1.806633
43.750774,-82.344400,-242.000000,12.093122,1.814054
44.270774,-82.344400,-242.000000,12.233282,1.807952
44.790774,-82.344400,-242.000000,12.285441,1.795830
45.310774,-82.344400,-242.000000,12.209754,1.787259
45.830774,-82.344400,-242.000000,12.033743,1.809930
46.350774,-82.344400,-242.000000,11.980851,1.783759
46.870774,-82.344400,-242.000000,11.979752,1.786047
47.390774,-82.344400,-242.000000,11.855984,1.783822
47.910774,-82.344400,-242.000000,12.346225,1.807352
48.430774,-82.344400,-242.000000,11.995816,1.813083
48.950774,-82.344400,-242.000000,12.210406,1.820550
49.470774,-82.344400,-242.000000,12.022043,1.795260
49.990774,-82.344400,-242.000000,11.806340,1.777849
50.510774,-82.344400,-242.000000,11.699909,1.794449
51.030774,-82.344400,-242.000000,12.050181,1.780716
51.550774,-82.344400,-242.000000,11.924182,1.788572
52.070774,-82.344400,-242.000000,11.867026,1.794694
52.590774,-82.344400,-242.000000,11.803374,1.787346
53.110774,-82.344400,-242.000000,11.738122,1.773216
53.630774,-82.344400,-242.000000,12.242934,1.814957
54.150774,-82.344400,-242.000000,12.142062,1.828954
54.670774,-82.344400,-242.000000,12.256195,1.793132
13.070774,-81.824400,-242.000000,12.036801,1.694113
13.590774,-81.824400,-242.000000,11.986691,1.720285
14.110774,-81.824400,-242.000000,12.089921,1.722338
14.630774,-81.824400,-242.000000,12.087505,1.745329
15.150774,-81.824400,-242.000000,12.101918,1.747550
15.670774,-81.824400,-242.000000,12.173009,1.744767
16.190774,-81.824400,-242.000000,12.226708,1.776096
16.710774,-81.824400,-242.000000,12.153358,1.756089
17.230774,-81.824400,-242.000000,12.082890,1.763715
17.750774,-81.824400,-242.000000,12.110248,1.783365
18.270774,-81.824400,-242.000000,12.075054,1.778449
18.790774,-81.824400,-242.000000,12.099044,1.750137
19.310774,-81.824400,-242.000000,12.019951,1.764387
19.830774,-81.824400,-242.000000,12.040102,1.771096
20.350774,-81.824400,-242.000000,12.064145,1.779126
20.870774,-81.824400,-242.000000,12.111621,1.806481
21.390774,-81.824400,-242.000000,11.880157,1.770492
21.910774,-81.824400,-242.000000,12.115969,1.779981
22.430774,-81.824400,-242.000000,12.098969,1.789586
22.950774,-81.824400,-242.000000,12.134277,1.780983
23.470774,-81.824400,-242.000000,11.919513,1.774268
23.990774,-81.824400,-242.000000,12.005186,1.796461
24.510774,-81.824400,-242.000000,12.129854,1.791260
25.030774,-81.824400,-242.000000,11.901040,1.780632
25.550774,-81.824400,-242.000000,12.358275,1.797294
26.070774,-81.824400,-242.000000,11.915854,1.768775
26.590774,-81.824400,-242.000000,12.060612,1.782000
27.110774,-81.824400,-242.000000,12.111844,1.806953
27.630774,-81.824400,-242.000000,11.944673,1.801690
28.150774,-81.824400,-242.000000,12.172946,1.800422
28.670774,-81.824400,-242.000000,12.111537,1.792691
29.190774,-81.824400,-242.000000,12.141612,1.787774
29.710774,-81.824400,-242.000000,12.149027,1.799428
30.230774,-81.824400,-242.000000,11.970130,1.798280
30.750774,-81.824400,-242.000000,12.267777,1.809083
31.270774,-81.824400,-242.000000,12.206819,1.794783
31.790774,-81.824400,-242.000000,12.429733,1.822363
32.310774,-81.824400,-242.000000,12.233757,1.796592
32.830774,-81.824400,-242.000000,11.873454,1.792395
33.350774,-81.824400,-242.000000,12.099879,1.806912
33.870774,-81.824400,-242.000000,11.963792,1.785336
34.390774,-81.824400,-242.000000,12.200506,1.808269
34.910774,-81.824400,-242.000000,11.956275,1.784567
35.430774,-81.824400,-242.000000,12.183555,1.800667
35.950774,-81.824400,-242.000000,12.050710,1.782957
36.470774,-81.824400,-242.000000,12.196457,1.789167
36.990774,-81.824400,-242.000000,12.176208,1.806981
37.510774,-81.824400,-242.000000,12.232634,1.821260
38.030774,-81.824400,-242.000000,12.159294,1.809715
38.550774,-81.824400,-242.000000,12.048939,1.792475
39.070774,-81.824400,-242.000000,12.070637,1.798522
39.590774,-81.824400,-242.000000,11.946169,1.811495
40.110774,-81.824400,-242.000000,12.119991,1.800393
40.630774,-81.824400,-242.000000,12.093558,1.799918
41.150774,-81.824400,-242.000000,12.157332,1.790546
41.670774,-81.824400,-242.000000,11.963202,1.815549
42.190774,-81.824400,-242.000000,12.010074,1.799256
42.710774,-81.824400,-242.000000,11.995605,1.792676
43.230774,-81.824400,-242.000000,12.094569,1.815429
43.750774,-81.824400,-242.000000,12.100438,1.818809
44.270774,-81.824400,-242.000000,12.210819,1.811578
44.790774,-81.824400,-242.000000,12.234855,1.792322
45.310774,-81.824400,-242.000000,12.240825,1.796405
45.830774,-81.824400,-242.000000,12.095734,1.810675
46.350774,-81.824400,-242.000000,11.925480,1.781483
46.870774,-81.824400,-242.000000,12.009338,1.792223
47.390774,-81.824400,-242.000000,11.899505,1.789367
47.910774,-81.824400,-242.000000,12.305626,1.816927
48.430774,-81.824400,-242.000000,12.032928,1.814565
48.950774,-81.824400,-242.000000,12.184558,1.823178
49.470774,-81.824400,-242.000000,12.035742,1.802533
49.990774,-81.824400,-242.000000,11.822875,1.784626
50.510774,-81.824400,-242.000000,11.733101,1.797712
51.030774,-81.824400,-242.000000,12.018649,1.780359
51.550774,-81.824400,-242.000000,11.946891,1.796186
52.070774,-81.824400,-242.000000,11.875911,1.799532
52.590774,-81.824400,-242.000000,11.922258,1.796831
53.110774,-81.824400,-242.000000,11.663893,1.776246
53.630774,-81.824400,-242.000000,12.276568,1.826445
54.150774,-81.824400,-242.000000,12.097566,1.821863
54.670774,-81.824400,-242.000000,12.167171,1.794502
55.190774,-81.824400,-242.000000,12.148848,1.792066
13.070774,-81.304400,-242.000000,11.996103,1.705030
13.590774,-81.304400,-242.000000,12.091300,1.728446
14.110774,-81.304400,-242.000000,12.091041,1.723039
14.630774,-81.304400,-242.000000,12.055450,1.745769
16.710774,-81.304400,-242.000000,12.152218,1.760437
26.070774,-81.304400,-242.000000,11.969254,1.778107
26.590774,-81.304400,-242.000000,11.964624,1.779132
27.110774,-81.304400,-242.000000,12.131108,1.809999
27.630774,-81.304400,-242.000000,11.897328,1.805947
28.150774,-81.304400,-242.000000,12.101667,1.793933
28.670774,-81.304400,-242.000000,12.182557,1.797013
29.710774,-81.304400,-242.000000,12.050720,1.795338
30.230774,-81.304400,-242.000000,11.974406,1.799676
30.750774,-81.304400,-242.000000,12.239402,1.807886
33.350774,-81.304400,-242.000000,12.012601,1.809606
53.110774,-81.304400,-242.000000,11.626388,1.782082
54.670774,-81.304400,-242.000000,12.176721,1.795830
42.190774,-82.344400,-241.000000,11.730964,1.729383
42.710774,-82.344400,-241.000000,11.741591,1.750297
43.230774,-82.344400,-241.000000,11.741824,1.746698
43.750774,-82.344400,-241.000000,11.821319,1.737984
44.270774,-82.344400,-241.000000,11.984006,1.732013
44.790774,-82.344400,-241.000000,11.715067,1.736422
45.310774,-82.344400,-241.000000,11.617584,1.722521
45.830774,-82.344400,-241.000000,11.677292,1.728349
46.350774,-82.344400,-241.000000,11.760833,1.740647
46.870774,-82.344400,-241.000000,11.827246,1.754753
47.390774,-82.344400,-241.000000,11.887594,1.738688
47.910774,-82.344400,-241.000000,12.014703,1.749247
48.430774,-82.344400,-241.000000,11.780770,1.724607
48.950774,-82.344400,-241.000000,11.861648,1.718871
49.470774,-82.344400,-241.000000,11.799042,1.759164
49.990774,-82.344400,-241.000000,11.873818,1.774363
50.510774,-82.344400,-241.000000,11.717199,1.733343
51.030774,-82.344400,-241.000000,11.736951,1.715994
51.550774,-82.344400,-241.000000,11.742374,1.728371
52.070774,-82.344400,-241.000000,11.739702,1.733352
33.870774,-81.824400,-241.000000,12.064036,1.739444
34.390774,-81.824400,-241.000000,11.812842,1.745501
34.910774,-81.824400,-241.000000,11.878090,1.748538
35.430774,-81.824400,-241.000000,12.051004,1.724196
35.950774,-81.824400,-241.000000,11.792580,1.739748
36.470774,-81.824400,-241.000000,11.773514,1.723633
36.990774,-81.824400,-241.000000,11.640573,1.734089
37.510774,-81.824400,-241.000000,12.021108,1.732034
38.030774,-81.824400,-241.000000,11.952874,1.751681
38.550774,-81.824400,-241.000000,11.931994,1.747864
39.070774,-81.824400,-241.000000,11.729955,1.742773
39.590774,-81.824400,-241.000000,11.670421,1.751513
40.110774,-81.824400,-241.000000,11.934206,1.748457
40.630774,-81.824400,-241.000000,11.903319,1.750971
41.150774,-81.824400,-241.000000,11.791495,1.734802
41.670774,-81.824400,-241.000000,11.975879,1.752686
42.190774,-81.824400,-241.000000,11.722032,1.730589
42.710774,-81.824400,-241.000000,11.786258,1.748245
43.230774,-81.824400,-241.000000,11.799397,1.747754
43.750774,-81.824400,-241.000000,11.765034,1.739268
44.270774,-81.824400,-241.000000,12.001164,1.742073
44.790774,-81.824400,-241.000000,11.703040,1.735593
45.310774,-81.824400,-241.000000,11.636324,1.735358
45.830774,-81.824400,-241.000000,11.674518,1.722532
46.350774,-81.824400,-241.000000,11.741822,1.744434
46.870774,-81.824400,-241.000000,11.800460,1.759532
47.390774,-81.824400,-241.000000,11.819034,1.739639
47.910774,-81.824400,-241.000000,11.956842,1.754792
48.430774,-81.824400,-241.000000,11.762845,1.724044
48.950774,-81.824400,-241.000000,11.823979,1.724628
49.470774,-81.824400,-241.000000,11.761715,1.763343
49.990774,-81.824400,-241.000000,11.878334,1.780591
50.510774,-81.824400,-241.000000,11.676558,1.736429
51.030774,-81.824400,-241.000000,11.761877,1.724211
51.550774,-81.824400,-241.000000,11.738055,1.732283
52.070774,-81.824400,-241.000000,11.752528,1.738660
52.590774,-81.824400,-241.000000,11.863650,1.742294
53.110774,-81.824400,-241.000000,11.814882,1.747535
42.710774,-81.304400,-241.000000,11.821770,1.754653
43.230774,-81.304400,-241.000000,11.800743,1.749923
43.750774,-81.304400,-241.000000,11.798129,1.746684
44.270774,-81.304400,-241.000000,11.961044,1.740206
44.790774,-81.304400,-241.000000,11.721820,1.742351
45.310774,-81.304400,-241.000000,11.571525,1.734997
46.350774,-81.304400,-241.000000,11.796323,1.754277
46.870774,-81.304400,-241.000000,11.760939,1.755704
47.390774,-81.304400,-241.000000,11.765174,1.745755
47.910774,-81.304400,-241.000000,11.951092,1.754512
52.070774,-81.304400,-241.000000,11.841621,1.746378
