x_mm,y_mm,z_mm,LET_keV_per_um,Physical_dose
13.590774,-82.344400,-284.000000,12.185187,7.467866
14.110774,-82.344400,-284.000000,11.997222,7.411328
14.630774,-82.344400,-284.000000,12.124308,7.464216
15.150774,-82.344400,-284.000000,12.158007,7.476712
15.670774,-82.344400,-284.000000,12.131943,7.531935
16.190774,-82.344400,-284.000000,12.135810,7.572302
16.710774,-82.344400,-284.000000,12.030191,7.565890
17.230774,-82.344400,-284.000000,11.982795,7.512756
17.750774,-82.344400,-284.000000,12.171473,7.639086
18.270774,-82.344400,-284.000000,12.042747,7.604801
18.790774,-82.344400,-284.000000,12.243132,7.600701
19.310774,-82.344400,-284.000000,11.869803,7.473533
19.830774,-82.344400,-284.000000,11.986244,7.632824
20.350774,-82.344400,-284.000000,12.207503,7.717527
20.870774,-82.344400,-284.000000,11.838537,7.659169
21.390774,-82.344400,-284.000000,11.956685,7.715531
21.910774,-82.344400,-284.000000,11.986460,7.731311
22.430774,-82.344400,-284.000000,12.220063,7.790213
22.950774,-82.344400,-284.000000,12.189430,7.673646
23.470774,-82.344400,-284.000000,12.186145,7.695082
23.990774,-82.344400,-284.000000,12.029719,7.608839
24.510774,-82.344400,-284.000000,12.084043,7.712433
25.030774,-82.344400,-284.000000,11.980788,7.750740
25.550774,-82.344400,-284.000000,12.170397,7.725442
26.070774,-82.344400,-284.000000,12.014971,7.706853
26.590774,-82.344400,-284.000000,12.183331,7.722476
27.110774,-82.344400,-284.000000,11.976008,7.719101
27.630774,-82.344400,-284.000000,12.251009,7.737040
28.150774,-82.344400,-284.000000,12.181025,7.699502
28.670774,-82.344400,-284.000000,12.258635,7.725683
29.190774,-82.344400,-284.000000,11.871553,7.688033
29.710774,-82.344400,-284.000000,12.051006,7.724462
30.230774,-82.344400,-284.000000,11.938340,7.770997
30.750774,-82.344400,-284.000000,11.747795,7.750092
31.270774,-82.344400,-284.000000,12.127705,7.766584
31.790774,-82.344400,-284.000000,12.198805,7.752675
32.310774,-82.344400,-284.000000,11.973378,7.662675
32.830774,-82.344400,-284.000000,12.162620,7.613896
33.350774,-82.344400,-284.000000,12.054523,7.739736
33.870774,-82.344400,-284.000000,12.057554,7.695579
34.390774,-82.344400,-284.000000,11.941960,7.736745
34.910774,-82.344400,-284.000000,12.121428,7.748483
35.430774,-82.344400,-284.000000,12.048162,7.784392
35.950774,-82.344400,-284.000000,12.108665,7.725585
36.470774,-82.344400,-284.000000,12.224314,7.672309
36.990774,-82.344400,-284.000000,12.054713,7.762153
37.510774,-82.344400,-284.000000,12.002972,7.717607
38.030774,-82.344400,-284.000000,12.074375,7.703090
38.550774,-82.344400,-284.000000,11.978603,7.688479
39.070774,-82.344400,-284.000000,12.059380,7.688390
39.590774,-82.344400,-284.000000,11.833508,7.611124
40.110774,-82.344400,-284.000000,11.952042,7.783178
40.630774,-82.344400,-284.000000,11.988605,7.751106
41.150774,-82.344400,-284.000000,12.055820,7.726542
41.670774,-82.344400,-284.000000,12.106494,7.763657
42.190774,-82.344400,-284.000000,12.044600,7.717575
42.710774,-82.344400,-284.000000,12.123311,7.761046
43.230774,-82.344400,-284.000000,12.114511,7.689671
43.750774,-82.344400,-284.000000,12.019571,7.750846
44.270774,-82.344400,-284.000000,12.284932,7.692105
44.790774,-82.344400,-284.000000,12.126624,7.825591
45.310774,-82.344400,-284.000000,11.838634,7.665840
45.830774,-82.344400,-284.000000,12.043907,7.727354
46.350774,-82.344400,-284.000000,11.992919,7.754243
46.870774,-82.344400,-284.000000,12.104469,7.688688
47.390774,-82.344400,-284.000000,11.987988,7.724275
47.910774,-82.344400,-284.000000,12.102939,7.786010
48.430774,-82.344400,-284.000000,11.921678,7.715590
48.950774,-82.344400,-284.000000,11.997891,7.755808
49.470774,-82.344400,-284.000000,12.193325,7.751317
49.990774,-82.344400,-284.000000,12.135327,7.775797
50.510774,-82.344400,-284.000000,12.036923,7.663999
51.030774,-82.344400,-284.000000,12.010633,7.726095
13.070774,-81.824400,-284.000000,12.188700,7.419190
13.590774,-81.824400,-284.000000,12.183435,7.471509
14.110774,-81.824400,-284.000000,11.948677,7.431481
14.630774,-81.824400,-284.000000,12.112133,7.485517
15.150774,-81.824400,-284.000000,12.168513,7.492506
15.670774,-81.824400,-284.000000,12.036147,7.570854
16.190774,-81.824400,-284.000000,12.091340,7.588022
16.710774,-81.824400,-284.000000,12.050412,7.563386
17.230774,-81.824400,-284.000000,12.028380,7.549731
17.750774,-81.824400,-284.000000,12.217443,7.650756
18.270774,-81.824400,-284.000000,12.022799,7.616957
18.790774,-81.824400,-284.000000,12.241618,7.629035
19.310774,-81.824400,-284.000000,11.904174,7.506115
19.830774,-81.824400,-284.000000,11.959127,7.626443
20.350774,-81.824400,-284.000000,12.181751,7.759313
20.870774,-81.824400,-284.000000,11.911103,7.663222
21.390774,-81.824400,-284.000000,11.833783,7.719294
21.910774,-81.824400,-284.000000,12.037028,7.765942
22.430774,-81.824400,-284.000000,12.260032,7.815922
22.950774,-81.824400,-284.000000,12.228750,7.695485
23.470774,-81.824400,-284.000000,12.117484,7.729788
23.990774,-81.824400,-284.000000,12.027699,7.615263
24.510774,-81.824400,-284.000000,12.047168,7.732180
25.030774,-81.824400,-284.000000,11.984467,7.803415
25.550774,-81.824400,-284.000000,12.119208,7.713225
26.070774,-81.824400,-284.000000,12.019921,7.713667
26.590774,-81.824400,-284.000000,12.144897,7.761838
27.110774,-81.824400,-284.000000,11.979118,7.723529
27.630774,-81.824400,-284.000000,12.192630,7.746740
28.150774,-81.824400,-284.000000,12.165009,7.707060
28.670774,-81.824400,-284.000000,12.265685,7.771821
29.190774,-81.824400,-284.000000,11.878573,7.694991
29.710774,-81.824400,-284.000000,12.022021,7.735559
30.230774,-81.824400,-284.000000,11.917438,7.791206
30.750774,-81.824400,-284.000000,11.733509,7.728616
31.270774,-81.824400,-284.000000,12.093251,7.756164
31.790774,-81.824400,-284.000000,12.191321,7.743400
32.310774,-81.824400,-284.000000,11.995872,7.664996
32.830774,-81.824400,-284.000000,12.100405,7.618727
33.350774,-81.824400,-284.000000,12.044440,7.788280
33.870774,-81.824400,-284.000000,12.063899,7.675148
34.390774,-81.824400,-284.000000,11.910515,7.752712
34.910774,-81.824400,-284.000000,12.090316,7.784431
35.430774,-81.824400,-284.000000,12.016565,7.804273
35.950774,-81.824400,-284.000000,12.024283,7.728349
36.470774,-81.824400,-284.000000,12.227557,7.689530
36.990774,-81.824400,-284.000000,12.146335,7.784616
37.510774,-81.824400,-284.000000,11.970184,7.692750
38.030774,-81.824400,-284.000000,12.079719,7.749306
38.550774,-81.824400,-284.000000,11.970181,7.713082
39.070774,-81.824400,-284.000000,12.083769,7.706305
39.590774,-81.824400,-284.000000,11.846736,7.617211
40.110774,-81.824400,-284.000000,11.982855,7.799949
40.630774,-81.824400,-284.000000,11.958616,7.745331
41.150774,-81.824400,-284.000000,11.992293,7.750112
41.670774,-81.824400,-284.000000,12.139248,7.798883
42.190774,-81.824400,-284.000000,11.975387,7.755610
42.710774,-81.824400,-284.000000,12.166413,7.756297
43.230774,-81.824400,-284.000000,12.112710,7.722081
43.750774,-81.824400,-284.000000,11.961305,7.731261
44.270774,-81.824400,-284.000000,12.357475,7.754528
44.790774,-81.824400,-284.000000,12.081085,7.828979
45.310774,-81.824400,-284.000000,11.894143,7.702615
45.830774,-81.824400,-284.000000,11.986850,7.748053
46.350774,-81.824400,-284.000000,12.049188,7.777695
46.870774,-81.824400,-284.000000,12.098157,7.681967
47.390774,-81.824400,-284.000000,12.038070,7.780912
47.910774,-81.824400,-284.000000,12.019011,7.786931
48.430774,-81.824400,-284.000000,11.913797,7.725662
48.950774,-81.824400,-284.000000,11.981457,7.753535
49.470774,-81.824400,-284.000000,12.163298,7.772087
49.990774,-81.824400,-284.000000,12.076086,7.813163
50.510774,-81.824400,-284.000000,11.936299,7.671933
51.030774,-81.824400,-284.000000,11.989847,7.745890
51.550774,-81.824400,-284.000000,12.184473,7.713022
52.070774,-81.824400,-284.000000,11.983146,7.764935
52.590774,-81.824400,-284.000000,11.987249,7.769660
53.110774,-81.824400,-284.000000,12.148895,7.804159
53.630774,-81.824400,-284.000000,11.970048,7.762333
54.150774,-81.824400,-284.000000,11.881145,7.708487
14.630774,-81.304400,-284.000000,12.006877,7.513306
15.150774,-81.304400,-284.000000,12.203219,7.513016
15.670774,-81.304400,-284.000000,12.000795,7.592626
16.190774,-81.304400,-284.000000,12.060908,7.584068
16.710774,-81.304400,-284.000000,12.029516,7.569764
17.230774,-81.304400,-284.000000,12.039320,7.573005
17.750774,-81.304400,-284.000000,12.286517,7.699557
18.270774,-81.304400,-284.000000,12.003846,7.632003
18.790774,-81.304400,-284.000000,12.243303,7.686725
19.310774,-81.304400,-284.000000,11.939692,7.503473
42.710774,-81.304400,-284.000000,12.165864,7.770510
43.230774,-81.304400,-284.000000,12.104323,7.764486
43.750774,-81.304400,-284.000000,11.853993,7.714516
44.270774,-81.304400,-284.000000,12.407576,7.794723
44.790774,-81.304400,-284.000000,12.016458,7.818212
45.310774,-81.304400,-284.000000,11.978559,7.720880
45.830774,-81.304400,-284.000000,11.924010,7.778300
46.350774,-81.304400,-284.000000,12.091586,7.766936
46.870774,-81.304400,-284.000000,12.111305,7.712662
47.390774,-81.304400,-284.000000,12.079782,7.799365
47.910774,-81.304400,-284.000000,12.043666,7.823044
48.430774,-81.304400,-284.000000,11.930439,7.734443
48.950774,-81.304400,-284.000000,11.889584,7.766440
13.590774,-82.344400,-283.000000,12.199218,7.571725
14.110774,-82.344400,-283.000000,12.128709,7.610189
14.630774,-82.344400,-283.000000,12.371360,7.658518
15.150774,-82.344400,-283.000000,11.957732,7.607790
15.670774,-82.344400,-283.000000,12.295388,7.629979
16.190774,-82.344400,-283.000000,12.280624,7.665967
16.710774,-82.344400,-283.000000,12.186748,7.641341
17.230774,-82.344400,-283.000000,12.109192,7.784815
17.750774,-82.344400,-283.000000,12.215734,7.732677
18.270774,-82.344400,-283.000000,11.963587,7.735976
18.790774,-82.344400,-283.000000,12.271453,7.792187
19.310774,-82.344400,-283.000000,12.217514,7.728902
19.830774,-82.344400,-283.000000,12.022455,7.830595
20.350774,-82.344400,-283.000000,12.252824,7.828232
20.870774,-82.344400,-283.000000,12.376462,7.871625
21.390774,-82.344400,-283.000000,12.165718,7.865661
21.910774,-82.344400,-283.000000,12.171210,7.790033
22.430774,-82.344400,-283.000000,12.262423,7.804994
22.950774,-82.344400,-283.000000,12.036660,7.782565
23.470774,-82.344400,-283.000000,12.286990,7.836034
23.990774,-82.344400,-283.000000,12.195361,7.859776
24.510774,-82.344400,-283.000000,12.260815,7.857518
25.030774,-82.344400,-283.000000,12.069601,7.849894
25.550774,-82.344400,-283.000000,12.251035,7.879663
26.070774,-82.344400,-283.000000,12.053950,7.765165
26.590774,-82.344400,-283.000000,12.183610,7.849287
27.110774,-82.344400,-283.000000,12.188040,7.791447
27.630774,-82.344400,-283.000000,12.153996,7.824219
28.150774,-82.344400,-283.000000,12.113735,7.803679
28.670774,-82.344400,-283.000000,12.318336,7.879299
29.190774,-82.344400,-283.000000,12.152438,7.851809
29.710774,-82.344400,-283.000000,12.108192,7.812487
30.230774,-82.344400,-283.000000,12.174066,7.817297
30.750774,-82.344400,-283.000000,12.141179,7.786295
31.270774,-82.344400,-283.000000,12.110190,7.726208
31.790774,-82.344400,-283.000000,12.015932,7.815856
32.310774,-82.344400,-283.000000,12.292720,7.823449
32.830774,-82.344400,-283.000000,12.303748,7.875162
33.350774,-82.344400,-283.000000,12.143111,7.878010
33.870774,-82.344400,-283.000000,12.317039,7.811793
34.390774,-82.344400,-283.000000,12.115499,7.879068
34.910774,-82.344400,-283.000000,12.340308,7.861090
35.430774,-82.344400,-283.000000,12.297980,7.971514
35.950774,-82.344400,-283.000000,11.958775,7.913465
36.470774,-82.344400,-283.000000,11.953158,7.828584
36.990774,-82.344400,-283.000000,12.058167,7.909460
37.510774,-82.344400,-283.000000,12.248998,7.854123
38.030774,-82.344400,-283.000000,12.078188,7.884923
38.550774,-82.344400,-283.000000,12.215994,7.910634
39.070774,-82.344400,-283.000000,12.109838,7.866125
39.590774,-82.344400,-283.000000,11.836903,7.771848
40.110774,-82.344400,-283.000000,12.268878,7.865240
40.630774,-82.344400,-283.000000,12.216833,7.889936
41.150774,-82.344400,-283.000000,12.228194,7.843151
41.670774,-82.344400,-283.000000,12.141442,7.909583
42.190774,-82.344400,-283.000000,12.247789,7.890626
42.710774,-82.344400,-283.000000,11.912187,7.894737
43.230774,-82.344400,-283.000000,12.471747,7.867733
43.750774,-82.344400,-283.000000,12.050079,7.874361
44.270774,-82.344400,-283.000000,12.242695,7.916541
44.790774,-82.344400,-283.000000,12.099555,7.872685
45.310774,-82.344400,-283.000000,12.245878,7.876583
45.830774,-82.344400,-283.000000,12.160747,7.842268
46.350774,-82.344400,-283.000000,12.371583,7.934019
46.870774,-82.344400,-283.000000,12.174552,7.841276
47.390774,-82.344400,-283.000000,12.050326,7.916032
47.910774,-82.344400,-283.000000,11.840564,7.778581
48.430774,-82.344400,-283.000000,12.082401,7.871938
48.950774,-82.344400,-283.000000,12.217950,7.997849
49.470774,-82.344400,-283.000000,12.322137,7.975763
49.990774,-82.344400,-283.000000,12.506817,7.937293
50.510774,-82.344400,-283.000000,12.094384,7.823760
51.030774,-82.344400,-283.000000,12.170500,7.979098
51.550774,-82.344400,-283.000000,12.236530,7.804611
52.070774,-82.344400,-283.000000,12.099700,7.853595
52.590774,-82.344400,-283.000000,12.268332,7.957503
53.110774,-82.344400,-283.000000,12.263918,7.747542
53.630774,-82.344400,-283.000000,12.281154,7.869409
54.150774,-82.344400,-283.000000,12.145964,7.855730
54.670774,-82.344400,-283.000000,12.133976,7.946076
55.190774,-82.344400,-283.000000,11.983557,7.869370
55.710774,-82.344400,-283.000000,12.005146,7.828764
13.070774,-81.824400,-283.000000,12.415275,7.481801
13.590774,-81.824400,-283.000000,12.183242,7.571010
14.110774,-81.824400,-283.000000,12.118892,7.624425
14.630774,-81.824400,-283.000000,12.360153,7.686575
15.150774,-81.824400,-283.000000,12.007235,7.630618
15.670774,-81.824400,-283.000000,12.277789,7.611581
16.190774,-81.824400,-283.000000,12.216063,7.685064
16.710774,-81.824400,-283.000000,12.190821,7.681172
17.230774,-81.824400,-283.000000,12.104144,7.772536
17.750774,-81.824400,-283.000000,12.203599,7.744543
18.270774,-81.824400,-283.000000,11.918696,7.727910
18.790774,-81.824400,-283.000000,12.285953,7.811784
19.310774,-81.824400,-283.000000,12.184425,7.720678
19.830774,-81.824400,-283.000000,12.002535,7.837486
20.350774,-81.824400,-283.000000,12.295608,7.824623
20.870774,-81.824400,-283.000000,12.366897,7.882833
21.390774,-81.824400,-283.000000,12.195472,7.886495
21.910774,-81.824400,-283.000000,12.115732,7.772922
22.430774,-81.824400,-283.000000,12.218417,7.812570
22.950774,-81.824400,-283.000000,12.050849,7.819881
23.470774,-81.824400,-283.000000,12.209092,7.835703
23.990774,-81.824400,-283.000000,12.280451,7.865055
24.510774,-81.824400,-283.000000,12.256763,7.873982
25.030774,-81.824400,-283.000000,12.021073,7.814394
25.550774,-81.824400,-283.000000,12.213248,7.889191
26.070774,-81.824400,-283.000000,12.105294,7.777482
26.590774,-81.824400,-283.000000,12.173919,7.846039
27.110774,-81.824400,-283.000000,12.199903,7.831052
27.630774,-81.824400,-283.000000,12.119824,7.846259
28.150774,-81.824400,-283.000000,12.095296,7.835374
28.670774,-81.824400,-283.000000,12.321536,7.909827
29.190774,-81.824400,-283.000000,12.134735,7.881630
29.710774,-81.824400,-283.000000,12.114058,7.825467
30.230774,-81.824400,-283.000000,12.154669,7.815327
30.750774,-81.824400,-283.000000,12.164514,7.824705
31.270774,-81.824400,-283.000000,12.070910,7.744691
31.790774,-81.824400,-283.000000,12.073550,7.845065
32.310774,-81.824400,-283.000000,12.323294,7.819167
32.830774,-81.824400,-283.000000,12.311081,7.884547
33.350774,-81.824400,-283.000000,12.167442,7.874038
33.870774,-81.824400,-283.000000,12.296123,7.824319
34.390774,-81.824400,-283.000000,12.181707,7.904628
34.910774,-81.824400,-283.000000,12.411395,7.879591
35.430774,-81.824400,-283.000000,12.246984,7.938528
35.950774,-81.824400,-283.000000,11.987571,7.947426
36.470774,-81.824400,-283.000000,11.957713,7.840796
36.990774,-81.824400,-283.000000,12.099029,7.913979
37.510774,-81.824400,-283.000000,12.188566,7.867288
38.030774,-81.824400,-283.000000,12.061908,7.896138
38.550774,-81.824400,-283.000000,12.191004,7.909619
39.070774,-81.824400,-283.000000,12.113566,7.858979
39.590774,-81.824400,-283.000000,11.860768,7.804059
40.110774,-81.824400,-283.000000,12.161372,7.854556
40.630774,-81.824400,-283.000000,12.175764,7.897559
41.150774,-81.824400,-283.000000,12.240714,7.829604
41.670774,-81.824400,-283.000000,12.197482,7.902129
42.190774,-81.824400,-283.000000,12.227611,7.906878
42.710774,-81.824400,-283.000000,11.904441,7.906299
43.230774,-81.824400,-283.000000,12.446970,7.876134
43.750774,-81.824400,-283.000000,12.059970,7.866545
44.270774,-81.824400,-283.000000,12.115323,7.934072
44.790774,-81.824400,-283.000000,12.074394,7.887488
45.310774,-81.824400,-283.000000,12.326159,7.931967
45.830774,-81.824400,-283.000000,12.132840,7.833865
46.350774,-81.824400,-283.000000,12.199233,7.912426
46.870774,-81.824400,-283.000000,12.276084,7.902153
47.390774,-81.824400,-283.000000,12.026157,7.877234
47.910774,-81.824400,-283.000000,11.866014,7.787768
48.430774,-81.824400,-283.000000,12.058358,7.900642
48.950774,-81.824400,-283.000000,12.207030,8.000333
49.470774,-81.824400,-283.000000,12.293517,7.974852
49.990774,-81.824400,-283.000000,12.470846,7.904084
50.510774,-81.824400,-283.000000,12.112850,7.830626
51.030774,-81.824400,-283.000000,12.179836,8.010777
51.550774,-81.824400,-283.000000,12.242323,7.807775
52.070774,-81.824400,-283.000000,12.122244,7.879761
52.590774,-81.824400,-283.000000,12.245044,7.925089
53.110774,-81.824400,-283.000000,12.241934,7.749433
53.630774,-81.824400,-283.000000,12.384849,7.856646
54.150774,-81.824400,-283.000000,12.215110,7.888373
54.670774,-81.824400,-283.000000,12.121140,7.967576
55.190774,-81.824400,-283.000000,11.977866,7.855000
55.710774,-81.824400,-283.000000,12.056004,7.818898
56.230774,-81.824400,-283.000000,12.282474,7.882559
13.590774,-81.304400,-283.000000,12.168494,7.566913
55.710774,-81.304400,-283.000000,12.026748,7.818730
13.590774,-82.344400,-282.000000,12.313546,7.693671
14.110774,-82.344400,-282.000000,12.092669,7.577254
14.630774,-82.344400,-282.000000,12.361191,7.755239
15.150774,-82.344400,-282.000000,12.264846,7.657732
15.670774,-82.344400,-282.000000,12.156603,7.680943
16.190774,-82.344400,-282.000000,12.467166,7.864679
16.710774,-82.344400,-282.000000,12.255532,7.745612
17.230774,-82.344400,-282.000000,12.185287,7.807658
17.750774,-82.344400,-282.000000,12.308219,7.786327
18.270774,-82.344400,-282.000000,12.060132,7.773675
18.790774,-82.344400,-282.000000,12.371795,7.884903
19.310774,-82.344400,-282.000000,12.327201,7.755029
19.830774,-82.344400,-282.000000,12.429540,7.883185
20.350774,-82.344400,-282.000000,12.360885,7.836638
20.870774,-82.344400,-282.000000,11.936195,7.906623
21.390774,-82.344400,-282.000000,12.212708,7.927962
21.910774,-82.344400,-282.000000,11.943330,7.861802
22.430774,-82.344400,-282.000000,12.497885,7.855128
22.950774,-82.344400,-282.000000,12.284061,7.822213
23.470774,-82.344400,-282.000000,12.328998,7.819347
23.990774,-82.344400,-282.000000,12.495448,7.870988
24.510774,-82.344400,-282.000000,12.429647,7.979272
25.030774,-82.344400,-282.000000,12.315188,7.899126
25.550774,-82.344400,-282.000000,12.382364,7.836784
26.070774,-82.344400,-282.000000,12.511902,8.036061
26.590774,-82.344400,-282.000000,12.352550,7.886697
27.110774,-82.344400,-282.000000,12.335298,7.858970
27.630774,-82.344400,-282.000000,12.374104,7.945461
28.150774,-82.344400,-282.000000,12.129151,7.860171
28.670774,-82.344400,-282.000000,12.073686,7.882370
29.190774,-82.344400,-282.000000,12.347407,7.927724
29.710774,-82.344400,-282.000000,12.156932,7.911340
30.230774,-82.344400,-282.000000,12.460799,8.004629
30.750774,-82.344400,-282.000000,12.139631,7.844437
31.270774,-82.344400,-282.000000,12.415467,7.949287
31.790774,-82.344400,-282.000000,12.020354,7.843969
32.310774,-82.344400,-282.000000,12.105773,7.970181
32.830774,-82.344400,-282.000000,12.387761,7.913169
33.350774,-82.344400,-282.000000,12.508631,7.968959
33.870774,-82.344400,-282.000000,12.181678,7.933250
34.390774,-82.344400,-282.000000,12.124232,7.941355
34.910774,-82.344400,-282.000000,12.376082,7.920478
35.430774,-82.344400,-282.000000,12.440193,7.871403
35.950774,-82.344400,-282.000000,12.173186,7.927272
36.470774,-82.344400,-282.000000,12.203021,7.894548
36.990774,-82.344400,-282.000000,12.298465,7.883883
37.510774,-82.344400,-282.000000,11.915334,7.891436
38.030774,-82.344400,-282.000000,12.148041,7.974832
38.550774,-82.344400,-282.000000,12.397956,7.952899
39.070774,-82.344400,-282.000000,12.407516,7.970861
39.590774,-82.344400,-282.000000,12.210718,7.930051
40.110774,-82.344400,-282.000000,12.110368,7.912164
40.630774,-82.344400,-282.000000,12.471069,7.948119
41.150774,-82.344400,-282.000000,12.035039,7.841208
41.670774,-82.344400,-282.000000,12.115780,7.787076
42.190774,-82.344400,-282.000000,12.129733,7.923991
42.710774,-82.344400,-282.000000,12.263095,7.901640
43.230774,-82.344400,-282.000000,12.246322,8.021358
43.750774,-82.344400,-282.000000,12.154106,7.897924
44.270774,-82.344400,-282.000000,12.124482,7.889235
44.790774,-82.344400,-282.000000,12.189319,7.950161
45.310774,-82.344400,-282.000000,12.227910,7.892306
45.830774,-82.344400,-282.000000,12.058311,7.906374
46.350774,-82.344400,-282.000000,12.097625,7.882126
46.870774,-82.344400,-282.000000,12.309623,7.976531
47.390774,-82.344400,-282.000000,12.079417,7.988934
47.910774,-82.344400,-282.000000,12.196616,7.921877
48.430774,-82.344400,-282.000000,12.325967,7.872612
48.950774,-82.344400,-282.000000,12.145818,7.889737
49.470774,-82.344400,-282.000000,12.090452,8.050665
49.990774,-82.344400,-282.000000,12.335898,8.001058
50.510774,-82.344400,-282.000000,12.387786,7.994711
51.030774,-82.344400,-282.000000,12.180469,7.927831
51.550774,-82.344400,-282.000000,12.401414,8.009936
52.070774,-82.344400,-282.000000,12.265773,7.929320
52.590774,-82.344400,-282.000000,12.366963,7.912518
53.110774,-82.344400,-282.000000,12.316436,7.931425
53.630774,-82.344400,-282.000000,12.249272,7.975146
54.150774,-82.344400,-282.000000,12.316531,8.026023
54.670774,-82.344400,-282.000000,12.354442,8.080587
55.190774,-82.344400,-282.000000,12.123084,8.003171
55.710774,-82.344400,-282.000000,12.169920,7.965543
56.230774,-82.344400,-282.000000,12.304481,7.859907
56.750774,-82.344400,-282.000000,12.282288,7.955660
57.270774,-82.344400,-282.000000,12.178496,7.944096
13.070774,-81.824400,-282.000000,12.364262,7.623261
13.590774,-81.824400,-282.000000,12.236427,7.680414
14.110774,-81.824400,-282.000000,12.117488,7.595781
14.630774,-81.824400,-282.000000,12.347369,7.753326
15.150774,-81.824400,-282.000000,12.380429,7.711011
15.670774,-81.824400,-282.000000,12.081079,7.679330
16.190774,-81.824400,-282.000000,12.436960,7.889655
16.710774,-81.824400,-282.000000,12.135825,7.689703
17.230774,-81.824400,-282.000000,12.169838,7.801398
17.750774,-81.824400,-282.000000,12.407264,7.809214
18.270774,-81.824400,-282.000000,12.062576,7.781188
18.790774,-81.824400,-282.000000,12.354282,7.885871
19.310774,-81.824400,-282.000000,12.232425,7.772711
19.830774,-81.824400,-282.000000,12.440747,7.908230
20.350774,-81.824400,-282.000000,12.308537,7.872208
20.870774,-81.824400,-282.000000,11.977881,7.892094
21.390774,-81.824400,-282.000000,12.163185,7.924502
21.910774,-81.824400,-282.000000,11.939164,7.904932
22.430774,-81.824400,-282.000000,12.498322,7.837976
22.950774,-81.824400,-282.000000,12.278372,7.838713
23.470774,-81.824400,-282.000000,12.271861,7.836108
23.990774,-81.824400,-282.000000,12.564841,7.889695
24.510774,-81.824400,-282.000000,12.327259,7.951896
25.030774,-81.824400,-282.000000,12.399499,7.924614
25.550774,-81.824400,-282.000000,12.398308,7.857780
26.070774,-81.824400,-282.000000,12.460025,8.050307
26.590774,-81.824400,-282.000000,12.399741,7.916753
27.110774,-81.824400,-282.000000,12.315126,7.895356
27.630774,-81.824400,-282.000000,12.317837,7.932069
28.150774,-81.824400,-282.000000,12.127691,7.902637
28.670774,-81.824400,-282.000000,12.063640,7.869937
29.190774,-81.824400,-282.000000,12.348432,7.941298
29.710774,-81.824400,-282.000000,12.122467,7.900967
30.230774,-81.824400,-282.000000,12.386651,8.022867
30.750774,-81.824400,-282.000000,12.203319,7.879081
31.270774,-81.824400,-282.000000,12.411883,7.930923
31.790774,-81.824400,-282.000000,11.932853,7.841660
32.310774,-81.824400,-282.000000,12.088743,7.984216
32.830774,-81.824400,-282.000000,12.378153,7.924585
33.350774,-81.824400,-282.000000,12.529635,7.991833
33.870774,-81.824400,-282.000000,12.213986,7.961813
34.390774,-81.824400,-282.000000,12.067811,7.910785
34.910774,-81.824400,-282.000000,12.402877,7.951999
35.430774,-81.824400,-282.000000,12.441908,7.911081
35.950774,-81.824400,-282.000000,12.162382,7.903007
36.470774,-81.824400,-282.000000,12.223985,7.918357
36.990774,-81.824400,-282.000000,12.259012,7.901431
37.510774,-81.824400,-282.000000,11.914138,7.898926
38.030774,-81.824400,-282.000000,12.044870,7.996066
38.550774,-81.824400,-282.000000,12.373492,7.977756
39.070774,-81.824400,-282.000000,12.420096,7.973698
39.590774,-81.824400,-282.000000,12.141394,7.910956
40.110774,-81.824400,-282.000000,12.101161,7.928210
40.630774,-81.824400,-282.000000,12.480369,7.961974
41.150774,-81.824400,-282.000000,12.018687,7.859179
41.670774,-81.824400,-282.000000,12.107089,7.830425
42.190774,-81.824400,-282.000000,12.225327,7.965660
42.710774,-81.824400,-282.000000,12.169038,7.907959
43.230774,-81.824400,-282.000000,12.260408,8.025064
43.750774,-81.824400,-282.000000,12.102736,7.884831
44.270774,-81.824400,-282.000000,12.151589,7.909391
44.790774,-81.824400,-282.000000,12.247197,7.984967
45.310774,-81.824400,-282.000000,12.217464,7.881021
45.830774,-81.824400,-282.000000,12.064387,7.904923
46.350774,-81.824400,-282.000000,12.025034,7.885787
46.870774,-81.824400,-282.000000,12.297383,7.981054
47.390774,-81.824400,-282.000000,12.069042,8.023457
47.910774,-81.824400,-282.000000,12.202221,7.931461
48.430774,-81.824400,-282.000000,12.385167,7.903003
48.950774,-81.824400,-282.000000,12.143296,7.900802
49.470774,-81.824400,-282.000000,12.155646,8.082222
49.990774,-81.824400,-282.000000,12.356175,8.031817
50.510774,-81.824400,-282.000000,12.261853,8.004507
51.030774,-81.824400,-282.000000,12.277713,7.960761
51.550774,-81.824400,-282.000000,12.278781,7.973245
52.070774,-81.824400,-282.000000,12.274823,7.930723
52.590774,-81.824400,-282.000000,12.341836,7.912294
53.110774,-81.824400,-282.000000,12.333655,7.969874
53.630774,-81.824400,-282.000000,12.207934,7.982468
54.150774,-81.824400,-282.000000,12.329879,8.031367
54.670774,-81.824400,-282.000000,12.284511,8.082628
55.190774,-81.824400,-282.000000,12.149360,8.031003
55.710774,-81.824400,-282.000000,12.104723,7.950560
56.230774,-81.824400,-282.000000,12.344913,7.903437
56.750774,-81.824400,-282.000000,12.210121,7.996963
57.270774,-81.824400,-282.000000,12.216109,7.943933
57.790774,-81.824400,-282.000000,12.134029,7.896464
13.590774,-82.344400,-281.000000,12.141025,7.615654
14.110774,-82.344400,-281.000000,12.310213,7.695834
14.630774,-82.344400,-281.000000,12.253922,7.662668
15.150774,-82.344400,-281.000000,12.134612,7.745390
15.670774,-82.344400,-281.000000,12.451171,7.773748
16.190774,-82.344400,-281.000000,12.259855,7.749331
16.710774,-82.344400,-281.000000,12.261683,7.823655
17.230774,-82.344400,-281.000000,12.290182,7.880476
17.750774,-82.344400,-281.000000,12.273601,7.862000
18.270774,-82.344400,-281.000000,12.449052,7.806128
18.790774,-82.344400,-281.000000,12.528159,7.964611
19.310774,-82.344400,-281.000000,12.197174,7.860873
19.830774,-82.344400,-281.000000,11.986528,7.767066
20.350774,-82.344400,-281.000000,12.288688,7.832876
20.870774,-82.344400,-281.000000,12.293128,7.894919
21.390774,-82.344400,-281.000000,12.241071,7.879939
21.910774,-82.344400,-281.000000,12.230507,7.954169
22.430774,-82.344400,-281.000000,12.297907,7.916633
22.950774,-82.344400,-281.000000,12.279704,7.874791
23.470774,-82.344400,-281.000000,12.234282,7.895408
23.990774,-82.344400,-281.000000,12.360731,7.988603
24.510774,-82.344400,-281.000000,12.145115,7.846990
25.030774,-82.344400,-281.000000,12.422187,7.979951
25.550774,-82.344400,-281.000000,12.440991,7.984217
26.070774,-82.344400,-281.000000,12.461147,8.049673
26.590774,-82.344400,-281.000000,12.034348,7.897517
27.110774,-82.344400,-281.000000,12.287086,7.951399
27.630774,-82.344400,-281.000000,12.403876,7.913684
28.150774,-82.344400,-281.000000,12.387797,7.905636
28.670774,-82.344400,-281.000000,12.292459,7.935429
29.190774,-82.344400,-281.000000,12.373926,8.018570
29.710774,-82.344400,-281.000000,12.426989,8.018862
30.230774,-82.344400,-281.000000,12.475241,8.055058
30.750774,-82.344400,-281.000000,12.361294,8.011289
31.270774,-82.344400,-281.000000,12.260695,7.947543
31.790774,-82.344400,-281.000000,12.318297,8.003503
32.310774,-82.344400,-281.000000,12.244171,7.966898
32.830774,-82.344400,-281.000000,12.355956,7.957305
33.350774,-82.344400,-281.000000,12.222998,7.870961
33.870774,-82.344400,-281.000000,12.450853,8.088936
34.390774,-82.344400,-281.000000,12.206740,7.965597
34.910774,-82.344400,-281.000000,12.359747,7.950612
35.430774,-82.344400,-281.000000,12.310572,8.059927
35.950774,-82.344400,-281.000000,12.415658,8.019465
36.470774,-82.344400,-281.000000,12.355707,7.949699
36.990774,-82.344400,-281.000000,12.231600,7.949519
37.510774,-82.344400,-281.000000,12.056674,7.853389
38.030774,-82.344400,-281.000000,12.161487,7.931931
38.550774,-82.344400,-281.000000,12.376847,8.023445
39.070774,-82.344400,-281.000000,12.384908,7.964914
39.590774,-82.344400,-281.000000,12.221465,8.023520
40.110774,-82.344400,-281.000000,12.260755,7.934758
40.630774,-82.344400,-281.000000,12.326040,7.972788
41.150774,-82.344400,-281.000000,12.305007,8.022593
41.670774,-82.344400,-281.000000,12.412803,8.008825
42.190774,-82.344400,-281.000000,12.141620,7.982852
42.710774,-82.344400,-281.000000,12.456002,8.089858
43.230774,-82.344400,-281.000000,12.265838,7.994767
43.750774,-82.344400,-281.000000,12.313390,7.994107
44.270774,-82.344400,-281.000000,12.451949,8.006370
44.790774,-82.344400,-281.000000,12.405202,7.949492
45.310774,-82.344400,-281.000000,12.335405,7.998562
45.830774,-82.344400,-281.000000,12.316989,8.077454
46.350774,-82.344400,-281.000000,12.204135,7.939785
46.870774,-82.344400,-281.000000,12.268280,8.018092
47.390774,-82.344400,-281.000000,12.451458,7.994972
47.910774,-82.344400,-281.000000,12.179891,7.893631
48.430774,-82.344400,-281.000000,12.236358,8.021101
48.950774,-82.344400,-281.000000,12.099029,7.907613
49.470774,-82.344400,-281.000000,12.436292,7.982496
49.990774,-82.344400,-281.000000,12.184800,8.014497
50.510774,-82.344400,-281.000000,11.876641,7.903716
51.030774,-82.344400,-281.000000,12.041041,7.991148
51.550774,-82.344400,-281.000000,12.257282,7.908816
52.070774,-82.344400,-281.000000,11.916918,7.865590
52.590774,-82.344400,-281.000000,12.363376,8.039402
53.110774,-82.344400,-281.000000,12.380698,8.045857
53.630774,-82.344400,-281.000000,12.379221,7.980535
54.150774,-82.344400,-281.000000,12.333822,7.989955
54.670774,-82.344400,-281.000000,12.282742,7.933653
55.190774,-82.344400,-281.000000,12.118677,7.845854
55.710774,-82.344400,-281.000000,12.211822,8.080469
56.230774,-82.344400,-281.000000,12.733063,8.052262
56.750774,-82.344400,-281.000000,12.254985,8.033719
57.270774,-82.344400,-281.000000,12.280372,8.045046
57.790774,-82.344400,-281.000000,12.544269,7.979443
58.310774,-82.344400,-281.000000,12.115595,7.991920
58.830774,-82.344400,-281.000000,12.212787,7.937642
13.070774,-81.824400,-281.000000,11.964628,7.534245
13.590774,-81.824400,-281.000000,12.103229,7.608026
14.110774,-81.824400,-281.000000,12.273616,7.715850
14.630774,-81.824400,-281.000000,12.233279,7.686158
15.150774,-81.824400,-281.000000,12.104828,7.720082
15.670774,-81.824400,-281.000000,12.507215,7.795019
16.190774,-81.824400,-281.000000,12.301533,7.749584
16.710774,-81.824400,-281.000000,12.223320,7.863106
17.230774,-81.824400,-281.000000,12.345372,7.908470
17.750774,-81.824400,-281.000000,12.203571,7.854809
18.270774,-81.824400,-281.000000,12.414816,7.839233
18.790774,-81.824400,-281.000000,12.576122,7.974643
19.310774,-81.824400,-281.000000,12.230935,7.873473
19.830774,-81.824400,-281.000000,11.983195,7.774293
20.350774,-81.824400,-281.000000,12.323550,7.823278
20.870774,-81.824400,-281.000000,12.179150,7.901420
21.390774,-81.824400,-281.000000,12.336087,7.924978
21.910774,-81.824400,-281.000000,12.293591,7.933338
22.430774,-81.824400,-281.000000,12.251998,7.948385
22.950774,-81.824400,-281.000000,12.277809,7.862539
23.470774,-81.824400,-281.000000,12.263994,7.920718
23.990774,-81.824400,-281.000000,12.377557,8.031476
24.510774,-81.824400,-281.000000,12.104048,7.868213
25.030774,-81.824400,-281.000000,12.398351,7.974296
25.550774,-81.824400,-281.000000,12.413542,7.983746
26.070774,-81.824400,-281.000000,12.426098,8.054058
26.590774,-81.824400,-281.000000,11.988662,7.898235
27.110774,-81.824400,-281.000000,12.360649,7.973307
27.630774,-81.824400,-281.000000,12.391309,7.904443
28.150774,-81.824400,-281.000000,12.388726,7.930004
28.670774,-81.824400,-281.000000,12.309038,7.917737
29.190774,-81.824400,-281.000000,12.375030,8.009200
29.710774,-81.824400,-281.000000,12.426474,8.044517
30.230774,-81.824400,-281.000000,12.478084,8.047099
30.750774,-81.824400,-281.000000,12.375008,8.054600
31.270774,-81.824400,-281.000000,12.247242,7.960001
31.790774,-81.824400,-281.000000,12.265442,8.025193
32.310774,-81.824400,-281.000000,12.323360,7.969185
32.830774,-81.824400,-281.000000,12.330684,7.973165
33.350774,-81.824400,-281.000000,12.159614,7.865534
33.870774,-81.824400,-281.000000,12.497414,8.103705
34.390774,-81.824400,-281.000000,12.128371,7.949436
34.910774,-81.824400,-281.000000,12.356154,7.965509
35.430774,-81.824400,-281.000000,12.282875,8.051101
35.950774,-81.824400,-281.000000,12.429095,8.024318
36.470774,-81.824400,-281.000000,12.404939,7.987595
36.990774,-81.824400,-281.000000,12.177909,7.944641
37.510774,-81.824400,-281.000000,12.076392,7.904749
38.030774,-81.824400,-281.000000,12.102879,7.933683
38.550774,-81.824400,-281.000000,12.334799,8.009497
39.070774,-81.824400,-281.000000,12.383958,8.030096
39.590774,-81.824400,-281.000000,12.206569,8.021949
40.110774,-81.824400,-281.000000,12.249646,7.921381
40.630774,-81.824400,-281.000000,12.361316,8.010295
41.150774,-81.824400,-281.000000,12.248321,8.017585
41.670774,-81.824400,-281.000000,12.352344,8.010611
42.190774,-81.824400,-281.000000,12.079978,7.990270
42.710774,-81.824400,-281.000000,12.438155,8.085199
43.230774,-81.824400,-281.000000,12.268663,7.990393
43.750774,-81.824400,-281.000000,12.325484,8.013639
44.270774,-81.824400,-281.000000,12.435508,8.022049
44.790774,-81.824400,-281.000000,12.383574,7.941417
45.310774,-81.824400,-281.000000,12.329903,8.001545
45.830774,-81.824400,-281.000000,12.273279,8.069042
46.350774,-81.824400,-281.000000,12.209141,7.966531
46.870774,-81.824400,-281.000000,12.210046,8.038859
47.390774,-81.824400,-281.000000,12.465484,7.996452
47.910774,-81.824400,-281.000000,12.092209,7.911018
48.430774,-81.824400,-281.000000,12.239306,8.018470
48.950774,-81.824400,-281.000000,12.185059,7.967184
49.470774,-81.824400,-281.000000,12.384325,8.000348
49.990774,-81.824400,-281.000000,12.207549,8.024109
50.510774,-81.824400,-281.000000,11.956771,7.907973
51.030774,-81.824400,-281.000000,11.961876,8.000292
51.550774,-81.824400,-281.000000,12.260365,7.927189
52.070774,-81.824400,-281.000000,11.941606,7.871089
52.590774,-81.824400,-281.000000,12.331835,8.028541
53.110774,-81.824400,-281.000000,12.360256,8.057281
53.630774,-81.824400,-281.000000,12.212382,7.974978
54.150774,-81.824400,-281.000000,12.482834,8.015867
54.670774,-81.824400,-281.000000,12.220980,7.943578
55.190774,-81.824400,-281.000000,12.056376,7.858368
55.710774,-81.824400,-281.000000,12.291702,8.112417
56.230774,-81.824400,-281.000000,12.709950,8.058839
56.750774,-81.824400,-281.000000,12.222701,7.991718
57.270774,-81.824400,-281.000000,12.333928,8.067478
57.790774,-81.824400,-281.000000,12.522396,8.006253
58.310774,-81.824400,-281.000000,12.118342,7.994363
58.830774,-81.824400,-281.000000,12.240252,7.937154
59.350774,-81.824400,-281.000000,12.043008,7.990903
58.310774,-81.304400,-281.000000,12.140112,7.999285
13.590774,-82.344400,-280.000000,12.313079,7.724858
14.110774,-82.344400,-280.000000,12.351887,7.714319
14.630774,-82.344400,-280.000000,12.279943,7.748744
15.150774,-82.344400,-280.000000,12.249850,7.765131
15.670774,-82.344400,-280.000000,12.422317,7.779199
16.190774,-82.344400,-280.000000,12.598000,7.841590
16.710774,-82.344400,-280.000000,12.356744,7.787003
17.230774,-82.344400,-280.000000,12.501420,7.941778
17.750774,-82.344400,-280.000000,12.305997,7.833548
18.270774,-82.344400,-280.000000,12.212625,7.799894
18.790774,-82.344400,-280.000000,12.211504,7.815134
19.310774,-82.344400,-280.000000,12.353999,7.919778
19.830774,-82.344400,-280.000000,12.284451,7.990527
20.350774,-82.344400,-280.000000,12.374148,8.008297
20.870774,-82.344400,-280.000000,12.338772,7.894021
21.390774,-82.344400,-280.000000,12.255216,7.954797
21.910774,-82.344400,-280.000000,12.067332,7.927371
22.430774,-82.344400,-280.000000,12.605849,7.872319
22.950774,-82.344400,-280.000000,12.423615,7.941457
23.470774,-82.344400,-280.000000,12.425777,7.929493
23.990774,-82.344400,-280.000000,12.364454,8.109685
24.510774,-82.344400,-280.000000,12.547029,8.036846
25.030774,-82.344400,-280.000000,12.654895,7.983816
25.550774,-82.344400,-280.000000,12.510863,7.914418
26.070774,-82.344400,-280.000000,12.033461,7.873259
26.590774,-82.344400,-280.000000,12.362182,7.962482
27.110774,-82.344400,-280.000000,12.479738,8.007494
27.630774,-82.344400,-280.000000,12.363673,7.956044
28.150774,-82.344400,-280.000000,12.262471,7.910119
28.670774,-82.344400,-280.000000,12.319470,7.995009
29.190774,-82.344400,-280.000000,12.555324,7.955337
29.710774,-82.344400,-280.000000,12.699158,8.076145
30.230774,-82.344400,-280.000000,12.504332,8.076409
30.750774,-82.344400,-280.000000,12.474010,7.992568
31.270774,-82.344400,-280.000000,12.288733,7.926459
31.790774,-82.344400,-280.000000,12.238548,7.876611
32.310774,-82.344400,-280.000000,12.254786,7.982686
32.830774,-82.344400,-280.000000,12.302855,8.024135
33.350774,-82.344400,-280.000000,12.388318,8.011360
33.870774,-82.344400,-280.000000,12.429255,8.074950
34.390774,-82.344400,-280.000000,12.315234,7.973494
34.910774,-82.344400,-280.000000,12.194935,7.933848
35.430774,-82.344400,-280.000000,12.574916,8.029318
35.950774,-82.344400,-280.000000,12.255754,7.926140
36.470774,-82.344400,-280.000000,12.207079,8.001544
36.990774,-82.344400,-280.000000,12.291384,8.020755
37.510774,-82.344400,-280.000000,12.377090,8.039150
38.030774,-82.344400,-280.000000,12.352147,7.921965
38.550774,-82.344400,-280.000000,12.290732,7.970945
39.070774,-82.344400,-280.000000,12.227052,8.023195
39.590774,-82.344400,-280.000000,12.023173,7.952485
40.110774,-82.344400,-280.000000,12.215672,7.944423
40.630774,-82.344400,-280.000000,12.542062,8.105878
41.150774,-82.344400,-280.000000,12.255992,8.015412
41.670774,-82.344400,-280.000000,12.421008,8.036174
42.190774,-82.344400,-280.000000,12.058673,7.909255
42.710774,-82.344400,-280.000000,12.493182,7.913773
43.230774,-82.344400,-280.000000,12.080129,8.002373
43.750774,-82.344400,-280.000000,12.194747,8.033288
44.270774,-82.344400,-280.000000,12.330768,7.997145
44.790774,-82.344400,-280.000000,12.289822,7.965536
45.310774,-82.344400,-280.000000,12.291457,8.025279
45.830774,-82.344400,-280.000000,12.384665,8.065216
46.350774,-82.344400,-280.000000,12.253049,7.992696
46.870774,-82.344400,-280.000000,12.138671,8.060274
47.390774,-82.344400,-280.000000,12.129323,7.989502
47.910774,-82.344400,-280.000000,12.439578,8.071741
48.430774,-82.344400,-280.000000,12.200139,8.008876
48.950774,-82.344400,-280.000000,12.209579,7.933648
49.470774,-82.344400,-280.000000,12.033606,7.889865
49.990774,-82.344400,-280.000000,12.424503,7.994420
50.510774,-82.344400,-280.000000,12.300473,8.075476
51.030774,-82.344400,-280.000000,12.161304,8.022802
51.550774,-82.344400,-280.000000,12.300603,7.955388
52.070774,-82.344400,-280.000000,12.244593,7.931045
52.590774,-82.344400,-280.000000,12.430886,8.132339
53.110774,-82.344400,-280.000000,12.378463,7.972756
53.630774,-82.344400,-280.000000,12.293830,7.966697
54.150774,-82.344400,-280.000000,12.524257,8.086335
54.670774,-82.344400,-280.000000,12.550987,8.042226
55.190774,-82.344400,-280.000000,12.221632,7.964448
55.710774,-82.344400,-280.000000,12.408025,8.124767
56.230774,-82.344400,-280.000000,12.298245,8.016359
56.750774,-82.344400,-280.000000,12.298677,8.082467
57.270774,-82.344400,-280.000000,12.163210,8.043899
57.790774,-82.344400,-280.000000,12.048117,7.971494
58.310774,-82.344400,-280.000000,12.446952,8.069113
58.830774,-82.344400,-280.000000,12.159717,7.980597
59.350774,-82.344400,-280.000000,12.241655,8.023228
59.870774,-82.344400,-280.000000,11.944616,7.805828
60.390774,-82.344400,-280.000000,12.251120,7.969942
60.910774,-82.344400,-280.000000,12.358299,7.968176
13.070774,-81.824400,-280.000000,12.332447,7.620027
13.590774,-81.824400,-280.000000,12.261981,7.742759
14.110774,-81.824400,-280.000000,12.340674,7.714236
14.630774,-81.824400,-280.000000,12.249938,7.760491
15.150774,-81.824400,-280.000000,12.274184,7.748390
15.670774,-81.824400,-280.000000,12.370170,7.809326
16.190774,-81.824400,-280.000000,12.650260,7.895814
16.710774,-81.824400,-280.000000,12.324649,7.780784
17.230774,-81.824400,-280.000000,12.457627,7.920113
17.750774,-81.824400,-280.000000,12.306618,7.867519
18.270774,-81.824400,-280.000000,12.234752,7.821316
18.790774,-81.824400,-280.000000,12.155302,7.830376
19.310774,-81.824400,-280.000000,12.300518,7.917520
19.830774,-81.824400,-280.000000,12.315835,8.002313
20.350774,-81.824400,-280.000000,12.378074,8.030086
20.870774,-81.824400,-280.000000,12.286319,7.905141
21.390774,-81.824400,-280.000000,12.174258,7.913520
21.910774,-81.824400,-280.000000,12.045012,7.936960
22.430774,-81.824400,-280.000000,12.621649,7.860993
22.950774,-81.824400,-280.000000,12.320857,7.943200
23.470774,-81.824400,-280.000000,12.388857,7.927808
23.990774,-81.824400,-280.000000,12.315560,8.125505
24.510774,-81.824400,-280.000000,12.532360,8.029845
25.030774,-81.824400,-280.000000,12.598047,7.987369
25.550774,-81.824400,-280.000000,12.491685,7.923715
26.070774,-81.824400,-280.000000,12.008269,7.855793
26.590774,-81.824400,-280.000000,12.392712,7.980880
27.110774,-81.824400,-280.000000,12.435304,7.952469
27.630774,-81.824400,-280.000000,12.358771,7.953666
28.150774,-81.824400,-280.000000,12.205523,7.924197
28.670774,-81.824400,-280.000000,12.344075,8.021064
29.190774,-81.824400,-280.000000,12.569232,8.004961
29.710774,-81.824400,-280.000000,12.658875,8.068499
30.230774,-81.824400,-280.000000,12.521891,8.102158
30.750774,-81.824400,-280.000000,12.397448,7.967793
31.270774,-81.824400,-280.000000,12.317520,7.960219
31.790774,-81.824400,-280.000000,12.249698,7.871846
32.310774,-81.824400,-280.000000,12.282321,8.013181
32.830774,-81.824400,-280.000000,12.311029,8.001747
33.350774,-81.824400,-280.000000,12.436476,8.045684
33.870774,-81.824400,-280.000000,12.363565,8.051280
34.390774,-81.824400,-280.000000,12.330028,8.001513
34.910774,-81.824400,-280.000000,12.239660,7.940742
35.430774,-81.824400,-280.000000,12.572124,8.054324
35.950774,-81.824400,-280.000000,12.246103,7.938848
36.470774,-81.824400,-280.000000,12.245787,8.044760
36.990774,-81.824400,-280.000000,12.382501,8.010580
37.510774,-81.824400,-280.000000,12.324383,8.036211
38.030774,-81.824400,-280.000000,12.329947,7.934494
38.550774,-81.824400,-280.000000,12.328358,8.018443
39.070774,-81.824400,-280.000000,12.233607,7.996554
39.590774,-81.824400,-280.000000,12.038854,7.972177
40.110774,-81.824400,-280.000000,12.251620,7.977285
40.630774,-81.824400,-280.000000,12.476089,8.098961
41.150774,-81.824400,-280.000000,12.354506,8.006820
41.670774,-81.824400,-280.000000,12.347861,8.058935
42.190774,-81.824400,-280.000000,12.082253,7.931118
42.710774,-81.824400,-280.000000,12.449635,7.913026
43.230774,-81.824400,-280.000000,12.099303,8.029839
43.750774,-81.824400,-280.000000,12.191062,8.029216
44.270774,-81.824400,-280.000000,12.335148,7.999100
44.790774,-81.824400,-280.000000,12.263201,7.999275
45.310774,-81.824400,-280.000000,12.282774,8.036237
45.830774,-81.824400,-280.000000,12.356203,8.034694
46.350774,-81.824400,-280.000000,12.295509,8.045390
46.870774,-81.824400,-280.000000,12.094755,8.032259
47.390774,-81.824400,-280.000000,12.153339,8.021026
47.910774,-81.824400,-280.000000,12.418909,8.074028
48.430774,-81.824400,-280.000000,12.219953,8.036248
48.950774,-81.824400,-280.000000,12.153776,7.948556
49.470774,-81.824400,-280.000000,12.135203,7.924604
49.990774,-81.824400,-280.000000,12.366195,7.962822
50.510774,-81.824400,-280.000000,12.328558,8.061764
51.030774,-81.824400,-280.000000,12.112918,8.033633
51.550774,-81.824400,-280.000000,12.286105,7.946890
52.070774,-81.824400,-280.000000,12.308844,7.925019
52.590774,-81.824400,-280.000000,12.392887,8.134117
53.110774,-81.824400,-280.000000,12.476947,8.030698
53.630774,-81.824400,-280.000000,12.296662,7.960428
54.150774,-81.824400,-280.000000,12.559443,8.102317
54.670774,-81.824400,-280.000000,12.491145,8.022929
55.190774,-81.824400,-280.000000,12.274375,7.998608
55.710774,-81.824400,-280.000000,12.416826,8.098874
56.230774,-81.824400,-280.000000,12.293226,8.034197
56.750774,-81.824400,-280.000000,12.237902,8.093822
57.270774,-81.824400,-280.000000,12.133117,8.033081
57.790774,-81.824400,-280.000000,12.037864,7.987311
58.310774,-81.824400,-280.000000,12.374885,8.063062
58.830774,-81.824400,-280.000000,12.171164,8.009924
59.350774,-81.824400,-280.000000,12.148416,8.005936
59.870774,-81.824400,-280.000000,11.951684,7.839837
60.390774,-81.824400,-280.000000,12.264616,8.008484
60.910774,-81.824400,-280.000000,12.355122,7.964565
61.430774,-81.824400,-280.000000,12.336879,8.047627
60.910774,-81.304400,-280.000000,12.272721,7.960847
13.590774,-82.344400,-279.000000,12.354909,7.659156
14.110774,-82.344400,-279.000000,12.360301,7.746926
14.630774,-82.344400,-279.000000,12.499819,7.766215
15.150774,-82.344400,-279.000000,12.395562,7.777333
15.670774,-82.344400,-279.000000,12.623858,7.885261
16.190774,-82.344400,-279.000000,12.332891,7.818617
16.710774,-82.344400,-279.000000,12.108154,7.840139
17.230774,-82.344400,-279.000000,12.346397,7.902480
17.750774,-82.344400,-279.000000,12.412903,7.947944
18.270774,-82.344400,-279.000000,12.304519,7.849372
18.790774,-82.344400,-279.000000,12.202363,7.896200
19.310774,-82.344400,-279.000000,12.268067,7.899210
19.830774,-82.344400,-279.000000,12.271399,7.900803
20.350774,-82.344400,-279.000000,12.353141,7.955070
20.870774,-82.344400,-279.000000,12.354821,8.040453
21.390774,-82.344400,-279.000000,12.252510,7.886118
21.910774,-82.344400,-279.000000,12.359870,8.028305
22.430774,-82.344400,-279.000000,12.186078,7.879973
22.950774,-82.344400,-279.000000,12.478503,8.014847
23.470774,-82.344400,-279.000000,12.370010,7.923542
23.990774,-82.344400,-279.000000,12.140475,7.903949
24.510774,-82.344400,-279.000000,12.377784,7.963501
25.030774,-82.344400,-279.000000,12.205218,7.931768
25.550774,-82.344400,-279.000000,12.315622,8.068671
26.070774,-82.344400,-279.000000,12.264620,8.019023
26.590774,-82.344400,-279.000000,12.118595,8.020808
27.110774,-82.344400,-279.000000,12.475315,8.021164
27.630774,-82.344400,-279.000000,12.463742,8.145617
28.150774,-82.344400,-279.000000,12.156257,7.838006
28.670774,-82.344400,-279.000000,12.129226,8.044927
29.190774,-82.344400,-279.000000,12.360033,8.087554
29.710774,-82.344400,-279.000000,12.492138,8.064287
30.230774,-82.344400,-279.000000,12.142303,7.933450
30.750774,-82.344400,-279.000000,12.387683,8.005846
31.270774,-82.344400,-279.000000,12.566410,8.058085
31.790774,-82.344400,-279.000000,12.246511,7.970830
32.310774,-82.344400,-279.000000,12.487221,8.045094
32.830774,-82.344400,-279.000000,12.193341,8.030591
33.350774,-82.344400,-279.000000,12.386832,8.088857
33.870774,-82.344400,-279.000000,12.281998,8.001950
34.390774,-82.344400,-279.000000,12.347526,7.931075
34.910774,-82.344400,-279.000000,12.350268,8.012280
35.430774,-82.344400,-279.000000,12.342860,8.107064
35.950774,-82.344400,-279.000000,12.196012,7.946657
36.470774,-82.344400,-279.000000,12.547816,7.999438
36.990774,-82.344400,-279.000000,12.200004,8.013938
37.510774,-82.344400,-279.000000,12.242506,8.010920
38.030774,-82.344400,-279.000000,12.195861,8.027213
38.550774,-82.344400,-279.000000,12.370208,8.021458
39.070774,-82.344400,-279.000000,12.075263,7.959573
39.590774,-82.344400,-279.000000,12.202065,7.968575
40.110774,-82.344400,-279.000000,12.296187,7.994833
40.630774,-82.344400,-279.000000,12.456222,7.977767
41.150774,-82.344400,-279.000000,12.530407,8.126114
41.670774,-82.344400,-279.000000,12.151884,7.950412
42.190774,-82.344400,-279.000000,12.484984,8.004571
42.710774,-82.344400,-279.000000,12.075753,7.985792
43.230774,-82.344400,-279.000000,12.364497,8.025320
43.750774,-82.344400,-279.000000,12.417617,8.008827
44.270774,-82.344400,-279.000000,12.272576,7.977722
44.790774,-82.344400,-279.000000,12.513050,8.038958
45.310774,-82.344400,-279.000000,12.138526,8.051817
45.830774,-82.344400,-279.000000,12.157359,7.895686
46.350774,-82.344400,-279.000000,12.296064,8.019294
46.870774,-82.344400,-279.000000,12.281993,8.067183
47.390774,-82.344400,-279.000000,12.280669,7.998261
47.910774,-82.344400,-279.000000,12.585883,8.067517
48.430774,-82.344400,-279.000000,12.240536,7.991273
48.950774,-82.344400,-279.000000,12.288956,7.970513
49.470774,-82.344400,-279.000000,12.200923,8.033059
49.990774,-82.344400,-279.000000,12.301743,7.991024
50.510774,-82.344400,-279.000000,12.220832,8.091201
51.030774,-82.344400,-279.000000,12.088082,8.053702
51.550774,-82.344400,-279.000000,12.176473,8.058935
52.070774,-82.344400,-279.000000,12.316154,8.005634
52.590774,-82.344400,-279.000000,12.389501,7.963654
53.110774,-82.344400,-279.000000,12.339797,7.986563
53.630774,-82.344400,-279.000000,12.362578,8.016851
54.150774,-82.344400,-279.000000,12.123952,8.031440
54.670774,-82.344400,-279.000000,11.941081,7.992470
55.190774,-82.344400,-279.000000,12.152844,8.011851
55.710774,-82.344400,-279.000000,12.219680,8.051600
56.230774,-82.344400,-279.000000,12.305469,7.998719
56.750774,-82.344400,-279.000000,12.105876,8.031574
57.270774,-82.344400,-279.000000,12.350345,8.029492
57.790774,-82.344400,-279.000000,12.272648,8.001650
58.310774,-82.344400,-279.000000,12.251462,8.000343
58.830774,-82.344400,-279.000000,12.408654,8.027334
59.350774,-82.344400,-279.000000,12.304216,8.036487
59.870774,-82.344400,-279.000000,12.224404,8.024639
60.390774,-82.344400,-279.000000,12.360826,7.974011
60.910774,-82.344400,-279.000000,12.307192,8.022186
61.430774,-82.344400,-279.000000,12.293689,7.967222
61.950774,-82.344400,-279.000000,12.360568,7.992055
62.470774,-82.344400,-279.000000,12.291839,7.967121
13.070774,-81.824400,-279.000000,12.378878,7.608217
13.590774,-81.824400,-279.000000,12.297303,7.709937
14.110774,-81.824400,-279.000000,12.400630,7.774334
14.630774,-81.824400,-279.000000,12.488555,7.783174
15.150774,-81.824400,-279.000000,12.382008,7.783974
15.670774,-81.824400,-279.000000,12.589403,7.889152
16.190774,-81.824400,-279.000000,12.354042,7.824268
16.710774,-81.824400,-279.000000,12.140926,7.848875
17.230774,-81.824400,-279.000000,12.349508,7.934277
17.750774,-81.824400,-279.000000,12.352339,7.939638
18.270774,-81.824400,-279.000000,12.285812,7.864094
18.790774,-81.824400,-279.000000,12.259532,7.924363
19.310774,-81.824400,-279.000000,12.313561,7.909330
19.830774,-81.824400,-279.000000,12.251772,7.918478
20.350774,-81.824400,-279.000000,12.404628,7.946155
20.870774,-81.824400,-279.000000,12.329964,8.038335
21.390774,-81.824400,-279.000000,12.268538,7.931968
21.910774,-81.824400,-279.000000,12.346515,8.020168
22.430774,-81.824400,-279.000000,12.257438,7.920597
22.950774,-81.824400,-279.000000,12.380664,7.973370
23.470774,-81.824400,-279.000000,12.369617,7.965810
23.990774,-81.824400,-279.000000,12.089847,7.876272
24.510774,-81.824400,-279.000000,12.385376,7.968466
25.030774,-81.824400,-279.000000,12.168399,7.934068
25.550774,-81.824400,-279.000000,12.299026,8.046619
26.070774,-81.824400,-279.000000,12.340610,8.049547
26.590774,-81.824400,-279.000000,12.091471,8.048967
27.110774,-81.824400,-279.000000,12.475859,8.011167
27.630774,-81.824400,-279.000000,12.426222,8.155299
28.150774,-81.824400,-279.000000,12.122377,7.853098
28.670774,-81.824400,-279.000000,12.074142,8.057368
29.190774,-81.824400,-279.000000,12.355330,8.074746
29.710774,-81.824400,-279.000000,12.514857,8.094212
30.230774,-81.824400,-279.000000,12.148559,7.921699
30.750774,-81.824400,-279.000000,12.415114,8.046744
31.270774,-81.824400,-279.000000,12.553438,8.075535
31.790774,-81.824400,-279.000000,12.160548,7.958583
32.310774,-81.824400,-279.000000,12.498994,8.093302
32.830774,-81.824400,-279.000000,12.202552,8.006186
33.350774,-81.824400,-279.000000,12.321982,8.087128
33.870774,-81.824400,-279.000000,12.383188,8.015732
34.390774,-81.824400,-279.000000,12.282367,7.931956
34.910774,-81.824400,-279.000000,12.367488,8.032490
35.430774,-81.824400,-279.000000,12.337489,8.103662
35.950774,-81.824400,-279.000000,12.282408,7.961985
36.470774,-81.824400,-279.000000,12.447855,8.031770
36.990774,-81.824400,-279.000000,12.191327,8.035509
37.510774,-81.824400,-279.000000,12.217083,8.009312
38.030774,-81.824400,-279.000000,12.281348,8.046144
38.550774,-81.824400,-279.000000,12.334493,8.011202
39.070774,-81.824400,-279.000000,12.068000,7.984947
39.590774,-81.824400,-279.000000,12.227527,7.941269
40.110774,-81.824400,-279.000000,12.313744,7.994111
40.630774,-81.824400,-279.000000,12.518163,8.023959
41.150774,-81.824400,-279.000000,12.363580,8.083681
41.670774,-81.824400,-279.000000,12.129844,7.981215
42.190774,-81.824400,-279.000000,12.437532,8.011705
42.710774,-81.824400,-279.000000,12.136474,8.041595
43.230774,-81.824400,-279.000000,12.324576,8.036737
43.750774,-81.824400,-279.000000,12.398706,7.997790
44.270774,-81.824400,-279.000000,12.266862,8.015864
44.790774,-81.824400,-279.000000,12.451313,8.015123
45.310774,-81.824400,-279.000000,12.125426,8.086938
45.830774,-81.824400,-279.000000,12.129915,7.917001
46.350774,-81.824400,-279.000000,12.251613,8.033203
46.870774,-81.824400,-279.000000,12.301054,8.060400
47.390774,-81.824400,-279.000000,12.284125,8.016953
47.910774,-81.824400,-279.000000,12.585177,8.073344
48.430774,-81.824400,-279.000000,12.128791,7.989862
48.950774,-81.824400,-279.000000,12.277596,7.937965
49.470774,-81.824400,-279.000000,12.136508,8.038437
49.990774,-81.824400,-279.000000,12.364977,8.028630
50.510774,-81.824400,-279.000000,12.187259,8.061597
51.030774,-81.824400,-279.000000,12.235431,8.058147
51.550774,-81.824400,-279.000000,12.080871,8.060796
52.070774,-81.824400,-279.000000,12.223508,8.019210
52.590774,-81.824400,-279.000000,12.459861,7.976211
53.110774,-81.824400,-279.000000,12.299332,8.012443
53.630774,-81.824400,-279.000000,12.340351,8.015606
54.150774,-81.824400,-279.000000,12.088091,8.027003
54.670774,-81.824400,-279.000000,12.003459,8.028692
55.190774,-81.824400,-279.000000,12.243649,8.018907
55.710774,-81.824400,-279.000000,12.152599,8.042657
56.230774,-81.824400,-279.000000,12.315049,8.017203
56.750774,-81.824400,-279.000000,12.136651,8.053603
57.270774,-81.824400,-279.000000,12.306059,8.014589
57.790774,-81.824400,-279.000000,12.294423,8.011106
58.310774,-81.824400,-279.000000,12.278890,8.023582
58.830774,-81.824400,-279.000000,12.426038,8.001846
59.350774,-81.824400,-279.000000,12.265212,8.032642
59.870774,-81.824400,-279.000000,12.248992,8.056295
60.390774,-81.824400,-279.000000,12.269189,7.974261
60.910774,-81.824400,-279.000000,12.328717,8.013344
61.430774,-81.824400,-279.000000,12.290580,7.974153
61.950774,-81.824400,-279.000000,12.308284,8.005776
62.470774,-81.824400,-279.000000,12.269069,7.981245
62.990774,-81.824400,-279.000000,12.405751,7.981768
61.430774,-81.304400,-279.000000,12.244449,7.951424
13.590774,-82.344400,-278.000000,12.396014,7.668817
14.110774,-82.344400,-278.000000,12.362586,7.733457
14.630774,-82.344400,-278.000000,12.561000,7.859327
15.150774,-82.344400,-278.000000,12.176581,7.769083
15.670774,-82.344400,-278.000000,12.376848,7.791507
16.190774,-82.344400,-278.000000,12.423478,7.887174
16.710774,-82.344400,-278.000000,12.316257,7.769084
17.230774,-82.344400,-278.000000,12.496975,7.844243
17.750774,-82.344400,-278.000000,12.650002,7.950583
18.270774,-82.344400,-278.000000,12.253572,7.903638
18.790774,-82.344400,-278.000000,12.254358,7.973373
19.310774,-82.344400,-278.000000,12.436455,7.954375
19.830774,-82.344400,-278.000000,12.394063,7.958204
20.350774,-82.344400,-278.000000,12.387042,7.841614
20.870774,-82.344400,-278.000000,12.266585,7.938385
21.390774,-82.344400,-278.000000,12.293108,7.879611
21.910774,-82.344400,-278.000000,12.268059,7.949487
22.430774,-82.344400,-278.000000,12.405799,7.938220
22.950774,-82.344400,-278.000000,12.143732,7.914809
23.470774,-82.344400,-278.000000,12.244758,7.887880
23.990774,-82.344400,-278.000000,12.528212,7.947360
24.510774,-82.344400,-278.000000,12.471175,8.081348
25.030774,-82.344400,-278.000000,12.469258,8.059679
25.550774,-82.344400,-278.000000,12.263829,7.980746
26.070774,-82.344400,-278.000000,12.187347,7.918121
26.590774,-82.344400,-278.000000,12.276217,8.053097
27.110774,-82.344400,-278.000000,12.310120,7.969446
27.630774,-82.344400,-278.000000,12.434504,7.985465
28.150774,-82.344400,-278.000000,12.428599,8.063157
28.670774,-82.344400,-278.000000,12.343209,8.087874
29.190774,-82.344400,-278.000000,12.468747,8.036926
29.710774,-82.344400,-278.000000,12.495746,7.997633
30.230774,-82.344400,-278.000000,12.197301,7.967944
30.750774,-82.344400,-278.000000,12.287774,7.931459
31.270774,-82.344400,-278.000000,12.263500,8.051203
31.790774,-82.344400,-278.000000,12.320075,8.032836
32.310774,-82.344400,-278.000000,12.111841,8.060115
32.830774,-82.344400,-278.000000,12.242353,7.968199
33.350774,-82.344400,-278.000000,12.389236,7.979802
33.870774,-82.344400,-278.000000,12.223060,8.020059
34.390774,-82.344400,-278.000000,12.344974,7.968085
34.910774,-82.344400,-278.000000,12.186908,7.947275
35.430774,-82.344400,-278.000000,12.469637,8.098274
35.950774,-82.344400,-278.000000,12.457580,8.046800
36.470774,-82.344400,-278.000000,12.702033,8.104980
36.990774,-82.344400,-278.000000,12.429006,8.078424
37.510774,-82.344400,-278.000000,12.346346,8.043211
38.030774,-82.344400,-278.000000,12.270352,8.033038
38.550774,-82.344400,-278.000000,12.370231,8.024959
39.070774,-82.344400,-278.000000,12.330620,8.060979
39.590774,-82.344400,-278.000000,12.221568,8.046480
40.110774,-82.344400,-278.000000,12.510651,8.047324
40.630774,-82.344400,-278.000000,12.491555,8.068604
41.150774,-82.344400,-278.000000,12.171431,8.037853
41.670774,-82.344400,-278.000000,12.343979,8.000518
42.190774,-82.344400,-278.000000,12.314911,7.908144
42.710774,-82.344400,-278.000000,12.404185,7.969676
43.230774,-82.344400,-278.000000,12.447852,8.092667
43.750774,-82.344400,-278.000000,12.418891,7.966386
44.270774,-82.344400,-278.000000,12.255973,8.018767
44.790774,-82.344400,-278.000000,12.221387,8.037416
45.310774,-82.344400,-278.000000,12.478241,8.102280
45.830774,-82.344400,-278.000000,12.385392,7.944630
46.350774,-82.344400,-278.000000,12.391601,8.084798
46.870774,-82.344400,-278.000000,12.167620,8.078833
47.390774,-82.344400,-278.000000,12.514319,8.124310
47.910774,-82.344400,-278.000000,12.383361,8.096713
48.430774,-82.344400,-278.000000,12.244529,8.104937
48.950774,-82.344400,-278.000000,12.382636,8.071091
49.470774,-82.344400,-278.000000,12.209121,8.005065
49.990774,-82.344400,-278.000000,12.281179,7.973544
50.510774,-82.344400,-278.000000,12.408704,8.146852
51.030774,-82.344400,-278.000000,12.459121,7.995820
51.550774,-82.344400,-278.000000,12.373576,8.057255
52.070774,-82.344400,-278.000000,12.497417,8.102105
52.590774,-82.344400,-278.000000,12.279914,8.100937
53.110774,-82.344400,-278.000000,12.315339,8.040150
53.630774,-82.344400,-278.000000,12.315950,8.068662
54.150774,-82.344400,-278.000000,12.348287,8.017575
54.670774,-82.344400,-278.000000,12.449794,8.055537
55.190774,-82.344400,-278.000000,12.019792,8.008301
55.710774,-82.344400,-278.000000,12.228225,8.037195
56.230774,-82.344400,-278.000000,12.318508,8.059417
56.750774,-82.344400,-278.000000,12.104304,7.999687
57.270774,-82.344400,-278.000000,12.220205,8.080211
57.790774,-82.344400,-278.000000,12.557832,8.060752
58.310774,-82.344400,-278.000000,12.529107,8.135737
58.830774,-82.344400,-278.000000,12.266567,7.988277
59.350774,-82.344400,-278.000000,12.263751,7.999695
59.870774,-82.344400,-278.000000,12.283145,8.029013
60.390774,-82.344400,-278.000000,12.266015,8.067746
60.910774,-82.344400,-278.000000,12.495012,8.057975
61.430774,-82.344400,-278.000000,12.386794,8.028111
61.950774,-82.344400,-278.000000,12.352885,7.901248
62.470774,-82.344400,-278.000000,12.267158,8.051760
62.990774,-82.344400,-278.000000,12.637892,8.144653
63.510774,-82.344400,-278.000000,12.385058,8.067385
64.030774,-82.344400,-278.000000,12.321087,8.009696
13.070774,-81.824400,-278.000000,12.269422,7.694336
13.590774,-81.824400,-278.000000,12.327307,7.671142
14.110774,-81.824400,-278.000000,12.359012,7.754255
14.630774,-81.824400,-278.000000,12.587519,7.853739
15.150774,-81.824400,-278.000000,12.172047,7.782602
15.670774,-81.824400,-278.000000,12.343825,7.800189
16.190774,-81.824400,-278.000000,12.365413,7.845242
16.710774,-81.824400,-278.000000,12.297256,7.782402
17.230774,-81.824400,-278.000000,12.492672,7.845522
17.750774,-81.824400,-278.000000,12.686992,7.957070
18.270774,-81.824400,-278.000000,12.252830,7.927397
18.790774,-81.824400,-278.000000,12.165627,7.934492
19.310774,-81.824400,-278.000000,12.447214,7.982656
19.830774,-81.824400,-278.000000,12.301970,7.943696
20.350774,-81.824400,-278.000000,12.336814,7.817490
20.870774,-81.824400,-278.000000,12.261030,7.947610
21.390774,-81.824400,-278.000000,12.320842,7.886992
21.910774,-81.824400,-278.000000,12.254969,8.000556
22.430774,-81.824400,-278.000000,12.398612,7.941358
22.950774,-81.824400,-278.000000,12.123756,7.919317
23.470774,-81.824400,-278.000000,12.221106,7.876346
23.990774,-81.824400,-278.000000,12.619777,7.977905
24.510774,-81.824400,-278.000000,12.425599,8.100617
25.030774,-81.824400,-278.000000,12.421942,8.065025
25.550774,-81.824400,-278.000000,12.268274,7.993678
26.070774,-81.824400,-278.000000,12.124310,7.944441
26.590774,-81.824400,-278.000000,12.248096,8.031415
27.110774,-81.824400,-278.000000,12.310093,8.014385
27.630774,-81.824400,-278.000000,12.437089,7.988803
28.150774,-81.824400,-278.000000,12.417010,8.075759
28.670774,-81.824400,-278.000000,12.317225,8.057173
29.190774,-81.824400,-278.000000,12.440104,8.043015
29.710774,-81.824400,-278.000000,12.426688,7.977062
30.230774,-81.824400,-278.000000,12.181740,7.966514
30.750774,-81.824400,-278.000000,12.310871,7.959716
31.270774,-81.824400,-278.000000,12.283670,8.045156
31.790774,-81.824400,-278.000000,12.360522,8.021798
32.310774,-81.824400,-278.000000,12.089072,8.064332
32.830774,-81.824400,-278.000000,12.243876,7.980475
33.350774,-81.824400,-278.000000,12.423461,8.024376
33.870774,-81.824400,-278.000000,12.163312,7.995050
34.390774,-81.824400,-278.000000,12.392686,7.978930
34.910774,-81.824400,-278.000000,12.161614,7.937128
35.430774,-81.824400,-278.000000,12.478809,8.076640
35.950774,-81.824400,-278.000000,12.437296,8.037026
36.470774,-81.824400,-278.000000,12.704137,8.097458
36.990774,-81.824400,-278.000000,12.458835,8.074773
37.510774,-81.824400,-278.000000,12.224992,8.038733
38.030774,-81.824400,-278.000000,12.204081,8.044518
38.550774,-81.824400,-278.000000,12.355884,8.037930
39.070774,-81.824400,-278.000000,12.287739,8.093787
39.590774,-81.824400,-278.000000,12.155784,8.053617
40.110774,-81.824400,-278.000000,12.529376,8.074283
40.630774,-81.824400,-278.000000,12.406294,8.058475
41.150774,-81.824400,-278.000000,12.223419,8.042415
41.670774,-81.824400,-278.000000,12.371089,8.028010
42.190774,-81.824400,-278.000000,12.330330,7.950332
42.710774,-81.824400,-278.000000,12.368884,7.959921
43.230774,-81.824400,-278.000000,12.420497,8.075085
43.750774,-81.824400,-278.000000,12.416621,7.995159
44.270774,-81.824400,-278.000000,12.338455,8.040658
44.790774,-81.824400,-278.000000,12.179729,8.040551
45.310774,-81.824400,-278.000000,12.413751,8.058225
45.830774,-81.824400,-278.000000,12.439535,7.978940
46.350774,-81.824400,-278.000000,12.375884,8.092402
46.870774,-81.824400,-278.000000,12.141438,8.110403
47.390774,-81.824400,-278.000000,12.508265,8.127694
47.910774,-81.824400,-278.000000,12.265282,8.115452
48.430774,-81.824400,-278.000000,12.305443,8.101596
48.950774,-81.824400,-278.000000,12.317028,8.083219
49.470774,-81.824400,-278.000000,12.182119,8.019966
49.990774,-81.824400,-278.000000,12.224739,7.983783
50.510774,-81.824400,-278.000000,12.445391,8.152186
51.030774,-81.824400,-278.000000,12.469937,8.034966
51.550774,-81.824400,-278.000000,12.346595,8.071654
52.070774,-81.824400,-278.000000,12.452759,8.094284
52.590774,-81.824400,-278.000000,12.346741,8.110268
53.110774,-81.824400,-278.000000,12.352012,8.069077
53.630774,-81.824400,-278.000000,12.285748,8.063199
54.150774,-81.824400,-278.000000,12.316352,8.019468
54.670774,-81.824400,-278.000000,12.424065,8.075828
55.190774,-81.824400,-278.000000,12.055777,8.029309
55.710774,-81.824400,-278.000000,12.219997,8.013801
56.230774,-81.824400,-278.000000,12.356745,8.079733
56.750774,-81.824400,-278.000000,12.131545,7.999489
57.270774,-81.824400,-278.000000,12.198075,8.117468
57.790774,-81.824400,-278.000000,12.556464,8.090268
58.310774,-81.824400,-278.000000,12.505415,8.102176
58.830774,-81.824400,-278.000000,12.257323,8.018238
59.350774,-81.824400,-278.000000,12.164625,7.999181
59.870774,-81.824400,-278.000000,12.318986,8.045488
60.390774,-81.824400,-278.000000,12.234686,8.078498
60.910774,-81.824400,-278.000000,12.412105,8.047747
61.430774,-81.824400,-278.000000,12.408359,8.033622
61.950774,-81.824400,-278.000000,12.333365,7.934228
62.470774,-81.824400,-278.000000,12.281447,8.061399
62.990774,-81.824400,-278.000000,12.643443,8.130301
63.510774,-81.824400,-278.000000,12.342390,8.038670
64.030774,-81.824400,-278.000000,12.361754,8.002810
64.550774,-81.824400,-278.000000,12.362586,8.042617
65.070774,-81.824400,-278.000000,12.416467,8.054045
63.510774,-81.304400,-278.000000,12.349563,8.061090
13.590774,-82.344400,-277.000000,12.210068,7.625708
14.110774,-82.344400,-277.000000,12.332778,7.776430
14.630774,-82.344400,-277.000000,12.501226,7.737240
15.150774,-82.344400,-277.000000,12.266402,7.692712
15.670774,-82.344400,-277.000000,12.429566,7.783308
16.190774,-82.344400,-277.000000,12.174543,7.780099
16.710774,-82.344400,-277.000000,12.371521,8.004254
17.230774,-82.344400,-277.000000,12.675616,7.940773
17.750774,-82.344400,-277.000000,12.593658,7.885340
18.270774,-82.344400,-277.000000,12.223674,7.920968
18.790774,-82.344400,-277.000000,12.484655,7.963885
19.310774,-82.344400,-277.000000,12.501848,7.931269
19.830774,-82.344400,-277.000000,12.578055,7.983633
20.350774,-82.344400,-277.000000,12.302893,7.874961
20.870774,-82.344400,-277.000000,12.555487,7.914379
21.390774,-82.344400,-277.000000,12.280078,7.945195
21.910774,-82.344400,-277.000000,12.389421,7.988237
22.430774,-82.344400,-277.000000,12.334186,8.058090
22.950774,-82.344400,-277.000000,12.306514,7.853276
23.470774,-82.344400,-277.000000,12.419447,8.032041
23.990774,-82.344400,-277.000000,12.079402,7.923767
24.510774,-82.344400,-277.000000,12.381145,8.028748
25.030774,-82.344400,-277.000000,12.433041,8.042988
25.550774,-82.344400,-277.000000,12.454514,7.970737
26.070774,-82.344400,-277.000000,12.435386,8.045463
26.590774,-82.344400,-277.000000,12.294276,7.971406
27.110774,-82.344400,-277.000000,12.206462,8.003038
27.630774,-82.344400,-277.000000,12.194201,7.991047
28.150774,-82.344400,-277.000000,12.213945,7.911891
28.670774,-82.344400,-277.000000,12.422988,7.939092
29.190774,-82.344400,-277.000000,12.316492,8.047484
29.710774,-82.344400,-277.000000,12.264015,8.023500
30.230774,-82.344400,-277.000000,12.406019,7.907700
30.750774,-82.344400,-277.000000,12.458364,8.001475
31.270774,-82.344400,-277.000000,12.306258,8.009456
31.790774,-82.344400,-277.000000,12.200477,7.957631
32.310774,-82.344400,-277.000000,12.496333,7.991518
32.830774,-82.344400,-277.000000,12.509469,8.130824
33.350774,-82.344400,-277.000000,12.498303,8.062685
33.870774,-82.344400,-277.000000,12.389098,8.031786
34.390774,-82.344400,-277.000000,12.171641,8.049702
34.910774,-82.344400,-277.000000,12.314007,7.995328
35.430774,-82.344400,-277.000000,12.286780,7.943103
35.950774,-82.344400,-277.000000,12.425176,8.056007
36.470774,-82.344400,-277.000000,12.445312,8.035367
36.990774,-82.344400,-277.000000,12.456283,7.975493
37.510774,-82.344400,-277.000000,12.204577,8.023392
38.030774,-82.344400,-277.000000,12.321042,8.042598
38.550774,-82.344400,-277.000000,12.070528,7.927269
39.070774,-82.344400,-277.000000,12.241110,7.994871
39.590774,-82.344400,-277.000000,12.469253,8.034345
40.110774,-82.344400,-277.000000,12.269559,7.964869
40.630774,-82.344400,-277.000000,12.223720,8.053440
41.150774,-82.344400,-277.000000,12.325592,8.028582
41.670774,-82.344400,-277.000000,12.382983,8.034540
42.190774,-82.344400,-277.000000,12.541271,8.076163
42.710774,-82.344400,-277.000000,12.431281,8.016835
43.230774,-82.344400,-277.000000,12.266163,7.933385
43.750774,-82.344400,-277.000000,12.486761,8.093451
44.270774,-82.344400,-277.000000,12.230594,8.019329
44.790774,-82.344400,-277.000000,12.368677,7.947889
45.310774,-82.344400,-277.000000,12.497264,8.102169
45.830774,-82.344400,-277.000000,12.507256,8.052560
46.350774,-82.344400,-277.000000,12.334567,7.913817
46.870774,-82.344400,-277.000000,12.287223,8.040239
47.390774,-82.344400,-277.000000,12.352012,8.081772
47.910774,-82.344400,-277.000000,12.386285,8.020587
48.430774,-82.344400,-277.000000,12.417611,8.043888
48.950774,-82.344400,-277.000000,12.168429,8.057824
49.470774,-82.344400,-277.000000,12.313993,8.148657
49.990774,-82.344400,-277.000000,12.159456,8.063166
50.510774,-82.344400,-277.000000,12.286713,8.027377
51.030774,-82.344400,-277.000000,12.458706,8.104472
51.550774,-82.344400,-277.000000,12.304265,7.974093
52.070774,-82.344400,-277.000000,12.350131,8.011088
52.590774,-82.344400,-277.000000,12.325651,8.053416
53.110774,-82.344400,-277.000000,12.430556,8.019186
53.630774,-82.344400,-277.000000,12.053561,7.952592
54.150774,-82.344400,-277.000000,12.474174,8.055940
54.670774,-82.344400,-277.000000,12.372128,8.084771
55.190774,-82.344400,-277.000000,12.708739,8.119393
55.710774,-82.344400,-277.000000,12.530219,8.059585
56.230774,-82.344400,-277.000000,12.364422,8.041469
56.750774,-82.344400,-277.000000,12.214660,8.033361
57.270774,-82.344400,-277.000000,12.154641,7.972247
57.790774,-82.344400,-277.000000,12.401369,8.057848
58.310774,-82.344400,-277.000000,12.324835,8.081116
58.830774,-82.344400,-277.000000,12.251571,7.962050
59.350774,-82.344400,-277.000000,12.290697,8.060798
59.870774,-82.344400,-277.000000,12.382983,7.990618
60.390774,-82.344400,-277.000000,12.181444,8.047158
60.910774,-82.344400,-277.000000,12.292893,7.992309
61.430774,-82.344400,-277.000000,12.412873,8.046967
61.950774,-82.344400,-277.000000,12.442228,7.951946
62.470774,-82.344400,-277.000000,12.249766,7.998724
62.990774,-82.344400,-277.000000,12.434256,8.030491
63.510774,-82.344400,-277.000000,12.378074,8.057946
64.030774,-82.344400,-277.000000,12.211982,8.080282
64.550774,-82.344400,-277.000000,12.361986,7.989646
65.070774,-82.344400,-277.000000,12.361686,7.994289
65.590774,-82.344400,-277.000000,12.192790,7.970161
66.110774,-82.344400,-277.000000,12.378383,8.109743
13.070774,-81.824400,-277.000000,12.157056,7.771670
13.590774,-81.824400,-277.000000,12.219314,7.629770
14.110774,-81.824400,-277.000000,12.326194,7.793458
14.630774,-81.824400,-277.000000,12.476966,7.750406
15.150774,-81.824400,-277.000000,12.283360,7.681016
15.670774,-81.824400,-277.000000,12.410276,7.823810
16.190774,-81.824400,-277.000000,12.178591,7.777881
16.710774,-81.824400,-277.000000,12.412769,8.015971
17.230774,-81.824400,-277.000000,12.605117,7.946832
17.750774,-81.824400,-277.000000,12.518648,7.889507
18.270774,-81.824400,-277.000000,12.253845,7.985841
18.790774,-81.824400,-277.000000,12.478529,7.982872
19.310774,-81.824400,-277.000000,12.391352,7.910579
19.830774,-81.824400,-277.000000,12.517299,8.007463
20.350774,-81.824400,-277.000000,12.292782,7.896514
20.870774,-81.824400,-277.000000,12.498946,7.907663
21.390774,-81.824400,-277.000000,12.274638,7.937637
21.910774,-81.824400,-277.000000,12.404587,8.007192
22.430774,-81.824400,-277.000000,12.347388,8.071687
22.950774,-81.824400,-277.000000,12.268830,7.868047
23.470774,-81.824400,-277.000000,12.425311,8.045525
23.990774,-81.824400,-277.000000,12.075467,7.944264
24.510774,-81.824400,-277.000000,12.438518,8.003325
25.030774,-81.824400,-277.000000,12.455326,8.064786
25.550774,-81.824400,-277.000000,12.383408,7.974675
26.070774,-81.824400,-277.000000,12.433932,8.059988
26.590774,-81.824400,-277.000000,12.337196,7.975405
27.110774,-81.824400,-277.000000,12.202374,8.029313
27.630774,-81.824400,-277.000000,12.217412,8.011165
28.150774,-81.824400,-277.000000,12.158416,7.919533
28.670774,-81.824400,-277.000000,12.462953,7.949546
29.190774,-81.824400,-277.000000,12.195069,8.028549
29.710774,-81.824400,-277.000000,12.354219,8.062633
30.230774,-81.824400,-277.000000,12.316459,7.920170
30.750774,-81.824400,-277.000000,12.465146,7.993619
31.270774,-81.824400,-277.000000,12.369830,8.013186
31.790774,-81.824400,-277.000000,12.162441,7.947488
32.310774,-81.824400,-277.000000,12.433571,7.997958
32.830774,-81.824400,-277.000000,12.499133,8.155437
33.350774,-81.824400,-277.000000,12.464131,8.047012
33.870774,-81.824400,-277.000000,12.434590,8.055483
34.390774,-81.824400,-277.000000,12.123396,8.035004
34.910774,-81.824400,-277.000000,12.371350,8.039351
35.430774,-81.824400,-277.000000,12.250916,7.955676
35.950774,-81.824400,-277.000000,12.391555,8.093850
36.470774,-81.824400,-277.000000,12.401668,8.028512
36.990774,-81.824400,-277.000000,12.460855,7.994444
37.510774,-81.824400,-277.000000,12.218340,8.030238
38.030774,-81.824400,-277.000000,12.297469,8.022858
38.550774,-81.824400,-277.000000,12.109480,7.956938
39.070774,-81.824400,-277.000000,12.249168,8.003463
39.590774,-81.824400,-277.000000,12.402732,8.022688
40.110774,-81.824400,-277.000000,12.281764,7.973626
40.630774,-81.824400,-277.000000,12.205609,8.069390
41.150774,-81.824400,-277.000000,12.372487,8.048721
41.670774,-81.824400,-277.000000,12.361310,8.063474
42.190774,-81.824400,-277.000000,12.532817,8.061904
42.710774,-81.824400,-277.000000,12.329217,8.028588
43.230774,-81.824400,-277.000000,12.262667,7.944840
43.750774,-81.824400,-277.000000,12.496057,8.076743
44.270774,-81.824400,-277.000000,12.180999,8.022703
44.790774,-81.824400,-277.000000,12.392476,7.944932
45.310774,-81.824400,-277.000000,12.430136,8.148467
45.830774,-81.824400,-277.000000,12.409328,8.021549
46.350774,-81.824400,-277.000000,12.326275,7.925117
46.870774,-81.824400,-277.000000,12.251793,8.040647
47.390774,-81.824400,-277.000000,12.381362,8.076508
47.910774,-81.824400,-277.000000,12.324024,8.027505
48.430774,-81.824400,-277.000000,12.450290,8.060161
48.950774,-81.824400,-277.000000,12.283539,8.048015
49.470774,-81.824400,-277.000000,12.291493,8.154057
49.990774,-81.824400,-277.000000,12.201094,8.079067
50.510774,-81.824400,-277.000000,12.178544,8.041800
51.030774,-81.824400,-277.000000,12.446814,8.100883
51.550774,-81.824400,-277.000000,12.256359,7.972574
52.070774,-81.824400,-277.000000,12.361383,8.019687
52.590774,-81.824400,-277.000000,12.319237,8.069138
53.110774,-81.824400,-277.000000,12.443332,8.018537
53.630774,-81.824400,-277.000000,12.044370,7.959968
54.150774,-81.824400,-277.000000,12.399158,8.035610
54.670774,-81.824400,-277.000000,12.401251,8.096377
55.190774,-81.824400,-277.000000,12.652820,8.112438
55.710774,-81.824400,-277.000000,12.455386,8.043994
56.230774,-81.824400,-277.000000,12.405723,8.070693
56.750774,-81.824400,-277.000000,12.143537,8.040668
57.270774,-81.824400,-277.000000,12.019612,7.928831
57.790774,-81.824400,-277.000000,12.380433,8.060445
58.310774,-81.824400,-277.000000,12.328968,8.123752
58.830774,-81.824400,-277.000000,12.235658,7.982379
59.350774,-81.824400,-277.000000,12.313994,8.033614
59.870774,-81.824400,-277.000000,12.359534,8.021517
60.390774,-81.824400,-277.000000,12.261207,8.056343
60.910774,-81.824400,-277.000000,12.253741,7.987215
61.430774,-81.824400,-277.000000,12.492765,8.086081
61.950774,-81.824400,-277.000000,12.409328,7.956171
62.470774,-81.824400,-277.000000,12.219304,7.992236
62.990774,-81.824400,-277.000000,12.382428,8.059264
63.510774,-81.824400,-277.000000,12.408515,8.045650
64.030774,-81.824400,-277.000000,12.303824,8.136640
64.550774,-81.824400,-277.000000,12.306083,7.973690
65.070774,-81.824400,-277.000000,12.366469,8.017142
65.590774,-81.824400,-277.000000,12.113805,7.949474
66.110774,-81.824400,-277.000000,12.308543,8.106009
66.630774,-81.824400,-277.000000,12.271654,7.959166
66.110774,-81.304400,-277.000000,12.231372,8.098984
13.590774,-82.344400,-276.000000,12.356120,7.681775
14.110774,-82.344400,-276.000000,12.264657,7.682388
14.630774,-82.344400,-276.000000,12.409495,7.734030
15.150774,-82.344400,-276.000000,12.174850,7.712856
15.670774,-82.344400,-276.000000,12.239496,7.769866
16.190774,-82.344400,-276.000000,12.313239,7.849469
16.710774,-82.344400,-276.000000,12.509233,7.924289
17.230774,-82.344400,-276.000000,12.220808,7.886244
17.750774,-82.344400,-276.000000,12.459755,7.932494
18.270774,-82.344400,-276.000000,12.207275,7.930096
18.790774,-82.344400,-276.000000,12.355332,7.897917
19.310774,-82.344400,-276.000000,12.340832,7.877309
19.830774,-82.344400,-276.000000,12.233854,7.945230
20.350774,-82.344400,-276.000000,12.524406,7.984899
20.870774,-82.344400,-276.000000,12.455882,7.902060
21.390774,-82.344400,-276.000000,12.312663,7.945239
21.910774,-82.344400,-276.000000,12.357360,7.930983
22.430774,-82.344400,-276.000000,12.424259,7.918637
22.950774,-82.344400,-276.000000,12.486720,8.027705
23.470774,-82.344400,-276.000000,12.446926,7.980524
23.990774,-82.344400,-276.000000,12.375946,7.970186
24.510774,-82.344400,-276.000000,12.677310,8.034223
25.030774,-82.344400,-276.000000,12.325107,7.968812
25.550774,-82.344400,-276.000000,12.404533,7.988228
26.070774,-82.344400,-276.000000,12.457259,8.038461
26.590774,-82.344400,-276.000000,12.643617,7.997592
27.110774,-82.344400,-276.000000,12.216461,8.048074
27.630774,-82.344400,-276.000000,12.203773,7.941596
28.150774,-82.344400,-276.000000,12.526306,8.006397
28.670774,-82.344400,-276.000000,12.180573,8.037907
29.190774,-82.344400,-276.000000,12.217050,7.972841
29.710774,-82.344400,-276.000000,12.317129,8.128886
30.230774,-82.344400,-276.000000,11.931217,7.942408
30.750774,-82.344400,-276.000000,12.430192,8.096997
31.270774,-82.344400,-276.000000,12.508475,8.092092
31.790774,-82.344400,-276.000000,12.235717,7.940840
32.310774,-82.344400,-276.000000,12.335396,7.990088
32.830774,-82.344400,-276.000000,12.470443,8.099267
33.350774,-82.344400,-276.000000,12.190877,8.068341
33.870774,-82.344400,-276.000000,12.238747,8.012511
34.390774,-82.344400,-276.000000,12.345840,8.052740
34.910774,-82.344400,-276.000000,12.254603,8.037724
35.430774,-82.344400,-276.000000,12.413267,8.082974
35.950774,-82.344400,-276.000000,12.235839,7.994359
36.470774,-82.344400,-276.000000,12.294917,8.058681
36.990774,-82.344400,-276.000000,12.303492,7.991713
37.510774,-82.344400,-276.000000,12.607337,8.145494
38.030774,-82.344400,-276.000000,12.207145,7.904578
38.550774,-82.344400,-276.000000,12.291512,8.096034
39.070774,-82.344400,-276.000000,12.337197,7.949681
39.590774,-82.344400,-276.000000,12.290976,7.999146
40.110774,-82.344400,-276.000000,12.490297,8.117980
40.630774,-82.344400,-276.000000,12.403033,8.007701
41.150774,-82.344400,-276.000000,12.300611,7.990024
41.670774,-82.344400,-276.000000,12.377997,8.030025
42.190774,-82.344400,-276.000000,12.369235,8.121521
42.710774,-82.344400,-276.000000,12.220786,7.985199
43.230774,-82.344400,-276.000000,12.334721,8.033126
43.750774,-82.344400,-276.000000,12.408361,8.088342
44.270774,-82.344400,-276.000000,12.489830,8.081664
44.790774,-82.344400,-276.000000,12.227151,7.987044
45.310774,-82.344400,-276.000000,12.416918,7.974479
45.830774,-82.344400,-276.000000,12.460515,8.105484
46.350774,-82.344400,-276.000000,12.505722,8.110710
46.870774,-82.344400,-276.000000,12.208250,7.957688
47.390774,-82.344400,-276.000000,12.131785,7.937570
47.910774,-82.344400,-276.000000,12.144034,8.102988
48.430774,-82.344400,-276.000000,12.368987,8.020350
48.950774,-82.344400,-276.000000,12.417909,8.071352
49.470774,-82.344400,-276.000000,12.294904,8.011524
49.990774,-82.344400,-276.000000,12.389044,7.958887
50.510774,-82.344400,-276.000000,12.537845,8.049259
51.030774,-82.344400,-276.000000,12.251118,8.111186
51.550774,-82.344400,-276.000000,12.457200,8.047569
52.070774,-82.344400,-276.000000,12.285995,8.046406
52.590774,-82.344400,-276.000000,12.395771,8.033934
53.110774,-82.344400,-276.000000,12.456687,8.040604
53.630774,-82.344400,-276.000000,12.268311,8.034412
54.150774,-82.344400,-276.000000,12.463294,8.007120
54.670774,-82.344400,-276.000000,12.290862,8.118129
55.190774,-82.344400,-276.000000,12.338049,8.056932
55.710774,-82.344400,-276.000000,12.368477,8.008673
56.230774,-82.344400,-276.000000,12.272780,7.962959
56.750774,-82.344400,-276.000000,12.309432,8.011339
57.270774,-82.344400,-276.000000,12.283932,8.065330
57.790774,-82.344400,-276.000000,12.416827,8.065424
58.310774,-82.344400,-276.000000,12.473034,8.054675
58.830774,-82.344400,-276.000000,12.321419,8.063803
59.350774,-82.344400,-276.000000,12.291039,8.052825
59.870774,-82.344400,-276.000000,12.626233,8.146870
60.390774,-82.344400,-276.000000,12.369579,8.023630
60.910774,-82.344400,-276.000000,12.485365,8.091124
61.430774,-82.344400,-276.000000,12.302492,8.054654
61.950774,-82.344400,-276.000000,12.367896,8.036180
62.470774,-82.344400,-276.000000,12.405698,8.058075
62.990774,-82.344400,-276.000000,12.324360,8.072251
63.510774,-82.344400,-276.000000,12.161505,8.022973
64.030774,-82.344400,-276.000000,12.335395,8.010695
64.550774,-82.344400,-276.000000,12.357744,8.057137
65.070774,-82.344400,-276.000000,12.319856,8.005022
65.590774,-82.344400,-276.000000,12.203803,8.013422
66.110774,-82.344400,-276.000000,12.392463,7.974043
66.630774,-82.344400,-276.000000,12.101400,7.907535
67.150774,-82.344400,-276.000000,12.367308,7.976201
67.670774,-82.344400,-276.000000,12.178229,8.086843
13.070774,-81.824400,-276.000000,12.241519,7.581998
13.590774,-81.824400,-276.000000,12.330574,7.683300
14.110774,-81.824400,-276.000000,12.277263,7.703477
14.630774,-81.824400,-276.000000,12.457649,7.744278
15.150774,-81.824400,-276.000000,12.196829,7.745089
15.670774,-81.824400,-276.000000,12.215564,7.733627
16.190774,-81.824400,-276.000000,12.309021,7.849767
16.710774,-81.824400,-276.000000,12.448290,7.908535
17.230774,-81.824400,-276.000000,12.231838,7.944084
17.750774,-81.824400,-276.000000,12.500375,7.947116
18.270774,-81.824400,-276.000000,12.229917,7.948706
18.790774,-81.824400,-276.000000,12.339851,7.903220
19.310774,-81.824400,-276.000000,12.390618,7.864741
19.830774,-81.824400,-276.000000,12.254326,7.975391
20.350774,-81.824400,-276.000000,12.544074,7.974228
20.870774,-81.824400,-276.000000,12.419964,7.910155
21.390774,-81.824400,-276.000000,12.344676,7.941547
21.910774,-81.824400,-276.000000,12.294593,7.921225
22.430774,-81.824400,-276.000000,12.401861,7.960297
22.950774,-81.824400,-276.000000,12.479472,8.001179
23.470774,-81.824400,-276.000000,12.400168,7.973766
23.990774,-81.824400,-276.000000,12.408587,7.992862
24.510774,-81.824400,-276.000000,12.560684,8.026467
25.030774,-81.824400,-276.000000,12.332743,8.002651
25.550774,-81.824400,-276.000000,12.393282,7.986194
26.070774,-81.824400,-276.000000,12.406646,8.024272
26.590774,-81.824400,-276.000000,12.628819,7.980020
27.110774,-81.824400,-276.000000,12.263289,8.044854
27.630774,-81.824400,-276.000000,12.161166,7.980530
28.150774,-81.824400,-276.000000,12.484290,8.022200
28.670774,-81.824400,-276.000000,12.134875,8.046804
29.190774,-81.824400,-276.000000,12.208858,7.989913
29.710774,-81.824400,-276.000000,12.360834,8.093566
30.230774,-81.824400,-276.000000,11.981893,7.973954
30.750774,-81.824400,-276.000000,12.352127,8.090035
31.270774,-81.824400,-276.000000,12.512041,8.113298
31.790774,-81.824400,-276.000000,12.250041,7.952040
32.310774,-81.824400,-276.000000,12.333494,8.023982
32.830774,-81.824400,-276.000000,12.342527,8.056271
33.350774,-81.824400,-276.000000,12.264336,8.085449
33.870774,-81.824400,-276.000000,12.272663,8.018563
34.390774,-81.824400,-276.000000,12.326648,8.055871
34.910774,-81.824400,-276.000000,12.247430,8.024894
35.430774,-81.824400,-276.000000,12.298949,8.075842
35.950774,-81.824400,-276.000000,12.253257,8.009622
36.470774,-81.824400,-276.000000,12.247141,8.041267
36.990774,-81.824400,-276.000000,12.320701,8.024772
37.510774,-81.824400,-276.000000,12.576163,8.147904
38.030774,-81.824400,-276.000000,12.207496,7.901243
38.550774,-81.824400,-276.000000,12.232101,8.100112
39.070774,-81.824400,-276.000000,12.367960,7.975281
39.590774,-81.824400,-276.000000,12.252212,8.029308
40.110774,-81.824400,-276.000000,12.521527,8.083426
40.630774,-81.824400,-276.000000,12.362135,8.039880
41.150774,-81.824400,-276.000000,12.295280,7.988086
41.670774,-81.824400,-276.000000,12.382743,8.045847
42.190774,-81.824400,-276.000000,12.467816,8.163573
42.710774,-81.824400,-276.000000,12.201192,7.972761
43.230774,-81.824400,-276.000000,12.275630,8.038637
43.750774,-81.824400,-276.000000,12.323497,8.057388
44.270774,-81.824400,-276.000000,12.527315,8.094504
44.790774,-81.824400,-276.000000,12.229401,8.016953
45.310774,-81.824400,-276.000000,12.383608,7.979123
45.830774,-81.824400,-276.000000,12.457924,8.102729
46.350774,-81.824400,-276.000000,12.537475,8.108619
46.870774,-81.824400,-276.000000,12.231003,7.967373
47.390774,-81.824400,-276.000000,12.152919,7.987124
47.910774,-81.824400,-276.000000,12.042422,8.079631
48.430774,-81.824400,-276.000000,12.387575,8.055559
48.950774,-81.824400,-276.000000,12.363620,8.083177
49.470774,-81.824400,-276.000000,12.240758,8.007674
49.990774,-81.824400,-276.000000,12.420337,7.973865
50.510774,-81.824400,-276.000000,12.442214,8.021706
51.030774,-81.824400,-276.000000,12.322314,8.100327
51.550774,-81.824400,-276.000000,12.479241,8.045929
52.070774,-81.824400,-276.000000,12.203025,8.052231
52.590774,-81.824400,-276.000000,12.392570,8.019922
53.110774,-81.824400,-276.000000,12.386004,8.028369
53.630774,-81.824400,-276.000000,12.219370,8.035971
54.150774,-81.824400,-276.000000,12.471281,8.043152
54.670774,-81.824400,-276.000000,12.143712,8.078300
55.190774,-81.824400,-276.000000,12.342010,8.056780
55.710774,-81.824400,-276.000000,12.411509,8.027485
56.230774,-81.824400,-276.000000,12.241027,7.968293
56.750774,-81.824400,-276.000000,12.339184,8.035817
57.270774,-81.824400,-276.000000,12.290336,8.063284
57.790774,-81.824400,-276.000000,12.416780,8.059004
58.310774,-81.824400,-276.000000,12.451547,8.057582
58.830774,-81.824400,-276.000000,12.293128,8.070717
59.350774,-81.824400,-276.000000,12.284656,8.076225
59.870774,-81.824400,-276.000000,12.594789,8.179581
60.390774,-81.824400,-276.000000,12.331748,8.035308
60.910774,-81.824400,-276.000000,12.446982,8.083769
61.430774,-81.824400,-276.000000,12.292855,8.049843
61.950774,-81.824400,-276.000000,12.325171,8.051690
62.470774,-81.824400,-276.000000,12.413486,8.054259
62.990774,-81.824400,-276.000000,12.358895,8.113647
63.510774,-81.824400,-276.000000,12.079929,8.010750
64.030774,-81.824400,-276.000000,12.275002,8.002986
64.550774,-81.824400,-276.000000,12.314311,8.100378
65.070774,-81.824400,-276.000000,12.378196,8.020889
65.590774,-81.824400,-276.000000,12.189334,8.003147
66.110774,-81.824400,-276.000000,12.388768,7.979506
66.630774,-81.824400,-276.000000,12.133299,7.938473
67.150774,-81.824400,-276.000000,12.338229,7.968679
67.670774,-81.824400,-276.000000,12.227975,8.105494
68.190774,-81.824400,-276.000000,12.207747,7.980771
13.590774,-82.344400,-275.000000,12.473121,7.703961
14.110774,-82.344400,-275.000000,12.199736,7.714302
14.630774,-82.344400,-275.000000,12.476668,7.778499
15.150774,-82.344400,-275.000000,12.493931,7.830385
15.670774,-82.344400,-275.000000,12.398192,7.849288
16.190774,-82.344400,-275.000000,12.323106,7.829961
16.710774,-82.344400,-275.000000,12.177507,7.950104
17.230774,-82.344400,-275.000000,12.271079,7.813561
17.750774,-82.344400,-275.000000,12.291510,7.942813
18.270774,-82.344400,-275.000000,12.473184,7.992815
18.790774,-82.344400,-275.000000,12.385081,7.868801
19.310774,-82.344400,-275.000000,12.438405,7.900952
19.830774,-82.344400,-275.000000,12.344960,7.965309
20.350774,-82.344400,-275.000000,12.227269,7.941889
20.870774,-82.344400,-275.000000,12.655101,8.000265
21.390774,-82.344400,-275.000000,12.433619,7.987519
21.910774,-82.344400,-275.000000,12.339750,7.987828
22.430774,-82.344400,-275.000000,12.291106,7.941218
22.950774,-82.344400,-275.000000,12.464957,7.959934
23.470774,-82.344400,-275.000000,12.587501,8.019258
23.990774,-82.344400,-275.000000,12.446116,7.945716
24.510774,-82.344400,-275.000000,12.290347,7.894135
25.030774,-82.344400,-275.000000,12.290392,7.973597
25.550774,-82.344400,-275.000000,12.481710,7.912108
26.070774,-82.344400,-275.000000,12.336772,8.034377
26.590774,-82.344400,-275.000000,12.300197,7.973168
27.110774,-82.344400,-275.000000,12.383626,8.030716
27.630774,-82.344400,-275.000000,12.413579,8.034446
28.150774,-82.344400,-275.000000,12.452013,8.050559
28.670774,-82.344400,-275.000000,12.247280,8.048573
29.190774,-82.344400,-275.000000,12.602605,8.054914
29.710774,-82.344400,-275.000000,12.443406,8.055278
30.230774,-82.344400,-275.000000,12.295093,7.960188
30.750774,-82.344400,-275.000000,12.234625,8.069194
31.270774,-82.344400,-275.000000,12.518304,8.014216
31.790774,-82.344400,-275.000000,12.486593,8.068213
32.310774,-82.344400,-275.000000,12.227796,8.025588
32.830774,-82.344400,-275.000000,12.321613,8.025532
33.350774,-82.344400,-275.000000,12.450866,8.028354
33.870774,-82.344400,-275.000000,12.136299,7.954766
34.390774,-82.344400,-275.000000,12.239490,8.030097
34.910774,-82.344400,-275.000000,12.328007,8.045326
35.430774,-82.344400,-275.000000,12.171584,8.077170
35.950774,-82.344400,-275.000000,12.104270,7.985660
36.470774,-82.344400,-275.000000,12.162797,8.075051
36.990774,-82.344400,-275.000000,11.963748,7.963033
37.510774,-82.344400,-275.000000,12.204189,8.092381
38.030774,-82.344400,-275.000000,12.619327,8.105368
38.550774,-82.344400,-275.000000,12.566388,8.034254
39.070774,-82.344400,-275.000000,12.342388,8.013765
39.590774,-82.344400,-275.000000,12.421522,8.062592
40.110774,-82.344400,-275.000000,12.280064,7.892147
40.630774,-82.344400,-275.000000,12.299885,8.011927
41.150774,-82.344400,-275.000000,12.289118,8.041446
41.670774,-82.344400,-275.000000,12.414337,8.075073
42.190774,-82.344400,-275.000000,12.494955,8.038402
42.710774,-82.344400,-275.000000,12.375384,8.076468
43.230774,-82.344400,-275.000000,12.534179,8.105507
43.750774,-82.344400,-275.000000,12.333249,7.978477
44.270774,-82.344400,-275.000000,12.230867,8.065209
44.790774,-82.344400,-275.000000,12.376319,8.118569
45.310774,-82.344400,-275.000000,12.186419,8.010393
45.830774,-82.344400,-275.000000,12.075057,7.997630
46.350774,-82.344400,-275.000000,12.122115,8.138212
46.870774,-82.344400,-275.000000,12.239333,8.030626
47.390774,-82.344400,-275.000000,12.307654,8.025352
47.910774,-82.344400,-275.000000,12.338057,8.061091
48.430774,-82.344400,-275.000000,12.194503,7.987438
48.950774,-82.344400,-275.000000,12.367988,8.011725
49.470774,-82.344400,-275.000000,12.330409,8.003453
49.990774,-82.344400,-275.000000,12.359959,8.125014
50.510774,-82.344400,-275.000000,12.574340,8.043217
51.030774,-82.344400,-275.000000,12.419811,7.988594
51.550774,-82.344400,-275.000000,12.515951,8.125988
52.070774,-82.344400,-275.000000,12.321516,8.016095
52.590774,-82.344400,-275.000000,12.157920,7.978135
53.110774,-82.344400,-275.000000,12.288028,8.018752
53.630774,-82.344400,-275.000000,12.311934,8.027566
54.150774,-82.344400,-275.000000,12.247599,8.009805
54.670774,-82.344400,-275.000000,12.497665,8.092055
55.190774,-82.344400,-275.000000,12.295427,8.030618
55.710774,-82.344400,-275.000000,12.482623,8.029010
56.230774,-82.344400,-275.000000,12.245234,7.932759
56.750774,-82.344400,-275.000000,12.458807,8.109101
57.270774,-82.344400,-275.000000,12.208839,8.003691
57.790774,-82.344400,-275.000000,12.503526,8.095932
58.310774,-82.344400,-275.000000,12.266620,8.126861
58.830774,-82.344400,-275.000000,12.377195,8.096541
59.350774,-82.344400,-275.000000,12.189105,8.057501
59.870774,-82.344400,-275.000000,12.439475,8.000129
60.390774,-82.344400,-275.000000,12.390513,8.083110
60.910774,-82.344400,-275.000000,12.517844,8.116671
61.430774,-82.344400,-275.000000,12.392916,8.014990
61.950774,-82.344400,-275.000000,12.390661,8.028704
62.470774,-82.344400,-275.000000,12.479838,8.040273
62.990774,-82.344400,-275.000000,12.503704,7.983962
63.510774,-82.344400,-275.000000,12.335672,8.032351
64.030774,-82.344400,-275.000000,12.251103,8.087945
64.550774,-82.344400,-275.000000,12.373975,8.024270
65.070774,-82.344400,-275.000000,12.309855,8.028994
65.590774,-82.344400,-275.000000,12.486931,8.090116
66.110774,-82.344400,-275.000000,12.434973,8.089436
66.630774,-82.344400,-275.000000,12.077959,8.073149
67.150774,-82.344400,-275.000000,12.372125,8.035495
67.670774,-82.344400,-275.000000,12.315570,7.989150
68.190774,-82.344400,-275.000000,12.466236,8.082773
68.710774,-82.344400,-275.000000,12.389668,8.086392
69.230774,-82.344400,-275.000000,12.214232,7.989020
13.070774,-81.824400,-275.000000,12.387533,7.561471
13.590774,-81.824400,-275.000000,12.377524,7.705664
14.110774,-81.824400,-275.000000,12.190843,7.734653
14.630774,-81.824400,-275.000000,12.469264,7.788249
15.150774,-81.824400,-275.000000,12.446951,7.827147
15.670774,-81.824400,-275.000000,12.388945,7.853732
16.190774,-81.824400,-275.000000,12.312209,7.822727
16.710774,-81.824400,-275.000000,12.117742,7.980119
17.230774,-81.824400,-275.000000,12.283751,7.800637
17.750774,-81.824400,-275.000000,12.274684,7.980542
18.270774,-81.824400,-275.000000,12.504409,7.987602
18.790774,-81.824400,-275.000000,12.306187,7.899413
19.310774,-81.824400,-275.000000,12.394519,7.886146
19.830774,-81.824400,-275.000000,12.336375,7.961256
20.350774,-81.824400,-275.000000,12.215228,7.963386
20.870774,-81.824400,-275.000000,12.594504,7.997553
21.390774,-81.824400,-275.000000,12.410724,8.020568
21.910774,-81.824400,-275.000000,12.342852,7.969974
22.430774,-81.824400,-275.000000,12.332169,7.987516
22.950774,-81.824400,-275.000000,12.344334,7.950763
23.470774,-81.824400,-275.000000,12.615008,8.045497
23.990774,-81.824400,-275.000000,12.426411,7.922207
24.510774,-81.824400,-275.000000,12.295488,7.937363
25.030774,-81.824400,-275.000000,12.266257,7.957016
25.550774,-81.824400,-275.000000,12.404235,7.899821
26.070774,-81.824400,-275.000000,12.299400,8.036692
26.590774,-81.824400,-275.000000,12.349266,7.989664
27.110774,-81.824400,-275.000000,12.365731,8.028085
27.630774,-81.824400,-275.000000,12.373798,8.036862
28.150774,-81.824400,-275.000000,12.490066,8.095030
28.670774,-81.824400,-275.000000,12.246908,8.048645
29.190774,-81.824400,-275.000000,12.517955,8.056331
29.710774,-81.824400,-275.000000,12.460068,8.074699
30.230774,-81.824400,-275.000000,12.179914,7.959423
30.750774,-81.824400,-275.000000,12.276302,8.074407
31.270774,-81.824400,-275.000000,12.507765,8.045266
31.790774,-81.824400,-275.000000,12.370578,8.017683
32.310774,-81.824400,-275.000000,12.258311,8.066497
32.830774,-81.824400,-275.000000,12.284921,8.024636
33.350774,-81.824400,-275.000000,12.350866,8.022013
33.870774,-81.824400,-275.000000,12.166629,7.969651
34.390774,-81.824400,-275.000000,12.260558,8.050750
34.910774,-81.824400,-275.000000,12.279902,8.040112
35.430774,-81.824400,-275.000000,12.114016,8.089056
35.950774,-81.824400,-275.000000,12.088969,7.998756
36.470774,-81.824400,-275.000000,12.178750,8.074528
36.990774,-81.824400,-275.000000,11.972034,7.986248
37.510774,-81.824400,-275.000000,12.200334,8.104834
38.030774,-81.824400,-275.000000,12.586997,8.111754
38.550774,-81.824400,-275.000000,12.577979,8.017473
39.070774,-81.824400,-275.000000,12.302872,8.007053
39.590774,-81.824400,-275.000000,12.381117,8.077226
40.110774,-81.824400,-275.000000,12.319512,7.941378
40.630774,-81.824400,-275.000000,12.309516,8.034986
41.150774,-81.824400,-275.000000,12.210376,8.065667
41.670774,-81.824400,-275.000000,12.421769,8.057528
42.190774,-81.824400,-275.000000,12.456293,8.061724
42.710774,-81.824400,-275.000000,12.400911,8.071918
43.230774,-81.824400,-275.000000,12.520827,8.109197
43.750774,-81.824400,-275.000000,12.321535,7.993387
44.270774,-81.824400,-275.000000,12.241824,8.073282
44.790774,-81.824400,-275.000000,12.294660,8.113271
45.310774,-81.824400,-275.000000,12.139713,8.002888
45.830774,-81.824400,-275.000000,12.113036,8.030341
46.350774,-81.824400,-275.000000,12.235020,8.169536
46.870774,-81.824400,-275.000000,12.180199,8.038009
47.390774,-81.824400,-275.000000,12.242846,7.987148
47.910774,-81.824400,-275.000000,12.328752,8.107644
48.430774,-81.824400,-275.000000,12.217339,7.998918
48.950774,-81.824400,-275.000000,12.353278,8.020140
49.470774,-81.824400,-275.000000,12.348709,7.964074
49.990774,-81.824400,-275.000000,12.372855,8.144307
50.510774,-81.824400,-275.000000,12.571676,8.077956
51.030774,-81.824400,-275.000000,12.405947,8.012205
51.550774,-81.824400,-275.000000,12.522537,8.163297
52.070774,-81.824400,-275.000000,12.288252,8.015517
52.590774,-81.824400,-275.000000,12.177215,7.985586
53.110774,-81.824400,-275.000000,12.252574,8.005388
53.630774,-81.824400,-275.000000,12.295363,8.038018
54.150774,-81.824400,-275.000000,12.197709,8.009091
54.670774,-81.824400,-275.000000,12.495868,8.068721
55.190774,-81.824400,-275.000000,12.403667,8.074792
55.710774,-81.824400,-275.000000,12.454126,8.032335
56.230774,-81.824400,-275.000000,12.114059,7.927487
56.750774,-81.824400,-275.000000,12.442756,8.105616
57.270774,-81.824400,-275.000000,12.218393,7.997678
57.790774,-81.824400,-275.000000,12.505664,8.128041
58.310774,-81.824400,-275.000000,12.275055,8.122767
58.830774,-81.824400,-275.000000,12.392556,8.091842
59.350774,-81.824400,-275.000000,12.213826,8.066098
59.870774,-81.824400,-275.000000,12.364865,8.037956
60.390774,-81.824400,-275.000000,12.386661,8.086645
60.910774,-81.824400,-275.000000,12.566047,8.144625
61.430774,-81.824400,-275.000000,12.353821,8.014612
61.950774,-81.824400,-275.000000,12.394164,8.038324
62.470774,-81.824400,-275.000000,12.494218,8.034158
62.990774,-81.824400,-275.000000,12.453304,7.990355
63.510774,-81.824400,-275.000000,12.320682,8.016384
64.030774,-81.824400,-275.000000,12.342962,8.116474
64.550774,-81.824400,-275.000000,12.333934,8.017965
65.070774,-81.824400,-275.000000,12.298005,8.046207
65.590774,-81.824400,-275.000000,12.449885,8.070403
66.110774,-81.824400,-275.000000,12.452137,8.085405
66.630774,-81.824400,-275.000000,12.022041,8.079266
67.150774,-81.824400,-275.000000,12.350276,8.047910
67.670774,-81.824400,-275.000000,12.260371,8.000109
68.190774,-81.824400,-275.000000,12.447251,8.088202
68.710774,-81.824400,-275.000000,12.290183,8.091952
69.230774,-81.824400,-275.000000,12.214841,8.011405
69.750774,-81.824400,-275.000000,12.452064,8.060981
70.270774,-81.824400,-275.000000,12.254232,8.033559
68.710774,-81.304400,-275.000000,12.272351,8.090513
69.230774,-81.304400,-275.000000,12.156785,8.045791
13.590774,-82.344400,-274.000000,12.291610,7.688769
14.110774,-82.344400,-274.000000,12.446034,7.736025
14.630774,-82.344400,-274.000000,12.171290,7.695883
15.150774,-82.344400,-274.000000,12.511386,7.948112
15.670774,-82.344400,-274.000000,12.605931,7.896980
16.190774,-82.344400,-274.000000,12.534423,7.875558
16.710774,-82.344400,-274.000000,12.298662,7.857523
17.230774,-82.344400,-274.000000,12.383543,7.833268
17.750774,-82.344400,-274.000000,12.148075,7.869296
18.270774,-82.344400,-274.000000,12.270569,7.853961
18.790774,-82.344400,-274.000000,12.107885,7.892206
19.310774,-82.344400,-274.000000,12.548068,7.934233
19.830774,-82.344400,-274.000000,12.485277,8.002837
20.350774,-82.344400,-274.000000,12.726127,8.027596
20.870774,-82.344400,-274.000000,12.274501,7.916921
21.390774,-82.344400,-274.000000,12.259280,7.954523
21.910774,-82.344400,-274.000000,12.405756,8.060981
22.430774,-82.344400,-274.000000,12.402265,8.034094
22.950774,-82.344400,-274.000000,12.424647,8.029195
23.470774,-82.344400,-274.000000,12.557846,8.004556
23.990774,-82.344400,-274.000000,12.112404,7.889257
24.510774,-82.344400,-274.000000,12.333782,8.004287
25.030774,-82.344400,-274.000000,12.364065,7.960976
25.550774,-82.344400,-274.000000,12.448585,8.110564
26.070774,-82.344400,-274.000000,12.318143,8.077921
26.590774,-82.344400,-274.000000,12.282962,8.076823
27.110774,-82.344400,-274.000000,12.518842,7.976108
27.630774,-82.344400,-274.000000,12.294219,7.970113
28.150774,-82.344400,-274.000000,12.408386,8.055209
28.670774,-82.344400,-274.000000,12.273133,7.975276
29.190774,-82.344400,-274.000000,12.273999,8.064799
29.710774,-82.344400,-274.000000,12.329871,8.018160
30.230774,-82.344400,-274.000000,12.290475,7.988133
30.750774,-82.344400,-274.000000,12.473863,8.006748
31.270774,-82.344400,-274.000000,12.485217,8.012868
31.790774,-82.344400,-274.000000,12.252072,7.956788
32.310774,-82.344400,-274.000000,12.553591,8.110698
32.830774,-82.344400,-274.000000,12.550653,8.043539
33.350774,-82.344400,-274.000000,12.343475,8.065482
33.870774,-82.344400,-274.000000,12.366313,8.115845
34.390774,-82.344400,-274.000000,12.396239,8.046792
34.910774,-82.344400,-274.000000,12.294750,8.061946
35.430774,-82.344400,-274.000000,12.085036,7.987466
35.950774,-82.344400,-274.000000,12.046463,7.995244
36.470774,-82.344400,-274.000000,12.392489,7.991536
36.990774,-82.344400,-274.000000,12.356843,8.074255
37.510774,-82.344400,-274.000000,12.383706,8.074667
38.030774,-82.344400,-274.000000,12.416413,8.050768
38.550774,-82.344400,-274.000000,12.254973,8.007949
39.070774,-82.344400,-274.000000,12.450851,8.102509
39.590774,-82.344400,-274.000000,12.249422,8.077933
40.110774,-82.344400,-274.000000,12.459580,8.089738
40.630774,-82.344400,-274.000000,12.241930,8.026875
41.150774,-82.344400,-274.000000,12.367401,8.022387
41.670774,-82.344400,-274.000000,12.227612,7.921773
42.190774,-82.344400,-274.000000,12.464613,8.214611
42.710774,-82.344400,-274.000000,12.415504,8.062442
43.230774,-82.344400,-274.000000,12.324839,8.002079
43.750774,-82.344400,-274.000000,12.240307,7.999441
44.270774,-82.344400,-274.000000,12.239675,7.981045
44.790774,-82.344400,-274.000000,12.432788,8.044294
45.310774,-82.344400,-274.000000,12.338962,8.146064
45.830774,-82.344400,-274.000000,12.410471,8.056830
46.350774,-82.344400,-274.000000,12.488524,8.055202
46.870774,-82.344400,-274.000000,12.343169,7.977296
47.390774,-82.344400,-274.000000,12.477082,8.084245
47.910774,-82.344400,-274.000000,12.445473,8.071845
48.430774,-82.344400,-274.000000,12.522223,8.141904
48.950774,-82.344400,-274.000000,12.649980,8.110559
49.470774,-82.344400,-274.000000,12.346801,8.025675
49.990774,-82.344400,-274.000000,12.480861,8.123260
50.510774,-82.344400,-274.000000,12.307640,8.097413
51.030774,-82.344400,-274.000000,12.256273,8.030661
51.550774,-82.344400,-274.000000,12.239657,8.128909
52.070774,-82.344400,-274.000000,12.297341,8.142877
52.590774,-82.344400,-274.000000,12.204049,8.062372
53.110774,-82.344400,-274.000000,12.474678,8.131848
53.630774,-82.344400,-274.000000,12.390325,8.074014
54.150774,-82.344400,-274.000000,12.190330,8.059228
54.670774,-82.344400,-274.000000,12.222098,8.039938
55.190774,-82.344400,-274.000000,12.554403,7.999648
55.710774,-82.344400,-274.000000,12.138015,8.093426
56.230774,-82.344400,-274.000000,12.281492,8.067376
56.750774,-82.344400,-274.000000,12.390153,8.116500
57.270774,-82.344400,-274.000000,12.500998,8.108862
57.790774,-82.344400,-274.000000,12.360553,8.065396
58.310774,-82.344400,-274.000000,12.407870,8.067685
58.830774,-82.344400,-274.000000,12.207927,7.962929
59.350774,-82.344400,-274.000000,12.394378,8.065423
59.870774,-82.344400,-274.000000,12.502758,8.065683
60.390774,-82.344400,-274.000000,12.263741,8.030246
60.910774,-82.344400,-274.000000,12.383880,8.073110
61.430774,-82.344400,-274.000000,12.407149,8.055822
61.950774,-82.344400,-274.000000,12.258245,8.030796
62.470774,-82.344400,-274.000000,12.363589,8.072439
62.990774,-82.344400,-274.000000,12.427029,8.119483
63.510774,-82.344400,-274.000000,12.288367,8.068014
64.030774,-82.344400,-274.000000,12.824702,8.117530
64.550774,-82.344400,-274.000000,12.199563,7.991063
65.070774,-82.344400,-274.000000,12.560898,8.092009
65.590774,-82.344400,-274.000000,12.274725,8.053395
66.110774,-82.344400,-274.000000,12.348338,8.038135
66.630774,-82.344400,-274.000000,12.290748,8.032775
67.150774,-82.344400,-274.000000,12.454781,8.067224
67.670774,-82.344400,-274.000000,12.384246,7.990968
68.190774,-82.344400,-274.000000,12.343380,8.052567
68.710774,-82.344400,-274.000000,12.422450,7.990431
69.230774,-82.344400,-274.000000,12.338460,8.030150
69.750774,-82.344400,-274.000000,12.169048,7.967460
70.270774,-82.344400,-274.000000,12.370247,7.970444
70.790774,-82.344400,-274.000000,12.574861,8.070569
71.310774,-82.344400,-274.000000,12.338030,7.984254
13.070774,-81.824400,-274.000000,12.515470,7.655163
13.590774,-81.824400,-274.000000,12.299460,7.742705
14.110774,-81.824400,-274.000000,12.517231,7.737466
14.630774,-81.824400,-274.000000,12.138648,7.709917
15.150774,-81.824400,-274.000000,12.536302,7.947802
15.670774,-81.824400,-274.000000,12.618961,7.940330
16.190774,-81.824400,-274.000000,12.565560,7.905263
16.710774,-81.824400,-274.000000,12.214746,7.837463
17.230774,-81.824400,-274.000000,12.357851,7.837529
17.750774,-81.824400,-274.000000,12.117855,7.885580
18.270774,-81.824400,-274.000000,12.311304,7.860268
18.790774,-81.824400,-274.000000,12.097211,7.918793
19.310774,-81.824400,-274.000000,12.609288,7.959960
19.830774,-81.824400,-274.000000,12.407735,7.999505
20.350774,-81.824400,-274.000000,12.693521,8.021412
20.870774,-81.824400,-274.000000,12.322284,7.922802
21.390774,-81.824400,-274.000000,12.236243,7.951781
21.910774,-81.824400,-274.000000,12.394645,8.095285
22.430774,-81.824400,-274.000000,12.455158,8.044426
22.950774,-81.824400,-274.000000,12.418520,8.033446
23.470774,-81.824400,-274.000000,12.559463,8.018126
23.990774,-81.824400,-274.000000,12.195578,7.934474
24.510774,-81.824400,-274.000000,12.309117,7.996526
25.030774,-81.824400,-274.000000,12.358203,7.989469
25.550774,-81.824400,-274.000000,12.416100,8.095275
26.070774,-81.824400,-274.000000,12.271655,8.099006
26.590774,-81.824400,-274.000000,12.311119,8.086648
27.110774,-81.824400,-274.000000,12.467994,7.970810
27.630774,-81.824400,-274.000000,12.290205,7.975396
28.150774,-81.824400,-274.000000,12.371119,8.039194
28.670774,-81.824400,-274.000000,12.286335,7.986413
29.190774,-81.824400,-274.000000,12.260826,8.077447
29.710774,-81.824400,-274.000000,12.299508,8.010634
30.230774,-81.824400,-274.000000,12.268491,7.985599
30.750774,-81.824400,-274.000000,12.493475,8.018414
31.270774,-81.824400,-274.000000,12.486327,8.022190
31.790774,-81.824400,-274.000000,12.258474,7.959718
32.310774,-81.824400,-274.000000,12.538173,8.097619
32.830774,-81.824400,-274.000000,12.537292,8.064757
33.350774,-81.824400,-274.000000,12.406985,8.074296
33.870774,-81.824400,-274.000000,12.362271,8.140339
34.390774,-81.824400,-274.000000,12.347091,8.058673
34.910774,-81.824400,-274.000000,12.347470,8.060010
35.430774,-81.824400,-274.000000,12.092441,7.994444
35.950774,-81.824400,-274.000000,12.039085,8.007133
36.470774,-81.824400,-274.000000,12.307558,7.963789
36.990774,-81.824400,-274.000000,12.342613,8.072851
37.510774,-81.824400,-274.000000,12.400322,8.130734
38.030774,-81.824400,-274.000000,12.397271,8.069358
38.550774,-81.824400,-274.000000,12.210322,8.025354
39.070774,-81.824400,-274.000000,12.462688,8.081825
39.590774,-81.824400,-274.000000,12.220019,8.067599
40.110774,-81.824400,-274.000000,12.471605,8.091181
40.630774,-81.824400,-274.000000,12.214099,8.044161
41.150774,-81.824400,-274.000000,12.320115,8.055306
41.670774,-81.824400,-274.000000,12.237265,7.915910
42.190774,-81.824400,-274.000000,12.424045,8.186389
42.710774,-81.824400,-274.000000,12.350780,8.043510
43.230774,-81.824400,-274.000000,12.407310,8.052278
43.750774,-81.824400,-274.000000,12.210134,8.037914
44.270774,-81.824400,-274.000000,12.215083,7.970385
44.790774,-81.824400,-274.000000,12.475284,8.061951
45.310774,-81.824400,-274.000000,12.373281,8.156836
45.830774,-81.824400,-274.000000,12.423368,8.057636
46.350774,-81.824400,-274.000000,12.386124,8.045568
46.870774,-81.824400,-274.000000,12.412204,7.985538
47.390774,-81.824400,-274.000000,12.463384,8.094353
47.910774,-81.824400,-274.000000,12.468611,8.043603
48.430774,-81.824400,-274.000000,12.456905,8.139025
48.950774,-81.824400,-274.000000,12.601399,8.130748
49.470774,-81.824400,-274.000000,12.385141,8.038999
49.990774,-81.824400,-274.000000,12.459011,8.125629
50.510774,-81.824400,-274.000000,12.263184,8.076235
51.030774,-81.824400,-274.000000,12.206617,7.994529
51.550774,-81.824400,-274.000000,12.227686,8.142402
52.070774,-81.824400,-274.000000,12.243503,8.149314
52.590774,-81.824400,-274.000000,12.229473,8.075846
53.110774,-81.824400,-274.000000,12.508455,8.144815
53.630774,-81.824400,-274.000000,12.397771,8.092660
54.150774,-81.824400,-274.000000,12.183117,8.076908
54.670774,-81.824400,-274.000000,12.256637,8.040187
55.190774,-81.824400,-274.000000,12.504048,8.016617
55.710774,-81.824400,-274.000000,12.181952,8.114588
56.230774,-81.824400,-274.000000,12.291197,8.076095
56.750774,-81.824400,-274.000000,12.342958,8.105781
57.270774,-81.824400,-274.000000,12.404151,8.090573
57.790774,-81.824400,-274.000000,12.383731,8.082153
58.310774,-81.824400,-274.000000,12.388128,8.055123
58.830774,-81.824400,-274.000000,12.223587,8.007327
59.350774,-81.824400,-274.000000,12.358386,8.082760
59.870774,-81.824400,-274.000000,12.446589,8.057955
60.390774,-81.824400,-274.000000,12.275765,8.040977
60.910774,-81.824400,-274.000000,12.345768,8.090088
61.430774,-81.824400,-274.000000,12.351639,8.059666
61.950774,-81.824400,-274.000000,12.314610,8.076777
62.470774,-81.824400,-274.000000,12.331892,8.063507
62.990774,-81.824400,-274.000000,12.378343,8.132238
63.510774,-81.824400,-274.000000,12.308455,8.085271
64.030774,-81.824400,-274.000000,12.738692,8.103834
64.550774,-81.824400,-274.000000,12.250514,8.004306
65.070774,-81.824400,-274.000000,12.498468,8.090918
65.590774,-81.824400,-274.000000,12.305814,8.063857
66.110774,-81.824400,-274.000000,12.288008,8.019460
66.630774,-81.824400,-274.000000,12.310048,8.040782
67.150774,-81.824400,-274.000000,12.487810,8.085316
67.670774,-81.824400,-274.000000,12.355906,7.991858
68.190774,-81.824400,-274.000000,12.311570,8.073658
68.710774,-81.824400,-274.000000,12.387870,7.991100
69.230774,-81.824400,-274.000000,12.303946,8.022913
69.750774,-81.824400,-274.000000,12.135395,7.940694
70.270774,-81.824400,-274.000000,12.390620,7.979600
70.790774,-81.824400,-274.000000,12.502860,8.052670
71.310774,-81.824400,-274.000000,12.365709,8.005388
71.830774,-81.824400,-274.000000,12.324381,7.976300
71.310774,-81.304400,-274.000000,12.303977,7.990944
13.590774,-82.344400,-273.000000,12.397582,7.780128
14.110774,-82.344400,-273.000000,12.366192,7.806870
14.630774,-82.344400,-273.000000,12.165753,7.688187
15.150774,-82.344400,-273.000000,12.562048,7.778140
15.670774,-82.344400,-273.000000,12.395598,7.783171
16.190774,-82.344400,-273.000000,12.235043,7.875626
16.710774,-82.344400,-273.000000,12.307971,7.918541
17.230774,-82.344400,-273.000000,12.324656,7.918604
17.750774,-82.344400,-273.000000,12.542994,7.936663
18.270774,-82.344400,-273.000000,12.322182,7.936410
18.790774,-82.344400,-273.000000,12.374232,7.969533
19.310774,-82.344400,-273.000000,12.457948,7.954895
19.830774,-82.344400,-273.000000,12.155279,7.909419
20.350774,-82.344400,-273.000000,12.523133,8.055276
20.870774,-82.344400,-273.000000,12.626924,8.010048
21.390774,-82.344400,-273.000000,12.271632,8.045541
21.910774,-82.344400,-273.000000,12.343160,8.028052
22.430774,-82.344400,-273.000000,12.390925,8.042324
22.950774,-82.344400,-273.000000,12.299294,7.994983
23.470774,-82.344400,-273.000000,12.107787,7.971720
23.990774,-82.344400,-273.000000,12.244197,7.965180
24.510774,-82.344400,-273.000000,12.493694,8.019406
25.030774,-82.344400,-273.000000,12.189595,7.908731
25.550774,-82.344400,-273.000000,12.431940,8.019577
26.070774,-82.344400,-273.000000,12.222941,7.988511
26.590774,-82.344400,-273.000000,12.285941,8.001904
27.110774,-82.344400,-273.000000,12.441115,8.052009
27.630774,-82.344400,-273.000000,12.315308,8.022810
28.150774,-82.344400,-273.000000,12.296877,7.971372
28.670774,-82.344400,-273.000000,12.553492,8.186039
29.190774,-82.344400,-273.000000,12.439544,8.066597
29.710774,-82.344400,-273.000000,12.331036,8.073095
30.230774,-82.344400,-273.000000,12.557288,8.104046
30.750774,-82.344400,-273.000000,12.457981,8.011115
31.270774,-82.344400,-273.000000,12.550118,8.056097
31.790774,-82.344400,-273.000000,12.488626,8.146987
32.310774,-82.344400,-273.000000,12.396750,8.094811
32.830774,-82.344400,-273.000000,12.295266,8.056769
33.350774,-82.344400,-273.000000,12.552585,8.026298
33.870774,-82.344400,-273.000000,12.427402,8.011856
34.390774,-82.344400,-273.000000,12.581912,8.065737
34.910774,-82.344400,-273.000000,12.354831,8.010993
35.430774,-82.344400,-273.000000,12.773102,8.205242
35.950774,-82.344400,-273.000000,12.407164,8.081590
36.470774,-82.344400,-273.000000,12.335990,8.031088
36.990774,-82.344400,-273.000000,12.371593,8.001749
37.510774,-82.344400,-273.000000,12.481557,8.004651
38.030774,-82.344400,-273.000000,12.371524,8.052383
38.550774,-82.344400,-273.000000,12.420361,8.080924
39.070774,-82.344400,-273.000000,12.378410,8.045983
39.590774,-82.344400,-273.000000,12.295600,8.077223
40.110774,-82.344400,-273.000000,12.443423,8.097365
40.630774,-82.344400,-273.000000,12.404414,8.072251
41.150774,-82.344400,-273.000000,12.242155,7.940965
41.670774,-82.344400,-273.000000,12.569377,8.171098
42.190774,-82.344400,-273.000000,12.070109,7.982397
42.710774,-82.344400,-273.000000,12.271734,8.040913
43.230774,-82.344400,-273.000000,12.386707,8.113139
43.750774,-82.344400,-273.000000,12.521876,8.095633
44.270774,-82.344400,-273.000000,12.384088,8.112435
44.790774,-82.344400,-273.000000,12.297992,8.033322
45.310774,-82.344400,-273.000000,12.431939,8.097913
45.830774,-82.344400,-273.000000,12.528738,8.034705
46.350774,-82.344400,-273.000000,12.375513,7.970310
46.870774,-82.344400,-273.000000,12.257176,8.068864
47.390774,-82.344400,-273.000000,12.250245,7.979380
47.910774,-82.344400,-273.000000,12.444095,8.102089
48.430774,-82.344400,-273.000000,12.374309,8.047335
48.950774,-82.344400,-273.000000,12.235427,7.973271
49.470774,-82.344400,-273.000000,12.351279,8.057727
49.990774,-82.344400,-273.000000,12.395801,8.096606
50.510774,-82.344400,-273.000000,12.259150,8.171596
51.030774,-82.344400,-273.000000,12.312753,8.069263
51.550774,-82.344400,-273.000000,12.283006,8.070724
52.070774,-82.344400,-273.000000,12.458205,8.062194
52.590774,-82.344400,-273.000000,12.258674,8.101563
53.110774,-82.344400,-273.000000,12.534316,8.106181
53.630774,-82.344400,-273.000000,12.344382,8.061460
54.150774,-82.344400,-273.000000,12.366572,8.054704
54.670774,-82.344400,-273.000000,12.511004,8.124220
55.190774,-82.344400,-273.000000,12.494674,8.053637
55.710774,-82.344400,-273.000000,12.465264,8.044604
56.230774,-82.344400,-273.000000,12.646678,8.101812
56.750774,-82.344400,-273.000000,12.158684,8.026559
57.270774,-82.344400,-273.000000,12.539775,8.081359
57.790774,-82.344400,-273.000000,12.389144,8.102386
58.310774,-82.344400,-273.000000,12.372989,8.080447
58.830774,-82.344400,-273.000000,12.354844,8.017440
59.350774,-82.344400,-273.000000,12.304699,8.063216
59.870774,-82.344400,-273.000000,12.401077,7.989866
60.390774,-82.344400,-273.000000,12.265079,7.990012
60.910774,-82.344400,-273.000000,12.326704,8.028294
61.430774,-82.344400,-273.000000,12.267397,7.957428
61.950774,-82.344400,-273.000000,12.500759,8.128491
62.470774,-82.344400,-273.000000,12.467254,8.057343
62.990774,-82.344400,-273.000000,12.487683,8.015862
63.510774,-82.344400,-273.000000,12.385592,8.066401
64.030774,-82.344400,-273.000000,12.321629,8.050864
64.550774,-82.344400,-273.000000,12.434196,8.122595
65.070774,-82.344400,-273.000000,12.300464,8.101538
65.590774,-82.344400,-273.000000,12.369110,8.067114
66.110774,-82.344400,-273.000000,12.432040,8.069757
66.630774,-82.344400,-273.000000,12.323543,8.092104
67.150774,-82.344400,-273.000000,12.508595,8.131903
67.670774,-82.344400,-273.000000,12.533877,8.162346
68.190774,-82.344400,-273.000000,12.465219,8.079541
68.710774,-82.344400,-273.000000,12.363912,7.980693
69.230774,-82.344400,-273.000000,12.460740,8.064300
69.750774,-82.344400,-273.000000,12.423926,8.013687
70.270774,-82.344400,-273.000000,12.455376,8.088181
70.790774,-82.344400,-273.000000,12.246730,8.036845
71.310774,-82.344400,-273.000000,12.549946,8.047062
71.830774,-82.344400,-273.000000,12.410220,8.051662
72.350774,-82.344400,-273.000000,12.309424,8.022910
72.870774,-82.344400,-273.000000,12.246491,7.988155
13.070774,-81.824400,-273.000000,12.417784,7.737671
13.590774,-81.824400,-273.000000,12.356120,7.792368
14.110774,-81.824400,-273.000000,12.329547,7.791866
14.630774,-81.824400,-273.000000,12.174562,7.668155
15.150774,-81.824400,-273.000000,12.600153,7.798339
15.670774,-81.824400,-273.000000,12.357432,7.806280
16.190774,-81.824400,-273.000000,12.203582,7.859176
16.710774,-81.824400,-273.000000,12.317631,7.945034
17.230774,-81.824400,-273.000000,12.406501,7.925409
17.750774,-81.824400,-273.000000,12.414497,7.915739
18.270774,-81.824400,-273.000000,12.382666,7.966304
18.790774,-81.824400,-273.000000,12.397894,7.962904
19.310774,-81.824400,-273.000000,12.415340,7.952980
19.830774,-81.824400,-273.000000,12.191175,7.939112
20.350774,-81.824400,-273.000000,12.470330,8.050515
20.870774,-81.824400,-273.000000,12.634555,8.069955
21.390774,-81.824400,-273.000000,12.278601,8.055556
21.910774,-81.824400,-273.000000,12.283304,8.051452
22.430774,-81.824400,-273.000000,12.416400,8.025595
22.950774,-81.824400,-273.000000,12.188686,8.013811
23.470774,-81.824400,-273.000000,12.192177,7.983140
23.990774,-81.824400,-273.000000,12.175769,7.945285
24.510774,-81.824400,-273.000000,12.493136,8.055963
25.030774,-81.824400,-273.000000,12.156337,7.900167
25.550774,-81.824400,-273.000000,12.389503,8.035370
26.070774,-81.824400,-273.000000,12.310023,7.986513
26.590774,-81.824400,-273.000000,12.299159,8.011413
27.110774,-81.824400,-273.000000,12.413061,8.056607
27.630774,-81.824400,-273.000000,12.286345,8.038985
28.150774,-81.824400,-273.000000,12.265609,7.953940
28.670774,-81.824400,-273.000000,12.500888,8.172000
29.190774,-81.824400,-273.000000,12.376849,8.082491
29.710774,-81.824400,-273.000000,12.349384,8.089741
30.230774,-81.824400,-273.000000,12.541686,8.105484
30.750774,-81.824400,-273.000000,12.452964,8.064437
31.270774,-81.824400,-273.000000,12.565112,8.084280
31.790774,-81.824400,-273.000000,12.438356,8.113977
32.310774,-81.824400,-273.000000,12.380881,8.095268
32.830774,-81.824400,-273.000000,12.266547,8.057187
33.350774,-81.824400,-273.000000,12.501143,8.039803
33.870774,-81.824400,-273.000000,12.388431,8.006220
34.390774,-81.824400,-273.000000,12.534583,8.040346
34.910774,-81.824400,-273.000000,12.309964,8.007629
35.430774,-81.824400,-273.000000,12.739085,8.213474
35.950774,-81.824400,-273.000000,12.442149,8.111136
36.470774,-81.824400,-273.000000,12.304656,8.013144
36.990774,-81.824400,-273.000000,12.468311,8.056574
37.510774,-81.824400,-273.000000,12.433990,7.953458
38.030774,-81.824400,-273.000000,12.362967,8.080994
38.550774,-81.824400,-273.000000,12.437268,8.055057
39.070774,-81.824400,-273.000000,12.287133,8.040825
39.590774,-81.824400,-273.000000,12.281759,8.089176
40.110774,-81.824400,-273.000000,12.434150,8.065621
40.630774,-81.824400,-273.000000,12.378386,8.109954
41.150774,-81.824400,-273.000000,12.161319,7.937881
41.670774,-81.824400,-273.000000,12.548921,8.137995
42.190774,-81.824400,-273.000000,12.065780,8.000932
42.710774,-81.824400,-273.000000,12.275544,8.078223
43.230774,-81.824400,-273.000000,12.327292,8.120357
43.750774,-81.824400,-273.000000,12.500537,8.079195
44.270774,-81.824400,-273.000000,12.342031,8.123513
44.790774,-81.824400,-273.000000,12.332381,8.043756
45.310774,-81.824400,-273.000000,12.425891,8.132112
45.830774,-81.824400,-273.000000,12.506414,8.019720
46.350774,-81.824400,-273.000000,12.310434,7.968863
46.870774,-81.824400,-273.000000,12.243425,8.045305
47.390774,-81.824400,-273.000000,12.172890,7.988949
47.910774,-81.824400,-273.000000,12.435061,8.127949
48.430774,-81.824400,-273.000000,12.361691,8.077979
48.950774,-81.824400,-273.000000,12.250749,7.996045
49.470774,-81.824400,-273.000000,12.365950,8.034439
49.990774,-81.824400,-273.000000,12.429325,8.128033
50.510774,-81.824400,-273.000000,12.279222,8.186427
51.030774,-81.824400,-273.000000,12.328136,8.084051
51.550774,-81.824400,-273.000000,12.290160,8.078884
52.070774,-81.824400,-273.000000,12.419440,8.053687
52.590774,-81.824400,-273.000000,12.285021,8.111496
53.110774,-81.824400,-273.000000,12.428333,8.100302
53.630774,-81.824400,-273.000000,12.338154,8.088897
54.150774,-81.824400,-273.000000,12.399808,8.087379
54.670774,-81.824400,-273.000000,12.478984,8.119784
55.190774,-81.824400,-273.000000,12.448465,8.063865
55.710774,-81.824400,-273.000000,12.430672,8.096984
56.230774,-81.824400,-273.000000,12.576397,8.096282
56.750774,-81.824400,-273.000000,12.297879,8.050523
57.270774,-81.824400,-273.000000,12.478179,8.100073
57.790774,-81.824400,-273.000000,12.437591,8.113222
58.310774,-81.824400,-273.000000,12.397128,8.095107
58.830774,-81.824400,-273.000000,12.356200,8.013681
59.350774,-81.824400,-273.000000,12.406309,8.110312
59.870774,-81.824400,-273.000000,12.352501,7.965151
60.390774,-81.824400,-273.000000,12.297824,7.996933
60.910774,-81.824400,-273.000000,12.325353,8.020123
61.430774,-81.824400,-273.000000,12.233948,7.947932
61.950774,-81.824400,-273.000000,12.426736,8.109290
62.470774,-81.824400,-273.000000,12.484717,8.049881
62.990774,-81.824400,-273.000000,12.461256,8.027160
63.510774,-81.824400,-273.000000,12.419025,8.088808
64.030774,-81.824400,-273.000000,12.319893,8.076095
64.550774,-81.824400,-273.000000,12.309840,8.101238
65.070774,-81.824400,-273.000000,12.326647,8.107495
65.590774,-81.824400,-273.000000,12.446039,8.069998
66.110774,-81.824400,-273.000000,12.381898,8.081135
66.630774,-81.824400,-273.000000,12.333298,8.068056
67.150774,-81.824400,-273.000000,12.493678,8.123461
67.670774,-81.824400,-273.000000,12.483815,8.171956
68.190774,-81.824400,-273.000000,12.501421,8.109316
68.710774,-81.824400,-273.000000,12.391383,7.998341
69.230774,-81.824400,-273.000000,12.530860,8.106430
69.750774,-81.824400,-273.000000,12.412823,8.021932
70.270774,-81.824400,-273.000000,12.432420,8.109479
70.790774,-81.824400,-273.000000,12.252216,8.038864
71.310774,-81.824400,-273.000000,12.482276,8.054382
71.830774,-81.824400,-273.000000,12.358282,8.057955
72.350774,-81.824400,-273.000000,12.341809,8.044875
72.870774,-81.824400,-273.000000,12.300081,8.004587
73.390774,-81.824400,-273.000000,12.105895,7.889817
72.870774,-81.304400,-273.000000,12.261073,7.990547
13.590774,-82.344400,-272.000000,12.364409,7.764225
14.110774,-82.344400,-272.000000,12.279930,7.753496
14.630774,-82.344400,-272.000000,12.503519,7.863644
15.150774,-82.344400,-272.000000,12.523918,7.829700
15.670774,-82.344400,-272.000000,12.591462,7.910708
16.190774,-82.344400,-272.000000,12.239881,7.782680
16.710774,-82.344400,-272.000000,12.298003,7.884965
17.230774,-82.344400,-272.000000,12.283582,7.915162
17.750774,-82.344400,-272.000000,12.220665,7.903820
18.270774,-82.344400,-272.000000,12.283816,7.830987
18.790774,-82.344400,-272.000000,12.520398,7.975378
19.310774,-82.344400,-272.000000,12.344174,7.885154
19.830774,-82.344400,-272.000000,12.288426,7.971427
20.350774,-82.344400,-272.000000,12.105329,7.825456
20.870774,-82.344400,-272.000000,12.571707,8.040677
21.390774,-82.344400,-272.000000,12.619609,7.980402
21.910774,-82.344400,-272.000000,12.320150,7.978022
22.430774,-82.344400,-272.000000,12.200015,7.957841
22.950774,-82.344400,-272.000000,12.218653,8.000424
23.470774,-82.344400,-272.000000,12.300394,7.919426
23.990774,-82.344400,-272.000000,12.305923,7.924132
24.510774,-82.344400,-272.000000,12.326054,7.927744
25.030774,-82.344400,-272.000000,12.271673,8.038808
25.550774,-82.344400,-272.000000,12.667076,8.147446
26.070774,-82.344400,-272.000000,12.512301,8.103874
26.590774,-82.344400,-272.000000,12.272482,7.983153
27.110774,-82.344400,-272.000000,12.255909,8.075629
27.630774,-82.344400,-272.000000,12.415415,8.013403
28.150774,-82.344400,-272.000000,12.331000,7.997621
28.670774,-82.344400,-272.000000,12.371140,8.058804
29.190774,-82.344400,-272.000000,12.386104,7.955547
29.710774,-82.344400,-272.000000,12.452170,8.054892
30.230774,-82.344400,-272.000000,12.263436,8.018993
30.750774,-82.344400,-272.000000,12.354701,8.032722
31.270774,-82.344400,-272.000000,12.333950,8.100988
31.790774,-82.344400,-272.000000,12.488680,8.088467
32.310774,-82.344400,-272.000000,12.367949,7.994583
32.830774,-82.344400,-272.000000,12.227947,8.046166
33.350774,-82.344400,-272.000000,12.207393,8.055958
33.870774,-82.344400,-272.000000,12.300756,8.038538
34.390774,-82.344400,-272.000000,12.347857,7.998765
34.910774,-82.344400,-272.000000,12.313853,8.073444
35.430774,-82.344400,-272.000000,12.323695,8.080885
35.950774,-82.344400,-272.000000,12.376484,7.977346
36.470774,-82.344400,-272.000000,12.346153,8.013615
36.990774,-82.344400,-272.000000,12.511409,7.991616
37.510774,-82.344400,-272.000000,12.436223,8.042779
38.030774,-82.344400,-272.000000,12.261155,8.071218
38.550774,-82.344400,-272.000000,12.316260,8.060065
39.070774,-82.344400,-272.000000,12.363338,8.099113
39.590774,-82.344400,-272.000000,12.504683,8.063375
40.110774,-82.344400,-272.000000,12.271394,8.104850
40.630774,-82.344400,-272.000000,12.247491,7.970713
41.150774,-82.344400,-272.000000,12.397418,8.007455
41.670774,-82.344400,-272.000000,12.340901,8.017914
42.190774,-82.344400,-272.000000,12.291581,8.021432
42.710774,-82.344400,-272.000000,12.132376,8.001931
43.230774,-82.344400,-272.000000,12.084416,8.006084
43.750774,-82.344400,-272.000000,12.395728,8.042365
44.270774,-82.344400,-272.000000,12.374953,8.114860
44.790774,-82.344400,-272.000000,12.400438,8.118071
45.310774,-82.344400,-272.000000,12.383854,8.097707
45.830774,-82.344400,-272.000000,12.459217,7.932870
46.350774,-82.344400,-272.000000,12.179015,7.976377
46.870774,-82.344400,-272.000000,12.071373,8.030606
47.390774,-82.344400,-272.000000,12.491731,8.049776
47.910774,-82.344400,-272.000000,12.351564,8.065557
48.430774,-82.344400,-272.000000,12.364712,8.053267
48.950774,-82.344400,-272.000000,12.464477,8.074687
49.470774,-82.344400,-272.000000,12.422429,8.108855
49.990774,-82.344400,-272.000000,12.307408,7.968108
50.510774,-82.344400,-272.000000,12.321989,7.972433
51.030774,-82.344400,-272.000000,12.272151,8.033569
51.550774,-82.344400,-272.000000,12.386405,8.111620
52.070774,-82.344400,-272.000000,12.461665,8.040893
52.590774,-82.344400,-272.000000,12.401350,8.011113
53.110774,-82.344400,-272.000000,12.427054,8.104402
53.630774,-82.344400,-272.000000,12.429205,8.069040
54.150774,-82.344400,-272.000000,12.437568,8.076901
54.670774,-82.344400,-272.000000,12.432392,7.968515
55.190774,-82.344400,-272.000000,12.193197,8.064145
55.710774,-82.344400,-272.000000,12.520573,8.149494
56.230774,-82.344400,-272.000000,12.282574,8.026548
56.750774,-82.344400,-272.000000,12.462416,8.124116
57.270774,-82.344400,-272.000000,12.173559,8.015786
57.790774,-82.344400,-272.000000,12.396600,8.080970
58.310774,-82.344400,-272.000000,12.252481,8.007455
58.830774,-82.344400,-272.000000,12.387438,8.000629
59.350774,-82.344400,-272.000000,12.415879,8.064299
59.870774,-82.344400,-272.000000,11.984689,8.076244
60.390774,-82.344400,-272.000000,12.366302,8.045159
60.910774,-82.344400,-272.000000,12.353116,8.049577
61.430774,-82.344400,-272.000000,12.454669,8.108691
61.950774,-82.344400,-272.000000,12.169977,8.053228
62.470774,-82.344400,-272.000000,12.256854,8.056402
62.990774,-82.344400,-272.000000,12.337893,8.030657
63.510774,-82.344400,-272.000000,12.183753,8.100988
64.030774,-82.344400,-272.000000,12.488330,8.113812
64.550774,-82.344400,-272.000000,12.264433,8.055983
65.070774,-82.344400,-272.000000,12.767709,8.130335
65.590774,-82.344400,-272.000000,12.380793,8.041557
66.110774,-82.344400,-272.000000,12.171039,8.086223
66.630774,-82.344400,-272.000000,12.425439,8.024860
67.150774,-82.344400,-272.000000,12.239893,8.025523
67.670774,-82.344400,-272.000000,12.330981,8.057397
68.190774,-82.344400,-272.000000,12.385073,8.054029
68.710774,-82.344400,-272.000000,12.482577,8.119593
69.230774,-82.344400,-272.000000,12.382151,7.992732
69.750774,-82.344400,-272.000000,12.412833,7.994104
70.270774,-82.344400,-272.000000,12.275889,8.026975
70.790774,-82.344400,-272.000000,12.277914,8.019258
71.310774,-82.344400,-272.000000,12.341647,7.993911
71.830774,-82.344400,-272.000000,12.453116,8.057464
72.350774,-82.344400,-272.000000,12.297320,8.016746
72.870774,-82.344400,-272.000000,12.268655,8.059237
73.390774,-82.344400,-272.000000,12.508378,8.023540
73.910774,-82.344400,-272.000000,12.229457,7.910024
74.430774,-82.344400,-272.000000,12.343814,8.045479
13.070774,-81.824400,-272.000000,12.635889,7.740909
13.590774,-81.824400,-272.000000,12.348286,7.741260
14.110774,-81.824400,-272.000000,12.287515,7.787398
14.630774,-81.824400,-272.000000,12.502443,7.848108
15.150774,-81.824400,-272.000000,12.513770,7.861630
15.670774,-81.824400,-272.000000,12.566845,7.879817
16.190774,-81.824400,-272.000000,12.291820,7.826441
16.710774,-81.824400,-272.000000,12.299250,7.891335
17.230774,-81.824400,-272.000000,12.311168,7.933928
17.750774,-81.824400,-272.000000,12.218626,7.904165
18.270774,-81.824400,-272.000000,12.233848,7.845585
18.790774,-81.824400,-272.000000,12.442217,7.930885
19.310774,-81.824400,-272.000000,12.384920,7.926504
19.830774,-81.824400,-272.000000,12.234553,7.927746
20.350774,-81.824400,-272.000000,12.173121,7.840668
20.870774,-81.824400,-272.000000,12.574771,8.046908
21.390774,-81.824400,-272.000000,12.522456,7.952673
21.910774,-81.824400,-272.000000,12.361071,8.001997
22.430774,-81.824400,-272.000000,12.165667,7.956672
22.950774,-81.824400,-272.000000,12.228618,7.976968
23.470774,-81.824400,-272.000000,12.239287,7.901750
23.990774,-81.824400,-272.000000,12.295187,7.954982
24.510774,-81.824400,-272.000000,12.394069,7.970448
25.030774,-81.824400,-272.000000,12.279207,8.065639
25.550774,-81.824400,-272.000000,12.574146,8.146793
26.070774,-81.824400,-272.000000,12.467952,8.132343
26.590774,-81.824400,-272.000000,12.251264,7.978117
27.110774,-81.824400,-272.000000,12.273864,8.120792
27.630774,-81.824400,-272.000000,12.370597,8.018294
28.150774,-81.824400,-272.000000,12.388343,8.010049
28.670774,-81.824400,-272.000000,12.360895,8.092226
29.190774,-81.824400,-272.000000,12.316213,7.944815
29.710774,-81.824400,-272.000000,12.360152,8.054026
30.230774,-81.824400,-272.000000,12.381527,8.047469
30.750774,-81.824400,-272.000000,12.216087,8.013653
31.270774,-81.824400,-272.000000,12.346671,8.144431
31.790774,-81.824400,-272.000000,12.504118,8.125351
32.310774,-81.824400,-272.000000,12.298197,8.017916
32.830774,-81.824400,-272.000000,12.172716,8.031924
33.350774,-81.824400,-272.000000,12.265135,8.086381
33.870774,-81.824400,-272.000000,12.292890,8.075938
34.390774,-81.824400,-272.000000,12.370249,8.012990
34.910774,-81.824400,-272.000000,12.365871,8.090521
35.430774,-81.824400,-272.000000,12.307071,8.065074
35.950774,-81.824400,-272.000000,12.353787,7.992761
36.470774,-81.824400,-272.000000,12.264140,8.004529
36.990774,-81.824400,-272.000000,12.435805,7.995458
37.510774,-81.824400,-272.000000,12.469428,8.031640
38.030774,-81.824400,-272.000000,12.301643,8.086806
38.550774,-81.824400,-272.000000,12.226026,8.047817
39.070774,-81.824400,-272.000000,12.344646,8.134854
39.590774,-81.824400,-272.000000,12.572689,8.098193
40.110774,-81.824400,-272.000000,12.214095,8.095227
40.630774,-81.824400,-272.000000,12.250906,7.969527
41.150774,-81.824400,-272.000000,12.360351,8.009913
41.670774,-81.824400,-272.000000,12.321075,8.040690
42.190774,-81.824400,-272.000000,12.281897,8.023634
42.710774,-81.824400,-272.000000,12.058472,8.007710
43.230774,-81.824400,-272.000000,12.122715,8.009401
43.750774,-81.824400,-272.000000,12.404219,8.054193
44.270774,-81.824400,-272.000000,12.397403,8.124047
44.790774,-81.824400,-272.000000,12.403764,8.105666
45.310774,-81.824400,-272.000000,12.447723,8.090945
45.830774,-81.824400,-272.000000,12.366061,7.938714
46.350774,-81.824400,-272.000000,12.184354,8.020965
46.870774,-81.824400,-272.000000,12.022937,7.994006
47.390774,-81.824400,-272.000000,12.475085,8.031365
47.910774,-81.824400,-272.000000,12.327891,8.108516
48.430774,-81.824400,-272.000000,12.323217,8.073284
48.950774,-81.824400,-272.000000,12.541142,8.103190
49.470774,-81.824400,-272.000000,12.362889,8.134273
49.990774,-81.824400,-272.000000,12.268766,7.969709
50.510774,-81.824400,-272.000000,12.319685,7.955761
51.030774,-81.824400,-272.000000,12.242426,8.027620
51.550774,-81.824400,-272.000000,12.363585,8.109848
52.070774,-81.824400,-272.000000,12.443491,8.060971
52.590774,-81.824400,-272.000000,12.375938,8.014567
53.110774,-81.824400,-272.000000,12.500086,8.107910
53.630774,-81.824400,-272.000000,12.358199,8.069586
54.150774,-81.824400,-272.000000,12.428814,8.054254
54.670774,-81.824400,-272.000000,12.403399,7.989840
55.190774,-81.824400,-272.000000,12.243488,8.101352
55.710774,-81.824400,-272.000000,12.549163,8.122104
56.230774,-81.824400,-272.000000,12.211360,8.029800
56.750774,-81.824400,-272.000000,12.410295,8.115184
57.270774,-81.824400,-272.000000,12.242825,8.060248
57.790774,-81.824400,-272.000000,12.405909,8.087133
58.310774,-81.824400,-272.000000,12.196172,8.017277
58.830774,-81.824400,-272.000000,12.351274,8.027179
59.350774,-81.824400,-272.000000,12.418022,8.090717
59.870774,-81.824400,-272.000000,12.001829,8.123422
60.390774,-81.824400,-272.000000,12.348590,8.032324
60.910774,-81.824400,-272.000000,12.321609,8.038101
61.430774,-81.824400,-272.000000,12.525441,8.159104
61.950774,-81.824400,-272.000000,12.189894,8.064438
62.470774,-81.824400,-272.000000,12.251273,8.046206
62.990774,-81.824400,-272.000000,12.298319,8.012519
63.510774,-81.824400,-272.000000,12.119633,8.092718
64.030774,-81.824400,-272.000000,12.415280,8.127615
64.550774,-81.824400,-272.000000,12.262531,8.095201
65.070774,-81.824400,-272.000000,12.660052,8.111649
65.590774,-81.824400,-272.000000,12.355020,8.050011
66.110774,-81.824400,-272.000000,12.195572,8.104176
66.630774,-81.824400,-272.000000,12.370590,8.043780
67.150774,-81.824400,-272.000000,12.269718,8.048862
67.670774,-81.824400,-272.000000,12.313766,8.059483
68.190774,-81.824400,-272.000000,12.334834,8.065280
68.710774,-81.824400,-272.000000,12.494729,8.102912
69.230774,-81.824400,-272.000000,12.422157,8.000655
69.750774,-81.824400,-272.000000,12.457760,8.023876
70.270774,-81.824400,-272.000000,12.273864,8.051731
70.790774,-81.824400,-272.000000,12.241092,7.983188
71.310774,-81.824400,-272.000000,12.401153,8.058542
71.830774,-81.824400,-272.000000,12.385338,8.049615
72.350774,-81.824400,-272.000000,12.284565,8.027234
72.870774,-81.824400,-272.000000,12.270260,8.069913
73.390774,-81.824400,-272.000000,12.433929,8.020951
73.910774,-81.824400,-272.000000,12.168118,7.906298
74.430774,-81.824400,-272.000000,12.313951,8.033877
74.950774,-81.824400,-272.000000,12.423363,8.031137
73.910774,-81.304400,-272.000000,12.223404,7.950590
74.430774,-81.304400,-272.000000,12.305490,8.038055
13.590774,-82.344400,-271.000000,12.462863,7.857022
14.110774,-82.344400,-271.000000,12.355942,7.752084
14.630774,-82.344400,-271.000000,12.779770,7.769351
15.150774,-82.344400,-271.000000,12.222430,7.865036
15.670774,-82.344400,-271.000000,12.628146,7.867760
16.190774,-82.344400,-271.000000,12.406249,7.942480
16.710774,-82.344400,-271.000000,12.368528,7.857802
17.230774,-82.344400,-271.000000,12.250399,7.833833
17.750774,-82.344400,-271.000000,12.458977,7.962942
18.270774,-82.344400,-271.000000,12.309683,7.888370
18.790774,-82.344400,-271.000000,12.294771,7.887420
19.310774,-82.344400,-271.000000,12.433205,7.921049
19.830774,-82.344400,-271.000000,12.245734,7.968969
20.350774,-82.344400,-271.000000,12.453623,7.950043
20.870774,-82.344400,-271.000000,12.333303,7.957262
21.390774,-82.344400,-271.000000,12.200489,7.957901
21.910774,-82.344400,-271.000000,12.323383,7.946880
22.430774,-82.344400,-271.000000,12.341059,7.936643
22.950774,-82.344400,-271.000000,12.674472,7.961277
23.470774,-82.344400,-271.000000,12.146857,7.874526
23.990774,-82.344400,-271.000000,12.474305,8.077357
24.510774,-82.344400,-271.000000,12.453728,8.038715
25.030774,-82.344400,-271.000000,12.331950,8.011367
25.550774,-82.344400,-271.000000,12.331294,8.047378
26.070774,-82.344400,-271.000000,12.473214,8.023267
26.590774,-82.344400,-271.000000,12.386545,8.032143
27.110774,-82.344400,-271.000000,12.334347,8.072944
27.630774,-82.344400,-271.000000,12.512996,8.068957
28.150774,-82.344400,-271.000000,12.374252,8.130819
28.670774,-82.344400,-271.000000,12.323415,8.062738
29.190774,-82.344400,-271.000000,12.414704,8.049741
29.710774,-82.344400,-271.000000,12.278179,7.982614
30.230774,-82.344400,-271.000000,12.384548,8.099844
30.750774,-82.344400,-271.000000,12.364342,8.022399
31.270774,-82.344400,-271.000000,12.208259,8.000540
31.790774,-82.344400,-271.000000,12.255627,8.068151
32.310774,-82.344400,-271.000000,12.139538,8.041327
32.830774,-82.344400,-271.000000,12.306470,7.930171
33.350774,-82.344400,-271.000000,12.410900,8.093445
33.870774,-82.344400,-271.000000,12.289743,7.961343
34.390774,-82.344400,-271.000000,12.577535,8.118056
34.910774,-82.344400,-271.000000,12.633834,8.139026
35.430774,-82.344400,-271.000000,12.358733,8.192968
35.950774,-82.344400,-271.000000,12.312947,8.042062
36.470774,-82.344400,-271.000000,12.616277,8.058336
36.990774,-82.344400,-271.000000,12.251044,8.002304
37.510774,-82.344400,-271.000000,12.210693,8.058357
38.030774,-82.344400,-271.000000,12.315548,8.131846
38.550774,-82.344400,-271.000000,12.384635,8.094333
39.070774,-82.344400,-271.000000,12.340352,8.107934
39.590774,-82.344400,-271.000000,12.463107,8.111072
40.110774,-82.344400,-271.000000,12.493447,8.033986
40.630774,-82.344400,-271.000000,12.369745,8.065530
41.150774,-82.344400,-271.000000,12.530590,8.146529
41.670774,-82.344400,-271.000000,12.310786,8.059435
42.190774,-82.344400,-271.000000,12.408982,8.001148
42.710774,-82.344400,-271.000000,12.414035,8.090031
43.230774,-82.344400,-271.000000,12.657031,8.095808
43.750774,-82.344400,-271.000000,12.685061,8.113575
44.270774,-82.344400,-271.000000,12.457969,8.171674
44.790774,-82.344400,-271.000000,12.324310,8.090652
45.310774,-82.344400,-271.000000,12.356562,8.041453
45.830774,-82.344400,-271.000000,12.465566,8.084701
46.350774,-82.344400,-271.000000,12.245654,8.076858
46.870774,-82.344400,-271.000000,12.741058,8.223141
47.390774,-82.344400,-271.000000,12.235015,8.080107
47.910774,-82.344400,-271.000000,12.334496,8.079494
48.430774,-82.344400,-271.000000,12.530200,8.015214
48.950774,-82.344400,-271.000000,12.660019,8.127374
49.470774,-82.344400,-271.000000,12.246160,8.026052
49.990774,-82.344400,-271.000000,12.416259,8.075930
50.510774,-82.344400,-271.000000,12.335861,8.026837
51.030774,-82.344400,-271.000000,12.354687,8.094563
51.550774,-82.344400,-271.000000,12.232118,8.163799
52.070774,-82.344400,-271.000000,12.460958,8.085534
52.590774,-82.344400,-271.000000,12.186668,8.104245
53.110774,-82.344400,-271.000000,12.294943,8.101621
53.630774,-82.344400,-271.000000,12.285192,8.058948
54.150774,-82.344400,-271.000000,12.258018,8.010968
54.670774,-82.344400,-271.000000,12.271091,8.051644
55.190774,-82.344400,-271.000000,12.469011,8.041521
55.710774,-82.344400,-271.000000,12.329202,7.994564
56.230774,-82.344400,-271.000000,12.234980,8.068327
56.750774,-82.344400,-271.000000,12.086022,8.054661
57.270774,-82.344400,-271.000000,12.462859,8.119012
57.790774,-82.344400,-271.000000,12.279468,7.982290
58.310774,-82.344400,-271.000000,12.314701,8.052060
58.830774,-82.344400,-271.000000,12.400314,8.083205
59.350774,-82.344400,-271.000000,12.296464,8.090225
59.870774,-82.344400,-271.000000,12.134124,8.040660
60.390774,-82.344400,-271.000000,12.438321,8.112943
60.910774,-82.344400,-271.000000,12.537860,8.128534
61.430774,-82.344400,-271.000000,12.423160,8.150023
61.950774,-82.344400,-271.000000,12.250716,7.955173
62.470774,-82.344400,-271.000000,12.248523,8.031357
62.990774,-82.344400,-271.000000,12.459846,8.085032
63.510774,-82.344400,-271.000000,12.282895,8.084695
64.030774,-82.344400,-271.000000,12.433130,8.044342
64.550774,-82.344400,-271.000000,12.315027,8.067770
65.070774,-82.344400,-271.000000,12.442198,8.088062
65.590774,-82.344400,-271.000000,12.374299,7.918763
66.110774,-82.344400,-271.000000,12.406774,8.163383
66.630774,-82.344400,-271.000000,12.448909,7.976851
67.150774,-82.344400,-271.000000,12.350669,8.021787
67.670774,-82.344400,-271.000000,12.450880,8.031735
68.190774,-82.344400,-271.000000,12.388839,8.102621
68.710774,-82.344400,-271.000000,12.242669,8.017233
69.230774,-82.344400,-271.000000,12.350347,8.058847
69.750774,-82.344400,-271.000000,12.340509,8.100229
70.270774,-82.344400,-271.000000,12.173025,7.941178
70.790774,-82.344400,-271.000000,12.211676,7.992447
71.310774,-82.344400,-271.000000,12.427547,7.996507
71.830774,-82.344400,-271.000000,12.341975,8.068375
72.350774,-82.344400,-271.000000,12.332520,8.036713
72.870774,-82.344400,-271.000000,12.374038,7.972873
73.390774,-82.344400,-271.000000,12.262081,7.985036
73.910774,-82.344400,-271.000000,12.285741,7.930299
74.430774,-82.344400,-271.000000,12.454784,8.013126
74.950774,-82.344400,-271.000000,12.127307,7.971557
75.470774,-82.344400,-271.000000,12.536128,7.987120
75.990774,-82.344400,-271.000000,12.360833,7.998404
13.070774,-81.824400,-271.000000,12.429467,7.658419
13.590774,-81.824400,-271.000000,12.486662,7.877256
14.110774,-81.824400,-271.000000,12.302020,7.752865
14.630774,-81.824400,-271.000000,12.735168,7.760407
15.150774,-81.824400,-271.000000,12.199859,7.895493
15.670774,-81.824400,-271.000000,12.623425,7.881065
16.190774,-81.824400,-271.000000,12.382567,7.920342
16.710774,-81.824400,-271.000000,12.400506,7.875385
17.230774,-81.824400,-271.000000,12.212337,7.846395
17.750774,-81.824400,-271.000000,12.418960,7.938191
18.270774,-81.824400,-271.000000,12.417854,7.910445
18.790774,-81.824400,-271.000000,12.233266,7.900136
19.310774,-81.824400,-271.000000,12.373115,7.912502
19.830774,-81.824400,-271.000000,12.255022,7.961056
20.350774,-81.824400,-271.000000,12.485884,7.991733
20.870774,-81.824400,-271.000000,12.221392,7.922626
21.390774,-81.824400,-271.000000,12.195752,7.970794
21.910774,-81.824400,-271.000000,12.254163,7.912629
22.430774,-81.824400,-271.000000,12.356051,7.952033
22.950774,-81.824400,-271.000000,12.674828,7.967023
23.470774,-81.824400,-271.000000,12.148271,7.853777
23.990774,-81.824400,-271.000000,12.436957,8.088624
24.510774,-81.824400,-271.000000,12.486852,8.035247
25.030774,-81.824400,-271.000000,12.264261,8.009057
25.550774,-81.824400,-271.000000,12.351837,8.010117
26.070774,-81.824400,-271.000000,12.451846,8.041913
26.590774,-81.824400,-271.000000,12.390583,8.050040
27.110774,-81.824400,-271.000000,12.305183,8.093313
27.630774,-81.824400,-271.000000,12.450840,8.076834
28.150774,-81.824400,-271.000000,12.321243,8.119185
28.670774,-81.824400,-271.000000,12.338962,8.114482
29.190774,-81.824400,-271.000000,12.304992,8.009128
29.710774,-81.824400,-271.000000,12.258858,7.984729
30.230774,-81.824400,-271.000000,12.397769,8.087109
30.750774,-81.824400,-271.000000,12.261399,8.008422
31.270774,-81.824400,-271.000000,12.226873,8.046025
31.790774,-81.824400,-271.000000,12.332997,8.081873
32.310774,-81.824400,-271.000000,12.190593,8.028275
32.830774,-81.824400,-271.000000,12.321887,7.964849
33.350774,-81.824400,-271.000000,12.333117,8.075318
33.870774,-81.824400,-271.000000,12.390985,7.979002
34.390774,-81.824400,-271.000000,12.457454,8.087205
34.910774,-81.824400,-271.000000,12.633792,8.150598
35.430774,-81.824400,-271.000000,12.370009,8.212106
35.950774,-81.824400,-271.000000,12.282561,8.053784
36.470774,-81.824400,-271.000000,12.661361,8.091043
36.990774,-81.824400,-271.000000,12.224704,8.004562
37.510774,-81.824400,-271.000000,12.191912,8.075884
38.030774,-81.824400,-271.000000,12.338537,8.177919
38.550774,-81.824400,-271.000000,12.376637,8.081642
39.070774,-81.824400,-271.000000,12.447264,8.153028
39.590774,-81.824400,-271.000000,12.421976,8.105211
40.110774,-81.824400,-271.000000,12.554328,8.066463
40.630774,-81.824400,-271.000000,12.311398,8.055296
41.150774,-81.824400,-271.000000,12.556602,8.133756
41.670774,-81.824400,-271.000000,12.317461,8.058251
42.190774,-81.824400,-271.000000,12.390897,8.027427
42.710774,-81.824400,-271.000000,12.411399,8.093074
43.230774,-81.824400,-271.000000,12.628936,8.092058
43.750774,-81.824400,-271.000000,12.570224,8.147526
44.270774,-81.824400,-271.000000,12.464634,8.160587
44.790774,-81.824400,-271.000000,12.360082,8.096975
45.310774,-81.824400,-271.000000,12.329360,8.045681
45.830774,-81.824400,-271.000000,12.432055,8.094670
46.350774,-81.824400,-271.000000,12.323709,8.090032
46.870774,-81.824400,-271.000000,12.715785,8.249380
47.390774,-81.824400,-271.000000,12.242030,8.083652
47.910774,-81.824400,-271.000000,12.256862,8.082927
48.430774,-81.824400,-271.000000,12.502086,8.027615
48.950774,-81.824400,-271.000000,12.688945,8.174649
49.470774,-81.824400,-271.000000,12.167087,8.033072
49.990774,-81.824400,-271.000000,12.399358,8.084163
50.510774,-81.824400,-271.000000,12.352302,8.058864
51.030774,-81.824400,-271.000000,12.307062,8.083574
51.550774,-81.824400,-271.000000,12.160460,8.168121
52.070774,-81.824400,-271.000000,12.519135,8.091098
52.590774,-81.824400,-271.000000,12.137533,8.104428
53.110774,-81.824400,-271.000000,12.296203,8.135303
53.630774,-81.824400,-271.000000,12.227592,8.056907
54.150774,-81.824400,-271.000000,12.191073,8.007217
54.670774,-81.824400,-271.000000,12.331837,8.068112
55.190774,-81.824400,-271.000000,12.453994,8.071545
55.710774,-81.824400,-271.000000,12.339507,8.010410
56.230774,-81.824400,-271.000000,12.205573,8.050274
56.750774,-81.824400,-271.000000,12.139792,8.042369
57.270774,-81.824400,-271.000000,12.409955,8.128675
57.790774,-81.824400,-271.000000,12.210612,7.976977
58.310774,-81.824400,-271.000000,12.322944,8.026049
58.830774,-81.824400,-271.000000,12.429789,8.106099
59.350774,-81.824400,-271.000000,12.244796,8.092762
59.870774,-81.824400,-271.000000,12.126660,8.024961
60.390774,-81.824400,-271.000000,12.534411,8.123839
60.910774,-81.824400,-271.000000,12.537268,8.148546
61.430774,-81.824400,-271.000000,12.366534,8.139979
61.950774,-81.824400,-271.000000,12.243854,7.946780
62.470774,-81.824400,-271.000000,12.248977,8.052172
62.990774,-81.824400,-271.000000,12.554062,8.106378
63.510774,-81.824400,-271.000000,12.226439,8.069035
64.030774,-81.824400,-271.000000,12.431792,8.084798
64.550774,-81.824400,-271.000000,12.358489,8.086860
65.070774,-81.824400,-271.000000,12.370294,8.054440
65.590774,-81.824400,-271.000000,12.309810,7.874991
66.110774,-81.824400,-271.000000,12.466571,8.166842
66.630774,-81.824400,-271.000000,12.401137,8.006182
67.150774,-81.824400,-271.000000,12.275924,8.019089
67.670774,-81.824400,-271.000000,12.443262,8.036096
68.190774,-81.824400,-271.000000,12.351665,8.103256
68.710774,-81.824400,-271.000000,12.226007,8.044281
69.230774,-81.824400,-271.000000,12.317119,8.094727
69.750774,-81.824400,-271.000000,12.300340,8.081536
70.270774,-81.824400,-271.000000,12.120891,7.926962
70.790774,-81.824400,-271.000000,12.226481,8.033851
71.310774,-81.824400,-271.000000,12.518184,8.042485
71.830774,-81.824400,-271.000000,12.295383,8.045929
72.350774,-81.824400,-271.000000,12.374005,8.025820
72.870774,-81.824400,-271.000000,12.372278,7.997493
73.390774,-81.824400,-271.000000,12.208320,7.993501
73.910774,-81.824400,-271.000000,12.264316,7.935330
74.430774,-81.824400,-271.000000,12.451023,8.034439
74.950774,-81.824400,-271.000000,12.145333,7.992480
75.470774,-81.824400,-271.000000,12.553332,7.992215
75.990774,-81.824400,-271.000000,12.377495,7.997197
13.590774,-82.344400,-270.000000,12.396091,7.705740
14.110774,-82.344400,-270.000000,12.724587,7.780821
14.630774,-82.344400,-270.000000,12.397905,7.674181
15.150774,-82.344400,-270.000000,12.329146,7.828909
15.670774,-82.344400,-270.000000,12.468529,7.823061
16.190774,-82.344400,-270.000000,12.298499,7.906035
16.710774,-82.344400,-270.000000,12.260234,7.882467
17.230774,-82.344400,-270.000000,12.249022,7.903227
17.750774,-82.344400,-270.000000,12.382033,7.924136
18.270774,-82.344400,-270.000000,12.315763,7.935273
18.790774,-82.344400,-270.000000,12.607364,7.885941
19.310774,-82.344400,-270.000000,12.345527,7.917461
19.830774,-82.344400,-270.000000,12.443075,8.074984
20.350774,-82.344400,-270.000000,12.399369,7.962869
20.870774,-82.344400,-270.000000,12.360486,7.922030
21.390774,-82.344400,-270.000000,12.209628,7.943545
21.910774,-82.344400,-270.000000,12.301306,7.947960
22.430774,-82.344400,-270.000000,12.372551,7.936891
22.950774,-82.344400,-270.000000,12.428782,7.989049
23.470774,-82.344400,-270.000000,12.366504,7.972178
23.990774,-82.344400,-270.000000,12.516526,8.095819
24.510774,-82.344400,-270.000000,12.356627,8.004309
25.030774,-82.344400,-270.000000,12.458371,8.052925
25.550774,-82.344400,-270.000000,12.296827,7.994357
26.070774,-82.344400,-270.000000,12.834081,8.163134
26.590774,-82.344400,-270.000000,12.530911,8.040365
27.110774,-82.344400,-270.000000,12.246840,8.013393
27.630774,-82.344400,-270.000000,12.452099,8.041484
28.150774,-82.344400,-270.000000,12.374454,8.064558
28.670774,-82.344400,-270.000000,12.309658,8.004380
29.190774,-82.344400,-270.000000,12.595972,8.062289
29.710774,-82.344400,-270.000000,12.291858,8.011740
30.230774,-82.344400,-270.000000,12.301250,7.992556
30.750774,-82.344400,-270.000000,12.502887,8.007355
31.270774,-82.344400,-270.000000,12.501731,8.016716
31.790774,-82.344400,-270.000000,12.555069,8.156445
32.310774,-82.344400,-270.000000,12.501958,8.045078
32.830774,-82.344400,-270.000000,12.194638,7.963458
33.350774,-82.344400,-270.000000,12.208663,8.005719
33.870774,-82.344400,-270.000000,12.418958,8.081318
34.390774,-82.344400,-270.000000,12.518591,8.070997
34.910774,-82.344400,-270.000000,12.392249,8.032316
35.430774,-82.344400,-270.000000,12.429260,7.998585
35.950774,-82.344400,-270.000000,12.335969,8.048477
36.470774,-82.344400,-270.000000,12.202909,8.065717
36.990774,-82.344400,-270.000000,12.476682,8.162442
37.510774,-82.344400,-270.000000,12.389099,8.069902
38.030774,-82.344400,-270.000000,12.393229,8.123194
38.550774,-82.344400,-270.000000,12.202606,8.025209
39.070774,-82.344400,-270.000000,12.229501,8.003516
39.590774,-82.344400,-270.000000,12.370377,8.029068
40.110774,-82.344400,-270.000000,12.360635,8.057551
40.630774,-82.344400,-270.000000,12.284551,8.052045
41.150774,-82.344400,-270.000000,12.494322,8.113370
41.670774,-82.344400,-270.000000,12.319579,8.030276
42.190774,-82.344400,-270.000000,12.437264,8.128941
42.710774,-82.344400,-270.000000,12.268855,8.027517
43.230774,-82.344400,-270.000000,12.462482,8.101471
43.750774,-82.344400,-270.000000,12.192634,8.038730
44.270774,-82.344400,-270.000000,12.419377,8.168012
44.790774,-82.344400,-270.000000,12.452330,8.133027
45.310774,-82.344400,-270.000000,12.333808,8.056390
45.830774,-82.344400,-270.000000,12.446267,8.080550
46.350774,-82.344400,-270.000000,12.358234,8.079659
46.870774,-82.344400,-270.000000,12.340470,8.030483
47.390774,-82.344400,-270.000000,12.239768,8.059996
47.910774,-82.344400,-270.000000,12.344954,8.052984
48.430774,-82.344400,-270.000000,12.219640,8.053994
48.950774,-82.344400,-270.000000,12.280686,8.076281
49.470774,-82.344400,-270.000000,12.409678,8.090034
49.990774,-82.344400,-270.000000,12.380605,8.087742
50.510774,-82.344400,-270.000000,12.437652,8.114058
51.030774,-82.344400,-270.000000,12.298880,8.043136
51.550774,-82.344400,-270.000000,12.343244,8.147974
52.070774,-82.344400,-270.000000,12.409029,8.142839
52.590774,-82.344400,-270.000000,12.358279,8.044580
53.110774,-82.344400,-270.000000,12.389989,8.036758
53.630774,-82.344400,-270.000000,12.253010,8.071745
54.150774,-82.344400,-270.000000,12.292139,8.026068
54.670774,-82.344400,-270.000000,12.273961,8.044037
55.190774,-82.344400,-270.000000,12.606082,8.158280
55.710774,-82.344400,-270.000000,12.600020,8.158750
56.230774,-82.344400,-270.000000,12.413360,7.981750
56.750774,-82.344400,-270.000000,12.405795,8.033621
57.270774,-82.344400,-270.000000,12.431208,8.059835
57.790774,-82.344400,-270.000000,12.341390,8.074454
58.310774,-82.344400,-270.000000,12.412594,8.019594
58.830774,-82.344400,-270.000000,12.525889,8.137031
59.350774,-82.344400,-270.000000,12.240989,8.017119
59.870774,-82.344400,-270.000000,12.302060,8.047989
60.390774,-82.344400,-270.000000,11.961994,7.911558
60.910774,-82.344400,-270.000000,12.287666,7.989708
61.430774,-82.344400,-270.000000,12.284827,8.047862
61.950774,-82.344400,-270.000000,12.266596,8.067339
62.470774,-82.344400,-270.000000,12.422026,8.055803
62.990774,-82.344400,-270.000000,12.371345,8.084816
63.510774,-82.344400,-270.000000,12.415356,8.142788
64.030774,-82.344400,-270.000000,12.355258,8.043013
64.550774,-82.344400,-270.000000,12.285608,7.964044
65.070774,-82.344400,-270.000000,12.262444,8.076536
65.590774,-82.344400,-270.000000,12.333233,8.005239
66.110774,-82.344400,-270.000000,12.331508,8.011073
66.630774,-82.344400,-270.000000,12.484867,8.138671
67.150774,-82.344400,-270.000000,12.435293,8.027354
67.670774,-82.344400,-270.000000,12.190760,8.027119
68.190774,-82.344400,-270.000000,12.423810,8.015788
68.710774,-82.344400,-270.000000,12.309621,8.060275
69.230774,-82.344400,-270.000000,12.265076,8.045963
69.750774,-82.344400,-270.000000,12.475837,8.103208
70.270774,-82.344400,-270.000000,12.199067,7.993307
70.790774,-82.344400,-270.000000,12.216890,8.043771
71.310774,-82.344400,-270.000000,12.328424,8.093757
71.830774,-82.344400,-270.000000,12.294955,7.885504
72.350774,-82.344400,-270.000000,12.313381,7.983810
72.870774,-82.344400,-270.000000,12.215018,7.998555
73.390774,-82.344400,-270.000000,12.301696,8.015032
73.910774,-82.344400,-270.000000,12.338540,8.077795
74.430774,-82.344400,-270.000000,12.442225,7.998249
74.950774,-82.344400,-270.000000,12.166133,8.043469
75.470774,-82.344400,-270.000000,12.243300,7.937404
75.990774,-82.344400,-270.000000,12.362136,7.918083
13.070774,-81.824400,-270.000000,12.292136,7.636546
13.590774,-81.824400,-270.000000,12.408143,7.717979
14.110774,-81.824400,-270.000000,12.621428,7.752945
14.630774,-81.824400,-270.000000,12.418208,7.677364
15.150774,-81.824400,-270.000000,12.227601,7.812623
15.670774,-81.824400,-270.000000,12.453704,7.843777
16.190774,-81.824400,-270.000000,12.334486,7.896806
16.710774,-81.824400,-270.000000,12.276240,7.912297
17.230774,-81.824400,-270.000000,12.230789,7.888879
17.750774,-81.824400,-270.000000,12.302704,7.918900
18.270774,-81.824400,-270.000000,12.317976,7.908206
18.790774,-81.824400,-270.000000,12.531197,7.892494
19.310774,-81.824400,-270.000000,12.410662,7.962852
19.830774,-81.824400,-270.000000,12.418293,8.043970
20.350774,-81.824400,-270.000000,12.357112,7.981996
20.870774,-81.824400,-270.000000,12.400233,7.962730
21.390774,-81.824400,-270.000000,12.209284,7.967016
21.910774,-81.824400,-270.000000,12.249947,7.945833
22.430774,-81.824400,-270.000000,12.425052,7.969566
22.950774,-81.824400,-270.000000,12.409288,8.008208
23.470774,-81.824400,-270.000000,12.343804,7.979780
23.990774,-81.824400,-270.000000,12.459870,8.069120
24.510774,-81.824400,-270.000000,12.418756,8.018876
25.030774,-81.824400,-270.000000,12.384933,8.058844
25.550774,-81.824400,-270.000000,12.321047,7.998929
26.070774,-81.824400,-270.000000,12.763900,8.179470
26.590774,-81.824400,-270.000000,12.483861,8.025405
27.110774,-81.824400,-270.000000,12.372309,8.024627
27.630774,-81.824400,-270.000000,12.379609,8.081555
28.150774,-81.824400,-270.000000,12.409953,8.051337
28.670774,-81.824400,-270.000000,12.299355,8.024283
29.190774,-81.824400,-270.000000,12.567405,8.093876
29.710774,-81.824400,-270.000000,12.324139,7.994893
30.230774,-81.824400,-270.000000,12.368385,8.004054
30.750774,-81.824400,-270.000000,12.474619,8.031137
31.270774,-81.824400,-270.000000,12.486946,8.042343
31.790774,-81.824400,-270.000000,12.528634,8.187073
32.310774,-81.824400,-270.000000,12.477320,8.027249
32.830774,-81.824400,-270.000000,12.179090,7.951498
33.350774,-81.824400,-270.000000,12.201572,8.016401
33.870774,-81.824400,-270.000000,12.346057,8.094316
34.390774,-81.824400,-270.000000,12.517609,8.060075
34.910774,-81.824400,-270.000000,12.407790,8.038424
35.430774,-81.824400,-270.000000,12.389889,7.972468
35.950774,-81.824400,-270.000000,12.320446,8.078234
36.470774,-81.824400,-270.000000,12.222212,8.077434
36.990774,-81.824400,-270.000000,12.457633,8.146320
37.510774,-81.824400,-270.000000,12.318482,8.073892
38.030774,-81.824400,-270.000000,12.364506,8.118961
38.550774,-81.824400,-270.000000,12.177726,8.052118
39.070774,-81.824400,-270.000000,12.187847,8.011141
39.590774,-81.824400,-270.000000,12.380095,8.027097
40.110774,-81.824400,-270.000000,12.290609,8.049401
40.630774,-81.824400,-270.000000,12.302967,8.042074
41.150774,-81.824400,-270.000000,12.455523,8.121588
41.670774,-81.824400,-270.000000,12.406212,8.065064
42.190774,-81.824400,-270.000000,12.348327,8.143452
42.710774,-81.824400,-270.000000,12.253905,8.027144
43.230774,-81.824400,-270.000000,12.503749,8.123120
43.750774,-81.824400,-270.000000,12.181649,8.055661
44.270774,-81.824400,-270.000000,12.434317,8.131280
44.790774,-81.824400,-270.000000,12.385810,8.129069
45.310774,-81.824400,-270.000000,12.435455,8.105881
45.830774,-81.824400,-270.000000,12.404576,8.083445
46.350774,-81.824400,-270.000000,12.346616,8.089042
46.870774,-81.824400,-270.000000,12.335305,8.059361
47.390774,-81.824400,-270.000000,12.285445,8.057543
47.910774,-81.824400,-270.000000,12.308240,8.024367
48.430774,-81.824400,-270.000000,12.145688,8.076339
48.950774,-81.824400,-270.000000,12.295815,8.058558
49.470774,-81.824400,-270.000000,12.423119,8.095790
49.990774,-81.824400,-270.000000,12.327717,8.092202
50.510774,-81.824400,-270.000000,12.446820,8.099155
51.030774,-81.824400,-270.000000,12.315964,8.037240
51.550774,-81.824400,-270.000000,12.363008,8.173022
52.070774,-81.824400,-270.000000,12.395379,8.138010
52.590774,-81.824400,-270.000000,12.337810,8.062661
53.110774,-81.824400,-270.000000,12.340017,8.053820
53.630774,-81.824400,-270.000000,12.247255,8.051196
54.150774,-81.824400,-270.000000,12.224487,8.020245
54.670774,-81.824400,-270.000000,12.250583,8.043335
55.190774,-81.824400,-270.000000,12.631606,8.170728
55.710774,-81.824400,-270.000000,12.549209,8.152817
56.230774,-81.824400,-270.000000,12.436621,7.983468
56.750774,-81.824400,-270.000000,12.318696,8.015864
57.270774,-81.824400,-270.000000,12.408875,8.050898
57.790774,-81.824400,-270.000000,12.305490,8.137634
58.310774,-81.824400,-270.000000,12.441688,7.985240
58.830774,-81.824400,-270.000000,12.518392,8.134737
59.350774,-81.824400,-270.000000,12.252823,8.052818
59.870774,-81.824400,-270.000000,12.289917,8.054515
60.390774,-81.824400,-270.000000,11.947346,7.911208
60.910774,-81.824400,-270.000000,12.319405,8.017828
61.430774,-81.824400,-270.000000,12.296719,8.064531
61.950774,-81.824400,-270.000000,12.211452,8.044501
62.470774,-81.824400,-270.000000,12.437442,8.079327
62.990774,-81.824400,-270.000000,12.348563,8.081379
63.510774,-81.824400,-270.000000,12.403398,8.179542
64.030774,-81.824400,-270.000000,12.428316,8.072537
64.550774,-81.824400,-270.000000,12.188995,7.955961
65.070774,-81.824400,-270.000000,12.379558,8.114502
65.590774,-81.824400,-270.000000,12.337138,8.012245
66.110774,-81.824400,-270.000000,12.284465,7.994490
66.630774,-81.824400,-270.000000,12.438348,8.139797
67.150774,-81.824400,-270.000000,12.454439,8.009357
67.670774,-81.824400,-270.000000,12.196720,8.043566
68.190774,-81.824400,-270.000000,12.427894,8.027455
68.710774,-81.824400,-270.000000,12.348188,8.069715
69.230774,-81.824400,-270.000000,12.220129,8.024981
69.750774,-81.824400,-270.000000,12.439540,8.104630
70.270774,-81.824400,-270.000000,12.166083,8.014118
70.790774,-81.824400,-270.000000,12.124816,8.019838
71.310774,-81.824400,-270.000000,12.330600,8.099722
71.830774,-81.824400,-270.000000,12.267206,7.887009
72.350774,-81.824400,-270.000000,12.272863,7.987693
72.870774,-81.824400,-270.000000,12.246919,8.007113
73.390774,-81.824400,-270.000000,12.242772,8.009377
73.910774,-81.824400,-270.000000,12.359605,8.085341
74.430774,-81.824400,-270.000000,12.387273,7.992820
74.950774,-81.824400,-270.000000,12.187206,8.083315
75.470774,-81.824400,-270.000000,12.114641,7.929412
75.990774,-81.824400,-270.000000,12.414775,7.938930
13.590774,-82.344400,-269.000000,12.243037,7.672507
14.110774,-82.344400,-269.000000,12.479684,7.769199
14.630774,-82.344400,-269.000000,12.568614,7.836231
15.150774,-82.344400,-269.000000,12.155670,7.845503
15.670774,-82.344400,-269.000000,12.527739,7.936676
16.190774,-82.344400,-269.000000,12.452946,7.897407
16.710774,-82.344400,-269.000000,12.381442,7.888091
17.230774,-82.344400,-269.000000,12.523473,7.950411
17.750774,-82.344400,-269.000000,12.454440,7.862082
18.270774,-82.344400,-269.000000,12.430882,7.868972
18.790774,-82.344400,-269.000000,12.456073,8.003015
19.310774,-82.344400,-269.000000,12.310056,7.878942
19.830774,-82.344400,-269.000000,12.357539,7.923149
20.350774,-82.344400,-269.000000,12.323608,8.026885
20.870774,-82.344400,-269.000000,12.343204,7.989130
21.390774,-82.344400,-269.000000,12.315534,7.951544
21.910774,-82.344400,-269.000000,12.399526,7.972863
22.430774,-82.344400,-269.000000,12.510253,8.029270
22.950774,-82.344400,-269.000000,12.523670,8.012801
23.470774,-82.344400,-269.000000,12.683672,7.951209
23.990774,-82.344400,-269.000000,12.451291,7.951266
24.510774,-82.344400,-269.000000,12.267022,7.991558
25.030774,-82.344400,-269.000000,12.305533,8.047202
25.550774,-82.344400,-269.000000,12.398424,8.002742
26.070774,-82.344400,-269.000000,12.448892,8.031905
26.590774,-82.344400,-269.000000,12.446754,8.080472
27.110774,-82.344400,-269.000000,12.352095,8.089952
27.630774,-82.344400,-269.000000,12.376519,8.123243
28.150774,-82.344400,-269.000000,12.297156,7.956941
28.670774,-82.344400,-269.000000,12.321307,8.049322
29.190774,-82.344400,-269.000000,12.410428,8.089865
29.710774,-82.344400,-269.000000,12.352397,8.067294
30.230774,-82.344400,-269.000000,12.442698,8.050268
30.750774,-82.344400,-269.000000,12.385964,8.085754
31.270774,-82.344400,-269.000000,12.337417,7.950793
31.790774,-82.344400,-269.000000,12.285491,8.058910
32.310774,-82.344400,-269.000000,12.539394,8.077820
32.830774,-82.344400,-269.000000,12.507374,8.125092
33.350774,-82.344400,-269.000000,12.282676,8.030430
33.870774,-82.344400,-269.000000,12.130407,8.053024
34.390774,-82.344400,-269.000000,12.225388,8.042805
34.910774,-82.344400,-269.000000,12.325541,7.931059
35.430774,-82.344400,-269.000000,12.404352,8.041076
35.950774,-82.344400,-269.000000,12.223212,7.985019
36.470774,-82.344400,-269.000000,12.178267,8.005369
36.990774,-82.344400,-269.000000,12.393168,8.167529
37.510774,-82.344400,-269.000000,12.281264,7.990351
38.030774,-82.344400,-269.000000,12.370043,7.926735
38.550774,-82.344400,-269.000000,12.424928,8.122311
39.070774,-82.344400,-269.000000,12.500422,8.159517
39.590774,-82.344400,-269.000000,12.221892,8.035032
40.110774,-82.344400,-269.000000,12.383528,8.101172
40.630774,-82.344400,-269.000000,12.437168,8.123795
41.150774,-82.344400,-269.000000,12.338624,8.056601
41.670774,-82.344400,-269.000000,12.139958,8.128023
42.190774,-82.344400,-269.000000,12.480800,8.130997
42.710774,-82.344400,-269.000000,12.369593,7.999717
43.230774,-82.344400,-269.000000,12.262408,8.093350
43.750774,-82.344400,-269.000000,12.395360,8.062096
44.270774,-82.344400,-269.000000,12.458159,8.060386
44.790774,-82.344400,-269.000000,12.240143,8.068239
45.310774,-82.344400,-269.000000,12.440107,8.096831
45.830774,-82.344400,-269.000000,12.533657,8.075616
46.350774,-82.344400,-269.000000,12.302815,8.071277
46.870774,-82.344400,-269.000000,12.248996,8.052541
47.390774,-82.344400,-269.000000,12.447552,8.072501
47.910774,-82.344400,-269.000000,12.466821,8.058186
48.430774,-82.344400,-269.000000,12.250030,8.063579
48.950774,-82.344400,-269.000000,12.238232,8.111722
49.470774,-82.344400,-269.000000,12.341765,7.977798
49.990774,-82.344400,-269.000000,12.479044,8.110002
50.510774,-82.344400,-269.000000,12.234058,8.022439
51.030774,-82.344400,-269.000000,12.457530,8.125925
51.550774,-82.344400,-269.000000,12.439009,8.165594
52.070774,-82.344400,-269.000000,12.360380,8.031396
52.590774,-82.344400,-269.000000,12.497586,8.013419
53.110774,-82.344400,-269.000000,12.567172,8.107151
53.630774,-82.344400,-269.000000,12.443267,8.125644
54.150774,-82.344400,-269.000000,12.358882,7.986978
54.670774,-82.344400,-269.000000,12.516563,8.045878
55.190774,-82.344400,-269.000000,12.590051,8.158171
55.710774,-82.344400,-269.000000,12.298972,8.061388
56.230774,-82.344400,-269.000000,12.467761,8.111201
56.750774,-82.344400,-269.000000,12.254839,8.027916
57.270774,-82.344400,-269.000000,12.454160,8.026951
57.790774,-82.344400,-269.000000,12.310754,8.094689
58.310774,-82.344400,-269.000000,12.461348,8.115149
58.830774,-82.344400,-269.000000,12.438046,8.081508
59.350774,-82.344400,-269.000000,12.515843,8.101302
59.870774,-82.344400,-269.000000,12.368705,8.104350
60.390774,-82.344400,-269.000000,12.477343,8.144962
60.910774,-82.344400,-269.000000,12.428688,8.047664
61.430774,-82.344400,-269.000000,12.483620,8.082672
61.950774,-82.344400,-269.000000,12.316385,8.058114
62.470774,-82.344400,-269.000000,12.440814,8.165265
62.990774,-82.344400,-269.000000,12.499783,8.090045
63.510774,-82.344400,-269.000000,12.537688,8.111686
64.030774,-82.344400,-269.000000,12.214665,7.964835
64.550774,-82.344400,-269.000000,12.461764,8.026831
65.070774,-82.344400,-269.000000,12.658867,8.057599
65.590774,-82.344400,-269.000000,12.298930,8.034866
66.110774,-82.344400,-269.000000,12.404532,8.051441
66.630774,-82.344400,-269.000000,12.026294,8.020871
67.150774,-82.344400,-269.000000,12.385361,7.995569
67.670774,-82.344400,-269.000000,12.138442,8.075455
68.190774,-82.344400,-269.000000,12.325508,7.985792
68.710774,-82.344400,-269.000000,12.285697,8.127133
69.230774,-82.344400,-269.000000,12.524192,8.065776
69.750774,-82.344400,-269.000000,12.359365,8.081141
70.270774,-82.344400,-269.000000,12.348534,8.137076
70.790774,-82.344400,-269.000000,12.459310,8.046669
71.310774,-82.344400,-269.000000,12.589926,8.032636
71.830774,-82.344400,-269.000000,12.455054,8.008503
72.350774,-82.344400,-269.000000,12.081797,7.944262
72.870774,-82.344400,-269.000000,12.328452,7.948150
73.390774,-82.344400,-269.000000,12.523603,8.032955
73.910774,-82.344400,-269.000000,12.628733,8.026301
74.430774,-82.344400,-269.000000,12.397357,7.998052
74.950774,-82.344400,-269.000000,12.420503,8.034262
75.470774,-82.344400,-269.000000,12.410861,8.074831
75.990774,-82.344400,-269.000000,12.515059,8.057892
13.070774,-81.824400,-269.000000,12.337570,7.656355
13.590774,-81.824400,-269.000000,12.237642,7.689713
14.110774,-81.824400,-269.000000,12.460383,7.764821
14.630774,-81.824400,-269.000000,12.565877,7.844123
15.150774,-81.824400,-269.000000,12.208542,7.899636
15.670774,-81.824400,-269.000000,12.559595,7.951814
16.190774,-81.824400,-269.000000,12.387248,7.900329
16.710774,-81.824400,-269.000000,12.446648,7.925054
17.230774,-81.824400,-269.000000,12.438996,7.963562
17.750774,-81.824400,-269.000000,12.483045,7.852675
18.270774,-81.824400,-269.000000,12.350123,7.850338
18.790774,-81.824400,-269.000000,12.458797,8.016396
19.310774,-81.824400,-269.000000,12.305315,7.889021
19.830774,-81.824400,-269.000000,12.377159,7.941084
20.350774,-81.824400,-269.000000,12.373809,8.035605
20.870774,-81.824400,-269.000000,12.248195,8.008399
21.390774,-81.824400,-269.000000,12.319020,7.914072
21.910774,-81.824400,-269.000000,12.410706,7.983372
22.430774,-81.824400,-269.000000,12.449050,8.022326
22.950774,-81.824400,-269.000000,12.565382,8.033349
23.470774,-81.824400,-269.000000,12.642809,7.961959
23.990774,-81.824400,-269.000000,12.447326,7.944148
24.510774,-81.824400,-269.000000,12.250525,8.003562
25.030774,-81.824400,-269.000000,12.251403,8.063663
25.550774,-81.824400,-269.000000,12.399907,8.028419
26.070774,-81.824400,-269.000000,12.453810,8.046669
26.590774,-81.824400,-269.000000,12.413144,8.059834
27.110774,-81.824400,-269.000000,12.338132,8.082573
27.630774,-81.824400,-269.000000,12.345903,8.118074
28.150774,-81.824400,-269.000000,12.282992,7.988831
28.670774,-81.824400,-269.000000,12.374916,8.021529
29.190774,-81.824400,-269.000000,12.347831,8.060276
29.710774,-81.824400,-269.000000,12.349608,8.109119
30.230774,-81.824400,-269.000000,12.430418,8.034090
30.750774,-81.824400,-269.000000,12.347514,8.084800
31.270774,-81.824400,-269.000000,12.399800,7.968247
31.790774,-81.824400,-269.000000,12.318958,8.077756
32.310774,-81.824400,-269.000000,12.470430,8.092672
32.830774,-81.824400,-269.000000,12.588881,8.153573
33.350774,-81.824400,-269.000000,12.211936,8.020209
33.870774,-81.824400,-269.000000,12.162783,8.059489
34.390774,-81.824400,-269.000000,12.272561,8.059649
34.910774,-81.824400,-269.000000,12.258855,7.947931
35.430774,-81.824400,-269.000000,12.339414,8.037876
35.950774,-81.824400,-269.000000,12.199866,7.992016
36.470774,-81.824400,-269.000000,12.218859,8.036115
36.990774,-81.824400,-269.000000,12.345259,8.136581
37.510774,-81.824400,-269.000000,12.296031,8.013570
38.030774,-81.824400,-269.000000,12.326989,7.921355
38.550774,-81.824400,-269.000000,12.429694,8.139188
39.070774,-81.824400,-269.000000,12.406497,8.154738
39.590774,-81.824400,-269.000000,12.227443,8.045157
40.110774,-81.824400,-269.000000,12.499569,8.144512
40.630774,-81.824400,-269.000000,12.394570,8.121601
41.150774,-81.824400,-269.000000,12.389424,8.086672
41.670774,-81.824400,-269.000000,12.170002,8.157022
42.190774,-81.824400,-269.000000,12.489930,8.138168
42.710774,-81.824400,-269.000000,12.346143,8.014643
43.230774,-81.824400,-269.000000,12.158837,8.090255
43.750774,-81.824400,-269.000000,12.372957,8.080117
44.270774,-81.824400,-269.000000,12.447707,8.074346
44.790774,-81.824400,-269.000000,12.327572,8.140705
45.310774,-81.824400,-269.000000,12.365134,8.093977
45.830774,-81.824400,-269.000000,12.517638,8.075957
46.350774,-81.824400,-269.000000,12.314010,8.059958
46.870774,-81.824400,-269.000000,12.223570,8.059592
47.390774,-81.824400,-269.000000,12.344000,8.043569
47.910774,-81.824400,-269.000000,12.582068,8.064335
48.430774,-81.824400,-269.000000,12.202762,8.087165
48.950774,-81.824400,-269.000000,12.300963,8.106137
49.470774,-81.824400,-269.000000,12.274338,7.944184
49.990774,-81.824400,-269.000000,12.514422,8.132487
50.510774,-81.824400,-269.000000,12.152716,8.001315
51.030774,-81.824400,-269.000000,12.480555,8.157027
51.550774,-81.824400,-269.000000,12.380053,8.155429
52.070774,-81.824400,-269.000000,12.445315,8.058718
52.590774,-81.824400,-269.000000,12.475125,8.025022
53.110774,-81.824400,-269.000000,12.531384,8.102873
53.630774,-81.824400,-269.000000,12.451793,8.115999
54.150774,-81.824400,-269.000000,12.333901,7.990631
54.670774,-81.824400,-269.000000,12.574534,8.101916
55.190774,-81.824400,-269.000000,12.551922,8.132358
55.710774,-81.824400,-269.000000,12.270061,8.128341
56.230774,-81.824400,-269.000000,12.457916,8.098325
56.750774,-81.824400,-269.000000,12.329320,8.075500
57.270774,-81.824400,-269.000000,12.443684,8.051477
57.790774,-81.824400,-269.000000,12.399020,8.114129
58.310774,-81.824400,-269.000000,12.438358,8.123734
58.830774,-81.824400,-269.000000,12.393570,8.083088
59.350774,-81.824400,-269.000000,12.477715,8.103813
59.870774,-81.824400,-269.000000,12.325016,8.113738
60.390774,-81.824400,-269.000000,12.410385,8.127179
60.910774,-81.824400,-269.000000,12.486402,8.077404
61.430774,-81.824400,-269.000000,12.501687,8.085037
61.950774,-81.824400,-269.000000,12.308617,8.047282
62.470774,-81.824400,-269.000000,12.464336,8.141252
62.990774,-81.824400,-269.000000,12.348066,8.051630
63.510774,-81.824400,-269.000000,12.572154,8.114710
64.030774,-81.824400,-269.000000,12.210224,7.998250
64.550774,-81.824400,-269.000000,12.473872,8.021659
65.070774,-81.824400,-269.000000,12.621601,8.050870
65.590774,-81.824400,-269.000000,12.325660,8.062103
66.110774,-81.824400,-269.000000,12.344419,8.033224
66.630774,-81.824400,-269.000000,12.060969,8.035206
67.150774,-81.824400,-269.000000,12.356359,8.042365
67.670774,-81.824400,-269.000000,12.137421,8.057374
68.190774,-81.824400,-269.000000,12.313872,8.001660
68.710774,-81.824400,-269.000000,12.290144,8.137787
69.230774,-81.824400,-269.000000,12.480632,8.055605
69.750774,-81.824400,-269.000000,12.365097,8.067698
70.270774,-81.824400,-269.000000,12.325507,8.151447
70.790774,-81.824400,-269.000000,12.486507,8.047273
71.310774,-81.824400,-269.000000,12.522574,8.036784
71.830774,-81.824400,-269.000000,12.424823,8.008203
72.350774,-81.824400,-269.000000,12.111743,7.948256
72.870774,-81.824400,-269.000000,12.289355,7.973179
73.390774,-81.824400,-269.000000,12.614929,8.054512
73.910774,-81.824400,-269.000000,12.573654,8.041595
74.430774,-81.824400,-269.000000,12.349786,7.984888
74.950774,-81.824400,-269.000000,12.358401,8.058251
75.470774,-81.824400,-269.000000,12.388950,8.039143
75.990774,-81.824400,-269.000000,12.602239,8.095540
13.590774,-82.344400,-268.000000,12.437221,7.728547
14.110774,-82.344400,-268.000000,12.535953,7.788458
14.630774,-82.344400,-268.000000,12.547225,7.853857
15.150774,-82.344400,-268.000000,12.598083,7.936079
15.670774,-82.344400,-268.000000,12.173157,7.881328
16.190774,-82.344400,-268.000000,12.336776,7.870261
16.710774,-82.344400,-268.000000,12.496864,7.887969
17.230774,-82.344400,-268.000000,12.253839,7.960032
17.750774,-82.344400,-268.000000,12.493573,7.955192
18.270774,-82.344400,-268.000000,12.368677,7.958429
18.790774,-82.344400,-268.000000,12.509458,7.907289
19.310774,-82.344400,-268.000000,12.308237,7.952195
19.830774,-82.344400,-268.000000,12.207279,7.964469
20.350774,-82.344400,-268.000000,12.409083,7.925481
20.870774,-82.344400,-268.000000,12.322901,7.938353
21.390774,-82.344400,-268.000000,12.459438,8.149796
21.910774,-82.344400,-268.000000,12.512128,8.059023
22.430774,-82.344400,-268.000000,12.314423,7.916265
22.950774,-82.344400,-268.000000,12.341742,8.021171
23.470774,-82.344400,-268.000000,12.493352,7.987154
23.990774,-82.344400,-268.000000,12.450046,8.002369
24.510774,-82.344400,-268.000000,12.578854,7.970705
25.030774,-82.344400,-268.000000,12.321284,7.998473
25.550774,-82.344400,-268.000000,12.163477,7.968094
26.070774,-82.344400,-268.000000,12.433585,8.030387
26.590774,-82.344400,-268.000000,12.406877,7.974013
27.110774,-82.344400,-268.000000,12.266528,8.061649
27.630774,-82.344400,-268.000000,12.156708,7.983201
28.150774,-82.344400,-268.000000,12.554893,8.032809
28.670774,-82.344400,-268.000000,12.424356,8.072120
29.190774,-82.344400,-268.000000,12.422636,8.048617
29.710774,-82.344400,-268.000000,12.592339,8.080439
30.230774,-82.344400,-268.000000,12.373674,8.059628
30.750774,-82.344400,-268.000000,12.284099,8.056472
31.270774,-82.344400,-268.000000,12.298288,7.994664
31.790774,-82.344400,-268.000000,12.391826,7.956804
32.310774,-82.344400,-268.000000,12.397734,7.950679
32.830774,-82.344400,-268.000000,12.150707,8.008656
33.350774,-82.344400,-268.000000,12.228015,8.058038
33.870774,-82.344400,-268.000000,12.277446,8.081587
34.390774,-82.344400,-268.000000,12.424912,8.034653
34.910774,-82.344400,-268.000000,12.376287,8.017533
35.430774,-82.344400,-268.000000,12.358512,8.081451
35.950774,-82.344400,-268.000000,12.487062,8.027033
36.470774,-82.344400,-268.000000,12.297775,8.060943
36.990774,-82.344400,-268.000000,12.526214,8.071786
37.510774,-82.344400,-268.000000,12.318974,8.085324
38.030774,-82.344400,-268.000000,12.694248,8.109292
38.550774,-82.344400,-268.000000,12.525262,8.083501
39.070774,-82.344400,-268.000000,12.681616,8.128896
39.590774,-82.344400,-268.000000,12.581779,8.185689
40.110774,-82.344400,-268.000000,12.564602,8.133514
40.630774,-82.344400,-268.000000,12.110452,7.983127
41.150774,-82.344400,-268.000000,12.225689,8.006836
41.670774,-82.344400,-268.000000,12.278245,8.021573
42.190774,-82.344400,-268.000000,12.464050,8.086800
42.710774,-82.344400,-268.000000,12.172490,8.051148
43.230774,-82.344400,-268.000000,12.148101,8.022997
43.750774,-82.344400,-268.000000,12.371848,8.089511
44.270774,-82.344400,-268.000000,12.314626,7.973393
44.790774,-82.344400,-268.000000,12.610179,8.119803
45.310774,-82.344400,-268.000000,12.522141,8.104114
45.830774,-82.344400,-268.000000,12.501006,8.110053
46.350774,-82.344400,-268.000000,12.491366,8.192500
46.870774,-82.344400,-268.000000,12.427264,8.030362
47.390774,-82.344400,-268.000000,12.187439,8.055336
47.910774,-82.344400,-268.000000,12.223799,8.047370
48.430774,-82.344400,-268.000000,12.408587,8.099011
48.950774,-82.344400,-268.000000,12.383299,8.039404
49.470774,-82.344400,-268.000000,12.363686,8.116048
49.990774,-82.344400,-268.000000,12.396131,8.120451
50.510774,-82.344400,-268.000000,12.268718,8.079554
51.030774,-82.344400,-268.000000,12.542738,8.087465
51.550774,-82.344400,-268.000000,12.275615,7.975712
52.070774,-82.344400,-268.000000,12.457232,8.068816
52.590774,-82.344400,-268.000000,12.260223,8.068740
53.110774,-82.344400,-268.000000,12.364622,8.068760
53.630774,-82.344400,-268.000000,12.604690,8.127309
54.150774,-82.344400,-268.000000,12.297412,8.057245
54.670774,-82.344400,-268.000000,12.411922,8.149396
55.190774,-82.344400,-268.000000,12.738508,8.189723
55.710774,-82.344400,-268.000000,12.515464,8.017116
56.230774,-82.344400,-268.000000,12.218955,8.013710
56.750774,-82.344400,-268.000000,12.506126,8.112308
57.270774,-82.344400,-268.000000,12.420451,8.192855
57.790774,-82.344400,-268.000000,12.299258,8.052006
58.310774,-82.344400,-268.000000,12.386642,8.050315
58.830774,-82.344400,-268.000000,12.284490,8.032028
59.350774,-82.344400,-268.000000,12.263848,8.013018
59.870774,-82.344400,-268.000000,12.321918,8.017343
60.390774,-82.344400,-268.000000,12.306939,8.141221
60.910774,-82.344400,-268.000000,12.353520,8.059901
61.430774,-82.344400,-268.000000,12.426816,8.103873
61.950774,-82.344400,-268.000000,12.234218,7.968437
62.470774,-82.344400,-268.000000,12.568017,8.142138
62.990774,-82.344400,-268.000000,12.479526,8.154738
63.510774,-82.344400,-268.000000,12.292992,7.992007
64.030774,-82.344400,-268.000000,12.525589,8.063512
64.550774,-82.344400,-268.000000,12.281035,8.114599
65.070774,-82.344400,-268.000000,12.457627,8.082809
65.590774,-82.344400,-268.000000,12.345883,7.982724
66.110774,-82.344400,-268.000000,12.205708,8.050747
66.630774,-82.344400,-268.000000,12.389281,8.087003
67.150774,-82.344400,-268.000000,12.228641,7.996360
67.670774,-82.344400,-268.000000,12.346541,8.007960
68.190774,-82.344400,-268.000000,12.491728,8.179336
68.710774,-82.344400,-268.000000,12.291153,8.072646
69.230774,-82.344400,-268.000000,12.320974,8.107630
69.750774,-82.344400,-268.000000,12.390308,8.012089
70.270774,-82.344400,-268.000000,12.513270,8.009128
70.790774,-82.344400,-268.000000,12.330400,8.044291
71.310774,-82.344400,-268.000000,12.458343,8.052633
71.830774,-82.344400,-268.000000,12.219382,8.069039
72.350774,-82.344400,-268.000000,12.394228,8.032555
72.870774,-82.344400,-268.000000,12.200606,8.129375
73.390774,-82.344400,-268.000000,12.267398,7.986366
73.910774,-82.344400,-268.000000,12.412725,8.065828
74.430774,-82.344400,-268.000000,12.310423,7.987205
74.950774,-82.344400,-268.000000,12.222178,7.991049
75.470774,-82.344400,-268.000000,12.439186,8.035382
75.990774,-82.344400,-268.000000,12.353046,7.956352
13.070774,-81.824400,-268.000000,12.699504,7.705606
13.590774,-81.824400,-268.000000,12.332090,7.728255
14.110774,-81.824400,-268.000000,12.498706,7.767869
14.630774,-81.824400,-268.000000,12.556998,7.877418
15.150774,-81.824400,-268.000000,12.535857,7.902558
15.670774,-81.824400,-268.000000,12.226759,7.892166
16.190774,-81.824400,-268.000000,12.343368,7.869223
16.710774,-81.824400,-268.000000,12.450868,7.893710
17.230774,-81.824400,-268.000000,12.226349,7.959992
17.750774,-81.824400,-268.000000,12.498927,7.969417
18.270774,-81.824400,-268.000000,12.343765,7.949852
18.790774,-81.824400,-268.000000,12.547445,7.915400
19.310774,-81.824400,-268.000000,12.274071,7.955683
19.830774,-81.824400,-268.000000,12.172206,7.962440
20.350774,-81.824400,-268.000000,12.394808,7.916982
20.870774,-81.824400,-268.000000,12.352070,7.940145
21.390774,-81.824400,-268.000000,12.387634,8.093494
21.910774,-81.824400,-268.000000,12.487308,8.073073
22.430774,-81.824400,-268.000000,12.384613,7.959258
22.950774,-81.824400,-268.000000,12.343732,8.025957
23.470774,-81.824400,-268.000000,12.478145,7.989265
23.990774,-81.824400,-268.000000,12.473887,8.041558
24.510774,-81.824400,-268.000000,12.526176,7.995986
25.030774,-81.824400,-268.000000,12.436893,8.019602
25.550774,-81.824400,-268.000000,12.121247,7.960566
26.070774,-81.824400,-268.000000,12.416990,8.021442
26.590774,-81.824400,-268.000000,12.412396,7.968280
27.110774,-81.824400,-268.000000,12.275420,8.089245
27.630774,-81.824400,-268.000000,12.214564,7.975923
28.150774,-81.824400,-268.000000,12.412238,8.036716
28.670774,-81.824400,-268.000000,12.498806,8.097772
29.190774,-81.824400,-268.000000,12.467745,8.059940
29.710774,-81.824400,-268.000000,12.522589,8.053873
30.230774,-81.824400,-268.000000,12.421039,8.104854
30.750774,-81.824400,-268.000000,12.386851,8.074780
31.270774,-81.824400,-268.000000,12.257740,8.018450
31.790774,-81.824400,-268.000000,12.386570,7.943011
32.310774,-81.824400,-268.000000,12.419211,7.985435
32.830774,-81.824400,-268.000000,12.158134,8.055933
33.350774,-81.824400,-268.000000,12.276444,8.067000
33.870774,-81.824400,-268.000000,12.208923,8.104472
34.390774,-81.824400,-268.000000,12.458838,8.025940
34.910774,-81.824400,-268.000000,12.316450,8.008986
35.430774,-81.824400,-268.000000,12.263273,8.043346
35.950774,-81.824400,-268.000000,12.526607,8.058002
36.470774,-81.824400,-268.000000,12.316093,8.067365
36.990774,-81.824400,-268.000000,12.485476,8.071264
37.510774,-81.824400,-268.000000,12.368327,8.109556
38.030774,-81.824400,-268.000000,12.643117,8.108212
38.550774,-81.824400,-268.000000,12.477344,8.112605
39.070774,-81.824400,-268.000000,12.648978,8.156387
39.590774,-81.824400,-268.000000,12.565922,8.181347
40.110774,-81.824400,-268.000000,12.424813,8.132891
40.630774,-81.824400,-268.000000,12.135582,7.998212
41.150774,-81.824400,-268.000000,12.215089,8.012163
41.670774,-81.824400,-268.000000,12.240169,8.031157
42.190774,-81.824400,-268.000000,12.379172,8.105518
42.710774,-81.824400,-268.000000,12.137014,8.049318
43.230774,-81.824400,-268.000000,12.183802,8.035036
43.750774,-81.824400,-268.000000,12.362639,8.101960
44.270774,-81.824400,-268.000000,12.277846,7.979170
44.790774,-81.824400,-268.000000,12.586664,8.109305
45.310774,-81.824400,-268.000000,12.519278,8.078139
45.830774,-81.824400,-268.000000,12.470037,8.152877
46.350774,-81.824400,-268.000000,12.441857,8.173293
46.870774,-81.824400,-268.000000,12.385427,8.052605
47.390774,-81.824400,-268.000000,12.310199,8.083498
47.910774,-81.824400,-268.000000,12.153839,8.049401
48.430774,-81.824400,-268.000000,12.419044,8.108416
48.950774,-81.824400,-268.000000,12.332040,8.028472
49.470774,-81.824400,-268.000000,12.354339,8.128078
49.990774,-81.824400,-268.000000,12.413079,8.111963
50.510774,-81.824400,-268.000000,12.194168,8.091849
51.030774,-81.824400,-268.000000,12.601759,8.130258
51.550774,-81.824400,-268.000000,12.273170,7.973759
52.070774,-81.824400,-268.000000,12.403366,8.078053
52.590774,-81.824400,-268.000000,12.265053,8.094213
53.110774,-81.824400,-268.000000,12.410795,8.092231
53.630774,-81.824400,-268.000000,12.584694,8.118647
54.150774,-81.824400,-268.000000,12.264264,8.019340
54.670774,-81.824400,-268.000000,12.408668,8.126290
55.190774,-81.824400,-268.000000,12.676186,8.205908
55.710774,-81.824400,-268.000000,12.468397,8.005157
56.230774,-81.824400,-268.000000,12.274947,8.006003
56.750774,-81.824400,-268.000000,12.547129,8.153627
57.270774,-81.824400,-268.000000,12.384765,8.192901
57.790774,-81.824400,-268.000000,12.291229,8.062901
58.310774,-81.824400,-268.000000,12.368274,8.051682
58.830774,-81.824400,-268.000000,12.288498,8.059296
59.350774,-81.824400,-268.000000,12.331122,8.015491
59.870774,-81.824400,-268.000000,12.263254,8.046855
60.390774,-81.824400,-268.000000,12.306513,8.149631
60.910774,-81.824400,-268.000000,12.337131,8.055945
61.430774,-81.824400,-268.000000,12.434033,8.086489
61.950774,-81.824400,-268.000000,12.218960,7.994658
62.470774,-81.824400,-268.000000,12.540856,8.131134
62.990774,-81.824400,-268.000000,12.453231,8.158283
63.510774,-81.824400,-268.000000,12.260684,8.006160
64.030774,-81.824400,-268.000000,12.512691,8.089050
64.550774,-81.824400,-268.000000,12.296277,8.088634
65.070774,-81.824400,-268.000000,12.410028,8.053229
65.590774,-81.824400,-268.000000,12.396360,8.011734
66.110774,-81.824400,-268.000000,12.202789,8.051229
66.630774,-81.824400,-268.000000,12.384356,8.103687
67.150774,-81.824400,-268.000000,12.322297,8.008679
67.670774,-81.824400,-268.000000,12.314754,8.018705
68.190774,-81.824400,-268.000000,12.532274,8.207476
68.710774,-81.824400,-268.000000,12.301810,8.065069
69.230774,-81.824400,-268.000000,12.359983,8.133925
69.750774,-81.824400,-268.000000,12.344717,8.018028
70.270774,-81.824400,-268.000000,12.474959,8.028213
70.790774,-81.824400,-268.000000,12.358542,8.030853
71.310774,-81.824400,-268.000000,12.423107,8.060187
71.830774,-81.824400,-268.000000,12.199600,8.095010
72.350774,-81.824400,-268.000000,12.432549,8.059581
72.870774,-81.824400,-268.000000,12.172801,8.139947
73.390774,-81.824400,-268.000000,12.212322,7.990939
73.910774,-81.824400,-268.000000,12.345630,8.063505
74.430774,-81.824400,-268.000000,12.335118,7.992238
74.950774,-81.824400,-268.000000,12.252934,7.991967
75.470774,-81.824400,-268.000000,12.424914,8.047635
75.990774,-81.824400,-268.000000,12.310615,7.959046
75.990774,-81.304400,-268.000000,12.289090,7.956250
13.590774,-82.344400,-267.000000,12.148864,7.693664
14.110774,-82.344400,-267.000000,12.383708,7.806958
14.630774,-82.344400,-267.000000,12.108010,7.760913
15.150774,-82.344400,-267.000000,12.446582,7.880733
15.670774,-82.344400,-267.000000,12.310493,7.849130
16.190774,-82.344400,-267.000000,12.267219,7.947949
16.710774,-82.344400,-267.000000,12.402180,7.870820
17.230774,-82.344400,-267.000000,12.360583,7.931137
17.750774,-82.344400,-267.000000,12.476150,7.913590
18.270774,-82.344400,-267.000000,12.459736,7.956633
18.790774,-82.344400,-267.000000,12.653578,7.983627
19.310774,-82.344400,-267.000000,12.353761,7.909361
19.830774,-82.344400,-267.000000,12.376420,7.962550
20.350774,-82.344400,-267.000000,12.300540,7.991107
20.870774,-82.344400,-267.000000,12.357562,7.894412
21.390774,-82.344400,-267.000000,12.188201,7.958512
21.910774,-82.344400,-267.000000,12.410649,7.916243
22.430774,-82.344400,-267.000000,12.465544,8.093314
22.950774,-82.344400,-267.000000,12.427072,7.997348
23.470774,-82.344400,-267.000000,12.360823,8.031149
23.990774,-82.344400,-267.000000,12.343060,8.056431
24.510774,-82.344400,-267.000000,12.277987,7.961419
25.030774,-82.344400,-267.000000,12.185562,8.015098
25.550774,-82.344400,-267.000000,12.358645,8.033195
26.070774,-82.344400,-267.000000,12.383037,7.965236
26.590774,-82.344400,-267.000000,12.250068,7.949131
27.110774,-82.344400,-267.000000,12.498559,8.075499
27.630774,-82.344400,-267.000000,12.547507,7.986396
28.150774,-82.344400,-267.000000,12.250342,8.065795
28.670774,-82.344400,-267.000000,12.386921,7.987724
29.190774,-82.344400,-267.000000,12.437680,8.047756
29.710774,-82.344400,-267.000000,12.192023,7.964529
30.230774,-82.344400,-267.000000,12.564008,8.016497
30.750774,-82.344400,-267.000000,12.404226,8.037637
31.270774,-82.344400,-267.000000,12.488202,8.046044
31.790774,-82.344400,-267.000000,12.519322,8.111012
32.310774,-82.344400,-267.000000,12.433761,8.047869
32.830774,-82.344400,-267.000000,12.423497,8.034777
33.350774,-82.344400,-267.000000,12.397738,7.999106
33.870774,-82.344400,-267.000000,12.339814,7.980190
34.390774,-82.344400,-267.000000,12.658731,8.069114
34.910774,-82.344400,-267.000000,12.326888,8.069120
35.430774,-82.344400,-267.000000,12.297019,8.008455
35.950774,-82.344400,-267.000000,12.655902,8.180815
36.470774,-82.344400,-267.000000,12.371474,7.986589
36.990774,-82.344400,-267.000000,12.240132,8.045719
37.510774,-82.344400,-267.000000,12.343513,8.060930
38.030774,-82.344400,-267.000000,12.351778,8.084167
38.550774,-82.344400,-267.000000,12.525116,8.121737
39.070774,-82.344400,-267.000000,12.288777,8.032633
39.590774,-82.344400,-267.000000,12.221957,8.045535
40.110774,-82.344400,-267.000000,12.616455,8.080683
40.630774,-82.344400,-267.000000,12.340442,8.040682
41.150774,-82.344400,-267.000000,12.357921,8.157382
41.670774,-82.344400,-267.000000,12.493925,8.091769
42.190774,-82.344400,-267.000000,12.355128,8.049695
42.710774,-82.344400,-267.000000,12.279470,8.031836
43.230774,-82.344400,-267.000000,12.395873,8.009223
43.750774,-82.344400,-267.000000,12.454648,8.045653
44.270774,-82.344400,-267.000000,12.332074,8.115280
44.790774,-82.344400,-267.000000,12.273207,8.110949
45.310774,-82.344400,-267.000000,12.569128,8.173261
45.830774,-82.344400,-267.000000,12.685168,8.169851
46.350774,-82.344400,-267.000000,12.321665,8.142220
46.870774,-82.344400,-267.000000,12.228418,7.969106
47.390774,-82.344400,-267.000000,12.286519,8.029453
47.910774,-82.344400,-267.000000,12.411811,8.031366
48.430774,-82.344400,-267.000000,12.169982,8.065757
48.950774,-82.344400,-267.000000,12.350898,8.057198
49.470774,-82.344400,-267.000000,12.300317,8.091197
49.990774,-82.344400,-267.000000,12.633462,8.078660
50.510774,-82.344400,-267.000000,12.703795,8.138116
51.030774,-82.344400,-267.000000,12.562029,8.066442
51.550774,-82.344400,-267.000000,12.419475,8.016789
52.070774,-82.344400,-267.000000,12.491101,8.095216
52.590774,-82.344400,-267.000000,12.423798,8.095366
53.110774,-82.344400,-267.000000,12.568667,8.107473
53.630774,-82.344400,-267.000000,12.211514,8.045632
54.150774,-82.344400,-267.000000,12.398517,8.043913
54.670774,-82.344400,-267.000000,12.367920,8.086162
55.190774,-82.344400,-267.000000,12.411391,8.010489
55.710774,-82.344400,-267.000000,12.217598,8.124458
56.230774,-82.344400,-267.000000,12.441707,8.131225
56.750774,-82.344400,-267.000000,12.171890,8.017772
57.270774,-82.344400,-267.000000,12.181355,8.090134
57.790774,-82.344400,-267.000000,12.193159,7.988537
58.310774,-82.344400,-267.000000,12.443276,8.080786
58.830774,-82.344400,-267.000000,12.343772,8.078587
59.350774,-82.344400,-267.000000,12.689333,8.076358
59.870774,-82.344400,-267.000000,12.116245,8.030268
60.390774,-82.344400,-267.000000,12.480954,8.102254
60.910774,-82.344400,-267.000000,12.459178,7.965125
61.430774,-82.344400,-267.000000,12.368883,8.051392
61.950774,-82.344400,-267.000000,12.201877,8.054007
62.470774,-82.344400,-267.000000,12.340738,8.027856
62.990774,-82.344400,-267.000000,12.577151,8.084837
63.510774,-82.344400,-267.000000,12.461247,8.061987
64.030774,-82.344400,-267.000000,12.496535,8.123493
64.550774,-82.344400,-267.000000,12.123101,8.081129
65.070774,-82.344400,-267.000000,12.437868,8.137126
65.590774,-82.344400,-267.000000,12.682662,8.021012
66.110774,-82.344400,-267.000000,12.415614,8.097257
66.630774,-82.344400,-267.000000,12.198941,8.104461
67.150774,-82.344400,-267.000000,12.451225,8.090933
67.670774,-82.344400,-267.000000,12.276176,7.954726
68.190774,-82.344400,-267.000000,12.580567,8.107809
68.710774,-82.344400,-267.000000,12.574673,8.113729
69.230774,-82.344400,-267.000000,12.467243,8.109646
69.750774,-82.344400,-267.000000,12.521473,8.084062
70.270774,-82.344400,-267.000000,12.434863,8.103378
70.790774,-82.344400,-267.000000,12.469115,8.134982
71.310774,-82.344400,-267.000000,12.425600,8.095707
71.830774,-82.344400,-267.000000,12.307319,8.054605
72.350774,-82.344400,-267.000000,12.447390,8.001342
72.870774,-82.344400,-267.000000,12.427010,8.028303
73.390774,-82.344400,-267.000000,12.391360,8.087333
73.910774,-82.344400,-267.000000,12.366740,8.096933
74.430774,-82.344400,-267.000000,12.412588,8.081116
74.950774,-82.344400,-267.000000,12.370751,8.049331
75.470774,-82.344400,-267.000000,12.357447,7.990414
75.990774,-82.344400,-267.000000,12.475443,8.012183
13.070774,-81.824400,-267.000000,12.457202,7.705762
13.590774,-81.824400,-267.000000,12.174339,7.688249
14.110774,-81.824400,-267.000000,12.309392,7.807676
14.630774,-81.824400,-267.000000,12.060247,7.748437
15.150774,-81.824400,-267.000000,12.444390,7.885189
15.670774,-81.824400,-267.000000,12.300732,7.859414
16.190774,-81.824400,-267.000000,12.327539,7.958838
16.710774,-81.824400,-267.000000,12.427525,7.896734
17.230774,-81.824400,-267.000000,12.270834,7.915868
17.750774,-81.824400,-267.000000,12.426732,7.904014
18.270774,-81.824400,-267.000000,12.404555,7.970287
18.790774,-81.824400,-267.000000,12.599011,7.958830
19.310774,-81.824400,-267.000000,12.451696,7.972625
19.830774,-81.824400,-267.000000,12.400867,7.964480
20.350774,-81.824400,-267.000000,12.249442,7.978523
20.870774,-81.824400,-267.000000,12.318583,7.912624
21.390774,-81.824400,-267.000000,12.217447,8.009839
21.910774,-81.824400,-267.000000,12.308961,7.897422
22.430774,-81.824400,-267.000000,12.464894,8.090242
22.950774,-81.824400,-267.000000,12.456508,8.012826
23.470774,-81.824400,-267.000000,12.325877,8.031463
23.990774,-81.824400,-267.000000,12.377677,8.092782
24.510774,-81.824400,-267.000000,12.355052,7.949453
25.030774,-81.824400,-267.000000,12.149829,8.006226
25.550774,-81.824400,-267.000000,12.277758,8.042661
26.070774,-81.824400,-267.000000,12.350700,7.962169
26.590774,-81.824400,-267.000000,12.247484,7.999982
27.110774,-81.824400,-267.000000,12.529510,8.113682
27.630774,-81.824400,-267.000000,12.580260,7.995419
28.150774,-81.824400,-267.000000,12.284830,8.071081
28.670774,-81.824400,-267.000000,12.331525,7.978551
29.190774,-81.824400,-267.000000,12.368415,8.008266
29.710774,-81.824400,-267.000000,12.178258,7.977296
30.230774,-81.824400,-267.000000,12.551193,8.023383
30.750774,-81.824400,-267.000000,12.458999,8.037549
31.270774,-81.824400,-267.000000,12.372717,8.027761
31.790774,-81.824400,-267.000000,12.528210,8.137368
32.310774,-81.824400,-267.000000,12.357801,8.054561
32.830774,-81.824400,-267.000000,12.423984,8.017254
33.350774,-81.824400,-267.000000,12.353949,8.001724
33.870774,-81.824400,-267.000000,12.309097,8.033603
34.390774,-81.824400,-267.000000,12.704983,8.053630
34.910774,-81.824400,-267.000000,12.286410,8.095153
35.430774,-81.824400,-267.000000,12.294784,7.999602
35.950774,-81.824400,-267.000000,12.658779,8.191504
36.470774,-81.824400,-267.000000,12.342842,7.998854
36.990774,-81.824400,-267.000000,12.179169,8.028957
37.510774,-81.824400,-267.000000,12.325843,8.064455
38.030774,-81.824400,-267.000000,12.370732,8.114775
38.550774,-81.824400,-267.000000,12.480744,8.095400
39.070774,-81.824400,-267.000000,12.398347,8.051695
39.590774,-81.824400,-267.000000,12.198704,8.046923
40.110774,-81.824400,-267.000000,12.551482,8.079762
40.630774,-81.824400,-267.000000,12.301172,8.079914
41.150774,-81.824400,-267.000000,12.391232,8.144370
41.670774,-81.824400,-267.000000,12.423938,8.081187
42.190774,-81.824400,-267.000000,12.393016,8.072856
42.710774,-81.824400,-267.000000,12.302540,8.075982
43.230774,-81.824400,-267.000000,12.382209,7.998531
43.750774,-81.824400,-267.000000,12.409624,8.077807
44.270774,-81.824400,-267.000000,12.259563,8.077251
44.790774,-81.824400,-267.000000,12.247136,8.126129
45.310774,-81.824400,-267.000000,12.597021,8.177950
45.830774,-81.824400,-267.000000,12.629169,8.163393
46.350774,-81.824400,-267.000000,12.364058,8.141953
46.870774,-81.824400,-267.000000,12.183356,7.985475
47.390774,-81.824400,-267.000000,12.317057,8.068854
47.910774,-81.824400,-267.000000,12.317481,8.034561
48.430774,-81.824400,-267.000000,12.197800,8.079008
48.950774,-81.824400,-267.000000,12.342216,8.055471
49.470774,-81.824400,-267.000000,12.279064,8.110455
49.990774,-81.824400,-267.000000,12.579241,8.086246
50.510774,-81.824400,-267.000000,12.681396,8.152743
51.030774,-81.824400,-267.000000,12.459217,8.069120
51.550774,-81.824400,-267.000000,12.469793,7.993798
52.070774,-81.824400,-267.000000,12.482429,8.130013
52.590774,-81.824400,-267.000000,12.399815,8.091903
53.110774,-81.824400,-267.000000,12.471992,8.101296
53.630774,-81.824400,-267.000000,12.305110,8.079899
54.150774,-81.824400,-267.000000,12.310512,8.061606
54.670774,-81.824400,-267.000000,12.391349,8.117278
55.190774,-81.824400,-267.000000,12.406951,8.036930
55.710774,-81.824400,-267.000000,12.273093,8.129993
56.230774,-81.824400,-267.000000,12.381568,8.151259
56.750774,-81.824400,-267.000000,12.176185,8.018764
57.270774,-81.824400,-267.000000,12.226097,8.057275
57.790774,-81.824400,-267.000000,12.161961,8.017349
58.310774,-81.824400,-267.000000,12.419753,8.089725
58.830774,-81.824400,-267.000000,12.265826,8.073824
59.350774,-81.824400,-267.000000,12.627974,8.114347
59.870774,-81.824400,-267.000000,12.158986,8.019714
60.390774,-81.824400,-267.000000,12.430785,8.090424
60.910774,-81.824400,-267.000000,12.474932,8.029587
61.430774,-81.824400,-267.000000,12.305217,8.047963
61.950774,-81.824400,-267.000000,12.191230,8.056890
62.470774,-81.824400,-267.000000,12.334117,8.015778
62.990774,-81.824400,-267.000000,12.495286,8.092564
63.510774,-81.824400,-267.000000,12.571582,8.099785
64.030774,-81.824400,-267.000000,12.430238,8.073058
64.550774,-81.824400,-267.000000,12.131480,8.112432
65.070774,-81.824400,-267.000000,12.447936,8.142636
65.590774,-81.824400,-267.000000,12.633285,8.023818
66.110774,-81.824400,-267.000000,12.424094,8.143168
66.630774,-81.824400,-267.000000,12.209535,8.102193
67.150774,-81.824400,-267.000000,12.403389,8.107134
67.670774,-81.824400,-267.000000,12.330888,7.981845
68.190774,-81.824400,-267.000000,12.472735,8.097534
68.710774,-81.824400,-267.000000,12.569716,8.120980
69.230774,-81.824400,-267.000000,12.481086,8.092772
69.750774,-81.824400,-267.000000,12.504060,8.085176
70.270774,-81.824400,-267.000000,12.427474,8.097089
70.790774,-81.824400,-267.000000,12.427705,8.152715
71.310774,-81.824400,-267.000000,12.429049,8.108061
71.830774,-81.824400,-267.000000,12.251956,8.067542
72.350774,-81.824400,-267.000000,12.413061,7.983884
72.870774,-81.824400,-267.000000,12.419726,8.060369
73.390774,-81.824400,-267.000000,12.394189,8.109008
73.910774,-81.824400,-267.000000,12.332365,8.088793
74.430774,-81.824400,-267.000000,12.469751,8.116925
74.950774,-81.824400,-267.000000,12.337907,8.071585
75.470774,-81.824400,-267.000000,12.358962,8.004981
75.990774,-81.824400,-267.000000,12.411883,8.037615
75.990774,-81.304400,-267.000000,12.306567,8.017408
13.070774,-82.344400,-266.000000,12.663692,7.753610
13.590774,-82.344400,-266.000000,12.154620,7.669342
14.110774,-82.344400,-266.000000,12.291683,7.738803
14.630774,-82.344400,-266.000000,12.205711,7.764741
15.150774,-82.344400,-266.000000,12.524831,7.826777
15.670774,-82.344400,-266.000000,12.430760,7.800187
16.190774,-82.344400,-266.000000,12.291850,7.906325
16.710774,-82.344400,-266.000000,12.655743,8.009515
17.230774,-82.344400,-266.000000,12.572899,7.902165
17.750774,-82.344400,-266.000000,12.476615,7.931700
18.270774,-82.344400,-266.000000,12.244988,7.837556
18.790774,-82.344400,-266.000000,12.381332,7.932176
19.310774,-82.344400,-266.000000,12.360156,8.026806
19.830774,-82.344400,-266.000000,12.066616,7.844621
20.350774,-82.344400,-266.000000,12.601954,8.050834
20.870774,-82.344400,-266.000000,12.428058,7.954077
21.390774,-82.344400,-266.000000,12.377332,8.051993
21.910774,-82.344400,-266.000000,12.223519,7.949503
22.430774,-82.344400,-266.000000,12.292823,7.935962
22.950774,-82.344400,-266.000000,11.978232,7.981390
23.470774,-82.344400,-266.000000,12.253323,7.977079
23.990774,-82.344400,-266.000000,12.268129,8.001311
24.510774,-82.344400,-266.000000,12.444049,7.955208
25.030774,-82.344400,-266.000000,12.474559,8.009048
25.550774,-82.344400,-266.000000,12.441861,8.072759
26.070774,-82.344400,-266.000000,12.566333,8.054264
26.590774,-82.344400,-266.000000,12.289428,7.989738
27.110774,-82.344400,-266.000000,12.468472,7.994737
27.630774,-82.344400,-266.000000,12.314142,8.077338
28.150774,-82.344400,-266.000000,12.347179,8.107343
28.670774,-82.344400,-266.000000,12.430395,7.978928
29.190774,-82.344400,-266.000000,12.367594,8.003005
29.710774,-82.344400,-266.000000,12.537308,8.165304
30.230774,-82.344400,-266.000000,12.356608,7.899874
30.750774,-82.344400,-266.000000,12.447077,8.055622
31.270774,-82.344400,-266.000000,12.242723,7.967621
31.790774,-82.344400,-266.000000,12.326370,8.024385
32.310774,-82.344400,-266.000000,12.292676,8.047941
32.830774,-82.344400,-266.000000,12.283061,7.990038
33.350774,-82.344400,-266.000000,12.186599,7.976816
33.870774,-82.344400,-266.000000,12.477403,8.110188
34.390774,-82.344400,-266.000000,12.337832,8.129179
34.910774,-82.344400,-266.000000,12.514800,8.096688
35.430774,-82.344400,-266.000000,12.415462,8.027511
35.950774,-82.344400,-266.000000,12.457004,8.035686
36.470774,-82.344400,-266.000000,12.235769,8.090480
36.990774,-82.344400,-266.000000,12.140068,8.031627
37.510774,-82.344400,-266.000000,12.221526,8.031769
38.030774,-82.344400,-266.000000,12.315166,8.062975
38.550774,-82.344400,-266.000000,12.727691,8.190313
39.070774,-82.344400,-266.000000,12.441352,8.063772
39.590774,-82.344400,-266.000000,12.399634,8.089440
40.110774,-82.344400,-266.000000,12.434569,8.025565
40.630774,-82.344400,-266.000000,12.387117,8.067963
41.150774,-82.344400,-266.000000,12.219985,8.086022
41.670774,-82.344400,-266.000000,12.502340,8.086669
42.190774,-82.344400,-266.000000,12.183875,8.031611
42.710774,-82.344400,-266.000000,12.524520,8.151284
43.230774,-82.344400,-266.000000,12.322404,8.049185
43.750774,-82.344400,-266.000000,12.466653,8.126739
44.270774,-82.344400,-266.000000,12.483905,8.143284
44.790774,-82.344400,-266.000000,12.438673,8.155922
45.310774,-82.344400,-266.000000,12.608795,8.106750
45.830774,-82.344400,-266.000000,12.525438,8.106681
46.350774,-82.344400,-266.000000,12.301010,8.011344
46.870774,-82.344400,-266.000000,12.394004,8.140601
47.390774,-82.344400,-266.000000,12.244444,8.034306
47.910774,-82.344400,-266.000000,12.620664,8.083867
48.430774,-82.344400,-266.000000,12.292747,7.992114
48.950774,-82.344400,-266.000000,12.407167,8.068237
49.470774,-82.344400,-266.000000,12.407569,8.020907
49.990774,-82.344400,-266.000000,12.516105,8.088676
50.510774,-82.344400,-266.000000,12.486594,8.092265
51.030774,-82.344400,-266.000000,12.417684,8.063507
51.550774,-82.344400,-266.000000,12.551480,8.054678
52.070774,-82.344400,-266.000000,12.330080,8.018927
52.590774,-82.344400,-266.000000,12.271372,8.073547
53.110774,-82.344400,-266.000000,12.691311,8.093128
53.630774,-82.344400,-266.000000,12.343963,8.074102
54.150774,-82.344400,-266.000000,12.361112,8.124817
54.670774,-82.344400,-266.000000,12.530585,8.117505
55.190774,-82.344400,-266.000000,12.220019,8.072922
55.710774,-82.344400,-266.000000,12.221987,8.015387
56.230774,-82.344400,-266.000000,12.464347,8.063651
56.750774,-82.344400,-266.000000,12.392005,8.016547
57.270774,-82.344400,-266.000000,12.338889,8.010908
57.790774,-82.344400,-266.000000,12.555391,8.103823
58.310774,-82.344400,-266.000000,12.304778,8.066009
58.830774,-82.344400,-266.000000,12.351509,7.935229
59.350774,-82.344400,-266.000000,12.285144,8.074365
59.870774,-82.344400,-266.000000,12.314667,8.038612
60.390774,-82.344400,-266.000000,12.659223,8.039644
60.910774,-82.344400,-266.000000,12.555923,8.087981
61.430774,-82.344400,-266.000000,12.316442,8.102964
61.950774,-82.344400,-266.000000,12.493878,8.135459
62.470774,-82.344400,-266.000000,12.280604,7.981668
62.990774,-82.344400,-266.000000,12.197124,7.976114
63.510774,-82.344400,-266.000000,12.493399,8.071875
64.030774,-82.344400,-266.000000,12.528098,8.170139
64.550774,-82.344400,-266.000000,12.304572,8.029814
65.070774,-82.344400,-266.000000,12.344559,8.046718
65.590774,-82.344400,-266.000000,12.403675,8.119558
66.110774,-82.344400,-266.000000,12.506765,8.104768
66.630774,-82.344400,-266.000000,12.465517,8.187453
67.150774,-82.344400,-266.000000,12.519011,8.026269
67.670774,-82.344400,-266.000000,12.379605,8.018825
68.190774,-82.344400,-266.000000,12.479865,8.048470
68.710774,-82.344400,-266.000000,12.180404,8.014927
69.230774,-82.344400,-266.000000,12.613879,8.013370
69.750774,-82.344400,-266.000000,12.304558,7.997639
70.270774,-82.344400,-266.000000,12.415893,8.036560
70.790774,-82.344400,-266.000000,12.350123,7.987937
71.310774,-82.344400,-266.000000,12.265347,8.071321
71.830774,-82.344400,-266.000000,12.377810,8.043344
72.350774,-82.344400,-266.000000,12.191165,8.073441
72.870774,-82.344400,-266.000000,12.392097,8.093423
73.390774,-82.344400,-266.000000,12.430705,8.047097
73.910774,-82.344400,-266.000000,12.464401,8.076993
74.430774,-82.344400,-266.000000,12.369656,8.014755
74.950774,-82.344400,-266.000000,12.278710,7.922958
75.470774,-82.344400,-266.000000,12.434196,8.010531
75.990774,-82.344400,-266.000000,12.409723,8.131807
13.070774,-81.824400,-266.000000,12.708421,7.772834
13.590774,-81.824400,-266.000000,12.176251,7.668976
14.110774,-81.824400,-266.000000,12.302049,7.745728
14.630774,-81.824400,-266.000000,12.158697,7.782040
15.150774,-81.824400,-266.000000,12.499435,7.809929
15.670774,-81.824400,-266.000000,12.375097,7.825845
16.190774,-81.824400,-266.000000,12.233421,7.951281
16.710774,-81.824400,-266.000000,12.684819,7.988600
17.230774,-81.824400,-266.000000,12.550457,7.935864
17.750774,-81.824400,-266.000000,12.477948,7.898940
18.270774,-81.824400,-266.000000,12.314774,7.889851
18.790774,-81.824400,-266.000000,12.355308,7.919116
19.310774,-81.824400,-266.000000,12.263085,8.042539
19.830774,-81.824400,-266.000000,12.087274,7.843412
20.350774,-81.824400,-266.000000,12.597191,8.050292
20.870774,-81.824400,-266.000000,12.417568,8.015445
21.390774,-81.824400,-266.000000,12.336171,8.007346
21.910774,-81.824400,-266.000000,12.265923,7.952049
22.430774,-81.824400,-266.000000,12.253356,7.962739
22.950774,-81.824400,-266.000000,11.911837,7.950026
23.470774,-81.824400,-266.000000,12.296374,8.003835
23.990774,-81.824400,-266.000000,12.263010,8.019764
24.510774,-81.824400,-266.000000,12.416084,7.962437
25.030774,-81.824400,-266.000000,12.437293,7.988107
25.550774,-81.824400,-266.000000,12.511851,8.100260
26.070774,-81.824400,-266.000000,12.483378,8.078006
26.590774,-81.824400,-266.000000,12.309386,7.980504
27.110774,-81.824400,-266.000000,12.473463,8.002587
27.630774,-81.824400,-266.000000,12.266480,8.103921
28.150774,-81.824400,-266.000000,12.269903,8.070655
28.670774,-81.824400,-266.000000,12.442447,8.027003
29.190774,-81.824400,-266.000000,12.324351,7.981143
29.710774,-81.824400,-266.000000,12.497770,8.178796
30.230774,-81.824400,-266.000000,12.380288,7.933349
30.750774,-81.824400,-266.000000,12.336739,8.036084
31.270774,-81.824400,-266.000000,12.317071,8.000402
31.790774,-81.824400,-266.000000,12.276344,8.025416
32.310774,-81.824400,-266.000000,12.347942,8.062660
32.830774,-81.824400,-266.000000,12.237682,7.977648
33.350774,-81.824400,-266.000000,12.167175,7.965150
33.870774,-81.824400,-266.000000,12.331819,8.103507
34.390774,-81.824400,-266.000000,12.414783,8.151733
34.910774,-81.824400,-266.000000,12.465284,8.113414
35.430774,-81.824400,-266.000000,12.380095,8.063544
35.950774,-81.824400,-266.000000,12.427885,8.016024
36.470774,-81.824400,-266.000000,12.235251,8.112144
36.990774,-81.824400,-266.000000,12.067697,8.038314
37.510774,-81.824400,-266.000000,12.221220,8.020720
38.030774,-81.824400,-266.000000,12.338994,8.113135
38.550774,-81.824400,-266.000000,12.688485,8.181710
39.070774,-81.824400,-266.000000,12.414672,8.068900
39.590774,-81.824400,-266.000000,12.366004,8.106462
40.110774,-81.824400,-266.000000,12.456316,8.031179
40.630774,-81.824400,-266.000000,12.437185,8.086459
41.150774,-81.824400,-266.000000,12.188726,8.084025
41.670774,-81.824400,-266.000000,12.547834,8.121036
42.190774,-81.824400,-266.000000,12.176133,8.038472
42.710774,-81.824400,-266.000000,12.446490,8.141735
43.230774,-81.824400,-266.000000,12.384007,8.075234
43.750774,-81.824400,-266.000000,12.461524,8.120490
44.270774,-81.824400,-266.000000,12.518088,8.163086
44.790774,-81.824400,-266.000000,12.512804,8.166580
45.310774,-81.824400,-266.000000,12.497565,8.122205
45.830774,-81.824400,-266.000000,12.550918,8.113523
46.350774,-81.824400,-266.000000,12.242511,8.017307
46.870774,-81.824400,-266.000000,12.353459,8.117670
47.390774,-81.824400,-266.000000,12.219218,8.049789
47.910774,-81.824400,-266.000000,12.626571,8.085902
48.430774,-81.824400,-266.000000,12.239688,7.993779
48.950774,-81.824400,-266.000000,12.397590,8.073134
49.470774,-81.824400,-266.000000,12.407050,8.043938
49.990774,-81.824400,-266.000000,12.545176,8.062821
50.510774,-81.824400,-266.000000,12.397835,8.062250
51.030774,-81.824400,-266.000000,12.415595,8.048595
51.550774,-81.824400,-266.000000,12.499236,8.076025
52.070774,-81.824400,-266.000000,12.387852,8.032241
52.590774,-81.824400,-266.000000,12.263423,8.085924
53.110774,-81.824400,-266.000000,12.587157,8.068436
53.630774,-81.824400,-266.000000,12.341294,8.074536
54.150774,-81.824400,-266.000000,12.394483,8.147870
54.670774,-81.824400,-266.000000,12.546660,8.121887
55.190774,-81.824400,-266.000000,12.202338,8.081884
55.710774,-81.824400,-266.000000,12.205853,8.020148
56.230774,-81.824400,-266.000000,12.449825,8.058785
56.750774,-81.824400,-266.000000,12.389651,8.030468
57.270774,-81.824400,-266.000000,12.340075,8.035517
57.790774,-81.824400,-266.000000,12.483699,8.104801
58.310774,-81.824400,-266.000000,12.294566,8.083575
58.830774,-81.824400,-266.000000,12.352601,7.955687
59.350774,-81.824400,-266.000000,12.307291,8.069370
59.870774,-81.824400,-266.000000,12.333505,8.059743
60.390774,-81.824400,-266.000000,12.574180,8.027265
60.910774,-81.824400,-266.000000,12.536198,8.086037
61.430774,-81.824400,-266.000000,12.336456,8.124198
61.950774,-81.824400,-266.000000,12.479890,8.155849
62.470774,-81.824400,-266.000000,12.230927,7.988459
62.990774,-81.824400,-266.000000,12.281512,8.007154
63.510774,-81.824400,-266.000000,12.463525,8.063491
64.030774,-81.824400,-266.000000,12.534167,8.221734
64.550774,-81.824400,-266.000000,12.355712,8.016416
65.070774,-81.824400,-266.000000,12.304465,8.042099
65.590774,-81.824400,-266.000000,12.427188,8.142056
66.110774,-81.824400,-266.000000,12.412841,8.093893
66.630774,-81.824400,-266.000000,12.521204,8.195469
67.150774,-81.824400,-266.000000,12.508814,8.057602
67.670774,-81.824400,-266.000000,12.399942,8.019210
68.190774,-81.824400,-266.000000,12.478648,8.059889
68.710774,-81.824400,-266.000000,12.199740,8.022704
69.230774,-81.824400,-266.000000,12.523257,7.993289
69.750774,-81.824400,-266.000000,12.324936,8.008994
70.270774,-81.824400,-266.000000,12.489335,8.059193
70.790774,-81.824400,-266.000000,12.339175,8.003193
71.310774,-81.824400,-266.000000,12.253891,8.091807
71.830774,-81.824400,-266.000000,12.454402,8.032878
72.350774,-81.824400,-266.000000,12.180159,8.044918
72.870774,-81.824400,-266.000000,12.335013,8.068404
73.390774,-81.824400,-266.000000,12.420524,8.046093
73.910774,-81.824400,-266.000000,12.465770,8.099771
74.430774,-81.824400,-266.000000,12.386549,8.031363
74.950774,-81.824400,-266.000000,12.258468,7.897470
75.470774,-81.824400,-266.000000,12.351936,8.002744
75.990774,-81.824400,-266.000000,12.418468,8.145992
75.990774,-81.304400,-266.000000,12.421658,8.137387
13.070774,-82.344400,-265.000000,12.600237,7.690627
13.590774,-82.344400,-265.000000,12.395737,7.690112
14.110774,-82.344400,-265.000000,12.388188,7.822127
14.630774,-82.344400,-265.000000,12.447032,7.833012
15.150774,-82.344400,-265.000000,12.462836,7.866928
15.670774,-82.344400,-265.000000,12.285270,7.848169
16.190774,-82.344400,-265.000000,12.470534,7.977889
16.710774,-82.344400,-265.000000,12.324528,8.038734
17.230774,-82.344400,-265.000000,12.433131,7.930205
17.750774,-82.344400,-265.000000,12.277846,7.943536
18.270774,-82.344400,-265.000000,12.454227,7.828427
18.790774,-82.344400,-265.000000,12.358218,7.932450
19.310774,-82.344400,-265.000000,12.410704,7.926905
19.830774,-82.344400,-265.000000,12.386008,8.023438
20.350774,-82.344400,-265.000000,12.564475,8.010942
20.870774,-82.344400,-265.000000,12.628198,8.090204
21.390774,-82.344400,-265.000000,12.584536,8.034666
21.910774,-82.344400,-265.000000,12.415828,8.010679
22.430774,-82.344400,-265.000000,12.503386,8.075962
22.950774,-82.344400,-265.000000,12.200583,7.966915
23.470774,-82.344400,-265.000000,12.576072,8.035206
23.990774,-82.344400,-265.000000,12.320076,7.979055
24.510774,-82.344400,-265.000000,12.562289,8.018447
25.030774,-82.344400,-265.000000,12.499868,8.178658
25.550774,-82.344400,-265.000000,12.301585,8.042013
26.070774,-82.344400,-265.000000,12.413966,8.088859
26.590774,-82.344400,-265.000000,12.229110,7.985694
27.110774,-82.344400,-265.000000,12.410687,8.054763
27.630774,-82.344400,-265.000000,12.263387,7.983433
28.150774,-82.344400,-265.000000,12.452380,8.031840
28.670774,-82.344400,-265.000000,12.595516,8.125414
29.190774,-82.344400,-265.000000,12.309205,8.000822
29.710774,-82.344400,-265.000000,12.113456,7.981347
30.230774,-82.344400,-265.000000,12.283210,8.043079
30.750774,-82.344400,-265.000000,12.527350,8.095418
31.270774,-82.344400,-265.000000,12.415667,8.066977
31.790774,-82.344400,-265.000000,12.131092,7.980304
32.310774,-82.344400,-265.000000,12.132045,7.867390
32.830774,-82.344400,-265.000000,12.575370,8.086733
33.350774,-82.344400,-265.000000,12.205491,8.033400
33.870774,-82.344400,-265.000000,12.216170,8.001251
34.390774,-82.344400,-265.000000,12.410857,8.086503
34.910774,-82.344400,-265.000000,12.544486,8.050439
35.430774,-82.344400,-265.000000,12.321384,8.042175
35.950774,-82.344400,-265.000000,12.296801,8.065544
36.470774,-82.344400,-265.000000,12.298267,8.072465
36.990774,-82.344400,-265.000000,12.357591,8.150607
37.510774,-82.344400,-265.000000,12.368279,8.049798
38.030774,-82.344400,-265.000000,12.324761,8.216503
38.550774,-82.344400,-265.000000,12.423393,8.025237
39.070774,-82.344400,-265.000000,12.374609,8.139752
39.590774,-82.344400,-265.000000,12.292668,8.119917
40.110774,-82.344400,-265.000000,12.396697,8.216554
40.630774,-82.344400,-265.000000,12.476094,8.029195
41.150774,-82.344400,-265.000000,12.360713,8.087531
41.670774,-82.344400,-265.000000,12.238609,8.108390
42.190774,-82.344400,-265.000000,12.295707,8.042228
42.710774,-82.344400,-265.000000,12.493831,8.149150
43.230774,-82.344400,-265.000000,12.692447,8.133849
43.750774,-82.344400,-265.000000,12.261677,7.970896
44.270774,-82.344400,-265.000000,12.291373,8.039933
44.790774,-82.344400,-265.000000,12.231415,8.046268
45.310774,-82.344400,-265.000000,12.380886,8.070461
45.830774,-82.344400,-265.000000,12.741187,8.093291
46.350774,-82.344400,-265.000000,12.287069,8.076736
46.870774,-82.344400,-265.000000,12.394150,8.067840
47.390774,-82.344400,-265.000000,12.426052,8.052646
47.910774,-82.344400,-265.000000,12.362730,8.091465
48.430774,-82.344400,-265.000000,12.266593,7.978364
48.950774,-82.344400,-265.000000,12.317239,8.043610
49.470774,-82.344400,-265.000000,12.470954,8.065564
49.990774,-82.344400,-265.000000,12.196602,8.015161
50.510774,-82.344400,-265.000000,12.369746,8.042969
51.030774,-82.344400,-265.000000,12.389693,8.044934
51.550774,-82.344400,-265.000000,12.425061,8.119561
52.070774,-82.344400,-265.000000,12.318667,8.024318
52.590774,-82.344400,-265.000000,12.396418,8.099039
53.110774,-82.344400,-265.000000,12.551974,8.096210
53.630774,-82.344400,-265.000000,12.372273,8.131342
54.150774,-82.344400,-265.000000,12.408232,8.129135
54.670774,-82.344400,-265.000000,12.331310,8.087049
55.190774,-82.344400,-265.000000,12.599643,8.105682
55.710774,-82.344400,-265.000000,12.246057,8.053661
56.230774,-82.344400,-265.000000,12.490578,8.053713
56.750774,-82.344400,-265.000000,12.356219,8.043997
57.270774,-82.344400,-265.000000,12.380389,8.037412
57.790774,-82.344400,-265.000000,12.397282,8.037360
58.310774,-82.344400,-265.000000,12.310434,8.077566
58.830774,-82.344400,-265.000000,12.301289,8.016749
59.350774,-82.344400,-265.000000,12.538467,8.085831
59.870774,-82.344400,-265.000000,12.656083,8.193736
60.390774,-82.344400,-265.000000,12.380118,8.082091
60.910774,-82.344400,-265.000000,12.450438,8.116412
61.430774,-82.344400,-265.000000,12.189172,8.122651
61.950774,-82.344400,-265.000000,12.293258,7.953697
62.470774,-82.344400,-265.000000,12.371674,8.089561
62.990774,-82.344400,-265.000000,12.391899,8.002648
63.510774,-82.344400,-265.000000,12.372066,8.014518
64.030774,-82.344400,-265.000000,12.185398,8.072370
64.550774,-82.344400,-265.000000,12.400978,8.055617
65.070774,-82.344400,-265.000000,12.557695,8.059096
65.590774,-82.344400,-265.000000,12.546477,8.086843
66.110774,-82.344400,-265.000000,12.638026,8.149137
66.630774,-82.344400,-265.000000,12.395860,8.078676
67.150774,-82.344400,-265.000000,12.623305,8.130413
67.670774,-82.344400,-265.000000,12.445079,8.039869
68.190774,-82.344400,-265.000000,12.394113,8.097658
68.710774,-82.344400,-265.000000,12.478051,8.043754
69.230774,-82.344400,-265.000000,12.336813,8.156700
69.750774,-82.344400,-265.000000,12.356467,8.023606
70.270774,-82.344400,-265.000000,12.352080,8.049861
70.790774,-82.344400,-265.000000,12.367579,8.066556
71.310774,-82.344400,-265.000000,12.605774,8.071886
71.830774,-82.344400,-265.000000,12.169028,7.956150
72.350774,-82.344400,-265.000000,12.404613,8.030835
72.870774,-82.344400,-265.000000,12.376626,7.965559
73.390774,-82.344400,-265.000000,12.298941,8.033834
73.910774,-82.344400,-265.000000,12.473660,8.087854
74.430774,-82.344400,-265.000000,12.673814,8.137662
74.950774,-82.344400,-265.000000,12.421206,7.993054
75.470774,-82.344400,-265.000000,12.598744,8.072942
75.990774,-82.344400,-265.000000,12.296700,8.012603
13.070774,-81.824400,-265.000000,12.544933,7.693253
13.590774,-81.824400,-265.000000,12.427291,7.691576
14.110774,-81.824400,-265.000000,12.367700,7.835414
14.630774,-81.824400,-265.000000,12.521385,7.872727
15.150774,-81.824400,-265.000000,12.447013,7.853078
15.670774,-81.824400,-265.000000,12.257565,7.846305
16.190774,-81.824400,-265.000000,12.391151,7.950673
16.710774,-81.824400,-265.000000,12.358378,8.050786
17.230774,-81.824400,-265.000000,12.421794,7.953053
17.750774,-81.824400,-265.000000,12.324866,7.956947
18.270774,-81.824400,-265.000000,12.418311,7.843502
18.790774,-81.824400,-265.000000,12.388172,7.944164
19.310774,-81.824400,-265.000000,12.424887,7.957994
19.830774,-81.824400,-265.000000,12.378364,7.994050
20.350774,-81.824400,-265.000000,12.520836,7.997265
20.870774,-81.824400,-265.000000,12.625350,8.089848
21.390774,-81.824400,-265.000000,12.621425,8.092772
21.910774,-81.824400,-265.000000,12.405073,8.025527
22.430774,-81.824400,-265.000000,12.543021,8.072091
22.950774,-81.824400,-265.000000,12.266838,7.933313
23.470774,-81.824400,-265.000000,12.513990,8.034514
23.990774,-81.824400,-265.000000,12.447964,8.026931
24.510774,-81.824400,-265.000000,12.435404,8.003223
25.030774,-81.824400,-265.000000,12.499278,8.141073
25.550774,-81.824400,-265.000000,12.324511,8.065406
26.070774,-81.824400,-265.000000,12.403780,8.098104
26.590774,-81.824400,-265.000000,12.306930,8.011860
27.110774,-81.824400,-265.000000,12.290463,8.015661
27.630774,-81.824400,-265.000000,12.247242,7.982072
28.150774,-81.824400,-265.000000,12.500669,8.066091
28.670774,-81.824400,-265.000000,12.526351,8.083657
29.190774,-81.824400,-265.000000,12.282190,7.998455
29.710774,-81.824400,-265.000000,12.118454,7.980345
30.230774,-81.824400,-265.000000,12.278335,8.062311
30.750774,-81.824400,-265.000000,12.492586,8.083593
31.270774,-81.824400,-265.000000,12.448621,8.110689
31.790774,-81.824400,-265.000000,12.098258,7.984880
32.310774,-81.824400,-265.000000,12.187804,7.891348
32.830774,-81.824400,-265.000000,12.551959,8.109170
33.350774,-81.824400,-265.000000,12.244708,8.036270
33.870774,-81.824400,-265.000000,12.224405,8.023511
34.390774,-81.824400,-265.000000,12.346679,8.075494
34.910774,-81.824400,-265.000000,12.504704,8.047728
35.430774,-81.824400,-265.000000,12.366921,8.060594
35.950774,-81.824400,-265.000000,12.244154,8.042700
36.470774,-81.824400,-265.000000,12.344531,8.085166
36.990774,-81.824400,-265.000000,12.433900,8.164134
37.510774,-81.824400,-265.000000,12.284188,8.020267
38.030774,-81.824400,-265.000000,12.278965,8.231831
38.550774,-81.824400,-265.000000,12.352548,8.018196
39.070774,-81.824400,-265.000000,12.425364,8.166520
39.590774,-81.824400,-265.000000,12.219127,8.065606
40.110774,-81.824400,-265.000000,12.339396,8.219599
40.630774,-81.824400,-265.000000,12.489973,8.055046
41.150774,-81.824400,-265.000000,12.298922,8.062294
41.670774,-81.824400,-265.000000,12.297659,8.126007
42.190774,-81.824400,-265.000000,12.292660,8.055308
42.710774,-81.824400,-265.000000,12.512218,8.142257
43.230774,-81.824400,-265.000000,12.719942,8.179138
43.750774,-81.824400,-265.000000,12.248970,7.957924
44.270774,-81.824400,-265.000000,12.277725,8.054343
44.790774,-81.824400,-265.000000,12.217572,8.075524
45.310774,-81.824400,-265.000000,12.395658,8.072774
45.830774,-81.824400,-265.000000,12.737777,8.089951
46.350774,-81.824400,-265.000000,12.278375,8.069004
46.870774,-81.824400,-265.000000,12.408648,8.091558
47.390774,-81.824400,-265.000000,12.412520,8.043921
47.910774,-81.824400,-265.000000,12.375744,8.121691
48.430774,-81.824400,-265.000000,12.317029,7.988772
48.950774,-81.824400,-265.000000,12.242547,8.024968
49.470774,-81.824400,-265.000000,12.478148,8.088359
49.990774,-81.824400,-265.000000,12.189454,8.012948
50.510774,-81.824400,-265.000000,12.355691,8.036572
51.030774,-81.824400,-265.000000,12.337183,8.044395
51.550774,-81.824400,-265.000000,12.490205,8.143559
52.070774,-81.824400,-265.000000,12.292712,8.045372
52.590774,-81.824400,-265.000000,12.392861,8.118590
53.110774,-81.824400,-265.000000,12.548469,8.128043
53.630774,-81.824400,-265.000000,12.392406,8.156051
54.150774,-81.824400,-265.000000,12.354583,8.128770
54.670774,-81.824400,-265.000000,12.312995,8.115919
55.190774,-81.824400,-265.000000,12.496993,8.080987
55.710774,-81.824400,-265.000000,12.382144,8.100066
56.230774,-81.824400,-265.000000,12.400561,8.055379
56.750774,-81.824400,-265.000000,12.384219,8.060272
57.270774,-81.824400,-265.000000,12.393580,8.054373
57.790774,-81.824400,-265.000000,12.453697,8.078108
58.310774,-81.824400,-265.000000,12.200552,8.079208
58.830774,-81.824400,-265.000000,12.314944,8.017000
59.350774,-81.824400,-265.000000,12.568753,8.098028
59.870774,-81.824400,-265.000000,12.656283,8.176421
60.390774,-81.824400,-265.000000,12.281194,8.058693
60.910774,-81.824400,-265.000000,12.429854,8.163510
61.430774,-81.824400,-265.000000,12.198436,8.155067
61.950774,-81.824400,-265.000000,12.250722,7.932931
62.470774,-81.824400,-265.000000,12.382974,8.107305
62.990774,-81.824400,-265.000000,12.398136,8.019097
63.510774,-81.824400,-265.000000,12.329867,8.015461
64.030774,-81.824400,-265.000000,12.151792,8.051404
64.550774,-81.824400,-265.000000,12.320735,8.076079
65.070774,-81.824400,-265.000000,12.620330,8.084063
65.590774,-81.824400,-265.000000,12.415135,8.079021
66.110774,-81.824400,-265.000000,12.643950,8.142248
66.630774,-81.824400,-265.000000,12.363887,8.104757
67.150774,-81.824400,-265.000000,12.667193,8.126355
67.670774,-81.824400,-265.000000,12.425044,8.046069
68.190774,-81.824400,-265.000000,12.332882,8.094020
68.710774,-81.824400,-265.000000,12.480439,8.066928
69.230774,-81.824400,-265.000000,12.350444,8.157623
69.750774,-81.824400,-265.000000,12.406384,8.059032
70.270774,-81.824400,-265.000000,12.297191,8.065899
70.790774,-81.824400,-265.000000,12.381332,8.071850
71.310774,-81.824400,-265.000000,12.497355,8.056699
71.830774,-81.824400,-265.000000,12.221894,7.991866
72.350774,-81.824400,-265.000000,12.376801,8.041833
72.870774,-81.824400,-265.000000,12.421844,7.955378
73.390774,-81.824400,-265.000000,12.282660,8.057379
73.910774,-81.824400,-265.000000,12.411138,8.077449
74.430774,-81.824400,-265.000000,12.620449,8.128418
74.950774,-81.824400,-265.000000,12.466380,8.049516
75.470774,-81.824400,-265.000000,12.578385,8.072076
75.990774,-81.824400,-265.000000,12.297129,8.013200
13.070774,-82.344400,-264.000000,12.619149,7.655688
13.590774,-82.344400,-264.000000,12.470997,7.789155
14.110774,-82.344400,-264.000000,12.394046,7.777134
14.630774,-82.344400,-264.000000,12.512257,7.841534
15.150774,-82.344400,-264.000000,12.346080,7.780942
15.670774,-82.344400,-264.000000,12.485224,7.855580
16.190774,-82.344400,-264.000000,12.496144,7.884777
16.710774,-82.344400,-264.000000,12.273919,7.839873
17.230774,-82.344400,-264.000000,12.404253,7.895629
17.750774,-82.344400,-264.000000,12.321809,7.910938
18.270774,-82.344400,-264.000000,12.420345,7.929506
18.790774,-82.344400,-264.000000,12.441335,7.885373
19.310774,-82.344400,-264.000000,12.234181,7.968322
19.830774,-82.344400,-264.000000,12.444674,8.052238
20.350774,-82.344400,-264.000000,12.379750,7.993839
20.870774,-82.344400,-264.000000,12.056746,7.945538
21.390774,-82.344400,-264.000000,12.244655,7.856336
21.910774,-82.344400,-264.000000,12.326515,7.962047
22.430774,-82.344400,-264.000000,12.590537,8.125575
22.950774,-82.344400,-264.000000,12.243721,8.001726
23.470774,-82.344400,-264.000000,12.382389,8.042937
23.990774,-82.344400,-264.000000,12.292640,7.989219
24.510774,-82.344400,-264.000000,12.191734,8.062818
25.030774,-82.344400,-264.000000,12.364249,8.012124
25.550774,-82.344400,-264.000000,12.528336,8.101993
26.070774,-82.344400,-264.000000,12.823140,8.114985
26.590774,-82.344400,-264.000000,12.062208,8.036300
27.110774,-82.344400,-264.000000,12.156086,7.898637
27.630774,-82.344400,-264.000000,12.321113,8.067507
28.150774,-82.344400,-264.000000,12.212208,8.001445
28.670774,-82.344400,-264.000000,12.325768,7.989211
29.190774,-82.344400,-264.000000,12.403871,8.013671
29.710774,-82.344400,-264.000000,12.358221,8.067748
30.230774,-82.344400,-264.000000,12.435027,8.068759
30.750774,-82.344400,-264.000000,12.095921,8.037256
31.270774,-82.344400,-264.000000,12.231658,8.069268
31.790774,-82.344400,-264.000000,12.062858,8.104609
32.310774,-82.344400,-264.000000,12.400043,8.131726
32.830774,-82.344400,-264.000000,12.344245,8.044429
33.350774,-82.344400,-264.000000,12.445557,8.119245
33.870774,-82.344400,-264.000000,12.108144,7.972260
34.390774,-82.344400,-264.000000,12.203708,8.014624
34.910774,-82.344400,-264.000000,12.332091,8.069143
35.430774,-82.344400,-264.000000,12.399512,8.146568
35.950774,-82.344400,-264.000000,12.552130,8.119634
36.470774,-82.344400,-264.000000,12.529800,8.224753
36.990774,-82.344400,-264.000000,12.444663,8.133999
37.510774,-82.344400,-264.000000,12.437782,8.056062
38.030774,-82.344400,-264.000000,12.237853,8.054800
38.550774,-82.344400,-264.000000,12.331328,8.064459
39.070774,-82.344400,-264.000000,12.384541,8.060028
39.590774,-82.344400,-264.000000,12.436136,8.098387
40.110774,-82.344400,-264.000000,12.280589,8.078892
40.630774,-82.344400,-264.000000,12.498791,8.149828
41.150774,-82.344400,-264.000000,12.332812,8.109033
41.670774,-82.344400,-264.000000,12.284531,8.097777
42.190774,-82.344400,-264.000000,12.337787,8.042968
42.710774,-82.344400,-264.000000,12.517472,8.133246
43.230774,-82.344400,-264.000000,12.350712,8.054355
43.750774,-82.344400,-264.000000,12.113433,8.068642
44.270774,-82.344400,-264.000000,12.569201,8.157800
44.790774,-82.344400,-264.000000,12.322854,8.036953
45.310774,-82.344400,-264.000000,12.329995,8.078191
45.830774,-82.344400,-264.000000,12.462844,7.968395
46.350774,-82.344400,-264.000000,12.038711,7.943961
46.870774,-82.344400,-264.000000,12.376183,8.091558
47.390774,-82.344400,-264.000000,12.331042,8.028529
47.910774,-82.344400,-264.000000,12.326451,8.093342
48.430774,-82.344400,-264.000000,12.210498,8.014462
48.950774,-82.344400,-264.000000,12.401851,8.061725
49.470774,-82.344400,-264.000000,12.499483,8.154377
49.990774,-82.344400,-264.000000,12.254990,8.044193
50.510774,-82.344400,-264.000000,12.335707,8.005395
51.030774,-82.344400,-264.000000,12.424636,8.033792
51.550774,-82.344400,-264.000000,12.325972,8.113967
52.070774,-82.344400,-264.000000,12.204097,8.105276
52.590774,-82.344400,-264.000000,12.405894,8.058701
53.110774,-82.344400,-264.000000,12.602968,8.078948
53.630774,-82.344400,-264.000000,12.473351,8.055079
54.150774,-82.344400,-264.000000,12.365180,8.147193
54.670774,-82.344400,-264.000000,12.326568,8.086238
55.190774,-82.344400,-264.000000,12.237140,8.024955
55.710774,-82.344400,-264.000000,12.431908,7.938541
56.230774,-82.344400,-264.000000,12.280482,7.936569
56.750774,-82.344400,-264.000000,12.472374,8.081629
57.270774,-82.344400,-264.000000,12.192460,8.127749
57.790774,-82.344400,-264.000000,12.300326,8.112304
58.310774,-82.344400,-264.000000,12.400607,8.048278
58.830774,-82.344400,-264.000000,12.387938,8.044847
59.350774,-82.344400,-264.000000,12.431503,8.092627
59.870774,-82.344400,-264.000000,12.384843,8.155044
60.390774,-82.344400,-264.000000,12.412449,8.069687
60.910774,-82.344400,-264.000000,12.614148,8.159841
61.430774,-82.344400,-264.000000,12.384469,8.006596
61.950774,-82.344400,-264.000000,12.522452,8.097010
62.470774,-82.344400,-264.000000,12.442140,8.096753
62.990774,-82.344400,-264.000000,12.347702,8.085826
63.510774,-82.344400,-264.000000,12.451480,8.041735
64.030774,-82.344400,-264.000000,12.443140,8.042969
64.550774,-82.344400,-264.000000,12.513364,8.024133
65.070774,-82.344400,-264.000000,12.444270,8.105385
65.590774,-82.344400,-264.000000,12.394309,8.100705
66.110774,-82.344400,-264.000000,12.630542,8.038614
66.630774,-82.344400,-264.000000,12.248293,8.075615
67.150774,-82.344400,-264.000000,12.330425,8.046796
67.670774,-82.344400,-264.000000,12.452521,8.038869
68.190774,-82.344400,-264.000000,12.644547,8.063906
68.710774,-82.344400,-264.000000,12.334506,8.028603
69.230774,-82.344400,-264.000000,12.401785,8.040336
69.750774,-82.344400,-264.000000,12.331811,7.986578
70.270774,-82.344400,-264.000000,12.279554,8.034286
70.790774,-82.344400,-264.000000,12.604233,7.974921
71.310774,-82.344400,-264.000000,12.399055,8.093808
71.830774,-82.344400,-264.000000,12.651019,8.027766
72.350774,-82.344400,-264.000000,12.455100,8.076163
72.870774,-82.344400,-264.000000,12.445991,8.090689
73.390774,-82.344400,-264.000000,12.427196,7.959374
73.910774,-82.344400,-264.000000,12.176386,7.958326
74.430774,-82.344400,-264.000000,12.528834,8.057073
74.950774,-82.344400,-264.000000,12.224345,8.103999
75.470774,-82.344400,-264.000000,12.245780,8.043286
75.990774,-82.344400,-264.000000,12.469249,8.029731
13.070774,-81.824400,-264.000000,12.575679,7.664111
13.590774,-81.824400,-264.000000,12.477593,7.794557
14.110774,-81.824400,-264.000000,12.352718,7.784170
14.630774,-81.824400,-264.000000,12.584736,7.867569
15.150774,-81.824400,-264.000000,12.258993,7.788069
15.670774,-81.824400,-264.000000,12.511959,7.888963
16.190774,-81.824400,-264.000000,12.518748,7.895947
16.710774,-81.824400,-264.000000,12.195174,7.815284
17.230774,-81.824400,-264.000000,12.378311,7.932959
17.750774,-81.824400,-264.000000,12.296738,7.904578
18.270774,-81.824400,-264.000000,12.444605,7.973991
18.790774,-81.824400,-264.000000,12.374978,7.886051
19.310774,-81.824400,-264.000000,12.268698,7.971510
19.830774,-81.824400,-264.000000,12.404433,8.081818
20.350774,-81.824400,-264.000000,12.363018,7.993365
20.870774,-81.824400,-264.000000,11.924788,7.921949
21.390774,-81.824400,-264.000000,12.274310,7.860220
21.910774,-81.824400,-264.000000,12.353122,7.983038
22.430774,-81.824400,-264.000000,12.634629,8.142612
22.950774,-81.824400,-264.000000,12.113232,7.990963
23.470774,-81.824400,-264.000000,12.365489,8.055374
23.990774,-81.824400,-264.000000,12.214225,7.987523
24.510774,-81.824400,-264.000000,12.184155,8.031363
25.030774,-81.824400,-264.000000,12.384830,8.032763
25.550774,-81.824400,-264.000000,12.524978,8.116754
26.070774,-81.824400,-264.000000,12.812045,8.122457
26.590774,-81.824400,-264.000000,12.017631,8.052968
27.110774,-81.824400,-264.000000,12.225399,7.902129
27.630774,-81.824400,-264.000000,12.301748,8.090148
28.150774,-81.824400,-264.000000,12.218077,7.988661
28.670774,-81.824400,-264.000000,12.290585,7.965608
29.190774,-81.824400,-264.000000,12.367351,8.028676
29.710774,-81.824400,-264.000000,12.251849,8.048273
30.230774,-81.824400,-264.000000,12.507133,8.088129
30.750774,-81.824400,-264.000000,12.155593,8.102582
31.270774,-81.824400,-264.000000,12.180594,8.029108
31.790774,-81.824400,-264.000000,12.056153,8.104712
32.310774,-81.824400,-264.000000,12.260030,8.096386
32.830774,-81.824400,-264.000000,12.331658,8.042384
33.350774,-81.824400,-264.000000,12.436021,8.103528
33.870774,-81.824400,-264.000000,12.106335,8.012158
34.390774,-81.824400,-264.000000,12.160684,8.007553
34.910774,-81.824400,-264.000000,12.342587,8.063964
35.430774,-81.824400,-264.000000,12.325713,8.130270
35.950774,-81.824400,-264.000000,12.525463,8.116196
36.470774,-81.824400,-264.000000,12.437423,8.212568
36.990774,-81.824400,-264.000000,12.458403,8.156671
37.510774,-81.824400,-264.000000,12.404597,8.075280
38.030774,-81.824400,-264.000000,12.304152,8.052311
38.550774,-81.824400,-264.000000,12.279716,8.100631
39.070774,-81.824400,-264.000000,12.431880,8.077479
39.590774,-81.824400,-264.000000,12.412181,8.101867
40.110774,-81.824400,-264.000000,12.378418,8.097341
40.630774,-81.824400,-264.000000,12.426564,8.158227
41.150774,-81.824400,-264.000000,12.295196,8.118598
41.670774,-81.824400,-264.000000,12.264020,8.076516
42.190774,-81.824400,-264.000000,12.351661,8.048922
42.710774,-81.824400,-264.000000,12.454787,8.138418
43.230774,-81.824400,-264.000000,12.272035,8.022095
43.750774,-81.824400,-264.000000,12.099619,8.050790
44.270774,-81.824400,-264.000000,12.578446,8.172475
44.790774,-81.824400,-264.000000,12.281090,8.038739
45.310774,-81.824400,-264.000000,12.330099,8.068427
45.830774,-81.824400,-264.000000,12.433065,7.975000
46.350774,-81.824400,-264.000000,12.036144,7.980302
46.870774,-81.824400,-264.000000,12.343108,8.110564
47.390774,-81.824400,-264.000000,12.383307,8.050258
47.910774,-81.824400,-264.000000,12.347404,8.079701
48.430774,-81.824400,-264.000000,12.208266,8.013547
48.950774,-81.824400,-264.000000,12.393591,8.041371
49.470774,-81.824400,-264.000000,12.498610,8.207990
49.990774,-81.824400,-264.000000,12.225983,8.039814
50.510774,-81.824400,-264.000000,12.316826,8.004239
51.030774,-81.824400,-264.000000,12.451320,8.048130
51.550774,-81.824400,-264.000000,12.339388,8.137733
52.070774,-81.824400,-264.000000,12.155667,8.077586
52.590774,-81.824400,-264.000000,12.420374,8.069343
53.110774,-81.824400,-264.000000,12.510203,8.077989
53.630774,-81.824400,-264.000000,12.531142,8.080782
54.150774,-81.824400,-264.000000,12.388711,8.145429
54.670774,-81.824400,-264.000000,12.325094,8.084565
55.190774,-81.824400,-264.000000,12.210325,8.006794
55.710774,-81.824400,-264.000000,12.370923,7.936339
56.230774,-81.824400,-264.000000,12.278497,7.984416
56.750774,-81.824400,-264.000000,12.474519,8.072849
57.270774,-81.824400,-264.000000,12.160205,8.115369
57.790774,-81.824400,-264.000000,12.201990,8.129481
58.310774,-81.824400,-264.000000,12.498342,8.053101
58.830774,-81.824400,-264.000000,12.375281,8.038185
59.350774,-81.824400,-264.000000,12.396887,8.125901
59.870774,-81.824400,-264.000000,12.365005,8.130586
60.390774,-81.824400,-264.000000,12.374606,8.076941
60.910774,-81.824400,-264.000000,12.641824,8.166294
61.430774,-81.824400,-264.000000,12.330394,8.013216
61.950774,-81.824400,-264.000000,12.497982,8.113227
62.470774,-81.824400,-264.000000,12.538105,8.090460
62.990774,-81.824400,-264.000000,12.313266,8.082179
63.510774,-81.824400,-264.000000,12.436253,8.069233
64.030774,-81.824400,-264.000000,12.438586,8.062874
64.550774,-81.824400,-264.000000,12.440456,8.033892
65.070774,-81.824400,-264.000000,12.425736,8.078121
65.590774,-81.824400,-264.000000,12.461024,8.136880
66.110774,-81.824400,-264.000000,12.580859,8.019853
66.630774,-81.824400,-264.000000,12.273398,8.083354
67.150774,-81.824400,-264.000000,12.308427,8.035884
67.670774,-81.824400,-264.000000,12.436393,8.083602
68.190774,-81.824400,-264.000000,12.590063,8.057578
68.710774,-81.824400,-264.000000,12.290148,8.008705
69.230774,-81.824400,-264.000000,12.368446,8.048386
69.750774,-81.824400,-264.000000,12.233123,7.964503
70.270774,-81.824400,-264.000000,12.278875,8.047302
70.790774,-81.824400,-264.000000,12.540980,8.015419
71.310774,-81.824400,-264.000000,12.443002,8.079258
71.830774,-81.824400,-264.000000,12.600598,8.030064
72.350774,-81.824400,-264.000000,12.437736,8.094044
72.870774,-81.824400,-264.000000,12.476674,8.127155
73.390774,-81.824400,-264.000000,12.397514,7.981443
73.910774,-81.824400,-264.000000,12.214735,7.944404
74.430774,-81.824400,-264.000000,12.503943,8.080567
74.950774,-81.824400,-264.000000,12.270176,8.064568
75.470774,-81.824400,-264.000000,12.215592,8.041152
75.990774,-81.824400,-264.000000,12.401581,8.026760
75.990774,-81.304400,-264.000000,12.378912,8.028669
13.070774,-82.344400,-263.000000,12.457640,7.521419
13.590774,-82.344400,-263.000000,12.330794,7.739189
14.110774,-82.344400,-263.000000,12.457683,7.749072
14.630774,-82.344400,-263.000000,12.185691,7.748222
15.150774,-82.344400,-263.000000,12.352627,7.844002
15.670774,-82.344400,-263.000000,12.396138,7.841926
16.190774,-82.344400,-263.000000,12.537772,7.847598
16.710774,-82.344400,-263.000000,12.334353,7.905121
17.230774,-82.344400,-263.000000,12.386939,7.972190
17.750774,-82.344400,-263.000000,12.455711,7.904058
18.270774,-82.344400,-263.000000,12.452093,8.041915
18.790774,-82.344400,-263.000000,12.545815,8.033590
19.310774,-82.344400,-263.000000,12.546989,7.981835
19.830774,-82.344400,-263.000000,12.591823,7.991772
20.350774,-82.344400,-263.000000,12.385102,7.970057
20.870774,-82.344400,-263.000000,12.651960,8.115429
21.390774,-82.344400,-263.000000,12.371527,8.018754
21.910774,-82.344400,-263.000000,12.242155,7.913924
22.430774,-82.344400,-263.000000,12.505881,7.996797
22.950774,-82.344400,-263.000000,12.371997,7.951429
23.470774,-82.344400,-263.000000,12.296503,8.111537
23.990774,-82.344400,-263.000000,12.311132,8.006400
24.510774,-82.344400,-263.000000,12.190007,8.010289
25.030774,-82.344400,-263.000000,12.434539,8.032950
25.550774,-82.344400,-263.000000,12.279376,7.962007
26.070774,-82.344400,-263.000000,12.410807,8.001962
26.590774,-82.344400,-263.000000,12.155123,8.020695
27.110774,-82.344400,-263.000000,12.361211,8.032641
27.630774,-82.344400,-263.000000,12.551027,8.107380
28.150774,-82.344400,-263.000000,12.379622,8.151739
28.670774,-82.344400,-263.000000,12.346692,8.081820
29.190774,-82.344400,-263.000000,12.583030,8.145368
29.710774,-82.344400,-263.000000,12.577301,8.070898
30.230774,-82.344400,-263.000000,12.285663,7.972431
30.750774,-82.344400,-263.000000,12.301666,7.989084
31.270774,-82.344400,-263.000000,12.376078,8.043992
31.790774,-82.344400,-263.000000,12.469727,8.041080
32.310774,-82.344400,-263.000000,12.167259,8.014091
32.830774,-82.344400,-263.000000,12.564933,8.085270
33.350774,-82.344400,-263.000000,12.617142,8.092025
33.870774,-82.344400,-263.000000,12.564599,8.085237
34.390774,-82.344400,-263.000000,12.522555,8.079742
34.910774,-82.344400,-263.000000,12.169859,8.018098
35.430774,-82.344400,-263.000000,12.203523,7.994420
35.950774,-82.344400,-263.000000,12.250913,7.989770
36.470774,-82.344400,-263.000000,12.291965,8.132913
36.990774,-82.344400,-263.000000,12.576304,8.193842
37.510774,-82.344400,-263.000000,12.284736,8.034418
38.030774,-82.344400,-263.000000,12.244012,7.998780
38.550774,-82.344400,-263.000000,12.065508,8.017553
39.070774,-82.344400,-263.000000,12.258166,7.997817
39.590774,-82.344400,-263.000000,12.367953,8.125079
40.110774,-82.344400,-263.000000,12.285327,8.103186
40.630774,-82.344400,-263.000000,12.290107,8.101926
41.150774,-82.344400,-263.000000,12.616312,8.125341
41.670774,-82.344400,-263.000000,12.416512,8.011910
42.190774,-82.344400,-263.000000,12.399628,8.089771
42.710774,-82.344400,-263.000000,12.310081,8.047588
43.230774,-82.344400,-263.000000,12.532464,8.028197
43.750774,-82.344400,-263.000000,12.341651,8.048221
44.270774,-82.344400,-263.000000,12.212901,8.035775
44.790774,-82.344400,-263.000000,12.298755,8.088428
45.310774,-82.344400,-263.000000,12.143691,8.065505
45.830774,-82.344400,-263.000000,12.435477,8.140621
46.350774,-82.344400,-263.000000,12.158540,7.997200
46.870774,-82.344400,-263.000000,12.428050,8.168894
47.390774,-82.344400,-263.000000,12.199454,7.957862
47.910774,-82.344400,-263.000000,12.299979,8.086024
48.430774,-82.344400,-263.000000,12.424013,8.057201
48.950774,-82.344400,-263.000000,12.359558,8.065042
49.470774,-82.344400,-263.000000,12.276006,8.068668
49.990774,-82.344400,-263.000000,12.270558,8.063153
50.510774,-82.344400,-263.000000,12.293193,8.043973
51.030774,-82.344400,-263.000000,12.204394,8.048324
51.550774,-82.344400,-263.000000,12.577514,8.137594
52.070774,-82.344400,-263.000000,12.248330,8.015812
52.590774,-82.344400,-263.000000,12.477747,8.089686
53.110774,-82.344400,-263.000000,12.312464,8.091757
53.630774,-82.344400,-263.000000,12.397329,8.086987
54.150774,-82.344400,-263.000000,12.211516,8.076962
54.670774,-82.344400,-263.000000,12.500519,8.180343
55.190774,-82.344400,-263.000000,12.463880,8.130964
55.710774,-82.344400,-263.000000,12.449906,8.058438
56.230774,-82.344400,-263.000000,12.324162,8.085646
56.750774,-82.344400,-263.000000,12.293225,8.161969
57.270774,-82.344400,-263.000000,12.709682,8.229285
57.790774,-82.344400,-263.000000,12.288783,7.976494
58.310774,-82.344400,-263.000000,12.396373,8.146724
58.830774,-82.344400,-263.000000,12.608279,8.156342
59.350774,-82.344400,-263.000000,12.576835,7.973036
59.870774,-82.344400,-263.000000,12.430175,8.085608
60.390774,-82.344400,-263.000000,12.292179,8.044888
60.910774,-82.344400,-263.000000,12.256025,8.068032
61.430774,-82.344400,-263.000000,12.351545,8.138139
61.950774,-82.344400,-263.000000,12.556461,8.170603
62.470774,-82.344400,-263.000000,12.517051,8.006946
62.990774,-82.344400,-263.000000,12.373721,8.073167
63.510774,-82.344400,-263.000000,12.324311,8.010040
64.030774,-82.344400,-263.000000,12.505571,8.080093
64.550774,-82.344400,-263.000000,12.316312,8.094885
65.070774,-82.344400,-263.000000,12.434989,8.018632
65.590774,-82.344400,-263.000000,12.315088,8.123415
66.110774,-82.344400,-263.000000,12.340144,7.990069
66.630774,-82.344400,-263.000000,12.438617,8.116191
67.150774,-82.344400,-263.000000,12.376174,8.084008
67.670774,-82.344400,-263.000000,12.541646,8.083903
68.190774,-82.344400,-263.000000,12.407102,7.988811
68.710774,-82.344400,-263.000000,12.370078,8.066202
69.230774,-82.344400,-263.000000,12.440981,8.095437
69.750774,-82.344400,-263.000000,12.096537,7.965981
70.270774,-82.344400,-263.000000,12.267233,8.043815
70.790774,-82.344400,-263.000000,12.213575,7.988284
71.310774,-82.344400,-263.000000,12.267431,8.097293
71.830774,-82.344400,-263.000000,12.383060,8.123984
72.350774,-82.344400,-263.000000,12.418777,8.111884
72.870774,-82.344400,-263.000000,12.334151,8.134224
73.390774,-82.344400,-263.000000,12.480189,7.960505
73.910774,-82.344400,-263.000000,12.557667,8.044546
74.430774,-82.344400,-263.000000,12.314704,8.044383
74.950774,-82.344400,-263.000000,12.387866,8.027627
75.470774,-82.344400,-263.000000,12.347588,7.955142
75.990774,-82.344400,-263.000000,12.390229,7.967009
13.070774,-81.824400,-263.000000,12.453695,7.547097
13.590774,-81.824400,-263.000000,12.377635,7.765852
14.110774,-81.824400,-263.000000,12.395992,7.746319
14.630774,-81.824400,-263.000000,12.177958,7.749255
15.150774,-81.824400,-263.000000,12.391978,7.826056
15.670774,-81.824400,-263.000000,12.398208,7.856735
16.190774,-81.824400,-263.000000,12.455834,7.850968
16.710774,-81.824400,-263.000000,12.389380,7.933500
17.230774,-81.824400,-263.000000,12.437800,7.966513
17.750774,-81.824400,-263.000000,12.429356,7.921075
18.270774,-81.824400,-263.000000,12.425859,8.018863
18.790774,-81.824400,-263.000000,12.492434,8.037152
19.310774,-81.824400,-263.000000,12.629489,8.031911
19.830774,-81.824400,-263.000000,12.604449,8.007880
20.350774,-81.824400,-263.000000,12.378746,7.983188
20.870774,-81.824400,-263.000000,12.644752,8.109397
21.390774,-81.824400,-263.000000,12.401757,8.047104
21.910774,-81.824400,-263.000000,12.228927,7.925323
22.430774,-81.824400,-263.000000,12.475257,8.017822
22.950774,-81.824400,-263.000000,12.398666,7.953990
23.470774,-81.824400,-263.000000,12.250731,8.091562
23.990774,-81.824400,-263.000000,12.299070,8.018308
24.510774,-81.824400,-263.000000,12.159919,8.020564
25.030774,-81.824400,-263.000000,12.322433,8.002286
25.550774,-81.824400,-263.000000,12.235552,7.957937
26.070774,-81.824400,-263.000000,12.425249,8.030825
26.590774,-81.824400,-263.000000,12.140862,8.033773
27.110774,-81.824400,-263.000000,12.419008,8.071564
27.630774,-81.824400,-263.000000,12.545723,8.121978
28.150774,-81.824400,-263.000000,12.318086,8.126486
28.670774,-81.824400,-263.000000,12.373982,8.129215
29.190774,-81.824400,-263.000000,12.572089,8.143663
29.710774,-81.824400,-263.000000,12.554111,8.089530
30.230774,-81.824400,-263.000000,12.223174,7.997110
30.750774,-81.824400,-263.000000,12.159382,7.990320
31.270774,-81.824400,-263.000000,12.387866,8.060555
31.790774,-81.824400,-263.000000,12.444110,8.022571
32.310774,-81.824400,-263.000000,12.172220,8.033455
32.830774,-81.824400,-263.000000,12.519225,8.087356
33.350774,-81.824400,-263.000000,12.602919,8.086860
33.870774,-81.824400,-263.000000,12.544408,8.102162
34.390774,-81.824400,-263.000000,12.553710,8.087615
34.910774,-81.824400,-263.000000,12.191847,8.031939
35.430774,-81.824400,-263.000000,12.160522,8.007056
35.950774,-81.824400,-263.000000,12.291315,8.015053
36.470774,-81.824400,-263.000000,12.395266,8.163718
36.990774,-81.824400,-263.000000,12.556010,8.196091
37.510774,-81.824400,-263.000000,12.299802,8.052807
38.030774,-81.824400,-263.000000,12.178797,7.972623
38.550774,-81.824400,-263.000000,12.064714,8.020022
39.070774,-81.824400,-263.000000,12.207374,7.970056
39.590774,-81.824400,-263.000000,12.304707,8.114484
40.110774,-81.824400,-263.000000,12.275412,8.128886
40.630774,-81.824400,-263.000000,12.293501,8.104260
41.150774,-81.824400,-263.000000,12.547258,8.142161
41.670774,-81.824400,-263.000000,12.417539,8.010361
42.190774,-81.824400,-263.000000,12.438879,8.111608
42.710774,-81.824400,-263.000000,12.265677,8.033520
43.230774,-81.824400,-263.000000,12.578415,8.032400
43.750774,-81.824400,-263.000000,12.336860,8.094639
44.270774,-81.824400,-263.000000,12.172210,8.038749
44.790774,-81.824400,-263.000000,12.187928,8.092607
45.310774,-81.824400,-263.000000,12.249254,8.112966
45.830774,-81.824400,-263.000000,12.435719,8.138947
46.350774,-81.824400,-263.000000,12.161078,8.006866
46.870774,-81.824400,-263.000000,12.442688,8.182210
47.390774,-81.824400,-263.000000,12.164172,7.961505
47.910774,-81.824400,-263.000000,12.312392,8.108157
48.430774,-81.824400,-263.000000,12.402336,8.080070
48.950774,-81.824400,-263.000000,12.346015,8.062970
49.470774,-81.824400,-263.000000,12.247165,8.023628
49.990774,-81.824400,-263.000000,12.145980,8.099454
50.510774,-81.824400,-263.000000,12.270283,8.044809
51.030774,-81.824400,-263.000000,12.252946,8.086509
51.550774,-81.824400,-263.000000,12.536886,8.121254
52.070774,-81.824400,-263.000000,12.244746,8.033283
52.590774,-81.824400,-263.000000,12.412136,8.092819
53.110774,-81.824400,-263.000000,12.254901,8.088779
53.630774,-81.824400,-263.000000,12.344836,8.082011
54.150774,-81.824400,-263.000000,12.229748,8.101614
54.670774,-81.824400,-263.000000,12.456779,8.187016
55.190774,-81.824400,-263.000000,12.507818,8.124854
55.710774,-81.824400,-263.000000,12.476018,8.066428
56.230774,-81.824400,-263.000000,12.273285,8.065540
56.750774,-81.824400,-263.000000,12.361230,8.168751
57.270774,-81.824400,-263.000000,12.629823,8.224606
57.790774,-81.824400,-263.000000,12.357067,8.014482
58.310774,-81.824400,-263.000000,12.352874,8.142623
58.830774,-81.824400,-263.000000,12.573524,8.172391
59.350774,-81.824400,-263.000000,12.467770,7.974376
59.870774,-81.824400,-263.000000,12.454008,8.068642
60.390774,-81.824400,-263.000000,12.240508,8.050756
60.910774,-81.824400,-263.000000,12.327487,8.094458
61.430774,-81.824400,-263.000000,12.288882,8.138737
61.950774,-81.824400,-263.000000,12.574602,8.158222
62.470774,-81.824400,-263.000000,12.434578,7.996301
62.990774,-81.824400,-263.000000,12.422690,8.081682
63.510774,-81.824400,-263.000000,12.347636,8.068718
64.030774,-81.824400,-263.000000,12.459907,8.066454
64.550774,-81.824400,-263.000000,12.300509,8.124808
65.070774,-81.824400,-263.000000,12.373309,8.039503
65.590774,-81.824400,-263.000000,12.346766,8.112504
66.110774,-81.824400,-263.000000,12.280623,8.009024
66.630774,-81.824400,-263.000000,12.403010,8.138988
67.150774,-81.824400,-263.000000,12.398364,8.075515
67.670774,-81.824400,-263.000000,12.515316,8.102376
68.190774,-81.824400,-263.000000,12.422778,8.003429
68.710774,-81.824400,-263.000000,12.409858,8.074492
69.230774,-81.824400,-263.000000,12.473743,8.146693
69.750774,-81.824400,-263.000000,12.095035,7.958953
70.270774,-81.824400,-263.000000,12.258208,8.039068
70.790774,-81.824400,-263.000000,12.249041,7.997663
71.310774,-81.824400,-263.000000,12.246951,8.099976
71.830774,-81.824400,-263.000000,12.382116,8.121333
72.350774,-81.824400,-263.000000,12.306548,8.113297
72.870774,-81.824400,-263.000000,12.290184,8.107788
73.390774,-81.824400,-263.000000,12.466464,7.977561
73.910774,-81.824400,-263.000000,12.519774,8.051529
74.430774,-81.824400,-263.000000,12.340659,8.070569
74.950774,-81.824400,-263.000000,12.342724,8.020771
75.470774,-81.824400,-263.000000,12.347107,7.989001
75.990774,-81.824400,-263.000000,12.369137,7.956672
75.990774,-81.304400,-263.000000,12.301378,7.945624
13.070774,-82.344400,-262.000000,12.287845,7.616887
13.590774,-82.344400,-262.000000,12.495997,7.758819
14.110774,-82.344400,-262.000000,12.383358,7.902074
14.630774,-82.344400,-262.000000,12.395587,7.905143
15.150774,-82.344400,-262.000000,12.452556,7.848575
15.670774,-82.344400,-262.000000,12.252274,7.819717
16.190774,-82.344400,-262.000000,12.193328,7.851661
16.710774,-82.344400,-262.000000,12.461516,7.905183
17.230774,-82.344400,-262.000000,12.452947,7.914286
17.750774,-82.344400,-262.000000,12.298018,7.919240
18.270774,-82.344400,-262.000000,12.415683,8.065793
18.790774,-82.344400,-262.000000,12.553008,8.081972
19.310774,-82.344400,-262.000000,12.486157,7.987037
19.830774,-82.344400,-262.000000,12.281818,7.888567
20.350774,-82.344400,-262.000000,12.703986,8.006774
20.870774,-82.344400,-262.000000,12.230142,7.973836
21.390774,-82.344400,-262.000000,12.361079,8.036569
21.910774,-82.344400,-262.000000,12.432334,7.953598
22.430774,-82.344400,-262.000000,12.591558,7.983785
22.950774,-82.344400,-262.000000,12.356214,7.997182
23.470774,-82.344400,-262.000000,12.571422,8.089957
23.990774,-82.344400,-262.000000,12.554919,7.959223
24.510774,-82.344400,-262.000000,12.424876,8.039052
25.030774,-82.344400,-262.000000,12.332255,7.987271
25.550774,-82.344400,-262.000000,12.349521,8.028541
26.070774,-82.344400,-262.000000,12.355249,8.019825
26.590774,-82.344400,-262.000000,12.299568,7.983539
27.110774,-82.344400,-262.000000,12.516091,8.036362
27.630774,-82.344400,-262.000000,12.352701,8.089656
28.150774,-82.344400,-262.000000,12.447886,8.086535
28.670774,-82.344400,-262.000000,12.312715,8.070527
29.190774,-82.344400,-262.000000,12.342875,8.091339
29.710774,-82.344400,-262.000000,12.501337,8.043956
30.230774,-82.344400,-262.000000,12.340690,8.031528
30.750774,-82.344400,-262.000000,12.352756,7.918761
31.270774,-82.344400,-262.000000,12.293923,8.005697
31.790774,-82.344400,-262.000000,12.462687,8.045462
32.310774,-82.344400,-262.000000,12.136938,8.040422
32.830774,-82.344400,-262.000000,12.404467,8.045884
33.350774,-82.344400,-262.000000,12.616515,8.151161
33.870774,-82.344400,-262.000000,12.446202,8.114083
34.390774,-82.344400,-262.000000,12.406154,8.070157
34.910774,-82.344400,-262.000000,12.407441,8.056357
35.430774,-82.344400,-262.000000,12.255410,8.073372
35.950774,-82.344400,-262.000000,12.307142,8.091631
36.470774,-82.344400,-262.000000,12.322786,8.124476
36.990774,-82.344400,-262.000000,12.591749,8.102812
37.510774,-82.344400,-262.000000,12.563791,8.160629
38.030774,-82.344400,-262.000000,12.294657,8.084920
38.550774,-82.344400,-262.000000,12.276216,8.027822
39.070774,-82.344400,-262.000000,12.396725,8.134892
39.590774,-82.344400,-262.000000,12.320476,8.084698
40.110774,-82.344400,-262.000000,12.720079,8.122086
40.630774,-82.344400,-262.000000,12.397712,8.081294
41.150774,-82.344400,-262.000000,12.582938,8.089405
41.670774,-82.344400,-262.000000,12.553356,8.137558
42.190774,-82.344400,-262.000000,12.467971,8.102055
42.710774,-82.344400,-262.000000,12.240585,8.128402
43.230774,-82.344400,-262.000000,12.173053,8.049807
43.750774,-82.344400,-262.000000,12.181510,8.087888
44.270774,-82.344400,-262.000000,12.305984,8.036503
44.790774,-82.344400,-262.000000,12.246721,8.047544
45.310774,-82.344400,-262.000000,12.486670,8.133834
45.830774,-82.344400,-262.000000,12.477451,8.153805
46.350774,-82.344400,-262.000000,12.418220,8.090297
46.870774,-82.344400,-262.000000,12.317671,8.197778
47.390774,-82.344400,-262.000000,12.577009,8.158892
47.910774,-82.344400,-262.000000,12.246360,8.106108
48.430774,-82.344400,-262.000000,12.582198,8.066386
48.950774,-82.344400,-262.000000,12.436407,8.094045
49.470774,-82.344400,-262.000000,12.235422,8.116435
49.990774,-82.344400,-262.000000,12.446227,8.054622
50.510774,-82.344400,-262.000000,12.491856,8.102706
51.030774,-82.344400,-262.000000,12.606492,8.130800
51.550774,-82.344400,-262.000000,12.319495,7.979789
52.070774,-82.344400,-262.000000,12.602345,8.147841
52.590774,-82.344400,-262.000000,12.338264,8.070859
53.110774,-82.344400,-262.000000,12.384037,8.153752
53.630774,-82.344400,-262.000000,12.287306,8.127724
54.150774,-82.344400,-262.000000,12.369337,8.050964
54.670774,-82.344400,-262.000000,12.246133,8.009358
55.190774,-82.344400,-262.000000,12.668202,8.124640
55.710774,-82.344400,-262.000000,12.373210,8.113584
56.230774,-82.344400,-262.000000,12.312969,8.061715
56.750774,-82.344400,-262.000000,12.485008,8.088010
57.270774,-82.344400,-262.000000,12.413462,8.078921
57.790774,-82.344400,-262.000000,12.468613,8.218964
58.310774,-82.344400,-262.000000,12.427983,8.102382
58.830774,-82.344400,-262.000000,12.213399,8.058321
59.350774,-82.344400,-262.000000,12.484587,8.064042
59.870774,-82.344400,-262.000000,12.507526,8.106079
60.390774,-82.344400,-262.000000,12.158618,8.112364
60.910774,-82.344400,-262.000000,12.425780,8.026138
61.430774,-82.344400,-262.000000,12.294873,8.069589
61.950774,-82.344400,-262.000000,12.483405,8.063762
62.470774,-82.344400,-262.000000,12.339478,8.083128
62.990774,-82.344400,-262.000000,12.528097,8.029399
63.510774,-82.344400,-262.000000,12.163633,7.902691
64.030774,-82.344400,-262.000000,12.341228,8.081819
64.550774,-82.344400,-262.000000,12.263350,8.070703
65.070774,-82.344400,-262.000000,12.493377,8.020942
65.590774,-82.344400,-262.000000,12.232520,7.974638
66.110774,-82.344400,-262.000000,12.489555,8.050875
66.630774,-82.344400,-262.000000,12.304860,7.947391
67.150774,-82.344400,-262.000000,12.360912,8.101621
67.670774,-82.344400,-262.000000,12.312720,7.976147
68.190774,-82.344400,-262.000000,12.342686,7.993824
68.710774,-82.344400,-262.000000,12.647574,8.054688
69.230774,-82.344400,-262.000000,12.325442,8.049550
69.750774,-82.344400,-262.000000,12.276294,8.090673
70.270774,-82.344400,-262.000000,12.536600,7.954954
70.790774,-82.344400,-262.000000,12.356233,8.105313
71.310774,-82.344400,-262.000000,12.357383,7.970723
71.830774,-82.344400,-262.000000,12.617785,8.113906
72.350774,-82.344400,-262.000000,12.600770,8.112834
72.870774,-82.344400,-262.000000,12.368810,8.053412
73.390774,-82.344400,-262.000000,12.381560,8.017553
73.910774,-82.344400,-262.000000,12.510657,8.048188
74.430774,-82.344400,-262.000000,12.283614,8.054205
74.950774,-82.344400,-262.000000,12.408743,7.971736
75.470774,-82.344400,-262.000000,12.322785,8.046489
75.990774,-82.344400,-262.000000,12.390699,7.971934
13.070774,-81.824400,-262.000000,12.317056,7.650228
13.590774,-81.824400,-262.000000,12.470014,7.738850
14.110774,-81.824400,-262.000000,12.352427,7.911247
14.630774,-81.824400,-262.000000,12.441004,7.919137
15.150774,-81.824400,-262.000000,12.430351,7.861294
15.670774,-81.824400,-262.000000,12.161939,7.834300
16.190774,-81.824400,-262.000000,12.272415,7.875608
16.710774,-81.824400,-262.000000,12.424029,7.903847
17.230774,-81.824400,-262.000000,12.420205,7.919491
17.750774,-81.824400,-262.000000,12.190105,7.891772
18.270774,-81.824400,-262.000000,12.393704,8.073217
18.790774,-81.824400,-262.000000,12.543014,8.098567
19.310774,-81.824400,-262.000000,12.500697,7.995519
19.830774,-81.824400,-262.000000,12.290931,7.866127
20.350774,-81.824400,-262.000000,12.639732,8.013325
20.870774,-81.824400,-262.000000,12.309987,7.999615
21.390774,-81.824400,-262.000000,12.342439,8.054282
21.910774,-81.824400,-262.000000,12.402135,7.951375
22.430774,-81.824400,-262.000000,12.557734,7.997713
22.950774,-81.824400,-262.000000,12.382353,8.011684
23.470774,-81.824400,-262.000000,12.540465,8.079045
23.990774,-81.824400,-262.000000,12.510569,7.968801
24.510774,-81.824400,-262.000000,12.467671,8.016666
25.030774,-81.824400,-262.000000,12.373842,8.027878
25.550774,-81.824400,-262.000000,12.234734,8.029641
26.070774,-81.824400,-262.000000,12.462265,8.044376
26.590774,-81.824400,-262.000000,12.303126,7.980937
27.110774,-81.824400,-262.000000,12.489820,8.067204
27.630774,-81.824400,-262.000000,12.333259,8.060720
28.150774,-81.824400,-262.000000,12.437502,8.098295
28.670774,-81.824400,-262.000000,12.342195,8.059858
29.190774,-81.824400,-262.000000,12.287107,8.118705
29.710774,-81.824400,-262.000000,12.538261,8.024922
30.230774,-81.824400,-262.000000,12.303983,8.021128
30.750774,-81.824400,-262.000000,12.420181,7.958457
31.270774,-81.824400,-262.000000,12.290432,7.998477
31.790774,-81.824400,-262.000000,12.454551,8.059704
32.310774,-81.824400,-262.000000,12.147172,8.042212
32.830774,-81.824400,-262.000000,12.398153,8.066043
33.350774,-81.824400,-262.000000,12.557990,8.144111
33.870774,-81.824400,-262.000000,12.515976,8.121511
34.390774,-81.824400,-262.000000,12.343638,8.070923
34.910774,-81.824400,-262.000000,12.443501,8.078745
35.430774,-81.824400,-262.000000,12.187343,8.064984
35.950774,-81.824400,-262.000000,12.255440,8.108795
36.470774,-81.824400,-262.000000,12.226142,8.120025
36.990774,-81.824400,-262.000000,12.550955,8.112431
37.510774,-81.824400,-262.000000,12.548514,8.144162
38.030774,-81.824400,-262.000000,12.276160,8.110291
38.550774,-81.824400,-262.000000,12.350990,8.078300
39.070774,-81.824400,-262.000000,12.428560,8.171241
39.590774,-81.824400,-262.000000,12.335667,8.122126
40.110774,-81.824400,-262.000000,12.715388,8.104408
40.630774,-81.824400,-262.000000,12.309337,8.079296
41.150774,-81.824400,-262.000000,12.487617,8.110580
41.670774,-81.824400,-262.000000,12.569749,8.158254
42.190774,-81.824400,-262.000000,12.445731,8.093881
42.710774,-81.824400,-262.000000,12.223326,8.128074
43.230774,-81.824400,-262.000000,12.230173,8.088104
43.750774,-81.824400,-262.000000,12.101860,8.038432
44.270774,-81.824400,-262.000000,12.338817,8.080166
44.790774,-81.824400,-262.000000,12.299178,8.017453
45.310774,-81.824400,-262.000000,12.524695,8.140237
45.830774,-81.824400,-262.000000,12.407560,8.197130
46.350774,-81.824400,-262.000000,12.375183,8.095319
46.870774,-81.824400,-262.000000,12.252605,8.173430
47.390774,-81.824400,-262.000000,12.602200,8.140431
47.910774,-81.824400,-262.000000,12.203181,8.105098
48.430774,-81.824400,-262.000000,12.584557,8.093279
48.950774,-81.824400,-262.000000,12.405345,8.063689
49.470774,-81.824400,-262.000000,12.300552,8.134730
49.990774,-81.824400,-262.000000,12.396508,8.069826
50.510774,-81.824400,-262.000000,12.447642,8.113192
51.030774,-81.824400,-262.000000,12.499129,8.144082
51.550774,-81.824400,-262.000000,12.435769,8.011060
52.070774,-81.824400,-262.000000,12.610383,8.137998
52.590774,-81.824400,-262.000000,12.302080,8.105026
53.110774,-81.824400,-262.000000,12.389808,8.165117
53.630774,-81.824400,-262.000000,12.240482,8.125482
54.150774,-81.824400,-262.000000,12.406470,8.065817
54.670774,-81.824400,-262.000000,12.234775,8.004582
55.190774,-81.824400,-262.000000,12.643683,8.121294
55.710774,-81.824400,-262.000000,12.449435,8.102322
56.230774,-81.824400,-262.000000,12.273804,8.087347
56.750774,-81.824400,-262.000000,12.425750,8.109934
57.270774,-81.824400,-262.000000,12.438919,8.096661
57.790774,-81.824400,-262.000000,12.392211,8.200438
58.310774,-81.824400,-262.000000,12.431259,8.148383
58.830774,-81.824400,-262.000000,12.203487,8.036941
59.350774,-81.824400,-262.000000,12.549358,8.081994
59.870774,-81.824400,-262.000000,12.486490,8.113894
60.390774,-81.824400,-262.000000,12.139544,8.134425
60.910774,-81.824400,-262.000000,12.405200,8.034372
61.430774,-81.824400,-262.000000,12.319909,8.068058
61.950774,-81.824400,-262.000000,12.462214,8.059012
62.470774,-81.824400,-262.000000,12.363522,8.135958
62.990774,-81.824400,-262.000000,12.480567,8.033145
63.510774,-81.824400,-262.000000,12.158473,7.887970
64.030774,-81.824400,-262.000000,12.379338,8.146621
64.550774,-81.824400,-262.000000,12.251597,8.057197
65.070774,-81.824400,-262.000000,12.533284,8.023642
65.590774,-81.824400,-262.000000,12.284239,7.980569
66.110774,-81.824400,-262.000000,12.452947,8.067397
66.630774,-81.824400,-262.000000,12.379691,7.979262
67.150774,-81.824400,-262.000000,12.267062,8.080865
67.670774,-81.824400,-262.000000,12.364375,8.005209
68.190774,-81.824400,-262.000000,12.266006,7.981296
68.710774,-81.824400,-262.000000,12.549389,8.034526
69.230774,-81.824400,-262.000000,12.274522,8.058975
69.750774,-81.824400,-262.000000,12.320170,8.126469
70.270774,-81.824400,-262.000000,12.447129,7.998250
70.790774,-81.824400,-262.000000,12.333272,8.069994
71.310774,-81.824400,-262.000000,12.335928,7.980904
71.830774,-81.824400,-262.000000,12.607514,8.107677
72.350774,-81.824400,-262.000000,12.566955,8.134521
72.870774,-81.824400,-262.000000,12.332431,8.067796
73.390774,-81.824400,-262.000000,12.319758,8.012791
73.910774,-81.824400,-262.000000,12.468663,8.075727
74.430774,-81.824400,-262.000000,12.281939,8.023860
74.950774,-81.824400,-262.000000,12.407035,7.991484
75.470774,-81.824400,-262.000000,12.273252,8.039827
75.990774,-81.824400,-262.000000,12.354733,7.992609
75.990774,-81.304400,-262.000000,12.388381,8.064621
13.070774,-82.344400,-261.000000,12.189502,7.649765
13.590774,-82.344400,-261.000000,12.489209,7.736779
14.110774,-82.344400,-261.000000,12.762266,7.854857
14.630774,-82.344400,-261.000000,12.332746,7.821393
15.150774,-82.344400,-261.000000,12.520285,7.842505
15.670774,-82.344400,-261.000000,12.415751,7.850224
16.190774,-82.344400,-261.000000,12.071657,7.863702
16.710774,-82.344400,-261.000000,12.484324,7.849025
17.230774,-82.344400,-261.000000,12.460242,7.965065
17.750774,-82.344400,-261.000000,12.460306,7.960371
18.270774,-82.344400,-261.000000,12.396052,8.016656
18.790774,-82.344400,-261.000000,12.413565,7.934809
19.310774,-82.344400,-261.000000,12.221625,7.887882
19.830774,-82.344400,-261.000000,12.303751,7.976897
20.350774,-82.344400,-261.000000,12.438048,8.126144
20.870774,-82.344400,-261.000000,12.419978,7.966938
21.390774,-82.344400,-261.000000,12.252186,7.993389
21.910774,-82.344400,-261.000000,12.326575,8.006801
22.430774,-82.344400,-261.000000,12.242827,7.975330
22.950774,-82.344400,-261.000000,12.305800,8.021561
23.470774,-82.344400,-261.000000,12.302814,8.010530
23.990774,-82.344400,-261.000000,12.471060,7.972478
24.510774,-82.344400,-261.000000,12.409344,7.950099
25.030774,-82.344400,-261.000000,12.355475,8.033834
25.550774,-82.344400,-261.000000,12.408857,8.014949
26.070774,-82.344400,-261.000000,12.476130,8.083916
26.590774,-82.344400,-261.000000,12.675830,8.096965
27.110774,-82.344400,-261.000000,12.315238,8.028058
27.630774,-82.344400,-261.000000,12.446671,8.090229
28.150774,-82.344400,-261.000000,12.602374,8.121455
28.670774,-82.344400,-261.000000,12.467177,8.101095
29.190774,-82.344400,-261.000000,12.588431,8.003474
29.710774,-82.344400,-261.000000,12.362746,8.054901
30.230774,-82.344400,-261.000000,12.409422,8.092204
30.750774,-82.344400,-261.000000,12.673004,8.086334
31.270774,-82.344400,-261.000000,12.368897,8.022263
31.790774,-82.344400,-261.000000,12.371374,8.086531
32.310774,-82.344400,-261.000000,12.124908,8.035487
32.830774,-82.344400,-261.000000,12.472483,8.192681
33.350774,-82.344400,-261.000000,12.431804,8.073789
33.870774,-82.344400,-261.000000,12.497347,8.012715
34.390774,-82.344400,-261.000000,12.208148,8.044464
34.910774,-82.344400,-261.000000,12.411986,8.081386
35.430774,-82.344400,-261.000000,12.619486,8.090575
35.950774,-82.344400,-261.000000,12.262864,8.066191
36.470774,-82.344400,-261.000000,12.221734,8.115885
36.990774,-82.344400,-261.000000,12.465194,8.049167
37.510774,-82.344400,-261.000000,12.460687,8.082118
38.030774,-82.344400,-261.000000,12.547131,8.172304
38.550774,-82.344400,-261.000000,12.290456,8.094727
39.070774,-82.344400,-261.000000,12.292257,8.036069
39.590774,-82.344400,-261.000000,12.499689,8.132672
40.110774,-82.344400,-261.000000,12.507510,8.031577
40.630774,-82.344400,-261.000000,12.435966,8.080629
41.150774,-82.344400,-261.000000,12.384349,8.091772
41.670774,-82.344400,-261.000000,12.252431,8.081141
42.190774,-82.344400,-261.000000,12.241910,8.016798
42.710774,-82.344400,-261.000000,12.518342,8.156786
43.230774,-82.344400,-261.000000,12.431704,8.081944
43.750774,-82.344400,-261.000000,12.307288,8.024221
44.270774,-82.344400,-261.000000,12.502636,8.095132
44.790774,-82.344400,-261.000000,12.551236,8.082794
45.310774,-82.344400,-261.000000,12.217934,8.049225
45.830774,-82.344400,-261.000000,12.426955,8.062563
46.350774,-82.344400,-261.000000,12.271190,8.106139
46.870774,-82.344400,-261.000000,12.494617,8.060197
47.390774,-82.344400,-261.000000,12.467383,8.154048
47.910774,-82.344400,-261.000000,12.519741,8.106171
48.430774,-82.344400,-261.000000,12.412609,8.095136
48.950774,-82.344400,-261.000000,12.278139,8.087509
49.470774,-82.344400,-261.000000,12.301666,7.945434
49.990774,-82.344400,-261.000000,12.403128,8.028640
50.510774,-82.344400,-261.000000,12.372066,8.056550
51.030774,-82.344400,-261.000000,12.273965,8.109923
51.550774,-82.344400,-261.000000,12.282180,8.021327
52.070774,-82.344400,-261.000000,12.545681,8.100839
52.590774,-82.344400,-261.000000,12.561877,8.161474
53.110774,-82.344400,-261.000000,12.209954,8.101093
53.630774,-82.344400,-261.000000,12.328720,8.071186
54.150774,-82.344400,-261.000000,12.555771,8.120805
54.670774,-82.344400,-261.000000,12.658088,8.229246
55.190774,-82.344400,-261.000000,12.685225,8.161078
55.710774,-82.344400,-261.000000,12.288358,8.012096
56.230774,-82.344400,-261.000000,12.644352,8.145715
56.750774,-82.344400,-261.000000,12.433264,8.050831
57.270774,-82.344400,-261.000000,12.625827,8.110373
57.790774,-82.344400,-261.000000,12.312433,8.089119
58.310774,-82.344400,-261.000000,12.098514,8.051723
58.830774,-82.344400,-261.000000,12.357787,8.005331
59.350774,-82.344400,-261.000000,12.326839,8.065219
59.870774,-82.344400,-261.000000,12.451668,8.114305
60.390774,-82.344400,-261.000000,12.414989,8.047648
60.910774,-82.344400,-261.000000,12.167521,7.987259
61.430774,-82.344400,-261.000000,12.395868,8.049251
61.950774,-82.344400,-261.000000,12.482571,8.083060
62.470774,-82.344400,-261.000000,12.268443,8.043417
62.990774,-82.344400,-261.000000,12.308650,8.079819
63.510774,-82.344400,-261.000000,12.378873,8.105441
64.030774,-82.344400,-261.000000,12.116508,7.965971
64.550774,-82.344400,-261.000000,12.246487,7.981792
65.070774,-82.344400,-261.000000,12.427174,8.013943
65.590774,-82.344400,-261.000000,12.400176,8.155910
66.110774,-82.344400,-261.000000,12.521934,8.138440
66.630774,-82.344400,-261.000000,12.286075,8.132735
67.150774,-82.344400,-261.000000,12.302098,8.078877
67.670774,-82.344400,-261.000000,12.284003,8.042051
68.190774,-82.344400,-261.000000,12.399863,8.087996
68.710774,-82.344400,-261.000000,12.312668,7.995370
69.230774,-82.344400,-261.000000,12.591140,8.103927
69.750774,-82.344400,-261.000000,12.301970,8.093040
70.270774,-82.344400,-261.000000,12.419182,8.117852
70.790774,-82.344400,-261.000000,12.439259,8.085349
71.310774,-82.344400,-261.000000,12.153648,8.069187
71.830774,-82.344400,-261.000000,12.412353,7.933435
72.350774,-82.344400,-261.000000,12.600722,8.042626
72.870774,-82.344400,-261.000000,12.367720,8.006012
73.390774,-82.344400,-261.000000,12.468390,8.044309
73.910774,-82.344400,-261.000000,12.296659,8.013123
74.430774,-82.344400,-261.000000,12.373878,8.018102
74.950774,-82.344400,-261.000000,12.349062,8.012374
75.470774,-82.344400,-261.000000,12.467470,7.952652
75.990774,-82.344400,-261.000000,12.406436,7.975434
13.070774,-81.824400,-261.000000,12.185284,7.662613
13.590774,-81.824400,-261.000000,12.541055,7.763132
14.110774,-81.824400,-261.000000,12.772398,7.864915
14.630774,-81.824400,-261.000000,12.308187,7.820782
15.150774,-81.824400,-261.000000,12.458345,7.824956
15.670774,-81.824400,-261.000000,12.442618,7.856856
16.190774,-81.824400,-261.000000,12.071586,7.883554
16.710774,-81.824400,-261.000000,12.554749,7.875331
17.230774,-81.824400,-261.000000,12.391151,7.980391
17.750774,-81.824400,-261.000000,12.480589,7.980715
18.270774,-81.824400,-261.000000,12.335746,8.015323
18.790774,-81.824400,-261.000000,12.462280,7.950987
19.310774,-81.824400,-261.000000,12.262809,7.900950
19.830774,-81.824400,-261.000000,12.271976,7.977505
20.350774,-81.824400,-261.000000,12.493882,8.130844
20.870774,-81.824400,-261.000000,12.346940,7.972744
21.390774,-81.824400,-261.000000,12.243373,7.993703
21.910774,-81.824400,-261.000000,12.349345,8.021783
22.430774,-81.824400,-261.000000,12.280421,7.965941
22.950774,-81.824400,-261.000000,12.260083,8.069246
23.470774,-81.824400,-261.000000,12.302634,7.997666
23.990774,-81.824400,-261.000000,12.436457,7.981594
24.510774,-81.824400,-261.000000,12.419664,7.983526
25.030774,-81.824400,-261.000000,12.321164,8.019585
25.550774,-81.824400,-261.000000,12.440461,8.013540
26.070774,-81.824400,-261.000000,12.397923,8.086703
26.590774,-81.824400,-261.000000,12.677498,8.119957
27.110774,-81.824400,-261.000000,12.349597,8.020896
27.630774,-81.824400,-261.000000,12.403613,8.094744
28.150774,-81.824400,-261.000000,12.605442,8.154203
28.670774,-81.824400,-261.000000,12.359092,8.084232
29.190774,-81.824400,-261.000000,12.684360,8.052003
29.710774,-81.824400,-261.000000,12.345164,8.055617
30.230774,-81.824400,-261.000000,12.325686,8.097404
30.750774,-81.824400,-261.000000,12.600070,8.075968
31.270774,-81.824400,-261.000000,12.416544,8.039560
31.790774,-81.824400,-261.000000,12.370395,8.070866
32.310774,-81.824400,-261.000000,12.157610,8.066630
32.830774,-81.824400,-261.000000,12.424372,8.190183
33.350774,-81.824400,-261.000000,12.481341,8.084629
33.870774,-81.824400,-261.000000,12.440502,8.020496
34.390774,-81.824400,-261.000000,12.294417,8.068710
34.910774,-81.824400,-261.000000,12.379868,8.082355
35.430774,-81.824400,-261.000000,12.622627,8.095407
35.950774,-81.824400,-261.000000,12.333988,8.122679
36.470774,-81.824400,-261.000000,12.164156,8.087737
36.990774,-81.824400,-261.000000,12.433623,8.041597
37.510774,-81.824400,-261.000000,12.446397,8.112600
38.030774,-81.824400,-261.000000,12.430297,8.173287
38.550774,-81.824400,-261.000000,12.306750,8.070484
39.070774,-81.824400,-261.000000,12.319072,8.048408
39.590774,-81.824400,-261.000000,12.429046,8.129431
40.110774,-81.824400,-261.000000,12.521491,8.027081
40.630774,-81.824400,-261.000000,12.352420,8.073392
41.150774,-81.824400,-261.000000,12.436660,8.103354
41.670774,-81.824400,-261.000000,12.209193,8.071544
42.190774,-81.824400,-261.000000,12.220180,8.041538
42.710774,-81.824400,-261.000000,12.490184,8.149382
43.230774,-81.824400,-261.000000,12.305985,8.055746
43.750774,-81.824400,-261.000000,12.293088,8.058502
44.270774,-81.824400,-261.000000,12.480479,8.115717
44.790774,-81.824400,-261.000000,12.504864,8.068082
45.310774,-81.824400,-261.000000,12.236476,8.066374
45.830774,-81.824400,-261.000000,12.372137,8.007506
46.350774,-81.824400,-261.000000,12.246001,8.121913
46.870774,-81.824400,-261.000000,12.578293,8.089556
47.390774,-81.824400,-261.000000,12.435476,8.149088
47.910774,-81.824400,-261.000000,12.533038,8.105126
48.430774,-81.824400,-261.000000,12.346885,8.095540
48.950774,-81.824400,-261.000000,12.303123,8.124568
49.470774,-81.824400,-261.000000,12.355629,7.947468
49.990774,-81.824400,-261.000000,12.250846,8.037976
50.510774,-81.824400,-261.000000,12.405143,8.059713
51.030774,-81.824400,-261.000000,12.264777,8.092700
51.550774,-81.824400,-261.000000,12.168576,8.022027
52.070774,-81.824400,-261.000000,12.527627,8.123780
52.590774,-81.824400,-261.000000,12.473980,8.131278
53.110774,-81.824400,-261.000000,12.307902,8.125102
53.630774,-81.824400,-261.000000,12.317054,8.077975
54.150774,-81.824400,-261.000000,12.504388,8.126268
54.670774,-81.824400,-261.000000,12.607802,8.227657
55.190774,-81.824400,-261.000000,12.663695,8.146357
55.710774,-81.824400,-261.000000,12.311996,8.057809
56.230774,-81.824400,-261.000000,12.616404,8.147223
56.750774,-81.824400,-261.000000,12.429879,8.040734
57.270774,-81.824400,-261.000000,12.571517,8.122946
57.790774,-81.824400,-261.000000,12.327055,8.108671
58.310774,-81.824400,-261.000000,12.073456,8.025512
58.830774,-81.824400,-261.000000,12.333065,8.022529
59.350774,-81.824400,-261.000000,12.278539,8.062641
59.870774,-81.824400,-261.000000,12.408401,8.109823
60.390774,-81.824400,-261.000000,12.453252,8.053582
60.910774,-81.824400,-261.000000,12.099405,7.997995
61.430774,-81.824400,-261.000000,12.400504,8.058445
61.950774,-81.824400,-261.000000,12.451416,8.105359
62.470774,-81.824400,-261.000000,12.228208,8.042789
62.990774,-81.824400,-261.000000,12.266818,8.056792
63.510774,-81.824400,-261.000000,12.381741,8.107636
64.030774,-81.824400,-261.000000,12.118155,7.952082
64.550774,-81.824400,-261.000000,12.254809,7.980730
65.070774,-81.824400,-261.000000,12.389844,8.009800
65.590774,-81.824400,-261.000000,12.443213,8.177693
66.110774,-81.824400,-261.000000,12.513828,8.140633
66.630774,-81.824400,-261.000000,12.240146,8.149042
67.150774,-81.824400,-261.000000,12.318832,8.084778
67.670774,-81.824400,-261.000000,12.294998,8.044373
68.190774,-81.824400,-261.000000,12.300464,8.089399
68.710774,-81.824400,-261.000000,12.376986,8.034371
69.230774,-81.824400,-261.000000,12.508553,8.085229
69.750774,-81.824400,-261.000000,12.357872,8.103930
70.270774,-81.824400,-261.000000,12.449220,8.112550
70.790774,-81.824400,-261.000000,12.456528,8.124381
71.310774,-81.824400,-261.000000,12.146354,8.084500
71.830774,-81.824400,-261.000000,12.439472,7.941926
72.350774,-81.824400,-261.000000,12.625237,8.039470
72.870774,-81.824400,-261.000000,12.396710,8.039473
73.390774,-81.824400,-261.000000,12.478534,8.079516
73.910774,-81.824400,-261.000000,12.272427,8.001532
74.430774,-81.824400,-261.000000,12.449294,8.054345
74.950774,-81.824400,-261.000000,12.447993,8.040360
75.470774,-81.824400,-261.000000,12.461647,7.935480
75.990774,-81.824400,-261.000000,12.427080,8.008041
13.070774,-81.304400,-261.000000,12.197177,7.692931
13.070774,-82.344400,-260.000000,12.474286,7.700045
13.590774,-82.344400,-260.000000,12.256398,7.666791
14.110774,-82.344400,-260.000000,12.354172,7.794296
14.630774,-82.344400,-260.000000,12.356550,7.836973
15.150774,-82.344400,-260.000000,12.357606,7.825832
15.670774,-82.344400,-260.000000,12.647149,7.855726
16.190774,-82.344400,-260.000000,12.410903,7.874924
16.710774,-82.344400,-260.000000,12.375604,7.941488
17.230774,-82.344400,-260.000000,12.335421,7.889823
17.750774,-82.344400,-260.000000,12.052039,7.816609
18.270774,-82.344400,-260.000000,12.337607,7.958938
18.790774,-82.344400,-260.000000,12.427759,7.989466
19.310774,-82.344400,-260.000000,12.131961,7.892881
19.830774,-82.344400,-260.000000,12.364287,7.961230
20.350774,-82.344400,-260.000000,12.345086,7.976340
20.870774,-82.344400,-260.000000,12.342078,8.042060
21.390774,-82.344400,-260.000000,12.641673,7.947556
21.910774,-82.344400,-260.000000,12.431842,8.030133
22.430774,-82.344400,-260.000000,12.401835,8.019802
22.950774,-82.344400,-260.000000,12.397466,8.018835
23.470774,-82.344400,-260.000000,12.544333,8.025079
23.990774,-82.344400,-260.000000,12.338919,7.997340
24.510774,-82.344400,-260.000000,12.255683,7.949101
25.030774,-82.344400,-260.000000,12.559228,8.034992
25.550774,-82.344400,-260.000000,12.304001,7.940748
26.070774,-82.344400,-260.000000,12.293695,8.051766
26.590774,-82.344400,-260.000000,12.548481,8.070098
27.110774,-82.344400,-260.000000,12.606512,8.094192
27.630774,-82.344400,-260.000000,12.290001,8.000681
28.150774,-82.344400,-260.000000,12.306377,8.006920
28.670774,-82.344400,-260.000000,12.626220,8.137045
29.190774,-82.344400,-260.000000,12.328441,8.030132
29.710774,-82.344400,-260.000000,12.345748,7.989746
30.230774,-82.344400,-260.000000,12.299682,7.924254
30.750774,-82.344400,-260.000000,12.301803,8.009050
31.270774,-82.344400,-260.000000,12.525403,8.042454
31.790774,-82.344400,-260.000000,12.289186,8.093875
32.310774,-82.344400,-260.000000,12.450870,8.094552
32.830774,-82.344400,-260.000000,12.338358,7.938226
33.350774,-82.344400,-260.000000,12.388521,8.040991
33.870774,-82.344400,-260.000000,12.224200,7.915611
34.390774,-82.344400,-260.000000,12.284139,8.033984
34.910774,-82.344400,-260.000000,12.334033,8.077856
35.430774,-82.344400,-260.000000,12.270255,8.048842
35.950774,-82.344400,-260.000000,12.439903,8.064161
36.470774,-82.344400,-260.000000,12.499114,8.104465
36.990774,-82.344400,-260.000000,12.107396,7.978065
37.510774,-82.344400,-260.000000,12.394682,8.107812
38.030774,-82.344400,-260.000000,12.403329,8.058616
38.550774,-82.344400,-260.000000,12.567141,8.103679
39.070774,-82.344400,-260.000000,12.325011,8.018223
39.590774,-82.344400,-260.000000,12.336045,8.053031
40.110774,-82.344400,-260.000000,12.456095,8.034554
40.630774,-82.344400,-260.000000,12.566897,8.011104
41.150774,-82.344400,-260.000000,12.233088,8.050348
41.670774,-82.344400,-260.000000,12.256045,8.062114
42.190774,-82.344400,-260.000000,12.041125,7.992095
42.710774,-82.344400,-260.000000,12.417859,8.119148
43.230774,-82.344400,-260.000000,12.384184,8.126055
43.750774,-82.344400,-260.000000,12.242911,8.011866
44.270774,-82.344400,-260.000000,12.320495,8.057560
44.790774,-82.344400,-260.000000,12.383030,8.067339
45.310774,-82.344400,-260.000000,12.417654,8.165117
45.830774,-82.344400,-260.000000,12.547897,8.133217
46.350774,-82.344400,-260.000000,12.557192,8.087159
46.870774,-82.344400,-260.000000,12.643113,8.230230
47.390774,-82.344400,-260.000000,12.499588,8.072146
47.910774,-82.344400,-260.000000,12.415454,8.119558
48.430774,-82.344400,-260.000000,12.032992,8.046338
48.950774,-82.344400,-260.000000,12.369368,8.044335
49.470774,-82.344400,-260.000000,12.558341,8.097745
49.990774,-82.344400,-260.000000,12.615956,8.174276
50.510774,-82.344400,-260.000000,12.539736,8.064662
51.030774,-82.344400,-260.000000,12.441284,8.010510
51.550774,-82.344400,-260.000000,12.250634,7.989824
52.070774,-82.344400,-260.000000,12.635779,8.152132
52.590774,-82.344400,-260.000000,12.556314,8.103348
53.110774,-82.344400,-260.000000,12.389284,8.087893
53.630774,-82.344400,-260.000000,12.439939,7.997439
54.150774,-82.344400,-260.000000,12.372252,8.115250
54.670774,-82.344400,-260.000000,12.397882,8.088679
55.190774,-82.344400,-260.000000,12.304713,8.025620
55.710774,-82.344400,-260.000000,12.370444,7.966640
56.230774,-82.344400,-260.000000,12.488006,8.143823
56.750774,-82.344400,-260.000000,12.580544,8.106370
57.270774,-82.344400,-260.000000,12.440697,8.088627
57.790774,-82.344400,-260.000000,12.273726,8.022161
58.310774,-82.344400,-260.000000,12.475333,8.077788
58.830774,-82.344400,-260.000000,12.432291,8.040697
59.350774,-82.344400,-260.000000,12.344445,8.128203
59.870774,-82.344400,-260.000000,12.407414,8.093120
60.390774,-82.344400,-260.000000,12.497764,8.163770
60.910774,-82.344400,-260.000000,12.503768,8.118632
61.430774,-82.344400,-260.000000,12.490203,7.995003
61.950774,-82.344400,-260.000000,12.566415,8.067011
62.470774,-82.344400,-260.000000,12.437827,8.156367
62.990774,-82.344400,-260.000000,12.435767,8.059030
63.510774,-82.344400,-260.000000,12.407576,8.025311
64.030774,-82.344400,-260.000000,12.423974,8.093726
64.550774,-82.344400,-260.000000,12.327175,8.082927
65.070774,-82.344400,-260.000000,12.470405,8.085273
65.590774,-82.344400,-260.000000,12.334819,8.088488
66.110774,-82.344400,-260.000000,12.484274,8.060778
66.630774,-82.344400,-260.000000,12.326409,8.016541
67.150774,-82.344400,-260.000000,12.377975,8.030469
67.670774,-82.344400,-260.000000,12.386484,8.015247
68.190774,-82.344400,-260.000000,12.492393,8.042861
68.710774,-82.344400,-260.000000,12.361898,8.162144
69.230774,-82.344400,-260.000000,12.485151,8.096595
69.750774,-82.344400,-260.000000,12.567282,8.045460
70.270774,-82.344400,-260.000000,12.192828,8.009159
70.790774,-82.344400,-260.000000,12.417935,7.970531
71.310774,-82.344400,-260.000000,12.316520,8.082477
71.830774,-82.344400,-260.000000,12.392585,8.110291
72.350774,-82.344400,-260.000000,12.379776,8.050946
72.870774,-82.344400,-260.000000,12.653455,8.173018
73.390774,-82.344400,-260.000000,12.286574,7.980077
73.910774,-82.344400,-260.000000,12.520463,7.939824
74.430774,-82.344400,-260.000000,12.316078,7.985289
74.950774,-82.344400,-260.000000,12.496103,8.051431
75.470774,-82.344400,-260.000000,12.397170,8.056797
75.990774,-82.344400,-260.000000,12.331725,8.099762
13.070774,-81.824400,-260.000000,12.425052,7.669755
13.590774,-81.824400,-260.000000,12.312231,7.696926
14.110774,-81.824400,-260.000000,12.303237,7.794981
14.630774,-81.824400,-260.000000,12.356492,7.861596
15.150774,-81.824400,-260.000000,12.360972,7.846983
15.670774,-81.824400,-260.000000,12.573499,7.813043
16.190774,-81.824400,-260.000000,12.345220,7.866188
16.710774,-81.824400,-260.000000,12.312050,7.939824
17.230774,-81.824400,-260.000000,12.280520,7.895973
17.750774,-81.824400,-260.000000,12.118562,7.821045
18.270774,-81.824400,-260.000000,12.290744,7.959959
18.790774,-81.824400,-260.000000,12.420090,7.958886
19.310774,-81.824400,-260.000000,12.114879,7.919924
19.830774,-81.824400,-260.000000,12.343960,7.971583
20.350774,-81.824400,-260.000000,12.246654,7.976768
20.870774,-81.824400,-260.000000,12.293189,8.023592
21.390774,-81.824400,-260.000000,12.602828,7.986860
21.910774,-81.824400,-260.000000,12.406968,8.052727
22.430774,-81.824400,-260.000000,12.383706,7.994514
22.950774,-81.824400,-260.000000,12.463540,8.057830
23.470774,-81.824400,-260.000000,12.500553,8.017638
23.990774,-81.824400,-260.000000,12.339213,8.010800
24.510774,-81.824400,-260.000000,12.178809,7.937666
25.030774,-81.824400,-260.000000,12.592631,8.062676
25.550774,-81.824400,-260.000000,12.209481,7.946679
26.070774,-81.824400,-260.000000,12.398086,8.086046
26.590774,-81.824400,-260.000000,12.509647,8.059729
27.110774,-81.824400,-260.000000,12.549520,8.107657
27.630774,-81.824400,-260.000000,12.293447,8.003795
28.150774,-81.824400,-260.000000,12.321304,7.994224
28.670774,-81.824400,-260.000000,12.682821,8.167567
29.190774,-81.824400,-260.000000,12.274830,8.028285
29.710774,-81.824400,-260.000000,12.396174,8.002795
30.230774,-81.824400,-260.000000,12.299548,7.944705
30.750774,-81.824400,-260.000000,12.255699,7.986833
31.270774,-81.824400,-260.000000,12.543601,8.054264
31.790774,-81.824400,-260.000000,12.266067,8.074936
32.310774,-81.824400,-260.000000,12.359850,8.117056
32.830774,-81.824400,-260.000000,12.359025,7.946074
33.350774,-81.824400,-260.000000,12.382571,8.080485
33.870774,-81.824400,-260.000000,12.174021,7.906799
34.390774,-81.824400,-260.000000,12.303648,8.059492
34.910774,-81.824400,-260.000000,12.321071,8.070631
35.430774,-81.824400,-260.000000,12.314118,8.063690
35.950774,-81.824400,-260.000000,12.379475,8.084403
36.470774,-81.824400,-260.000000,12.501303,8.116363
36.990774,-81.824400,-260.000000,12.123931,8.021591
37.510774,-81.824400,-260.000000,12.389533,8.110640
38.030774,-81.824400,-260.000000,12.465376,8.082691
38.550774,-81.824400,-260.000000,12.568407,8.082884
39.070774,-81.824400,-260.000000,12.295508,8.045789
39.590774,-81.824400,-260.000000,12.289865,8.044792
40.110774,-81.824400,-260.000000,12.473917,8.082058
40.630774,-81.824400,-260.000000,12.638235,8.022529
41.150774,-81.824400,-260.000000,12.164868,8.040548
41.670774,-81.824400,-260.000000,12.304179,8.109472
42.190774,-81.824400,-260.000000,12.052990,8.018902
42.710774,-81.824400,-260.000000,12.443326,8.127240
43.230774,-81.824400,-260.000000,12.398906,8.156089
43.750774,-81.824400,-260.000000,12.169797,8.009451
44.270774,-81.824400,-260.000000,12.391580,8.046925
44.790774,-81.824400,-260.000000,12.382829,8.101317
45.310774,-81.824400,-260.000000,12.430879,8.145549
45.830774,-81.824400,-260.000000,12.529186,8.150390
46.350774,-81.824400,-260.000000,12.505061,8.101900
46.870774,-81.824400,-260.000000,12.612946,8.218505
47.390774,-81.824400,-260.000000,12.497466,8.068154
47.910774,-81.824400,-260.000000,12.382078,8.144755
48.430774,-81.824400,-260.000000,12.111650,8.054682
48.950774,-81.824400,-260.000000,12.312219,8.082214
49.470774,-81.824400,-260.000000,12.525962,8.098234
49.990774,-81.824400,-260.000000,12.641345,8.170174
50.510774,-81.824400,-260.000000,12.530371,8.072025
51.030774,-81.824400,-260.000000,12.475503,8.028906
51.550774,-81.824400,-260.000000,12.233291,8.006236
52.070774,-81.824400,-260.000000,12.678191,8.129855
52.590774,-81.824400,-260.000000,12.453261,8.125322
53.110774,-81.824400,-260.000000,12.399325,8.063272
53.630774,-81.824400,-260.000000,12.443089,8.008111
54.150774,-81.824400,-260.000000,12.343464,8.113835
54.670774,-81.824400,-260.000000,12.365497,8.099191
55.190774,-81.824400,-260.000000,12.258151,8.011616
55.710774,-81.824400,-260.000000,12.318198,7.987963
56.230774,-81.824400,-260.000000,12.503603,8.165134
56.750774,-81.824400,-260.000000,12.549802,8.119365
57.270774,-81.824400,-260.000000,12.457703,8.107473
57.790774,-81.824400,-260.000000,12.309330,8.059628
58.310774,-81.824400,-260.000000,12.360108,8.037095
58.830774,-81.824400,-260.000000,12.492334,8.063394
59.350774,-81.824400,-260.000000,12.349769,8.134563
59.870774,-81.824400,-260.000000,12.442023,8.103318
60.390774,-81.824400,-260.000000,12.518525,8.210287
60.910774,-81.824400,-260.000000,12.470619,8.109580
61.430774,-81.824400,-260.000000,12.499726,8.000041
61.950774,-81.824400,-260.000000,12.546522,8.057245
62.470774,-81.824400,-260.000000,12.440718,8.123997
62.990774,-81.824400,-260.000000,12.422928,8.083984
63.510774,-81.824400,-260.000000,12.452340,8.073355
64.030774,-81.824400,-260.000000,12.431476,8.114748
64.550774,-81.824400,-260.000000,12.412106,8.101252
65.070774,-81.824400,-260.000000,12.380837,8.119517
65.590774,-81.824400,-260.000000,12.301574,8.070155
66.110774,-81.824400,-260.000000,12.428206,8.061255
66.630774,-81.824400,-260.000000,12.303747,8.042783
67.150774,-81.824400,-260.000000,12.394922,8.058111
67.670774,-81.824400,-260.000000,12.390517,8.027520
68.190774,-81.824400,-260.000000,12.438889,8.049573
68.710774,-81.824400,-260.000000,12.376887,8.183774
69.230774,-81.824400,-260.000000,12.409775,8.038908
69.750774,-81.824400,-260.000000,12.551971,8.057496
70.270774,-81.824400,-260.000000,12.298414,8.043007
70.790774,-81.824400,-260.000000,12.346814,7.982639
71.310774,-81.824400,-260.000000,12.307525,8.107355
71.830774,-81.824400,-260.000000,12.359839,8.123958
72.350774,-81.824400,-260.000000,12.368812,8.070844
72.870774,-81.824400,-260.000000,12.669311,8.170197
73.390774,-81.824400,-260.000000,12.278145,7.978813
73.910774,-81.824400,-260.000000,12.491263,7.941332
74.430774,-81.824400,-260.000000,12.295259,7.996070
74.950774,-81.824400,-260.000000,12.385762,8.036957
75.470774,-81.824400,-260.000000,12.380916,8.070577
75.990774,-81.824400,-260.000000,12.287363,8.093748
13.070774,-81.304400,-260.000000,12.459015,7.680378
75.990774,-81.304400,-260.000000,12.288550,8.100764
13.070774,-82.344400,-259.000000,12.597239,7.699751
13.590774,-82.344400,-259.000000,12.384381,7.671989
14.110774,-82.344400,-259.000000,12.456660,7.759646
14.630774,-82.344400,-259.000000,12.168740,7.817945
15.150774,-82.344400,-259.000000,12.385278,7.821238
15.670774,-82.344400,-259.000000,12.191813,7.851411
16.190774,-82.344400,-259.000000,12.228968,7.879003
16.710774,-82.344400,-259.000000,12.416723,7.939609
17.230774,-82.344400,-259.000000,12.483576,7.910561
17.750774,-82.344400,-259.000000,12.341548,7.804220
18.270774,-82.344400,-259.000000,12.323015,7.861343
18.790774,-82.344400,-259.000000,12.589389,7.989309
19.310774,-82.344400,-259.000000,12.401340,7.936184
19.830774,-82.344400,-259.000000,12.298499,7.871990
20.350774,-82.344400,-259.000000,12.541261,7.885186
20.870774,-82.344400,-259.000000,12.301256,7.974070
21.390774,-82.344400,-259.000000,12.323970,7.931470
21.910774,-82.344400,-259.000000,12.435187,8.028940
22.430774,-82.344400,-259.000000,12.310702,7.932535
22.950774,-82.344400,-259.000000,12.221361,8.001548
23.470774,-82.344400,-259.000000,12.250751,7.976805
23.990774,-82.344400,-259.000000,12.354799,8.010504
24.510774,-82.344400,-259.000000,12.204628,7.941877
25.030774,-82.344400,-259.000000,12.605235,7.998600
25.550774,-82.344400,-259.000000,12.126668,7.954699
26.070774,-82.344400,-259.000000,12.242328,7.972003
26.590774,-82.344400,-259.000000,12.583095,8.183330
27.110774,-82.344400,-259.000000,12.469260,7.971687
27.630774,-82.344400,-259.000000,12.351261,8.036791
28.150774,-82.344400,-259.000000,12.425442,8.063007
28.670774,-82.344400,-259.000000,12.419489,8.052636
29.190774,-82.344400,-259.000000,12.194525,8.072121
29.710774,-82.344400,-259.000000,12.421500,7.989282
30.230774,-82.344400,-259.000000,12.274514,7.927635
30.750774,-82.344400,-259.000000,12.637418,8.119211
31.270774,-82.344400,-259.000000,12.297688,7.995417
31.790774,-82.344400,-259.000000,12.177849,8.066738
32.310774,-82.344400,-259.000000,12.477921,8.173718
32.830774,-82.344400,-259.000000,12.399528,8.054015
33.350774,-82.344400,-259.000000,12.200658,8.073953
33.870774,-82.344400,-259.000000,12.452851,8.074546
34.390774,-82.344400,-259.000000,12.598857,8.161803
34.910774,-82.344400,-259.000000,12.530488,8.108036
35.430774,-82.344400,-259.000000,12.465789,8.007825
35.950774,-82.344400,-259.000000,12.278309,8.030210
36.470774,-82.344400,-259.000000,12.641754,8.136037
36.990774,-82.344400,-259.000000,12.224546,8.084736
37.510774,-82.344400,-259.000000,12.397583,8.068600
38.030774,-82.344400,-259.000000,12.431361,8.070199
38.550774,-82.344400,-259.000000,12.527411,7.971231
39.070774,-82.344400,-259.000000,12.534388,8.114244
39.590774,-82.344400,-259.000000,12.285147,7.983603
40.110774,-82.344400,-259.000000,12.406116,8.066289
40.630774,-82.344400,-259.000000,12.430615,8.074604
41.150774,-82.344400,-259.000000,12.373310,8.049567
41.670774,-82.344400,-259.000000,12.474590,8.131343
42.190774,-82.344400,-259.000000,12.128284,7.996202
42.710774,-82.344400,-259.000000,12.305186,7.964053
43.230774,-82.344400,-259.000000,12.486917,8.155471
43.750774,-82.344400,-259.000000,12.330447,8.078988
44.270774,-82.344400,-259.000000,12.486808,8.053426
44.790774,-82.344400,-259.000000,12.400764,8.120890
45.310774,-82.344400,-259.000000,12.386189,8.103127
45.830774,-82.344400,-259.000000,12.270607,8.023577
46.350774,-82.344400,-259.000000,12.075524,8.030620
46.870774,-82.344400,-259.000000,12.319228,7.999006
47.390774,-82.344400,-259.000000,12.292787,8.087023
47.910774,-82.344400,-259.000000,12.485702,8.135347
48.430774,-82.344400,-259.000000,12.313840,8.028093
48.950774,-82.344400,-259.000000,12.439053,8.036935
49.470774,-82.344400,-259.000000,12.291811,8.003546
49.990774,-82.344400,-259.000000,12.310220,8.088938
50.510774,-82.344400,-259.000000,12.288358,8.007561
51.030774,-82.344400,-259.000000,12.531087,8.101325
51.550774,-82.344400,-259.000000,12.491227,8.170024
52.070774,-82.344400,-259.000000,12.473370,8.078744
52.590774,-82.344400,-259.000000,12.529399,8.108019
53.110774,-82.344400,-259.000000,12.228444,7.963999
53.630774,-82.344400,-259.000000,12.333044,8.061008
54.150774,-82.344400,-259.000000,12.300547,7.946625
54.670774,-82.344400,-259.000000,12.193159,8.045988
55.190774,-82.344400,-259.000000,12.497842,8.003199
55.710774,-82.344400,-259.000000,12.414955,8.167016
56.230774,-82.344400,-259.000000,12.394618,8.120302
56.750774,-82.344400,-259.000000,12.113416,7.940822
57.270774,-82.344400,-259.000000,12.234633,8.036169
57.790774,-82.344400,-259.000000,12.267908,8.005780
58.310774,-82.344400,-259.000000,12.522079,8.106455
58.830774,-82.344400,-259.000000,12.506357,8.077085
59.350774,-82.344400,-259.000000,12.304285,8.123933
59.870774,-82.344400,-259.000000,12.227302,8.020165
60.390774,-82.344400,-259.000000,12.393756,7.974621
60.910774,-82.344400,-259.000000,12.382254,8.119839
61.430774,-82.344400,-259.000000,12.339096,8.143792
61.950774,-82.344400,-259.000000,12.302972,7.992377
62.470774,-82.344400,-259.000000,12.502028,8.096084
62.990774,-82.344400,-259.000000,12.201491,7.993011
63.510774,-82.344400,-259.000000,12.379875,8.050486
64.030774,-82.344400,-259.000000,12.330229,8.137092
64.550774,-82.344400,-259.000000,12.343554,8.062824
65.070774,-82.344400,-259.000000,12.359408,8.122473
65.590774,-82.344400,-259.000000,12.271716,7.992654
66.110774,-82.344400,-259.000000,12.587450,8.118318
66.630774,-82.344400,-259.000000,12.504069,8.075696
67.150774,-82.344400,-259.000000,12.413946,8.071774
67.670774,-82.344400,-259.000000,12.131327,8.058613
68.190774,-82.344400,-259.000000,12.354109,8.062719
68.710774,-82.344400,-259.000000,12.582582,8.078463
69.230774,-82.344400,-259.000000,12.422094,8.031071
69.750774,-82.344400,-259.000000,12.183475,8.032508
70.270774,-82.344400,-259.000000,12.191167,8.018130
70.790774,-82.344400,-259.000000,12.373115,8.066705
71.310774,-82.344400,-259.000000,12.414687,8.018857
71.830774,-82.344400,-259.000000,12.265811,8.029385
72.350774,-82.344400,-259.000000,12.732627,8.153930
72.870774,-82.344400,-259.000000,12.397101,8.055574
73.390774,-82.344400,-259.000000,12.359611,7.976905
73.910774,-82.344400,-259.000000,12.468965,8.017519
74.430774,-82.344400,-259.000000,12.555744,8.113410
74.950774,-82.344400,-259.000000,12.444130,8.010508
75.470774,-82.344400,-259.000000,12.470118,7.974909
75.990774,-82.344400,-259.000000,12.454628,8.029165
13.070774,-81.824400,-259.000000,12.565375,7.712774
13.590774,-81.824400,-259.000000,12.403327,7.699757
14.110774,-81.824400,-259.000000,12.470307,7.756127
14.630774,-81.824400,-259.000000,12.141948,7.817133
15.150774,-81.824400,-259.000000,12.383043,7.829102
15.670774,-81.824400,-259.000000,12.243149,7.883520
16.190774,-81.824400,-259.000000,12.209352,7.887156
16.710774,-81.824400,-259.000000,12.480083,7.959916
17.230774,-81.824400,-259.000000,12.527564,7.913261
17.750774,-81.824400,-259.000000,12.354724,7.827958
18.270774,-81.824400,-259.000000,12.322066,7.870229
18.790774,-81.824400,-259.000000,12.601836,8.002359
19.310774,-81.824400,-259.000000,12.392535,7.947325
19.830774,-81.824400,-259.000000,12.332175,7.887544
20.350774,-81.824400,-259.000000,12.488840,7.899747
20.870774,-81.824400,-259.000000,12.385355,8.005680
21.390774,-81.824400,-259.000000,12.327033,7.901689
21.910774,-81.824400,-259.000000,12.409923,8.017789
22.430774,-81.824400,-259.000000,12.370585,7.956035
22.950774,-81.824400,-259.000000,12.165005,7.977525
23.470774,-81.824400,-259.000000,12.321577,8.014371
23.990774,-81.824400,-259.000000,12.302588,8.008720
24.510774,-81.824400,-259.000000,12.216148,7.948044
25.030774,-81.824400,-259.000000,12.535574,7.990060
25.550774,-81.824400,-259.000000,12.168489,7.955325
26.070774,-81.824400,-259.000000,12.295798,8.018111
26.590774,-81.824400,-259.000000,12.579110,8.187919
27.110774,-81.824400,-259.000000,12.456847,7.975192
27.630774,-81.824400,-259.000000,12.266730,8.032311
28.150774,-81.824400,-259.000000,12.453826,8.098055
28.670774,-81.824400,-259.000000,12.415446,8.075875
29.190774,-81.824400,-259.000000,12.207170,8.092769
29.710774,-81.824400,-259.000000,12.382965,8.012989
30.230774,-81.824400,-259.000000,12.322513,7.919048
30.750774,-81.824400,-259.000000,12.597010,8.133130
31.270774,-81.824400,-259.000000,12.258823,8.020311
31.790774,-81.824400,-259.000000,12.218511,8.105555
32.310774,-81.824400,-259.000000,12.465194,8.162974
32.830774,-81.824400,-259.000000,12.347244,8.038776
33.350774,-81.824400,-259.000000,12.197091,8.080413
33.870774,-81.824400,-259.000000,12.516616,8.080774
34.390774,-81.824400,-259.000000,12.633904,8.164638
34.910774,-81.824400,-259.000000,12.429420,8.087219
35.430774,-81.824400,-259.000000,12.386784,7.991802
35.950774,-81.824400,-259.000000,12.295547,8.025118
36.470774,-81.824400,-259.000000,12.650664,8.143840
36.990774,-81.824400,-259.000000,12.203666,8.086475
37.510774,-81.824400,-259.000000,12.363647,8.086643
38.030774,-81.824400,-259.000000,12.430259,8.110695
38.550774,-81.824400,-259.000000,12.514747,7.987657
39.070774,-81.824400,-259.000000,12.463218,8.125967
39.590774,-81.824400,-259.000000,12.244967,7.976495
40.110774,-81.824400,-259.000000,12.458127,8.095766
40.630774,-81.824400,-259.000000,12.326546,8.029415
41.150774,-81.824400,-259.000000,12.396955,8.073315
41.670774,-81.824400,-259.000000,12.475916,8.128691
42.190774,-81.824400,-259.000000,12.077971,8.000307
42.710774,-81.824400,-259.000000,12.282723,7.969239
43.230774,-81.824400,-259.000000,12.417796,8.149155
43.750774,-81.824400,-259.000000,12.319913,8.109526
44.270774,-81.824400,-259.000000,12.431283,8.080485
44.790774,-81.824400,-259.000000,12.353962,8.094821
45.310774,-81.824400,-259.000000,12.409492,8.094351
45.830774,-81.824400,-259.000000,12.308689,8.022017
46.350774,-81.824400,-259.000000,12.141624,8.027103
46.870774,-81.824400,-259.000000,12.295691,8.013145
47.390774,-81.824400,-259.000000,12.268914,8.111228
47.910774,-81.824400,-259.000000,12.510486,8.133719
48.430774,-81.824400,-259.000000,12.295829,8.016993
48.950774,-81.824400,-259.000000,12.397067,8.036235
49.470774,-81.824400,-259.000000,12.275290,8.015151
49.990774,-81.824400,-259.000000,12.331017,8.114316
50.510774,-81.824400,-259.000000,12.296700,8.035119
51.030774,-81.824400,-259.000000,12.473782,8.094894
51.550774,-81.824400,-259.000000,12.461433,8.166454
52.070774,-81.824400,-259.000000,12.428316,8.091171
52.590774,-81.824400,-259.000000,12.551967,8.113695
53.110774,-81.824400,-259.000000,12.185443,7.996903
53.630774,-81.824400,-259.000000,12.357244,8.049288
54.150774,-81.824400,-259.000000,12.204023,7.965691
54.670774,-81.824400,-259.000000,12.272857,8.068941
55.190774,-81.824400,-259.000000,12.481933,7.985895
55.710774,-81.824400,-259.000000,12.370700,8.134170
56.230774,-81.824400,-259.000000,12.330231,8.114253
56.750774,-81.824400,-259.000000,12.075915,7.959649
57.270774,-81.824400,-259.000000,12.207274,8.027975
57.790774,-81.824400,-259.000000,12.269831,8.017852
58.310774,-81.824400,-259.000000,12.513847,8.118448
58.830774,-81.824400,-259.000000,12.446612,8.071179
59.350774,-81.824400,-259.000000,12.294372,8.133238
59.870774,-81.824400,-259.000000,12.261271,8.036326
60.390774,-81.824400,-259.000000,12.349438,7.961677
60.910774,-81.824400,-259.000000,12.366286,8.121793
61.430774,-81.824400,-259.000000,12.335513,8.172074
61.950774,-81.824400,-259.000000,12.285026,8.002737
62.470774,-81.824400,-259.000000,12.462605,8.103206
62.990774,-81.824400,-259.000000,12.224211,7.996495
63.510774,-81.824400,-259.000000,12.318467,8.042159
64.030774,-81.824400,-259.000000,12.336173,8.144249
64.550774,-81.824400,-259.000000,12.299293,8.057202
65.070774,-81.824400,-259.000000,12.329671,8.132339
65.590774,-81.824400,-259.000000,12.302948,8.026718
66.110774,-81.824400,-259.000000,12.585831,8.103049
66.630774,-81.824400,-259.000000,12.452434,8.083746
67.150774,-81.824400,-259.000000,12.402848,8.075336
67.670774,-81.824400,-259.000000,12.141433,8.036304
68.190774,-81.824400,-259.000000,12.353316,8.093228
68.710774,-81.824400,-259.000000,12.564650,8.087934
69.230774,-81.824400,-259.000000,12.439341,8.040453
69.750774,-81.824400,-259.000000,12.170127,8.042807
70.270774,-81.824400,-259.000000,12.177524,8.012926
70.790774,-81.824400,-259.000000,12.364780,8.076191
71.310774,-81.824400,-259.000000,12.451110,7.998886
71.830774,-81.824400,-259.000000,12.239697,8.016303
72.350774,-81.824400,-259.000000,12.676553,8.143394
72.870774,-81.824400,-259.000000,12.295306,8.067389
73.390774,-81.824400,-259.000000,12.397520,7.983074
73.910774,-81.824400,-259.000000,12.499105,8.014060
74.430774,-81.824400,-259.000000,12.472808,8.097192
74.950774,-81.824400,-259.000000,12.462813,8.023925
75.470774,-81.824400,-259.000000,12.448360,7.971664
75.990774,-81.824400,-259.000000,12.442866,8.032897
13.070774,-81.304400,-259.000000,12.547506,7.729163
75.990774,-81.304400,-259.000000,12.399889,8.028904
13.070774,-82.344400,-258.000000,12.370896,7.727538
13.590774,-82.344400,-258.000000,12.421577,7.665264
14.110774,-82.344400,-258.000000,12.398741,7.780854
14.630774,-82.344400,-258.000000,12.205758,7.752405
15.150774,-82.344400,-258.000000,12.528125,7.868554
15.670774,-82.344400,-258.000000,12.349710,7.750180
16.190774,-82.344400,-258.000000,12.440575,7.831570
16.710774,-82.344400,-258.000000,12.556208,7.921892
17.230774,-82.344400,-258.000000,12.325355,7.894971
17.750774,-82.344400,-258.000000,12.317878,7.997732
18.270774,-82.344400,-258.000000,12.441658,7.971349
18.790774,-82.344400,-258.000000,12.574895,8.025379
19.310774,-82.344400,-258.000000,12.487693,7.997349
19.830774,-82.344400,-258.000000,12.471427,8.040619
20.350774,-82.344400,-258.000000,12.458944,7.977670
20.870774,-82.344400,-258.000000,12.471612,7.953188
21.390774,-82.344400,-258.000000,12.508569,8.001165
21.910774,-82.344400,-258.000000,12.337394,8.022159
22.430774,-82.344400,-258.000000,12.576514,8.075181
22.950774,-82.344400,-258.000000,12.455830,8.054713
23.470774,-82.344400,-258.000000,12.374022,7.955190
23.990774,-82.344400,-258.000000,12.613051,8.053156
24.510774,-82.344400,-258.000000,12.461584,8.021822
25.030774,-82.344400,-258.000000,12.424149,7.942556
25.550774,-82.344400,-258.000000,12.440542,8.095510
26.070774,-82.344400,-258.000000,12.441720,8.055016
26.590774,-82.344400,-258.000000,12.284180,7.969672
27.110774,-82.344400,-258.000000,12.203530,7.906312
27.630774,-82.344400,-258.000000,12.529347,8.040904
28.150774,-82.344400,-258.000000,12.204029,7.994438
28.670774,-82.344400,-258.000000,12.213598,8.071864
29.190774,-82.344400,-258.000000,12.323321,8.057989
29.710774,-82.344400,-258.000000,12.389812,8.065939
30.230774,-82.344400,-258.000000,12.150643,7.953808
30.750774,-82.344400,-258.000000,12.415338,8.058149
31.270774,-82.344400,-258.000000,12.127424,7.965534
31.790774,-82.344400,-258.000000,12.243896,8.098104
32.310774,-82.344400,-258.000000,12.460120,7.989756
32.830774,-82.344400,-258.000000,12.265804,8.132866
33.350774,-82.344400,-258.000000,12.078769,8.003524
33.870774,-82.344400,-258.000000,12.431098,8.150586
34.390774,-82.344400,-258.000000,12.359319,8.094303
34.910774,-82.344400,-258.000000,12.430462,8.184534
35.430774,-82.344400,-258.000000,12.466251,8.110128
35.950774,-82.344400,-258.000000,12.353976,8.069716
36.470774,-82.344400,-258.000000,12.462745,8.033394
36.990774,-82.344400,-258.000000,12.412296,8.057943
37.510774,-82.344400,-258.000000,12.455256,8.117149
38.030774,-82.344400,-258.000000,12.491488,7.986348
38.550774,-82.344400,-258.000000,12.584249,8.160117
39.070774,-82.344400,-258.000000,12.294679,7.965607
39.590774,-82.344400,-258.000000,12.276221,7.984308
40.110774,-82.344400,-258.000000,12.296818,8.120825
40.630774,-82.344400,-258.000000,12.281529,8.106813
41.150774,-82.344400,-258.000000,12.159354,8.067395
41.670774,-82.344400,-258.000000,12.524764,8.054939
42.190774,-82.344400,-258.000000,12.350928,8.021859
42.710774,-82.344400,-258.000000,12.486027,8.119731
43.230774,-82.344400,-258.000000,12.572115,8.124398
43.750774,-82.344400,-258.000000,12.168055,8.112707
44.270774,-82.344400,-258.000000,12.417531,8.123246
44.790774,-82.344400,-258.000000,12.352381,8.007611
45.310774,-82.344400,-258.000000,12.278548,8.044327
45.830774,-82.344400,-258.000000,12.401149,8.172711
46.350774,-82.344400,-258.000000,12.286386,8.051301
46.870774,-82.344400,-258.000000,12.278008,8.142877
47.390774,-82.344400,-258.000000,12.479570,8.058247
47.910774,-82.344400,-258.000000,12.465449,8.044914
48.430774,-82.344400,-258.000000,12.422954,8.011112
48.950774,-82.344400,-258.000000,12.470243,8.079041
49.470774,-82.344400,-258.000000,12.232076,8.066015
49.990774,-82.344400,-258.000000,12.466719,8.242621
50.510774,-82.344400,-258.000000,12.446975,8.109511
51.030774,-82.344400,-258.000000,12.170377,8.017288
51.550774,-82.344400,-258.000000,12.258968,8.075464
52.070774,-82.344400,-258.000000,12.477080,8.069175
52.590774,-82.344400,-258.000000,12.519977,8.069551
53.110774,-82.344400,-258.000000,12.414603,8.010326
53.630774,-82.344400,-258.000000,12.624258,8.051129
54.150774,-82.344400,-258.000000,12.330396,8.071725
54.670774,-82.344400,-258.000000,12.568500,8.033875
55.190774,-82.344400,-258.000000,12.404494,8.094140
55.710774,-82.344400,-258.000000,12.388753,8.082531
56.230774,-82.344400,-258.000000,12.267428,8.110543
56.750774,-82.344400,-258.000000,12.493510,8.093355
57.270774,-82.344400,-258.000000,12.473480,8.085795
57.790774,-82.344400,-258.000000,12.417140,8.046325
58.310774,-82.344400,-258.000000,12.298362,8.044752
58.830774,-82.344400,-258.000000,12.372425,8.056368
59.350774,-82.344400,-258.000000,12.324412,8.074641
59.870774,-82.344400,-258.000000,12.460693,8.090498
60.390774,-82.344400,-258.000000,12.213341,7.993587
60.910774,-82.344400,-258.000000,12.399016,8.110803
61.430774,-82.344400,-258.000000,12.241561,8.010691
61.950774,-82.344400,-258.000000,12.440514,8.102607
62.470774,-82.344400,-258.000000,12.377810,8.169586
62.990774,-82.344400,-258.000000,12.269007,8.091744
63.510774,-82.344400,-258.000000,12.515609,8.046018
64.030774,-82.344400,-258.000000,12.563891,8.086879
64.550774,-82.344400,-258.000000,12.402569,7.998623
65.070774,-82.344400,-258.000000,12.340366,8.054873
65.590774,-82.344400,-258.000000,12.555122,8.010856
66.110774,-82.344400,-258.000000,12.074603,8.045900
66.630774,-82.344400,-258.000000,12.233447,7.961105
67.150774,-82.344400,-258.000000,12.404117,8.066529
67.670774,-82.344400,-258.000000,12.300491,7.990554
68.190774,-82.344400,-258.000000,12.287124,7.972003
68.710774,-82.344400,-258.000000,12.227036,8.008488
69.230774,-82.344400,-258.000000,12.474564,8.179288
69.750774,-82.344400,-258.000000,12.332711,8.015885
70.270774,-82.344400,-258.000000,12.413907,7.988533
70.790774,-82.344400,-258.000000,12.523629,8.120136
71.310774,-82.344400,-258.000000,12.302775,7.986345
71.830774,-82.344400,-258.000000,12.384441,8.045112
72.350774,-82.344400,-258.000000,12.484186,8.026337
72.870774,-82.344400,-258.000000,12.503701,7.943031
73.390774,-82.344400,-258.000000,12.268797,7.917758
73.910774,-82.344400,-258.000000,12.543638,8.044821
74.430774,-82.344400,-258.000000,12.215514,7.975198
74.950774,-82.344400,-258.000000,12.265960,7.918506
75.470774,-82.344400,-258.000000,12.197987,7.977057
75.990774,-82.344400,-258.000000,12.321675,7.979364
13.070774,-81.824400,-258.000000,12.356853,7.746674
13.590774,-81.824400,-258.000000,12.386008,7.658356
14.110774,-81.824400,-258.000000,12.388201,7.818886
14.630774,-81.824400,-258.000000,12.273021,7.756917
15.150774,-81.824400,-258.000000,12.437626,7.859924
15.670774,-81.824400,-258.000000,12.342422,7.784683
16.190774,-81.824400,-258.000000,12.390510,7.833245
16.710774,-81.824400,-258.000000,12.523807,7.916158
17.230774,-81.824400,-258.000000,12.325437,7.896977
17.750774,-81.824400,-258.000000,12.304440,8.016269
18.270774,-81.824400,-258.000000,12.396109,7.995551
18.790774,-81.824400,-258.000000,12.543809,8.029387
19.310774,-81.824400,-258.000000,12.430746,8.010468
19.830774,-81.824400,-258.000000,12.557208,8.052231
20.350774,-81.824400,-258.000000,12.473365,8.006476
20.870774,-81.824400,-258.000000,12.435456,7.967758
21.390774,-81.824400,-258.000000,12.454982,8.021697
21.910774,-81.824400,-258.000000,12.342311,8.039716
22.430774,-81.824400,-258.000000,12.557738,8.066841
22.950774,-81.824400,-258.000000,12.469193,8.075978
23.470774,-81.824400,-258.000000,12.379515,7.973069
23.990774,-81.824400,-258.000000,12.661108,8.067883
24.510774,-81.824400,-258.000000,12.542917,8.014240
25.030774,-81.824400,-258.000000,12.422585,7.960659
25.550774,-81.824400,-258.000000,12.402530,8.083906
26.070774,-81.824400,-258.000000,12.416032,8.052473
26.590774,-81.824400,-258.000000,12.318092,7.997260
27.110774,-81.824400,-258.000000,12.127505,7.937409
27.630774,-81.824400,-258.000000,12.561842,8.072363
28.150774,-81.824400,-258.000000,12.145062,7.979619
28.670774,-81.824400,-258.000000,12.243081,8.071655
29.190774,-81.824400,-258.000000,12.276552,8.102149
29.710774,-81.824400,-258.000000,12.374122,8.067376
30.230774,-81.824400,-258.000000,12.172493,7.981170
30.750774,-81.824400,-258.000000,12.374792,8.043333
31.270774,-81.824400,-258.000000,12.208510,7.987222
31.790774,-81.824400,-258.000000,12.250344,8.084188
32.310774,-81.824400,-258.000000,12.419549,7.992729
32.830774,-81.824400,-258.000000,12.304236,8.147141
33.350774,-81.824400,-258.000000,12.091997,8.013473
33.870774,-81.824400,-258.000000,12.356383,8.171291
34.390774,-81.824400,-258.000000,12.343182,8.111292
34.910774,-81.824400,-258.000000,12.423312,8.193843
35.430774,-81.824400,-258.000000,12.438715,8.126207
35.950774,-81.824400,-258.000000,12.398364,8.136794
36.470774,-81.824400,-258.000000,12.451638,8.044622
36.990774,-81.824400,-258.000000,12.442343,8.061974
37.510774,-81.824400,-258.000000,12.342331,8.131780
38.030774,-81.824400,-258.000000,12.558796,8.010601
38.550774,-81.824400,-258.000000,12.534786,8.169306
39.070774,-81.824400,-258.000000,12.295918,8.011507
39.590774,-81.824400,-258.000000,12.280080,8.007895
40.110774,-81.824400,-258.000000,12.299544,8.141815
40.630774,-81.824400,-258.000000,12.279694,8.128208
41.150774,-81.824400,-258.000000,12.171419,8.072618
41.670774,-81.824400,-258.000000,12.519035,8.049478
42.190774,-81.824400,-258.000000,12.337692,8.020990
42.710774,-81.824400,-258.000000,12.521314,8.175186
43.230774,-81.824400,-258.000000,12.512961,8.112885
43.750774,-81.824400,-258.000000,12.279301,8.126782
44.270774,-81.824400,-258.000000,12.385895,8.110406
44.790774,-81.824400,-258.000000,12.363316,8.016787
45.310774,-81.824400,-258.000000,12.236562,8.083810
45.830774,-81.824400,-258.000000,12.408976,8.173177
46.350774,-81.824400,-258.000000,12.295419,8.109399
46.870774,-81.824400,-258.000000,12.302317,8.158367
47.390774,-81.824400,-258.000000,12.445584,8.023383
47.910774,-81.824400,-258.000000,12.421240,8.042820
48.430774,-81.824400,-258.000000,12.419148,8.027705
48.950774,-81.824400,-258.000000,12.465435,8.126692
49.470774,-81.824400,-258.000000,12.205039,8.062404
49.990774,-81.824400,-258.000000,12.584915,8.239567
50.510774,-81.824400,-258.000000,12.375629,8.097821
51.030774,-81.824400,-258.000000,12.187559,8.006660
51.550774,-81.824400,-258.000000,12.324870,8.082969
52.070774,-81.824400,-258.000000,12.432358,8.078603
52.590774,-81.824400,-258.000000,12.522371,8.108306
53.110774,-81.824400,-258.000000,12.359079,7.999939
53.630774,-81.824400,-258.000000,12.581360,8.053008
54.150774,-81.824400,-258.000000,12.289344,8.079641
54.670774,-81.824400,-258.000000,12.580793,8.040364
55.190774,-81.824400,-258.000000,12.420250,8.082113
55.710774,-81.824400,-258.000000,12.379224,8.101257
56.230774,-81.824400,-258.000000,12.295003,8.100226
56.750774,-81.824400,-258.000000,12.516859,8.088629
57.270774,-81.824400,-258.000000,12.431589,8.093686
57.790774,-81.824400,-258.000000,12.394200,8.044111
58.310774,-81.824400,-258.000000,12.359622,8.104674
58.830774,-81.824400,-258.000000,12.347715,8.051446
59.350774,-81.824400,-258.000000,12.263446,8.075492
59.870774,-81.824400,-258.000000,12.447338,8.091546
60.390774,-81.824400,-258.000000,12.197936,8.016456
60.910774,-81.824400,-258.000000,12.376346,8.093682
61.430774,-81.824400,-258.000000,12.277507,8.035864
61.950774,-81.824400,-258.000000,12.350945,8.103800
62.470774,-81.824400,-258.000000,12.436549,8.188005
62.990774,-81.824400,-258.000000,12.267300,8.111144
63.510774,-81.824400,-258.000000,12.512866,8.054979
64.030774,-81.824400,-258.000000,12.556502,8.067128
64.550774,-81.824400,-258.000000,12.424678,8.057116
65.070774,-81.824400,-258.000000,12.319621,8.070445
65.590774,-81.824400,-258.000000,12.562340,8.033717
66.110774,-81.824400,-258.000000,12.101026,8.050015
66.630774,-81.824400,-258.000000,12.253778,7.976916
67.150774,-81.824400,-258.000000,12.427596,8.077265
67.670774,-81.824400,-258.000000,12.311603,7.998051
68.190774,-81.824400,-258.000000,12.313819,8.012990
68.710774,-81.824400,-258.000000,12.197026,8.015742
69.230774,-81.824400,-258.000000,12.385352,8.189930
69.750774,-81.824400,-258.000000,12.360567,8.022241
70.270774,-81.824400,-258.000000,12.384687,8.016734
70.790774,-81.824400,-258.000000,12.476783,8.123293
71.310774,-81.824400,-258.000000,12.332881,8.021208
71.830774,-81.824400,-258.000000,12.319409,8.045229
72.350774,-81.824400,-258.000000,12.375643,8.034112
72.870774,-81.824400,-258.000000,12.537826,7.991379
73.390774,-81.824400,-258.000000,12.248330,7.928427
73.910774,-81.824400,-258.000000,12.491598,8.079443
74.430774,-81.824400,-258.000000,12.181999,7.980369
74.950774,-81.824400,-258.000000,12.254306,7.916743
75.470774,-81.824400,-258.000000,12.085280,7.948754
75.990774,-81.824400,-258.000000,12.397647,8.008964
13.070774,-81.304400,-258.000000,12.416636,7.781246
75.990774,-81.304400,-258.000000,12.354808,8.024863
13.070774,-82.344400,-257.000000,12.409605,7.668616
13.590774,-82.344400,-257.000000,12.380035,7.657244
14.110774,-82.344400,-257.000000,12.614584,7.788874
14.630774,-82.344400,-257.000000,12.516926,7.772398
15.150774,-82.344400,-257.000000,12.591991,7.866282
15.670774,-82.344400,-257.000000,12.425243,7.925614
16.190774,-82.344400,-257.000000,12.454743,7.925313
16.710774,-82.344400,-257.000000,12.344957,7.917680
17.230774,-82.344400,-257.000000,12.361495,7.954887
17.750774,-82.344400,-257.000000,12.424296,7.978943
18.270774,-82.344400,-257.000000,12.424267,7.946531
18.790774,-82.344400,-257.000000,12.666110,7.940638
19.310774,-82.344400,-257.000000,12.546287,7.883485
19.830774,-82.344400,-257.000000,12.324883,7.946074
20.350774,-82.344400,-257.000000,12.488692,8.063657
20.870774,-82.344400,-257.000000,12.083467,7.914205
21.390774,-82.344400,-257.000000,12.416704,8.036418
21.910774,-82.344400,-257.000000,12.414741,7.960304
22.430774,-82.344400,-257.000000,12.172211,7.983778
22.950774,-82.344400,-257.000000,12.477679,7.992631
23.470774,-82.344400,-257.000000,12.427192,8.027699
23.990774,-82.344400,-257.000000,12.467686,8.029638
24.510774,-82.344400,-257.000000,12.384345,7.999550
25.030774,-82.344400,-257.000000,12.213662,7.995124
25.550774,-82.344400,-257.000000,12.525017,8.025401
26.070774,-82.344400,-257.000000,12.218875,8.005033
26.590774,-82.344400,-257.000000,12.507907,8.044200
27.110774,-82.344400,-257.000000,12.472482,8.040582
27.630774,-82.344400,-257.000000,12.546395,8.071568
28.150774,-82.344400,-257.000000,12.305525,8.013104
28.670774,-82.344400,-257.000000,12.542956,8.033205
29.190774,-82.344400,-257.000000,12.239751,7.974709
29.710774,-82.344400,-257.000000,12.511077,7.976166
30.230774,-82.344400,-257.000000,12.180305,8.047947
30.750774,-82.344400,-257.000000,12.392648,8.040160
31.270774,-82.344400,-257.000000,12.330573,8.049766
31.790774,-82.344400,-257.000000,12.296767,8.063289
32.310774,-82.344400,-257.000000,12.122501,7.941694
32.830774,-82.344400,-257.000000,12.353558,8.047393
33.350774,-82.344400,-257.000000,12.330792,8.121080
33.870774,-82.344400,-257.000000,12.489442,8.032440
34.390774,-82.344400,-257.000000,12.271138,8.034317
34.910774,-82.344400,-257.000000,12.490802,7.980892
35.430774,-82.344400,-257.000000,12.207650,8.071915
35.950774,-82.344400,-257.000000,12.422573,8.034989
36.470774,-82.344400,-257.000000,12.415608,8.127995
36.990774,-82.344400,-257.000000,12.496978,8.014711
37.510774,-82.344400,-257.000000,12.194170,7.981728
38.030774,-82.344400,-257.000000,12.401601,8.078076
38.550774,-82.344400,-257.000000,12.277282,8.107875
39.070774,-82.344400,-257.000000,12.323754,8.051044
39.590774,-82.344400,-257.000000,12.359225,8.120954
40.110774,-82.344400,-257.000000,12.137395,8.046549
40.630774,-82.344400,-257.000000,12.301224,8.102877
41.150774,-82.344400,-257.000000,12.460525,8.079648
41.670774,-82.344400,-257.000000,12.422381,8.011978
42.190774,-82.344400,-257.000000,12.552119,8.124762
42.710774,-82.344400,-257.000000,12.401258,8.029078
43.230774,-82.344400,-257.000000,12.332984,8.010498
43.750774,-82.344400,-257.000000,12.541587,8.124045
44.270774,-82.344400,-257.000000,12.218005,8.050451
44.790774,-82.344400,-257.000000,12.463324,8.140766
45.310774,-82.344400,-257.000000,12.226845,8.046062
45.830774,-82.344400,-257.000000,12.244564,8.057224
46.350774,-82.344400,-257.000000,12.414041,8.164463
46.870774,-82.344400,-257.000000,12.354199,8.104052
47.390774,-82.344400,-257.000000,12.388625,7.991227
47.910774,-82.344400,-257.000000,12.451775,8.030927
48.430774,-82.344400,-257.000000,12.306247,8.018004
48.950774,-82.344400,-257.000000,12.232823,8.036891
49.470774,-82.344400,-257.000000,12.562165,8.035156
49.990774,-82.344400,-257.000000,12.318411,8.015615
50.510774,-82.344400,-257.000000,12.226055,7.985878
51.030774,-82.344400,-257.000000,12.540311,8.027658
51.550774,-82.344400,-257.000000,12.402853,8.142323
52.070774,-82.344400,-257.000000,12.495830,8.048517
52.590774,-82.344400,-257.000000,12.495349,8.057953
53.110774,-82.344400,-257.000000,12.319297,8.027455
53.630774,-82.344400,-257.000000,12.301333,8.017508
54.150774,-82.344400,-257.000000,12.492206,8.100670
54.670774,-82.344400,-257.000000,12.373781,7.965110
55.190774,-82.344400,-257.000000,12.452556,8.096945
55.710774,-82.344400,-257.000000,12.663258,8.151001
56.230774,-82.344400,-257.000000,12.479934,8.039726
56.750774,-82.344400,-257.000000,12.352128,8.099956
57.270774,-82.344400,-257.000000,12.535152,8.090260
57.790774,-82.344400,-257.000000,12.408303,8.067812
58.310774,-82.344400,-257.000000,12.511752,8.047763
58.830774,-82.344400,-257.000000,12.224812,8.032760
59.350774,-82.344400,-257.000000,12.575164,8.129961
59.870774,-82.344400,-257.000000,12.340020,8.050246
60.390774,-82.344400,-257.000000,12.393730,8.114273
60.910774,-82.344400,-257.000000,12.346610,8.041506
61.430774,-82.344400,-257.000000,12.461211,8.180608
61.950774,-82.344400,-257.000000,12.437393,8.105340
62.470774,-82.344400,-257.000000,12.128775,7.992722
62.990774,-82.344400,-257.000000,12.436812,8.018584
63.510774,-82.344400,-257.000000,12.394999,8.022195
64.030774,-82.344400,-257.000000,12.230361,8.023389
64.550774,-82.344400,-257.000000,12.410686,8.018351
65.070774,-82.344400,-257.000000,12.358471,8.078698
65.590774,-82.344400,-257.000000,12.346874,8.004674
66.110774,-82.344400,-257.000000,12.409592,8.061861
66.630774,-82.344400,-257.000000,12.290871,8.043518
67.150774,-82.344400,-257.000000,12.226229,8.021835
67.670774,-82.344400,-257.000000,12.345069,8.092955
68.190774,-82.344400,-257.000000,12.396341,8.024913
68.710774,-82.344400,-257.000000,12.203062,7.998963
69.230774,-82.344400,-257.000000,12.185303,7.972688
69.750774,-82.344400,-257.000000,12.333415,8.024325
70.270774,-82.344400,-257.000000,12.482990,8.054091
70.790774,-82.344400,-257.000000,12.120729,8.115765
71.310774,-82.344400,-257.000000,12.341895,7.950694
71.830774,-82.344400,-257.000000,12.254219,7.981687
72.350774,-82.344400,-257.000000,12.693772,8.066061
72.870774,-82.344400,-257.000000,12.657340,8.196608
73.390774,-82.344400,-257.000000,12.242667,8.068601
73.910774,-82.344400,-257.000000,12.489046,8.020683
74.430774,-82.344400,-257.000000,12.551511,8.035703
74.950774,-82.344400,-257.000000,12.279719,8.018703
75.470774,-82.344400,-257.000000,12.441247,7.931365
75.990774,-82.344400,-257.000000,12.192477,8.025751
13.070774,-81.824400,-257.000000,12.488673,7.657026
13.590774,-81.824400,-257.000000,12.322196,7.662857
14.110774,-81.824400,-257.000000,12.603931,7.812331
14.630774,-81.824400,-257.000000,12.431046,7.775078
15.150774,-81.824400,-257.000000,12.586319,7.845771
15.670774,-81.824400,-257.000000,12.367154,7.923767
16.190774,-81.824400,-257.000000,12.561221,7.915829
16.710774,-81.824400,-257.000000,12.250925,7.923067
17.230774,-81.824400,-257.000000,12.310966,7.981122
17.750774,-81.824400,-257.000000,12.371287,7.960650
18.270774,-81.824400,-257.000000,12.445652,7.921113
18.790774,-81.824400,-257.000000,12.635796,7.923896
19.310774,-81.824400,-257.000000,12.524682,7.891868
19.830774,-81.824400,-257.000000,12.208072,7.911046
20.350774,-81.824400,-257.000000,12.523703,8.087639
20.870774,-81.824400,-257.000000,12.056752,7.905297
21.390774,-81.824400,-257.000000,12.409922,8.039958
21.910774,-81.824400,-257.000000,12.416850,7.976813
22.430774,-81.824400,-257.000000,12.119487,7.980358
22.950774,-81.824400,-257.000000,12.464434,7.974241
23.470774,-81.824400,-257.000000,12.422491,8.048808
23.990774,-81.824400,-257.000000,12.456458,8.029776
24.510774,-81.824400,-257.000000,12.388858,8.046742
25.030774,-81.824400,-257.000000,12.238103,8.026592
25.550774,-81.824400,-257.000000,12.539205,8.030852
26.070774,-81.824400,-257.000000,12.278197,8.051311
26.590774,-81.824400,-257.000000,12.452045,8.048034
27.110774,-81.824400,-257.000000,12.421518,8.039438
27.630774,-81.824400,-257.000000,12.589580,8.075727
28.150774,-81.824400,-257.000000,12.365560,8.024091
28.670774,-81.824400,-257.000000,12.511115,8.052616
29.190774,-81.824400,-257.000000,12.249444,7.981623
29.710774,-81.824400,-257.000000,12.394427,7.975402
30.230774,-81.824400,-257.000000,12.181844,8.060082
30.750774,-81.824400,-257.000000,12.400507,8.059617
31.270774,-81.824400,-257.000000,12.359123,8.035121
31.790774,-81.824400,-257.000000,12.173206,8.034058
32.310774,-81.824400,-257.000000,12.149496,7.988931
32.830774,-81.824400,-257.000000,12.372916,8.047442
33.350774,-81.824400,-257.000000,12.315846,8.128648
33.870774,-81.824400,-257.000000,12.428347,8.022827
34.390774,-81.824400,-257.000000,12.299738,8.050094
34.910774,-81.824400,-257.000000,12.480247,7.986403
35.430774,-81.824400,-257.000000,12.221169,8.074918
35.950774,-81.824400,-257.000000,12.364503,8.038881
36.470774,-81.824400,-257.000000,12.381389,8.113373
36.990774,-81.824400,-257.000000,12.444118,8.023704
37.510774,-81.824400,-257.000000,12.178479,7.966610
38.030774,-81.824400,-257.000000,12.372695,8.070332
38.550774,-81.824400,-257.000000,12.366934,8.139709
39.070774,-81.824400,-257.000000,12.276711,8.060514
39.590774,-81.824400,-257.000000,12.345325,8.143227
40.110774,-81.824400,-257.000000,12.173805,8.034876
40.630774,-81.824400,-257.000000,12.327113,8.133234
41.150774,-81.824400,-257.000000,12.485377,8.083971
41.670774,-81.824400,-257.000000,12.254241,8.028982
42.190774,-81.824400,-257.000000,12.506415,8.123532
42.710774,-81.824400,-257.000000,12.381593,8.031524
43.230774,-81.824400,-257.000000,12.293913,8.022059
43.750774,-81.824400,-257.000000,12.499767,8.126328
44.270774,-81.824400,-257.000000,12.260920,8.094944
44.790774,-81.824400,-257.000000,12.525856,8.138240
45.310774,-81.824400,-257.000000,12.276259,8.068136
45.830774,-81.824400,-257.000000,12.170137,8.044424
46.350774,-81.824400,-257.000000,12.479307,8.170708
46.870774,-81.824400,-257.000000,12.307258,8.106320
47.390774,-81.824400,-257.000000,12.312810,7.980748
47.910774,-81.824400,-257.000000,12.455319,8.033667
48.430774,-81.824400,-257.000000,12.286404,7.991920
48.950774,-81.824400,-257.000000,12.189818,8.068784
49.470774,-81.824400,-257.000000,12.454351,8.026541
49.990774,-81.824400,-257.000000,12.254340,8.015016
50.510774,-81.824400,-257.000000,12.252364,8.021432
51.030774,-81.824400,-257.000000,12.545477,8.065678
51.550774,-81.824400,-257.000000,12.289523,8.166848
52.070774,-81.824400,-257.000000,12.470335,8.016697
52.590774,-81.824400,-257.000000,12.588669,8.103379
53.110774,-81.824400,-257.000000,12.327453,8.010689
53.630774,-81.824400,-257.000000,12.350959,8.055357
54.150774,-81.824400,-257.000000,12.520370,8.107265
54.670774,-81.824400,-257.000000,12.372937,7.985771
55.190774,-81.824400,-257.000000,12.420302,8.105512
55.710774,-81.824400,-257.000000,12.620408,8.168657
56.230774,-81.824400,-257.000000,12.506865,8.088786
56.750774,-81.824400,-257.000000,12.266196,8.062952
57.270774,-81.824400,-257.000000,12.485462,8.087540
57.790774,-81.824400,-257.000000,12.455890,8.084882
58.310774,-81.824400,-257.000000,12.431725,8.065216
58.830774,-81.824400,-257.000000,12.286089,8.027599
59.350774,-81.824400,-257.000000,12.533853,8.154166
59.870774,-81.824400,-257.000000,12.364423,8.050359
60.390774,-81.824400,-257.000000,12.379845,8.106637
60.910774,-81.824400,-257.000000,12.323703,8.089799
61.430774,-81.824400,-257.000000,12.405174,8.196867
61.950774,-81.824400,-257.000000,12.437325,8.129941
62.470774,-81.824400,-257.000000,12.125829,8.027760
62.990774,-81.824400,-257.000000,12.376825,8.027818
63.510774,-81.824400,-257.000000,12.400305,8.035979
64.030774,-81.824400,-257.000000,12.158393,8.011915
64.550774,-81.824400,-257.000000,12.415630,8.020049
65.070774,-81.824400,-257.000000,12.400323,8.058641
65.590774,-81.824400,-257.000000,12.363643,8.010956
66.110774,-81.824400,-257.000000,12.358169,8.055468
66.630774,-81.824400,-257.000000,12.277835,8.077060
67.150774,-81.824400,-257.000000,12.215875,8.016968
67.670774,-81.824400,-257.000000,12.287646,8.096435
68.190774,-81.824400,-257.000000,12.385398,8.018448
68.710774,-81.824400,-257.000000,12.230807,7.974605
69.230774,-81.824400,-257.000000,12.225871,8.006750
69.750774,-81.824400,-257.000000,12.327119,8.015961
70.270774,-81.824400,-257.000000,12.421314,8.052962
70.790774,-81.824400,-257.000000,12.121739,8.107421
71.310774,-81.824400,-257.000000,12.402726,7.972568
71.830774,-81.824400,-257.000000,12.323529,8.015557
72.350774,-81.824400,-257.000000,12.639452,8.067840
72.870774,-81.824400,-257.000000,12.648104,8.160092
73.390774,-81.824400,-257.000000,12.270625,8.079444
73.910774,-81.824400,-257.000000,12.429257,8.027891
74.430774,-81.824400,-257.000000,12.626838,8.044721
74.950774,-81.824400,-257.000000,12.258985,8.008654
75.470774,-81.824400,-257.000000,12.478477,7.978616
75.990774,-81.824400,-257.000000,12.112168,8.004529
13.070774,-81.304400,-257.000000,12.443555,7.646710
75.990774,-81.304400,-257.000000,12.068614,8.002047
13.070774,-82.344400,-256.000000,12.430429,7.646921
13.590774,-82.344400,-256.000000,12.369285,7.660774
14.110774,-82.344400,-256.000000,12.599132,7.822321
14.630774,-82.344400,-256.000000,12.371060,7.854353
15.150774,-82.344400,-256.000000,12.519227,7.846626
15.670774,-82.344400,-256.000000,12.351607,7.879984
16.190774,-82.344400,-256.000000,12.273617,7.813719
16.710774,-82.344400,-256.000000,12.412841,7.801792
17.230774,-82.344400,-256.000000,12.600362,7.937013
17.750774,-82.344400,-256.000000,12.129282,7.815707
18.270774,-82.344400,-256.000000,12.298787,7.918325
18.790774,-82.344400,-256.000000,12.502030,8.081889
19.310774,-82.344400,-256.000000,12.128293,7.933313
19.830774,-82.344400,-256.000000,12.666123,8.006400
20.350774,-82.344400,-256.000000,12.571957,7.994374
20.870774,-82.344400,-256.000000,12.491603,8.063666
21.390774,-82.344400,-256.000000,12.324906,8.080112
21.910774,-82.344400,-256.000000,12.434891,8.006142
22.430774,-82.344400,-256.000000,12.322249,7.945426
22.950774,-82.344400,-256.000000,12.282086,7.957551
23.470774,-82.344400,-256.000000,12.564848,8.049929
23.990774,-82.344400,-256.000000,12.350808,8.044532
24.510774,-82.344400,-256.000000,12.360671,8.011572
25.030774,-82.344400,-256.000000,12.641620,8.125226
25.550774,-82.344400,-256.000000,12.441978,7.968456
26.070774,-82.344400,-256.000000,12.377094,8.091232
26.590774,-82.344400,-256.000000,12.413882,8.036291
27.110774,-82.344400,-256.000000,12.452356,8.041008
27.630774,-82.344400,-256.000000,12.148807,7.930192
28.150774,-82.344400,-256.000000,12.475539,8.076150
28.670774,-82.344400,-256.000000,12.414176,8.042526
29.190774,-82.344400,-256.000000,12.143696,8.048242
29.710774,-82.344400,-256.000000,12.421901,8.007399
30.230774,-82.344400,-256.000000,12.414631,7.995114
30.750774,-82.344400,-256.000000,12.410899,8.011250
31.270774,-82.344400,-256.000000,12.338504,8.124507
31.790774,-82.344400,-256.000000,12.244932,8.047301
32.310774,-82.344400,-256.000000,12.322721,8.033027
32.830774,-82.344400,-256.000000,12.588744,8.076272
33.350774,-82.344400,-256.000000,12.526666,8.109903
33.870774,-82.344400,-256.000000,12.558910,8.120621
34.390774,-82.344400,-256.000000,12.230030,8.087599
34.910774,-82.344400,-256.000000,12.315457,8.037532
35.430774,-82.344400,-256.000000,12.493642,8.188496
35.950774,-82.344400,-256.000000,12.503988,8.125604
36.470774,-82.344400,-256.000000,12.069327,8.116791
36.990774,-82.344400,-256.000000,12.436413,8.084858
37.510774,-82.344400,-256.000000,12.269393,7.947906
38.030774,-82.344400,-256.000000,12.647090,8.102499
38.550774,-82.344400,-256.000000,12.323721,8.029897
39.070774,-82.344400,-256.000000,12.428539,8.015161
39.590774,-82.344400,-256.000000,12.519958,7.996442
40.110774,-82.344400,-256.000000,12.376962,8.120457
40.630774,-82.344400,-256.000000,12.358334,8.065021
41.150774,-82.344400,-256.000000,12.343898,8.045837
41.670774,-82.344400,-256.000000,12.356709,8.144361
42.190774,-82.344400,-256.000000,12.303823,7.969537
42.710774,-82.344400,-256.000000,12.321940,8.092193
43.230774,-82.344400,-256.000000,12.526189,8.114747
43.750774,-82.344400,-256.000000,12.495830,8.060171
44.270774,-82.344400,-256.000000,12.403491,8.147824
44.790774,-82.344400,-256.000000,12.307086,7.941979
45.310774,-82.344400,-256.000000,12.319667,7.981778
45.830774,-82.344400,-256.000000,12.071606,7.986080
46.350774,-82.344400,-256.000000,12.464271,8.063038
46.870774,-82.344400,-256.000000,12.514888,8.138288
47.390774,-82.344400,-256.000000,12.026237,7.975022
47.910774,-82.344400,-256.000000,12.286512,7.976031
48.430774,-82.344400,-256.000000,12.237396,8.128890
48.950774,-82.344400,-256.000000,12.477485,8.130810
49.470774,-82.344400,-256.000000,12.288424,8.118216
49.990774,-82.344400,-256.000000,12.350127,8.021645
50.510774,-82.344400,-256.000000,12.213895,8.094615
51.030774,-82.344400,-256.000000,12.435786,7.984595
51.550774,-82.344400,-256.000000,12.334791,8.040125
52.070774,-82.344400,-256.000000,12.380690,8.040353
52.590774,-82.344400,-256.000000,12.552501,8.130040
53.110774,-82.344400,-256.000000,12.494028,8.013393
53.630774,-82.344400,-256.000000,12.293011,8.059767
54.150774,-82.344400,-256.000000,12.385021,8.137485
54.670774,-82.344400,-256.000000,12.484615,8.132648
55.190774,-82.344400,-256.000000,12.413756,8.076950
55.710774,-82.344400,-256.000000,12.256678,7.980154
56.230774,-82.344400,-256.000000,12.345157,8.083969
56.750774,-82.344400,-256.000000,12.332577,8.056548
57.270774,-82.344400,-256.000000,12.267035,8.097898
57.790774,-82.344400,-256.000000,12.303667,8.152831
58.310774,-82.344400,-256.000000,12.257720,8.000363
58.830774,-82.344400,-256.000000,12.406790,8.180103
59.350774,-82.344400,-256.000000,12.279268,8.012248
59.870774,-82.344400,-256.000000,12.204546,8.033135
60.390774,-82.344400,-256.000000,12.680992,8.152939
60.910774,-82.344400,-256.000000,12.386502,8.087675
61.430774,-82.344400,-256.000000,12.475356,8.075250
61.950774,-82.344400,-256.000000,12.328366,8.017815
62.470774,-82.344400,-256.000000,12.279212,8.077135
62.990774,-82.344400,-256.000000,12.501428,8.121345
63.510774,-82.344400,-256.000000,12.478035,8.019304
64.030774,-82.344400,-256.000000,12.241696,8.004525
64.550774,-82.344400,-256.000000,12.286230,8.037837
65.070774,-82.344400,-256.000000,12.287958,8.066209
65.590774,-82.344400,-256.000000,12.421117,7.994555
66.110774,-82.344400,-256.000000,12.333875,8.035749
66.630774,-82.344400,-256.000000,12.446129,7.998604
67.150774,-82.344400,-256.000000,12.516761,8.108634
67.670774,-82.344400,-256.000000,12.429210,8.040071
68.190774,-82.344400,-256.000000,12.389031,7.995255
68.710774,-82.344400,-256.000000,12.559028,8.087651
69.230774,-82.344400,-256.000000,12.347910,8.025216
69.750774,-82.344400,-256.000000,12.319723,7.996466
70.270774,-82.344400,-256.000000,12.578002,8.140756
70.790774,-82.344400,-256.000000,12.510288,7.979589
71.310774,-82.344400,-256.000000,12.455611,7.999102
71.830774,-82.344400,-256.000000,12.372481,8.031008
72.350774,-82.344400,-256.000000,12.331738,8.060496
72.870774,-82.344400,-256.000000,12.509171,7.996412
73.390774,-82.344400,-256.000000,12.110242,8.021420
73.910774,-82.344400,-256.000000,12.384247,8.047928
74.430774,-82.344400,-256.000000,12.285438,7.997254
74.950774,-82.344400,-256.000000,12.426215,8.047378
75.470774,-82.344400,-256.000000,12.060266,7.917376
75.990774,-82.344400,-256.000000,12.328057,7.926684
13.070774,-81.824400,-256.000000,12.376342,7.645268
13.590774,-81.824400,-256.000000,12.357534,7.666162
14.110774,-81.824400,-256.000000,12.693002,7.833433
14.630774,-81.824400,-256.000000,12.333702,7.861236
15.150774,-81.824400,-256.000000,12.440050,7.848688
15.670774,-81.824400,-256.000000,12.383904,7.907538
16.190774,-81.824400,-256.000000,12.252340,7.765811
16.710774,-81.824400,-256.000000,12.426077,7.839796
17.230774,-81.824400,-256.000000,12.598278,7.922477
17.750774,-81.824400,-256.000000,12.242196,7.877679
18.270774,-81.824400,-256.000000,12.205812,7.915100
18.790774,-81.824400,-256.000000,12.563224,8.103095
19.310774,-81.824400,-256.000000,12.131702,7.929649
19.830774,-81.824400,-256.000000,12.611993,8.029555
20.350774,-81.824400,-256.000000,12.482078,8.004486
20.870774,-81.824400,-256.000000,12.427910,8.098847
21.390774,-81.824400,-256.000000,12.358329,8.071933
21.910774,-81.824400,-256.000000,12.496680,8.047217
22.430774,-81.824400,-256.000000,12.271120,7.929886
22.950774,-81.824400,-256.000000,12.288806,7.962834
23.470774,-81.824400,-256.000000,12.496062,8.055352
23.990774,-81.824400,-256.000000,12.303024,8.052360
24.510774,-81.824400,-256.000000,12.345681,7.983980
25.030774,-81.824400,-256.000000,12.645331,8.130157
25.550774,-81.824400,-256.000000,12.412270,7.983687
26.070774,-81.824400,-256.000000,12.335548,8.074796
26.590774,-81.824400,-256.000000,12.379939,8.038783
27.110774,-81.824400,-256.000000,12.463479,8.028172
27.630774,-81.824400,-256.000000,12.151977,7.968152
28.150774,-81.824400,-256.000000,12.413202,8.057026
28.670774,-81.824400,-256.000000,12.461895,8.101231
29.190774,-81.824400,-256.000000,12.054021,8.036752
29.710774,-81.824400,-256.000000,12.451712,8.014845
30.230774,-81.824400,-256.000000,12.441878,7.995470
30.750774,-81.824400,-256.000000,12.414216,7.992195
31.270774,-81.824400,-256.000000,12.250762,8.161777
31.790774,-81.824400,-256.000000,12.229786,8.018779
32.310774,-81.824400,-256.000000,12.374503,8.064223
32.830774,-81.824400,-256.000000,12.516230,8.102097
33.350774,-81.824400,-256.000000,12.437674,8.129827
33.870774,-81.824400,-256.000000,12.542669,8.116992
34.390774,-81.824400,-256.000000,12.272239,8.082300
34.910774,-81.824400,-256.000000,12.230474,8.058752
35.430774,-81.824400,-256.000000,12.507934,8.169180
35.950774,-81.824400,-256.000000,12.465125,8.139071
36.470774,-81.824400,-256.000000,12.054816,8.091280
36.990774,-81.824400,-256.000000,12.395378,8.078589
37.510774,-81.824400,-256.000000,12.259679,8.005167
38.030774,-81.824400,-256.000000,12.629462,8.111979
38.550774,-81.824400,-256.000000,12.353333,8.028455
39.070774,-81.824400,-256.000000,12.435664,8.021586
39.590774,-81.824400,-256.000000,12.495960,8.003520
40.110774,-81.824400,-256.000000,12.364583,8.103743
40.630774,-81.824400,-256.000000,12.331363,8.068753
41.150774,-81.824400,-256.000000,12.394639,8.095614
41.670774,-81.824400,-256.000000,12.362308,8.141767
42.190774,-81.824400,-256.000000,12.255342,7.979350
42.710774,-81.824400,-256.000000,12.350339,8.096132
43.230774,-81.824400,-256.000000,12.522178,8.079459
43.750774,-81.824400,-256.000000,12.508927,8.076783
44.270774,-81.824400,-256.000000,12.421835,8.150916
44.790774,-81.824400,-256.000000,12.293292,7.963281
45.310774,-81.824400,-256.000000,12.232020,7.984194
45.830774,-81.824400,-256.000000,12.059304,8.013687
46.350774,-81.824400,-256.000000,12.527963,8.094661
46.870774,-81.824400,-256.000000,12.463604,8.124838
47.390774,-81.824400,-256.000000,12.094585,8.015790
47.910774,-81.824400,-256.000000,12.162938,7.988600
48.430774,-81.824400,-256.000000,12.210345,8.139638
48.950774,-81.824400,-256.000000,12.482813,8.113145
49.470774,-81.824400,-256.000000,12.320683,8.117841
49.990774,-81.824400,-256.000000,12.330880,8.025923
50.510774,-81.824400,-256.000000,12.273032,8.097288
51.030774,-81.824400,-256.000000,12.391050,8.020205
51.550774,-81.824400,-256.000000,12.362052,8.026382
52.070774,-81.824400,-256.000000,12.337819,8.050927
52.590774,-81.824400,-256.000000,12.486609,8.108729
53.110774,-81.824400,-256.000000,12.513161,8.028229
53.630774,-81.824400,-256.000000,12.249164,8.038529
54.150774,-81.824400,-256.000000,12.306952,8.110959
54.670774,-81.824400,-256.000000,12.483177,8.157391
55.190774,-81.824400,-256.000000,12.370346,8.089188
55.710774,-81.824400,-256.000000,12.303584,7.971895
56.230774,-81.824400,-256.000000,12.360641,8.089760
56.750774,-81.824400,-256.000000,12.349711,8.089725
57.270774,-81.824400,-256.000000,12.333642,8.112967
57.790774,-81.824400,-256.000000,12.318971,8.177789
58.310774,-81.824400,-256.000000,12.235807,7.987780
58.830774,-81.824400,-256.000000,12.374959,8.175282
59.350774,-81.824400,-256.000000,12.224544,8.015642
59.870774,-81.824400,-256.000000,12.256459,8.040786
60.390774,-81.824400,-256.000000,12.657470,8.152999
60.910774,-81.824400,-256.000000,12.382603,8.092699
61.430774,-81.824400,-256.000000,12.437671,8.058416
61.950774,-81.824400,-256.000000,12.309258,7.983736
62.470774,-81.824400,-256.000000,12.226089,8.090395
62.990774,-81.824400,-256.000000,12.576564,8.120221
63.510774,-81.824400,-256.000000,12.463012,8.041922
64.030774,-81.824400,-256.000000,12.219650,8.022782
64.550774,-81.824400,-256.000000,12.315383,8.073324
65.070774,-81.824400,-256.000000,12.211762,8.057614
65.590774,-81.824400,-256.000000,12.443477,8.005872
66.110774,-81.824400,-256.000000,12.228101,8.010665
66.630774,-81.824400,-256.000000,12.375416,8.019429
67.150774,-81.824400,-256.000000,12.508529,8.097628
67.670774,-81.824400,-256.000000,12.430894,8.054436
68.190774,-81.824400,-256.000000,12.335029,8.009145
68.710774,-81.824400,-256.000000,12.560136,8.101251
69.230774,-81.824400,-256.000000,12.365825,8.002168
69.750774,-81.824400,-256.000000,12.263081,8.055830
70.270774,-81.824400,-256.000000,12.514339,8.108641
70.790774,-81.824400,-256.000000,12.506656,7.991541
71.310774,-81.824400,-256.000000,12.477888,8.004904
71.830774,-81.824400,-256.000000,12.404039,8.032185
72.350774,-81.824400,-256.000000,12.380022,8.077117
72.870774,-81.824400,-256.000000,12.441859,7.993472
73.390774,-81.824400,-256.000000,12.119931,8.028972
73.910774,-81.824400,-256.000000,12.348839,8.068253
74.430774,-81.824400,-256.000000,12.295807,8.007982
74.950774,-81.824400,-256.000000,12.409414,8.039843
75.470774,-81.824400,-256.000000,12.066219,7.916879
75.990774,-81.824400,-256.000000,12.291252,7.934499
13.070774,-81.304400,-256.000000,12.366024,7.639902
75.990774,-81.304400,-256.000000,12.253711,7.927456
13.070774,-82.344400,-255.000000,12.381325,7.699849
13.590774,-82.344400,-255.000000,12.344613,7.709774
14.110774,-82.344400,-255.000000,12.451589,7.835673
14.630774,-82.344400,-255.000000,12.503224,7.782339
15.150774,-82.344400,-255.000000,12.285254,7.769047
15.670774,-82.344400,-255.000000,12.371550,7.859900
16.190774,-82.344400,-255.000000,12.229454,7.843801
16.710774,-82.344400,-255.000000,12.146780,7.820346
17.230774,-82.344400,-255.000000,12.496251,7.916289
17.750774,-82.344400,-255.000000,12.027625,7.929351
18.270774,-82.344400,-255.000000,12.271463,7.901589
18.790774,-82.344400,-255.000000,12.345351,8.046376
19.310774,-82.344400,-255.000000,12.530298,7.955083
19.830774,-82.344400,-255.000000,12.406274,7.941974
20.350774,-82.344400,-255.000000,12.332404,7.897758
20.870774,-82.344400,-255.000000,12.429489,8.027630
21.390774,-82.344400,-255.000000,12.470451,7.978823
21.910774,-82.344400,-255.000000,12.133329,8.027707
22.430774,-82.344400,-255.000000,12.383826,8.014583
22.950774,-82.344400,-255.000000,12.278542,7.990831
23.470774,-82.344400,-255.000000,12.527081,8.056474
23.990774,-82.344400,-255.000000,12.445521,7.989350
24.510774,-82.344400,-255.000000,12.378791,7.979978
25.030774,-82.344400,-255.000000,12.456607,8.035834
25.550774,-82.344400,-255.000000,12.206637,7.965208
26.070774,-82.344400,-255.000000,12.360524,8.114418
26.590774,-82.344400,-255.000000,12.558238,8.072343
27.110774,-82.344400,-255.000000,12.238414,7.947206
27.630774,-82.344400,-255.000000,12.389652,8.078063
28.150774,-82.344400,-255.000000,12.418971,7.970215
28.670774,-82.344400,-255.000000,12.282640,8.011944
29.190774,-82.344400,-255.000000,12.410315,8.147506
29.710774,-82.344400,-255.000000,12.302933,8.101838
30.230774,-82.344400,-255.000000,12.288442,8.010835
30.750774,-82.344400,-255.000000,12.507998,8.097433
31.270774,-82.344400,-255.000000,12.398563,8.064799
31.790774,-82.344400,-255.000000,12.282831,8.079195
32.310774,-82.344400,-255.000000,12.400161,8.032434
32.830774,-82.344400,-255.000000,12.521818,8.098328
33.350774,-82.344400,-255.000000,12.622740,8.131059
33.870774,-82.344400,-255.000000,12.208801,8.037978
34.390774,-82.344400,-255.000000,12.457830,8.033614
34.910774,-82.344400,-255.000000,12.286529,7.959560
35.430774,-82.344400,-255.000000,12.285569,8.022622
35.950774,-82.344400,-255.000000,12.457835,8.089972
36.470774,-82.344400,-255.000000,12.224612,8.075661
36.990774,-82.344400,-255.000000,12.250267,7.982990
37.510774,-82.344400,-255.000000,12.588870,8.163175
38.030774,-82.344400,-255.000000,12.538623,8.043454
38.550774,-82.344400,-255.000000,12.246390,8.083881
39.070774,-82.344400,-255.000000,12.647631,8.082947
39.590774,-82.344400,-255.000000,12.571584,8.029837
40.110774,-82.344400,-255.000000,12.302948,8.006889
40.630774,-82.344400,-255.000000,12.347526,8.055258
41.150774,-82.344400,-255.000000,12.394566,8.072260
41.670774,-82.344400,-255.000000,12.407232,8.132586
42.190774,-82.344400,-255.000000,12.352311,8.093491
42.710774,-82.344400,-255.000000,12.338112,8.020694
43.230774,-82.344400,-255.000000,12.301897,7.996212
43.750774,-82.344400,-255.000000,12.436431,8.131848
44.270774,-82.344400,-255.000000,12.493083,8.046406
44.790774,-82.344400,-255.000000,12.324722,8.055617
45.310774,-82.344400,-255.000000,12.345003,8.188099
45.830774,-82.344400,-255.000000,12.240595,8.107568
46.350774,-82.344400,-255.000000,12.256835,8.050253
46.870774,-82.344400,-255.000000,12.295957,8.153676
47.390774,-82.344400,-255.000000,12.454326,8.139116
47.910774,-82.344400,-255.000000,12.498103,8.033930
48.430774,-82.344400,-255.000000,12.335465,8.065659
48.950774,-82.344400,-255.000000,12.206279,8.091332
49.470774,-82.344400,-255.000000,12.591516,8.068181
49.990774,-82.344400,-255.000000,12.290836,7.982180
50.510774,-82.344400,-255.000000,12.514035,8.042312
51.030774,-82.344400,-255.000000,12.479496,8.061294
51.550774,-82.344400,-255.000000,12.359732,8.044366
52.070774,-82.344400,-255.000000,12.251144,8.085050
52.590774,-82.344400,-255.000000,12.415326,8.183641
53.110774,-82.344400,-255.000000,12.235744,8.041967
53.630774,-82.344400,-255.000000,12.342536,7.947514
54.150774,-82.344400,-255.000000,12.421083,7.999174
54.670774,-82.344400,-255.000000,12.425289,8.088479
55.190774,-82.344400,-255.000000,12.166005,8.016700
55.710774,-82.344400,-255.000000,12.369956,7.995338
56.230774,-82.344400,-255.000000,12.240726,7.999169
56.750774,-82.344400,-255.000000,12.604154,8.101765
57.270774,-82.344400,-255.000000,12.568286,8.072814
57.790774,-82.344400,-255.000000,12.489375,8.122369
58.310774,-82.344400,-255.000000,12.404963,8.102187
58.830774,-82.344400,-255.000000,12.573763,8.093378
59.350774,-82.344400,-255.000000,12.269860,7.993967
59.870774,-82.344400,-255.000000,12.480338,8.066792
60.390774,-82.344400,-255.000000,12.296031,8.046031
60.910774,-82.344400,-255.000000,12.207884,8.030772
61.430774,-82.344400,-255.000000,12.487773,8.063160
61.950774,-82.344400,-255.000000,12.524027,8.115486
62.470774,-82.344400,-255.000000,12.228624,8.061913
62.990774,-82.344400,-255.000000,12.637209,8.079176
63.510774,-82.344400,-255.000000,12.382845,8.158704
64.030774,-82.344400,-255.000000,12.386509,8.064333
64.550774,-82.344400,-255.000000,12.467426,8.030581
65.070774,-82.344400,-255.000000,12.404201,7.981710
65.590774,-82.344400,-255.000000,12.300930,8.067931
66.110774,-82.344400,-255.000000,12.447929,8.068923
66.630774,-82.344400,-255.000000,12.153053,8.031851
67.150774,-82.344400,-255.000000,12.449169,8.107246
67.670774,-82.344400,-255.000000,12.216952,8.101553
68.190774,-82.344400,-255.000000,12.384706,8.085544
68.710774,-82.344400,-255.000000,12.338819,7.988815
69.230774,-82.344400,-255.000000,12.613644,8.148878
69.750774,-82.344400,-255.000000,12.390114,7.987715
70.270774,-82.344400,-255.000000,12.303450,8.018755
70.790774,-82.344400,-255.000000,12.451906,8.035922
71.310774,-82.344400,-255.000000,12.424394,7.991798
71.830774,-82.344400,-255.000000,12.275105,7.986189
72.350774,-82.344400,-255.000000,12.489432,8.086538
72.870774,-82.344400,-255.000000,12.384561,8.093150
73.390774,-82.344400,-255.000000,12.407262,7.946826
73.910774,-82.344400,-255.000000,12.386755,7.943159
74.430774,-82.344400,-255.000000,12.282866,7.978453
74.950774,-82.344400,-255.000000,12.347926,7.970207
75.470774,-82.344400,-255.000000,12.312385,8.028621
75.990774,-82.344400,-255.000000,12.351363,8.043725
13.070774,-81.824400,-255.000000,12.457207,7.704567
13.590774,-81.824400,-255.000000,12.332559,7.696757
14.110774,-81.824400,-255.000000,12.445153,7.868595
14.630774,-81.824400,-255.000000,12.498351,7.772612
15.150774,-81.824400,-255.000000,12.300241,7.794495
15.670774,-81.824400,-255.000000,12.372536,7.851740
16.190774,-81.824400,-255.000000,12.284421,7.893061
16.710774,-81.824400,-255.000000,12.089130,7.794532
17.230774,-81.824400,-255.000000,12.487514,7.935064
17.750774,-81.824400,-255.000000,11.996922,7.897568
18.270774,-81.824400,-255.000000,12.242754,7.911419
18.790774,-81.824400,-255.000000,12.346629,8.022241
19.310774,-81.824400,-255.000000,12.483801,7.993073
19.830774,-81.824400,-255.000000,12.468166,7.953057
20.350774,-81.824400,-255.000000,12.299942,7.929130
20.870774,-81.824400,-255.000000,12.440108,8.035520
21.390774,-81.824400,-255.000000,12.441428,7.996197
21.910774,-81.824400,-255.000000,12.071570,7.975287
22.430774,-81.824400,-255.000000,12.410840,8.001369
22.950774,-81.824400,-255.000000,12.275147,8.020018
23.470774,-81.824400,-255.000000,12.449566,8.063313
23.990774,-81.824400,-255.000000,12.469656,7.993790
24.510774,-81.824400,-255.000000,12.380875,7.984482
25.030774,-81.824400,-255.000000,12.412818,8.042829
25.550774,-81.824400,-255.000000,12.243575,7.979724
26.070774,-81.824400,-255.000000,12.252120,8.091983
26.590774,-81.824400,-255.000000,12.539889,8.086303
27.110774,-81.824400,-255.000000,12.237086,7.999931
27.630774,-81.824400,-255.000000,12.357165,8.091565
28.150774,-81.824400,-255.000000,12.436934,7.977342
28.670774,-81.824400,-255.000000,12.267069,8.021356
29.190774,-81.824400,-255.000000,12.375155,8.107934
29.710774,-81.824400,-255.000000,12.327402,8.124592
30.230774,-81.824400,-255.000000,12.297132,8.012518
30.750774,-81.824400,-255.000000,12.496963,8.116117
31.270774,-81.824400,-255.000000,12.412910,8.070986
31.790774,-81.824400,-255.000000,12.314919,8.087097
32.310774,-81.824400,-255.000000,12.346623,8.047843
32.830774,-81.824400,-255.000000,12.450948,8.059453
33.350774,-81.824400,-255.000000,12.575754,8.137227
33.870774,-81.824400,-255.000000,12.292859,8.061071
34.390774,-81.824400,-255.000000,12.357168,8.021552
34.910774,-81.824400,-255.000000,12.272512,7.988203
35.430774,-81.824400,-255.000000,12.324615,8.039911
35.950774,-81.824400,-255.000000,12.331714,8.056020
36.470774,-81.824400,-255.000000,12.245166,8.090756
36.990774,-81.824400,-255.000000,12.285693,7.956215
37.510774,-81.824400,-255.000000,12.703135,8.181603
38.030774,-81.824400,-255.000000,12.436920,8.034837
38.550774,-81.824400,-255.000000,12.225329,8.068428
39.070774,-81.824400,-255.000000,12.570117,8.097980
39.590774,-81.824400,-255.000000,12.539746,8.024957
40.110774,-81.824400,-255.000000,12.255027,8.005002
40.630774,-81.824400,-255.000000,12.430859,8.096475
41.150774,-81.824400,-255.000000,12.305675,8.062628
41.670774,-81.824400,-255.000000,12.361943,8.116823
42.190774,-81.824400,-255.000000,12.396382,8.105874
42.710774,-81.824400,-255.000000,12.341474,8.017905
43.230774,-81.824400,-255.000000,12.319597,8.015919
43.750774,-81.824400,-255.000000,12.463605,8.144666
44.270774,-81.824400,-255.000000,12.407351,8.016918
44.790774,-81.824400,-255.000000,12.354510,8.089175
45.310774,-81.824400,-255.000000,12.316630,8.182379
45.830774,-81.824400,-255.000000,12.271216,8.111291
46.350774,-81.824400,-255.000000,12.361250,8.074796
46.870774,-81.824400,-255.000000,12.290795,8.136577
47.390774,-81.824400,-255.000000,12.496504,8.131418
47.910774,-81.824400,-255.000000,12.527584,8.077911
48.430774,-81.824400,-255.000000,12.354688,8.060637
48.950774,-81.824400,-255.000000,12.273512,8.139571
49.470774,-81.824400,-255.000000,12.550810,8.044776
49.990774,-81.824400,-255.000000,12.183495,8.004230
50.510774,-81.824400,-255.000000,12.521742,8.082658
51.030774,-81.824400,-255.000000,12.466596,8.074079
51.550774,-81.824400,-255.000000,12.340518,8.044259
52.070774,-81.824400,-255.000000,12.172668,8.089337
52.590774,-81.824400,-255.000000,12.390579,8.195263
53.110774,-81.824400,-255.000000,12.167346,8.072775
53.630774,-81.824400,-255.000000,12.414389,7.995849
54.150774,-81.824400,-255.000000,12.357713,7.983710
54.670774,-81.824400,-255.000000,12.494030,8.123494
55.190774,-81.824400,-255.000000,12.122386,8.022859
55.710774,-81.824400,-255.000000,12.356353,7.982930
56.230774,-81.824400,-255.000000,12.334544,8.025194
56.750774,-81.824400,-255.000000,12.525449,8.076977
57.270774,-81.824400,-255.000000,12.553819,8.053484
57.790774,-81.824400,-255.000000,12.493730,8.137873
58.310774,-81.824400,-255.000000,12.307210,8.094890
58.830774,-81.824400,-255.000000,12.594954,8.092478
59.350774,-81.824400,-255.000000,12.303644,8.016453
59.870774,-81.824400,-255.000000,12.483294,8.066619
60.390774,-81.824400,-255.000000,12.238036,8.067119
60.910774,-81.824400,-255.000000,12.274931,8.053640
61.430774,-81.824400,-255.000000,12.475406,8.068383
61.950774,-81.824400,-255.000000,12.464850,8.143233
62.470774,-81.824400,-255.000000,12.215983,8.061541
62.990774,-81.824400,-255.000000,12.649604,8.086533
63.510774,-81.824400,-255.000000,12.237459,8.157299
64.030774,-81.824400,-255.000000,12.444051,8.045996
64.550774,-81.824400,-255.000000,12.505647,8.067487
65.070774,-81.824400,-255.000000,12.378127,7.989101
65.590774,-81.824400,-255.000000,12.254792,8.096870
66.110774,-81.824400,-255.000000,12.424837,8.078037
66.630774,-81.824400,-255.000000,12.214747,8.038258
67.150774,-81.824400,-255.000000,12.456103,8.113078
67.670774,-81.824400,-255.000000,12.261733,8.110011
68.190774,-81.824400,-255.000000,12.320446,8.088497
68.710774,-81.824400,-255.000000,12.360657,7.998202
69.230774,-81.824400,-255.000000,12.580835,8.164253
69.750774,-81.824400,-255.000000,12.378534,7.976813
70.270774,-81.824400,-255.000000,12.302377,8.010110
70.790774,-81.824400,-255.000000,12.421395,8.059081
71.310774,-81.824400,-255.000000,12.414142,8.017272
71.830774,-81.824400,-255.000000,12.271216,7.972696
72.350774,-81.824400,-255.000000,12.444359,8.088742
72.870774,-81.824400,-255.000000,12.328276,8.087461
73.390774,-81.824400,-255.000000,12.442533,7.926464
73.910774,-81.824400,-255.000000,12.303669,7.928813
74.430774,-81.824400,-255.000000,12.314018,8.030302
74.950774,-81.824400,-255.000000,12.398257,8.003618
75.470774,-81.824400,-255.000000,12.296477,7.999839
75.990774,-81.824400,-255.000000,12.316833,8.046523
13.070774,-81.304400,-255.000000,12.498645,7.733888
75.990774,-81.304400,-255.000000,12.368876,8.082233
13.070774,-82.344400,-254.000000,12.285202,7.667748
13.590774,-82.344400,-254.000000,12.330317,7.749179
14.110774,-82.344400,-254.000000,12.426382,7.829506
14.630774,-82.344400,-254.000000,12.326584,7.639106
15.150774,-82.344400,-254.000000,12.264625,7.719651
15.670774,-82.344400,-254.000000,12.377157,7.838602
16.190774,-82.344400,-254.000000,12.024890,7.813659
16.710774,-82.344400,-254.000000,12.479509,7.921762
17.230774,-82.344400,-254.000000,12.360455,7.892169
17.750774,-82.344400,-254.000000,12.544055,7.931587
18.270774,-82.344400,-254.000000,12.623912,7.962592
18.790774,-82.344400,-254.000000,12.218922,7.890077
19.310774,-82.344400,-254.000000,12.386905,7.961539
19.830774,-82.344400,-254.000000,12.382483,8.002517
20.350774,-82.344400,-254.000000,12.357127,7.991733
20.870774,-82.344400,-254.000000,12.392501,8.023195
21.390774,-82.344400,-254.000000,12.295210,7.921381
21.910774,-82.344400,-254.000000,12.332651,7.979902
22.430774,-82.344400,-254.000000,12.296087,7.970949
22.950774,-82.344400,-254.000000,12.375525,7.982233
23.470774,-82.344400,-254.000000,12.249888,7.997446
23.990774,-82.344400,-254.000000,12.429969,8.115330
24.510774,-82.344400,-254.000000,12.305158,8.105065
25.030774,-82.344400,-254.000000,12.330485,8.017663
25.550774,-82.344400,-254.000000,12.206213,7.918849
26.070774,-82.344400,-254.000000,12.269759,7.956742
26.590774,-82.344400,-254.000000,12.438128,8.018637
27.110774,-82.344400,-254.000000,12.446889,8.033479
27.630774,-82.344400,-254.000000,12.530684,7.990475
28.150774,-82.344400,-254.000000,12.443427,8.064010
28.670774,-82.344400,-254.000000,12.347034,7.952549
29.190774,-82.344400,-254.000000,12.578956,8.092678
29.710774,-82.344400,-254.000000,12.383492,7.964324
30.230774,-82.344400,-254.000000,12.140018,8.020058
30.750774,-82.344400,-254.000000,12.463664,8.030968
31.270774,-82.344400,-254.000000,12.207006,8.050486
31.790774,-82.344400,-254.000000,12.413071,7.982185
32.310774,-82.344400,-254.000000,12.312114,7.993696
32.830774,-82.344400,-254.000000,12.095243,8.019859
33.350774,-82.344400,-254.000000,12.441917,8.130033
33.870774,-82.344400,-254.000000,12.364609,8.039409
34.390774,-82.344400,-254.000000,12.215774,7.984203
34.910774,-82.344400,-254.000000,12.548045,8.112921
35.430774,-82.344400,-254.000000,12.218545,8.085044
35.950774,-82.344400,-254.000000,12.436805,7.988288
36.470774,-82.344400,-254.000000,12.437839,8.147543
36.990774,-82.344400,-254.000000,12.318480,8.096416
37.510774,-82.344400,-254.000000,12.417404,8.070682
38.030774,-82.344400,-254.000000,12.346467,8.048279
38.550774,-82.344400,-254.000000,12.187667,7.957261
39.070774,-82.344400,-254.000000,12.170210,8.051673
39.590774,-82.344400,-254.000000,12.363010,8.094402
40.110774,-82.344400,-254.000000,12.460228,8.161083
40.630774,-82.344400,-254.000000,12.275294,8.052458
41.150774,-82.344400,-254.000000,12.467484,8.084684
41.670774,-82.344400,-254.000000,12.347228,8.057090
42.190774,-82.344400,-254.000000,12.299764,8.067187
42.710774,-82.344400,-254.000000,12.410133,8.098266
43.230774,-82.344400,-254.000000,12.252294,8.061621
43.750774,-82.344400,-254.000000,12.469008,8.151807
44.270774,-82.344400,-254.000000,12.498560,8.054138
44.790774,-82.344400,-254.000000,12.440880,8.088817
45.310774,-82.344400,-254.000000,12.430808,8.095927
45.830774,-82.344400,-254.000000,12.279017,8.074589
46.350774,-82.344400,-254.000000,12.299812,8.109665
46.870774,-82.344400,-254.000000,12.349706,8.059519
47.390774,-82.344400,-254.000000,12.605590,8.073735
47.910774,-82.344400,-254.000000,12.214103,8.090273
48.430774,-82.344400,-254.000000,12.473365,8.102970
48.950774,-82.344400,-254.000000,12.376128,7.971074
49.470774,-82.344400,-254.000000,12.261910,8.106116
49.990774,-82.344400,-254.000000,12.512328,8.078497
50.510774,-82.344400,-254.000000,12.449274,8.127844
51.030774,-82.344400,-254.000000,12.349648,8.026966
51.550774,-82.344400,-254.000000,12.486556,8.057616
52.070774,-82.344400,-254.000000,12.344432,8.067990
52.590774,-82.344400,-254.000000,12.469103,8.048553
53.110774,-82.344400,-254.000000,12.328869,8.066899
53.630774,-82.344400,-254.000000,12.086814,8.063818
54.150774,-82.344400,-254.000000,12.330756,8.109750
54.670774,-82.344400,-254.000000,12.352478,8.148705
55.190774,-82.344400,-254.000000,12.134429,7.986335
55.710774,-82.344400,-254.000000,12.301573,8.033349
56.230774,-82.344400,-254.000000,12.319508,8.056097
56.750774,-82.344400,-254.000000,12.292426,8.061021
57.270774,-82.344400,-254.000000,12.369397,7.966289
57.790774,-82.344400,-254.000000,12.377132,8.069740
58.310774,-82.344400,-254.000000,12.273916,8.017106
58.830774,-82.344400,-254.000000,12.186355,8.074916
59.350774,-82.344400,-254.000000,12.406092,8.092924
59.870774,-82.344400,-254.000000,12.341567,8.151793
60.390774,-82.344400,-254.000000,12.286774,8.037517
60.910774,-82.344400,-254.000000,12.335331,8.128027
61.430774,-82.344400,-254.000000,12.420546,8.090582
61.950774,-82.344400,-254.000000,12.511855,8.134722
62.470774,-82.344400,-254.000000,12.598989,8.110687
62.990774,-82.344400,-254.000000,12.309933,8.005342
63.510774,-82.344400,-254.000000,12.496796,8.121886
64.030774,-82.344400,-254.000000,12.323017,8.086969
64.550774,-82.344400,-254.000000,12.336536,8.124283
65.070774,-82.344400,-254.000000,12.073588,8.020333
65.590774,-82.344400,-254.000000,12.039576,7.934494
66.110774,-82.344400,-254.000000,12.731057,8.180228
66.630774,-82.344400,-254.000000,12.526431,8.114136
67.150774,-82.344400,-254.000000,12.206478,8.055031
67.670774,-82.344400,-254.000000,12.468186,8.055424
68.190774,-82.344400,-254.000000,12.402042,8.055792
68.710774,-82.344400,-254.000000,12.571670,7.990907
69.230774,-82.344400,-254.000000,12.113829,8.076081
69.750774,-82.344400,-254.000000,12.332366,7.924005
70.270774,-82.344400,-254.000000,12.269277,8.015169
70.790774,-82.344400,-254.000000,12.293641,7.917050
71.310774,-82.344400,-254.000000,12.338166,7.993389
71.830774,-82.344400,-254.000000,12.396018,7.996406
72.350774,-82.344400,-254.000000,12.323664,8.001205
72.870774,-82.344400,-254.000000,12.326254,7.991586
73.390774,-82.344400,-254.000000,12.271605,8.009081
73.910774,-82.344400,-254.000000,12.319297,7.926889
74.430774,-82.344400,-254.000000,12.536938,8.140636
74.950774,-82.344400,-254.000000,12.360538,8.047672
75.470774,-82.344400,-254.000000,12.426747,8.090903
75.990774,-82.344400,-254.000000,12.484363,7.932316
13.070774,-81.824400,-254.000000,12.260651,7.706515
13.590774,-81.824400,-254.000000,12.320628,7.770594
14.110774,-81.824400,-254.000000,12.431727,7.819744
14.630774,-81.824400,-254.000000,12.400957,7.666808
15.150774,-81.824400,-254.000000,12.224389,7.711266
15.670774,-81.824400,-254.000000,12.335227,7.825712
16.190774,-81.824400,-254.000000,12.010791,7.821314
16.710774,-81.824400,-254.000000,12.393922,7.931428
17.230774,-81.824400,-254.000000,12.346354,7.917579
17.750774,-81.824400,-254.000000,12.524059,7.946481
18.270774,-81.824400,-254.000000,12.649638,7.992582
18.790774,-81.824400,-254.000000,12.173057,7.868911
19.310774,-81.824400,-254.000000,12.434074,7.975224
19.830774,-81.824400,-254.000000,12.393401,8.004472
20.350774,-81.824400,-254.000000,12.372175,8.012763
20.870774,-81.824400,-254.000000,12.383174,8.022594
21.390774,-81.824400,-254.000000,12.353147,7.961210
21.910774,-81.824400,-254.000000,12.401374,7.959288
22.430774,-81.824400,-254.000000,12.231690,8.007465
22.950774,-81.824400,-254.000000,12.394198,8.007581
23.470774,-81.824400,-254.000000,12.249955,7.990054
23.990774,-81.824400,-254.000000,12.368377,8.082047
24.510774,-81.824400,-254.000000,12.253532,8.118076
25.030774,-81.824400,-254.000000,12.339998,8.045866
25.550774,-81.824400,-254.000000,12.218539,7.946024
26.070774,-81.824400,-254.000000,12.251230,7.950113
26.590774,-81.824400,-254.000000,12.385501,8.044583
27.110774,-81.824400,-254.000000,12.437143,8.043250
27.630774,-81.824400,-254.000000,12.507098,8.007642
28.150774,-81.824400,-254.000000,12.439212,8.035274
28.670774,-81.824400,-254.000000,12.232612,7.962785
29.190774,-81.824400,-254.000000,12.519775,8.117660
29.710774,-81.824400,-254.000000,12.377012,7.964254
30.230774,-81.824400,-254.000000,12.146514,8.028653
30.750774,-81.824400,-254.000000,12.451268,8.027435
31.270774,-81.824400,-254.000000,12.178266,8.074103
31.790774,-81.824400,-254.000000,12.329093,7.938566
32.310774,-81.824400,-254.000000,12.273546,8.006904
32.830774,-81.824400,-254.000000,12.163910,8.065982
33.350774,-81.824400,-254.000000,12.362435,8.102794
33.870774,-81.824400,-254.000000,12.412107,8.057598
34.390774,-81.824400,-254.000000,12.266346,8.018305
34.910774,-81.824400,-254.000000,12.489494,8.121341
35.430774,-81.824400,-254.000000,12.232913,8.066220
35.950774,-81.824400,-254.000000,12.417415,8.008443
36.470774,-81.824400,-254.000000,12.487867,8.147037
36.990774,-81.824400,-254.000000,12.222095,8.097687
37.510774,-81.824400,-254.000000,12.450683,8.098144
38.030774,-81.824400,-254.000000,12.317820,8.056890
38.550774,-81.824400,-254.000000,12.186836,7.963326
39.070774,-81.824400,-254.000000,12.213404,8.076530
39.590774,-81.824400,-254.000000,12.292068,8.092628
40.110774,-81.824400,-254.000000,12.354865,8.177567
40.630774,-81.824400,-254.000000,12.360850,8.089910
41.150774,-81.824400,-254.000000,12.427030,8.090900
41.670774,-81.824400,-254.000000,12.316545,8.068130
42.190774,-81.824400,-254.000000,12.274175,8.074503
42.710774,-81.824400,-254.000000,12.386444,8.086840
43.230774,-81.824400,-254.000000,12.246015,8.108040
43.750774,-81.824400,-254.000000,12.422986,8.123176
44.270774,-81.824400,-254.000000,12.412897,8.051901
44.790774,-81.824400,-254.000000,12.519823,8.073321
45.310774,-81.824400,-254.000000,12.441318,8.134192
45.830774,-81.824400,-254.000000,12.244700,8.072393
46.350774,-81.824400,-254.000000,12.232454,8.105133
46.870774,-81.824400,-254.000000,12.207419,8.046450
47.390774,-81.824400,-254.000000,12.618795,8.072658
47.910774,-81.824400,-254.000000,12.210048,8.097510
48.430774,-81.824400,-254.000000,12.499262,8.123061
48.950774,-81.824400,-254.000000,12.367319,7.994918
49.470774,-81.824400,-254.000000,12.314625,8.124949
49.990774,-81.824400,-254.000000,12.468904,8.081214
50.510774,-81.824400,-254.000000,12.478025,8.130230
51.030774,-81.824400,-254.000000,12.339680,8.051720
51.550774,-81.824400,-254.000000,12.448256,8.056130
52.070774,-81.824400,-254.000000,12.310827,8.071081
52.590774,-81.824400,-254.000000,12.503565,8.069746
53.110774,-81.824400,-254.000000,12.267809,8.084638
53.630774,-81.824400,-254.000000,12.113154,8.034857
54.150774,-81.824400,-254.000000,12.392402,8.130241
54.670774,-81.824400,-254.000000,12.319686,8.135899
55.190774,-81.824400,-254.000000,12.123807,7.985639
55.710774,-81.824400,-254.000000,12.238644,8.071273
56.230774,-81.824400,-254.000000,12.290627,8.037532
56.750774,-81.824400,-254.000000,12.248550,8.071215
57.270774,-81.824400,-254.000000,12.277258,7.982896
57.790774,-81.824400,-254.000000,12.423375,8.081870
58.310774,-81.824400,-254.000000,12.242633,7.997082
58.830774,-81.824400,-254.000000,12.202592,8.085961
59.350774,-81.824400,-254.000000,12.294317,8.090934
59.870774,-81.824400,-254.000000,12.314876,8.163341
60.390774,-81.824400,-254.000000,12.370421,8.052930
60.910774,-81.824400,-254.000000,12.309766,8.133235
61.430774,-81.824400,-254.000000,12.327743,8.111357
61.950774,-81.824400,-254.000000,12.567981,8.140896
62.470774,-81.824400,-254.000000,12.557738,8.126144
62.990774,-81.824400,-254.000000,12.301734,8.006434
63.510774,-81.824400,-254.000000,12.441805,8.106647
64.030774,-81.824400,-254.000000,12.325603,8.156322
64.550774,-81.824400,-254.000000,12.225975,8.074181
65.070774,-81.824400,-254.000000,12.115569,8.025598
65.590774,-81.824400,-254.000000,12.061215,7.978195
66.110774,-81.824400,-254.000000,12.695591,8.189276
66.630774,-81.824400,-254.000000,12.497149,8.118692
67.150774,-81.824400,-254.000000,12.195110,8.041725
67.670774,-81.824400,-254.000000,12.463594,8.089187
68.190774,-81.824400,-254.000000,12.332038,8.022097
68.710774,-81.824400,-254.000000,12.574981,8.039795
69.230774,-81.824400,-254.000000,12.108505,8.037447
69.750774,-81.824400,-254.000000,12.332966,7.963451
70.270774,-81.824400,-254.000000,12.246456,8.023924
70.790774,-81.824400,-254.000000,12.345051,7.928610
71.310774,-81.824400,-254.000000,12.336795,7.994392
71.830774,-81.824400,-254.000000,12.407799,8.023855
72.350774,-81.824400,-254.000000,12.246961,7.997858
72.870774,-81.824400,-254.000000,12.285274,7.982270
73.390774,-81.824400,-254.000000,12.304338,8.072474
73.910774,-81.824400,-254.000000,12.359537,7.954948
74.430774,-81.824400,-254.000000,12.429647,8.097048
74.950774,-81.824400,-254.000000,12.370961,8.054833
75.470774,-81.824400,-254.000000,12.373912,8.095025
75.990774,-81.824400,-254.000000,12.543128,7.954697
13.070774,-81.304400,-254.000000,12.258494,7.706175
13.070774,-82.344400,-253.000000,12.231826,7.564613
13.590774,-82.344400,-253.000000,12.456596,7.678417
14.110774,-82.344400,-253.000000,12.415312,7.794363
14.630774,-82.344400,-253.000000,12.367625,7.834472
15.150774,-82.344400,-253.000000,12.182345,7.783472
15.670774,-82.344400,-253.000000,12.307676,7.791686
16.190774,-82.344400,-253.000000,12.362841,7.891199
16.710774,-82.344400,-253.000000,12.202501,7.766811
17.230774,-82.344400,-253.000000,12.491184,7.957551
17.750774,-82.344400,-253.000000,12.326171,7.931306
18.270774,-82.344400,-253.000000,12.420827,7.933846
18.790774,-82.344400,-253.000000,12.617024,7.970170
19.310774,-82.344400,-253.000000,12.440767,7.923575
19.830774,-82.344400,-253.000000,12.497999,8.011459
20.350774,-82.344400,-253.000000,12.356414,7.886299
20.870774,-82.344400,-253.000000,12.527594,7.981339
21.390774,-82.344400,-253.000000,12.518793,7.993532
21.910774,-82.344400,-253.000000,12.133101,7.817075
22.430774,-82.344400,-253.000000,12.475638,8.077454
22.950774,-82.344400,-253.000000,12.542324,7.994431
23.470774,-82.344400,-253.000000,12.312716,7.951731
23.990774,-82.344400,-253.000000,12.306120,8.087531
24.510774,-82.344400,-253.000000,12.103204,7.834638
25.030774,-82.344400,-253.000000,12.360907,8.005234
25.550774,-82.344400,-253.000000,12.553401,8.039722
26.070774,-82.344400,-253.000000,12.411196,7.993629
26.590774,-82.344400,-253.000000,12.561791,8.039309
27.110774,-82.344400,-253.000000,12.196552,8.022360
27.630774,-82.344400,-253.000000,12.305232,8.011908
28.150774,-82.344400,-253.000000,12.371118,8.001383
28.670774,-82.344400,-253.000000,12.238039,7.959042
29.190774,-82.344400,-253.000000,12.500106,8.060533
29.710774,-82.344400,-253.000000,12.108358,7.989361
30.230774,-82.344400,-253.000000,12.251521,7.999369
30.750774,-82.344400,-253.000000,12.520662,8.156025
31.270774,-82.344400,-253.000000,12.343556,8.048174
31.790774,-82.344400,-253.000000,12.538580,8.056933
32.310774,-82.344400,-253.000000,12.360521,8.045195
32.830774,-82.344400,-253.000000,12.492858,8.019897
33.350774,-82.344400,-253.000000,12.084267,8.024021
33.870774,-82.344400,-253.000000,12.540484,8.071119
34.390774,-82.344400,-253.000000,12.211802,8.005051
34.910774,-82.344400,-253.000000,12.281955,7.952622
35.430774,-82.344400,-253.000000,12.496085,8.112483
35.950774,-82.344400,-253.000000,12.471787,8.086639
36.470774,-82.344400,-253.000000,12.262507,7.904965
36.990774,-82.344400,-253.000000,12.300987,7.981594
37.510774,-82.344400,-253.000000,12.519480,8.008799
38.030774,-82.344400,-253.000000,12.612367,8.132254
38.550774,-82.344400,-253.000000,12.408266,8.137506
39.070774,-82.344400,-253.000000,12.154287,8.080139
39.590774,-82.344400,-253.000000,12.211070,8.046023
40.110774,-82.344400,-253.000000,12.618676,8.187745
40.630774,-82.344400,-253.000000,12.318772,8.175260
41.150774,-82.344400,-253.000000,12.387061,8.137001
41.670774,-82.344400,-253.000000,12.343721,8.028597
42.190774,-82.344400,-253.000000,12.476130,8.097193
42.710774,-82.344400,-253.000000,12.442408,8.075330
43.230774,-82.344400,-253.000000,12.592731,8.116502
43.750774,-82.344400,-253.000000,12.380363,8.037757
44.270774,-82.344400,-253.000000,12.344049,8.119385
44.790774,-82.344400,-253.000000,12.416574,8.093814
45.310774,-82.344400,-253.000000,12.513567,8.053733
45.830774,-82.344400,-253.000000,12.084989,8.010374
46.350774,-82.344400,-253.000000,12.558475,8.079926
46.870774,-82.344400,-253.000000,12.342405,8.076214
47.390774,-82.344400,-253.000000,12.301368,8.148951
47.910774,-82.344400,-253.000000,12.554294,8.162983
48.430774,-82.344400,-253.000000,12.475389,8.099887
48.950774,-82.344400,-253.000000,12.541798,8.081355
49.470774,-82.344400,-253.000000,12.510383,8.110650
49.990774,-82.344400,-253.000000,12.326604,7.940992
50.510774,-82.344400,-253.000000,12.415587,8.021804
51.030774,-82.344400,-253.000000,12.316628,8.066552
51.550774,-82.344400,-253.000000,12.252621,8.004333
52.070774,-82.344400,-253.000000,12.332193,8.060642
52.590774,-82.344400,-253.000000,12.243257,8.036983
53.110774,-82.344400,-253.000000,12.103305,7.917676
53.630774,-82.344400,-253.000000,12.312411,8.011450
54.150774,-82.344400,-253.000000,12.474655,8.086116
54.670774,-82.344400,-253.000000,12.538263,8.190222
55.190774,-82.344400,-253.000000,12.318907,8.123321
55.710774,-82.344400,-253.000000,12.342240,8.148171
56.230774,-82.344400,-253.000000,12.544131,8.103858
56.750774,-82.344400,-253.000000,12.421021,8.131186
57.270774,-82.344400,-253.000000,12.312585,8.065316
57.790774,-82.344400,-253.000000,12.438684,8.061071
58.310774,-82.344400,-253.000000,12.426615,8.111337
58.830774,-82.344400,-253.000000,12.231929,8.030800
59.350774,-82.344400,-253.000000,12.433461,8.055411
59.870774,-82.344400,-253.000000,12.369473,8.123300
60.390774,-82.344400,-253.000000,12.409818,8.040412
60.910774,-82.344400,-253.000000,12.424882,8.157157
61.430774,-82.344400,-253.000000,12.205527,8.043442
61.950774,-82.344400,-253.000000,12.326974,8.098986
62.470774,-82.344400,-253.000000,12.340961,8.026744
62.990774,-82.344400,-253.000000,12.369793,7.996912
63.510774,-82.344400,-253.000000,12.419577,8.078014
64.030774,-82.344400,-253.000000,12.332721,8.046889
64.550774,-82.344400,-253.000000,12.329914,8.048141
65.070774,-82.344400,-253.000000,12.551054,8.078151
65.590774,-82.344400,-253.000000,12.340739,8.057507
66.110774,-82.344400,-253.000000,12.406981,8.076635
66.630774,-82.344400,-253.000000,12.305457,7.987988
67.150774,-82.344400,-253.000000,12.400699,8.009501
67.670774,-82.344400,-253.000000,12.268546,8.055939
68.190774,-82.344400,-253.000000,12.297571,8.053769
68.710774,-82.344400,-253.000000,12.487347,7.989831
69.230774,-82.344400,-253.000000,12.181164,7.974697
69.750774,-82.344400,-253.000000,12.419158,8.133926
70.270774,-82.344400,-253.000000,12.461535,7.977949
70.790774,-82.344400,-253.000000,12.496766,8.024665
71.310774,-82.344400,-253.000000,12.267251,8.016012
71.830774,-82.344400,-253.000000,12.450500,7.966447
72.350774,-82.344400,-253.000000,12.289502,8.061323
72.870774,-82.344400,-253.000000,12.226211,8.014894
73.390774,-82.344400,-253.000000,12.326117,8.056860
73.910774,-82.344400,-253.000000,12.269091,8.017306
74.430774,-82.344400,-253.000000,12.358752,8.035608
74.950774,-82.344400,-253.000000,12.432843,8.113178
75.470774,-82.344400,-253.000000,12.138509,7.979443
75.990774,-82.344400,-253.000000,12.449089,7.982566
13.070774,-81.824400,-253.000000,12.232167,7.602564
13.590774,-81.824400,-253.000000,12.482138,7.657395
14.110774,-81.824400,-253.000000,12.388534,7.793726
14.630774,-81.824400,-253.000000,12.388125,7.820004
15.150774,-81.824400,-253.000000,12.199443,7.830828
15.670774,-81.824400,-253.000000,12.264570,7.798260
16.190774,-81.824400,-253.000000,12.383365,7.925273
16.710774,-81.824400,-253.000000,12.265118,7.788832
17.230774,-81.824400,-253.000000,12.394773,7.923253
17.750774,-81.824400,-253.000000,12.378762,7.933124
18.270774,-81.824400,-253.000000,12.378013,7.923758
18.790774,-81.824400,-253.000000,12.602774,7.955784
19.310774,-81.824400,-253.000000,12.394881,7.922068
19.830774,-81.824400,-253.000000,12.462150,8.007943
20.350774,-81.824400,-253.000000,12.329878,7.886363
20.870774,-81.824400,-253.000000,12.522746,7.949926
21.390774,-81.824400,-253.000000,12.503051,8.024056
21.910774,-81.824400,-253.000000,12.152285,7.833096
22.430774,-81.824400,-253.000000,12.493568,8.091816
22.950774,-81.824400,-253.000000,12.462032,7.988491
23.470774,-81.824400,-253.000000,12.309573,7.968781
23.990774,-81.824400,-253.000000,12.316080,8.097402
24.510774,-81.824400,-253.000000,12.041590,7.843339
25.030774,-81.824400,-253.000000,12.254887,7.993479
25.550774,-81.824400,-253.000000,12.484550,8.071220
26.070774,-81.824400,-253.000000,12.452013,7.978658
26.590774,-81.824400,-253.000000,12.559935,8.041254
27.110774,-81.824400,-253.000000,12.149996,8.036188
27.630774,-81.824400,-253.000000,12.307884,8.055422
28.150774,-81.824400,-253.000000,12.261364,8.005480
28.670774,-81.824400,-253.000000,12.301457,7.982473
29.190774,-81.824400,-253.000000,12.502641,8.086319
29.710774,-81.824400,-253.000000,12.070224,7.996274
30.230774,-81.824400,-253.000000,12.283387,8.029245
30.750774,-81.824400,-253.000000,12.489331,8.145069
31.270774,-81.824400,-253.000000,12.300293,8.023343
31.790774,-81.824400,-253.000000,12.595590,8.105137
32.310774,-81.824400,-253.000000,12.307324,8.049118
32.830774,-81.824400,-253.000000,12.418579,8.026084
33.350774,-81.824400,-253.000000,12.161769,8.017041
33.870774,-81.824400,-253.000000,12.506138,8.054025
34.390774,-81.824400,-253.000000,12.161049,8.014961
34.910774,-81.824400,-253.000000,12.249438,7.955689
35.430774,-81.824400,-253.000000,12.465836,8.099688
35.950774,-81.824400,-253.000000,12.436954,8.116283
36.470774,-81.824400,-253.000000,12.172982,7.932511
36.990774,-81.824400,-253.000000,12.347070,7.989516
37.510774,-81.824400,-253.000000,12.537152,7.994829
38.030774,-81.824400,-253.000000,12.585139,8.097795
38.550774,-81.824400,-253.000000,12.330665,8.114922
39.070774,-81.824400,-253.000000,12.197795,8.115914
39.590774,-81.824400,-253.000000,12.140479,8.031153
40.110774,-81.824400,-253.000000,12.617087,8.212409
40.630774,-81.824400,-253.000000,12.304066,8.185575
41.150774,-81.824400,-253.000000,12.402069,8.139638
41.670774,-81.824400,-253.000000,12.393525,8.002655
42.190774,-81.824400,-253.000000,12.435671,8.130441
42.710774,-81.824400,-253.000000,12.426932,8.083147
43.230774,-81.824400,-253.000000,12.551456,8.124327
43.750774,-81.824400,-253.000000,12.345345,8.062055
44.270774,-81.824400,-253.000000,12.353518,8.137830
44.790774,-81.824400,-253.000000,12.382208,8.107827
45.310774,-81.824400,-253.000000,12.474855,8.037304
45.830774,-81.824400,-253.000000,12.011280,8.017556
46.350774,-81.824400,-253.000000,12.516001,8.088715
46.870774,-81.824400,-253.000000,12.339175,8.064795
47.390774,-81.824400,-253.000000,12.280646,8.175161
47.910774,-81.824400,-253.000000,12.527267,8.149120
48.430774,-81.824400,-253.000000,12.463524,8.111442
48.950774,-81.824400,-253.000000,12.515695,8.076804
49.470774,-81.824400,-253.000000,12.434102,8.107773
49.990774,-81.824400,-253.000000,12.357154,7.957400
50.510774,-81.824400,-253.000000,12.453614,8.022870
51.030774,-81.824400,-253.000000,12.297946,8.052310
51.550774,-81.824400,-253.000000,12.238406,8.037124
52.070774,-81.824400,-253.000000,12.304995,8.084450
52.590774,-81.824400,-253.000000,12.243553,8.038951
53.110774,-81.824400,-253.000000,12.115699,7.913348
53.630774,-81.824400,-253.000000,12.341250,8.020619
54.150774,-81.824400,-253.000000,12.449025,8.092589
54.670774,-81.824400,-253.000000,12.474463,8.177073
55.190774,-81.824400,-253.000000,12.319336,8.146741
55.710774,-81.824400,-253.000000,12.308867,8.154261
56.230774,-81.824400,-253.000000,12.513967,8.113538
56.750774,-81.824400,-253.000000,12.457778,8.144101
57.270774,-81.824400,-253.000000,12.262589,8.068832
57.790774,-81.824400,-253.000000,12.433866,8.071169
58.310774,-81.824400,-253.000000,12.344907,8.129736
58.830774,-81.824400,-253.000000,12.208506,8.027356
59.350774,-81.824400,-253.000000,12.459014,8.078175
59.870774,-81.824400,-253.000000,12.377047,8.141026
60.390774,-81.824400,-253.000000,12.430042,8.061069
60.910774,-81.824400,-253.000000,12.328357,8.141898
61.430774,-81.824400,-253.000000,12.193756,8.057144
61.950774,-81.824400,-253.000000,12.259599,8.112524
62.470774,-81.824400,-253.000000,12.412577,8.037645
62.990774,-81.824400,-253.000000,12.306621,7.987672
63.510774,-81.824400,-253.000000,12.428459,8.112738
64.030774,-81.824400,-253.000000,12.337329,8.032622
64.550774,-81.824400,-253.000000,12.364300,8.085458
65.070774,-81.824400,-253.000000,12.533280,8.071010
65.590774,-81.824400,-253.000000,12.377261,8.046609
66.110774,-81.824400,-253.000000,12.394689,8.111686
66.630774,-81.824400,-253.000000,12.329229,7.955937
67.150774,-81.824400,-253.000000,12.304953,8.004714
67.670774,-81.824400,-253.000000,12.309634,8.077868
68.190774,-81.824400,-253.000000,12.284628,8.001653
68.710774,-81.824400,-253.000000,12.427836,8.010011
69.230774,-81.824400,-253.000000,12.248424,8.030298
69.750774,-81.824400,-253.000000,12.406252,8.159855
70.270774,-81.824400,-253.000000,12.429279,7.958481
70.790774,-81.824400,-253.000000,12.484103,8.015852
71.310774,-81.824400,-253.000000,12.191528,8.012973
71.830774,-81.824400,-253.000000,12.409195,7.966368
72.350774,-81.824400,-253.000000,12.289511,8.066314
72.870774,-81.824400,-253.000000,12.238326,8.014310
73.390774,-81.824400,-253.000000,12.328833,8.042282
73.910774,-81.824400,-253.000000,12.229254,8.029514
74.430774,-81.824400,-253.000000,12.365335,8.055165
74.950774,-81.824400,-253.000000,12.446702,8.127238
75.470774,-81.824400,-253.000000,12.164207,7.984750
75.990774,-81.824400,-253.000000,12.319305,7.997117
13.070774,-81.304400,-253.000000,12.230643,7.620787
75.990774,-81.304400,-253.000000,12.256549,7.988170
13.070774,-82.344400,-252.000000,12.379785,7.699448
13.590774,-82.344400,-252.000000,12.418716,7.756825
14.110774,-82.344400,-252.000000,12.262324,7.688906
14.630774,-82.344400,-252.000000,12.564654,7.830812
15.150774,-82.344400,-252.000000,12.504701,7.835894
15.670774,-82.344400,-252.000000,12.310076,7.766710
16.190774,-82.344400,-252.000000,12.477675,8.044108
16.710774,-82.344400,-252.000000,12.260036,7.860025
17.230774,-82.344400,-252.000000,12.369936,8.047830
17.750774,-82.344400,-252.000000,12.155666,7.803295
18.270774,-82.344400,-252.000000,12.655292,8.010090
18.790774,-82.344400,-252.000000,12.655785,7.961088
19.310774,-82.344400,-252.000000,12.359216,7.954549
19.830774,-82.344400,-252.000000,12.359115,7.951509
20.350774,-82.344400,-252.000000,12.379310,7.984158
20.870774,-82.344400,-252.000000,12.426096,7.927386
21.390774,-82.344400,-252.000000,12.243365,7.996692
21.910774,-82.344400,-252.000000,12.306003,8.021490
22.430774,-82.344400,-252.000000,12.472714,7.974111
22.950774,-82.344400,-252.000000,12.115142,7.963414
23.470774,-82.344400,-252.000000,12.361094,7.937036
23.990774,-82.344400,-252.000000,12.365353,8.088213
24.510774,-82.344400,-252.000000,12.530033,8.095740
25.030774,-82.344400,-252.000000,12.103209,7.893167
25.550774,-82.344400,-252.000000,12.428975,8.000472
26.070774,-82.344400,-252.000000,12.436703,7.981511
26.590774,-82.344400,-252.000000,12.364657,8.005204
27.110774,-82.344400,-252.000000,12.478751,8.032387
27.630774,-82.344400,-252.000000,12.321496,8.035376
28.150774,-82.344400,-252.000000,12.249655,7.895536
28.670774,-82.344400,-252.000000,12.281165,7.929490
29.190774,-82.344400,-252.000000,12.357740,7.973623
29.710774,-82.344400,-252.000000,12.387801,8.054763
30.230774,-82.344400,-252.000000,12.519341,7.993872
30.750774,-82.344400,-252.000000,12.499840,8.049595
31.270774,-82.344400,-252.000000,12.535060,8.080389
31.790774,-82.344400,-252.000000,12.375129,8.010273
32.310774,-82.344400,-252.000000,12.219524,8.006217
32.830774,-82.344400,-252.000000,12.389033,8.032292
33.350774,-82.344400,-252.000000,12.216133,7.990756
33.870774,-82.344400,-252.000000,12.290614,7.997797
34.390774,-82.344400,-252.000000,12.321887,7.999967
34.910774,-82.344400,-252.000000,12.615050,8.111553
35.430774,-82.344400,-252.000000,12.284457,7.985108
35.950774,-82.344400,-252.000000,12.354239,8.016691
36.470774,-82.344400,-252.000000,12.371630,7.996088
36.990774,-82.344400,-252.000000,12.064037,7.970531
37.510774,-82.344400,-252.000000,12.488149,8.025829
38.030774,-82.344400,-252.000000,12.418025,8.022241
38.550774,-82.344400,-252.000000,12.300728,8.182502
39.070774,-82.344400,-252.000000,12.189278,7.974717
39.590774,-82.344400,-252.000000,12.503448,8.047558
40.110774,-82.344400,-252.000000,12.536723,8.014023
40.630774,-82.344400,-252.000000,12.341829,8.110852
41.150774,-82.344400,-252.000000,12.319328,8.090405
41.670774,-82.344400,-252.000000,12.330214,8.100094
42.190774,-82.344400,-252.000000,12.331046,8.025050
42.710774,-82.344400,-252.000000,12.462700,8.114545
43.230774,-82.344400,-252.000000,12.483815,8.135493
43.750774,-82.344400,-252.000000,12.381451,8.039312
44.270774,-82.344400,-252.000000,12.223345,8.071053
44.790774,-82.344400,-252.000000,12.389918,7.989761
45.310774,-82.344400,-252.000000,12.288718,7.975361
45.830774,-82.344400,-252.000000,12.183856,8.003032
46.350774,-82.344400,-252.000000,12.060302,8.046102
46.870774,-82.344400,-252.000000,12.283713,8.113349
47.390774,-82.344400,-252.000000,12.272844,8.030060
47.910774,-82.344400,-252.000000,12.122272,8.038927
48.430774,-82.344400,-252.000000,12.429314,8.017537
48.950774,-82.344400,-252.000000,12.597152,8.098345
49.470774,-82.344400,-252.000000,12.262294,8.000449
49.990774,-82.344400,-252.000000,12.276931,8.064509
50.510774,-82.344400,-252.000000,12.386387,8.170251
51.030774,-82.344400,-252.000000,12.363561,8.087920
51.550774,-82.344400,-252.000000,12.333478,8.090163
52.070774,-82.344400,-252.000000,12.306952,8.071188
52.590774,-82.344400,-252.000000,12.135945,7.952208
53.110774,-82.344400,-252.000000,12.365836,8.138238
53.630774,-82.344400,-252.000000,12.513070,8.108479
54.150774,-82.344400,-252.000000,12.211480,7.979265
54.670774,-82.344400,-252.000000,12.570396,8.081565
55.190774,-82.344400,-252.000000,12.213630,8.008207
55.710774,-82.344400,-252.000000,12.432098,8.079854
56.230774,-82.344400,-252.000000,12.372617,8.023535
56.750774,-82.344400,-252.000000,12.210971,8.025662
57.270774,-82.344400,-252.000000,12.625887,8.051286
57.790774,-82.344400,-252.000000,12.648259,8.062759
58.310774,-82.344400,-252.000000,12.364095,8.121906
58.830774,-82.344400,-252.000000,12.303569,8.013977
59.350774,-82.344400,-252.000000,12.162849,8.025366
59.870774,-82.344400,-252.000000,12.322137,8.047924
60.390774,-82.344400,-252.000000,12.360805,8.096012
60.910774,-82.344400,-252.000000,12.468848,8.030723
61.430774,-82.344400,-252.000000,12.284042,8.117043
61.950774,-82.344400,-252.000000,12.402247,8.062999
62.470774,-82.344400,-252.000000,12.364974,8.147075
62.990774,-82.344400,-252.000000,12.282393,8.021865
63.510774,-82.344400,-252.000000,12.552041,8.125401
64.030774,-82.344400,-252.000000,12.638177,8.076360
64.550774,-82.344400,-252.000000,12.595956,8.181045
65.070774,-82.344400,-252.000000,12.436962,8.108962
65.590774,-82.344400,-252.000000,12.252005,7.989738
66.110774,-82.344400,-252.000000,12.296375,8.086091
66.630774,-82.344400,-252.000000,12.094509,7.949967
67.150774,-82.344400,-252.000000,12.478147,8.005155
67.670774,-82.344400,-252.000000,12.354577,8.019460
68.190774,-82.344400,-252.000000,12.321184,8.006466
68.710774,-82.344400,-252.000000,12.489196,8.065336
69.230774,-82.344400,-252.000000,12.400798,8.131390
69.750774,-82.344400,-252.000000,12.045947,7.925172
70.270774,-82.344400,-252.000000,12.250983,7.949699
70.790774,-82.344400,-252.000000,12.488079,8.077255
71.310774,-82.344400,-252.000000,12.185117,7.917912
71.830774,-82.344400,-252.000000,12.641177,8.049337
72.350774,-82.344400,-252.000000,12.400402,8.054327
72.870774,-82.344400,-252.000000,12.198432,8.033107
73.390774,-82.344400,-252.000000,12.525320,8.067816
73.910774,-82.344400,-252.000000,12.547338,8.042406
74.430774,-82.344400,-252.000000,12.452147,8.053298
74.950774,-82.344400,-252.000000,12.467620,8.043252
75.470774,-82.344400,-252.000000,12.329805,7.994396
75.990774,-82.344400,-252.000000,12.342254,7.999128
13.070774,-81.824400,-252.000000,12.310581,7.696248
13.590774,-81.824400,-252.000000,12.388409,7.766386
14.110774,-81.824400,-252.000000,12.297205,7.725298
14.630774,-81.824400,-252.000000,12.512266,7.829153
15.150774,-81.824400,-252.000000,12.475983,7.843056
15.670774,-81.824400,-252.000000,12.297581,7.788584
16.190774,-81.824400,-252.000000,12.390882,8.027921
16.710774,-81.824400,-252.000000,12.314651,7.871372
17.230774,-81.824400,-252.000000,12.378766,8.050430
17.750774,-81.824400,-252.000000,12.138530,7.799081
18.270774,-81.824400,-252.000000,12.677138,8.007993
18.790774,-81.824400,-252.000000,12.630534,7.995502
19.310774,-81.824400,-252.000000,12.301612,7.965051
19.830774,-81.824400,-252.000000,12.350495,7.944556
20.350774,-81.824400,-252.000000,12.327699,8.002380
20.870774,-81.824400,-252.000000,12.422816,7.946983
21.390774,-81.824400,-252.000000,12.216953,7.982950
21.910774,-81.824400,-252.000000,12.326111,8.038362
22.430774,-81.824400,-252.000000,12.408946,7.995968
22.950774,-81.824400,-252.000000,12.051162,7.984238
23.470774,-81.824400,-252.000000,12.433534,7.965429
23.990774,-81.824400,-252.000000,12.325184,8.060610
24.510774,-81.824400,-252.000000,12.555015,8.106052
25.030774,-81.824400,-252.000000,12.092269,7.911150
25.550774,-81.824400,-252.000000,12.398396,8.006594
26.070774,-81.824400,-252.000000,12.311904,7.955432
26.590774,-81.824400,-252.000000,12.404054,8.007033
27.110774,-81.824400,-252.000000,12.405130,8.050482
27.630774,-81.824400,-252.000000,12.340774,8.028872
28.150774,-81.824400,-252.000000,12.314300,7.912838
28.670774,-81.824400,-252.000000,12.255949,7.971984
29.190774,-81.824400,-252.000000,12.292850,7.974229
29.710774,-81.824400,-252.000000,12.405005,8.052832
30.230774,-81.824400,-252.000000,12.431468,7.958682
30.750774,-81.824400,-252.000000,12.482391,8.047816
31.270774,-81.824400,-252.000000,12.483507,8.084720
31.790774,-81.824400,-252.000000,12.344241,8.025446
32.310774,-81.824400,-252.000000,12.334493,8.056509
32.830774,-81.824400,-252.000000,12.302360,8.044605
33.350774,-81.824400,-252.000000,12.302680,8.014331
33.870774,-81.824400,-252.000000,12.249269,8.034900
34.390774,-81.824400,-252.000000,12.252194,8.007237
34.910774,-81.824400,-252.000000,12.626182,8.125629
35.430774,-81.824400,-252.000000,12.278748,8.001650
35.950774,-81.824400,-252.000000,12.307018,8.040832
36.470774,-81.824400,-252.000000,12.449347,7.995749
36.990774,-81.824400,-252.000000,12.055339,7.993426
37.510774,-81.824400,-252.000000,12.492537,8.038486
38.030774,-81.824400,-252.000000,12.466498,8.079310
38.550774,-81.824400,-252.000000,12.311061,8.197054
39.070774,-81.824400,-252.000000,12.220866,7.969161
39.590774,-81.824400,-252.000000,12.499107,8.071083
40.110774,-81.824400,-252.000000,12.474995,8.057533
40.630774,-81.824400,-252.000000,12.345564,8.083527
41.150774,-81.824400,-252.000000,12.259616,8.116241
41.670774,-81.824400,-252.000000,12.294580,8.098450
42.190774,-81.824400,-252.000000,12.404207,8.017880
42.710774,-81.824400,-252.000000,12.403602,8.128376
43.230774,-81.824400,-252.000000,12.513526,8.138811
43.750774,-81.824400,-252.000000,12.356778,8.046180
44.270774,-81.824400,-252.000000,12.218190,8.096741
44.790774,-81.824400,-252.000000,12.379329,7.993126
45.310774,-81.824400,-252.000000,12.324151,7.977173
45.830774,-81.824400,-252.000000,12.204604,8.066323
46.350774,-81.824400,-252.000000,12.025496,8.042786
46.870774,-81.824400,-252.000000,12.227538,8.113075
47.390774,-81.824400,-252.000000,12.294580,8.060847
47.910774,-81.824400,-252.000000,12.084037,8.033545
48.430774,-81.824400,-252.000000,12.442008,8.040848
48.950774,-81.824400,-252.000000,12.491873,8.082073
49.470774,-81.824400,-252.000000,12.265720,8.000136
49.990774,-81.824400,-252.000000,12.298825,8.047792
50.510774,-81.824400,-252.000000,12.321515,8.190971
51.030774,-81.824400,-252.000000,12.349003,8.102233
51.550774,-81.824400,-252.000000,12.330608,8.118047
52.070774,-81.824400,-252.000000,12.331601,8.059757
52.590774,-81.824400,-252.000000,12.089326,7.967397
53.110774,-81.824400,-252.000000,12.232161,8.132977
53.630774,-81.824400,-252.000000,12.527242,8.130972
54.150774,-81.824400,-252.000000,12.252248,7.997304
54.670774,-81.824400,-252.000000,12.542172,8.073390
55.190774,-81.824400,-252.000000,12.188021,8.013879
55.710774,-81.824400,-252.000000,12.463141,8.095542
56.230774,-81.824400,-252.000000,12.329097,8.005386
56.750774,-81.824400,-252.000000,12.218801,8.047821
57.270774,-81.824400,-252.000000,12.638293,8.039327
57.790774,-81.824400,-252.000000,12.670429,8.083476
58.310774,-81.824400,-252.000000,12.366498,8.116457
58.830774,-81.824400,-252.000000,12.283891,8.028302
59.350774,-81.824400,-252.000000,12.089293,8.035605
59.870774,-81.824400,-252.000000,12.399695,8.068206
60.390774,-81.824400,-252.000000,12.296102,8.083234
60.910774,-81.824400,-252.000000,12.499387,8.045377
61.430774,-81.824400,-252.000000,12.211235,8.093503
61.950774,-81.824400,-252.000000,12.387485,8.083749
62.470774,-81.824400,-252.000000,12.355631,8.157030
62.990774,-81.824400,-252.000000,12.341599,8.049288
63.510774,-81.824400,-252.000000,12.542212,8.133839
64.030774,-81.824400,-252.000000,12.548918,8.090043
64.550774,-81.824400,-252.000000,12.643115,8.213483
65.070774,-81.824400,-252.000000,12.496104,8.116862
65.590774,-81.824400,-252.000000,12.198216,8.004644
66.110774,-81.824400,-252.000000,12.213120,8.071018
66.630774,-81.824400,-252.000000,12.145488,7.967260
67.150774,-81.824400,-252.000000,12.452186,8.013349
67.670774,-81.824400,-252.000000,12.311955,8.009840
68.190774,-81.824400,-252.000000,12.298905,8.001379
68.710774,-81.824400,-252.000000,12.513303,8.096495
69.230774,-81.824400,-252.000000,12.382358,8.110395
69.750774,-81.824400,-252.000000,11.982321,7.921248
70.270774,-81.824400,-252.000000,12.212369,7.929220
70.790774,-81.824400,-252.000000,12.451533,8.055276
71.310774,-81.824400,-252.000000,12.298827,7.948606
71.830774,-81.824400,-252.000000,12.554534,8.086864
72.350774,-81.824400,-252.000000,12.436866,8.045784
72.870774,-81.824400,-252.000000,12.206301,8.044043
73.390774,-81.824400,-252.000000,12.468572,8.035601
73.910774,-81.824400,-252.000000,12.439313,7.999039
74.430774,-81.824400,-252.000000,12.408036,8.053082
74.950774,-81.824400,-252.000000,12.484866,8.079789
75.470774,-81.824400,-252.000000,12.222709,7.988247
75.990774,-81.824400,-252.000000,12.379130,7.995015
13.070774,-81.304400,-252.000000,12.243129,7.698413
75.990774,-81.304400,-252.000000,12.339808,7.996445
13.070774,-82.344400,-251.000000,12.335501,7.657290
13.590774,-82.344400,-251.000000,12.370158,7.745224
14.110774,-82.344400,-251.000000,12.338149,7.705761
14.630774,-82.344400,-251.000000,12.445532,7.877920
15.150774,-82.344400,-251.000000,12.255919,7.870514
15.670774,-82.344400,-251.000000,12.240126,7.735920
16.190774,-82.344400,-251.000000,12.134841,7.888141
16.710774,-82.344400,-251.000000,12.477854,7.923913
17.230774,-82.344400,-251.000000,12.391571,7.839013
17.750774,-82.344400,-251.000000,12.470225,7.952070
18.270774,-82.344400,-251.000000,12.280156,7.865768
18.790774,-82.344400,-251.000000,12.529234,8.008475
19.310774,-82.344400,-251.000000,12.462754,7.846101
19.830774,-82.344400,-251.000000,12.540870,7.956230
20.350774,-82.344400,-251.000000,12.480524,7.962477
20.870774,-82.344400,-251.000000,12.313293,8.006059
21.390774,-82.344400,-251.000000,12.246770,7.870739
21.910774,-82.344400,-251.000000,12.506770,7.981627
22.430774,-82.344400,-251.000000,12.358937,8.068158
22.950774,-82.344400,-251.000000,12.474669,7.916504
23.470774,-82.344400,-251.000000,12.438459,8.013738
23.990774,-82.344400,-251.000000,12.313129,8.012426
24.510774,-82.344400,-251.000000,12.390697,8.002592
25.030774,-82.344400,-251.000000,12.304224,7.945654
25.550774,-82.344400,-251.000000,12.374941,8.053623
26.070774,-82.344400,-251.000000,12.094325,8.001695
26.590774,-82.344400,-251.000000,12.446185,7.999809
27.110774,-82.344400,-251.000000,12.434057,8.069942
27.630774,-82.344400,-251.000000,12.237949,7.919811
28.150774,-82.344400,-251.000000,12.531953,8.044527
28.670774,-82.344400,-251.000000,12.336245,8.039023
29.190774,-82.344400,-251.000000,12.328773,8.052775
29.710774,-82.344400,-251.000000,12.537831,8.041728
30.230774,-82.344400,-251.000000,12.455939,8.012521
30.750774,-82.344400,-251.000000,12.228149,8.038125
31.270774,-82.344400,-251.000000,12.399634,8.071110
31.790774,-82.344400,-251.000000,12.291771,7.983990
32.310774,-82.344400,-251.000000,12.632885,8.069987
32.830774,-82.344400,-251.000000,12.471406,7.993996
33.350774,-82.344400,-251.000000,12.396644,8.016491
33.870774,-82.344400,-251.000000,12.168313,7.986784
34.390774,-82.344400,-251.000000,12.412215,8.018334
34.910774,-82.344400,-251.000000,12.367016,8.019241
35.430774,-82.344400,-251.000000,12.352027,8.026077
35.950774,-82.344400,-251.000000,12.232857,8.000209
36.470774,-82.344400,-251.000000,12.203937,7.983092
36.990774,-82.344400,-251.000000,12.274728,8.048611
37.510774,-82.344400,-251.000000,12.239710,8.031742
38.030774,-82.344400,-251.000000,12.125722,7.966412
38.550774,-82.344400,-251.000000,12.222404,7.966853
39.070774,-82.344400,-251.000000,12.274045,7.961049
39.590774,-82.344400,-251.000000,12.225940,8.009882
40.110774,-82.344400,-251.000000,12.297067,8.036291
40.630774,-82.344400,-251.000000,12.227038,8.044250
41.150774,-82.344400,-251.000000,12.411945,8.040392
41.670774,-82.344400,-251.000000,12.308875,7.986271
42.190774,-82.344400,-251.000000,12.160285,7.985646
42.710774,-82.344400,-251.000000,12.233733,8.069726
43.230774,-82.344400,-251.000000,12.401106,8.015152
43.750774,-82.344400,-251.000000,12.328830,8.135100
44.270774,-82.344400,-251.000000,12.385760,8.092170
44.790774,-82.344400,-251.000000,12.276600,8.069390
45.310774,-82.344400,-251.000000,12.477000,8.044213
45.830774,-82.344400,-251.000000,12.266276,8.032345
46.350774,-82.344400,-251.000000,12.282220,7.963913
46.870774,-82.344400,-251.000000,12.510764,8.015973
47.390774,-82.344400,-251.000000,12.371881,8.046836
47.910774,-82.344400,-251.000000,12.214213,8.043769
48.430774,-82.344400,-251.000000,12.249610,8.162230
48.950774,-82.344400,-251.000000,12.283989,8.077479
49.470774,-82.344400,-251.000000,12.606075,8.188313
49.990774,-82.344400,-251.000000,12.297292,8.020779
50.510774,-82.344400,-251.000000,12.329169,8.035904
51.030774,-82.344400,-251.000000,12.290176,8.112846
51.550774,-82.344400,-251.000000,12.122162,8.013872
52.070774,-82.344400,-251.000000,12.454917,8.103095
52.590774,-82.344400,-251.000000,12.328726,8.026979
53.110774,-82.344400,-251.000000,12.263667,8.020054
53.630774,-82.344400,-251.000000,12.274873,7.911142
54.150774,-82.344400,-251.000000,12.443153,8.083439
54.670774,-82.344400,-251.000000,12.232514,8.030932
55.190774,-82.344400,-251.000000,12.274371,8.031586
55.710774,-82.344400,-251.000000,12.380987,8.038190
56.230774,-82.344400,-251.000000,12.634929,8.094790
56.750774,-82.344400,-251.000000,12.547117,8.125786
57.270774,-82.344400,-251.000000,12.279491,8.114399
57.790774,-82.344400,-251.000000,12.275556,8.057367
58.310774,-82.344400,-251.000000,12.517145,8.083742
58.830774,-82.344400,-251.000000,12.537760,7.991075
59.350774,-82.344400,-251.000000,12.412163,8.025998
59.870774,-82.344400,-251.000000,12.548973,8.078269
60.390774,-82.344400,-251.000000,12.384098,8.122478
60.910774,-82.344400,-251.000000,12.611359,8.063766
61.430774,-82.344400,-251.000000,12.358524,8.055822
61.950774,-82.344400,-251.000000,12.544855,8.072241
62.470774,-82.344400,-251.000000,12.424654,8.075287
62.990774,-82.344400,-251.000000,12.451919,8.093896
63.510774,-82.344400,-251.000000,12.259013,7.949006
64.030774,-82.344400,-251.000000,12.560352,8.045088
64.550774,-82.344400,-251.000000,12.400208,8.078970
65.070774,-82.344400,-251.000000,12.539979,8.062364
65.590774,-82.344400,-251.000000,12.390437,8.026451
66.110774,-82.344400,-251.000000,12.315810,7.967758
66.630774,-82.344400,-251.000000,12.089928,7.984151
67.150774,-82.344400,-251.000000,12.508459,8.096301
67.670774,-82.344400,-251.000000,12.368253,8.068083
68.190774,-82.344400,-251.000000,12.567562,8.038258
68.710774,-82.344400,-251.000000,12.264711,7.939807
69.230774,-82.344400,-251.000000,12.116179,7.985966
69.750774,-82.344400,-251.000000,12.151869,7.976156
70.270774,-82.344400,-251.000000,12.485128,8.214096
70.790774,-82.344400,-251.000000,12.604812,8.026654
71.310774,-82.344400,-251.000000,12.397986,8.066854
71.830774,-82.344400,-251.000000,12.428168,8.094378
72.350774,-82.344400,-251.000000,12.482484,8.045646
72.870774,-82.344400,-251.000000,12.246060,8.021026
73.390774,-82.344400,-251.000000,12.571722,8.101203
73.910774,-82.344400,-251.000000,12.246162,7.986333
74.430774,-82.344400,-251.000000,12.164417,7.952381
74.950774,-82.344400,-251.000000,12.336660,7.925463
75.470774,-82.344400,-251.000000,12.417632,8.047878
13.070774,-81.824400,-251.000000,12.329420,7.677495
13.590774,-81.824400,-251.000000,12.420739,7.760049
14.110774,-81.824400,-251.000000,12.268088,7.707978
14.630774,-81.824400,-251.000000,12.410941,7.877601
15.150774,-81.824400,-251.000000,12.247069,7.856306
15.670774,-81.824400,-251.000000,12.236369,7.747690
16.190774,-81.824400,-251.000000,12.164662,7.866218
16.710774,-81.824400,-251.000000,12.450179,7.948586
17.230774,-81.824400,-251.000000,12.366096,7.810890
17.750774,-81.824400,-251.000000,12.491865,7.961632
18.270774,-81.824400,-251.000000,12.270434,7.855817
18.790774,-81.824400,-251.000000,12.546970,7.987941
19.310774,-81.824400,-251.000000,12.471692,7.862733
19.830774,-81.824400,-251.000000,12.496062,7.952644
20.350774,-81.824400,-251.000000,12.434115,7.957198
20.870774,-81.824400,-251.000000,12.342723,8.034294
21.390774,-81.824400,-251.000000,12.276358,7.917963
21.910774,-81.824400,-251.000000,12.467431,7.999793
22.430774,-81.824400,-251.000000,12.289092,8.028391
22.950774,-81.824400,-251.000000,12.484837,7.915112
23.470774,-81.824400,-251.000000,12.419534,7.989572
23.990774,-81.824400,-251.000000,12.321441,8.040933
24.510774,-81.824400,-251.000000,12.326359,8.013507
25.030774,-81.824400,-251.000000,12.314726,7.940478
25.550774,-81.824400,-251.000000,12.320609,8.071445
26.070774,-81.824400,-251.000000,12.175227,7.983061
26.590774,-81.824400,-251.000000,12.381788,8.043566
27.110774,-81.824400,-251.000000,12.452787,8.100272
27.630774,-81.824400,-251.000000,12.273434,7.912591
28.150774,-81.824400,-251.000000,12.449936,7.982001
28.670774,-81.824400,-251.000000,12.359515,8.047366
29.190774,-81.824400,-251.000000,12.349327,8.063849
29.710774,-81.824400,-251.000000,12.410419,8.033170
30.230774,-81.824400,-251.000000,12.522729,8.014934
30.750774,-81.824400,-251.000000,12.247025,8.056074
31.270774,-81.824400,-251.000000,12.368251,8.099216
31.790774,-81.824400,-251.000000,12.216851,7.994224
32.310774,-81.824400,-251.000000,12.602103,8.058391
32.830774,-81.824400,-251.000000,12.493983,8.012362
33.350774,-81.824400,-251.000000,12.399215,8.020429
33.870774,-81.824400,-251.000000,12.123470,7.997592
34.390774,-81.824400,-251.000000,12.406291,8.010841
34.910774,-81.824400,-251.000000,12.386322,8.063119
35.430774,-81.824400,-251.000000,12.433966,8.031053
35.950774,-81.824400,-251.000000,12.272019,8.015621
36.470774,-81.824400,-251.000000,12.189795,7.980243
36.990774,-81.824400,-251.000000,12.260042,8.048730
37.510774,-81.824400,-251.000000,12.254472,8.065184
38.030774,-81.824400,-251.000000,12.107078,7.952583
38.550774,-81.824400,-251.000000,12.200518,7.978995
39.070774,-81.824400,-251.000000,12.311252,7.973124
39.590774,-81.824400,-251.000000,12.197795,8.001324
40.110774,-81.824400,-251.000000,12.338920,8.079431
40.630774,-81.824400,-251.000000,12.244076,8.067107
41.150774,-81.824400,-251.000000,12.363306,8.029821
41.670774,-81.824400,-251.000000,12.374133,8.016425
42.190774,-81.824400,-251.000000,12.092628,8.012252
42.710774,-81.824400,-251.000000,12.330688,8.102276
43.230774,-81.824400,-251.000000,12.373001,8.008117
43.750774,-81.824400,-251.000000,12.343496,8.160795
44.270774,-81.824400,-251.000000,12.251193,8.082185
44.790774,-81.824400,-251.000000,12.279818,8.076532
45.310774,-81.824400,-251.000000,12.486732,8.069009
45.830774,-81.824400,-251.000000,12.259892,8.016690
46.350774,-81.824400,-251.000000,12.253577,7.982844
46.870774,-81.824400,-251.000000,12.433914,8.009157
47.390774,-81.824400,-251.000000,12.383152,8.050058
47.910774,-81.824400,-251.000000,12.320244,8.065954
48.430774,-81.824400,-251.000000,12.219780,8.142609
48.950774,-81.824400,-251.000000,12.251716,8.118936
49.470774,-81.824400,-251.000000,12.552475,8.150825
49.990774,-81.824400,-251.000000,12.258243,8.050825
50.510774,-81.824400,-251.000000,12.360425,8.017985
51.030774,-81.824400,-251.000000,12.301081,8.098596
51.550774,-81.824400,-251.000000,12.113803,8.046744
52.070774,-81.824400,-251.000000,12.448927,8.105605
52.590774,-81.824400,-251.000000,12.287305,8.030141
53.110774,-81.824400,-251.000000,12.225290,8.041506
53.630774,-81.824400,-251.000000,12.347413,7.973741
54.150774,-81.824400,-251.000000,12.306070,8.070479
54.670774,-81.824400,-251.000000,12.304160,8.045484
55.190774,-81.824400,-251.000000,12.278088,8.050144
55.710774,-81.824400,-251.000000,12.397861,8.060754
56.230774,-81.824400,-251.000000,12.554245,8.111457
56.750774,-81.824400,-251.000000,12.507692,8.174373
57.270774,-81.824400,-251.000000,12.317607,8.125344
57.790774,-81.824400,-251.000000,12.163822,8.034012
58.310774,-81.824400,-251.000000,12.520959,8.076147
58.830774,-81.824400,-251.000000,12.492855,8.032242
59.350774,-81.824400,-251.000000,12.480121,8.029480
59.870774,-81.824400,-251.000000,12.381884,8.034533
60.390774,-81.824400,-251.000000,12.455786,8.144286
60.910774,-81.824400,-251.000000,12.604114,8.086585
61.430774,-81.824400,-251.000000,12.305984,8.066663
61.950774,-81.824400,-251.000000,12.524871,8.059221
62.470774,-81.824400,-251.000000,12.384689,8.064809
62.990774,-81.824400,-251.000000,12.414605,8.074716
63.510774,-81.824400,-251.000000,12.157245,7.959799
64.030774,-81.824400,-251.000000,12.703802,8.074470
64.550774,-81.824400,-251.000000,12.278804,8.033044
65.070774,-81.824400,-251.000000,12.596339,8.093289
65.590774,-81.824400,-251.000000,12.448672,8.044571
66.110774,-81.824400,-251.000000,12.305522,7.959624
66.630774,-81.824400,-251.000000,12.008869,7.996861
67.150774,-81.824400,-251.000000,12.598679,8.128469
67.670774,-81.824400,-251.000000,12.397774,8.081021
68.190774,-81.824400,-251.000000,12.482223,8.002969
68.710774,-81.824400,-251.000000,12.260399,7.936105
69.230774,-81.824400,-251.000000,12.135452,7.993756
69.750774,-81.824400,-251.000000,12.186690,7.969237
70.270774,-81.824400,-251.000000,12.485132,8.212659
70.790774,-81.824400,-251.000000,12.571109,8.032695
71.310774,-81.824400,-251.000000,12.321006,8.036632
71.830774,-81.824400,-251.000000,12.370445,8.100137
72.350774,-81.824400,-251.000000,12.458808,8.083028
72.870774,-81.824400,-251.000000,12.203320,8.050466
73.390774,-81.824400,-251.000000,12.563746,8.112551
73.910774,-81.824400,-251.000000,12.199541,7.976518
74.430774,-81.824400,-251.000000,12.215509,7.969572
74.950774,-81.824400,-251.000000,12.333385,7.952746
75.470774,-81.824400,-251.000000,12.452662,8.056429
75.990774,-81.824400,-251.000000,12.208237,8.007618
74.430774,-81.304400,-251.000000,12.219378,8.009986
74.950774,-81.304400,-251.000000,12.270721,7.971918
75.470774,-81.304400,-251.000000,12.393252,8.071387
13.070774,-82.344400,-250.000000,12.298594,7.569576
13.590774,-82.344400,-250.000000,12.489177,7.673835
14.110774,-82.344400,-250.000000,12.423366,7.714567
14.630774,-82.344400,-250.000000,12.230361,7.742271
15.150774,-82.344400,-250.000000,12.317782,7.871000
15.670774,-82.344400,-250.000000,12.406774,7.899156
16.190774,-82.344400,-250.000000,12.656225,7.829519
16.710774,-82.344400,-250.000000,12.337802,7.750569
17.230774,-82.344400,-250.000000,12.530873,7.873515
17.750774,-82.344400,-250.000000,12.248939,7.866497
18.270774,-82.344400,-250.000000,12.497650,7.923685
18.790774,-82.344400,-250.000000,12.373870,7.953340
19.310774,-82.344400,-250.000000,12.187935,7.832771
19.830774,-82.344400,-250.000000,12.377594,8.026994
20.350774,-82.344400,-250.000000,12.266166,7.860961
20.870774,-82.344400,-250.000000,12.124613,7.929571
21.390774,-82.344400,-250.000000,12.290843,8.031402
21.910774,-82.344400,-250.000000,12.311893,7.954743
22.430774,-82.344400,-250.000000,12.296912,7.904256
22.950774,-82.344400,-250.000000,12.082747,7.888224
23.470774,-82.344400,-250.000000,12.069206,7.923866
23.990774,-82.344400,-250.000000,12.280108,7.998152
24.510774,-82.344400,-250.000000,12.274157,7.951584
25.030774,-82.344400,-250.000000,12.277865,7.921093
25.550774,-82.344400,-250.000000,12.442115,7.989529
26.070774,-82.344400,-250.000000,12.492481,8.028477
26.590774,-82.344400,-250.000000,12.376767,7.992084
27.110774,-82.344400,-250.000000,12.308360,8.064182
27.630774,-82.344400,-250.000000,12.378161,8.022312
28.150774,-82.344400,-250.000000,12.425950,8.029669
28.670774,-82.344400,-250.000000,12.591722,8.061267
29.190774,-82.344400,-250.000000,12.103959,8.018190
29.710774,-82.344400,-250.000000,12.271976,7.978383
30.230774,-82.344400,-250.000000,12.407062,7.989703
30.750774,-82.344400,-250.000000,12.481244,8.171671
31.270774,-82.344400,-250.000000,12.205631,7.991840
31.790774,-82.344400,-250.000000,12.415507,8.022611
32.310774,-82.344400,-250.000000,12.272216,8.053740
32.830774,-82.344400,-250.000000,12.202337,7.997551
33.350774,-82.344400,-250.000000,12.473283,8.067119
33.870774,-82.344400,-250.000000,12.202250,8.068048
34.390774,-82.344400,-250.000000,12.238612,8.033032
34.910774,-82.344400,-250.000000,12.428278,8.104468
35.430774,-82.344400,-250.000000,12.544006,8.138299
35.950774,-82.344400,-250.000000,12.189271,8.044323
36.470774,-82.344400,-250.000000,12.321705,7.989204
36.990774,-82.344400,-250.000000,12.350838,8.067115
37.510774,-82.344400,-250.000000,12.330302,8.069615
38.030774,-82.344400,-250.000000,12.235042,8.034500
38.550774,-82.344400,-250.000000,12.311286,8.009332
39.070774,-82.344400,-250.000000,12.420078,8.090957
39.590774,-82.344400,-250.000000,12.381735,8.071854
40.110774,-82.344400,-250.000000,12.501405,8.059973
40.630774,-82.344400,-250.000000,12.198144,7.977530
41.150774,-82.344400,-250.000000,12.416120,8.063014
41.670774,-82.344400,-250.000000,12.472950,8.014823
42.190774,-82.344400,-250.000000,12.372161,8.053090
42.710774,-82.344400,-250.000000,12.342031,8.060039
43.230774,-82.344400,-250.000000,12.332428,8.129281
43.750774,-82.344400,-250.000000,12.469740,8.040421
44.270774,-82.344400,-250.000000,12.349544,7.986799
44.790774,-82.344400,-250.000000,12.323583,8.062236
45.310774,-82.344400,-250.000000,12.005034,8.006982
45.830774,-82.344400,-250.000000,12.305756,8.000481
46.350774,-82.344400,-250.000000,12.310807,8.058989
46.870774,-82.344400,-250.000000,12.279454,8.113336
47.390774,-82.344400,-250.000000,12.296272,8.081779
47.910774,-82.344400,-250.000000,12.264667,8.009238
48.430774,-82.344400,-250.000000,12.391725,8.055575
48.950774,-82.344400,-250.000000,12.388157,8.032248
49.470774,-82.344400,-250.000000,12.436667,8.094336
49.990774,-82.344400,-250.000000,12.295198,8.094378
50.510774,-82.344400,-250.000000,12.356291,8.078914
51.030774,-82.344400,-250.000000,12.525262,8.075861
51.550774,-82.344400,-250.000000,12.570809,8.111391
52.070774,-82.344400,-250.000000,12.277059,8.061402
52.590774,-82.344400,-250.000000,12.388136,8.055725
53.110774,-82.344400,-250.000000,12.444169,8.046127
53.630774,-82.344400,-250.000000,12.122089,8.087757
54.150774,-82.344400,-250.000000,12.210093,7.997145
54.670774,-82.344400,-250.000000,11.973575,7.913341
55.190774,-82.344400,-250.000000,12.296516,8.009719
55.710774,-82.344400,-250.000000,12.634144,8.115878
56.230774,-82.344400,-250.000000,12.214176,8.002598
56.750774,-82.344400,-250.000000,12.492624,8.090682
57.270774,-82.344400,-250.000000,12.343160,8.035884
57.790774,-82.344400,-250.000000,12.475677,8.113747
58.310774,-82.344400,-250.000000,12.232232,8.038266
58.830774,-82.344400,-250.000000,12.339992,8.040786
59.350774,-82.344400,-250.000000,12.298156,8.017699
59.870774,-82.344400,-250.000000,12.249091,8.033134
60.390774,-82.344400,-250.000000,12.470809,8.036307
60.910774,-82.344400,-250.000000,12.390203,8.008039
61.430774,-82.344400,-250.000000,12.421391,8.098627
61.950774,-82.344400,-250.000000,12.638002,8.170379
62.470774,-82.344400,-250.000000,12.524959,8.134824
62.990774,-82.344400,-250.000000,12.175176,8.005938
63.510774,-82.344400,-250.000000,12.438208,8.061192
64.030774,-82.344400,-250.000000,12.294323,8.055476
64.550774,-82.344400,-250.000000,12.245311,8.030565
65.070774,-82.344400,-250.000000,12.419080,8.015433
65.590774,-82.344400,-250.000000,12.230384,7.951301
66.110774,-82.344400,-250.000000,12.372686,8.021222
66.630774,-82.344400,-250.000000,12.195045,7.943687
67.150774,-82.344400,-250.000000,12.498434,8.098506
67.670774,-82.344400,-250.000000,12.145326,7.963168
68.190774,-82.344400,-250.000000,12.231757,7.950048
68.710774,-82.344400,-250.000000,12.288551,7.955268
69.230774,-82.344400,-250.000000,12.303738,8.008956
69.750774,-82.344400,-250.000000,12.384118,8.015293
70.270774,-82.344400,-250.000000,12.401370,8.035318
70.790774,-82.344400,-250.000000,12.360564,8.030645
71.310774,-82.344400,-250.000000,12.247123,8.001733
71.830774,-82.344400,-250.000000,12.232778,7.927629
72.350774,-82.344400,-250.000000,12.276620,7.970470
72.870774,-82.344400,-250.000000,12.239350,7.993341
13.070774,-81.824400,-250.000000,12.334335,7.587022
13.590774,-81.824400,-250.000000,12.518521,7.678664
14.110774,-81.824400,-250.000000,12.374274,7.705044
14.630774,-81.824400,-250.000000,12.280062,7.766236
15.150774,-81.824400,-250.000000,12.263166,7.852648
15.670774,-81.824400,-250.000000,12.397808,7.923837
16.190774,-81.824400,-250.000000,12.682634,7.888759
16.710774,-81.824400,-250.000000,12.262088,7.723525
17.230774,-81.824400,-250.000000,12.506573,7.907444
17.750774,-81.824400,-250.000000,12.222738,7.838160
18.270774,-81.824400,-250.000000,12.446494,7.942721
18.790774,-81.824400,-250.000000,12.354663,7.977261
19.310774,-81.824400,-250.000000,12.189198,7.853981
19.830774,-81.824400,-250.000000,12.335866,8.020019
20.350774,-81.824400,-250.000000,12.269341,7.900557
20.870774,-81.824400,-250.000000,12.147990,7.920653
21.390774,-81.824400,-250.000000,12.168310,8.039542
21.910774,-81.824400,-250.000000,12.253108,7.959247
22.430774,-81.824400,-250.000000,12.261672,7.918121
22.950774,-81.824400,-250.000000,12.057602,7.904514
23.470774,-81.824400,-250.000000,12.119167,7.938285
23.990774,-81.824400,-250.000000,12.278231,8.016817
24.510774,-81.824400,-250.000000,12.356469,7.963232
25.030774,-81.824400,-250.000000,12.275550,7.949243
25.550774,-81.824400,-250.000000,12.342566,7.976899
26.070774,-81.824400,-250.000000,12.500222,8.063064
26.590774,-81.824400,-250.000000,12.368078,7.970863
27.110774,-81.824400,-250.000000,12.253158,8.060423
27.630774,-81.824400,-250.000000,12.444684,8.048278
28.150774,-81.824400,-250.000000,12.476806,8.046769
28.670774,-81.824400,-250.000000,12.494018,8.068609
29.190774,-81.824400,-250.000000,12.147872,8.037031
29.710774,-81.824400,-250.000000,12.245156,7.955423
30.230774,-81.824400,-250.000000,12.338313,8.007042
30.750774,-81.824400,-250.000000,12.455014,8.154978
31.270774,-81.824400,-250.000000,12.254668,8.044147
31.790774,-81.824400,-250.000000,12.366017,8.018864
32.310774,-81.824400,-250.000000,12.333812,8.073400
32.830774,-81.824400,-250.000000,12.185210,7.987889
33.350774,-81.824400,-250.000000,12.451781,8.059405
33.870774,-81.824400,-250.000000,12.267245,8.050812
34.390774,-81.824400,-250.000000,12.174314,8.032944
34.910774,-81.824400,-250.000000,12.418996,8.116130
35.430774,-81.824400,-250.000000,12.512053,8.106505
35.950774,-81.824400,-250.000000,12.151214,8.071814
36.470774,-81.824400,-250.000000,12.356244,8.006560
36.990774,-81.824400,-250.000000,12.300479,8.059926
37.510774,-81.824400,-250.000000,12.343902,8.088740
38.030774,-81.824400,-250.000000,12.203986,8.049097
38.550774,-81.824400,-250.000000,12.289721,8.005561
39.070774,-81.824400,-250.000000,12.376858,8.097895
39.590774,-81.824400,-250.000000,12.323530,8.075642
40.110774,-81.824400,-250.000000,12.444229,8.062639
40.630774,-81.824400,-250.000000,12.214486,7.988964
41.150774,-81.824400,-250.000000,12.379599,8.044753
41.670774,-81.824400,-250.000000,12.414087,8.018559
42.190774,-81.824400,-250.000000,12.318695,8.042938
42.710774,-81.824400,-250.000000,12.299973,8.066203
43.230774,-81.824400,-250.000000,12.294773,8.137153
43.750774,-81.824400,-250.000000,12.452781,8.039638
44.270774,-81.824400,-250.000000,12.394358,8.027775
44.790774,-81.824400,-250.000000,12.268319,8.036692
45.310774,-81.824400,-250.000000,12.000721,8.071042
45.830774,-81.824400,-250.000000,12.320762,8.034382
46.350774,-81.824400,-250.000000,12.365039,8.049215
46.870774,-81.824400,-250.000000,12.291660,8.108155
47.390774,-81.824400,-250.000000,12.299388,8.065331
47.910774,-81.824400,-250.000000,12.241188,8.015166
48.430774,-81.824400,-250.000000,12.323230,8.020885
48.950774,-81.824400,-250.000000,12.443833,8.069465
49.470774,-81.824400,-250.000000,12.455269,8.140188
49.990774,-81.824400,-250.000000,12.299389,8.073474
50.510774,-81.824400,-250.000000,12.389880,8.100483
51.030774,-81.824400,-250.000000,12.463390,8.090946
51.550774,-81.824400,-250.000000,12.519540,8.098370
52.070774,-81.824400,-250.000000,12.314166,8.063890
52.590774,-81.824400,-250.000000,12.340600,8.069922
53.110774,-81.824400,-250.000000,12.442530,8.053805
53.630774,-81.824400,-250.000000,12.154308,8.087644
54.150774,-81.824400,-250.000000,12.253882,8.014130
54.670774,-81.824400,-250.000000,11.929419,7.881303
55.190774,-81.824400,-250.000000,12.304801,8.046687
55.710774,-81.824400,-250.000000,12.635741,8.094905
56.230774,-81.824400,-250.000000,12.264107,8.015808
56.750774,-81.824400,-250.000000,12.461648,8.094094
57.270774,-81.824400,-250.000000,12.258926,8.018575
57.790774,-81.824400,-250.000000,12.518943,8.124026
58.310774,-81.824400,-250.000000,12.249492,8.048259
58.830774,-81.824400,-250.000000,12.344302,8.052312
59.350774,-81.824400,-250.000000,12.160382,7.990056
59.870774,-81.824400,-250.000000,12.269468,8.083619
60.390774,-81.824400,-250.000000,12.452171,8.050384
60.910774,-81.824400,-250.000000,12.450005,8.041442
61.430774,-81.824400,-250.000000,12.389280,8.099013
61.950774,-81.824400,-250.000000,12.593082,8.173484
62.470774,-81.824400,-250.000000,12.495788,8.108884
62.990774,-81.824400,-250.000000,12.207820,8.043513
63.510774,-81.824400,-250.000000,12.493020,8.070357
64.030774,-81.824400,-250.000000,12.212333,8.044063
64.550774,-81.824400,-250.000000,12.312037,8.055402
65.070774,-81.824400,-250.000000,12.368838,7.991295
65.590774,-81.824400,-250.000000,12.222402,7.957359
66.110774,-81.824400,-250.000000,12.333441,8.015027
66.630774,-81.824400,-250.000000,12.133059,7.945833
67.150774,-81.824400,-250.000000,12.487503,8.103866
67.670774,-81.824400,-250.000000,12.106165,7.946918
68.190774,-81.824400,-250.000000,12.261182,7.990042
68.710774,-81.824400,-250.000000,12.219148,7.931685
69.230774,-81.824400,-250.000000,12.379901,8.062879
69.750774,-81.824400,-250.000000,12.368892,8.035190
70.270774,-81.824400,-250.000000,12.399116,8.033887
70.790774,-81.824400,-250.000000,12.270911,8.038973
71.310774,-81.824400,-250.000000,12.276367,8.038722
71.830774,-81.824400,-250.000000,12.260350,7.937851
72.350774,-81.824400,-250.000000,12.170547,7.946457
72.870774,-81.824400,-250.000000,12.278518,8.040229
73.390774,-81.824400,-250.000000,12.386435,8.034117
73.910774,-81.824400,-250.000000,12.450442,8.059073
13.070774,-81.304400,-250.000000,12.294169,7.620732
71.830774,-81.304400,-250.000000,12.194411,7.982285
72.870774,-81.304400,-250.000000,12.281074,8.063067
13.070774,-82.344400,-249.000000,12.190543,7.648457
13.590774,-82.344400,-249.000000,12.468912,7.737597
14.110774,-82.344400,-249.000000,12.141620,7.603705
14.630774,-82.344400,-249.000000,12.441965,7.748937
15.150774,-82.344400,-249.000000,12.417903,7.810160
15.670774,-82.344400,-249.000000,12.469897,7.828985
16.190774,-82.344400,-249.000000,12.361667,7.839343
16.710774,-82.344400,-249.000000,12.674562,7.925491
17.230774,-82.344400,-249.000000,12.331077,7.919924
17.750774,-82.344400,-249.000000,12.402831,7.940875
18.270774,-82.344400,-249.000000,12.051732,7.940522
18.790774,-82.344400,-249.000000,12.273953,7.920756
19.310774,-82.344400,-249.000000,12.331458,7.909553
19.830774,-82.344400,-249.000000,12.366348,7.993131
20.350774,-82.344400,-249.000000,12.444219,7.808136
20.870774,-82.344400,-249.000000,12.435878,7.918600
21.390774,-82.344400,-249.000000,12.299735,7.992188
21.910774,-82.344400,-249.000000,12.397677,7.918020
22.430774,-82.344400,-249.000000,12.350543,8.001761
22.950774,-82.344400,-249.000000,12.376197,7.919876
23.470774,-82.344400,-249.000000,12.304075,7.906096
23.990774,-82.344400,-249.000000,12.232071,8.063857
24.510774,-82.344400,-249.000000,12.361418,8.030615
25.030774,-82.344400,-249.000000,12.400675,7.975368
25.550774,-82.344400,-249.000000,12.356009,8.005983
26.070774,-82.344400,-249.000000,12.307788,7.940930
26.590774,-82.344400,-249.000000,12.207323,7.950673
27.110774,-82.344400,-249.000000,12.440745,8.044150
27.630774,-82.344400,-249.000000,12.312602,7.977795
28.150774,-82.344400,-249.000000,12.323647,7.964957
28.670774,-82.344400,-249.000000,12.233493,8.011494
29.190774,-82.344400,-249.000000,12.378264,8.024708
29.710774,-82.344400,-249.000000,12.301410,8.082335
30.230774,-82.344400,-249.000000,12.425466,7.998028
30.750774,-82.344400,-249.000000,12.074875,8.013914
31.270774,-82.344400,-249.000000,12.459598,7.899839
31.790774,-82.344400,-249.000000,12.294580,8.024530
32.310774,-82.344400,-249.000000,12.442206,8.095958
32.830774,-82.344400,-249.000000,12.286711,7.979465
33.350774,-82.344400,-249.000000,12.087546,7.872245
33.870774,-82.344400,-249.000000,12.307166,7.997270
34.390774,-82.344400,-249.000000,12.358917,8.029362
34.910774,-82.344400,-249.000000,12.344668,7.992421
35.430774,-82.344400,-249.000000,12.187069,7.984014
35.950774,-82.344400,-249.000000,12.477024,8.002866
36.470774,-82.344400,-249.000000,12.307172,8.104343
36.990774,-82.344400,-249.000000,12.297180,8.019682
37.510774,-82.344400,-249.000000,12.319647,8.008892
38.030774,-82.344400,-249.000000,12.411757,8.037891
38.550774,-82.344400,-249.000000,12.380900,8.075419
39.070774,-82.344400,-249.000000,12.582883,8.017437
39.590774,-82.344400,-249.000000,12.441497,8.096497
40.110774,-82.344400,-249.000000,12.368701,8.034971
40.630774,-82.344400,-249.000000,12.441295,7.989046
41.150774,-82.344400,-249.000000,12.412196,8.029216
41.670774,-82.344400,-249.000000,12.195656,7.960414
42.190774,-82.344400,-249.000000,12.410560,8.029611
42.710774,-82.344400,-249.000000,12.121029,7.966419
43.230774,-82.344400,-249.000000,12.451658,8.014434
43.750774,-82.344400,-249.000000,12.173967,8.006230
44.270774,-82.344400,-249.000000,12.481676,8.043940
44.790774,-82.344400,-249.000000,12.235335,8.017365
45.310774,-82.344400,-249.000000,12.465417,8.013494
45.830774,-82.344400,-249.000000,12.358835,8.012368
46.350774,-82.344400,-249.000000,12.320323,8.018204
46.870774,-82.344400,-249.000000,12.544670,8.083895
47.390774,-82.344400,-249.000000,12.250454,7.992315
47.910774,-82.344400,-249.000000,12.385103,8.109949
48.430774,-82.344400,-249.000000,12.190383,8.017120
48.950774,-82.344400,-249.000000,12.320611,8.033398
49.470774,-82.344400,-249.000000,12.239158,7.963783
49.990774,-82.344400,-249.000000,12.354104,8.091842
50.510774,-82.344400,-249.000000,12.409450,8.007194
51.030774,-82.344400,-249.000000,12.247296,8.025496
51.550774,-82.344400,-249.000000,12.185569,7.979064
52.070774,-82.344400,-249.000000,12.271948,7.976464
52.590774,-82.344400,-249.000000,12.604778,8.115358
53.110774,-82.344400,-249.000000,12.125872,8.114929
53.630774,-82.344400,-249.000000,12.275628,8.017481
54.150774,-82.344400,-249.000000,12.490616,8.094403
54.670774,-82.344400,-249.000000,12.419593,8.069060
55.190774,-82.344400,-249.000000,12.323187,8.050129
55.710774,-82.344400,-249.000000,12.390918,8.012050
56.230774,-82.344400,-249.000000,12.473685,8.118299
56.750774,-82.344400,-249.000000,12.296210,7.993137
57.270774,-82.344400,-249.000000,12.337623,8.096190
57.790774,-82.344400,-249.000000,12.270556,7.996288
58.310774,-82.344400,-249.000000,12.537728,8.128286
58.830774,-82.344400,-249.000000,12.253296,7.925626
59.350774,-82.344400,-249.000000,12.445373,7.998785
59.870774,-82.344400,-249.000000,12.447852,8.022724
60.390774,-82.344400,-249.000000,12.443628,8.058077
60.910774,-82.344400,-249.000000,12.658607,8.028645
61.430774,-82.344400,-249.000000,12.153270,7.962629
61.950774,-82.344400,-249.000000,12.296404,7.970170
62.470774,-82.344400,-249.000000,12.231579,7.947854
62.990774,-82.344400,-249.000000,12.666803,8.005102
63.510774,-82.344400,-249.000000,12.558616,8.090160
64.030774,-82.344400,-249.000000,12.293646,8.067531
64.550774,-82.344400,-249.000000,12.299908,7.973897
65.070774,-82.344400,-249.000000,12.226888,8.152635
65.590774,-82.344400,-249.000000,12.298473,8.025364
66.110774,-82.344400,-249.000000,12.205586,8.024028
66.630774,-82.344400,-249.000000,12.304416,7.945832
67.150774,-82.344400,-249.000000,12.426548,7.984716
67.670774,-82.344400,-249.000000,12.370540,7.970425
68.190774,-82.344400,-249.000000,12.382209,7.982797
68.710774,-82.344400,-249.000000,12.068282,7.989801
69.230774,-82.344400,-249.000000,12.387114,8.057249
69.750774,-82.344400,-249.000000,12.717588,8.018049
70.270774,-82.344400,-249.000000,12.469569,8.056426
70.790774,-82.344400,-249.000000,12.289159,7.948901
13.070774,-81.824400,-249.000000,12.160875,7.648654
13.590774,-81.824400,-249.000000,12.428016,7.722454
14.110774,-81.824400,-249.000000,12.172153,7.655435
14.630774,-81.824400,-249.000000,12.428880,7.757934
15.150774,-81.824400,-249.000000,12.443492,7.826269
15.670774,-81.824400,-249.000000,12.462171,7.840043
16.190774,-81.824400,-249.000000,12.380927,7.860520
16.710774,-81.824400,-249.000000,12.673917,7.919663
17.230774,-81.824400,-249.000000,12.313350,7.919850
17.750774,-81.824400,-249.000000,12.380916,7.939419
18.270774,-81.824400,-249.000000,12.029994,7.926155
18.790774,-81.824400,-249.000000,12.294084,7.945557
19.310774,-81.824400,-249.000000,12.357280,7.910318
19.830774,-81.824400,-249.000000,12.318493,7.988674
20.350774,-81.824400,-249.000000,12.401458,7.812431
20.870774,-81.824400,-249.000000,12.427162,7.930381
21.390774,-81.824400,-249.000000,12.322661,7.996762
21.910774,-81.824400,-249.000000,12.379695,7.915641
22.430774,-81.824400,-249.000000,12.420797,8.010295
22.950774,-81.824400,-249.000000,12.315921,7.941466
23.470774,-81.824400,-249.000000,12.329648,7.903750
23.990774,-81.824400,-249.000000,12.196959,8.061666
24.510774,-81.824400,-249.000000,12.342112,8.028069
25.030774,-81.824400,-249.000000,12.429743,7.963561
25.550774,-81.824400,-249.000000,12.352401,8.036562
26.070774,-81.824400,-249.000000,12.335360,7.949514
26.590774,-81.824400,-249.000000,12.194366,7.952960
27.110774,-81.824400,-249.000000,12.390648,8.053453
27.630774,-81.824400,-249.000000,12.276255,7.970285
28.150774,-81.824400,-249.000000,12.237095,7.954871
28.670774,-81.824400,-249.000000,12.237667,8.038310
29.190774,-81.824400,-249.000000,12.407111,8.023547
29.710774,-81.824400,-249.000000,12.284711,8.073520
30.230774,-81.824400,-249.000000,12.434371,7.953064
30.750774,-81.824400,-249.000000,12.069625,8.015268
31.270774,-81.824400,-249.000000,12.367710,7.883736
31.790774,-81.824400,-249.000000,12.301682,8.061582
32.310774,-81.824400,-249.000000,12.384757,8.097911
32.830774,-81.824400,-249.000000,12.335017,7.998299
33.350774,-81.824400,-249.000000,12.138710,7.877296
33.870774,-81.824400,-249.000000,12.194363,7.985899
34.390774,-81.824400,-249.000000,12.419017,8.076684
34.910774,-81.824400,-249.000000,12.229627,7.995968
35.430774,-81.824400,-249.000000,12.248879,8.035010
35.950774,-81.824400,-249.000000,12.570017,8.013891
36.470774,-81.824400,-249.000000,12.257673,8.122027
36.990774,-81.824400,-249.000000,12.298110,8.036659
37.510774,-81.824400,-249.000000,12.348851,7.998267
38.030774,-81.824400,-249.000000,12.354282,8.037266
38.550774,-81.824400,-249.000000,12.311811,8.087852
39.070774,-81.824400,-249.000000,12.542331,8.040852
39.590774,-81.824400,-249.000000,12.446746,8.155064
40.110774,-81.824400,-249.000000,12.424147,8.056806
40.630774,-81.824400,-249.000000,12.403720,7.995929
41.150774,-81.824400,-249.000000,12.384512,8.013293
41.670774,-81.824400,-249.000000,12.368979,8.010981
42.190774,-81.824400,-249.000000,12.369414,8.017098
42.710774,-81.824400,-249.000000,12.153346,7.991138
43.230774,-81.824400,-249.000000,12.437267,8.012685
43.750774,-81.824400,-249.000000,12.217891,8.044492
44.270774,-81.824400,-249.000000,12.416532,8.038499
44.790774,-81.824400,-249.000000,12.204040,8.017516
45.310774,-81.824400,-249.000000,12.440282,8.000778
45.830774,-81.824400,-249.000000,12.352322,8.018057
46.350774,-81.824400,-249.000000,12.290641,8.039801
46.870774,-81.824400,-249.000000,12.509318,8.072376
47.390774,-81.824400,-249.000000,12.202586,7.972771
47.910774,-81.824400,-249.000000,12.311815,8.103933
48.430774,-81.824400,-249.000000,12.201672,8.036443
48.950774,-81.824400,-249.000000,12.225251,8.011158
49.470774,-81.824400,-249.000000,12.186007,7.994783
49.990774,-81.824400,-249.000000,12.334194,8.082153
50.510774,-81.824400,-249.000000,12.380634,8.008447
51.030774,-81.824400,-249.000000,12.297752,8.059006
51.550774,-81.824400,-249.000000,12.148687,8.010793
52.070774,-81.824400,-249.000000,12.333604,7.981407
52.590774,-81.824400,-249.000000,12.570251,8.102988
53.110774,-81.824400,-249.000000,12.110278,8.131323
53.630774,-81.824400,-249.000000,12.259209,8.042465
54.150774,-81.824400,-249.000000,12.427177,8.070310
54.670774,-81.824400,-249.000000,12.377548,8.055432
55.190774,-81.824400,-249.000000,12.327079,8.073494
55.710774,-81.824400,-249.000000,12.381968,7.983566
56.230774,-81.824400,-249.000000,12.485096,8.165546
56.750774,-81.824400,-249.000000,12.247951,7.986460
57.270774,-81.824400,-249.000000,12.298026,8.073243
57.790774,-81.824400,-249.000000,12.306594,8.029112
58.310774,-81.824400,-249.000000,12.553177,8.112442
58.830774,-81.824400,-249.000000,12.279441,7.957052
59.350774,-81.824400,-249.000000,12.386089,7.984506
59.870774,-81.824400,-249.000000,12.517962,8.070401
60.390774,-81.824400,-249.000000,12.403252,8.033178
60.910774,-81.824400,-249.000000,12.639537,8.051020
61.430774,-81.824400,-249.000000,12.138990,7.966532
61.950774,-81.824400,-249.000000,12.292865,7.949762
62.470774,-81.824400,-249.000000,12.286897,7.953769
62.990774,-81.824400,-249.000000,12.580545,8.027053
63.510774,-81.824400,-249.000000,12.473869,8.112724
64.030774,-81.824400,-249.000000,12.312675,8.046598
64.550774,-81.824400,-249.000000,12.317437,7.977143
65.070774,-81.824400,-249.000000,12.289169,8.194846
65.590774,-81.824400,-249.000000,12.284832,8.061296
66.110774,-81.824400,-249.000000,12.170978,8.019207
66.630774,-81.824400,-249.000000,12.252907,7.954997
67.150774,-81.824400,-249.000000,12.371402,8.004114
67.670774,-81.824400,-249.000000,12.461719,7.985728
68.190774,-81.824400,-249.000000,12.282744,7.978598
68.710774,-81.824400,-249.000000,12.045501,8.007837
69.230774,-81.824400,-249.000000,12.358315,8.041133
69.750774,-81.824400,-249.000000,12.653572,8.024863
70.270774,-81.824400,-249.000000,12.480556,8.052300
70.790774,-81.824400,-249.000000,12.264504,7.944607
71.310774,-81.824400,-249.000000,12.439437,8.014327
13.070774,-81.304400,-249.000000,12.212201,7.648453
69.750774,-81.304400,-249.000000,12.538927,8.031988
70.790774,-81.304400,-249.000000,12.331485,7.974863
13.070774,-82.344400,-248.000000,12.357867,7.746134
13.590774,-82.344400,-248.000000,12.549385,7.770401
14.110774,-82.344400,-248.000000,12.515532,7.719280
14.630774,-82.344400,-248.000000,12.260264,7.706511
15.150774,-82.344400,-248.000000,12.446744,7.810918
15.670774,-82.344400,-248.000000,12.329078,7.751173
16.190774,-82.344400,-248.000000,12.567389,7.870596
16.710774,-82.344400,-248.000000,12.307937,7.865666
17.230774,-82.344400,-248.000000,12.334381,7.875639
17.750774,-82.344400,-248.000000,12.343583,7.898852
18.270774,-82.344400,-248.000000,12.570645,7.918852
18.790774,-82.344400,-248.000000,12.212835,7.942369
19.310774,-82.344400,-248.000000,12.278597,7.824766
19.830774,-82.344400,-248.000000,12.563869,7.886050
20.350774,-82.344400,-248.000000,12.386371,7.979532
20.870774,-82.344400,-248.000000,12.218406,7.868638
21.390774,-82.344400,-248.000000,12.431885,7.959394
21.910774,-82.344400,-248.000000,12.430534,7.871404
22.430774,-82.344400,-248.000000,12.308359,7.995899
22.950774,-82.344400,-248.000000,12.354154,7.973168
23.470774,-82.344400,-248.000000,12.245905,8.007226
23.990774,-82.344400,-248.000000,12.572171,8.011845
24.510774,-82.344400,-248.000000,12.458030,7.977812
25.030774,-82.344400,-248.000000,12.266748,7.910407
25.550774,-82.344400,-248.000000,12.433597,7.933189
26.070774,-82.344400,-248.000000,12.534916,7.955613
26.590774,-82.344400,-248.000000,12.318417,8.003398
27.110774,-82.344400,-248.000000,12.360290,7.989294
27.630774,-82.344400,-248.000000,12.241655,8.060781
28.150774,-82.344400,-248.000000,12.257339,7.959364
28.670774,-82.344400,-248.000000,12.310641,8.007869
29.190774,-82.344400,-248.000000,12.365209,8.009512
29.710774,-82.344400,-248.000000,12.333574,7.886327
30.230774,-82.344400,-248.000000,12.486166,7.987416
30.750774,-82.344400,-248.000000,12.523576,7.963425
31.270774,-82.344400,-248.000000,12.304521,7.937817
31.790774,-82.344400,-248.000000,12.297935,8.021255
32.310774,-82.344400,-248.000000,12.304314,8.016938
32.830774,-82.344400,-248.000000,12.366405,8.016791
33.350774,-82.344400,-248.000000,12.366039,7.982984
33.870774,-82.344400,-248.000000,12.404601,8.139514
34.390774,-82.344400,-248.000000,12.109740,7.921553
34.910774,-82.344400,-248.000000,12.162565,7.973654
35.430774,-82.344400,-248.000000,12.393495,8.023653
35.950774,-82.344400,-248.000000,12.327715,8.114308
36.470774,-82.344400,-248.000000,12.466651,8.088516
36.990774,-82.344400,-248.000000,12.333757,8.016536
37.510774,-82.344400,-248.000000,12.403152,7.973102
38.030774,-82.344400,-248.000000,12.431093,8.022142
38.550774,-82.344400,-248.000000,12.356464,8.055689
39.070774,-82.344400,-248.000000,12.414983,8.045705
39.590774,-82.344400,-248.000000,12.109602,7.964035
40.110774,-82.344400,-248.000000,12.502898,8.036500
40.630774,-82.344400,-248.000000,12.496688,8.109574
41.150774,-82.344400,-248.000000,12.472762,8.020337
41.670774,-82.344400,-248.000000,12.037701,7.908000
42.190774,-82.344400,-248.000000,12.471736,8.036819
42.710774,-82.344400,-248.000000,12.200632,7.892812
43.230774,-82.344400,-248.000000,12.015090,8.035197
43.750774,-82.344400,-248.000000,12.390190,8.105611
44.270774,-82.344400,-248.000000,12.215766,8.027427
44.790774,-82.344400,-248.000000,12.434081,7.974472
45.310774,-82.344400,-248.000000,12.435454,8.008498
45.830774,-82.344400,-248.000000,12.462916,8.035348
46.350774,-82.344400,-248.000000,12.308892,8.027916
46.870774,-82.344400,-248.000000,12.202097,8.046793
47.390774,-82.344400,-248.000000,12.240533,8.005775
47.910774,-82.344400,-248.000000,12.248184,7.999218
48.430774,-82.344400,-248.000000,12.300927,7.983578
48.950774,-82.344400,-248.000000,12.356530,8.121305
49.470774,-82.344400,-248.000000,12.228050,7.984790
49.990774,-82.344400,-248.000000,12.393387,7.960886
50.510774,-82.344400,-248.000000,12.465592,8.022954
51.030774,-82.344400,-248.000000,12.243548,8.037182
51.550774,-82.344400,-248.000000,12.472960,8.077342
52.070774,-82.344400,-248.000000,12.210790,7.970564
52.590774,-82.344400,-248.000000,12.273849,7.962037
53.110774,-82.344400,-248.000000,12.502007,8.156331
53.630774,-82.344400,-248.000000,12.307938,7.965688
54.150774,-82.344400,-248.000000,12.524553,8.062315
54.670774,-82.344400,-248.000000,12.364067,7.998609
55.190774,-82.344400,-248.000000,12.307741,8.059152
55.710774,-82.344400,-248.000000,12.195220,7.929853
56.230774,-82.344400,-248.000000,12.413962,8.045015
56.750774,-82.344400,-248.000000,12.198340,7.956779
57.270774,-82.344400,-248.000000,11.952230,7.914374
57.790774,-82.344400,-248.000000,12.446222,8.054954
58.310774,-82.344400,-248.000000,12.563818,8.156567
58.830774,-82.344400,-248.000000,12.385306,8.061237
59.350774,-82.344400,-248.000000,12.560695,8.008994
59.870774,-82.344400,-248.000000,12.393832,7.944779
60.390774,-82.344400,-248.000000,12.379997,8.084340
60.910774,-82.344400,-248.000000,12.496491,7.973788
61.430774,-82.344400,-248.000000,12.284907,8.035304
61.950774,-82.344400,-248.000000,12.144530,7.934555
62.470774,-82.344400,-248.000000,12.323030,8.045725
62.990774,-82.344400,-248.000000,12.346982,8.003594
63.510774,-82.344400,-248.000000,12.323948,7.945032
64.030774,-82.344400,-248.000000,11.904389,7.911777
64.550774,-82.344400,-248.000000,12.199533,8.038223
65.070774,-82.344400,-248.000000,12.251876,8.017507
65.590774,-82.344400,-248.000000,12.307150,8.012037
66.110774,-82.344400,-248.000000,12.292495,7.935651
66.630774,-82.344400,-248.000000,12.320613,7.936360
67.150774,-82.344400,-248.000000,12.400716,8.026342
67.670774,-82.344400,-248.000000,12.271407,7.995142
68.190774,-82.344400,-248.000000,12.145727,8.014205
13.070774,-81.824400,-248.000000,12.332477,7.732740
13.590774,-81.824400,-248.000000,12.413592,7.789182
14.110774,-81.824400,-248.000000,12.474815,7.709101
14.630774,-81.824400,-248.000000,12.269719,7.717939
15.150774,-81.824400,-248.000000,12.295235,7.784653
15.670774,-81.824400,-248.000000,12.349444,7.723761
16.190774,-81.824400,-248.000000,12.598015,7.892638
16.710774,-81.824400,-248.000000,12.226348,7.893716
17.230774,-81.824400,-248.000000,12.353753,7.882470
17.750774,-81.824400,-248.000000,12.288935,7.892771
18.270774,-81.824400,-248.000000,12.495276,7.938688
18.790774,-81.824400,-248.000000,12.254432,7.943369
19.310774,-81.824400,-248.000000,12.318490,7.864579
19.830774,-81.824400,-248.000000,12.483397,7.892969
20.350774,-81.824400,-248.000000,12.362062,7.957984
20.870774,-81.824400,-248.000000,12.197459,7.885703
21.390774,-81.824400,-248.000000,12.442973,7.960652
21.910774,-81.824400,-248.000000,12.394170,7.872923
22.430774,-81.824400,-248.000000,12.385712,8.024343
22.950774,-81.824400,-248.000000,12.266238,7.974516
23.470774,-81.824400,-248.000000,12.271163,8.025451
23.990774,-81.824400,-248.000000,12.539469,8.019426
24.510774,-81.824400,-248.000000,12.463256,7.974152
25.030774,-81.824400,-248.000000,12.280598,7.936842
25.550774,-81.824400,-248.000000,12.345355,7.932261
26.070774,-81.824400,-248.000000,12.521918,7.950478
26.590774,-81.824400,-248.000000,12.292068,8.008862
27.110774,-81.824400,-248.000000,12.403842,8.003881
27.630774,-81.824400,-248.000000,12.316048,8.072919
28.150774,-81.824400,-248.000000,12.182948,7.952679
28.670774,-81.824400,-248.000000,12.286764,7.989004
29.190774,-81.824400,-248.000000,12.334026,8.002642
29.710774,-81.824400,-248.000000,12.328086,7.925300
30.230774,-81.824400,-248.000000,12.465262,7.986261
30.750774,-81.824400,-248.000000,12.440217,7.997366
31.270774,-81.824400,-248.000000,12.203665,7.906208
31.790774,-81.824400,-248.000000,12.311343,8.048413
32.310774,-81.824400,-248.000000,12.316931,8.017634
32.830774,-81.824400,-248.000000,12.348050,8.005412
33.350774,-81.824400,-248.000000,12.300907,8.005880
33.870774,-81.824400,-248.000000,12.390170,8.146606
34.390774,-81.824400,-248.000000,12.109756,7.925911
34.910774,-81.824400,-248.000000,12.171416,7.980759
35.430774,-81.824400,-248.000000,12.371113,8.047448
35.950774,-81.824400,-248.000000,12.355375,8.124495
36.470774,-81.824400,-248.000000,12.450315,8.089747
36.990774,-81.824400,-248.000000,12.308970,8.033473
37.510774,-81.824400,-248.000000,12.391831,7.967353
38.030774,-81.824400,-248.000000,12.394624,8.040984
38.550774,-81.824400,-248.000000,12.337246,8.074838
39.070774,-81.824400,-248.000000,12.441985,8.080522
39.590774,-81.824400,-248.000000,12.042982,7.981526
40.110774,-81.824400,-248.000000,12.394706,8.026912
40.630774,-81.824400,-248.000000,12.514537,8.112653
41.150774,-81.824400,-248.000000,12.564934,8.059839
41.670774,-81.824400,-248.000000,11.980880,7.893252
42.190774,-81.824400,-248.000000,12.438357,8.046636
42.710774,-81.824400,-248.000000,12.170946,7.914752
43.230774,-81.824400,-248.000000,12.007486,8.035522
43.750774,-81.824400,-248.000000,12.354312,8.118931
44.270774,-81.824400,-248.000000,12.253745,8.034348
44.790774,-81.824400,-248.000000,12.447764,7.983641
45.310774,-81.824400,-248.000000,12.407026,7.978619
45.830774,-81.824400,-248.000000,12.479558,8.032138
46.350774,-81.824400,-248.000000,12.361547,8.043640
46.870774,-81.824400,-248.000000,12.181907,8.063757
47.390774,-81.824400,-248.000000,12.213967,8.024106
47.910774,-81.824400,-248.000000,12.287596,8.028327
48.430774,-81.824400,-248.000000,12.337264,8.007051
48.950774,-81.824400,-248.000000,12.320214,8.115537
49.470774,-81.824400,-248.000000,12.225480,7.961944
49.990774,-81.824400,-248.000000,12.405566,8.002747
50.510774,-81.824400,-248.000000,12.441015,8.048240
51.030774,-81.824400,-248.000000,12.235366,8.033652
51.550774,-81.824400,-248.000000,12.443621,8.051270
52.070774,-81.824400,-248.000000,12.205865,7.994470
52.590774,-81.824400,-248.000000,12.217805,7.980608
53.110774,-81.824400,-248.000000,12.465341,8.139371
53.630774,-81.824400,-248.000000,12.275870,7.955667
54.150774,-81.824400,-248.000000,12.553390,8.099759
54.670774,-81.824400,-248.000000,12.321362,8.021670
55.190774,-81.824400,-248.000000,12.311640,8.067100
55.710774,-81.824400,-248.000000,12.143428,7.944457
56.230774,-81.824400,-248.000000,12.473156,8.045357
56.750774,-81.824400,-248.000000,12.214694,7.981699
57.270774,-81.824400,-248.000000,11.925838,7.950722
57.790774,-81.824400,-248.000000,12.383028,8.047162
58.310774,-81.824400,-248.000000,12.423224,8.135060
58.830774,-81.824400,-248.000000,12.448298,8.057895
59.350774,-81.824400,-248.000000,12.501849,8.000165
59.870774,-81.824400,-248.000000,12.449588,7.997617
60.390774,-81.824400,-248.000000,12.303042,8.079965
60.910774,-81.824400,-248.000000,12.592610,8.004029
61.430774,-81.824400,-248.000000,12.261540,8.054035
61.950774,-81.824400,-248.000000,12.081680,7.917403
62.470774,-81.824400,-248.000000,12.307782,8.074855
62.990774,-81.824400,-248.000000,12.328129,8.006726
63.510774,-81.824400,-248.000000,12.343810,7.952929
64.030774,-81.824400,-248.000000,11.963077,7.921145
64.550774,-81.824400,-248.000000,12.163506,8.052999
65.070774,-81.824400,-248.000000,12.209452,8.007099
65.590774,-81.824400,-248.000000,12.320533,8.002657
66.110774,-81.824400,-248.000000,12.263834,7.926755
66.630774,-81.824400,-248.000000,12.309098,7.922952
67.150774,-81.824400,-248.000000,12.417024,8.024026
67.670774,-81.824400,-248.000000,12.251154,8.037437
68.190774,-81.824400,-248.000000,12.189210,8.028512
68.710774,-81.824400,-248.000000,12.500663,8.104253
69.230774,-81.824400,-248.000000,12.276581,8.073412
13.070774,-81.304400,-248.000000,12.330322,7.712832
67.150774,-81.304400,-248.000000,12.480395,8.034922
68.190774,-81.304400,-248.000000,12.164878,8.026022
13.070774,-82.344400,-247.000000,12.305401,7.640840
13.590774,-82.344400,-247.000000,12.510473,7.751988
14.110774,-82.344400,-247.000000,12.578968,7.754137
14.630774,-82.344400,-247.000000,12.200686,7.767917
15.150774,-82.344400,-247.000000,12.256166,7.696232
15.670774,-82.344400,-247.000000,12.353798,7.815154
16.190774,-82.344400,-247.000000,12.383861,7.797776
16.710774,-82.344400,-247.000000,12.361653,7.823590
17.230774,-82.344400,-247.000000,12.337058,7.919130
17.750774,-82.344400,-247.000000,12.217382,7.876168
18.270774,-82.344400,-247.000000,12.100741,7.867390
18.790774,-82.344400,-247.000000,12.091721,7.809394
19.310774,-82.344400,-247.000000,12.329317,7.924928
19.830774,-82.344400,-247.000000,12.240589,7.925771
20.350774,-82.344400,-247.000000,12.319043,7.896662
20.870774,-82.344400,-247.000000,12.463893,8.020073
21.390774,-82.344400,-247.000000,12.249129,7.954775
21.910774,-82.344400,-247.000000,12.443544,7.891442
22.430774,-82.344400,-247.000000,12.055972,7.930680
22.950774,-82.344400,-247.000000,12.363466,7.954436
23.470774,-82.344400,-247.000000,12.238473,7.949128
23.990774,-82.344400,-247.000000,12.333022,7.947653
24.510774,-82.344400,-247.000000,12.377046,7.935309
25.030774,-82.344400,-247.000000,12.211728,8.001094
25.550774,-82.344400,-247.000000,12.358642,7.940564
26.070774,-82.344400,-247.000000,12.194646,7.853247
26.590774,-82.344400,-247.000000,12.276098,7.950544
27.110774,-82.344400,-247.000000,12.176324,7.976230
27.630774,-82.344400,-247.000000,12.257690,7.991506
28.150774,-82.344400,-247.000000,12.366828,7.913696
28.670774,-82.344400,-247.000000,12.205357,8.014230
29.190774,-82.344400,-247.000000,12.608829,7.983101
29.710774,-82.344400,-247.000000,12.152118,7.923478
30.230774,-82.344400,-247.000000,12.480183,8.025246
30.750774,-82.344400,-247.000000,12.191541,7.981341
31.270774,-82.344400,-247.000000,12.282775,7.935362
31.790774,-82.344400,-247.000000,12.392181,8.032043
32.310774,-82.344400,-247.000000,12.122867,7.985912
32.830774,-82.344400,-247.000000,12.155930,7.963035
33.350774,-82.344400,-247.000000,12.285869,8.044568
33.870774,-82.344400,-247.000000,12.361059,8.006821
34.390774,-82.344400,-247.000000,12.476050,8.067295
34.910774,-82.344400,-247.000000,12.164702,8.080888
35.430774,-82.344400,-247.000000,12.163955,7.965748
35.950774,-82.344400,-247.000000,12.322309,8.088673
36.470774,-82.344400,-247.000000,12.273868,7.867743
36.990774,-82.344400,-247.000000,12.281060,8.000245
37.510774,-82.344400,-247.000000,12.382171,7.958111
38.030774,-82.344400,-247.000000,12.332751,7.940954
38.550774,-82.344400,-247.000000,12.185994,7.977242
39.070774,-82.344400,-247.000000,12.329867,8.017882
39.590774,-82.344400,-247.000000,12.302307,8.031738
40.110774,-82.344400,-247.000000,12.145564,8.041390
40.630774,-82.344400,-247.000000,12.323214,8.011575
41.150774,-82.344400,-247.000000,12.395633,8.061061
41.670774,-82.344400,-247.000000,12.400002,7.961047
42.190774,-82.344400,-247.000000,12.273503,7.976916
42.710774,-82.344400,-247.000000,12.346943,8.050061
43.230774,-82.344400,-247.000000,12.624583,8.097524
43.750774,-82.344400,-247.000000,12.463093,8.063807
44.270774,-82.344400,-247.000000,12.125922,7.918609
44.790774,-82.344400,-247.000000,12.436358,8.008179
45.310774,-82.344400,-247.000000,12.265089,7.965017
45.830774,-82.344400,-247.000000,12.545254,8.105459
46.350774,-82.344400,-247.000000,12.235042,7.970696
46.870774,-82.344400,-247.000000,12.283618,8.045978
47.390774,-82.344400,-247.000000,12.303622,7.974178
47.910774,-82.344400,-247.000000,12.263691,7.997394
48.430774,-82.344400,-247.000000,12.387532,8.096001
48.950774,-82.344400,-247.000000,12.217010,7.930213
49.470774,-82.344400,-247.000000,12.272845,7.907683
49.990774,-82.344400,-247.000000,12.483610,7.951827
50.510774,-82.344400,-247.000000,12.156274,8.025420
51.030774,-82.344400,-247.000000,12.272357,8.137946
51.550774,-82.344400,-247.000000,12.219228,8.002894
52.070774,-82.344400,-247.000000,12.228599,8.010123
52.590774,-82.344400,-247.000000,12.289577,8.034761
53.110774,-82.344400,-247.000000,12.371713,8.039132
53.630774,-82.344400,-247.000000,12.373683,8.045040
54.150774,-82.344400,-247.000000,12.267182,8.030630
54.670774,-82.344400,-247.000000,12.381712,7.939009
55.190774,-82.344400,-247.000000,12.420490,8.055976
55.710774,-82.344400,-247.000000,12.216051,7.990466
56.230774,-82.344400,-247.000000,12.276058,8.010149
56.750774,-82.344400,-247.000000,12.063383,7.995427
57.270774,-82.344400,-247.000000,12.433279,8.030173
57.790774,-82.344400,-247.000000,12.524508,8.038826
58.310774,-82.344400,-247.000000,12.434113,8.055278
58.830774,-82.344400,-247.000000,12.196622,8.016334
59.350774,-82.344400,-247.000000,12.415476,8.075271
59.870774,-82.344400,-247.000000,12.330822,8.025325
60.390774,-82.344400,-247.000000,12.082488,8.102660
60.910774,-82.344400,-247.000000,12.154344,7.970394
61.430774,-82.344400,-247.000000,12.073544,7.987741
61.950774,-82.344400,-247.000000,12.384665,7.946818
62.470774,-82.344400,-247.000000,12.303451,8.016788
62.990774,-82.344400,-247.000000,12.343882,8.012877
63.510774,-82.344400,-247.000000,12.320553,8.095761
64.030774,-82.344400,-247.000000,12.242955,7.962332
64.550774,-82.344400,-247.000000,12.124115,7.910643
65.070774,-82.344400,-247.000000,12.271592,7.975281
65.590774,-82.344400,-247.000000,12.378398,8.010512
66.110774,-82.344400,-247.000000,12.307956,7.908875
13.070774,-81.824400,-247.000000,12.278762,7.662783
13.590774,-81.824400,-247.000000,12.564342,7.774544
14.110774,-81.824400,-247.000000,12.509339,7.762628
14.630774,-81.824400,-247.000000,12.259499,7.797143
15.150774,-81.824400,-247.000000,12.252082,7.720374
15.670774,-81.824400,-247.000000,12.318976,7.836501
16.190774,-81.824400,-247.000000,12.308429,7.812215
16.710774,-81.824400,-247.000000,12.397716,7.815004
17.230774,-81.824400,-247.000000,12.370992,7.924093
17.750774,-81.824400,-247.000000,12.253982,7.944413
18.270774,-81.824400,-247.000000,12.087951,7.850678
18.790774,-81.824400,-247.000000,12.086609,7.789649
19.310774,-81.824400,-247.000000,12.382655,7.927485
19.830774,-81.824400,-247.000000,12.158622,7.930741
20.350774,-81.824400,-247.000000,12.384765,7.930277
20.870774,-81.824400,-247.000000,12.454285,7.979750
21.390774,-81.824400,-247.000000,12.227054,7.983573
21.910774,-81.824400,-247.000000,12.440394,7.911176
22.430774,-81.824400,-247.000000,12.095519,7.953712
22.950774,-81.824400,-247.000000,12.402876,7.972722
23.470774,-81.824400,-247.000000,12.229621,7.966639
23.990774,-81.824400,-247.000000,12.295933,7.941518
24.510774,-81.824400,-247.000000,12.442871,7.950757
25.030774,-81.824400,-247.000000,12.134391,7.995630
25.550774,-81.824400,-247.000000,12.303883,7.979506
26.070774,-81.824400,-247.000000,12.232753,7.869013
26.590774,-81.824400,-247.000000,12.250890,7.962512
27.110774,-81.824400,-247.000000,12.204975,7.976009
27.630774,-81.824400,-247.000000,12.262252,8.009903
28.150774,-81.824400,-247.000000,12.349241,7.942771
28.670774,-81.824400,-247.000000,12.165381,8.006163
29.190774,-81.824400,-247.000000,12.585521,8.008165
29.710774,-81.824400,-247.000000,12.159011,7.930418
30.230774,-81.824400,-247.000000,12.439878,8.025757
30.750774,-81.824400,-247.000000,12.289677,8.008309
31.270774,-81.824400,-247.000000,12.201197,7.912115
31.790774,-81.824400,-247.000000,12.366016,7.989720
32.310774,-81.824400,-247.000000,12.132639,7.986393
32.830774,-81.824400,-247.000000,12.207679,8.002607
33.350774,-81.824400,-247.000000,12.236785,8.028337
33.870774,-81.824400,-247.000000,12.295352,8.003893
34.390774,-81.824400,-247.000000,12.533834,8.096895
34.910774,-81.824400,-247.000000,12.185614,8.078197
35.430774,-81.824400,-247.000000,12.176714,7.973860
35.950774,-81.824400,-247.000000,12.323380,8.082637
36.470774,-81.824400,-247.000000,12.285975,7.895446
36.990774,-81.824400,-247.000000,12.199206,8.003042
37.510774,-81.824400,-247.000000,12.445479,8.007221
38.030774,-81.824400,-247.000000,12.351717,7.959130
38.550774,-81.824400,-247.000000,12.206040,7.995425
39.070774,-81.824400,-247.000000,12.308215,7.987222
39.590774,-81.824400,-247.000000,12.253512,8.039211
40.110774,-81.824400,-247.000000,12.280003,8.027073
40.630774,-81.824400,-247.000000,12.378249,8.029278
41.150774,-81.824400,-247.000000,12.274525,8.046897
41.670774,-81.824400,-247.000000,12.392458,7.994335
42.190774,-81.824400,-247.000000,12.342151,8.003142
42.710774,-81.824400,-247.000000,12.299076,8.054970
43.230774,-81.824400,-247.000000,12.566314,8.057947
43.750774,-81.824400,-247.000000,12.504926,8.080520
44.270774,-81.824400,-247.000000,12.102848,7.923167
44.790774,-81.824400,-247.000000,12.327918,8.032719
45.310774,-81.824400,-247.000000,12.254189,7.945660
45.830774,-81.824400,-247.000000,12.528609,8.121809
46.350774,-81.824400,-247.000000,12.195794,7.976942
46.870774,-81.824400,-247.000000,12.250295,8.030271
47.390774,-81.824400,-247.000000,12.270101,7.968391
47.910774,-81.824400,-247.000000,12.303779,8.023092
48.430774,-81.824400,-247.000000,12.419523,8.100215
48.950774,-81.824400,-247.000000,12.171947,7.933785
49.470774,-81.824400,-247.000000,12.283211,7.914314
49.990774,-81.824400,-247.000000,12.386765,7.928860
50.510774,-81.824400,-247.000000,12.217078,8.046918
51.030774,-81.824400,-247.000000,12.192598,8.107046
51.550774,-81.824400,-247.000000,12.270758,8.028671
52.070774,-81.824400,-247.000000,12.238345,8.011738
52.590774,-81.824400,-247.000000,12.290442,8.046997
53.110774,-81.824400,-247.000000,12.340178,8.030737
53.630774,-81.824400,-247.000000,12.366523,8.024531
54.150774,-81.824400,-247.000000,12.254394,8.047722
54.670774,-81.824400,-247.000000,12.405287,7.950611
55.190774,-81.824400,-247.000000,12.438093,8.065445
55.710774,-81.824400,-247.000000,12.147484,7.968371
56.230774,-81.824400,-247.000000,12.257312,8.015976
56.750774,-81.824400,-247.000000,12.051472,7.985460
57.270774,-81.824400,-247.000000,12.409679,8.048113
57.790774,-81.824400,-247.000000,12.538622,8.056424
58.310774,-81.824400,-247.000000,12.344138,8.074831
58.830774,-81.824400,-247.000000,12.252712,8.018973
59.350774,-81.824400,-247.000000,12.334010,8.064377
59.870774,-81.824400,-247.000000,12.360734,8.021436
60.390774,-81.824400,-247.000000,12.108042,8.086323
60.910774,-81.824400,-247.000000,12.134316,7.977810
61.430774,-81.824400,-247.000000,12.051065,7.985456
61.950774,-81.824400,-247.000000,12.307956,7.937067
62.470774,-81.824400,-247.000000,12.325653,7.988689
62.990774,-81.824400,-247.000000,12.286140,8.042748
63.510774,-81.824400,-247.000000,12.289801,8.108535
64.030774,-81.824400,-247.000000,12.215438,7.961360
64.550774,-81.824400,-247.000000,12.179149,7.953801
65.070774,-81.824400,-247.000000,12.313567,7.968687
65.590774,-81.824400,-247.000000,12.265079,8.010088
66.110774,-81.824400,-247.000000,12.389097,7.933440
66.630774,-81.824400,-247.000000,12.404435,8.060937
67.150774,-81.824400,-247.000000,12.383716,8.006347
65.070774,-81.304400,-247.000000,12.331046,7.968624
66.110774,-81.304400,-247.000000,12.371114,7.954837
13.070774,-82.344400,-246.000000,12.387540,7.636869
13.590774,-82.344400,-246.000000,12.203536,7.658350
14.110774,-82.344400,-246.000000,12.436037,7.740766
14.630774,-82.344400,-246.000000,12.596315,7.737255
15.150774,-82.344400,-246.000000,12.144194,7.736082
15.670774,-82.344400,-246.000000,12.278258,7.756577
16.190774,-82.344400,-246.000000,12.515003,7.895197
16.710774,-82.344400,-246.000000,12.428297,7.791127
17.230774,-82.344400,-246.000000,12.446086,7.870942
17.750774,-82.344400,-246.000000,12.099170,7.770611
18.270774,-82.344400,-246.000000,12.609902,7.914727
18.790774,-82.344400,-246.000000,12.609206,7.864491
19.310774,-82.344400,-246.000000,12.196849,7.894190
19.830774,-82.344400,-246.000000,12.105290,7.914372
20.350774,-82.344400,-246.000000,12.165930,7.869875
20.870774,-82.344400,-246.000000,12.421427,7.895064
21.390774,-82.344400,-246.000000,12.452818,7.900023
21.910774,-82.344400,-246.000000,12.359193,7.953249
22.430774,-82.344400,-246.000000,12.279413,7.907000
22.950774,-82.344400,-246.000000,12.394533,7.960038
23.470774,-82.344400,-246.000000,12.476259,7.953274
23.990774,-82.344400,-246.000000,12.310081,7.892520
24.510774,-82.344400,-246.000000,12.255229,8.024300
25.030774,-82.344400,-246.000000,12.588796,7.944200
25.550774,-82.344400,-246.000000,12.168599,7.833009
26.070774,-82.344400,-246.000000,12.344721,7.897218
26.590774,-82.344400,-246.000000,12.629572,7.978662
27.110774,-82.344400,-246.000000,12.551860,7.926848
27.630774,-82.344400,-246.000000,12.253367,8.007057
28.150774,-82.344400,-246.000000,12.282690,7.963318
28.670774,-82.344400,-246.000000,12.193839,7.948913
29.190774,-82.344400,-246.000000,12.402319,8.058990
29.710774,-82.344400,-246.000000,12.379126,8.106791
30.230774,-82.344400,-246.000000,12.178569,7.886531
30.750774,-82.344400,-246.000000,12.509985,7.946967
31.270774,-82.344400,-246.000000,12.297668,7.892745
31.790774,-82.344400,-246.000000,12.361561,7.963358
32.310774,-82.344400,-246.000000,12.248195,7.949706
32.830774,-82.344400,-246.000000,12.321870,7.947814
33.350774,-82.344400,-246.000000,12.283727,7.960055
33.870774,-82.344400,-246.000000,12.304384,7.948469
34.390774,-82.344400,-246.000000,12.360420,8.012778
34.910774,-82.344400,-246.000000,12.349282,8.080894
35.430774,-82.344400,-246.000000,12.306417,7.969250
35.950774,-82.344400,-246.000000,12.117599,7.891493
36.470774,-82.344400,-246.000000,12.388447,7.904469
36.990774,-82.344400,-246.000000,12.197895,8.022221
37.510774,-82.344400,-246.000000,12.351260,8.051668
38.030774,-82.344400,-246.000000,12.381638,8.051111
38.550774,-82.344400,-246.000000,12.210738,7.996221
39.070774,-82.344400,-246.000000,12.052611,7.913404
39.590774,-82.344400,-246.000000,12.338639,7.941684
40.110774,-82.344400,-246.000000,12.355521,8.016616
40.630774,-82.344400,-246.000000,12.430520,7.963949
41.150774,-82.344400,-246.000000,12.270637,7.966502
41.670774,-82.344400,-246.000000,12.392228,7.968642
42.190774,-82.344400,-246.000000,12.549249,8.058457
42.710774,-82.344400,-246.000000,12.204688,8.084924
43.230774,-82.344400,-246.000000,12.464158,8.065635
43.750774,-82.344400,-246.000000,12.187327,7.999458
44.270774,-82.344400,-246.000000,12.519450,7.993183
44.790774,-82.344400,-246.000000,12.401020,8.038642
45.310774,-82.344400,-246.000000,12.413473,7.966077
45.830774,-82.344400,-246.000000,12.414737,7.978049
46.350774,-82.344400,-246.000000,12.276702,7.923833
46.870774,-82.344400,-246.000000,12.217255,8.029597
47.390774,-82.344400,-246.000000,12.508084,7.995258
47.910774,-82.344400,-246.000000,12.405986,8.040442
48.430774,-82.344400,-246.000000,12.338022,8.028232
48.950774,-82.344400,-246.000000,12.305737,7.923129
49.470774,-82.344400,-246.000000,12.041164,7.908881
49.990774,-82.344400,-246.000000,12.348540,7.953843
50.510774,-82.344400,-246.000000,12.355899,7.994493
51.030774,-82.344400,-246.000000,12.368243,8.068237
51.550774,-82.344400,-246.000000,12.377595,7.952022
52.070774,-82.344400,-246.000000,12.472590,8.014472
52.590774,-82.344400,-246.000000,12.234597,7.937590
53.110774,-82.344400,-246.000000,12.269949,8.064180
53.630774,-82.344400,-246.000000,12.194098,8.036570
54.150774,-82.344400,-246.000000,12.289515,8.000553
54.670774,-82.344400,-246.000000,12.105418,7.963459
55.190774,-82.344400,-246.000000,12.191875,7.985851
55.710774,-82.344400,-246.000000,12.272045,7.980653
56.230774,-82.344400,-246.000000,12.256574,7.983042
56.750774,-82.344400,-246.000000,12.255157,7.957062
57.270774,-82.344400,-246.000000,12.287130,8.069610
57.790774,-82.344400,-246.000000,12.184871,8.047338
58.310774,-82.344400,-246.000000,12.377141,7.963644
58.830774,-82.344400,-246.000000,12.425085,8.000601
59.350774,-82.344400,-246.000000,12.310660,8.048821
59.870774,-82.344400,-246.000000,12.368758,8.040133
60.390774,-82.344400,-246.000000,12.204756,7.932422
60.910774,-82.344400,-246.000000,12.304359,7.998867
61.430774,-82.344400,-246.000000,12.113639,7.963904
61.950774,-82.344400,-246.000000,12.359281,7.986507
62.470774,-82.344400,-246.000000,12.510311,8.032271
62.990774,-82.344400,-246.000000,12.233917,7.971696
63.510774,-82.344400,-246.000000,12.401315,7.939316
64.030774,-82.344400,-246.000000,12.415207,8.008819
13.070774,-81.824400,-246.000000,12.375127,7.647245
13.590774,-81.824400,-246.000000,12.176362,7.661379
14.110774,-81.824400,-246.000000,12.403539,7.726220
14.630774,-81.824400,-246.000000,12.501853,7.762393
15.150774,-81.824400,-246.000000,12.212678,7.759687
15.670774,-81.824400,-246.000000,12.316027,7.793132
16.190774,-81.824400,-246.000000,12.475922,7.901732
16.710774,-81.824400,-246.000000,12.468374,7.805889
17.230774,-81.824400,-246.000000,12.363848,7.849780
17.750774,-81.824400,-246.000000,12.180597,7.770088
18.270774,-81.824400,-246.000000,12.475432,7.866826
18.790774,-81.824400,-246.000000,12.570870,7.908144
19.310774,-81.824400,-246.000000,12.184851,7.890679
19.830774,-81.824400,-246.000000,12.174067,7.926970
20.350774,-81.824400,-246.000000,12.124145,7.888901
20.870774,-81.824400,-246.000000,12.372565,7.883901
21.390774,-81.824400,-246.000000,12.413606,7.903936
21.910774,-81.824400,-246.000000,12.313837,7.942382
22.430774,-81.824400,-246.000000,12.270961,7.904375
22.950774,-81.824400,-246.000000,12.318558,7.948232
23.470774,-81.824400,-246.000000,12.562059,7.993255
23.990774,-81.824400,-246.000000,12.260964,7.904276
24.510774,-81.824400,-246.000000,12.196535,8.016235
25.030774,-81.824400,-246.000000,12.512978,7.975480
25.550774,-81.824400,-246.000000,12.170324,7.841623
26.070774,-81.824400,-246.000000,12.322147,7.885562
26.590774,-81.824400,-246.000000,12.583670,7.975334
27.110774,-81.824400,-246.000000,12.613423,7.931735
27.630774,-81.824400,-246.000000,12.267316,7.980046
28.150774,-81.824400,-246.000000,12.306877,7.987795
28.670774,-81.824400,-246.000000,12.202796,7.994125
29.190774,-81.824400,-246.000000,12.377546,8.042730
29.710774,-81.824400,-246.000000,12.315911,8.096926
30.230774,-81.824400,-246.000000,12.141046,7.896766
30.750774,-81.824400,-246.000000,12.545605,7.965505
31.270774,-81.824400,-246.000000,12.352512,7.953530
31.790774,-81.824400,-246.000000,12.407114,8.007625
32.310774,-81.824400,-246.000000,12.155770,7.925673
32.830774,-81.824400,-246.000000,12.325180,7.945782
33.350774,-81.824400,-246.000000,12.272546,7.945096
33.870774,-81.824400,-246.000000,12.234420,7.965767
34.390774,-81.824400,-246.000000,12.373082,8.036545
34.910774,-81.824400,-246.000000,12.289988,8.037471
35.430774,-81.824400,-246.000000,12.344997,7.985703
35.950774,-81.824400,-246.000000,12.070992,7.903925
36.470774,-81.824400,-246.000000,12.371741,7.926459
36.990774,-81.824400,-246.000000,12.185971,8.007565
37.510774,-81.824400,-246.000000,12.267977,8.065654
38.030774,-81.824400,-246.000000,12.371587,8.046064
38.550774,-81.824400,-246.000000,12.264573,8.035443
39.070774,-81.824400,-246.000000,12.040350,7.907870
39.590774,-81.824400,-246.000000,12.264703,7.964105
40.110774,-81.824400,-246.000000,12.319245,8.000740
40.630774,-81.824400,-246.000000,12.448502,8.001303
41.150774,-81.824400,-246.000000,12.237283,7.954252
41.670774,-81.824400,-246.000000,12.369262,7.967890
42.190774,-81.824400,-246.000000,12.471720,8.060090
42.710774,-81.824400,-246.000000,12.175194,8.090789
43.230774,-81.824400,-246.000000,12.470145,8.019250
43.750774,-81.824400,-246.000000,12.154295,8.015439
44.270774,-81.824400,-246.000000,12.486722,8.010607
44.790774,-81.824400,-246.000000,12.461790,8.070566
45.310774,-81.824400,-246.000000,12.431914,7.978715
45.830774,-81.824400,-246.000000,12.385117,7.997272
46.350774,-81.824400,-246.000000,12.347186,7.937747
46.870774,-81.824400,-246.000000,12.170094,8.044192
47.390774,-81.824400,-246.000000,12.481487,7.994294
47.910774,-81.824400,-246.000000,12.320606,8.025103
48.430774,-81.824400,-246.000000,12.335678,8.043029
48.950774,-81.824400,-246.000000,12.300687,7.950873
49.470774,-81.824400,-246.000000,12.120160,7.935164
49.990774,-81.824400,-246.000000,12.286091,7.958207
50.510774,-81.824400,-246.000000,12.366149,7.998274
51.030774,-81.824400,-246.000000,12.397102,8.083840
51.550774,-81.824400,-246.000000,12.264434,7.943988
52.070774,-81.824400,-246.000000,12.441360,8.050202
52.590774,-81.824400,-246.000000,12.338387,7.957670
53.110774,-81.824400,-246.000000,12.212858,8.095060
53.630774,-81.824400,-246.000000,12.123885,8.023008
54.150774,-81.824400,-246.000000,12.274858,7.994579
54.670774,-81.824400,-246.000000,12.137980,7.973721
55.190774,-81.824400,-246.000000,12.154424,7.980350
55.710774,-81.824400,-246.000000,12.229040,8.002485
56.230774,-81.824400,-246.000000,12.227340,8.025961
56.750774,-81.824400,-246.000000,12.267212,7.960330
57.270774,-81.824400,-246.000000,12.242990,8.052912
57.790774,-81.824400,-246.000000,12.217528,8.016972
58.310774,-81.824400,-246.000000,12.350505,7.995837
58.830774,-81.824400,-246.000000,12.354785,8.000586
59.350774,-81.824400,-246.000000,12.268382,8.070894
59.870774,-81.824400,-246.000000,12.341186,8.047735
60.390774,-81.824400,-246.000000,12.209530,7.943955
60.910774,-81.824400,-246.000000,12.394281,8.003232
61.430774,-81.824400,-246.000000,12.115140,7.955468
61.950774,-81.824400,-246.000000,12.328898,7.987226
62.470774,-81.824400,-246.000000,12.452790,8.029643
62.990774,-81.824400,-246.000000,12.250088,7.985654
63.510774,-81.824400,-246.000000,12.392663,7.953611
64.030774,-81.824400,-246.000000,12.455845,7.986710
64.550774,-81.824400,-246.000000,12.095072,7.998357
13.070774,-81.304400,-246.000000,12.395580,7.637238
62.470774,-81.304400,-246.000000,12.374578,8.027490
13.070774,-82.344400,-245.000000,12.328243,7.663245
13.590774,-82.344400,-245.000000,12.224711,7.608399
14.110774,-82.344400,-245.000000,12.443776,7.699069
14.630774,-82.344400,-245.000000,12.331889,7.730857
15.150774,-82.344400,-245.000000,12.425006,7.767979
15.670774,-82.344400,-245.000000,12.300235,7.714683
16.190774,-82.344400,-245.000000,12.334141,7.716044
16.710774,-82.344400,-245.000000,12.321149,7.834922
17.230774,-82.344400,-245.000000,12.356255,7.824643
17.750774,-82.344400,-245.000000,12.245111,7.767759
18.270774,-82.344400,-245.000000,12.334109,7.724416
18.790774,-82.344400,-245.000000,12.422637,7.866971
19.310774,-82.344400,-245.000000,12.463748,7.942954
19.830774,-82.344400,-245.000000,12.170794,7.811306
20.350774,-82.344400,-245.000000,12.182728,7.898116
20.870774,-82.344400,-245.000000,12.169526,7.822139
21.390774,-82.344400,-245.000000,12.251850,7.867167
21.910774,-82.344400,-245.000000,11.968488,7.925517
22.430774,-82.344400,-245.000000,12.189005,7.819081
22.950774,-82.344400,-245.000000,12.306509,7.803364
23.470774,-82.344400,-245.000000,12.205058,7.849873
23.990774,-82.344400,-245.000000,12.404111,7.931833
24.510774,-82.344400,-245.000000,12.272516,7.995005
25.030774,-82.344400,-245.000000,12.261405,7.892182
25.550774,-82.344400,-245.000000,12.266242,7.894241
26.070774,-82.344400,-245.000000,12.390883,8.025929
26.590774,-82.344400,-245.000000,12.224582,7.960149
27.110774,-82.344400,-245.000000,12.329660,8.003510
27.630774,-82.344400,-245.000000,12.490201,7.904682
28.150774,-82.344400,-245.000000,12.304708,7.937060
28.670774,-82.344400,-245.000000,12.537856,8.105785
29.190774,-82.344400,-245.000000,12.048972,7.933261
29.710774,-82.344400,-245.000000,12.207706,7.947934
30.230774,-82.344400,-245.000000,12.379027,8.042295
30.750774,-82.344400,-245.000000,12.297959,7.911269
31.270774,-82.344400,-245.000000,12.572181,7.981380
31.790774,-82.344400,-245.000000,12.230137,7.939836
32.310774,-82.344400,-245.000000,12.399635,8.000510
32.830774,-82.344400,-245.000000,12.225904,8.080606
33.350774,-82.344400,-245.000000,12.314901,7.924972
33.870774,-82.344400,-245.000000,12.190304,7.964384
34.390774,-82.344400,-245.000000,12.325618,7.980410
34.910774,-82.344400,-245.000000,12.338341,7.953995
35.430774,-82.344400,-245.000000,12.267467,7.953804
35.950774,-82.344400,-245.000000,12.371367,7.984101
36.470774,-82.344400,-245.000000,12.466696,8.014575
36.990774,-82.344400,-245.000000,11.999752,7.918283
37.510774,-82.344400,-245.000000,12.588256,7.945392
38.030774,-82.344400,-245.000000,12.251196,7.954206
38.550774,-82.344400,-245.000000,12.327742,7.951864
39.070774,-82.344400,-245.000000,12.198844,7.946521
39.590774,-82.344400,-245.000000,12.294805,7.981125
40.110774,-82.344400,-245.000000,12.324618,8.007609
40.630774,-82.344400,-245.000000,12.264493,7.930489
41.150774,-82.344400,-245.000000,12.286239,7.879201
41.670774,-82.344400,-245.000000,12.174683,7.926746
42.190774,-82.344400,-245.000000,12.013991,8.019108
42.710774,-82.344400,-245.000000,12.345452,7.949086
43.230774,-82.344400,-245.000000,12.314445,8.029984
43.750774,-82.344400,-245.000000,12.391695,8.005841
44.270774,-82.344400,-245.000000,12.445788,7.989810
44.790774,-82.344400,-245.000000,12.506058,7.971331
45.310774,-82.344400,-245.000000,12.366165,7.980659
45.830774,-82.344400,-245.000000,12.021801,7.999599
46.350774,-82.344400,-245.000000,12.262927,7.968990
46.870774,-82.344400,-245.000000,12.238004,7.985498
47.390774,-82.344400,-245.000000,12.305894,7.949013
47.910774,-82.344400,-245.000000,12.319144,8.009469
48.430774,-82.344400,-245.000000,12.396399,7.991994
48.950774,-82.344400,-245.000000,12.194541,7.893077
49.470774,-82.344400,-245.000000,12.534584,7.907234
49.990774,-82.344400,-245.000000,12.386462,8.006831
50.510774,-82.344400,-245.000000,12.134602,7.992678
51.030774,-82.344400,-245.000000,12.216605,7.943461
51.550774,-82.344400,-245.000000,12.413475,7.986931
52.070774,-82.344400,-245.000000,12.128218,7.940367
52.590774,-82.344400,-245.000000,12.272573,7.954499
53.110774,-82.344400,-245.000000,12.226715,7.922869
53.630774,-82.344400,-245.000000,12.139394,7.963576
54.150774,-82.344400,-245.000000,12.147620,7.929341
54.670774,-82.344400,-245.000000,12.265524,7.927173
55.190774,-82.344400,-245.000000,12.493228,8.055488
55.710774,-82.344400,-245.000000,12.149899,7.887458
56.230774,-82.344400,-245.000000,12.340201,7.938926
56.750774,-82.344400,-245.000000,12.280645,7.980387
57.270774,-82.344400,-245.000000,12.158957,7.946710
57.790774,-82.344400,-245.000000,12.355268,7.933315
58.310774,-82.344400,-245.000000,12.172154,7.939257
58.830774,-82.344400,-245.000000,12.196848,7.893720
59.350774,-82.344400,-245.000000,12.407138,8.049742
59.870774,-82.344400,-245.000000,12.115561,7.909166
60.390774,-82.344400,-245.000000,12.260036,7.952520
60.910774,-82.344400,-245.000000,12.210498,8.014960
61.430774,-82.344400,-245.000000,12.384377,7.952271
13.070774,-81.824400,-245.000000,12.308225,7.665460
13.590774,-81.824400,-245.000000,12.188910,7.605586
14.110774,-81.824400,-245.000000,12.398238,7.689148
14.630774,-81.824400,-245.000000,12.421849,7.758147
15.150774,-81.824400,-245.000000,12.309751,7.730773
15.670774,-81.824400,-245.000000,12.340522,7.765634
16.190774,-81.824400,-245.000000,12.306191,7.725935
16.710774,-81.824400,-245.000000,12.260125,7.823376
17.230774,-81.824400,-245.000000,12.264271,7.840353
17.750774,-81.824400,-245.000000,12.384431,7.794133
18.270774,-81.824400,-245.000000,12.308208,7.745355
18.790774,-81.824400,-245.000000,12.428527,7.859462
19.310774,-81.824400,-245.000000,12.412227,7.965899
19.830774,-81.824400,-245.000000,12.149001,7.813210
20.350774,-81.824400,-245.000000,12.192822,7.941740
20.870774,-81.824400,-245.000000,12.227015,7.836562
21.390774,-81.824400,-245.000000,12.182221,7.882475
21.910774,-81.824400,-245.000000,12.031384,7.938992
22.430774,-81.824400,-245.000000,12.158633,7.803587
22.950774,-81.824400,-245.000000,12.266763,7.836627
23.470774,-81.824400,-245.000000,12.229015,7.867866
23.990774,-81.824400,-245.000000,12.358752,7.963059
24.510774,-81.824400,-245.000000,12.293229,7.997806
25.030774,-81.824400,-245.000000,12.239646,7.891494
25.550774,-81.824400,-245.000000,12.191176,7.916954
26.070774,-81.824400,-245.000000,12.421889,8.037252
26.590774,-81.824400,-245.000000,12.216296,7.991011
27.110774,-81.824400,-245.000000,12.239579,8.003925
27.630774,-81.824400,-245.000000,12.530733,7.915751
28.150774,-81.824400,-245.000000,12.240027,7.928938
28.670774,-81.824400,-245.000000,12.479713,8.092618
29.190774,-81.824400,-245.000000,12.039495,7.929034
29.710774,-81.824400,-245.000000,12.205034,7.981769
30.230774,-81.824400,-245.000000,12.448768,8.055644
30.750774,-81.824400,-245.000000,12.224031,7.895524
31.270774,-81.824400,-245.000000,12.555319,7.964783
31.790774,-81.824400,-245.000000,12.276677,7.975302
32.310774,-81.824400,-245.000000,12.407404,7.997869
32.830774,-81.824400,-245.000000,12.134119,8.072329
33.350774,-81.824400,-245.000000,12.239367,7.939760
33.870774,-81.824400,-245.000000,12.242653,7.971085
34.390774,-81.824400,-245.000000,12.262052,7.969488
34.910774,-81.824400,-245.000000,12.423215,7.974645
35.430774,-81.824400,-245.000000,12.302421,7.980361
35.950774,-81.824400,-245.000000,12.378394,7.985615
36.470774,-81.824400,-245.000000,12.429648,8.002756
36.990774,-81.824400,-245.000000,12.051582,7.942300
37.510774,-81.824400,-245.000000,12.580417,7.978388
38.030774,-81.824400,-245.000000,12.266862,7.986293
38.550774,-81.824400,-245.000000,12.202117,7.935839
39.070774,-81.824400,-245.000000,12.231452,7.953825
39.590774,-81.824400,-245.000000,12.305900,8.028699
40.110774,-81.824400,-245.000000,12.296113,8.011627
40.630774,-81.824400,-245.000000,12.315538,7.946579
41.150774,-81.824400,-245.000000,12.211424,7.873503
41.670774,-81.824400,-245.000000,12.074714,7.955082
42.190774,-81.824400,-245.000000,12.129164,8.037052
42.710774,-81.824400,-245.000000,12.337075,7.952328
43.230774,-81.824400,-245.000000,12.315792,8.042788
43.750774,-81.824400,-245.000000,12.353747,8.012809
44.270774,-81.824400,-245.000000,12.455723,7.967256
44.790774,-81.824400,-245.000000,12.408929,7.997625
45.310774,-81.824400,-245.000000,12.423993,8.004554
45.830774,-81.824400,-245.000000,12.022960,7.981695
46.350774,-81.824400,-245.000000,12.211015,8.005689
46.870774,-81.824400,-245.000000,12.222974,8.009580
47.390774,-81.824400,-245.000000,12.267913,7.937754
47.910774,-81.824400,-245.000000,12.348484,8.020092
48.430774,-81.824400,-245.000000,12.325502,7.980186
48.950774,-81.824400,-245.000000,12.217158,7.902987
49.470774,-81.824400,-245.000000,12.534759,7.923905
49.990774,-81.824400,-245.000000,12.325707,8.014724
50.510774,-81.824400,-245.000000,12.078667,8.007389
51.030774,-81.824400,-245.000000,12.276108,7.954268
51.550774,-81.824400,-245.000000,12.405906,7.980126
52.070774,-81.824400,-245.000000,12.192399,7.986597
52.590774,-81.824400,-245.000000,12.241561,7.941369
53.110774,-81.824400,-245.000000,12.227128,7.919650
53.630774,-81.824400,-245.000000,12.126979,7.963000
54.150774,-81.824400,-245.000000,12.130434,7.938300
54.670774,-81.824400,-245.000000,12.337170,7.953139
55.190774,-81.824400,-245.000000,12.449008,8.054060
55.710774,-81.824400,-245.000000,12.136403,7.863013
56.230774,-81.824400,-245.000000,12.355002,7.953666
56.750774,-81.824400,-245.000000,12.175695,7.978942
57.270774,-81.824400,-245.000000,12.222636,7.962631
57.790774,-81.824400,-245.000000,12.377151,7.964748
58.310774,-81.824400,-245.000000,12.203281,7.929771
58.830774,-81.824400,-245.000000,12.171674,7.931544
59.350774,-81.824400,-245.000000,12.343465,8.021303
59.870774,-81.824400,-245.000000,12.037269,7.936847
60.390774,-81.824400,-245.000000,12.277866,7.957170
60.910774,-81.824400,-245.000000,12.229414,8.025439
61.430774,-81.824400,-245.000000,12.355827,7.971994
61.950774,-81.824400,-245.000000,12.131128,7.918746
62.470774,-81.824400,-245.000000,12.105395,7.976830
13.070774,-81.304400,-245.000000,12.407125,7.680562
60.390774,-81.304400,-245.000000,12.179992,7.970361
61.430774,-81.304400,-245.000000,12.316242,7.976542
13.070774,-82.344400,-244.000000,12.464514,7.640837
13.590774,-82.344400,-244.000000,12.266369,7.647976
14.110774,-82.344400,-244.000000,12.411151,7.648604
14.630774,-82.344400,-244.000000,12.612043,7.645774
15.150774,-82.344400,-244.000000,12.294723,7.689034
15.670774,-82.344400,-244.000000,12.139145,7.646806
16.190774,-82.344400,-244.000000,12.175277,7.708887
16.710774,-82.344400,-244.000000,12.437050,7.721098
17.230774,-82.344400,-244.000000,12.153697,7.705146
17.750774,-82.344400,-244.000000,11.945922,7.691954
18.270774,-82.344400,-244.000000,12.190589,7.796293
18.790774,-82.344400,-244.000000,12.262897,7.815004
19.310774,-82.344400,-244.000000,12.225489,7.783219
19.830774,-82.344400,-244.000000,12.262045,7.785896
20.350774,-82.344400,-244.000000,12.223303,7.930002
20.870774,-82.344400,-244.000000,12.425257,7.911802
21.390774,-82.344400,-244.000000,12.369049,7.870900
21.910774,-82.344400,-244.000000,12.319592,7.888642
22.430774,-82.344400,-244.000000,12.396165,7.849795
22.950774,-82.344400,-244.000000,12.121512,7.822778
23.470774,-82.344400,-244.000000,12.361531,7.884705
23.990774,-82.344400,-244.000000,12.402554,8.025844
24.510774,-82.344400,-244.000000,12.201091,7.845606
25.030774,-82.344400,-244.000000,12.336307,7.875062
25.550774,-82.344400,-244.000000,12.282100,7.850419
26.070774,-82.344400,-244.000000,12.119357,7.869278
26.590774,-82.344400,-244.000000,12.284648,7.890351
27.110774,-82.344400,-244.000000,12.309881,7.901977
27.630774,-82.344400,-244.000000,12.069449,7.883759
28.150774,-82.344400,-244.000000,12.460103,7.905112
28.670774,-82.344400,-244.000000,12.206012,7.927465
29.190774,-82.344400,-244.000000,12.181857,7.838776
29.710774,-82.344400,-244.000000,12.398984,7.987752
30.230774,-82.344400,-244.000000,12.406413,7.927395
30.750774,-82.344400,-244.000000,12.137336,7.908719
31.270774,-82.344400,-244.000000,12.234466,7.858589
31.790774,-82.344400,-244.000000,12.018069,7.871990
32.310774,-82.344400,-244.000000,11.959920,7.813606
32.830774,-82.344400,-244.000000,12.122825,7.896450
33.350774,-82.344400,-244.000000,12.277098,7.942315
33.870774,-82.344400,-244.000000,12.325389,7.871635
34.390774,-82.344400,-244.000000,12.478187,7.987194
34.910774,-82.344400,-244.000000,12.307609,7.865721
35.430774,-82.344400,-244.000000,12.322929,7.862787
35.950774,-82.344400,-244.000000,12.400067,8.031696
36.470774,-82.344400,-244.000000,12.216960,7.915170
36.990774,-82.344400,-244.000000,12.126468,7.961143
37.510774,-82.344400,-244.000000,12.292717,7.913067
38.030774,-82.344400,-244.000000,12.421184,7.863830
38.550774,-82.344400,-244.000000,12.026740,7.841394
39.070774,-82.344400,-244.000000,12.151651,7.896734
39.590774,-82.344400,-244.000000,12.114680,7.917980
40.110774,-82.344400,-244.000000,12.194554,7.925308
40.630774,-82.344400,-244.000000,12.217209,7.901296
41.150774,-82.344400,-244.000000,12.270339,7.922706
41.670774,-82.344400,-244.000000,12.104720,7.991393
42.190774,-82.344400,-244.000000,12.360054,7.863930
42.710774,-82.344400,-244.000000,12.250930,7.900507
43.230774,-82.344400,-244.000000,12.498627,8.007380
43.750774,-82.344400,-244.000000,12.364260,7.964744
44.270774,-82.344400,-244.000000,12.309694,7.955595
44.790774,-82.344400,-244.000000,12.345653,7.922193
45.310774,-82.344400,-244.000000,12.168872,7.904010
45.830774,-82.344400,-244.000000,12.250702,7.928769
46.350774,-82.344400,-244.000000,12.077911,7.930192
46.870774,-82.344400,-244.000000,12.188093,7.944755
47.390774,-82.344400,-244.000000,12.235988,7.966630
47.910774,-82.344400,-244.000000,12.297973,7.928336
48.430774,-82.344400,-244.000000,12.120629,7.827557
48.950774,-82.344400,-244.000000,12.116782,7.849204
49.470774,-82.344400,-244.000000,12.285666,7.929647
49.990774,-82.344400,-244.000000,12.184772,7.835653
50.510774,-82.344400,-244.000000,12.304273,7.918920
51.030774,-82.344400,-244.000000,12.308903,7.909155
51.550774,-82.344400,-244.000000,12.390203,7.990717
52.070774,-82.344400,-244.000000,12.180722,7.881142
52.590774,-82.344400,-244.000000,12.185419,7.984068
53.110774,-82.344400,-244.000000,12.197453,7.917892
53.630774,-82.344400,-244.000000,12.251018,7.824759
54.150774,-82.344400,-244.000000,12.018704,7.987809
54.670774,-82.344400,-244.000000,12.251380,7.827032
55.190774,-82.344400,-244.000000,12.275798,7.811650
55.710774,-82.344400,-244.000000,12.122256,7.882354
56.230774,-82.344400,-244.000000,12.307872,7.908781
56.750774,-82.344400,-244.000000,12.216388,7.896544
57.270774,-82.344400,-244.000000,12.487960,7.936897
57.790774,-82.344400,-244.000000,12.025808,7.954319
58.310774,-82.344400,-244.000000,12.403102,7.841841
58.830774,-82.344400,-244.000000,12.056251,7.886076
59.350774,-82.344400,-244.000000,12.094783,7.839465
13.070774,-81.824400,-244.000000,12.491206,7.670465
13.590774,-81.824400,-244.000000,12.261909,7.659605
14.110774,-81.824400,-244.000000,12.428645,7.695415
14.630774,-81.824400,-244.000000,12.604841,7.660115
15.150774,-81.824400,-244.000000,12.348800,7.729184
15.670774,-81.824400,-244.000000,12.147044,7.678267
16.190774,-81.824400,-244.000000,12.213774,7.748386
16.710774,-81.824400,-244.000000,12.375238,7.739358
17.230774,-81.824400,-244.000000,12.227586,7.693240
17.750774,-81.824400,-244.000000,11.945437,7.698018
18.270774,-81.824400,-244.000000,12.207825,7.809483
18.790774,-81.824400,-244.000000,12.210985,7.789887
19.310774,-81.824400,-244.000000,12.207449,7.788830
19.830774,-81.824400,-244.000000,12.327924,7.826682
20.350774,-81.824400,-244.000000,12.140777,7.922134
20.870774,-81.824400,-244.000000,12.379790,7.916421
21.390774,-81.824400,-244.000000,12.416564,7.894132
21.910774,-81.824400,-244.000000,12.253356,7.922257
22.430774,-81.824400,-244.000000,12.329437,7.839802
22.950774,-81.824400,-244.000000,12.211441,7.839611
23.470774,-81.824400,-244.000000,12.334178,7.857131
23.990774,-81.824400,-244.000000,12.356517,8.000636
24.510774,-81.824400,-244.000000,12.272788,7.874741
25.030774,-81.824400,-244.000000,12.313039,7.903171
25.550774,-81.824400,-244.000000,12.299706,7.856493
26.070774,-81.824400,-244.000000,12.088611,7.864411
26.590774,-81.824400,-244.000000,12.286689,7.897180
27.110774,-81.824400,-244.000000,12.278728,7.934874
27.630774,-81.824400,-244.000000,12.149337,7.899711
28.150774,-81.824400,-244.000000,12.406987,7.937850
28.670774,-81.824400,-244.000000,12.216132,7.932649
29.190774,-81.824400,-244.000000,12.207120,7.852425
29.710774,-81.824400,-244.000000,12.402170,7.991440
30.230774,-81.824400,-244.000000,12.394431,7.947179
30.750774,-81.824400,-244.000000,12.109493,7.940481
31.270774,-81.824400,-244.000000,12.181144,7.851728
31.790774,-81.824400,-244.000000,12.001780,7.873204
32.310774,-81.824400,-244.000000,12.002079,7.839920
32.830774,-81.824400,-244.000000,12.203525,7.917958
33.350774,-81.824400,-244.000000,12.245916,7.938109
33.870774,-81.824400,-244.000000,12.349188,7.883809
34.390774,-81.824400,-244.000000,12.517222,8.012376
34.910774,-81.824400,-244.000000,12.298289,7.910849
35.430774,-81.824400,-244.000000,12.310977,7.851894
35.950774,-81.824400,-244.000000,12.366281,8.049338
36.470774,-81.824400,-244.000000,12.166774,7.906052
36.990774,-81.824400,-244.000000,12.154418,7.959249
37.510774,-81.824400,-244.000000,12.283699,7.942159
38.030774,-81.824400,-244.000000,12.478971,7.881486
38.550774,-81.824400,-244.000000,12.017802,7.871195
39.070774,-81.824400,-244.000000,12.108238,7.909218
39.590774,-81.824400,-244.000000,12.067934,7.925291
40.110774,-81.824400,-244.000000,12.178391,7.930198
40.630774,-81.824400,-244.000000,12.266430,7.950076
41.150774,-81.824400,-244.000000,12.236164,7.932051
41.670774,-81.824400,-244.000000,12.101228,8.023117
42.190774,-81.824400,-244.000000,12.267982,7.853005
42.710774,-81.824400,-244.000000,12.291421,7.905823
43.230774,-81.824400,-244.000000,12.502443,8.019031
43.750774,-81.824400,-244.000000,12.303552,7.969987
44.270774,-81.824400,-244.000000,12.282342,8.011856
44.790774,-81.824400,-244.000000,12.366895,7.906137
45.310774,-81.824400,-244.000000,12.164760,7.899870
45.830774,-81.824400,-244.000000,12.153721,7.915259
46.350774,-81.824400,-244.000000,12.144244,7.954623
46.870774,-81.824400,-244.000000,12.218268,7.966564
47.390774,-81.824400,-244.000000,12.202151,7.971597
47.910774,-81.824400,-244.000000,12.329528,7.958731
48.430774,-81.824400,-244.000000,12.189115,7.863780
48.950774,-81.824400,-244.000000,12.114310,7.901230
49.470774,-81.824400,-244.000000,12.321806,7.919494
49.990774,-81.824400,-244.000000,12.064526,7.836256
50.510774,-81.824400,-244.000000,12.352225,7.940149
51.030774,-81.824400,-244.000000,12.319457,7.942423
51.550774,-81.824400,-244.000000,12.232519,7.954933
52.070774,-81.824400,-244.000000,12.242612,7.908266
52.590774,-81.824400,-244.000000,12.155166,7.992253
53.110774,-81.824400,-244.000000,12.184585,7.924778
53.630774,-81.824400,-244.000000,12.278934,7.821078
54.150774,-81.824400,-244.000000,11.992934,7.973213
54.670774,-81.824400,-244.000000,12.197902,7.876099
55.190774,-81.824400,-244.000000,12.299705,7.822733
55.710774,-81.824400,-244.000000,12.131514,7.903433
56.230774,-81.824400,-244.000000,12.231333,7.921088
56.750774,-81.824400,-244.000000,12.191926,7.915098
57.270774,-81.824400,-244.000000,12.463810,7.954795
57.790774,-81.824400,-244.000000,12.038842,7.946958
58.310774,-81.824400,-244.000000,12.451979,7.884838
58.830774,-81.824400,-244.000000,12.073461,7.869575
59.350774,-81.824400,-244.000000,12.122304,7.849291
59.870774,-81.824400,-244.000000,12.076095,7.932892
57.790774,-81.304400,-244.000000,12.167897,7.961244
59.350774,-81.304400,-244.000000,12.129340,7.869442
13.070774,-82.344400,-243.000000,12.139517,7.380667
13.590774,-82.344400,-243.000000,12.234639,7.543808
14.110774,-82.344400,-243.000000,12.161492,7.595295
14.630774,-82.344400,-243.000000,12.410411,7.609546
15.150774,-82.344400,-243.000000,12.420917,7.661644
15.670774,-82.344400,-243.000000,12.234447,7.686615
16.190774,-82.344400,-243.000000,12.236381,7.633296
16.710774,-82.344400,-243.000000,12.401320,7.783028
17.230774,-82.344400,-243.000000,12.251721,7.738622
17.750774,-82.344400,-243.000000,12.178677,7.754428
18.270774,-82.344400,-243.000000,12.477729,7.693562
18.790774,-82.344400,-243.000000,12.226370,7.756238
19.310774,-82.344400,-243.000000,12.416029,7.645351
19.830774,-82.344400,-243.000000,12.328280,7.742261
20.350774,-82.344400,-243.000000,12.014935,7.684065
20.870774,-82.344400,-243.000000,11.944251,7.730445
21.390774,-82.344400,-243.000000,12.007052,7.711222
21.910774,-82.344400,-243.000000,12.335963,7.718995
22.430774,-82.344400,-243.000000,12.390134,7.791377
22.950774,-82.344400,-243.000000,12.169311,7.778051
23.470774,-82.344400,-243.000000,12.187521,7.784251
23.990774,-82.344400,-243.000000,12.059748,7.753128
24.510774,-82.344400,-243.000000,12.349422,7.803725
25.030774,-82.344400,-243.000000,11.960725,7.738430
25.550774,-82.344400,-243.000000,12.402043,7.863406
26.070774,-82.344400,-243.000000,12.244195,7.902214
26.590774,-82.344400,-243.000000,12.140812,7.786616
27.110774,-82.344400,-243.000000,12.249807,7.751894
27.630774,-82.344400,-243.000000,12.181258,7.849047
28.150774,-82.344400,-243.000000,12.128212,7.819073
28.670774,-82.344400,-243.000000,11.944368,7.724423
29.190774,-82.344400,-243.000000,11.966072,7.743178
29.710774,-82.344400,-243.000000,12.132323,7.779064
30.230774,-82.344400,-243.000000,12.255724,7.830903
30.750774,-82.344400,-243.000000,12.285610,7.814985
31.270774,-82.344400,-243.000000,12.168244,7.766836
31.790774,-82.344400,-243.000000,12.082298,7.781708
32.310774,-82.344400,-243.000000,12.097775,7.743102
32.830774,-82.344400,-243.000000,12.145720,7.721146
33.350774,-82.344400,-243.000000,12.120873,7.842277
33.870774,-82.344400,-243.000000,12.152726,7.830136
34.390774,-82.344400,-243.000000,12.418544,7.922844
34.910774,-82.344400,-243.000000,12.238029,7.748527
35.430774,-82.344400,-243.000000,12.100073,7.809702
35.950774,-82.344400,-243.000000,12.145785,7.777628
36.470774,-82.344400,-243.000000,12.227975,7.890532
36.990774,-82.344400,-243.000000,11.989221,7.798559
37.510774,-82.344400,-243.000000,12.129236,7.877087
38.030774,-82.344400,-243.000000,12.204365,7.760603
38.550774,-82.344400,-243.000000,12.029847,7.833442
39.070774,-82.344400,-243.000000,12.106277,7.736163
39.590774,-82.344400,-243.000000,12.105247,7.769301
40.110774,-82.344400,-243.000000,12.179787,7.826964
40.630774,-82.344400,-243.000000,12.378634,7.906057
41.150774,-82.344400,-243.000000,12.064204,7.790437
41.670774,-82.344400,-243.000000,12.054008,7.787566
42.190774,-82.344400,-243.000000,12.131925,7.815541
42.710774,-82.344400,-243.000000,12.143311,7.825702
43.230774,-82.344400,-243.000000,12.308660,7.792745
43.750774,-82.344400,-243.000000,11.917397,7.730125
44.270774,-82.344400,-243.000000,12.256390,7.798437
44.790774,-82.344400,-243.000000,12.213885,7.799449
45.310774,-82.344400,-243.000000,12.045794,7.804666
45.830774,-82.344400,-243.000000,11.984686,7.738017
46.350774,-82.344400,-243.000000,12.010587,7.833298
46.870774,-82.344400,-243.000000,12.242136,7.889533
47.390774,-82.344400,-243.000000,12.091926,7.790280
47.910774,-82.344400,-243.000000,11.983326,7.800537
48.430774,-82.344400,-243.000000,12.057943,7.864548
48.950774,-82.344400,-243.000000,12.231930,7.821796
49.470774,-82.344400,-243.000000,12.051991,7.899887
49.990774,-82.344400,-243.000000,12.257674,7.870683
50.510774,-82.344400,-243.000000,12.277205,7.840657
51.030774,-82.344400,-243.000000,12.096505,7.835450
51.550774,-82.344400,-243.000000,12.052352,7.769375
52.070774,-82.344400,-243.000000,12.054948,7.822115
52.590774,-82.344400,-243.000000,12.103977,7.814011
53.110774,-82.344400,-243.000000,12.462913,7.847104
53.630774,-82.344400,-243.000000,12.319520,7.934054
54.150774,-82.344400,-243.000000,12.020184,7.825532
54.670774,-82.344400,-243.000000,12.041891,7.707371
55.190774,-82.344400,-243.000000,12.067615,7.868854
55.710774,-82.344400,-243.000000,12.182502,7.865439
56.230774,-82.344400,-243.000000,12.213360,7.867472
56.750774,-82.344400,-243.000000,12.141267,7.851323
13.070774,-81.824400,-243.000000,12.230637,7.396622
13.590774,-81.824400,-243.000000,12.222631,7.548524
14.110774,-81.824400,-243.000000,12.077025,7.587592
14.630774,-81.824400,-243.000000,12.377326,7.600986
15.150774,-81.824400,-243.000000,12.454425,7.668388
15.670774,-81.824400,-243.000000,12.249230,7.688198
16.190774,-81.824400,-243.000000,12.178053,7.625337
16.710774,-81.824400,-243.000000,12.441477,7.802720
17.230774,-81.824400,-243.000000,12.197875,7.721389
17.750774,-81.824400,-243.000000,12.183784,7.794776
18.270774,-81.824400,-243.000000,12.439246,7.694507
18.790774,-81.824400,-243.000000,12.272688,7.762535
19.310774,-81.824400,-243.000000,12.387794,7.679070
19.830774,-81.824400,-243.000000,12.296758,7.732717
20.350774,-81.824400,-243.000000,11.986010,7.688159
20.870774,-81.824400,-243.000000,11.931738,7.739759
21.390774,-81.824400,-243.000000,12.065291,7.736133
21.910774,-81.824400,-243.000000,12.314802,7.753925
22.430774,-81.824400,-243.000000,12.397411,7.831558
22.950774,-81.824400,-243.000000,12.135296,7.765963
23.470774,-81.824400,-243.000000,12.210425,7.797085
23.990774,-81.824400,-243.000000,12.051229,7.791568
24.510774,-81.824400,-243.000000,12.291535,7.789894
25.030774,-81.824400,-243.000000,11.972014,7.719528
25.550774,-81.824400,-243.000000,12.356476,7.871162
26.070774,-81.824400,-243.000000,12.301811,7.904319
26.590774,-81.824400,-243.000000,12.083129,7.821329
27.110774,-81.824400,-243.000000,12.270402,7.749974
27.630774,-81.824400,-243.000000,12.217224,7.867883
28.150774,-81.824400,-243.000000,12.099552,7.869215
28.670774,-81.824400,-243.000000,11.900504,7.715777
29.190774,-81.824400,-243.000000,11.948945,7.757467
29.710774,-81.824400,-243.000000,12.098590,7.777650
30.230774,-81.824400,-243.000000,12.193597,7.850229
30.750774,-81.824400,-243.000000,12.280478,7.832551
31.270774,-81.824400,-243.000000,12.144760,7.771935
31.790774,-81.824400,-243.000000,12.030480,7.766703
32.310774,-81.824400,-243.000000,12.080878,7.766350
32.830774,-81.824400,-243.000000,12.106459,7.738029
33.350774,-81.824400,-243.000000,12.164615,7.869524
33.870774,-81.824400,-243.000000,12.136416,7.844128
34.390774,-81.824400,-243.000000,12.335910,7.881144
34.910774,-81.824400,-243.000000,12.249091,7.758361
35.430774,-81.824400,-243.000000,12.112336,7.839114
35.950774,-81.824400,-243.000000,12.169673,7.796109
36.470774,-81.824400,-243.000000,12.236141,7.892506
36.990774,-81.824400,-243.000000,12.001320,7.803345
37.510774,-81.824400,-243.000000,12.109815,7.861191
38.030774,-81.824400,-243.000000,12.175241,7.774534
38.550774,-81.824400,-243.000000,12.071365,7.843409
39.070774,-81.824400,-243.000000,12.091843,7.759766
39.590774,-81.824400,-243.000000,12.156208,7.788499
40.110774,-81.824400,-243.000000,12.161454,7.823879
40.630774,-81.824400,-243.000000,12.359195,7.906159
41.150774,-81.824400,-243.000000,12.049924,7.807802
41.670774,-81.824400,-243.000000,12.033940,7.806066
42.190774,-81.824400,-243.000000,12.179343,7.851404
42.710774,-81.824400,-243.000000,12.119590,7.843028
43.230774,-81.824400,-243.000000,12.205631,7.778461
43.750774,-81.824400,-243.000000,11.947184,7.725160
44.270774,-81.824400,-243.000000,12.198738,7.809484
44.790774,-81.824400,-243.000000,12.293613,7.827973
45.310774,-81.824400,-243.000000,12.016612,7.811108
45.830774,-81.824400,-243.000000,11.882468,7.726979
46.350774,-81.824400,-243.000000,12.036502,7.856991
46.870774,-81.824400,-243.000000,12.104447,7.847899
47.390774,-81.824400,-243.000000,12.113598,7.800587
47.910774,-81.824400,-243.000000,12.044757,7.825832
48.430774,-81.824400,-243.000000,12.037284,7.876263
48.950774,-81.824400,-243.000000,12.272978,7.857314
49.470774,-81.824400,-243.000000,11.901352,7.866689
49.990774,-81.824400,-243.000000,12.342876,7.876723
50.510774,-81.824400,-243.000000,12.207142,7.839911
51.030774,-81.824400,-243.000000,12.117273,7.890855
51.550774,-81.824400,-243.000000,12.015752,7.747242
52.070774,-81.824400,-243.000000,12.059266,7.826645
52.590774,-81.824400,-243.000000,12.043815,7.842791
53.110774,-81.824400,-243.000000,12.499148,7.842789
53.630774,-81.824400,-243.000000,12.275453,7.960587
54.150774,-81.824400,-243.000000,12.018577,7.824073
54.670774,-81.824400,-243.000000,12.079046,7.735237
55.190774,-81.824400,-243.000000,12.028828,7.870507
55.710774,-81.824400,-243.000000,12.184830,7.871445
56.230774,-81.824400,-243.000000,12.250970,7.866664
56.750774,-81.824400,-243.000000,12.165645,7.858270
57.270774,-81.824400,-243.000000,12.424779,7.834086
57.790774,-81.824400,-243.000000,12.162372,7.883888
13.070774,-81.304400,-243.000000,12.260592,7.404889
55.710774,-81.304400,-243.000000,12.221685,7.875739
56.750774,-81.304400,-243.000000,12.134803,7.835430
13.070774,-82.344400,-242.000000,12.027556,7.247242
13.590774,-82.344400,-242.000000,11.975135,7.340937
14.110774,-82.344400,-242.000000,12.118736,7.384359
14.630774,-82.344400,-242.000000,12.140348,7.471023
15.150774,-82.344400,-242.000000,12.101665,7.495645
15.670774,-82.344400,-242.000000,12.166286,7.464507
16.190774,-82.344400,-242.000000,12.228374,7.581794
16.710774,-82.344400,-242.000000,12.203753,7.483908
17.230774,-82.344400,-242.000000,12.054464,7.546125
17.750774,-82.344400,-242.000000,12.044414,7.589055
18.270774,-82.344400,-242.000000,12.021440,7.611109
18.790774,-82.344400,-242.000000,12.156754,7.507026
19.310774,-82.344400,-242.000000,12.007187,7.548448
19.830774,-82.344400,-242.000000,12.002478,7.556364
20.350774,-82.344400,-242.000000,12.086974,7.629121
20.870774,-82.344400,-242.000000,12.136816,7.753541
21.390774,-82.344400,-242.000000,11.907527,7.556809
21.910774,-82.344400,-242.000000,12.139880,7.611665
22.430774,-82.344400,-242.000000,12.083465,7.651900
22.950774,-82.344400,-242.000000,12.157862,7.626540
23.470774,-82.344400,-242.000000,11.930787,7.579054
23.990774,-82.344400,-242.000000,11.966903,7.662903
24.510774,-82.344400,-242.000000,12.187678,7.676617
25.030774,-82.344400,-242.000000,11.904173,7.625820
25.550774,-82.344400,-242.000000,12.400813,7.698246
26.070774,-82.344400,-242.000000,11.897217,7.558805
26.590774,-82.344400,-242.000000,12.126227,7.610102
27.110774,-82.344400,-242.000000,12.133854,7.726275
27.630774,-82.344400,-242.000000,11.945693,7.707363
28.150774,-82.344400,-242.000000,12.133193,7.697105
28.670774,-82.344400,-242.000000,12.103992,7.656247
29.190774,-82.344400,-242.000000,12.152135,7.626708
29.710774,-82.344400,-242.000000,12.188537,7.708858
30.230774,-82.344400,-242.000000,12.023242,7.706703
30.750774,-82.344400,-242.000000,12.174991,7.754507
31.270774,-82.344400,-242.000000,12.191176,7.645605
31.790774,-82.344400,-242.000000,12.403457,7.770125
32.310774,-82.344400,-242.000000,12.219419,7.685927
32.830774,-82.344400,-242.000000,11.895612,7.672185
33.350774,-82.344400,-242.000000,12.194121,7.741054
33.870774,-82.344400,-242.000000,11.873856,7.616772
34.390774,-82.344400,-242.000000,12.120458,7.751034
34.910774,-82.344400,-242.000000,12.037719,7.621173
35.430774,-82.344400,-242.000000,12.150336,7.717512
35.950774,-82.344400,-242.000000,12.113308,7.657308
36.470774,-82.344400,-242.000000,12.123415,7.634360
36.990774,-82.344400,-242.000000,12.203220,7.702178
37.510774,-82.344400,-242.000000,12.227155,7.780688
38.030774,-82.344400,-242.000000,12.129687,7.740663
38.550774,-82.344400,-242.000000,12.092841,7.681235
39.070774,-82.344400,-242.000000,12.065879,7.673990
39.590774,-82.344400,-242.000000,11.980151,7.761928
40.110774,-82.344400,-242.000000,12.181372,7.721534
40.630774,-82.344400,-242.000000,12.031430,7.672444
41.150774,-82.344400,-242.000000,12.198340,7.676054
41.670774,-82.344400,-242.000000,11.990766,7.782021
42.190774,-82.344400,-242.000000,11.969087,7.683015
42.710774,-82.344400,-242.000000,11.976672,7.664988
43.230774,-82.344400,-242.000000,12.106908,7.744370
43.750774,-82.344400,-242.000000,12.093122,7.776181
44.270774,-82.344400,-242.000000,12.233282,7.750024
44.790774,-82.344400,-242.000000,12.285441,7.698061
45.310774,-82.344400,-242.000000,12.209754,7.661323
45.830774,-82.344400,-242.000000,12.033743,7.758502
46.350774,-82.344400,-242.000000,11.980851,7.646315
46.870774,-82.344400,-242.000000,11.979752,7.656123
47.390774,-82.344400,-242.000000,11.855984,7.646591
47.910774,-82.344400,-242.000000,12.346225,7.747453
48.430774,-82.344400,-242.000000,11.995816,7.772018
48.950774,-82.344400,-242.000000,12.210406,7.804028
49.470774,-82.344400,-242.000000,12.022043,7.695618
49.990774,-82.344400,-242.000000,11.806340,7.620982
50.510774,-82.344400,-242.000000,11.699909,7.692140
51.030774,-82.344400,-242.000000,12.050181,7.633273
51.550774,-82.344400,-242.000000,11.924182,7.666948
52.070774,-82.344400,-242.000000,11.867026,7.693194
52.590774,-82.344400,-242.000000,11.803374,7.661692
53.110774,-82.344400,-242.000000,11.738122,7.601122
53.630774,-82.344400,-242.000000,12.242934,7.780050
54.150774,-82.344400,-242.000000,12.142062,7.840053
54.670774,-82.344400,-242.000000,12.256195,7.686497
13.070774,-81.824400,-242.000000,12.036801,7.262038
13.590774,-81.824400,-242.000000,11.986691,7.374228
14.110774,-81.824400,-242.000000,12.089921,7.383029
14.630774,-81.824400,-242.000000,12.087505,7.481583
15.150774,-81.824400,-242.000000,12.101918,7.491102
15.670774,-81.824400,-242.000000,12.173009,7.479171
16.190774,-81.824400,-242.000000,12.226708,7.613471
16.710774,-81.824400,-242.000000,12.153358,7.527708
17.230774,-81.824400,-242.000000,12.082890,7.560397
17.750774,-81.824400,-242.000000,12.110248,7.644629
18.270774,-81.824400,-242.000000,12.075054,7.623553
18.790774,-81.824400,-242.000000,12.099044,7.502192
19.310774,-81.824400,-242.000000,12.019951,7.563276
19.830774,-81.824400,-242.000000,12.040102,7.592037
20.350774,-81.824400,-242.000000,12.064145,7.626455
20.870774,-81.824400,-242.000000,12.111621,7.743717
21.390774,-81.824400,-242.000000,11.880157,7.589447
21.910774,-81.824400,-242.000000,12.115969,7.630121
22.430774,-81.824400,-242.000000,12.098969,7.671293
22.950774,-81.824400,-242.000000,12.134277,7.634419
23.470774,-81.824400,-242.000000,11.919513,7.605631
23.990774,-81.824400,-242.000000,12.005186,7.700768
24.510774,-81.824400,-242.000000,12.129854,7.678471
25.030774,-81.824400,-242.000000,11.901040,7.632912
25.550774,-81.824400,-242.000000,12.358275,7.704336
26.070774,-81.824400,-242.000000,11.915854,7.582087
26.590774,-81.824400,-242.000000,12.060612,7.638777
27.110774,-81.824400,-242.000000,12.111844,7.745741
27.630774,-81.824400,-242.000000,11.944673,7.723181
28.150774,-81.824400,-242.000000,12.172946,7.717744
28.670774,-81.824400,-242.000000,12.111537,7.684604
29.190774,-81.824400,-242.000000,12.141612,7.663527
29.710774,-81.824400,-242.000000,12.149027,7.713487
30.230774,-81.824400,-242.000000,11.970130,7.708562
30.750774,-81.824400,-242.000000,12.267777,7.754873
31.270774,-81.824400,-242.000000,12.206819,7.693574
31.790774,-81.824400,-242.000000,12.429733,7.811799
32.310774,-81.824400,-242.000000,12.233757,7.701330
32.830774,-81.824400,-242.000000,11.873454,7.683338
33.350774,-81.824400,-242.000000,12.099879,7.745567
33.870774,-81.824400,-242.000000,11.963792,7.653080
34.390774,-81.824400,-242.000000,12.200506,7.751383
34.910774,-81.824400,-242.000000,11.956275,7.649783
35.430774,-81.824400,-242.000000,12.183555,7.718795
35.950774,-81.824400,-242.000000,12.050710,7.642879
36.470774,-81.824400,-242.000000,12.196457,7.669497
36.990774,-81.824400,-242.000000,12.176208,7.745861
37.510774,-81.824400,-242.000000,12.232634,7.807069
38.030774,-81.824400,-242.000000,12.159294,7.757580
38.550774,-81.824400,-242.000000,12.048939,7.683680
39.070774,-81.824400,-242.000000,12.070637,7.709600
39.590774,-81.824400,-242.000000,11.946169,7.765211
40.110774,-81.824400,-242.000000,12.119991,7.717619
40.630774,-81.824400,-242.000000,12.093558,7.715586
41.150774,-81.824400,-242.000000,12.157332,7.675411
41.670774,-81.824400,-242.000000,11.963202,7.782591
42.190774,-81.824400,-242.000000,12.010074,7.712747
42.710774,-81.824400,-242.000000,11.995605,7.684541
43.230774,-81.824400,-242.000000,12.094569,7.782075
43.750774,-81.824400,-242.000000,12.100438,7.796563
44.270774,-81.824400,-242.000000,12.210819,7.765565
44.790774,-81.824400,-242.000000,12.234855,7.683025
45.310774,-81.824400,-242.000000,12.240825,7.700527
45.830774,-81.824400,-242.000000,12.095734,7.761697
46.350774,-81.824400,-242.000000,11.925480,7.636560
46.870774,-81.824400,-242.000000,12.009338,7.682602
47.390774,-81.824400,-242.000000,11.899505,7.670356
47.910774,-81.824400,-242.000000,12.305626,7.788496
48.430774,-81.824400,-242.000000,12.032928,7.778370
48.950774,-81.824400,-242.000000,12.184558,7.815290
49.470774,-81.824400,-242.000000,12.035742,7.726796
49.990774,-81.824400,-242.000000,11.822875,7.650034
50.510774,-81.824400,-242.000000,11.733101,7.706128
51.030774,-81.824400,-242.000000,12.018649,7.631742
51.550774,-81.824400,-242.000000,11.946891,7.699589
52.070774,-81.824400,-242.000000,11.875911,7.713932
52.590774,-81.824400,-242.000000,11.922258,7.702352
53.110774,-81.824400,-242.000000,11.663893,7.614110
53.630774,-81.824400,-242.000000,12.276568,7.829298
54.150774,-81.824400,-242.000000,12.097566,7.809656
54.670774,-81.824400,-242.000000,12.167171,7.692369
55.190774,-81.824400,-242.000000,12.148848,7.681929
13.070774,-81.304400,-242.000000,11.996103,7.308837
13.590774,-81.304400,-242.000000,12.091300,7.409211
14.110774,-81.304400,-242.000000,12.091041,7.386031
14.630774,-81.304400,-242.000000,12.055450,7.483469
16.710774,-81.304400,-242.000000,12.152218,7.546344
26.070774,-81.304400,-242.000000,11.969254,7.622089
26.590774,-81.304400,-242.000000,11.964624,7.626482
27.110774,-81.304400,-242.000000,12.131108,7.758799
27.630774,-81.304400,-242.000000,11.897328,7.741428
28.150774,-81.304400,-242.000000,12.101667,7.689928
28.670774,-81.304400,-242.000000,12.182557,7.703131
29.710774,-81.304400,-242.000000,12.050720,7.695954
30.230774,-81.304400,-242.000000,11.974406,7.714546
30.750774,-81.304400,-242.000000,12.239402,7.749741
33.350774,-81.304400,-242.000000,12.012601,7.757116
53.110774,-81.304400,-242.000000,11.626388,7.639130
54.670774,-81.304400,-242.000000,12.176721,7.698061
42.190774,-82.344400,-241.000000,11.730964,7.413229
42.710774,-82.344400,-241.000000,11.741591,7.502877
43.230774,-82.344400,-241.000000,11.741824,7.487452
43.750774,-82.344400,-241.000000,11.821319,7.450099
44.270774,-82.344400,-241.000000,11.984006,7.424500
44.790774,-82.344400,-241.000000,11.715067,7.443401
45.310774,-82.344400,-241.000000,11.617584,7.383814
45.830774,-82.344400,-241.000000,11.677292,7.408794
46.350774,-82.344400,-241.000000,11.760833,7.461511
46.870774,-82.344400,-241.000000,11.827246,7.521979
47.390774,-82.344400,-241.000000,11.887594,7.453115
47.910774,-82.344400,-241.000000,12.014703,7.498375
48.430774,-82.344400,-241.000000,11.780770,7.392756
48.950774,-82.344400,-241.000000,11.861648,7.368165
49.470774,-82.344400,-241.000000,11.799042,7.540887
49.990774,-82.344400,-241.000000,11.873818,7.606042
50.510774,-82.344400,-241.000000,11.717199,7.430204
51.030774,-82.344400,-241.000000,11.736951,7.355835
51.550774,-82.344400,-241.000000,11.742374,7.408887
52.070774,-82.344400,-241.000000,11.739702,7.430241
33.870774,-81.824400,-241.000000,12.064036,7.456357
34.390774,-81.824400,-241.000000,11.812842,7.482318
34.910774,-81.824400,-241.000000,11.878090,7.495336
35.430774,-81.824400,-241.000000,12.051004,7.390996
35.950774,-81.824400,-241.000000,11.792580,7.457659
36.470774,-81.824400,-241.000000,11.773514,7.388578
36.990774,-81.824400,-241.000000,11.640573,7.433403
37.510774,-81.824400,-241.000000,12.021108,7.424589
38.030774,-81.824400,-241.000000,11.952874,7.508813
38.550774,-81.824400,-241.000000,11.931994,7.492448
39.070774,-81.824400,-241.000000,11.729955,7.470627
39.590774,-81.824400,-241.000000,11.670421,7.508092
40.110774,-81.824400,-241.000000,11.934206,7.494991
40.630774,-81.824400,-241.000000,11.903319,7.505769
41.150774,-81.824400,-241.000000,11.791495,7.436458
41.670774,-81.824400,-241.000000,11.975879,7.513116
42.190774,-81.824400,-241.000000,11.722032,7.418397
42.710774,-81.824400,-241.000000,11.786258,7.494081
43.230774,-81.824400,-241.000000,11.799397,7.491975
43.750774,-81.824400,-241.000000,11.765034,7.455602
44.270774,-81.824400,-241.000000,12.001164,7.467623
44.790774,-81.824400,-241.000000,11.703040,7.439848
45.310774,-81.824400,-241.000000,11.636324,7.438839
45.830774,-81.824400,-241.000000,11.674518,7.383860
46.350774,-81.824400,-241.000000,11.741822,7.477746
46.870774,-81.824400,-241.000000,11.800460,7.542466
47.390774,-81.824400,-241.000000,11.819034,7.457192
47.910774,-81.824400,-241.000000,11.956842,7.522148
48.430774,-81.824400,-241.000000,11.762845,7.390342
48.950774,-81.824400,-241.000000,11.823979,7.392843
49.470774,-81.824400,-241.000000,11.761715,7.558804
49.990774,-81.824400,-241.000000,11.878334,7.632740
50.510774,-81.824400,-241.000000,11.676558,7.443432
51.030774,-81.824400,-241.000000,11.761877,7.391059
51.550774,-81.824400,-241.000000,11.738055,7.425658
52.070774,-81.824400,-241.000000,11.752528,7.452992
52.590774,-81.824400,-241.000000,11.863650,7.468572
53.110774,-81.824400,-241.000000,11.814882,7.491041
42.710774,-81.304400,-241.000000,11.821770,7.521552
43.230774,-81.304400,-241.000000,11.800743,7.501276
43.750774,-81.304400,-241.000000,11.798129,7.487388
44.270774,-81.304400,-241.000000,11.961044,7.459621
44.790774,-81.304400,-241.000000,11.721820,7.468816
45.310774,-81.304400,-241.000000,11.571525,7.437291
46.350774,-81.304400,-241.000000,11.796323,7.519938
46.870774,-81.304400,-241.000000,11.760939,7.526054
47.390774,-81.304400,-241.000000,11.765174,7.483407
47.910774,-81.304400,-241.000000,11.951092,7.520945
52.070774,-81.304400,-241.000000,11.841621,7.486078
