x_mm,y_mm,z_mm,LET_keV_per_um,Physical_dose
13.590774,-82.344400,-284.000000,1.206635,7.827599
14.110774,-82.344400,-284.000000,1.219087,7.860416
14.630774,-82.344400,-284.000000,1.181820,7.794021
15.150774,-82.344400,-284.000000,1.288451,7.867373
15.670774,-82.344400,-284.000000,1.209611,7.826432
16.190774,-82.344400,-284.000000,1.205762,7.909372
16.710774,-82.344400,-284.000000,1.184555,7.906515
17.230774,-82.344400,-284.000000,1.187406,8.006423
17.750774,-82.344400,-284.000000,1.204632,7.895420
18.270774,-82.344400,-284.000000,1.219285,7.926472
18.790774,-82.344400,-284.000000,1.224397,7.872706
19.310774,-82.344400,-284.000000,1.221707,7.880722
19.830774,-82.344400,-284.000000,1.225086,7.922584
20.350774,-82.344400,-284.000000,1.198071,7.893736
20.870774,-82.344400,-284.000000,1.232737,7.875088
21.390774,-82.344400,-284.000000,1.294273,7.914877
21.910774,-82.344400,-284.000000,1.209135,7.870161
22.430774,-82.344400,-284.000000,1.226349,7.918813
22.950774,-82.344400,-284.000000,1.217878,7.967992
23.470774,-82.344400,-284.000000,1.239173,7.981278
23.990774,-82.344400,-284.000000,1.272684,7.946834
24.510774,-82.344400,-284.000000,1.244930,7.962632
25.030774,-82.344400,-284.000000,1.240793,7.883824
25.550774,-82.344400,-284.000000,1.223338,7.914011
26.070774,-82.344400,-284.000000,1.296666,7.995854
26.590774,-82.344400,-284.000000,1.199194,7.912747
27.110774,-82.344400,-284.000000,1.235581,7.890610
27.630774,-82.344400,-284.000000,1.261440,8.033225
28.150774,-82.344400,-284.000000,1.240210,8.023828
28.670774,-82.344400,-284.000000,1.239967,7.964733
29.190774,-82.344400,-284.000000,1.293301,7.937890
29.710774,-82.344400,-284.000000,1.250960,7.925537
30.230774,-82.344400,-284.000000,1.205348,8.023855
30.750774,-82.344400,-284.000000,1.259997,7.909850
31.270774,-82.344400,-284.000000,1.245634,7.926774
31.790774,-82.344400,-284.000000,1.247606,8.010334
32.310774,-82.344400,-284.000000,1.193611,7.915634
32.830774,-82.344400,-284.000000,1.231848,7.978404
33.350774,-82.344400,-284.000000,1.224594,7.923816
33.870774,-82.344400,-284.000000,1.186279,7.837446
34.390774,-82.344400,-284.000000,1.207106,7.887138
34.910774,-82.344400,-284.000000,1.177687,7.858975
35.430774,-82.344400,-284.000000,1.205161,7.952032
35.950774,-82.344400,-284.000000,1.200267,8.009411
36.470774,-82.344400,-284.000000,1.230004,7.927105
36.990774,-82.344400,-284.000000,1.226937,7.875857
37.510774,-82.344400,-284.000000,1.254802,7.941764
38.030774,-82.344400,-284.000000,1.198126,8.048159
38.550774,-82.344400,-284.000000,1.192319,7.954733
39.070774,-82.344400,-284.000000,1.192716,7.939723
39.590774,-82.344400,-284.000000,1.246164,7.950656
40.110774,-82.344400,-284.000000,1.280149,7.945749
40.630774,-82.344400,-284.000000,1.215046,7.984739
41.150774,-82.344400,-284.000000,1.173100,8.010361
41.670774,-82.344400,-284.000000,1.207353,8.001740
42.190774,-82.344400,-284.000000,1.243423,7.958908
42.710774,-82.344400,-284.000000,1.233987,7.897346
43.230774,-82.344400,-284.000000,1.205424,7.884780
43.750774,-82.344400,-284.000000,1.296544,7.958881
44.270774,-82.344400,-284.000000,1.301361,7.964862
44.790774,-82.344400,-284.000000,1.209107,7.899549
45.310774,-82.344400,-284.000000,1.176390,7.892873
45.830774,-82.344400,-284.000000,1.213546,7.926377
46.350774,-82.344400,-284.000000,1.290639,7.921536
46.870774,-82.344400,-284.000000,1.245237,7.953805
47.390774,-82.344400,-284.000000,1.249881,7.947732
47.910774,-82.344400,-284.000000,1.227591,7.987556
48.430774,-82.344400,-284.000000,1.225953,7.902602
48.950774,-82.344400,-284.000000,1.164278,7.863984
49.470774,-82.344400,-284.000000,1.205838,7.928463
49.990774,-82.344400,-284.000000,1.210387,7.894069
50.510774,-82.344400,-284.000000,1.189245,7.959255
51.030774,-82.344400,-284.000000,1.203997,7.961982
13.070774,-81.824400,-284.000000,1.246167,7.931415
13.590774,-81.824400,-284.000000,1.213471,7.860131
14.110774,-81.824400,-284.000000,1.214038,7.927040
14.630774,-81.824400,-284.000000,1.273452,7.808428
15.150774,-81.824400,-284.000000,1.229912,7.847054
15.670774,-81.824400,-284.000000,1.219818,7.831197
16.190774,-81.824400,-284.000000,1.189209,7.943413
16.710774,-81.824400,-284.000000,1.193696,7.899855
17.230774,-81.824400,-284.000000,1.193406,8.012231
17.750774,-81.824400,-284.000000,1.220092,7.921693
18.270774,-81.824400,-284.000000,1.267727,7.909943
18.790774,-81.824400,-284.000000,1.227014,7.897935
19.310774,-81.824400,-284.000000,1.240503,7.932719
19.830774,-81.824400,-284.000000,1.200321,7.948319
20.350774,-81.824400,-284.000000,1.218166,7.921545
20.870774,-81.824400,-284.000000,1.260551,7.975011
21.390774,-81.824400,-284.000000,1.247168,7.946046
21.910774,-81.824400,-284.000000,1.222468,7.912549
22.430774,-81.824400,-284.000000,1.233851,7.924260
22.950774,-81.824400,-284.000000,1.188065,7.908097
23.470774,-81.824400,-284.000000,1.231713,7.995294
23.990774,-81.824400,-284.000000,1.251261,7.991796
24.510774,-81.824400,-284.000000,1.240039,7.970128
25.030774,-81.824400,-284.000000,1.249376,7.935395
25.550774,-81.824400,-284.000000,1.250575,7.901248
26.070774,-81.824400,-284.000000,1.236501,7.956393
26.590774,-81.824400,-284.000000,1.223536,7.913816
27.110774,-81.824400,-284.000000,1.280690,7.920273
27.630774,-81.824400,-284.000000,1.206981,8.004276
28.150774,-81.824400,-284.000000,1.216169,7.966824
28.670774,-81.824400,-284.000000,1.241731,8.047223
29.190774,-81.824400,-284.000000,1.226503,7.979839
29.710774,-81.824400,-284.000000,1.271754,7.943183
30.230774,-81.824400,-284.000000,1.273177,7.955685
30.750774,-81.824400,-284.000000,1.198308,7.959849
31.270774,-81.824400,-284.000000,1.259869,7.942513
31.790774,-81.824400,-284.000000,1.242398,8.003465
32.310774,-81.824400,-284.000000,1.245823,7.923022
32.830774,-81.824400,-284.000000,1.257567,7.952651
33.350774,-81.824400,-284.000000,1.237736,7.954679
33.870774,-81.824400,-284.000000,1.181539,7.860263
34.390774,-81.824400,-284.000000,1.213665,7.831999
34.910774,-81.824400,-284.000000,1.214590,7.878965
35.430774,-81.824400,-284.000000,1.214264,7.965795
35.950774,-81.824400,-284.000000,1.234937,7.996723
36.470774,-81.824400,-284.000000,1.227732,7.957788
36.990774,-81.824400,-284.000000,1.227304,7.937943
37.510774,-81.824400,-284.000000,1.248145,7.967672
38.030774,-81.824400,-284.000000,1.199907,8.015864
38.550774,-81.824400,-284.000000,1.217583,7.960434
39.070774,-81.824400,-284.000000,1.234329,7.896604
39.590774,-81.824400,-284.000000,1.187713,7.956627
40.110774,-81.824400,-284.000000,1.207875,7.950049
40.630774,-81.824400,-284.000000,1.212993,7.993097
41.150774,-81.824400,-284.000000,1.235812,8.051913
41.670774,-81.824400,-284.000000,1.246320,8.010824
42.190774,-81.824400,-284.000000,1.216956,7.989020
42.710774,-81.824400,-284.000000,1.251668,7.889032
43.230774,-81.824400,-284.000000,1.200685,7.907094
43.750774,-81.824400,-284.000000,1.248774,7.930782
44.270774,-81.824400,-284.000000,1.262626,8.010754
44.790774,-81.824400,-284.000000,1.200819,7.914690
45.310774,-81.824400,-284.000000,1.178234,7.940549
45.830774,-81.824400,-284.000000,1.220922,7.925298
46.350774,-81.824400,-284.000000,1.226954,8.021188
46.870774,-81.824400,-284.000000,1.202931,7.961261
47.390774,-81.824400,-284.000000,1.276844,7.970263
47.910774,-81.824400,-284.000000,1.228740,7.957368
48.430774,-81.824400,-284.000000,1.197069,7.928589
48.950774,-81.824400,-284.000000,1.206805,7.923608
49.470774,-81.824400,-284.000000,1.234430,7.977263
49.990774,-81.824400,-284.000000,1.209985,7.903272
50.510774,-81.824400,-284.000000,1.196546,7.921801
51.030774,-81.824400,-284.000000,1.238493,7.975625
51.550774,-81.824400,-284.000000,1.259785,7.968256
52.070774,-81.824400,-284.000000,1.249837,7.977636
52.590774,-81.824400,-284.000000,1.247081,8.056147
53.110774,-81.824400,-284.000000,1.200869,7.940036
53.630774,-81.824400,-284.000000,1.228181,7.878399
54.150774,-81.824400,-284.000000,1.226090,7.934896
14.630774,-81.304400,-284.000000,1.227002,7.852283
15.150774,-81.304400,-284.000000,1.261031,7.870185
15.670774,-81.304400,-284.000000,1.223075,7.823227
16.190774,-81.304400,-284.000000,1.193490,7.942613
16.710774,-81.304400,-284.000000,1.205948,7.911446
17.230774,-81.304400,-284.000000,1.229626,7.978641
17.750774,-81.304400,-284.000000,1.198124,7.920886
18.270774,-81.304400,-284.000000,1.227757,7.901597
18.790774,-81.304400,-284.000000,1.219128,7.907286
19.310774,-81.304400,-284.000000,1.206672,7.944068
42.710774,-81.304400,-284.000000,1.245964,7.929918
43.230774,-81.304400,-284.000000,1.189995,7.917337
43.750774,-81.304400,-284.000000,1.217165,7.991479
44.270774,-81.304400,-284.000000,1.240104,7.999194
44.790774,-81.304400,-284.000000,1.277809,7.938628
45.310774,-81.304400,-284.000000,1.215365,7.983368
45.830774,-81.304400,-284.000000,1.226135,7.943518
46.350774,-81.304400,-284.000000,1.206971,7.962753
46.870774,-81.304400,-284.000000,1.207412,7.982825
47.390774,-81.304400,-284.000000,1.201468,7.932749
47.910774,-81.304400,-284.000000,1.217884,7.983778
48.430774,-81.304400,-284.000000,1.190484,7.935035
48.950774,-81.304400,-284.000000,1.249739,7.947580
13.590774,-82.344400,-283.000000,1.196545,7.839097
14.110774,-82.344400,-283.000000,1.240455,7.909680
14.630774,-82.344400,-283.000000,1.224152,7.883653
15.150774,-82.344400,-283.000000,1.241427,7.902340
15.670774,-82.344400,-283.000000,1.293575,7.891431
16.190774,-82.344400,-283.000000,1.198266,7.916769
16.710774,-82.344400,-283.000000,1.223921,7.908897
17.230774,-82.344400,-283.000000,1.226450,7.898209
17.750774,-82.344400,-283.000000,1.240569,7.869990
18.270774,-82.344400,-283.000000,1.196877,7.957643
18.790774,-82.344400,-283.000000,1.249344,7.945784
19.310774,-82.344400,-283.000000,1.234573,8.013456
19.830774,-82.344400,-283.000000,1.249112,7.902641
20.350774,-82.344400,-283.000000,1.224986,8.028604
20.870774,-82.344400,-283.000000,1.241846,8.032916
21.390774,-82.344400,-283.000000,1.203287,7.853440
21.910774,-82.344400,-283.000000,1.229209,7.919052
22.430774,-82.344400,-283.000000,1.203418,8.018388
22.950774,-82.344400,-283.000000,1.234919,7.948375
23.470774,-82.344400,-283.000000,1.254432,8.007060
23.990774,-82.344400,-283.000000,1.252218,7.915134
24.510774,-82.344400,-283.000000,1.179240,7.885006
25.030774,-82.344400,-283.000000,1.190473,7.963917
25.550774,-82.344400,-283.000000,1.184101,7.906373
26.070774,-82.344400,-283.000000,1.228830,7.991591
26.590774,-82.344400,-283.000000,1.256799,7.902693
27.110774,-82.344400,-283.000000,1.274882,7.880095
27.630774,-82.344400,-283.000000,1.212570,7.956182
28.150774,-82.344400,-283.000000,1.228516,7.895274
28.670774,-82.344400,-283.000000,1.231385,7.940669
29.190774,-82.344400,-283.000000,1.257740,7.975567
29.710774,-82.344400,-283.000000,1.315684,7.988974
30.230774,-82.344400,-283.000000,1.262041,7.920598
30.750774,-82.344400,-283.000000,1.186391,7.907537
31.270774,-82.344400,-283.000000,1.209088,7.954864
31.790774,-82.344400,-283.000000,1.245170,7.982564
32.310774,-82.344400,-283.000000,1.270975,7.961790
32.830774,-82.344400,-283.000000,1.268939,7.920068
33.350774,-82.344400,-283.000000,1.223700,7.983598
33.870774,-82.344400,-283.000000,1.169952,7.929455
34.390774,-82.344400,-283.000000,1.252606,8.002441
34.910774,-82.344400,-283.000000,1.191177,7.920933
35.430774,-82.344400,-283.000000,1.231870,8.005420
35.950774,-82.344400,-283.000000,1.236065,7.951111
36.470774,-82.344400,-283.000000,1.259696,7.963699
36.990774,-82.344400,-283.000000,1.225648,7.866343
37.510774,-82.344400,-283.000000,1.229584,7.916066
38.030774,-82.344400,-283.000000,1.222690,7.986134
38.550774,-82.344400,-283.000000,1.249511,7.969886
39.070774,-82.344400,-283.000000,1.258047,8.023862
39.590774,-82.344400,-283.000000,1.248161,7.913896
40.110774,-82.344400,-283.000000,1.225528,7.930903
40.630774,-82.344400,-283.000000,1.232741,7.963155
41.150774,-82.344400,-283.000000,1.208417,8.111508
41.670774,-82.344400,-283.000000,1.203136,8.034097
42.190774,-82.344400,-283.000000,1.229936,7.875751
42.710774,-82.344400,-283.000000,1.181541,7.933023
43.230774,-82.344400,-283.000000,1.231958,8.010090
43.750774,-82.344400,-283.000000,1.259398,8.054499
44.270774,-82.344400,-283.000000,1.215768,7.975431
44.790774,-82.344400,-283.000000,1.245745,7.949986
45.310774,-82.344400,-283.000000,1.189597,8.032239
45.830774,-82.344400,-283.000000,1.220938,7.944598
46.350774,-82.344400,-283.000000,1.215592,7.917776
46.870774,-82.344400,-283.000000,1.190899,7.971826
47.390774,-82.344400,-283.000000,1.265288,7.959623
47.910774,-82.344400,-283.000000,1.221452,7.917727
48.430774,-82.344400,-283.000000,1.197845,7.891595
48.950774,-82.344400,-283.000000,1.192955,7.954420
49.470774,-82.344400,-283.000000,1.219098,8.144993
49.990774,-82.344400,-283.000000,1.203139,7.979188
50.510774,-82.344400,-283.000000,1.202050,7.997599
51.030774,-82.344400,-283.000000,1.197252,7.910881
51.550774,-82.344400,-283.000000,1.189747,7.983806
52.070774,-82.344400,-283.000000,1.239323,8.004091
52.590774,-82.344400,-283.000000,1.253050,8.018426
53.110774,-82.344400,-283.000000,1.236170,7.985569
53.630774,-82.344400,-283.000000,1.231760,7.930915
54.150774,-82.344400,-283.000000,1.222386,7.962041
54.670774,-82.344400,-283.000000,1.217040,7.946772
55.190774,-82.344400,-283.000000,1.246622,7.878238
55.710774,-82.344400,-283.000000,1.254794,8.023346
13.070774,-81.824400,-283.000000,1.228453,7.900251
13.590774,-81.824400,-283.000000,1.196138,7.853386
14.110774,-81.824400,-283.000000,1.197203,7.915411
14.630774,-81.824400,-283.000000,1.205795,7.903061
15.150774,-81.824400,-283.000000,1.206330,7.918141
15.670774,-81.824400,-283.000000,1.287781,7.935287
16.190774,-81.824400,-283.000000,1.209864,7.914798
16.710774,-81.824400,-283.000000,1.200003,7.911195
17.230774,-81.824400,-283.000000,1.266669,7.901448
17.750774,-81.824400,-283.000000,1.226233,7.906405
18.270774,-81.824400,-283.000000,1.221741,8.011973
18.790774,-81.824400,-283.000000,1.222645,7.911837
19.310774,-81.824400,-283.000000,1.211012,7.975886
19.830774,-81.824400,-283.000000,1.247555,7.921503
20.350774,-81.824400,-283.000000,1.209752,7.954331
20.870774,-81.824400,-283.000000,1.250060,8.002954
21.390774,-81.824400,-283.000000,1.250553,7.905187
21.910774,-81.824400,-283.000000,1.269738,7.942200
22.430774,-81.824400,-283.000000,1.233098,8.054230
22.950774,-81.824400,-283.000000,1.181785,7.931010
23.470774,-81.824400,-283.000000,1.218924,8.036246
23.990774,-81.824400,-283.000000,1.199185,7.900317
24.510774,-81.824400,-283.000000,1.200352,7.918674
25.030774,-81.824400,-283.000000,1.184127,7.892646
25.550774,-81.824400,-283.000000,1.227551,7.930910
26.070774,-81.824400,-283.000000,1.205142,8.004990
26.590774,-81.824400,-283.000000,1.235043,7.909838
27.110774,-81.824400,-283.000000,1.221109,7.894088
27.630774,-81.824400,-283.000000,1.240050,7.937920
28.150774,-81.824400,-283.000000,1.248081,7.909688
28.670774,-81.824400,-283.000000,1.220699,7.944782
29.190774,-81.824400,-283.000000,1.239862,7.986026
29.710774,-81.824400,-283.000000,1.249609,7.998978
30.230774,-81.824400,-283.000000,1.254516,7.900936
30.750774,-81.824400,-283.000000,1.230785,8.014008
31.270774,-81.824400,-283.000000,1.238787,7.965839
31.790774,-81.824400,-283.000000,1.203783,7.956010
32.310774,-81.824400,-283.000000,1.235105,8.021088
32.830774,-81.824400,-283.000000,1.248247,7.927667
33.350774,-81.824400,-283.000000,1.205239,7.991096
33.870774,-81.824400,-283.000000,1.202315,7.943008
34.390774,-81.824400,-283.000000,1.214409,7.973795
34.910774,-81.824400,-283.000000,1.232174,7.921391
35.430774,-81.824400,-283.000000,1.285109,7.967802
35.950774,-81.824400,-283.000000,1.247916,7.945197
36.470774,-81.824400,-283.000000,1.237968,7.946044
36.990774,-81.824400,-283.000000,1.262049,7.895395
37.510774,-81.824400,-283.000000,1.219847,7.896944
38.030774,-81.824400,-283.000000,1.206863,8.039179
38.550774,-81.824400,-283.000000,1.188322,7.981067
39.070774,-81.824400,-283.000000,1.283736,7.946891
39.590774,-81.824400,-283.000000,1.268496,7.965310
40.110774,-81.824400,-283.000000,1.210873,7.884252
40.630774,-81.824400,-283.000000,1.262264,8.095469
41.150774,-81.824400,-283.000000,1.232409,8.006548
41.670774,-81.824400,-283.000000,1.250409,8.067452
42.190774,-81.824400,-283.000000,1.196601,7.917158
42.710774,-81.824400,-283.000000,1.195193,7.974536
43.230774,-81.824400,-283.000000,1.223374,8.018937
43.750774,-81.824400,-283.000000,1.253755,8.020373
44.270774,-81.824400,-283.000000,1.231355,7.976234
44.790774,-81.824400,-283.000000,1.227317,7.956148
45.310774,-81.824400,-283.000000,1.204230,8.053528
45.830774,-81.824400,-283.000000,1.205725,7.968999
46.350774,-81.824400,-283.000000,1.207643,7.916582
46.870774,-81.824400,-283.000000,1.232282,7.990052
47.390774,-81.824400,-283.000000,1.239569,8.067673
47.910774,-81.824400,-283.000000,1.212019,7.923059
48.430774,-81.824400,-283.000000,1.183135,7.882318
48.950774,-81.824400,-283.000000,1.234932,7.987772
49.470774,-81.824400,-283.000000,1.194604,7.997237
49.990774,-81.824400,-283.000000,1.244826,8.006263
50.510774,-81.824400,-283.000000,1.225610,8.019028
51.030774,-81.824400,-283.000000,1.189334,7.951635
51.550774,-81.824400,-283.000000,1.208007,7.939744
52.070774,-81.824400,-283.000000,1.246441,7.984932
52.590774,-81.824400,-283.000000,1.227945,8.038921
53.110774,-81.824400,-283.000000,1.256127,7.995539
53.630774,-81.824400,-283.000000,1.262373,7.917436
54.150774,-81.824400,-283.000000,1.210313,7.954531
54.670774,-81.824400,-283.000000,1.240651,7.938437
55.190774,-81.824400,-283.000000,1.240037,7.907285
55.710774,-81.824400,-283.000000,1.260599,8.077774
56.230774,-81.824400,-283.000000,1.215789,7.960081
13.590774,-81.304400,-283.000000,1.231505,7.877975
55.710774,-81.304400,-283.000000,1.224124,8.114323
13.590774,-82.344400,-282.000000,1.230735,7.877472
14.110774,-82.344400,-282.000000,1.230708,7.908572
14.630774,-82.344400,-282.000000,1.248156,7.977221
15.150774,-82.344400,-282.000000,1.251602,7.903629
15.670774,-82.344400,-282.000000,1.257639,7.975038
16.190774,-82.344400,-282.000000,1.309104,8.061329
16.710774,-82.344400,-282.000000,1.225321,7.908401
17.230774,-82.344400,-282.000000,1.221239,7.926181
17.750774,-82.344400,-282.000000,1.214515,7.998584
18.270774,-82.344400,-282.000000,1.218760,7.927148
18.790774,-82.344400,-282.000000,1.190567,7.971519
19.310774,-82.344400,-282.000000,1.196173,8.013576
19.830774,-82.344400,-282.000000,1.198507,7.949489
20.350774,-82.344400,-282.000000,1.229123,7.972560
20.870774,-82.344400,-282.000000,1.226976,7.968286
21.390774,-82.344400,-282.000000,1.209519,7.980610
21.910774,-82.344400,-282.000000,1.244097,7.956703
22.430774,-82.344400,-282.000000,1.188008,7.933467
22.950774,-82.344400,-282.000000,1.189593,8.019956
23.470774,-82.344400,-282.000000,1.208562,7.921633
23.990774,-82.344400,-282.000000,1.205778,7.908667
24.510774,-82.344400,-282.000000,1.251710,7.964093
25.030774,-82.344400,-282.000000,1.225606,8.011417
25.550774,-82.344400,-282.000000,1.217504,7.897865
26.070774,-82.344400,-282.000000,1.220966,7.951910
26.590774,-82.344400,-282.000000,1.228168,7.984609
27.110774,-82.344400,-282.000000,1.222697,7.988262
27.630774,-82.344400,-282.000000,1.210805,7.940938
28.150774,-82.344400,-282.000000,1.247278,7.938734
28.670774,-82.344400,-282.000000,1.205092,7.940528
29.190774,-82.344400,-282.000000,1.218553,7.927848
29.710774,-82.344400,-282.000000,1.303542,7.975048
30.230774,-82.344400,-282.000000,1.277536,8.092882
30.750774,-82.344400,-282.000000,1.267127,7.911505
31.270774,-82.344400,-282.000000,1.254151,7.945580
31.790774,-82.344400,-282.000000,1.262450,7.969148
32.310774,-82.344400,-282.000000,1.237730,8.012343
32.830774,-82.344400,-282.000000,1.238972,8.023303
33.350774,-82.344400,-282.000000,1.210814,7.956072
33.870774,-82.344400,-282.000000,1.258464,7.951201
34.390774,-82.344400,-282.000000,1.230338,8.035696
34.910774,-82.344400,-282.000000,1.266196,7.962556
35.430774,-82.344400,-282.000000,1.236649,7.912427
35.950774,-82.344400,-282.000000,1.206698,7.931967
36.470774,-82.344400,-282.000000,1.205727,7.937338
36.990774,-82.344400,-282.000000,1.231670,7.891798
37.510774,-82.344400,-282.000000,1.201992,7.955485
38.030774,-82.344400,-282.000000,1.228248,7.908084
38.550774,-82.344400,-282.000000,1.212123,7.934088
39.070774,-82.344400,-282.000000,1.263322,7.965818
39.590774,-82.344400,-282.000000,1.270227,7.945424
40.110774,-82.344400,-282.000000,1.232761,7.866652
40.630774,-82.344400,-282.000000,1.223630,8.008305
41.150774,-82.344400,-282.000000,1.242658,8.041167
41.670774,-82.344400,-282.000000,1.200665,7.996474
42.190774,-82.344400,-282.000000,1.275641,7.998788
42.710774,-82.344400,-282.000000,1.269671,7.923995
43.230774,-82.344400,-282.000000,1.231279,7.972589
43.750774,-82.344400,-282.000000,1.226166,8.029905
44.270774,-82.344400,-282.000000,1.223989,7.908173
44.790774,-82.344400,-282.000000,1.225556,7.987306
45.310774,-82.344400,-282.000000,1.268082,8.088902
45.830774,-82.344400,-282.000000,1.249848,7.894955
46.350774,-82.344400,-282.000000,1.249325,7.979091
46.870774,-82.344400,-282.000000,1.213042,8.015951
47.390774,-82.344400,-282.000000,1.203237,7.933398
47.910774,-82.344400,-282.000000,1.229032,7.970762
48.430774,-82.344400,-282.000000,1.226641,7.989032
48.950774,-82.344400,-282.000000,1.204629,8.031280
49.470774,-82.344400,-282.000000,1.262588,8.032297
49.990774,-82.344400,-282.000000,1.226836,7.902750
50.510774,-82.344400,-282.000000,1.227206,7.987985
51.030774,-82.344400,-282.000000,1.222293,8.038708
51.550774,-82.344400,-282.000000,1.211742,7.973697
52.070774,-82.344400,-282.000000,1.258526,7.967021
52.590774,-82.344400,-282.000000,1.199738,7.970928
53.110774,-82.344400,-282.000000,1.290880,7.967033
53.630774,-82.344400,-282.000000,1.242006,7.978837
54.150774,-82.344400,-282.000000,1.279848,7.992170
54.670774,-82.344400,-282.000000,1.265828,8.043215
55.190774,-82.344400,-282.000000,1.259189,7.921916
55.710774,-82.344400,-282.000000,1.237917,7.943074
56.230774,-82.344400,-282.000000,1.188532,7.997349
56.750774,-82.344400,-282.000000,1.226983,7.979502
57.270774,-82.344400,-282.000000,1.240564,8.008821
13.070774,-81.824400,-282.000000,1.208144,7.881359
13.590774,-81.824400,-282.000000,1.209609,7.929773
14.110774,-81.824400,-282.000000,1.271040,7.887350
14.630774,-81.824400,-282.000000,1.237157,8.019555
15.150774,-81.824400,-282.000000,1.213524,7.876679
15.670774,-81.824400,-282.000000,1.244638,7.968491
16.190774,-81.824400,-282.000000,1.292478,7.906925
16.710774,-81.824400,-282.000000,1.248058,7.894167
17.230774,-81.824400,-282.000000,1.221889,7.924812
17.750774,-81.824400,-282.000000,1.197533,8.012907
18.270774,-81.824400,-282.000000,1.201809,7.939168
18.790774,-81.824400,-282.000000,1.203728,8.024902
19.310774,-81.824400,-282.000000,1.249649,7.992417
19.830774,-81.824400,-282.000000,1.189167,7.990234
20.350774,-81.824400,-282.000000,1.241115,7.963346
20.870774,-81.824400,-282.000000,1.218436,7.968904
21.390774,-81.824400,-282.000000,1.225352,8.008179
21.910774,-81.824400,-282.000000,1.250544,7.997908
22.430774,-81.824400,-282.000000,1.208966,7.929445
22.950774,-81.824400,-282.000000,1.215819,8.043469
23.470774,-81.824400,-282.000000,1.228074,7.941804
23.990774,-81.824400,-282.000000,1.236521,8.067441
24.510774,-81.824400,-282.000000,1.249690,7.974552
25.030774,-81.824400,-282.000000,1.218274,7.991421
25.550774,-81.824400,-282.000000,1.215594,7.926925
26.070774,-81.824400,-282.000000,1.225011,7.960037
26.590774,-81.824400,-282.000000,1.234674,8.002680
27.110774,-81.824400,-282.000000,1.198971,7.969035
27.630774,-81.824400,-282.000000,1.211850,7.932426
28.150774,-81.824400,-282.000000,1.264930,7.929264
28.670774,-81.824400,-282.000000,1.244055,7.984823
29.190774,-81.824400,-282.000000,1.206909,7.890588
29.710774,-81.824400,-282.000000,1.242876,7.968523
30.230774,-81.824400,-282.000000,1.293260,8.058537
30.750774,-81.824400,-282.000000,1.257570,7.932874
31.270774,-81.824400,-282.000000,1.216331,7.965637
31.790774,-81.824400,-282.000000,1.207298,7.966792
32.310774,-81.824400,-282.000000,1.226351,7.987452
32.830774,-81.824400,-282.000000,1.236791,7.973349
33.350774,-81.824400,-282.000000,1.199112,7.985744
33.870774,-81.824400,-282.000000,1.195431,7.943339
34.390774,-81.824400,-282.000000,1.189219,8.005597
34.910774,-81.824400,-282.000000,1.228118,8.054668
35.430774,-81.824400,-282.000000,1.243289,7.958622
35.950774,-81.824400,-282.000000,1.218156,7.961243
36.470774,-81.824400,-282.000000,1.196811,7.972629
36.990774,-81.824400,-282.000000,1.217092,7.901211
37.510774,-81.824400,-282.000000,1.254272,8.007086
38.030774,-81.824400,-282.000000,1.218338,7.959274
38.550774,-81.824400,-282.000000,1.191276,7.962052
39.070774,-81.824400,-282.000000,1.316134,7.982251
39.590774,-81.824400,-282.000000,1.249676,7.914463
40.110774,-81.824400,-282.000000,1.236394,7.901330
40.630774,-81.824400,-282.000000,1.238559,7.970904
41.150774,-81.824400,-282.000000,1.196515,8.007860
41.670774,-81.824400,-282.000000,1.185666,7.995886
42.190774,-81.824400,-282.000000,1.218277,7.980683
42.710774,-81.824400,-282.000000,1.218613,7.944776
43.230774,-81.824400,-282.000000,1.194901,7.964319
43.750774,-81.824400,-282.000000,1.200900,8.056540
44.270774,-81.824400,-282.000000,1.272302,7.910896
44.790774,-81.824400,-282.000000,1.237226,7.947513
45.310774,-81.824400,-282.000000,1.262697,7.949574
45.830774,-81.824400,-282.000000,1.218263,7.882534
46.350774,-81.824400,-282.000000,1.259054,7.946968
46.870774,-81.824400,-282.000000,1.246758,8.001738
47.390774,-81.824400,-282.000000,1.192080,7.930560
47.910774,-81.824400,-282.000000,1.232568,7.995532
48.430774,-81.824400,-282.000000,1.209036,7.973019
48.950774,-81.824400,-282.000000,1.241572,8.005875
49.470774,-81.824400,-282.000000,1.282212,8.048859
49.990774,-81.824400,-282.000000,1.216419,7.939162
50.510774,-81.824400,-282.000000,1.223899,8.011252
51.030774,-81.824400,-282.000000,1.273598,8.038055
51.550774,-81.824400,-282.000000,1.205203,7.987426
52.070774,-81.824400,-282.000000,1.225958,7.972978
52.590774,-81.824400,-282.000000,1.265610,8.014313
53.110774,-81.824400,-282.000000,1.240619,7.934179
53.630774,-81.824400,-282.000000,1.221386,7.972642
54.150774,-81.824400,-282.000000,1.224400,8.029296
54.670774,-81.824400,-282.000000,1.241301,8.032150
55.190774,-81.824400,-282.000000,1.232840,7.928741
55.710774,-81.824400,-282.000000,1.257959,7.951933
56.230774,-81.824400,-282.000000,1.238291,7.985210
56.750774,-81.824400,-282.000000,1.278811,7.981319
57.270774,-81.824400,-282.000000,1.240359,7.981843
57.790774,-81.824400,-282.000000,1.220577,7.958609
13.590774,-82.344400,-281.000000,1.283433,7.879737
14.110774,-82.344400,-281.000000,1.248834,7.883485
14.630774,-82.344400,-281.000000,1.218089,7.936957
15.150774,-82.344400,-281.000000,1.236817,7.947556
15.670774,-82.344400,-281.000000,1.267819,7.914755
16.190774,-82.344400,-281.000000,1.234282,7.920768
16.710774,-82.344400,-281.000000,1.286093,7.910832
17.230774,-82.344400,-281.000000,1.197833,7.963926
17.750774,-82.344400,-281.000000,1.264301,8.006389
18.270774,-82.344400,-281.000000,1.254652,7.931626
18.790774,-82.344400,-281.000000,1.233642,7.919606
19.310774,-82.344400,-281.000000,1.240175,7.926320
19.830774,-82.344400,-281.000000,1.229287,8.037016
20.350774,-82.344400,-281.000000,1.209240,7.968053
20.870774,-82.344400,-281.000000,1.214448,8.028101
21.390774,-82.344400,-281.000000,1.243513,7.955194
21.910774,-82.344400,-281.000000,1.232864,7.960206
22.430774,-82.344400,-281.000000,1.208169,7.888547
22.950774,-82.344400,-281.000000,1.345972,7.932123
23.470774,-82.344400,-281.000000,1.287057,7.987953
23.990774,-82.344400,-281.000000,1.232889,7.934676
24.510774,-82.344400,-281.000000,1.233011,7.973772
25.030774,-82.344400,-281.000000,1.226066,7.894893
25.550774,-82.344400,-281.000000,1.209453,8.016027
26.070774,-82.344400,-281.000000,1.222329,8.071901
26.590774,-82.344400,-281.000000,1.255117,7.973989
27.110774,-82.344400,-281.000000,1.238547,7.990715
27.630774,-82.344400,-281.000000,1.215342,7.899265
28.150774,-82.344400,-281.000000,1.243944,8.024644
28.670774,-82.344400,-281.000000,1.235076,7.963828
29.190774,-82.344400,-281.000000,1.228330,7.975795
29.710774,-82.344400,-281.000000,1.309852,8.000847
30.230774,-82.344400,-281.000000,1.250185,7.976822
30.750774,-82.344400,-281.000000,1.216483,8.095610
31.270774,-82.344400,-281.000000,1.224650,7.942610
31.790774,-82.344400,-281.000000,1.220424,7.952355
32.310774,-82.344400,-281.000000,1.291571,8.034371
32.830774,-82.344400,-281.000000,1.236244,7.955207
33.350774,-82.344400,-281.000000,1.232891,8.021697
33.870774,-82.344400,-281.000000,1.219918,7.969370
34.390774,-82.344400,-281.000000,1.247631,8.029039
34.910774,-82.344400,-281.000000,1.207015,7.959800
35.430774,-82.344400,-281.000000,1.236764,7.942092
35.950774,-82.344400,-281.000000,1.231755,7.895351
36.470774,-82.344400,-281.000000,1.233565,7.946105
36.990774,-82.344400,-281.000000,1.262822,7.901464
37.510774,-82.344400,-281.000000,1.257883,7.985393
38.030774,-82.344400,-281.000000,1.252284,7.915922
38.550774,-82.344400,-281.000000,1.229587,7.994384
39.070774,-82.344400,-281.000000,1.240312,7.995604
39.590774,-82.344400,-281.000000,1.217016,7.939545
40.110774,-82.344400,-281.000000,1.230253,7.889993
40.630774,-82.344400,-281.000000,1.226197,7.979369
41.150774,-82.344400,-281.000000,1.307187,8.044306
41.670774,-82.344400,-281.000000,1.234691,7.966333
42.190774,-82.344400,-281.000000,1.288582,8.004405
42.710774,-82.344400,-281.000000,1.242022,7.939085
43.230774,-82.344400,-281.000000,1.253715,8.152846
43.750774,-82.344400,-281.000000,1.195418,7.981239
44.270774,-82.344400,-281.000000,1.204150,8.042449
44.790774,-82.344400,-281.000000,1.224226,7.907877
45.310774,-82.344400,-281.000000,1.260001,7.920948
45.830774,-82.344400,-281.000000,1.223049,7.973652
46.350774,-82.344400,-281.000000,1.213045,7.907840
46.870774,-82.344400,-281.000000,1.214220,7.976206
47.390774,-82.344400,-281.000000,1.209702,7.981062
47.910774,-82.344400,-281.000000,1.233139,7.963153
48.430774,-82.344400,-281.000000,1.191298,8.029757
48.950774,-82.344400,-281.000000,1.214346,7.974589
49.470774,-82.344400,-281.000000,1.235032,7.979495
49.990774,-82.344400,-281.000000,1.195395,7.942708
50.510774,-82.344400,-281.000000,1.209743,7.949209
51.030774,-82.344400,-281.000000,1.193554,7.979730
51.550774,-82.344400,-281.000000,1.201766,8.013613
52.070774,-82.344400,-281.000000,1.215951,7.987344
52.590774,-82.344400,-281.000000,1.205332,7.890697
53.110774,-82.344400,-281.000000,1.202658,7.924386
53.630774,-82.344400,-281.000000,1.231050,7.905071
54.150774,-82.344400,-281.000000,1.252275,8.025645
54.670774,-82.344400,-281.000000,1.238689,7.977709
55.190774,-82.344400,-281.000000,1.238448,7.994947
55.710774,-82.344400,-281.000000,1.270532,7.975323
56.230774,-82.344400,-281.000000,1.237403,8.044403
56.750774,-82.344400,-281.000000,1.242102,7.994866
57.270774,-82.344400,-281.000000,1.208289,7.985375
57.790774,-82.344400,-281.000000,1.243698,8.047200
58.310774,-82.344400,-281.000000,1.281334,7.957315
58.830774,-82.344400,-281.000000,1.192985,7.928485
13.070774,-81.824400,-281.000000,1.243030,7.875044
13.590774,-81.824400,-281.000000,1.258808,7.898434
14.110774,-81.824400,-281.000000,1.235793,7.890698
14.630774,-81.824400,-281.000000,1.247108,7.938322
15.150774,-81.824400,-281.000000,1.209644,7.895849
15.670774,-81.824400,-281.000000,1.296753,7.935295
16.190774,-81.824400,-281.000000,1.254635,7.954893
16.710774,-81.824400,-281.000000,1.247290,7.940295
17.230774,-81.824400,-281.000000,1.285735,7.983034
17.750774,-81.824400,-281.000000,1.287478,8.020176
18.270774,-81.824400,-281.000000,1.226180,7.937571
18.790774,-81.824400,-281.000000,1.250226,7.952121
19.310774,-81.824400,-281.000000,1.282277,7.923401
19.830774,-81.824400,-281.000000,1.249183,8.026255
20.350774,-81.824400,-281.000000,1.240632,7.972415
20.870774,-81.824400,-281.000000,1.226576,8.022951
21.390774,-81.824400,-281.000000,1.256137,7.943097
21.910774,-81.824400,-281.000000,1.226303,7.908819
22.430774,-81.824400,-281.000000,1.241860,7.905381
22.950774,-81.824400,-281.000000,1.263192,7.966908
23.470774,-81.824400,-281.000000,1.287053,7.981533
23.990774,-81.824400,-281.000000,1.282483,7.971761
24.510774,-81.824400,-281.000000,1.227487,7.995714
25.030774,-81.824400,-281.000000,1.206132,7.906710
25.550774,-81.824400,-281.000000,1.234969,7.982795
26.070774,-81.824400,-281.000000,1.226437,8.086035
26.590774,-81.824400,-281.000000,1.219762,7.977812
27.110774,-81.824400,-281.000000,1.187234,8.017911
27.630774,-81.824400,-281.000000,1.221129,7.902320
28.150774,-81.824400,-281.000000,1.284059,8.014847
28.670774,-81.824400,-281.000000,1.299017,7.943696
29.190774,-81.824400,-281.000000,1.227424,8.025893
29.710774,-81.824400,-281.000000,1.338565,7.987695
30.230774,-81.824400,-281.000000,1.327751,7.981566
30.750774,-81.824400,-281.000000,1.231873,8.120385
31.270774,-81.824400,-281.000000,1.245289,7.964155
31.790774,-81.824400,-281.000000,1.234535,7.936338
32.310774,-81.824400,-281.000000,1.243982,8.087382
32.830774,-81.824400,-281.000000,1.254514,7.966743
33.350774,-81.824400,-281.000000,1.230025,7.977828
33.870774,-81.824400,-281.000000,1.261118,8.157776
34.390774,-81.824400,-281.000000,1.323007,8.036445
34.910774,-81.824400,-281.000000,1.237616,8.004109
35.430774,-81.824400,-281.000000,1.252900,7.937463
35.950774,-81.824400,-281.000000,1.234613,7.894275
36.470774,-81.824400,-281.000000,1.259790,7.970438
36.990774,-81.824400,-281.000000,1.262566,7.898726
37.510774,-81.824400,-281.000000,1.264842,7.999092
38.030774,-81.824400,-281.000000,1.227853,7.935590
38.550774,-81.824400,-281.000000,1.242526,8.036365
39.070774,-81.824400,-281.000000,1.260113,8.046369
39.590774,-81.824400,-281.000000,1.225120,7.947312
40.110774,-81.824400,-281.000000,1.200121,7.893084
40.630774,-81.824400,-281.000000,1.247499,8.012755
41.150774,-81.824400,-281.000000,1.270515,8.005576
41.670774,-81.824400,-281.000000,1.228285,7.965172
42.190774,-81.824400,-281.000000,1.240242,7.997379
42.710774,-81.824400,-281.000000,1.235275,7.944690
43.230774,-81.824400,-281.000000,1.240535,8.041620
43.750774,-81.824400,-281.000000,1.253533,8.046475
44.270774,-81.824400,-281.000000,1.249561,8.067197
44.790774,-81.824400,-281.000000,1.226529,7.963227
45.310774,-81.824400,-281.000000,1.243719,7.935820
45.830774,-81.824400,-281.000000,1.273926,7.968369
46.350774,-81.824400,-281.000000,1.227615,7.913990
46.870774,-81.824400,-281.000000,1.215956,8.048286
47.390774,-81.824400,-281.000000,1.254862,7.994281
47.910774,-81.824400,-281.000000,1.302534,7.992664
48.430774,-81.824400,-281.000000,1.242594,8.047032
48.950774,-81.824400,-281.000000,1.249242,8.038424
49.470774,-81.824400,-281.000000,1.222415,8.052176
49.990774,-81.824400,-281.000000,1.180236,7.956744
50.510774,-81.824400,-281.000000,1.251171,8.017879
51.030774,-81.824400,-281.000000,1.229852,7.976007
51.550774,-81.824400,-281.000000,1.232146,8.058255
52.070774,-81.824400,-281.000000,1.265721,7.994762
52.590774,-81.824400,-281.000000,1.238248,7.892395
53.110774,-81.824400,-281.000000,1.256297,7.957544
53.630774,-81.824400,-281.000000,1.236189,7.928238
54.150774,-81.824400,-281.000000,1.230053,8.003028
54.670774,-81.824400,-281.000000,1.231754,7.983531
55.190774,-81.824400,-281.000000,1.211608,8.009336
55.710774,-81.824400,-281.000000,1.234587,7.942828
56.230774,-81.824400,-281.000000,1.240263,8.093861
56.750774,-81.824400,-281.000000,1.260795,8.035026
57.270774,-81.824400,-281.000000,1.252787,8.020505
57.790774,-81.824400,-281.000000,1.243696,8.074488
58.310774,-81.824400,-281.000000,1.322863,7.979699
58.830774,-81.824400,-281.000000,1.181693,7.941193
59.350774,-81.824400,-281.000000,1.212748,7.994815
58.310774,-81.304400,-281.000000,1.311952,7.985431
13.590774,-82.344400,-280.000000,1.249509,7.859701
14.110774,-82.344400,-280.000000,1.212942,7.881905
14.630774,-82.344400,-280.000000,1.258021,7.909900
15.150774,-82.344400,-280.000000,1.225495,7.954693
15.670774,-82.344400,-280.000000,1.214408,7.947530
16.190774,-82.344400,-280.000000,1.233930,7.996420
16.710774,-82.344400,-280.000000,1.233877,7.970991
17.230774,-82.344400,-280.000000,1.237615,7.888912
17.750774,-82.344400,-280.000000,1.256137,7.996130
18.270774,-82.344400,-280.000000,1.238082,8.003000
18.790774,-82.344400,-280.000000,1.223087,7.965893
19.310774,-82.344400,-280.000000,1.220724,7.909366
19.830774,-82.344400,-280.000000,1.245411,7.945862
20.350774,-82.344400,-280.000000,1.250766,8.019641
20.870774,-82.344400,-280.000000,1.265953,7.975235
21.390774,-82.344400,-280.000000,1.236373,7.968921
21.910774,-82.344400,-280.000000,1.274032,8.042536
22.430774,-82.344400,-280.000000,1.239777,8.010995
22.950774,-82.344400,-280.000000,1.240840,8.014766
23.470774,-82.344400,-280.000000,1.235816,8.006470
23.990774,-82.344400,-280.000000,1.248390,7.984780
24.510774,-82.344400,-280.000000,1.249354,7.930123
25.030774,-82.344400,-280.000000,1.266437,7.965703
25.550774,-82.344400,-280.000000,1.271473,8.116605
26.070774,-82.344400,-280.000000,1.230270,7.908154
26.590774,-82.344400,-280.000000,1.209831,7.938479
27.110774,-82.344400,-280.000000,1.247488,7.991670
27.630774,-82.344400,-280.000000,1.245199,7.918152
28.150774,-82.344400,-280.000000,1.203137,7.925783
28.670774,-82.344400,-280.000000,1.231956,8.028670
29.190774,-82.344400,-280.000000,1.252469,7.981938
29.710774,-82.344400,-280.000000,1.241034,7.946168
30.230774,-82.344400,-280.000000,1.251048,7.934308
30.750774,-82.344400,-280.000000,1.195430,7.923652
31.270774,-82.344400,-280.000000,1.238876,7.973984
31.790774,-82.344400,-280.000000,1.240215,8.056972
32.310774,-82.344400,-280.000000,1.233165,8.060802
32.830774,-82.344400,-280.000000,1.242611,7.980437
33.350774,-82.344400,-280.000000,1.252763,8.035932
33.870774,-82.344400,-280.000000,1.249782,8.007654
34.390774,-82.344400,-280.000000,1.251919,8.024246
34.910774,-82.344400,-280.000000,1.252832,7.965631
35.430774,-82.344400,-280.000000,1.265971,7.988140
35.950774,-82.344400,-280.000000,1.255213,7.954704
36.470774,-82.344400,-280.000000,1.234175,7.988373
36.990774,-82.344400,-280.000000,1.245386,7.992332
37.510774,-82.344400,-280.000000,1.200913,7.934802
38.030774,-82.344400,-280.000000,1.191305,7.879467
38.550774,-82.344400,-280.000000,1.253652,7.927700
39.070774,-82.344400,-280.000000,1.244122,7.939672
39.590774,-82.344400,-280.000000,1.238690,7.944032
40.110774,-82.344400,-280.000000,1.217396,7.970357
40.630774,-82.344400,-280.000000,1.230202,7.955118
41.150774,-82.344400,-280.000000,1.216470,7.943962
41.670774,-82.344400,-280.000000,1.231904,7.996158
42.190774,-82.344400,-280.000000,1.274611,8.016021
42.710774,-82.344400,-280.000000,1.277551,8.172753
43.230774,-82.344400,-280.000000,1.219307,7.952988
43.750774,-82.344400,-280.000000,1.241256,7.965437
44.270774,-82.344400,-280.000000,1.247498,8.069741
44.790774,-82.344400,-280.000000,1.267294,7.961856
45.310774,-82.344400,-280.000000,1.219130,7.931572
45.830774,-82.344400,-280.000000,1.261012,7.961860
46.350774,-82.344400,-280.000000,1.221562,7.974350
46.870774,-82.344400,-280.000000,1.236293,7.982366
47.390774,-82.344400,-280.000000,1.190755,7.965788
47.910774,-82.344400,-280.000000,1.188666,7.967451
48.430774,-82.344400,-280.000000,1.197801,7.921037
48.950774,-82.344400,-280.000000,1.252607,7.944507
49.470774,-82.344400,-280.000000,1.240409,7.998091
49.990774,-82.344400,-280.000000,1.221310,7.975239
50.510774,-82.344400,-280.000000,1.205761,7.933511
51.030774,-82.344400,-280.000000,1.269022,7.940703
51.550774,-82.344400,-280.000000,1.231386,7.980014
52.070774,-82.344400,-280.000000,1.315693,7.961315
52.590774,-82.344400,-280.000000,1.233635,7.944798
53.110774,-82.344400,-280.000000,1.236551,7.950832
53.630774,-82.344400,-280.000000,1.221749,8.062936
54.150774,-82.344400,-280.000000,1.217111,7.999998
54.670774,-82.344400,-280.000000,1.283075,7.982727
55.190774,-82.344400,-280.000000,1.202297,7.933220
55.710774,-82.344400,-280.000000,1.198623,7.982618
56.230774,-82.344400,-280.000000,1.241398,7.986558
56.750774,-82.344400,-280.000000,1.271330,7.986105
57.270774,-82.344400,-280.000000,1.230872,7.955332
57.790774,-82.344400,-280.000000,1.220569,8.028641
58.310774,-82.344400,-280.000000,1.249421,7.981236
58.830774,-82.344400,-280.000000,1.292655,8.035302
59.350774,-82.344400,-280.000000,1.254030,8.029770
59.870774,-82.344400,-280.000000,1.335103,8.018693
60.390774,-82.344400,-280.000000,1.278114,8.015201
60.910774,-82.344400,-280.000000,1.248426,8.016118
13.070774,-81.824400,-280.000000,1.258594,7.891352
13.590774,-81.824400,-280.000000,1.227286,7.895024
14.110774,-81.824400,-280.000000,1.256652,7.915109
14.630774,-81.824400,-280.000000,1.258201,7.911868
15.150774,-81.824400,-280.000000,1.304593,7.991532
15.670774,-81.824400,-280.000000,1.262157,7.976853
16.190774,-81.824400,-280.000000,1.248767,8.026877
16.710774,-81.824400,-280.000000,1.293329,7.970611
17.230774,-81.824400,-280.000000,1.280252,7.914732
17.750774,-81.824400,-280.000000,1.251260,8.001477
18.270774,-81.824400,-280.000000,1.249814,8.017983
18.790774,-81.824400,-280.000000,1.206179,7.973367
19.310774,-81.824400,-280.000000,1.253231,7.892476
19.830774,-81.824400,-280.000000,1.268841,7.955122
20.350774,-81.824400,-280.000000,1.215716,8.006607
20.870774,-81.824400,-280.000000,1.227726,7.986485
21.390774,-81.824400,-280.000000,1.299012,7.949792
21.910774,-81.824400,-280.000000,1.278534,8.017742
22.430774,-81.824400,-280.000000,1.259488,8.020746
22.950774,-81.824400,-280.000000,1.258973,8.031201
23.470774,-81.824400,-280.000000,1.251058,8.034950
23.990774,-81.824400,-280.000000,1.204114,8.044326
24.510774,-81.824400,-280.000000,1.259126,7.955678
25.030774,-81.824400,-280.000000,1.261002,7.961767
25.550774,-81.824400,-280.000000,1.233047,8.077490
26.070774,-81.824400,-280.000000,1.203714,7.897820
26.590774,-81.824400,-280.000000,1.194065,7.944460
27.110774,-81.824400,-280.000000,1.225437,7.946860
27.630774,-81.824400,-280.000000,1.230190,7.929357
28.150774,-81.824400,-280.000000,1.236390,7.953535
28.670774,-81.824400,-280.000000,1.222718,8.030581
29.190774,-81.824400,-280.000000,1.232524,8.031505
29.710774,-81.824400,-280.000000,1.287229,7.963952
30.230774,-81.824400,-280.000000,1.244152,7.941592
30.750774,-81.824400,-280.000000,1.257937,8.008464
31.270774,-81.824400,-280.000000,1.222008,8.000856
31.790774,-81.824400,-280.000000,1.244155,8.050473
32.310774,-81.824400,-280.000000,1.223369,8.073551
32.830774,-81.824400,-280.000000,1.198712,7.981062
33.350774,-81.824400,-280.000000,1.252932,7.986651
33.870774,-81.824400,-280.000000,1.255054,8.029724
34.390774,-81.824400,-280.000000,1.231795,8.048788
34.910774,-81.824400,-280.000000,1.227603,7.950231
35.430774,-81.824400,-280.000000,1.280988,8.008676
35.950774,-81.824400,-280.000000,1.285498,7.997343
36.470774,-81.824400,-280.000000,1.240148,7.984694
36.990774,-81.824400,-280.000000,1.226210,7.995338
37.510774,-81.824400,-280.000000,1.234844,7.989126
38.030774,-81.824400,-280.000000,1.192496,7.930906
38.550774,-81.824400,-280.000000,1.246215,7.948199
39.070774,-81.824400,-280.000000,1.275509,7.954011
39.590774,-81.824400,-280.000000,1.235245,7.982877
40.110774,-81.824400,-280.000000,1.217363,7.978207
40.630774,-81.824400,-280.000000,1.244627,7.948803
41.150774,-81.824400,-280.000000,1.256192,7.963032
41.670774,-81.824400,-280.000000,1.258775,8.029694
42.190774,-81.824400,-280.000000,1.210531,7.976192
42.710774,-81.824400,-280.000000,1.270667,8.049398
43.230774,-81.824400,-280.000000,1.206817,7.997149
43.750774,-81.824400,-280.000000,1.242416,7.994773
44.270774,-81.824400,-280.000000,1.243097,8.167962
44.790774,-81.824400,-280.000000,1.227514,7.959767
45.310774,-81.824400,-280.000000,1.228448,7.921324
45.830774,-81.824400,-280.000000,1.279859,7.944552
46.350774,-81.824400,-280.000000,1.226350,7.963239
46.870774,-81.824400,-280.000000,1.218661,7.983491
47.390774,-81.824400,-280.000000,1.206347,7.969074
47.910774,-81.824400,-280.000000,1.203967,7.968168
48.430774,-81.824400,-280.000000,1.262866,7.947984
48.950774,-81.824400,-280.000000,1.259124,7.952247
49.470774,-81.824400,-280.000000,1.262561,7.960240
49.990774,-81.824400,-280.000000,1.222786,7.963896
50.510774,-81.824400,-280.000000,1.223068,7.923763
51.030774,-81.824400,-280.000000,1.276873,7.966534
51.550774,-81.824400,-280.000000,1.251885,8.017660
52.070774,-81.824400,-280.000000,1.259838,7.988005
52.590774,-81.824400,-280.000000,1.332327,7.955998
53.110774,-81.824400,-280.000000,1.263112,7.950964
53.630774,-81.824400,-280.000000,1.216690,8.082377
54.150774,-81.824400,-280.000000,1.236581,8.048028
54.670774,-81.824400,-280.000000,1.244961,8.028339
55.190774,-81.824400,-280.000000,1.229670,7.938653
55.710774,-81.824400,-280.000000,1.210295,8.048492
56.230774,-81.824400,-280.000000,1.236044,7.971765
56.750774,-81.824400,-280.000000,1.247525,8.031173
57.270774,-81.824400,-280.000000,1.250150,7.974798
57.790774,-81.824400,-280.000000,1.275789,8.026958
58.310774,-81.824400,-280.000000,1.236814,8.003691
58.830774,-81.824400,-280.000000,1.220349,8.072366
59.350774,-81.824400,-280.000000,1.260820,8.070847
59.870774,-81.824400,-280.000000,1.243985,8.000327
60.390774,-81.824400,-280.000000,1.276079,8.056293
60.910774,-81.824400,-280.000000,1.244901,8.019320
61.430774,-81.824400,-280.000000,1.287135,8.025468
60.910774,-81.304400,-280.000000,1.225105,8.009882
13.590774,-82.344400,-279.000000,1.264605,7.898643
14.110774,-82.344400,-279.000000,1.229107,7.910259
14.630774,-82.344400,-279.000000,1.244202,7.954689
15.150774,-82.344400,-279.000000,1.208052,7.900391
15.670774,-82.344400,-279.000000,1.184117,7.899526
16.190774,-82.344400,-279.000000,1.219015,7.998160
16.710774,-82.344400,-279.000000,1.239096,8.025908
17.230774,-82.344400,-279.000000,1.261688,7.917495
17.750774,-82.344400,-279.000000,1.233059,7.930499
18.270774,-82.344400,-279.000000,1.219621,7.972294
18.790774,-82.344400,-279.000000,1.212880,7.985044
19.310774,-82.344400,-279.000000,1.274808,7.952620
19.830774,-82.344400,-279.000000,1.238887,7.958020
20.350774,-82.344400,-279.000000,1.219728,7.943033
20.870774,-82.344400,-279.000000,1.255360,8.046763
21.390774,-82.344400,-279.000000,1.232111,7.949824
21.910774,-82.344400,-279.000000,1.223983,7.964397
22.430774,-82.344400,-279.000000,1.213924,7.894319
22.950774,-82.344400,-279.000000,1.211431,7.946465
23.470774,-82.344400,-279.000000,1.187249,7.980120
23.990774,-82.344400,-279.000000,1.203421,7.979369
24.510774,-82.344400,-279.000000,1.231598,8.023398
25.030774,-82.344400,-279.000000,1.272254,8.033614
25.550774,-82.344400,-279.000000,1.262864,7.989984
26.070774,-82.344400,-279.000000,1.247482,7.951807
26.590774,-82.344400,-279.000000,1.252061,8.135083
27.110774,-82.344400,-279.000000,1.252699,7.960136
27.630774,-82.344400,-279.000000,1.245051,8.002291
28.150774,-82.344400,-279.000000,1.273225,7.908287
28.670774,-82.344400,-279.000000,1.252027,7.999190
29.190774,-82.344400,-279.000000,1.238512,7.929463
29.710774,-82.344400,-279.000000,1.213960,7.945817
30.230774,-82.344400,-279.000000,1.265743,8.042089
30.750774,-82.344400,-279.000000,1.286271,8.016494
31.270774,-82.344400,-279.000000,1.280425,7.999561
31.790774,-82.344400,-279.000000,1.230788,7.949936
32.310774,-82.344400,-279.000000,1.278259,7.996547
32.830774,-82.344400,-279.000000,1.242983,8.062399
33.350774,-82.344400,-279.000000,1.282399,8.005256
33.870774,-82.344400,-279.000000,1.214063,8.025822
34.390774,-82.344400,-279.000000,1.228129,7.968067
34.910774,-82.344400,-279.000000,1.208280,8.075839
35.430774,-82.344400,-279.000000,1.287840,7.982602
35.950774,-82.344400,-279.000000,1.251692,7.966388
36.470774,-82.344400,-279.000000,1.310167,7.936641
36.990774,-82.344400,-279.000000,1.253843,8.026858
37.510774,-82.344400,-279.000000,1.219216,8.010916
38.030774,-82.344400,-279.000000,1.239790,7.951887
38.550774,-82.344400,-279.000000,1.250674,8.103851
39.070774,-82.344400,-279.000000,1.244226,7.917226
39.590774,-82.344400,-279.000000,1.284078,8.052794
40.110774,-82.344400,-279.000000,1.262480,7.968241
40.630774,-82.344400,-279.000000,1.240577,7.959364
41.150774,-82.344400,-279.000000,1.204367,7.940915
41.670774,-82.344400,-279.000000,1.207947,8.000197
42.190774,-82.344400,-279.000000,1.263264,7.983805
42.710774,-82.344400,-279.000000,1.249687,7.943887
43.230774,-82.344400,-279.000000,1.305912,8.081244
43.750774,-82.344400,-279.000000,1.339543,7.967836
44.270774,-82.344400,-279.000000,1.206308,7.940461
44.790774,-82.344400,-279.000000,1.276742,8.040304
45.310774,-82.344400,-279.000000,1.248070,7.996446
45.830774,-82.344400,-279.000000,1.213402,7.974361
46.350774,-82.344400,-279.000000,1.237074,8.011664
46.870774,-82.344400,-279.000000,1.280719,7.935436
47.390774,-82.344400,-279.000000,1.224997,8.063142
47.910774,-82.344400,-279.000000,1.233120,7.896398
48.430774,-82.344400,-279.000000,1.252327,8.041291
48.950774,-82.344400,-279.000000,1.302113,8.001521
49.470774,-82.344400,-279.000000,1.277895,7.951413
49.990774,-82.344400,-279.000000,1.263572,7.929599
50.510774,-82.344400,-279.000000,1.242416,7.966142
51.030774,-82.344400,-279.000000,1.219245,8.000292
51.550774,-82.344400,-279.000000,1.260646,7.959767
52.070774,-82.344400,-279.000000,1.223856,7.992159
52.590774,-82.344400,-279.000000,1.256473,7.966301
53.110774,-82.344400,-279.000000,1.257034,7.977985
53.630774,-82.344400,-279.000000,1.250052,7.984479
54.150774,-82.344400,-279.000000,1.248718,7.994101
54.670774,-82.344400,-279.000000,1.279586,7.968700
55.190774,-82.344400,-279.000000,1.260790,8.013514
55.710774,-82.344400,-279.000000,1.244495,8.047262
56.230774,-82.344400,-279.000000,1.249601,7.988350
56.750774,-82.344400,-279.000000,1.227546,7.922960
57.270774,-82.344400,-279.000000,1.252849,7.948118
57.790774,-82.344400,-279.000000,1.275688,7.939582
58.310774,-82.344400,-279.000000,1.291647,8.047487
58.830774,-82.344400,-279.000000,1.276512,8.070177
59.350774,-82.344400,-279.000000,1.256865,7.964358
59.870774,-82.344400,-279.000000,1.273184,8.017696
60.390774,-82.344400,-279.000000,1.273644,7.989851
60.910774,-82.344400,-279.000000,1.246270,7.933842
61.430774,-82.344400,-279.000000,1.269510,7.984659
61.950774,-82.344400,-279.000000,1.211235,7.915820
62.470774,-82.344400,-279.000000,1.244152,7.956163
13.070774,-81.824400,-279.000000,1.230794,7.861011
13.590774,-81.824400,-279.000000,1.226869,7.948836
14.110774,-81.824400,-279.000000,1.250236,7.945859
14.630774,-81.824400,-279.000000,1.261471,7.993596
15.150774,-81.824400,-279.000000,1.228549,7.943266
15.670774,-81.824400,-279.000000,1.232982,7.925668
16.190774,-81.824400,-279.000000,1.214159,8.013432
16.710774,-81.824400,-279.000000,1.258887,8.017109
17.230774,-81.824400,-279.000000,1.222787,7.925951
17.750774,-81.824400,-279.000000,1.275483,7.986664
18.270774,-81.824400,-279.000000,1.265363,7.979801
18.790774,-81.824400,-279.000000,1.207603,8.035304
19.310774,-81.824400,-279.000000,1.230364,7.946588
19.830774,-81.824400,-279.000000,1.247592,8.023038
20.350774,-81.824400,-279.000000,1.224907,7.967431
20.870774,-81.824400,-279.000000,1.282598,7.977404
21.390774,-81.824400,-279.000000,1.222847,7.961699
21.910774,-81.824400,-279.000000,1.239162,7.943896
22.430774,-81.824400,-279.000000,1.199985,7.896973
22.950774,-81.824400,-279.000000,1.240921,7.973194
23.470774,-81.824400,-279.000000,1.241676,7.981836
23.990774,-81.824400,-279.000000,1.247616,8.032454
24.510774,-81.824400,-279.000000,1.227017,8.037022
25.030774,-81.824400,-279.000000,1.255727,8.039291
25.550774,-81.824400,-279.000000,1.201902,7.978081
26.070774,-81.824400,-279.000000,1.255626,7.999760
26.590774,-81.824400,-279.000000,1.227665,8.128510
27.110774,-81.824400,-279.000000,1.214917,7.993373
27.630774,-81.824400,-279.000000,1.261267,7.999986
28.150774,-81.824400,-279.000000,1.259585,7.930578
28.670774,-81.824400,-279.000000,1.294878,7.991422
29.190774,-81.824400,-279.000000,1.292678,7.978435
29.710774,-81.824400,-279.000000,1.245479,7.991107
30.230774,-81.824400,-279.000000,1.238335,7.977753
30.750774,-81.824400,-279.000000,1.304039,8.040915
31.270774,-81.824400,-279.000000,1.254602,8.049573
31.790774,-81.824400,-279.000000,1.263549,7.990671
32.310774,-81.824400,-279.000000,1.271056,7.957060
32.830774,-81.824400,-279.000000,1.248202,8.088552
33.350774,-81.824400,-279.000000,1.231431,8.017760
33.870774,-81.824400,-279.000000,1.218799,8.012631
34.390774,-81.824400,-279.000000,1.239465,8.004806
34.910774,-81.824400,-279.000000,1.234780,8.074191
35.430774,-81.824400,-279.000000,1.287136,8.002731
35.950774,-81.824400,-279.000000,1.218027,7.945890
36.470774,-81.824400,-279.000000,1.246411,7.938671
36.990774,-81.824400,-279.000000,1.270456,8.000100
37.510774,-81.824400,-279.000000,1.243752,8.050695
38.030774,-81.824400,-279.000000,1.226421,7.978717
38.550774,-81.824400,-279.000000,1.237430,8.040171
39.070774,-81.824400,-279.000000,1.271603,7.926359
39.590774,-81.824400,-279.000000,1.251493,8.046560
40.110774,-81.824400,-279.000000,1.239643,7.994267
40.630774,-81.824400,-279.000000,1.282653,7.964672
41.150774,-81.824400,-279.000000,1.297289,7.976057
41.670774,-81.824400,-279.000000,1.239724,7.987102
42.190774,-81.824400,-279.000000,1.209270,7.967869
42.710774,-81.824400,-279.000000,1.272113,7.915854
43.230774,-81.824400,-279.000000,1.300213,8.094976
43.750774,-81.824400,-279.000000,1.248717,7.985811
44.270774,-81.824400,-279.000000,1.253141,7.982184
44.790774,-81.824400,-279.000000,1.289643,8.028542
45.310774,-81.824400,-279.000000,1.228099,8.013050
45.830774,-81.824400,-279.000000,1.238385,8.032827
46.350774,-81.824400,-279.000000,1.261246,7.983959
46.870774,-81.824400,-279.000000,1.227019,7.944260
47.390774,-81.824400,-279.000000,1.295470,8.074575
47.910774,-81.824400,-279.000000,1.229920,8.023892
48.430774,-81.824400,-279.000000,1.209165,7.998633
48.950774,-81.824400,-279.000000,1.271645,7.966811
49.470774,-81.824400,-279.000000,1.254347,7.976523
49.990774,-81.824400,-279.000000,1.256256,7.958600
50.510774,-81.824400,-279.000000,1.248056,7.992231
51.030774,-81.824400,-279.000000,1.271959,8.030742
51.550774,-81.824400,-279.000000,1.250719,8.015117
52.070774,-81.824400,-279.000000,1.273244,7.991285
52.590774,-81.824400,-279.000000,1.224483,7.974800
53.110774,-81.824400,-279.000000,1.235057,7.993263
53.630774,-81.824400,-279.000000,1.293911,7.974343
54.150774,-81.824400,-279.000000,1.213941,8.024222
54.670774,-81.824400,-279.000000,1.223498,7.984173
55.190774,-81.824400,-279.000000,1.253666,8.026683
55.710774,-81.824400,-279.000000,1.256891,8.037499
56.230774,-81.824400,-279.000000,1.220709,7.995387
56.750774,-81.824400,-279.000000,1.246927,7.933486
57.270774,-81.824400,-279.000000,1.204432,7.976634
57.790774,-81.824400,-279.000000,1.257692,7.933069
58.310774,-81.824400,-279.000000,1.253194,8.016565
58.830774,-81.824400,-279.000000,1.246444,8.003373
59.350774,-81.824400,-279.000000,1.222243,7.958123
59.870774,-81.824400,-279.000000,1.286420,8.116413
60.390774,-81.824400,-279.000000,1.285361,7.992008
60.910774,-81.824400,-279.000000,1.232048,7.965910
61.430774,-81.824400,-279.000000,1.336400,7.981516
61.950774,-81.824400,-279.000000,1.260818,7.920268
62.470774,-81.824400,-279.000000,1.261586,7.978860
62.990774,-81.824400,-279.000000,1.260328,8.093904
61.430774,-81.304400,-279.000000,1.323110,8.028646
13.590774,-82.344400,-278.000000,1.230047,7.842472
14.110774,-82.344400,-278.000000,1.224006,7.889046
14.630774,-82.344400,-278.000000,1.265102,8.017896
15.150774,-82.344400,-278.000000,1.231390,7.970861
15.670774,-82.344400,-278.000000,1.251320,8.012628
16.190774,-82.344400,-278.000000,1.224876,7.988986
16.710774,-82.344400,-278.000000,1.266931,7.957470
17.230774,-82.344400,-278.000000,1.274722,8.004433
17.750774,-82.344400,-278.000000,1.292537,8.019306
18.270774,-82.344400,-278.000000,1.216295,7.965425
18.790774,-82.344400,-278.000000,1.227929,7.983059
19.310774,-82.344400,-278.000000,1.277494,8.061071
19.830774,-82.344400,-278.000000,1.235902,7.957147
20.350774,-82.344400,-278.000000,1.240514,8.049129
20.870774,-82.344400,-278.000000,1.282301,7.871155
21.390774,-82.344400,-278.000000,1.331650,7.942266
21.910774,-82.344400,-278.000000,1.211946,7.916483
22.430774,-82.344400,-278.000000,1.207211,7.912708
22.950774,-82.344400,-278.000000,1.254845,7.930337
23.470774,-82.344400,-278.000000,1.305892,8.022353
23.990774,-82.344400,-278.000000,1.277008,7.991536
24.510774,-82.344400,-278.000000,1.234858,7.996453
25.030774,-82.344400,-278.000000,1.236496,7.945998
25.550774,-82.344400,-278.000000,1.291288,7.973216
26.070774,-82.344400,-278.000000,1.326391,7.947410
26.590774,-82.344400,-278.000000,1.255999,7.973518
27.110774,-82.344400,-278.000000,1.238319,7.971064
27.630774,-82.344400,-278.000000,1.261586,7.992242
28.150774,-82.344400,-278.000000,1.240645,7.996346
28.670774,-82.344400,-278.000000,1.204567,7.953383
29.190774,-82.344400,-278.000000,1.227909,8.024529
29.710774,-82.344400,-278.000000,1.300823,7.984879
30.230774,-82.344400,-278.000000,1.274142,8.007298
30.750774,-82.344400,-278.000000,1.227876,7.952201
31.270774,-82.344400,-278.000000,1.245503,7.965095
31.790774,-82.344400,-278.000000,1.270138,8.087491
32.310774,-82.344400,-278.000000,1.268537,8.018426
32.830774,-82.344400,-278.000000,1.237228,7.937929
33.350774,-82.344400,-278.000000,1.219232,7.998323
33.870774,-82.344400,-278.000000,1.247098,8.015797
34.390774,-82.344400,-278.000000,1.232988,8.114599
34.910774,-82.344400,-278.000000,1.269642,7.991136
35.430774,-82.344400,-278.000000,1.283275,8.032935
35.950774,-82.344400,-278.000000,1.287461,7.976075
36.470774,-82.344400,-278.000000,1.233136,8.044077
36.990774,-82.344400,-278.000000,1.240767,7.988325
37.510774,-82.344400,-278.000000,1.265390,7.965484
38.030774,-82.344400,-278.000000,1.218156,7.902421
38.550774,-82.344400,-278.000000,1.305677,7.951455
39.070774,-82.344400,-278.000000,1.229474,8.000012
39.590774,-82.344400,-278.000000,1.243459,7.947719
40.110774,-82.344400,-278.000000,1.260087,7.912032
40.630774,-82.344400,-278.000000,1.213741,7.952634
41.150774,-82.344400,-278.000000,1.297021,7.986735
41.670774,-82.344400,-278.000000,1.279629,8.107999
42.190774,-82.344400,-278.000000,1.313633,8.017613
42.710774,-82.344400,-278.000000,1.251005,8.024939
43.230774,-82.344400,-278.000000,1.241752,7.942094
43.750774,-82.344400,-278.000000,1.247646,8.032524
44.270774,-82.344400,-278.000000,1.248469,8.002694
44.790774,-82.344400,-278.000000,1.266208,8.009793
45.310774,-82.344400,-278.000000,1.231631,8.020288
45.830774,-82.344400,-278.000000,1.274338,7.979785
46.350774,-82.344400,-278.000000,1.279200,7.991495
46.870774,-82.344400,-278.000000,1.248881,8.017379
47.390774,-82.344400,-278.000000,1.236099,8.086916
47.910774,-82.344400,-278.000000,1.282490,8.010593
48.430774,-82.344400,-278.000000,1.275646,8.044745
48.950774,-82.344400,-278.000000,1.218093,8.021002
49.470774,-82.344400,-278.000000,1.262568,7.925632
49.990774,-82.344400,-278.000000,1.285967,8.063313
50.510774,-82.344400,-278.000000,1.264512,8.026859
51.030774,-82.344400,-278.000000,1.276269,8.022988
51.550774,-82.344400,-278.000000,1.273371,7.990738
52.070774,-82.344400,-278.000000,1.266851,8.010119
52.590774,-82.344400,-278.000000,1.267373,7.971884
53.110774,-82.344400,-278.000000,1.229613,7.910670
53.630774,-82.344400,-278.000000,1.266842,8.026026
54.150774,-82.344400,-278.000000,1.273522,8.010652
54.670774,-82.344400,-278.000000,1.292718,8.039241
55.190774,-82.344400,-278.000000,1.267593,7.995879
55.710774,-82.344400,-278.000000,1.279613,7.927227
56.230774,-82.344400,-278.000000,1.256951,8.018846
56.750774,-82.344400,-278.000000,1.263907,7.989404
57.270774,-82.344400,-278.000000,1.327344,7.952627
57.790774,-82.344400,-278.000000,1.281166,8.010444
58.310774,-82.344400,-278.000000,1.266783,8.040298
58.830774,-82.344400,-278.000000,1.272114,7.939792
59.350774,-82.344400,-278.000000,1.247751,7.974237
59.870774,-82.344400,-278.000000,1.229962,7.912931
60.390774,-82.344400,-278.000000,1.273201,8.065401
60.910774,-82.344400,-278.000000,1.244337,8.038459
61.430774,-82.344400,-278.000000,1.303716,8.151565
61.950774,-82.344400,-278.000000,1.320727,8.031981
62.470774,-82.344400,-278.000000,1.277605,7.947072
62.990774,-82.344400,-278.000000,1.213828,7.963728
63.510774,-82.344400,-278.000000,1.244955,7.950209
64.030774,-82.344400,-278.000000,1.227566,8.098109
13.070774,-81.824400,-278.000000,1.222178,7.913583
13.590774,-81.824400,-278.000000,1.285835,7.869083
14.110774,-81.824400,-278.000000,1.290843,7.929219
14.630774,-81.824400,-278.000000,1.240168,7.995180
15.150774,-81.824400,-278.000000,1.238062,7.978941
15.670774,-81.824400,-278.000000,1.245208,8.016108
16.190774,-81.824400,-278.000000,1.241264,8.051734
16.710774,-81.824400,-278.000000,1.239571,7.953005
17.230774,-81.824400,-278.000000,1.247302,7.990708
17.750774,-81.824400,-278.000000,1.210299,7.982026
18.270774,-81.824400,-278.000000,1.249207,8.008237
18.790774,-81.824400,-278.000000,1.254417,7.959512
19.310774,-81.824400,-278.000000,1.293019,8.135810
19.830774,-81.824400,-278.000000,1.287456,8.007974
20.350774,-81.824400,-278.000000,1.263788,8.037186
20.870774,-81.824400,-278.000000,1.297820,7.884943
21.390774,-81.824400,-278.000000,1.262058,8.022345
21.910774,-81.824400,-278.000000,1.214589,7.977895
22.430774,-81.824400,-278.000000,1.213451,7.923236
22.950774,-81.824400,-278.000000,1.253094,7.986204
23.470774,-81.824400,-278.000000,1.256033,8.027291
23.990774,-81.824400,-278.000000,1.240157,7.988461
24.510774,-81.824400,-278.000000,1.287589,8.014381
25.030774,-81.824400,-278.000000,1.284911,7.995020
25.550774,-81.824400,-278.000000,1.240306,7.952968
26.070774,-81.824400,-278.000000,1.292241,7.953800
26.590774,-81.824400,-278.000000,1.255968,8.001204
27.110774,-81.824400,-278.000000,1.266750,8.041468
27.630774,-81.824400,-278.000000,1.234324,7.972791
28.150774,-81.824400,-278.000000,1.279906,7.975935
28.670774,-81.824400,-278.000000,1.236291,8.001396
29.190774,-81.824400,-278.000000,1.250385,8.029083
29.710774,-81.824400,-278.000000,1.295692,8.012300
30.230774,-81.824400,-278.000000,1.290080,8.080725
30.750774,-81.824400,-278.000000,1.237501,7.983225
31.270774,-81.824400,-278.000000,1.294791,7.966475
31.790774,-81.824400,-278.000000,1.277436,8.096171
32.310774,-81.824400,-278.000000,1.227583,7.974953
32.830774,-81.824400,-278.000000,1.261682,7.961553
33.350774,-81.824400,-278.000000,1.241071,8.019273
33.870774,-81.824400,-278.000000,1.237000,7.991567
34.390774,-81.824400,-278.000000,1.220308,8.059024
34.910774,-81.824400,-278.000000,1.253169,7.949147
35.430774,-81.824400,-278.000000,1.255885,7.991639
35.950774,-81.824400,-278.000000,1.295214,7.990242
36.470774,-81.824400,-278.000000,1.256379,8.086724
36.990774,-81.824400,-278.000000,1.259822,7.977832
37.510774,-81.824400,-278.000000,1.235498,7.958822
38.030774,-81.824400,-278.000000,1.228925,7.944120
38.550774,-81.824400,-278.000000,1.269938,7.965370
39.070774,-81.824400,-278.000000,1.189518,7.999139
39.590774,-81.824400,-278.000000,1.219366,7.960576
40.110774,-81.824400,-278.000000,1.209655,7.897291
40.630774,-81.824400,-278.000000,1.231288,7.967988
41.150774,-81.824400,-278.000000,1.227837,7.988762
41.670774,-81.824400,-278.000000,1.289618,8.072039
42.190774,-81.824400,-278.000000,1.271474,8.029311
42.710774,-81.824400,-278.000000,1.267305,8.080084
43.230774,-81.824400,-278.000000,1.270314,7.901118
43.750774,-81.824400,-278.000000,1.280404,8.045602
44.270774,-81.824400,-278.000000,1.281287,8.116035
44.790774,-81.824400,-278.000000,1.316552,7.930695
45.310774,-81.824400,-278.000000,1.231458,8.070251
45.830774,-81.824400,-278.000000,1.236932,7.943523
46.350774,-81.824400,-278.000000,1.265865,8.040284
46.870774,-81.824400,-278.000000,1.239506,7.963913
47.390774,-81.824400,-278.000000,1.264055,8.036413
47.910774,-81.824400,-278.000000,1.200441,8.009648
48.430774,-81.824400,-278.000000,1.273969,8.034607
48.950774,-81.824400,-278.000000,1.265284,8.053956
49.470774,-81.824400,-278.000000,1.255994,7.948531
49.990774,-81.824400,-278.000000,1.315082,8.113897
50.510774,-81.824400,-278.000000,1.302649,8.102634
51.030774,-81.824400,-278.000000,1.252381,7.983253
51.550774,-81.824400,-278.000000,1.280828,7.992407
52.070774,-81.824400,-278.000000,1.255320,8.018746
52.590774,-81.824400,-278.000000,1.252640,8.006219
53.110774,-81.824400,-278.000000,1.252275,7.909456
53.630774,-81.824400,-278.000000,1.289323,8.006299
54.150774,-81.824400,-278.000000,1.297780,8.007755
54.670774,-81.824400,-278.000000,1.233491,8.034404
55.190774,-81.824400,-278.000000,1.283179,7.961149
55.710774,-81.824400,-278.000000,1.276279,7.944101
56.230774,-81.824400,-278.000000,1.270825,8.056417
56.750774,-81.824400,-278.000000,1.247700,8.000980
57.270774,-81.824400,-278.000000,1.283263,7.949604
57.790774,-81.824400,-278.000000,1.306765,7.979489
58.310774,-81.824400,-278.000000,1.286609,7.990337
58.830774,-81.824400,-278.000000,1.306258,7.962155
59.350774,-81.824400,-278.000000,1.229517,8.010293
59.870774,-81.824400,-278.000000,1.244033,7.958113
60.390774,-81.824400,-278.000000,1.273883,8.055236
60.910774,-81.824400,-278.000000,1.271055,7.977695
61.430774,-81.824400,-278.000000,1.222194,7.991796
61.950774,-81.824400,-278.000000,1.277178,8.015830
62.470774,-81.824400,-278.000000,1.235008,7.949169
62.990774,-81.824400,-278.000000,1.253340,7.973169
63.510774,-81.824400,-278.000000,1.253210,7.961811
64.030774,-81.824400,-278.000000,1.221961,8.057067
64.550774,-81.824400,-278.000000,1.216298,8.006633
65.070774,-81.824400,-278.000000,1.257892,7.999575
63.510774,-81.304400,-278.000000,1.264455,7.963569
13.590774,-82.344400,-277.000000,1.252655,7.882782
14.110774,-82.344400,-277.000000,1.312054,7.900278
14.630774,-82.344400,-277.000000,1.220923,7.976114
15.150774,-82.344400,-277.000000,1.213115,8.022939
15.670774,-82.344400,-277.000000,1.215362,7.991262
16.190774,-82.344400,-277.000000,1.225279,7.976493
16.710774,-82.344400,-277.000000,1.255799,8.031150
17.230774,-82.344400,-277.000000,1.226518,7.973369
17.750774,-82.344400,-277.000000,1.254928,7.954185
18.270774,-82.344400,-277.000000,1.224748,7.973895
18.790774,-82.344400,-277.000000,1.263067,7.995959
19.310774,-82.344400,-277.000000,1.248039,7.909863
19.830774,-82.344400,-277.000000,1.203488,7.950097
20.350774,-82.344400,-277.000000,1.226588,7.974180
20.870774,-82.344400,-277.000000,1.229401,7.967194
21.390774,-82.344400,-277.000000,1.251125,7.987471
21.910774,-82.344400,-277.000000,1.257540,7.924814
22.430774,-82.344400,-277.000000,1.288206,7.976460
22.950774,-82.344400,-277.000000,1.229959,7.966904
23.470774,-82.344400,-277.000000,1.289722,7.980000
23.990774,-82.344400,-277.000000,1.264930,8.016158
24.510774,-82.344400,-277.000000,1.252128,7.995661
25.030774,-82.344400,-277.000000,1.279591,7.986700
25.550774,-82.344400,-277.000000,1.288139,8.020652
26.070774,-82.344400,-277.000000,1.243825,7.925805
26.590774,-82.344400,-277.000000,1.240093,7.995492
27.110774,-82.344400,-277.000000,1.225743,8.054491
27.630774,-82.344400,-277.000000,1.254660,7.951559
28.150774,-82.344400,-277.000000,1.230272,8.038892
28.670774,-82.344400,-277.000000,1.238832,8.012954
29.190774,-82.344400,-277.000000,1.303272,8.015628
29.710774,-82.344400,-277.000000,1.276604,7.988466
30.230774,-82.344400,-277.000000,1.276422,8.048867
30.750774,-82.344400,-277.000000,1.258453,8.038055
31.270774,-82.344400,-277.000000,1.254516,7.952319
31.790774,-82.344400,-277.000000,1.297593,8.016252
32.310774,-82.344400,-277.000000,1.242814,8.018774
32.830774,-82.344400,-277.000000,1.261673,7.997849
33.350774,-82.344400,-277.000000,1.283536,8.054555
33.870774,-82.344400,-277.000000,1.278009,8.015746
34.390774,-82.344400,-277.000000,1.267302,7.963829
34.910774,-82.344400,-277.000000,1.282153,7.934152
35.430774,-82.344400,-277.000000,1.284037,8.008161
35.950774,-82.344400,-277.000000,1.221333,7.955851
36.470774,-82.344400,-277.000000,1.224363,8.032889
36.990774,-82.344400,-277.000000,1.238319,7.990605
37.510774,-82.344400,-277.000000,1.333055,7.952876
38.030774,-82.344400,-277.000000,1.288720,8.038243
38.550774,-82.344400,-277.000000,1.246693,7.947768
39.070774,-82.344400,-277.000000,1.272900,7.953701
39.590774,-82.344400,-277.000000,1.282431,7.929379
40.110774,-82.344400,-277.000000,1.295400,7.958101
40.630774,-82.344400,-277.000000,1.244595,7.978782
41.150774,-82.344400,-277.000000,1.241639,8.000922
41.670774,-82.344400,-277.000000,1.243462,7.993405
42.190774,-82.344400,-277.000000,1.275690,7.994980
42.710774,-82.344400,-277.000000,1.217471,7.963007
43.230774,-82.344400,-277.000000,1.245968,7.961537
43.750774,-82.344400,-277.000000,1.276438,7.979967
44.270774,-82.344400,-277.000000,1.252065,8.034365
44.790774,-82.344400,-277.000000,1.251802,8.038371
45.310774,-82.344400,-277.000000,1.274976,8.038303
45.830774,-82.344400,-277.000000,1.310209,8.086821
46.350774,-82.344400,-277.000000,1.267405,8.006498
46.870774,-82.344400,-277.000000,1.248149,7.929308
47.390774,-82.344400,-277.000000,1.211381,7.982514
47.910774,-82.344400,-277.000000,1.226464,7.952417
48.430774,-82.344400,-277.000000,1.260531,8.020509
48.950774,-82.344400,-277.000000,1.227284,7.978403
49.470774,-82.344400,-277.000000,1.208345,7.961488
49.990774,-82.344400,-277.000000,1.266560,8.051247
50.510774,-82.344400,-277.000000,1.222753,7.981740
51.030774,-82.344400,-277.000000,1.243569,7.955932
51.550774,-82.344400,-277.000000,1.246267,7.946113
52.070774,-82.344400,-277.000000,1.313759,7.978624
52.590774,-82.344400,-277.000000,1.268101,7.998900
53.110774,-82.344400,-277.000000,1.251676,8.002127
53.630774,-82.344400,-277.000000,1.256154,7.973510
54.150774,-82.344400,-277.000000,1.334942,8.040112
54.670774,-82.344400,-277.000000,1.284523,8.113787
55.190774,-82.344400,-277.000000,1.263091,8.006821
55.710774,-82.344400,-277.000000,1.267555,8.094970
56.230774,-82.344400,-277.000000,1.274012,8.046173
56.750774,-82.344400,-277.000000,1.271038,7.972995
57.270774,-82.344400,-277.000000,1.279267,7.988945
57.790774,-82.344400,-277.000000,1.250219,8.028915
58.310774,-82.344400,-277.000000,1.273412,7.976679
58.830774,-82.344400,-277.000000,1.232798,7.996747
59.350774,-82.344400,-277.000000,1.237526,7.993840
59.870774,-82.344400,-277.000000,1.240332,8.042574
60.390774,-82.344400,-277.000000,1.250083,7.993966
60.910774,-82.344400,-277.000000,1.221747,7.981622
61.430774,-82.344400,-277.000000,1.254498,8.010373
61.950774,-82.344400,-277.000000,1.244483,7.964733
62.470774,-82.344400,-277.000000,1.279615,7.957366
62.990774,-82.344400,-277.000000,1.269836,7.979088
63.510774,-82.344400,-277.000000,1.297470,7.957993
64.030774,-82.344400,-277.000000,1.264820,7.989152
64.550774,-82.344400,-277.000000,1.252347,7.994608
65.070774,-82.344400,-277.000000,1.252951,7.963941
65.590774,-82.344400,-277.000000,1.252448,8.043813
66.110774,-82.344400,-277.000000,1.276896,8.028467
13.070774,-81.824400,-277.000000,1.265501,7.985006
13.590774,-81.824400,-277.000000,1.272362,7.919641
14.110774,-81.824400,-277.000000,1.286397,7.952406
14.630774,-81.824400,-277.000000,1.231733,8.001813
15.150774,-81.824400,-277.000000,1.201470,7.963780
15.670774,-81.824400,-277.000000,1.221287,7.978210
16.190774,-81.824400,-277.000000,1.289176,7.978545
16.710774,-81.824400,-277.000000,1.222108,8.007094
17.230774,-81.824400,-277.000000,1.241600,7.973147
17.750774,-81.824400,-277.000000,1.234229,7.951661
18.270774,-81.824400,-277.000000,1.295982,7.988916
18.790774,-81.824400,-277.000000,1.231082,8.050413
19.310774,-81.824400,-277.000000,1.209811,7.930225
19.830774,-81.824400,-277.000000,1.239113,8.028529
20.350774,-81.824400,-277.000000,1.269174,7.955398
20.870774,-81.824400,-277.000000,1.326537,8.018766
21.390774,-81.824400,-277.000000,1.269091,7.992373
21.910774,-81.824400,-277.000000,1.248059,7.925044
22.430774,-81.824400,-277.000000,1.240837,8.002630
22.950774,-81.824400,-277.000000,1.297902,8.013174
23.470774,-81.824400,-277.000000,1.271708,8.017903
23.990774,-81.824400,-277.000000,1.310710,8.037695
24.510774,-81.824400,-277.000000,1.279462,8.040730
25.030774,-81.824400,-277.000000,1.241310,7.997945
25.550774,-81.824400,-277.000000,1.288987,8.040509
26.070774,-81.824400,-277.000000,1.323277,7.970082
26.590774,-81.824400,-277.000000,1.294489,8.049430
27.110774,-81.824400,-277.000000,1.308612,7.992256
27.630774,-81.824400,-277.000000,1.293881,7.983335
28.150774,-81.824400,-277.000000,1.221055,8.025213
28.670774,-81.824400,-277.000000,1.237224,7.989269
29.190774,-81.824400,-277.000000,1.352963,8.028220
29.710774,-81.824400,-277.000000,1.252875,7.977510
30.230774,-81.824400,-277.000000,1.268252,8.049220
30.750774,-81.824400,-277.000000,1.235304,8.069930
31.270774,-81.824400,-277.000000,1.210101,7.979482
31.790774,-81.824400,-277.000000,1.276482,8.025960
32.310774,-81.824400,-277.000000,1.244671,8.058547
32.830774,-81.824400,-277.000000,1.293536,8.027300
33.350774,-81.824400,-277.000000,1.243297,8.098330
33.870774,-81.824400,-277.000000,1.292344,8.035770
34.390774,-81.824400,-277.000000,1.274181,7.953743
34.910774,-81.824400,-277.000000,1.251860,7.942632
35.430774,-81.824400,-277.000000,1.300705,8.049886
35.950774,-81.824400,-277.000000,1.223306,7.952576
36.470774,-81.824400,-277.000000,1.218606,8.032315
36.990774,-81.824400,-277.000000,1.232961,8.021525
37.510774,-81.824400,-277.000000,1.360196,7.998857
38.030774,-81.824400,-277.000000,1.279466,8.017092
38.550774,-81.824400,-277.000000,1.314049,7.947138
39.070774,-81.824400,-277.000000,1.276005,7.954625
39.590774,-81.824400,-277.000000,1.279625,7.961561
40.110774,-81.824400,-277.000000,1.302998,7.980753
40.630774,-81.824400,-277.000000,1.240031,7.933949
41.150774,-81.824400,-277.000000,1.245632,8.040131
41.670774,-81.824400,-277.000000,1.254412,8.014804
42.190774,-81.824400,-277.000000,1.226663,7.974090
42.710774,-81.824400,-277.000000,1.255623,7.989844
43.230774,-81.824400,-277.000000,1.247594,8.016064
43.750774,-81.824400,-277.000000,1.311202,8.021776
44.270774,-81.824400,-277.000000,1.298191,8.006190
44.790774,-81.824400,-277.000000,1.240645,8.064139
45.310774,-81.824400,-277.000000,1.233081,8.029575
45.830774,-81.824400,-277.000000,1.286319,8.080754
46.350774,-81.824400,-277.000000,1.264905,7.950256
46.870774,-81.824400,-277.000000,1.224796,7.967168
47.390774,-81.824400,-277.000000,1.236127,8.000017
47.910774,-81.824400,-277.000000,1.190112,7.972912
48.430774,-81.824400,-277.000000,1.250975,8.038136
48.950774,-81.824400,-277.000000,1.240643,8.015895
49.470774,-81.824400,-277.000000,1.243043,7.984591
49.990774,-81.824400,-277.000000,1.314631,8.033691
50.510774,-81.824400,-277.000000,1.266120,8.020032
51.030774,-81.824400,-277.000000,1.236313,7.970393
51.550774,-81.824400,-277.000000,1.297330,7.984167
52.070774,-81.824400,-277.000000,1.284140,7.984123
52.590774,-81.824400,-277.000000,1.222443,8.067155
53.110774,-81.824400,-277.000000,1.205254,8.013911
53.630774,-81.824400,-277.000000,1.236671,7.992335
54.150774,-81.824400,-277.000000,1.315221,7.991407
54.670774,-81.824400,-277.000000,1.231114,8.111953
55.190774,-81.824400,-277.000000,1.260880,7.999335
55.710774,-81.824400,-277.000000,1.240708,8.041652
56.230774,-81.824400,-277.000000,1.256383,8.091536
56.750774,-81.824400,-277.000000,1.334016,7.970490
57.270774,-81.824400,-277.000000,1.263393,8.027768
57.790774,-81.824400,-277.000000,1.245684,8.092717
58.310774,-81.824400,-277.000000,1.299111,7.985418
58.830774,-81.824400,-277.000000,1.295330,7.989264
59.350774,-81.824400,-277.000000,1.260025,8.021423
59.870774,-81.824400,-277.000000,1.330265,8.023374
60.390774,-81.824400,-277.000000,1.226476,7.999030
60.910774,-81.824400,-277.000000,1.211691,8.017607
61.430774,-81.824400,-277.000000,1.219502,8.012009
61.950774,-81.824400,-277.000000,1.271374,7.959072
62.470774,-81.824400,-277.000000,1.250088,7.981499
62.990774,-81.824400,-277.000000,1.287538,8.019057
63.510774,-81.824400,-277.000000,1.286664,7.948522
64.030774,-81.824400,-277.000000,1.273503,8.016693
64.550774,-81.824400,-277.000000,1.267556,8.006659
65.070774,-81.824400,-277.000000,1.263055,7.968424
65.590774,-81.824400,-277.000000,1.279032,8.055192
66.110774,-81.824400,-277.000000,1.286260,8.056004
66.630774,-81.824400,-277.000000,1.247618,7.988588
66.110774,-81.304400,-277.000000,1.236567,8.050756
13.590774,-82.344400,-276.000000,1.234887,7.932759
14.110774,-82.344400,-276.000000,1.271712,7.912775
14.630774,-82.344400,-276.000000,1.226176,7.914350
15.150774,-82.344400,-276.000000,1.257221,7.873292
15.670774,-82.344400,-276.000000,1.254261,7.978483
16.190774,-82.344400,-276.000000,1.256683,7.970374
16.710774,-82.344400,-276.000000,1.208829,8.001899
17.230774,-82.344400,-276.000000,1.313402,7.992192
17.750774,-82.344400,-276.000000,1.264468,8.045395
18.270774,-82.344400,-276.000000,1.295569,8.076735
18.790774,-82.344400,-276.000000,1.256184,8.055919
19.310774,-82.344400,-276.000000,1.244869,8.031662
19.830774,-82.344400,-276.000000,1.222868,7.945126
20.350774,-82.344400,-276.000000,1.240732,8.021740
20.870774,-82.344400,-276.000000,1.273801,7.969690
21.390774,-82.344400,-276.000000,1.344135,8.035878
21.910774,-82.344400,-276.000000,1.262155,8.025254
22.430774,-82.344400,-276.000000,1.275402,8.020681
22.950774,-82.344400,-276.000000,1.268272,7.963249
23.470774,-82.344400,-276.000000,1.252716,7.943364
23.990774,-82.344400,-276.000000,1.255809,8.092348
24.510774,-82.344400,-276.000000,1.274559,8.016854
25.030774,-82.344400,-276.000000,1.317910,8.013762
25.550774,-82.344400,-276.000000,1.338059,7.973969
26.070774,-82.344400,-276.000000,1.234872,8.078677
26.590774,-82.344400,-276.000000,1.317535,7.938688
27.110774,-82.344400,-276.000000,1.268866,8.103095
27.630774,-82.344400,-276.000000,1.240881,8.001345
28.150774,-82.344400,-276.000000,1.275607,7.959245
28.670774,-82.344400,-276.000000,1.318197,8.065009
29.190774,-82.344400,-276.000000,1.258656,8.079943
29.710774,-82.344400,-276.000000,1.279390,8.057372
30.230774,-82.344400,-276.000000,1.274869,8.016059
30.750774,-82.344400,-276.000000,1.265357,7.922198
31.270774,-82.344400,-276.000000,1.246230,7.951329
31.790774,-82.344400,-276.000000,1.331900,7.997830
32.310774,-82.344400,-276.000000,1.246348,8.029773
32.830774,-82.344400,-276.000000,1.269142,7.968707
33.350774,-82.344400,-276.000000,1.258343,8.011629
33.870774,-82.344400,-276.000000,1.285359,8.007177
34.390774,-82.344400,-276.000000,1.258713,7.980083
34.910774,-82.344400,-276.000000,1.229690,7.976330
35.430774,-82.344400,-276.000000,1.247713,7.988155
35.950774,-82.344400,-276.000000,1.251504,7.919702
36.470774,-82.344400,-276.000000,1.227806,7.938821
36.990774,-82.344400,-276.000000,1.243798,7.981727
37.510774,-82.344400,-276.000000,1.284989,8.038240
38.030774,-82.344400,-276.000000,1.281647,7.984708
38.550774,-82.344400,-276.000000,1.311386,7.997485
39.070774,-82.344400,-276.000000,1.293775,7.966363
39.590774,-82.344400,-276.000000,1.257724,7.957322
40.110774,-82.344400,-276.000000,1.250382,7.934773
40.630774,-82.344400,-276.000000,1.240474,7.960414
41.150774,-82.344400,-276.000000,1.228625,7.908000
41.670774,-82.344400,-276.000000,1.284996,7.990449
42.190774,-82.344400,-276.000000,1.287101,8.048018
42.710774,-82.344400,-276.000000,1.239369,7.947178
43.230774,-82.344400,-276.000000,1.271429,7.964384
43.750774,-82.344400,-276.000000,1.295312,8.094986
44.270774,-82.344400,-276.000000,1.303964,8.157301
44.790774,-82.344400,-276.000000,1.275952,8.083108
45.310774,-82.344400,-276.000000,1.298170,8.023684
45.830774,-82.344400,-276.000000,1.236474,7.990473
46.350774,-82.344400,-276.000000,1.251707,8.062307
46.870774,-82.344400,-276.000000,1.302733,8.029036
47.390774,-82.344400,-276.000000,1.204120,7.971968
47.910774,-82.344400,-276.000000,1.259210,7.938219
48.430774,-82.344400,-276.000000,1.285693,7.963824
48.950774,-82.344400,-276.000000,1.238546,8.025229
49.470774,-82.344400,-276.000000,1.219597,8.046459
49.990774,-82.344400,-276.000000,1.207401,8.143972
50.510774,-82.344400,-276.000000,1.241554,7.973968
51.030774,-82.344400,-276.000000,1.245456,8.078140
51.550774,-82.344400,-276.000000,1.291091,7.993848
52.070774,-82.344400,-276.000000,1.260981,7.917535
52.590774,-82.344400,-276.000000,1.217884,7.990461
53.110774,-82.344400,-276.000000,1.243542,7.935739
53.630774,-82.344400,-276.000000,1.265152,7.971933
54.150774,-82.344400,-276.000000,1.241116,8.012458
54.670774,-82.344400,-276.000000,1.280656,8.008157
55.190774,-82.344400,-276.000000,1.245546,8.021949
55.710774,-82.344400,-276.000000,1.270642,7.961625
56.230774,-82.344400,-276.000000,1.271724,8.065970
56.750774,-82.344400,-276.000000,1.255799,8.017575
57.270774,-82.344400,-276.000000,1.210581,7.959804
57.790774,-82.344400,-276.000000,1.264572,7.979743
58.310774,-82.344400,-276.000000,1.280966,7.986718
58.830774,-82.344400,-276.000000,1.286608,8.088564
59.350774,-82.344400,-276.000000,1.282886,7.976634
59.870774,-82.344400,-276.000000,1.294170,7.952250
60.390774,-82.344400,-276.000000,1.239214,7.991008
60.910774,-82.344400,-276.000000,1.247313,7.906414
61.430774,-82.344400,-276.000000,1.234057,7.985663
61.950774,-82.344400,-276.000000,1.276025,7.951368
62.470774,-82.344400,-276.000000,1.223029,7.959742
62.990774,-82.344400,-276.000000,1.208803,7.958736
63.510774,-82.344400,-276.000000,1.261339,7.958072
64.030774,-82.344400,-276.000000,1.280343,7.981176
64.550774,-82.344400,-276.000000,1.241116,8.024253
65.070774,-82.344400,-276.000000,1.327164,7.992988
65.590774,-82.344400,-276.000000,1.266346,8.034477
66.110774,-82.344400,-276.000000,1.244251,7.965485
66.630774,-82.344400,-276.000000,1.280930,7.968145
67.150774,-82.344400,-276.000000,1.260330,8.019228
67.670774,-82.344400,-276.000000,1.278966,8.038912
13.070774,-81.824400,-276.000000,1.282223,7.842665
13.590774,-81.824400,-276.000000,1.201566,7.936897
14.110774,-81.824400,-276.000000,1.264935,7.913865
14.630774,-81.824400,-276.000000,1.262511,7.925215
15.150774,-81.824400,-276.000000,1.276696,7.888346
15.670774,-81.824400,-276.000000,1.259269,7.980353
16.190774,-81.824400,-276.000000,1.238800,7.961369
16.710774,-81.824400,-276.000000,1.273997,7.988034
17.230774,-81.824400,-276.000000,1.253138,7.987775
17.750774,-81.824400,-276.000000,1.243822,8.010380
18.270774,-81.824400,-276.000000,1.269684,7.991412
18.790774,-81.824400,-276.000000,1.224728,8.038788
19.310774,-81.824400,-276.000000,1.248345,7.986456
19.830774,-81.824400,-276.000000,1.223352,7.984049
20.350774,-81.824400,-276.000000,1.231560,8.029007
20.870774,-81.824400,-276.000000,1.254614,7.996705
21.390774,-81.824400,-276.000000,1.284668,8.004447
21.910774,-81.824400,-276.000000,1.242446,8.054996
22.430774,-81.824400,-276.000000,1.332345,8.047475
22.950774,-81.824400,-276.000000,1.249135,7.951964
23.470774,-81.824400,-276.000000,1.196769,7.930693
23.990774,-81.824400,-276.000000,1.276189,8.057498
24.510774,-81.824400,-276.000000,1.256536,8.046228
25.030774,-81.824400,-276.000000,1.344109,8.006443
25.550774,-81.824400,-276.000000,1.347787,7.973793
26.070774,-81.824400,-276.000000,1.292774,8.142408
26.590774,-81.824400,-276.000000,1.258122,7.960210
27.110774,-81.824400,-276.000000,1.295317,8.111098
27.630774,-81.824400,-276.000000,1.273486,7.947365
28.150774,-81.824400,-276.000000,1.250111,7.969047
28.670774,-81.824400,-276.000000,1.256827,8.095164
29.190774,-81.824400,-276.000000,1.262117,8.155364
29.710774,-81.824400,-276.000000,1.242556,8.006508
30.230774,-81.824400,-276.000000,1.252171,8.011002
30.750774,-81.824400,-276.000000,1.232392,7.948594
31.270774,-81.824400,-276.000000,1.289096,8.018460
31.790774,-81.824400,-276.000000,1.337651,8.007549
32.310774,-81.824400,-276.000000,1.269091,7.998925
32.830774,-81.824400,-276.000000,1.249629,7.960349
33.350774,-81.824400,-276.000000,1.232907,7.997758
33.870774,-81.824400,-276.000000,1.294047,8.008975
34.390774,-81.824400,-276.000000,1.282441,7.968748
34.910774,-81.824400,-276.000000,1.290005,7.956717
35.430774,-81.824400,-276.000000,1.256754,7.959130
35.950774,-81.824400,-276.000000,1.222401,7.907505
36.470774,-81.824400,-276.000000,1.255425,7.961748
36.990774,-81.824400,-276.000000,1.259276,7.942358
37.510774,-81.824400,-276.000000,1.251172,8.045715
38.030774,-81.824400,-276.000000,1.260442,8.016612
38.550774,-81.824400,-276.000000,1.269455,8.021914
39.070774,-81.824400,-276.000000,1.301177,7.988305
39.590774,-81.824400,-276.000000,1.360695,7.989412
40.110774,-81.824400,-276.000000,1.281669,7.974415
40.630774,-81.824400,-276.000000,1.260953,8.024649
41.150774,-81.824400,-276.000000,1.227915,7.919231
41.670774,-81.824400,-276.000000,1.259357,8.034887
42.190774,-81.824400,-276.000000,1.274496,8.023248
42.710774,-81.824400,-276.000000,1.243847,7.971258
43.230774,-81.824400,-276.000000,1.247899,7.981565
43.750774,-81.824400,-276.000000,1.289690,8.064277
44.270774,-81.824400,-276.000000,1.287282,8.082579
44.790774,-81.824400,-276.000000,1.294612,8.109499
45.310774,-81.824400,-276.000000,1.263757,8.045026
45.830774,-81.824400,-276.000000,1.259218,8.002332
46.350774,-81.824400,-276.000000,1.275724,8.063293
46.870774,-81.824400,-276.000000,1.263500,8.001760
47.390774,-81.824400,-276.000000,1.251559,7.960615
47.910774,-81.824400,-276.000000,1.211345,7.971542
48.430774,-81.824400,-276.000000,1.302053,7.983447
48.950774,-81.824400,-276.000000,1.238982,7.998113
49.470774,-81.824400,-276.000000,1.262055,8.058391
49.990774,-81.824400,-276.000000,1.235773,8.163467
50.510774,-81.824400,-276.000000,1.254393,7.998270
51.030774,-81.824400,-276.000000,1.254342,8.043448
51.550774,-81.824400,-276.000000,1.279157,7.964219
52.070774,-81.824400,-276.000000,1.249189,7.980410
52.590774,-81.824400,-276.000000,1.270876,8.010938
53.110774,-81.824400,-276.000000,1.336584,7.980265
53.630774,-81.824400,-276.000000,1.252553,8.006621
54.150774,-81.824400,-276.000000,1.273582,8.009940
54.670774,-81.824400,-276.000000,1.303415,8.001639
55.190774,-81.824400,-276.000000,1.235925,8.062775
55.710774,-81.824400,-276.000000,1.256518,7.972934
56.230774,-81.824400,-276.000000,1.303708,8.052578
56.750774,-81.824400,-276.000000,1.279246,8.035796
57.270774,-81.824400,-276.000000,1.285431,8.087934
57.790774,-81.824400,-276.000000,1.288496,7.973618
58.310774,-81.824400,-276.000000,1.274386,7.973783
58.830774,-81.824400,-276.000000,1.319136,8.041850
59.350774,-81.824400,-276.000000,1.311216,7.960226
59.870774,-81.824400,-276.000000,1.243098,7.994472
60.390774,-81.824400,-276.000000,1.239413,7.987588
60.910774,-81.824400,-276.000000,1.214725,7.936521
61.430774,-81.824400,-276.000000,1.245821,7.989420
61.950774,-81.824400,-276.000000,1.309365,7.974936
62.470774,-81.824400,-276.000000,1.256299,8.017276
62.990774,-81.824400,-276.000000,1.288227,7.972768
63.510774,-81.824400,-276.000000,1.318105,7.982745
64.030774,-81.824400,-276.000000,1.305690,8.005790
64.550774,-81.824400,-276.000000,1.311367,8.009320
65.070774,-81.824400,-276.000000,1.276063,8.011465
65.590774,-81.824400,-276.000000,1.233925,8.051370
66.110774,-81.824400,-276.000000,1.215137,8.008928
66.630774,-81.824400,-276.000000,1.247783,8.001589
67.150774,-81.824400,-276.000000,1.224860,8.013625
67.670774,-81.824400,-276.000000,1.292336,8.052118
68.190774,-81.824400,-276.000000,1.282433,8.073380
13.590774,-82.344400,-275.000000,1.228540,7.853678
14.110774,-82.344400,-275.000000,1.311098,7.931166
14.630774,-82.344400,-275.000000,1.271858,7.905856
15.150774,-82.344400,-275.000000,1.290397,7.961878
15.670774,-82.344400,-275.000000,1.266024,8.022848
16.190774,-82.344400,-275.000000,1.235704,7.964253
16.710774,-82.344400,-275.000000,1.264964,8.011508
17.230774,-82.344400,-275.000000,1.229285,7.961067
17.750774,-82.344400,-275.000000,1.228792,7.961952
18.270774,-82.344400,-275.000000,1.229768,7.995776
18.790774,-82.344400,-275.000000,1.219490,8.050141
19.310774,-82.344400,-275.000000,1.226341,7.996604
19.830774,-82.344400,-275.000000,1.269557,8.005561
20.350774,-82.344400,-275.000000,1.283228,8.075629
20.870774,-82.344400,-275.000000,1.277632,8.013017
21.390774,-82.344400,-275.000000,1.318127,8.024058
21.910774,-82.344400,-275.000000,1.293746,7.980522
22.430774,-82.344400,-275.000000,1.256014,8.008867
22.950774,-82.344400,-275.000000,1.261508,8.088784
23.470774,-82.344400,-275.000000,1.232935,8.040016
23.990774,-82.344400,-275.000000,1.238237,8.083113
24.510774,-82.344400,-275.000000,1.254481,8.009406
25.030774,-82.344400,-275.000000,1.272906,8.023443
25.550774,-82.344400,-275.000000,1.255904,7.985610
26.070774,-82.344400,-275.000000,1.281565,8.024301
26.590774,-82.344400,-275.000000,1.304406,8.093686
27.110774,-82.344400,-275.000000,1.284946,8.022583
27.630774,-82.344400,-275.000000,1.241872,8.099726
28.150774,-82.344400,-275.000000,1.276009,7.985711
28.670774,-82.344400,-275.000000,1.281619,7.953296
29.190774,-82.344400,-275.000000,1.246580,8.083121
29.710774,-82.344400,-275.000000,1.267353,7.972260
30.230774,-82.344400,-275.000000,1.328260,8.007977
30.750774,-82.344400,-275.000000,1.222508,8.066684
31.270774,-82.344400,-275.000000,1.254074,8.046223
31.790774,-82.344400,-275.000000,1.287882,8.049392
32.310774,-82.344400,-275.000000,1.265381,7.984437
32.830774,-82.344400,-275.000000,1.199803,7.955236
33.350774,-82.344400,-275.000000,1.238992,8.117682
33.870774,-82.344400,-275.000000,1.268841,7.977844
34.390774,-82.344400,-275.000000,1.274635,8.018043
34.910774,-82.344400,-275.000000,1.207601,7.992256
35.430774,-82.344400,-275.000000,1.281725,7.937829
35.950774,-82.344400,-275.000000,1.260222,7.985512
36.470774,-82.344400,-275.000000,1.303021,7.997485
36.990774,-82.344400,-275.000000,1.260686,7.935328
37.510774,-82.344400,-275.000000,1.284115,7.958492
38.030774,-82.344400,-275.000000,1.255716,8.024199
38.550774,-82.344400,-275.000000,1.245558,7.973667
39.070774,-82.344400,-275.000000,1.303728,7.969404
39.590774,-82.344400,-275.000000,1.236012,7.931443
40.110774,-82.344400,-275.000000,1.222926,7.990495
40.630774,-82.344400,-275.000000,1.241278,7.963375
41.150774,-82.344400,-275.000000,1.287664,7.976772
41.670774,-82.344400,-275.000000,1.256155,7.995009
42.190774,-82.344400,-275.000000,1.235119,8.088963
42.710774,-82.344400,-275.000000,1.220195,8.039609
43.230774,-82.344400,-275.000000,1.233548,8.035314
43.750774,-82.344400,-275.000000,1.279010,7.949236
44.270774,-82.344400,-275.000000,1.255707,8.000705
44.790774,-82.344400,-275.000000,1.217127,7.948448
45.310774,-82.344400,-275.000000,1.226971,7.967993
45.830774,-82.344400,-275.000000,1.243577,7.951798
46.350774,-82.344400,-275.000000,1.295730,8.034073
46.870774,-82.344400,-275.000000,1.235266,7.996427
47.390774,-82.344400,-275.000000,1.225631,7.948345
47.910774,-82.344400,-275.000000,1.243779,8.058510
48.430774,-82.344400,-275.000000,1.322016,8.048944
48.950774,-82.344400,-275.000000,1.245231,7.940782
49.470774,-82.344400,-275.000000,1.247810,8.084415
49.990774,-82.344400,-275.000000,1.217434,8.044965
50.510774,-82.344400,-275.000000,1.223127,8.061164
51.030774,-82.344400,-275.000000,1.257172,7.959667
51.550774,-82.344400,-275.000000,1.306589,7.983554
52.070774,-82.344400,-275.000000,1.255695,8.034801
52.590774,-82.344400,-275.000000,1.273300,7.988214
53.110774,-82.344400,-275.000000,1.299004,8.128252
53.630774,-82.344400,-275.000000,1.262064,8.038430
54.150774,-82.344400,-275.000000,1.281757,8.016601
54.670774,-82.344400,-275.000000,1.249040,7.954877
55.190774,-82.344400,-275.000000,1.358625,8.034106
55.710774,-82.344400,-275.000000,1.310138,8.004728
56.230774,-82.344400,-275.000000,1.272686,8.010612
56.750774,-82.344400,-275.000000,1.243071,7.982700
57.270774,-82.344400,-275.000000,1.317634,8.096527
57.790774,-82.344400,-275.000000,1.270253,8.040334
58.310774,-82.344400,-275.000000,1.268129,8.019670
58.830774,-82.344400,-275.000000,1.248860,7.986660
59.350774,-82.344400,-275.000000,1.294040,8.048798
59.870774,-82.344400,-275.000000,1.281123,8.032675
60.390774,-82.344400,-275.000000,1.258543,7.936991
60.910774,-82.344400,-275.000000,1.201835,7.990950
61.430774,-82.344400,-275.000000,1.211931,7.995321
61.950774,-82.344400,-275.000000,1.281186,7.946051
62.470774,-82.344400,-275.000000,1.200975,7.955912
62.990774,-82.344400,-275.000000,1.256342,8.020267
63.510774,-82.344400,-275.000000,1.293756,7.980119
64.030774,-82.344400,-275.000000,1.338153,7.955429
64.550774,-82.344400,-275.000000,1.283472,7.956570
65.070774,-82.344400,-275.000000,1.223187,7.992176
65.590774,-82.344400,-275.000000,1.206156,7.987785
66.110774,-82.344400,-275.000000,1.251770,8.013143
66.630774,-82.344400,-275.000000,1.251522,7.972802
67.150774,-82.344400,-275.000000,1.280358,7.973598
67.670774,-82.344400,-275.000000,1.214923,8.019201
68.190774,-82.344400,-275.000000,1.242586,8.002613
68.710774,-82.344400,-275.000000,1.297965,7.992860
69.230774,-82.344400,-275.000000,1.278632,8.006147
13.070774,-81.824400,-275.000000,1.228114,7.859609
13.590774,-81.824400,-275.000000,1.233838,7.824786
14.110774,-81.824400,-275.000000,1.291134,7.949087
14.630774,-81.824400,-275.000000,1.278708,7.959326
15.150774,-81.824400,-275.000000,1.270752,7.909571
15.670774,-81.824400,-275.000000,1.234457,7.998156
16.190774,-81.824400,-275.000000,1.246434,7.989867
16.710774,-81.824400,-275.000000,1.199677,8.001402
17.230774,-81.824400,-275.000000,1.214278,7.915157
17.750774,-81.824400,-275.000000,1.248932,7.977431
18.270774,-81.824400,-275.000000,1.253407,7.988725
18.790774,-81.824400,-275.000000,1.334895,8.062443
19.310774,-81.824400,-275.000000,1.310940,7.968511
19.830774,-81.824400,-275.000000,1.261015,8.031943
20.350774,-81.824400,-275.000000,1.278789,8.065876
20.870774,-81.824400,-275.000000,1.253039,8.037539
21.390774,-81.824400,-275.000000,1.244400,8.020256
21.910774,-81.824400,-275.000000,1.249687,7.972043
22.430774,-81.824400,-275.000000,1.288831,7.996826
22.950774,-81.824400,-275.000000,1.287527,8.108823
23.470774,-81.824400,-275.000000,1.211360,8.081833
23.990774,-81.824400,-275.000000,1.273392,8.081036
24.510774,-81.824400,-275.000000,1.217424,8.003135
25.030774,-81.824400,-275.000000,1.247157,8.063521
25.550774,-81.824400,-275.000000,1.260767,7.984707
26.070774,-81.824400,-275.000000,1.251453,8.010551
26.590774,-81.824400,-275.000000,1.279684,8.054605
27.110774,-81.824400,-275.000000,1.292763,8.019757
27.630774,-81.824400,-275.000000,1.217117,8.080470
28.150774,-81.824400,-275.000000,1.256168,7.985568
28.670774,-81.824400,-275.000000,1.254081,8.055137
29.190774,-81.824400,-275.000000,1.261061,8.091528
29.710774,-81.824400,-275.000000,1.292215,8.023593
30.230774,-81.824400,-275.000000,1.304990,8.013721
30.750774,-81.824400,-275.000000,1.284050,8.093850
31.270774,-81.824400,-275.000000,1.257863,8.057168
31.790774,-81.824400,-275.000000,1.256434,8.002998
32.310774,-81.824400,-275.000000,1.314270,8.005592
32.830774,-81.824400,-275.000000,1.255970,7.966495
33.350774,-81.824400,-275.000000,1.263889,8.096024
33.870774,-81.824400,-275.000000,1.260147,7.985299
34.390774,-81.824400,-275.000000,1.248689,8.001390
34.910774,-81.824400,-275.000000,1.219998,7.994085
35.430774,-81.824400,-275.000000,1.253966,7.933168
35.950774,-81.824400,-275.000000,1.227489,8.004447
36.470774,-81.824400,-275.000000,1.273079,8.015895
36.990774,-81.824400,-275.000000,1.304398,7.975245
37.510774,-81.824400,-275.000000,1.286709,7.962094
38.030774,-81.824400,-275.000000,1.266959,8.042335
38.550774,-81.824400,-275.000000,1.258321,7.978673
39.070774,-81.824400,-275.000000,1.238721,7.987024
39.590774,-81.824400,-275.000000,1.240834,7.958266
40.110774,-81.824400,-275.000000,1.237234,7.982751
40.630774,-81.824400,-275.000000,1.274767,7.986093
41.150774,-81.824400,-275.000000,1.268864,7.964885
41.670774,-81.824400,-275.000000,1.208924,7.993308
42.190774,-81.824400,-275.000000,1.220783,8.079248
42.710774,-81.824400,-275.000000,1.250490,8.043828
43.230774,-81.824400,-275.000000,1.224832,8.033196
43.750774,-81.824400,-275.000000,1.218400,7.945405
44.270774,-81.824400,-275.000000,1.234555,8.030740
44.790774,-81.824400,-275.000000,1.214629,8.009609
45.310774,-81.824400,-275.000000,1.248059,7.975264
45.830774,-81.824400,-275.000000,1.285612,7.963658
46.350774,-81.824400,-275.000000,1.261966,8.047741
46.870774,-81.824400,-275.000000,1.222201,7.981362
47.390774,-81.824400,-275.000000,1.255097,7.971220
47.910774,-81.824400,-275.000000,1.258687,8.009556
48.430774,-81.824400,-275.000000,1.237740,8.032008
48.950774,-81.824400,-275.000000,1.232801,7.936116
49.470774,-81.824400,-275.000000,1.260005,8.069335
49.990774,-81.824400,-275.000000,1.287183,8.071259
50.510774,-81.824400,-275.000000,1.299671,8.022563
51.030774,-81.824400,-275.000000,1.290798,7.971977
51.550774,-81.824400,-275.000000,1.263176,7.954967
52.070774,-81.824400,-275.000000,1.277470,8.081738
52.590774,-81.824400,-275.000000,1.241955,7.977494
53.110774,-81.824400,-275.000000,1.245255,8.124478
53.630774,-81.824400,-275.000000,1.314146,8.069941
54.150774,-81.824400,-275.000000,1.368822,8.071704
54.670774,-81.824400,-275.000000,1.267439,7.975368
55.190774,-81.824400,-275.000000,1.259724,8.001319
55.710774,-81.824400,-275.000000,1.291463,8.058425
56.230774,-81.824400,-275.000000,1.259813,7.998052
56.750774,-81.824400,-275.000000,1.259992,7.945105
57.270774,-81.824400,-275.000000,1.350252,8.059157
57.790774,-81.824400,-275.000000,1.290428,8.118061
58.310774,-81.824400,-275.000000,1.266745,8.062900
58.830774,-81.824400,-275.000000,1.259082,7.946914
59.350774,-81.824400,-275.000000,1.223746,8.005517
59.870774,-81.824400,-275.000000,1.238374,8.118083
60.390774,-81.824400,-275.000000,1.293372,7.946879
60.910774,-81.824400,-275.000000,1.322468,7.993208
61.430774,-81.824400,-275.000000,1.207615,7.989067
61.950774,-81.824400,-275.000000,1.219998,7.968786
62.470774,-81.824400,-275.000000,1.275348,8.008242
62.990774,-81.824400,-275.000000,1.260462,8.085564
63.510774,-81.824400,-275.000000,1.298593,8.045009
64.030774,-81.824400,-275.000000,1.284993,7.963979
64.550774,-81.824400,-275.000000,1.270176,7.958632
65.070774,-81.824400,-275.000000,1.222195,7.987948
65.590774,-81.824400,-275.000000,1.243647,8.031966
66.110774,-81.824400,-275.000000,1.253453,8.120038
66.630774,-81.824400,-275.000000,1.250119,8.079803
67.150774,-81.824400,-275.000000,1.268829,7.988140
67.670774,-81.824400,-275.000000,1.277350,8.049770
68.190774,-81.824400,-275.000000,1.236806,8.054682
68.710774,-81.824400,-275.000000,1.305753,8.009237
69.230774,-81.824400,-275.000000,1.264306,8.010657
69.750774,-81.824400,-275.000000,1.261094,8.031799
70.270774,-81.824400,-275.000000,1.310382,8.118918
68.710774,-81.304400,-275.000000,1.243423,8.011916
69.230774,-81.304400,-275.000000,1.297930,8.020403
13.590774,-82.344400,-274.000000,1.218511,7.839015
14.110774,-82.344400,-274.000000,1.229792,7.921293
14.630774,-82.344400,-274.000000,1.286184,7.875732
15.150774,-82.344400,-274.000000,1.229288,7.914445
15.670774,-82.344400,-274.000000,1.225758,7.945727
16.190774,-82.344400,-274.000000,1.230039,7.993234
16.710774,-82.344400,-274.000000,1.254959,7.980537
17.230774,-82.344400,-274.000000,1.307931,8.121042
17.750774,-82.344400,-274.000000,1.253755,7.996665
18.270774,-82.344400,-274.000000,1.273856,7.989561
18.790774,-82.344400,-274.000000,1.268749,7.958995
19.310774,-82.344400,-274.000000,1.299407,7.988147
19.830774,-82.344400,-274.000000,1.301428,8.016181
20.350774,-82.344400,-274.000000,1.271385,8.036828
20.870774,-82.344400,-274.000000,1.293871,8.087031
21.390774,-82.344400,-274.000000,1.255923,8.015066
21.910774,-82.344400,-274.000000,1.240334,8.002777
22.430774,-82.344400,-274.000000,1.236105,7.957165
22.950774,-82.344400,-274.000000,1.241468,7.992096
23.470774,-82.344400,-274.000000,1.230735,8.035748
23.990774,-82.344400,-274.000000,1.280729,8.025754
24.510774,-82.344400,-274.000000,1.272764,8.030321
25.030774,-82.344400,-274.000000,1.236504,8.025741
25.550774,-82.344400,-274.000000,1.249040,8.050063
26.070774,-82.344400,-274.000000,1.253278,7.993452
26.590774,-82.344400,-274.000000,1.290874,8.059506
27.110774,-82.344400,-274.000000,1.253738,8.018443
27.630774,-82.344400,-274.000000,1.266319,8.029548
28.150774,-82.344400,-274.000000,1.297852,8.022757
28.670774,-82.344400,-274.000000,1.242640,8.103287
29.190774,-82.344400,-274.000000,1.287667,8.004215
29.710774,-82.344400,-274.000000,1.253819,8.014895
30.230774,-82.344400,-274.000000,1.215212,7.930772
30.750774,-82.344400,-274.000000,1.300965,8.058046
31.270774,-82.344400,-274.000000,1.268812,7.950510
31.790774,-82.344400,-274.000000,1.287647,8.055439
32.310774,-82.344400,-274.000000,1.283224,8.025476
32.830774,-82.344400,-274.000000,1.257908,7.974575
33.350774,-82.344400,-274.000000,1.250769,8.090185
33.870774,-82.344400,-274.000000,1.263847,8.115051
34.390774,-82.344400,-274.000000,1.242049,8.011477
34.910774,-82.344400,-274.000000,1.239209,7.972642
35.430774,-82.344400,-274.000000,1.277620,7.987844
35.950774,-82.344400,-274.000000,1.241287,8.067280
36.470774,-82.344400,-274.000000,1.284584,8.002338
36.990774,-82.344400,-274.000000,1.303304,8.082061
37.510774,-82.344400,-274.000000,1.263798,7.950716
38.030774,-82.344400,-274.000000,1.224778,8.057343
38.550774,-82.344400,-274.000000,1.256482,7.957509
39.070774,-82.344400,-274.000000,1.291798,8.030273
39.590774,-82.344400,-274.000000,1.317008,7.983142
40.110774,-82.344400,-274.000000,1.311440,8.021643
40.630774,-82.344400,-274.000000,1.259649,7.993780
41.150774,-82.344400,-274.000000,1.315126,8.077065
41.670774,-82.344400,-274.000000,1.302753,7.958320
42.190774,-82.344400,-274.000000,1.251293,7.975334
42.710774,-82.344400,-274.000000,1.245412,7.941098
43.230774,-82.344400,-274.000000,1.322095,7.954936
43.750774,-82.344400,-274.000000,1.231422,7.969954
44.270774,-82.344400,-274.000000,1.230227,7.986499
44.790774,-82.344400,-274.000000,1.247181,8.033108
45.310774,-82.344400,-274.000000,1.266930,8.023830
45.830774,-82.344400,-274.000000,1.266152,7.959811
46.350774,-82.344400,-274.000000,1.217511,7.984242
46.870774,-82.344400,-274.000000,1.252122,7.992619
47.390774,-82.344400,-274.000000,1.235221,7.995656
47.910774,-82.344400,-274.000000,1.262653,7.967182
48.430774,-82.344400,-274.000000,1.223273,8.049734
48.950774,-82.344400,-274.000000,1.279249,8.012856
49.470774,-82.344400,-274.000000,1.238756,8.043783
49.990774,-82.344400,-274.000000,1.287148,7.959082
50.510774,-82.344400,-274.000000,1.261635,7.993467
51.030774,-82.344400,-274.000000,1.287265,7.984811
51.550774,-82.344400,-274.000000,1.241886,7.999950
52.070774,-82.344400,-274.000000,1.322156,8.062921
52.590774,-82.344400,-274.000000,1.280535,8.018594
53.110774,-82.344400,-274.000000,1.341389,7.976881
53.630774,-82.344400,-274.000000,1.355051,8.000457
54.150774,-82.344400,-274.000000,1.226182,7.984092
54.670774,-82.344400,-274.000000,1.229673,7.975706
55.190774,-82.344400,-274.000000,1.247949,8.026320
55.710774,-82.344400,-274.000000,1.288945,7.995651
56.230774,-82.344400,-274.000000,1.257694,7.987360
56.750774,-82.344400,-274.000000,1.334864,7.973964
57.270774,-82.344400,-274.000000,1.333761,7.986127
57.790774,-82.344400,-274.000000,1.271479,7.983312
58.310774,-82.344400,-274.000000,1.252233,7.979966
58.830774,-82.344400,-274.000000,1.255520,7.968582
59.350774,-82.344400,-274.000000,1.246638,8.024677
59.870774,-82.344400,-274.000000,1.291661,7.990610
60.390774,-82.344400,-274.000000,1.250942,7.988788
60.910774,-82.344400,-274.000000,1.239309,7.956914
61.430774,-82.344400,-274.000000,1.288060,7.992117
61.950774,-82.344400,-274.000000,1.254503,7.964718
62.470774,-82.344400,-274.000000,1.272404,7.974295
62.990774,-82.344400,-274.000000,1.319871,8.133721
63.510774,-82.344400,-274.000000,1.261886,8.019927
64.030774,-82.344400,-274.000000,1.265163,7.927917
64.550774,-82.344400,-274.000000,1.299782,7.964938
65.070774,-82.344400,-274.000000,1.251827,7.983411
65.590774,-82.344400,-274.000000,1.225527,7.968481
66.110774,-82.344400,-274.000000,1.228275,7.984397
66.630774,-82.344400,-274.000000,1.234282,7.966518
67.150774,-82.344400,-274.000000,1.215440,8.000667
67.670774,-82.344400,-274.000000,1.269907,7.984786
68.190774,-82.344400,-274.000000,1.306822,8.036839
68.710774,-82.344400,-274.000000,1.243354,8.011001
69.230774,-82.344400,-274.000000,1.244156,8.027480
69.750774,-82.344400,-274.000000,1.239292,7.997217
70.270774,-82.344400,-274.000000,1.342075,8.072561
70.790774,-82.344400,-274.000000,1.384540,8.104175
71.310774,-82.344400,-274.000000,1.270133,7.942327
13.070774,-81.824400,-274.000000,1.195734,7.795512
13.590774,-81.824400,-274.000000,1.226667,7.844042
14.110774,-81.824400,-274.000000,1.270078,7.948262
14.630774,-81.824400,-274.000000,1.281636,7.910333
15.150774,-81.824400,-274.000000,1.325662,7.901541
15.670774,-81.824400,-274.000000,1.218908,7.971952
16.190774,-81.824400,-274.000000,1.231684,7.994932
16.710774,-81.824400,-274.000000,1.229033,7.991656
17.230774,-81.824400,-274.000000,1.231072,8.112451
17.750774,-81.824400,-274.000000,1.269438,8.011799
18.270774,-81.824400,-274.000000,1.256918,8.014855
18.790774,-81.824400,-274.000000,1.288751,7.949516
19.310774,-81.824400,-274.000000,1.272742,7.983809
19.830774,-81.824400,-274.000000,1.316842,8.051291
20.350774,-81.824400,-274.000000,1.289560,7.934432
20.870774,-81.824400,-274.000000,1.258414,8.123888
21.390774,-81.824400,-274.000000,1.296113,8.068070
21.910774,-81.824400,-274.000000,1.251773,8.073972
22.430774,-81.824400,-274.000000,1.237747,7.973411
22.950774,-81.824400,-274.000000,1.281732,7.974586
23.470774,-81.824400,-274.000000,1.223207,8.024316
23.990774,-81.824400,-274.000000,1.254128,8.032787
24.510774,-81.824400,-274.000000,1.230751,8.006936
25.030774,-81.824400,-274.000000,1.318130,8.083581
25.550774,-81.824400,-274.000000,1.314293,8.012959
26.070774,-81.824400,-274.000000,1.255434,8.005558
26.590774,-81.824400,-274.000000,1.302237,8.102741
27.110774,-81.824400,-274.000000,1.349254,8.027577
27.630774,-81.824400,-274.000000,1.270207,8.004477
28.150774,-81.824400,-274.000000,1.287242,8.041496
28.670774,-81.824400,-274.000000,1.237376,8.067247
29.190774,-81.824400,-274.000000,1.248534,8.008761
29.710774,-81.824400,-274.000000,1.309361,8.020477
30.230774,-81.824400,-274.000000,1.241336,7.976928
30.750774,-81.824400,-274.000000,1.232943,8.039216
31.270774,-81.824400,-274.000000,1.233412,7.995303
31.790774,-81.824400,-274.000000,1.297721,8.079357
32.310774,-81.824400,-274.000000,1.299151,8.035297
32.830774,-81.824400,-274.000000,1.256155,7.993976
33.350774,-81.824400,-274.000000,1.261623,8.022003
33.870774,-81.824400,-274.000000,1.252379,8.070793
34.390774,-81.824400,-274.000000,1.256525,7.989313
34.910774,-81.824400,-274.000000,1.232175,8.026594
35.430774,-81.824400,-274.000000,1.262927,8.048035
35.950774,-81.824400,-274.000000,1.229133,8.152221
36.470774,-81.824400,-274.000000,1.254985,7.970798
36.990774,-81.824400,-274.000000,1.323071,8.065131
37.510774,-81.824400,-274.000000,1.227861,7.940803
38.030774,-81.824400,-274.000000,1.265253,8.058877
38.550774,-81.824400,-274.000000,1.225145,7.960763
39.070774,-81.824400,-274.000000,1.298397,7.997138
39.590774,-81.824400,-274.000000,1.329519,8.001028
40.110774,-81.824400,-274.000000,1.275997,7.966094
40.630774,-81.824400,-274.000000,1.234637,7.990344
41.150774,-81.824400,-274.000000,1.304325,8.070957
41.670774,-81.824400,-274.000000,1.224477,7.960080
42.190774,-81.824400,-274.000000,1.258522,7.977696
42.710774,-81.824400,-274.000000,1.286322,7.996288
43.230774,-81.824400,-274.000000,1.278065,8.085316
43.750774,-81.824400,-274.000000,1.302303,7.995121
44.270774,-81.824400,-274.000000,1.314647,8.013779
44.790774,-81.824400,-274.000000,1.235930,8.005692
45.310774,-81.824400,-274.000000,1.265521,8.057956
45.830774,-81.824400,-274.000000,1.257141,8.040165
46.350774,-81.824400,-274.000000,1.226040,8.048740
46.870774,-81.824400,-274.000000,1.238220,8.035928
47.390774,-81.824400,-274.000000,1.197683,7.998773
47.910774,-81.824400,-274.000000,1.238591,7.949154
48.430774,-81.824400,-274.000000,1.217769,8.064948
48.950774,-81.824400,-274.000000,1.277504,7.988942
49.470774,-81.824400,-274.000000,1.291679,8.075963
49.990774,-81.824400,-274.000000,1.292468,7.915572
50.510774,-81.824400,-274.000000,1.287825,7.972581
51.030774,-81.824400,-274.000000,1.276887,8.011120
51.550774,-81.824400,-274.000000,1.269519,7.979860
52.070774,-81.824400,-274.000000,1.279651,8.099221
52.590774,-81.824400,-274.000000,1.291387,8.046866
53.110774,-81.824400,-274.000000,1.289977,8.003329
53.630774,-81.824400,-274.000000,1.288494,7.964541
54.150774,-81.824400,-274.000000,1.278935,8.015753
54.670774,-81.824400,-274.000000,1.216079,7.987807
55.190774,-81.824400,-274.000000,1.268053,8.081063
55.710774,-81.824400,-274.000000,1.282225,7.965077
56.230774,-81.824400,-274.000000,1.243011,8.010393
56.750774,-81.824400,-274.000000,1.323833,7.991710
57.270774,-81.824400,-274.000000,1.307874,7.980495
57.790774,-81.824400,-274.000000,1.277002,7.967175
58.310774,-81.824400,-274.000000,1.286980,7.999656
58.830774,-81.824400,-274.000000,1.269782,7.969853
59.350774,-81.824400,-274.000000,1.265547,8.022542
59.870774,-81.824400,-274.000000,1.327492,8.008593
60.390774,-81.824400,-274.000000,1.231384,8.034334
60.910774,-81.824400,-274.000000,1.240371,8.001874
61.430774,-81.824400,-274.000000,1.274256,7.971948
61.950774,-81.824400,-274.000000,1.250732,7.997768
62.470774,-81.824400,-274.000000,1.270692,7.978424
62.990774,-81.824400,-274.000000,1.228924,8.140235
63.510774,-81.824400,-274.000000,1.223891,7.985019
64.030774,-81.824400,-274.000000,1.263347,7.942531
64.550774,-81.824400,-274.000000,1.271714,8.040703
65.070774,-81.824400,-274.000000,1.266567,8.006284
65.590774,-81.824400,-274.000000,1.246565,8.004433
66.110774,-81.824400,-274.000000,1.269852,7.983512
66.630774,-81.824400,-274.000000,1.205260,7.976927
67.150774,-81.824400,-274.000000,1.232748,7.988081
67.670774,-81.824400,-274.000000,1.314603,7.996025
68.190774,-81.824400,-274.000000,1.248097,8.045448
68.710774,-81.824400,-274.000000,1.238395,8.057019
69.230774,-81.824400,-274.000000,1.250062,8.066439
69.750774,-81.824400,-274.000000,1.297774,8.006409
70.270774,-81.824400,-274.000000,1.271202,8.116941
70.790774,-81.824400,-274.000000,1.348482,8.111846
71.310774,-81.824400,-274.000000,1.301160,7.949734
71.830774,-81.824400,-274.000000,1.356383,7.996491
71.310774,-81.304400,-274.000000,1.307381,7.971989
13.590774,-82.344400,-273.000000,1.205915,7.804214
14.110774,-82.344400,-273.000000,1.210194,7.909903
14.630774,-82.344400,-273.000000,1.214399,7.944690
15.150774,-82.344400,-273.000000,1.243980,7.947439
15.670774,-82.344400,-273.000000,1.248176,8.016863
16.190774,-82.344400,-273.000000,1.219652,7.959813
16.710774,-82.344400,-273.000000,1.296709,7.935249
17.230774,-82.344400,-273.000000,1.253117,8.000425
17.750774,-82.344400,-273.000000,1.208387,7.989594
18.270774,-82.344400,-273.000000,1.233535,7.907413
18.790774,-82.344400,-273.000000,1.253977,8.021831
19.310774,-82.344400,-273.000000,1.253424,8.047007
19.830774,-82.344400,-273.000000,1.298561,7.960639
20.350774,-82.344400,-273.000000,1.239396,7.968004
20.870774,-82.344400,-273.000000,1.265859,8.010110
21.390774,-82.344400,-273.000000,1.233644,7.993357
21.910774,-82.344400,-273.000000,1.258489,8.049675
22.430774,-82.344400,-273.000000,1.246073,8.086826
22.950774,-82.344400,-273.000000,1.269982,8.059899
23.470774,-82.344400,-273.000000,1.226785,8.049008
23.990774,-82.344400,-273.000000,1.240312,7.944355
24.510774,-82.344400,-273.000000,1.253643,7.998116
25.030774,-82.344400,-273.000000,1.238564,8.005462
25.550774,-82.344400,-273.000000,1.230021,7.977148
26.070774,-82.344400,-273.000000,1.296743,7.985932
26.590774,-82.344400,-273.000000,1.253395,7.969509
27.110774,-82.344400,-273.000000,1.287405,8.183932
27.630774,-82.344400,-273.000000,1.260511,7.995846
28.150774,-82.344400,-273.000000,1.289353,8.009315
28.670774,-82.344400,-273.000000,1.284587,8.038764
29.190774,-82.344400,-273.000000,1.280631,7.950118
29.710774,-82.344400,-273.000000,1.210051,8.003303
30.230774,-82.344400,-273.000000,1.251034,8.083855
30.750774,-82.344400,-273.000000,1.275658,7.962535
31.270774,-82.344400,-273.000000,1.209325,7.968552
31.790774,-82.344400,-273.000000,1.246921,7.976604
32.310774,-82.344400,-273.000000,1.296682,8.042622
32.830774,-82.344400,-273.000000,1.298847,8.006202
33.350774,-82.344400,-273.000000,1.258020,8.017955
33.870774,-82.344400,-273.000000,1.240378,7.945352
34.390774,-82.344400,-273.000000,1.218778,7.930870
34.910774,-82.344400,-273.000000,1.274837,8.024127
35.430774,-82.344400,-273.000000,1.241338,7.983387
35.950774,-82.344400,-273.000000,1.280342,8.006384
36.470774,-82.344400,-273.000000,1.207948,8.041921
36.990774,-82.344400,-273.000000,1.204089,7.932470
37.510774,-82.344400,-273.000000,1.257721,7.948761
38.030774,-82.344400,-273.000000,1.259979,7.977732
38.550774,-82.344400,-273.000000,1.245769,8.063850
39.070774,-82.344400,-273.000000,1.241545,8.027797
39.590774,-82.344400,-273.000000,1.325230,8.049911
40.110774,-82.344400,-273.000000,1.299791,7.961723
40.630774,-82.344400,-273.000000,1.262875,8.008162
41.150774,-82.344400,-273.000000,1.241542,8.101083
41.670774,-82.344400,-273.000000,1.297089,8.004609
42.190774,-82.344400,-273.000000,1.296530,8.060623
42.710774,-82.344400,-273.000000,1.236237,7.982024
43.230774,-82.344400,-273.000000,1.261971,8.004687
43.750774,-82.344400,-273.000000,1.291758,8.037745
44.270774,-82.344400,-273.000000,1.272071,7.962644
44.790774,-82.344400,-273.000000,1.281069,8.039248
45.310774,-82.344400,-273.000000,1.273408,8.031344
45.830774,-82.344400,-273.000000,1.288275,7.987020
46.350774,-82.344400,-273.000000,1.253355,7.964924
46.870774,-82.344400,-273.000000,1.241661,8.035011
47.390774,-82.344400,-273.000000,1.264659,7.993562
47.910774,-82.344400,-273.000000,1.242734,7.989394
48.430774,-82.344400,-273.000000,1.293826,8.023266
48.950774,-82.344400,-273.000000,1.266703,7.948654
49.470774,-82.344400,-273.000000,1.303306,7.930429
49.990774,-82.344400,-273.000000,1.291013,7.969047
50.510774,-82.344400,-273.000000,1.260807,8.050379
51.030774,-82.344400,-273.000000,1.244486,8.016500
51.550774,-82.344400,-273.000000,1.282300,8.048816
52.070774,-82.344400,-273.000000,1.238488,8.015388
52.590774,-82.344400,-273.000000,1.243076,8.075532
53.110774,-82.344400,-273.000000,1.262376,8.064599
53.630774,-82.344400,-273.000000,1.257453,8.031814
54.150774,-82.344400,-273.000000,1.242882,7.978139
54.670774,-82.344400,-273.000000,1.232053,7.921452
55.190774,-82.344400,-273.000000,1.269317,7.947376
55.710774,-82.344400,-273.000000,1.266067,7.974485
56.230774,-82.344400,-273.000000,1.295558,8.053836
56.750774,-82.344400,-273.000000,1.256256,8.018964
57.270774,-82.344400,-273.000000,1.290064,7.971823
57.790774,-82.344400,-273.000000,1.276496,7.989369
58.310774,-82.344400,-273.000000,1.245202,8.097911
58.830774,-82.344400,-273.000000,1.275972,8.004096
59.350774,-82.344400,-273.000000,1.278667,7.988510
59.870774,-82.344400,-273.000000,1.269071,8.099731
60.390774,-82.344400,-273.000000,1.229955,7.957607
60.910774,-82.344400,-273.000000,1.221809,8.033492
61.430774,-82.344400,-273.000000,1.222477,7.919472
61.950774,-82.344400,-273.000000,1.271354,7.988822
62.470774,-82.344400,-273.000000,1.237107,8.097229
62.990774,-82.344400,-273.000000,1.271128,8.082208
63.510774,-82.344400,-273.000000,1.276000,7.931875
64.030774,-82.344400,-273.000000,1.282380,7.990987
64.550774,-82.344400,-273.000000,1.256954,7.976892
65.070774,-82.344400,-273.000000,1.238078,8.117161
65.590774,-82.344400,-273.000000,1.292487,8.043749
66.110774,-82.344400,-273.000000,1.283847,7.940578
66.630774,-82.344400,-273.000000,1.257100,8.025443
67.150774,-82.344400,-273.000000,1.216312,7.958490
67.670774,-82.344400,-273.000000,1.259055,7.979733
68.190774,-82.344400,-273.000000,1.277254,8.021892
68.710774,-82.344400,-273.000000,1.278528,8.045500
69.230774,-82.344400,-273.000000,1.249419,8.065815
69.750774,-82.344400,-273.000000,1.256260,7.991996
70.270774,-82.344400,-273.000000,1.271387,8.013889
70.790774,-82.344400,-273.000000,1.327047,7.952687
71.310774,-82.344400,-273.000000,1.257808,8.043311
71.830774,-82.344400,-273.000000,1.187895,7.986445
72.350774,-82.344400,-273.000000,1.285097,7.919735
72.870774,-82.344400,-273.000000,1.296741,7.948284
13.070774,-81.824400,-273.000000,1.205968,7.877106
13.590774,-81.824400,-273.000000,1.240760,7.922229
14.110774,-81.824400,-273.000000,1.204867,7.902802
14.630774,-81.824400,-273.000000,1.252192,7.948496
15.150774,-81.824400,-273.000000,1.244415,7.927368
15.670774,-81.824400,-273.000000,1.242793,8.021689
16.190774,-81.824400,-273.000000,1.274266,7.993759
16.710774,-81.824400,-273.000000,1.281653,7.944897
17.230774,-81.824400,-273.000000,1.243892,7.985239
17.750774,-81.824400,-273.000000,1.252667,8.032647
18.270774,-81.824400,-273.000000,1.236969,7.938409
18.790774,-81.824400,-273.000000,1.256412,8.036635
19.310774,-81.824400,-273.000000,1.319173,8.083418
19.830774,-81.824400,-273.000000,1.278470,7.972095
20.350774,-81.824400,-273.000000,1.254992,8.037361
20.870774,-81.824400,-273.000000,1.300723,8.066437
21.390774,-81.824400,-273.000000,1.250149,7.963139
21.910774,-81.824400,-273.000000,1.240098,8.045746
22.430774,-81.824400,-273.000000,1.262567,8.160770
22.950774,-81.824400,-273.000000,1.267592,8.048225
23.470774,-81.824400,-273.000000,1.258107,7.983424
23.990774,-81.824400,-273.000000,1.274274,7.974098
24.510774,-81.824400,-273.000000,1.244961,7.995821
25.030774,-81.824400,-273.000000,1.212719,7.984366
25.550774,-81.824400,-273.000000,1.260497,8.001089
26.070774,-81.824400,-273.000000,1.253999,8.004352
26.590774,-81.824400,-273.000000,1.240774,7.972549
27.110774,-81.824400,-273.000000,1.235803,8.084824
27.630774,-81.824400,-273.000000,1.302212,8.051070
28.150774,-81.824400,-273.000000,1.268669,8.034633
28.670774,-81.824400,-273.000000,1.254683,8.031219
29.190774,-81.824400,-273.000000,1.242350,7.973156
29.710774,-81.824400,-273.000000,1.257284,8.022940
30.230774,-81.824400,-273.000000,1.277143,8.033430
30.750774,-81.824400,-273.000000,1.271120,8.004916
31.270774,-81.824400,-273.000000,1.271939,7.975083
31.790774,-81.824400,-273.000000,1.289597,8.047722
32.310774,-81.824400,-273.000000,1.218725,7.986721
32.830774,-81.824400,-273.000000,1.342618,8.024841
33.350774,-81.824400,-273.000000,1.274700,8.044110
33.870774,-81.824400,-273.000000,1.259357,8.001715
34.390774,-81.824400,-273.000000,1.242969,7.999521
34.910774,-81.824400,-273.000000,1.264296,8.052549
35.430774,-81.824400,-273.000000,1.292092,7.970445
35.950774,-81.824400,-273.000000,1.232987,8.031074
36.470774,-81.824400,-273.000000,1.237015,8.006647
36.990774,-81.824400,-273.000000,1.267771,7.979974
37.510774,-81.824400,-273.000000,1.271516,8.001864
38.030774,-81.824400,-273.000000,1.286987,7.987272
38.550774,-81.824400,-273.000000,1.301355,8.089151
39.070774,-81.824400,-273.000000,1.244345,8.007544
39.590774,-81.824400,-273.000000,1.339830,8.043542
40.110774,-81.824400,-273.000000,1.254279,7.977923
40.630774,-81.824400,-273.000000,1.237661,8.008730
41.150774,-81.824400,-273.000000,1.297395,8.040874
41.670774,-81.824400,-273.000000,1.312499,8.128008
42.190774,-81.824400,-273.000000,1.306794,8.061383
42.710774,-81.824400,-273.000000,1.235883,7.969167
43.230774,-81.824400,-273.000000,1.237549,7.992867
43.750774,-81.824400,-273.000000,1.263375,8.032144
44.270774,-81.824400,-273.000000,1.276831,8.002539
44.790774,-81.824400,-273.000000,1.244724,8.002910
45.310774,-81.824400,-273.000000,1.251519,8.009271
45.830774,-81.824400,-273.000000,1.270274,7.981475
46.350774,-81.824400,-273.000000,1.249505,7.970289
46.870774,-81.824400,-273.000000,1.276806,8.058796
47.390774,-81.824400,-273.000000,1.213856,7.940381
47.910774,-81.824400,-273.000000,1.262510,8.022049
48.430774,-81.824400,-273.000000,1.371768,8.077884
48.950774,-81.824400,-273.000000,1.254709,7.939192
49.470774,-81.824400,-273.000000,1.269274,7.929237
49.990774,-81.824400,-273.000000,1.270347,8.000609
50.510774,-81.824400,-273.000000,1.239509,8.011575
51.030774,-81.824400,-273.000000,1.249169,7.977345
51.550774,-81.824400,-273.000000,1.300649,8.039723
52.070774,-81.824400,-273.000000,1.223124,8.009110
52.590774,-81.824400,-273.000000,1.254588,7.995361
53.110774,-81.824400,-273.000000,1.282550,8.089721
53.630774,-81.824400,-273.000000,1.252992,8.045176
54.150774,-81.824400,-273.000000,1.300503,7.966852
54.670774,-81.824400,-273.000000,1.250641,7.917105
55.190774,-81.824400,-273.000000,1.243635,7.956386
55.710774,-81.824400,-273.000000,1.270623,7.985512
56.230774,-81.824400,-273.000000,1.253892,7.979877
56.750774,-81.824400,-273.000000,1.324273,8.050652
57.270774,-81.824400,-273.000000,1.320456,8.112153
57.790774,-81.824400,-273.000000,1.278915,7.993825
58.310774,-81.824400,-273.000000,1.239917,8.104433
58.830774,-81.824400,-273.000000,1.291234,8.033438
59.350774,-81.824400,-273.000000,1.277639,7.993103
59.870774,-81.824400,-273.000000,1.297273,8.056036
60.390774,-81.824400,-273.000000,1.248295,7.984524
60.910774,-81.824400,-273.000000,1.241966,8.051871
61.430774,-81.824400,-273.000000,1.241955,7.984147
61.950774,-81.824400,-273.000000,1.257096,8.009490
62.470774,-81.824400,-273.000000,1.322150,8.009795
62.990774,-81.824400,-273.000000,1.289284,8.076867
63.510774,-81.824400,-273.000000,1.301811,7.951922
64.030774,-81.824400,-273.000000,1.296645,8.001547
64.550774,-81.824400,-273.000000,1.296933,7.990636
65.070774,-81.824400,-273.000000,1.296998,8.036950
65.590774,-81.824400,-273.000000,1.236907,7.982880
66.110774,-81.824400,-273.000000,1.245114,7.920396
66.630774,-81.824400,-273.000000,1.231492,8.063910
67.150774,-81.824400,-273.000000,1.270737,8.001174
67.670774,-81.824400,-273.000000,1.232031,7.985541
68.190774,-81.824400,-273.000000,1.286621,8.036693
68.710774,-81.824400,-273.000000,1.284995,7.989980
69.230774,-81.824400,-273.000000,1.264759,8.068593
69.750774,-81.824400,-273.000000,1.263286,8.032536
70.270774,-81.824400,-273.000000,1.315523,8.028294
70.790774,-81.824400,-273.000000,1.267408,7.973677
71.310774,-81.824400,-273.000000,1.232437,8.045000
71.830774,-81.824400,-273.000000,1.238691,8.037032
72.350774,-81.824400,-273.000000,1.217694,7.930943
72.870774,-81.824400,-273.000000,1.350305,8.019623
73.390774,-81.824400,-273.000000,1.322776,8.069654
72.870774,-81.304400,-273.000000,1.329241,8.005375
13.590774,-82.344400,-272.000000,1.320188,7.940444
14.110774,-82.344400,-272.000000,1.288797,7.939253
14.630774,-82.344400,-272.000000,1.245982,7.940466
15.150774,-82.344400,-272.000000,1.224355,7.924413
15.670774,-82.344400,-272.000000,1.254550,7.956213
16.190774,-82.344400,-272.000000,1.254782,8.003644
16.710774,-82.344400,-272.000000,1.247224,8.014555
17.230774,-82.344400,-272.000000,1.273230,7.973764
17.750774,-82.344400,-272.000000,1.308480,7.993736
18.270774,-82.344400,-272.000000,1.263627,8.016851
18.790774,-82.344400,-272.000000,1.220310,7.959488
19.310774,-82.344400,-272.000000,1.205820,8.018875
19.830774,-82.344400,-272.000000,1.300550,8.005962
20.350774,-82.344400,-272.000000,1.277424,7.964315
20.870774,-82.344400,-272.000000,1.278944,7.989984
21.390774,-82.344400,-272.000000,1.234966,8.021715
21.910774,-82.344400,-272.000000,1.252796,7.958046
22.430774,-82.344400,-272.000000,1.283678,8.048756
22.950774,-82.344400,-272.000000,1.246489,8.014278
23.470774,-82.344400,-272.000000,1.248567,7.964654
23.990774,-82.344400,-272.000000,1.259671,7.951468
24.510774,-82.344400,-272.000000,1.281839,7.963454
25.030774,-82.344400,-272.000000,1.245437,7.985397
25.550774,-82.344400,-272.000000,1.289821,8.017409
26.070774,-82.344400,-272.000000,1.266752,7.959087
26.590774,-82.344400,-272.000000,1.274522,8.011107
27.110774,-82.344400,-272.000000,1.300060,8.112568
27.630774,-82.344400,-272.000000,1.205509,7.988175
28.150774,-82.344400,-272.000000,1.231550,8.009193
28.670774,-82.344400,-272.000000,1.238786,7.935026
29.190774,-82.344400,-272.000000,1.219653,8.014022
29.710774,-82.344400,-272.000000,1.241598,8.108504
30.230774,-82.344400,-272.000000,1.263243,8.088913
30.750774,-82.344400,-272.000000,1.272411,7.973477
31.270774,-82.344400,-272.000000,1.253420,8.017738
31.790774,-82.344400,-272.000000,1.312958,7.971931
32.310774,-82.344400,-272.000000,1.371272,8.091544
32.830774,-82.344400,-272.000000,1.232586,8.045829
33.350774,-82.344400,-272.000000,1.248028,7.957676
33.870774,-82.344400,-272.000000,1.257971,7.956217
34.390774,-82.344400,-272.000000,1.206597,8.023726
34.910774,-82.344400,-272.000000,1.227883,8.026362
35.430774,-82.344400,-272.000000,1.211191,8.011657
35.950774,-82.344400,-272.000000,1.221621,7.956070
36.470774,-82.344400,-272.000000,1.253595,8.149465
36.990774,-82.344400,-272.000000,1.269212,8.026578
37.510774,-82.344400,-272.000000,1.255595,8.042807
38.030774,-82.344400,-272.000000,1.334191,8.002633
38.550774,-82.344400,-272.000000,1.292762,8.064304
39.070774,-82.344400,-272.000000,1.270401,8.049064
39.590774,-82.344400,-272.000000,1.264613,8.102087
40.110774,-82.344400,-272.000000,1.284179,8.007373
40.630774,-82.344400,-272.000000,1.271119,8.047553
41.150774,-82.344400,-272.000000,1.247330,7.994389
41.670774,-82.344400,-272.000000,1.246513,7.886609
42.190774,-82.344400,-272.000000,1.265964,7.926856
42.710774,-82.344400,-272.000000,1.238474,8.125213
43.230774,-82.344400,-272.000000,1.274223,7.996323
43.750774,-82.344400,-272.000000,1.300702,7.974094
44.270774,-82.344400,-272.000000,1.274140,7.980387
44.790774,-82.344400,-272.000000,1.244687,7.985090
45.310774,-82.344400,-272.000000,1.252487,8.084352
45.830774,-82.344400,-272.000000,1.240192,7.968700
46.350774,-82.344400,-272.000000,1.266020,8.046506
46.870774,-82.344400,-272.000000,1.250806,7.993454
47.390774,-82.344400,-272.000000,1.266042,8.020343
47.910774,-82.344400,-272.000000,1.234377,8.099700
48.430774,-82.344400,-272.000000,1.246508,7.973711
48.950774,-82.344400,-272.000000,1.295920,7.912367
49.470774,-82.344400,-272.000000,1.277534,8.058592
49.990774,-82.344400,-272.000000,1.239413,8.182973
50.510774,-82.344400,-272.000000,1.249682,7.939199
51.030774,-82.344400,-272.000000,1.326905,8.025445
51.550774,-82.344400,-272.000000,1.291409,7.972236
52.070774,-82.344400,-272.000000,1.290340,7.977729
52.590774,-82.344400,-272.000000,1.280192,8.039740
53.110774,-82.344400,-272.000000,1.249415,7.994057
53.630774,-82.344400,-272.000000,1.231641,8.052138
54.150774,-82.344400,-272.000000,1.281047,7.942165
54.670774,-82.344400,-272.000000,1.295077,8.001348
55.190774,-82.344400,-272.000000,1.257512,7.932609
55.710774,-82.344400,-272.000000,1.298114,8.025498
56.230774,-82.344400,-272.000000,1.269913,8.081388
56.750774,-82.344400,-272.000000,1.293636,8.024424
57.270774,-82.344400,-272.000000,1.275148,7.968880
57.790774,-82.344400,-272.000000,1.238541,7.981040
58.310774,-82.344400,-272.000000,1.267877,8.047287
58.830774,-82.344400,-272.000000,1.243014,7.940826
59.350774,-82.344400,-272.000000,1.316373,7.991113
59.870774,-82.344400,-272.000000,1.332714,8.080230
60.390774,-82.344400,-272.000000,1.299386,7.957057
60.910774,-82.344400,-272.000000,1.293826,7.981663
61.430774,-82.344400,-272.000000,1.279595,8.060324
61.950774,-82.344400,-272.000000,1.227742,7.982060
62.470774,-82.344400,-272.000000,1.298927,8.066064
62.990774,-82.344400,-272.000000,1.295226,7.969272
63.510774,-82.344400,-272.000000,1.223726,8.044057
64.030774,-82.344400,-272.000000,1.242278,8.009093
64.550774,-82.344400,-272.000000,1.293144,8.017452
65.070774,-82.344400,-272.000000,1.213326,7.940655
65.590774,-82.344400,-272.000000,1.253943,8.107842
66.110774,-82.344400,-272.000000,1.267971,7.958009
66.630774,-82.344400,-272.000000,1.255692,7.998196
67.150774,-82.344400,-272.000000,1.305511,7.983803
67.670774,-82.344400,-272.000000,1.242059,8.043935
68.190774,-82.344400,-272.000000,1.289195,7.973500
68.710774,-82.344400,-272.000000,1.299904,8.039975
69.230774,-82.344400,-272.000000,1.282717,8.043257
69.750774,-82.344400,-272.000000,1.252030,7.954483
70.270774,-82.344400,-272.000000,1.246596,8.086982
70.790774,-82.344400,-272.000000,1.224164,7.984829
71.310774,-82.344400,-272.000000,1.207822,8.067176
71.830774,-82.344400,-272.000000,1.283519,8.019710
72.350774,-82.344400,-272.000000,1.244539,7.991095
72.870774,-82.344400,-272.000000,1.308373,8.026778
73.390774,-82.344400,-272.000000,1.253143,7.925102
73.910774,-82.344400,-272.000000,1.219207,8.042212
74.430774,-82.344400,-272.000000,1.257716,8.007189
13.070774,-81.824400,-272.000000,1.265841,7.864663
13.590774,-81.824400,-272.000000,1.247351,7.915315
14.110774,-81.824400,-272.000000,1.262024,7.888929
14.630774,-81.824400,-272.000000,1.253954,7.941832
15.150774,-81.824400,-272.000000,1.266303,7.929025
15.670774,-81.824400,-272.000000,1.271020,7.968673
16.190774,-81.824400,-272.000000,1.234016,8.000033
16.710774,-81.824400,-272.000000,1.309289,8.003586
17.230774,-81.824400,-272.000000,1.200952,8.011550
17.750774,-81.824400,-272.000000,1.289130,7.974117
18.270774,-81.824400,-272.000000,1.262562,8.043792
18.790774,-81.824400,-272.000000,1.237001,7.967817
19.310774,-81.824400,-272.000000,1.230473,8.051167
19.830774,-81.824400,-272.000000,1.318444,8.001185
20.350774,-81.824400,-272.000000,1.241429,7.968286
20.870774,-81.824400,-272.000000,1.240728,8.014301
21.390774,-81.824400,-272.000000,1.256995,7.995105
21.910774,-81.824400,-272.000000,1.213649,7.942009
22.430774,-81.824400,-272.000000,1.258753,8.016052
22.950774,-81.824400,-272.000000,1.293955,8.016085
23.470774,-81.824400,-272.000000,1.233722,7.980979
23.990774,-81.824400,-272.000000,1.289575,7.985343
24.510774,-81.824400,-272.000000,1.250202,7.944129
25.030774,-81.824400,-272.000000,1.241734,7.998616
25.550774,-81.824400,-272.000000,1.243529,8.002983
26.070774,-81.824400,-272.000000,1.287592,7.964841
26.590774,-81.824400,-272.000000,1.271533,8.045822
27.110774,-81.824400,-272.000000,1.255564,8.157680
27.630774,-81.824400,-272.000000,1.241581,8.017813
28.150774,-81.824400,-272.000000,1.277624,8.044623
28.670774,-81.824400,-272.000000,1.239346,7.979846
29.190774,-81.824400,-272.000000,1.224015,7.985439
29.710774,-81.824400,-272.000000,1.288335,8.127733
30.230774,-81.824400,-272.000000,1.241695,8.050087
30.750774,-81.824400,-272.000000,1.263226,7.979672
31.270774,-81.824400,-272.000000,1.287770,7.979687
31.790774,-81.824400,-272.000000,1.268590,7.962752
32.310774,-81.824400,-272.000000,1.300487,8.019814
32.830774,-81.824400,-272.000000,1.238418,8.088810
33.350774,-81.824400,-272.000000,1.302746,8.005157
33.870774,-81.824400,-272.000000,1.250661,7.971687
34.390774,-81.824400,-272.000000,1.209922,8.043759
34.910774,-81.824400,-272.000000,1.217090,8.041592
35.430774,-81.824400,-272.000000,1.206107,7.992058
35.950774,-81.824400,-272.000000,1.215662,8.077974
36.470774,-81.824400,-272.000000,1.255338,8.118448
36.990774,-81.824400,-272.000000,1.245369,8.101375
37.510774,-81.824400,-272.000000,1.283196,8.067792
38.030774,-81.824400,-272.000000,1.275383,8.030444
38.550774,-81.824400,-272.000000,1.254125,8.029190
39.070774,-81.824400,-272.000000,1.266837,8.137741
39.590774,-81.824400,-272.000000,1.287264,8.126425
40.110774,-81.824400,-272.000000,1.311050,8.033543
40.630774,-81.824400,-272.000000,1.258938,8.030045
41.150774,-81.824400,-272.000000,1.241287,8.015314
41.670774,-81.824400,-272.000000,1.238509,7.912703
42.190774,-81.824400,-272.000000,1.258964,7.940998
42.710774,-81.824400,-272.000000,1.231456,8.009220
43.230774,-81.824400,-272.000000,1.244312,8.020771
43.750774,-81.824400,-272.000000,1.273485,7.998324
44.270774,-81.824400,-272.000000,1.275699,8.018847
44.790774,-81.824400,-272.000000,1.249729,8.004370
45.310774,-81.824400,-272.000000,1.221895,8.039476
45.830774,-81.824400,-272.000000,1.214966,7.979488
46.350774,-81.824400,-272.000000,1.308611,8.077265
46.870774,-81.824400,-272.000000,1.276716,7.998704
47.390774,-81.824400,-272.000000,1.279009,8.070813
47.910774,-81.824400,-272.000000,1.243026,8.073677
48.430774,-81.824400,-272.000000,1.239867,8.024762
48.950774,-81.824400,-272.000000,1.270338,7.934439
49.470774,-81.824400,-272.000000,1.294927,8.116184
49.990774,-81.824400,-272.000000,1.219040,8.142847
50.510774,-81.824400,-272.000000,1.223085,7.953103
51.030774,-81.824400,-272.000000,1.248098,7.968322
51.550774,-81.824400,-272.000000,1.252890,7.960820
52.070774,-81.824400,-272.000000,1.249913,7.980060
52.590774,-81.824400,-272.000000,1.253540,8.036852
53.110774,-81.824400,-272.000000,1.320840,8.010786
53.630774,-81.824400,-272.000000,1.300865,8.042411
54.150774,-81.824400,-272.000000,1.311967,8.008088
54.670774,-81.824400,-272.000000,1.273753,8.056472
55.190774,-81.824400,-272.000000,1.218409,7.943980
55.710774,-81.824400,-272.000000,1.289593,8.004592
56.230774,-81.824400,-272.000000,1.248622,8.039186
56.750774,-81.824400,-272.000000,1.252801,8.107168
57.270774,-81.824400,-272.000000,1.278853,8.020030
57.790774,-81.824400,-272.000000,1.263600,7.968723
58.310774,-81.824400,-272.000000,1.262882,8.062799
58.830774,-81.824400,-272.000000,1.262231,7.928161
59.350774,-81.824400,-272.000000,1.328774,7.984858
59.870774,-81.824400,-272.000000,1.301388,8.037839
60.390774,-81.824400,-272.000000,1.276669,7.985563
60.910774,-81.824400,-272.000000,1.287370,8.022100
61.430774,-81.824400,-272.000000,1.268278,8.055253
61.950774,-81.824400,-272.000000,1.285055,7.995931
62.470774,-81.824400,-272.000000,1.279008,8.060220
62.990774,-81.824400,-272.000000,1.276205,7.949183
63.510774,-81.824400,-272.000000,1.218412,8.060010
64.030774,-81.824400,-272.000000,1.249240,8.025788
64.550774,-81.824400,-272.000000,1.259601,7.981827
65.070774,-81.824400,-272.000000,1.261127,7.983670
65.590774,-81.824400,-272.000000,1.273660,8.092793
66.110774,-81.824400,-272.000000,1.295022,7.962150
66.630774,-81.824400,-272.000000,1.271136,8.027078
67.150774,-81.824400,-272.000000,1.262332,7.998069
67.670774,-81.824400,-272.000000,1.256484,7.994993
68.190774,-81.824400,-272.000000,1.293351,7.979035
68.710774,-81.824400,-272.000000,1.251242,8.052105
69.230774,-81.824400,-272.000000,1.235180,8.011858
69.750774,-81.824400,-272.000000,1.338490,7.939226
70.270774,-81.824400,-272.000000,1.237659,7.997470
70.790774,-81.824400,-272.000000,1.203761,7.979774
71.310774,-81.824400,-272.000000,1.272187,7.990364
71.830774,-81.824400,-272.000000,1.293023,8.099045
72.350774,-81.824400,-272.000000,1.246624,8.013525
72.870774,-81.824400,-272.000000,1.244112,8.049630
73.390774,-81.824400,-272.000000,1.245921,7.945763
73.910774,-81.824400,-272.000000,1.261383,8.061851
74.430774,-81.824400,-272.000000,1.305457,7.999706
74.950774,-81.824400,-272.000000,1.221018,8.016970
73.910774,-81.304400,-272.000000,1.279886,8.021006
74.430774,-81.304400,-272.000000,1.292451,8.033533
13.590774,-82.344400,-271.000000,1.277279,7.909351
14.110774,-82.344400,-271.000000,1.294690,8.034052
14.630774,-82.344400,-271.000000,1.257532,7.927493
15.150774,-82.344400,-271.000000,1.306266,8.019086
15.670774,-82.344400,-271.000000,1.278756,7.964174
16.190774,-82.344400,-271.000000,1.289942,7.971072
16.710774,-82.344400,-271.000000,1.269427,8.020205
17.230774,-82.344400,-271.000000,1.252718,8.023898
17.750774,-82.344400,-271.000000,1.294533,7.985616
18.270774,-82.344400,-271.000000,1.243481,7.987544
18.790774,-82.344400,-271.000000,1.239385,8.094707
19.310774,-82.344400,-271.000000,1.252022,7.982959
19.830774,-82.344400,-271.000000,1.232520,7.901498
20.350774,-82.344400,-271.000000,1.249894,8.015060
20.870774,-82.344400,-271.000000,1.263908,8.039219
21.390774,-82.344400,-271.000000,1.209499,8.009861
21.910774,-82.344400,-271.000000,1.210310,7.948855
22.430774,-82.344400,-271.000000,1.211862,7.946908
22.950774,-82.344400,-271.000000,1.236986,7.998666
23.470774,-82.344400,-271.000000,1.220002,7.956640
23.990774,-82.344400,-271.000000,1.270209,7.987820
24.510774,-82.344400,-271.000000,1.288890,8.017896
25.030774,-82.344400,-271.000000,1.313221,7.999899
25.550774,-82.344400,-271.000000,1.273664,7.997133
26.070774,-82.344400,-271.000000,1.226909,8.070938
26.590774,-82.344400,-271.000000,1.213218,8.049505
27.110774,-82.344400,-271.000000,1.283282,7.977940
27.630774,-82.344400,-271.000000,1.240065,7.973249
28.150774,-82.344400,-271.000000,1.246623,8.036926
28.670774,-82.344400,-271.000000,1.289536,7.997070
29.190774,-82.344400,-271.000000,1.248687,7.967968
29.710774,-82.344400,-271.000000,1.240305,7.959645
30.230774,-82.344400,-271.000000,1.260997,8.083282
30.750774,-82.344400,-271.000000,1.287477,8.002171
31.270774,-82.344400,-271.000000,1.256618,7.937428
31.790774,-82.344400,-271.000000,1.249281,7.935720
32.310774,-82.344400,-271.000000,1.256818,8.037905
32.830774,-82.344400,-271.000000,1.281244,8.030786
33.350774,-82.344400,-271.000000,1.231140,8.073682
33.870774,-82.344400,-271.000000,1.270995,8.022537
34.390774,-82.344400,-271.000000,1.260962,8.010395
34.910774,-82.344400,-271.000000,1.263965,8.013864
35.430774,-82.344400,-271.000000,1.254392,7.923999
35.950774,-82.344400,-271.000000,1.236384,7.916980
36.470774,-82.344400,-271.000000,1.287836,7.990205
36.990774,-82.344400,-271.000000,1.217361,7.956430
37.510774,-82.344400,-271.000000,1.221453,8.026732
38.030774,-82.344400,-271.000000,1.249287,8.110410
38.550774,-82.344400,-271.000000,1.252620,8.123119
39.070774,-82.344400,-271.000000,1.251442,8.051386
39.590774,-82.344400,-271.000000,1.223881,8.022184
40.110774,-82.344400,-271.000000,1.263827,7.955855
40.630774,-82.344400,-271.000000,1.277225,7.907443
41.150774,-82.344400,-271.000000,1.277073,7.923670
41.670774,-82.344400,-271.000000,1.224221,7.918705
42.190774,-82.344400,-271.000000,1.275213,7.999190
42.710774,-82.344400,-271.000000,1.286096,8.019557
43.230774,-82.344400,-271.000000,1.312571,8.079210
43.750774,-82.344400,-271.000000,1.231638,8.020838
44.270774,-82.344400,-271.000000,1.225843,7.954803
44.790774,-82.344400,-271.000000,1.318883,8.021709
45.310774,-82.344400,-271.000000,1.247461,7.961340
45.830774,-82.344400,-271.000000,1.248688,8.113051
46.350774,-82.344400,-271.000000,1.250411,8.028366
46.870774,-82.344400,-271.000000,1.243366,7.951698
47.390774,-82.344400,-271.000000,1.281177,8.004511
47.910774,-82.344400,-271.000000,1.239050,7.966792
48.430774,-82.344400,-271.000000,1.254915,8.004868
48.950774,-82.344400,-271.000000,1.261429,7.981907
49.470774,-82.344400,-271.000000,1.271756,7.988356
49.990774,-82.344400,-271.000000,1.283488,8.027660
50.510774,-82.344400,-271.000000,1.277326,8.025510
51.030774,-82.344400,-271.000000,1.245680,7.961671
51.550774,-82.344400,-271.000000,1.222177,8.025482
52.070774,-82.344400,-271.000000,1.232582,7.947863
52.590774,-82.344400,-271.000000,1.238212,7.946168
53.110774,-82.344400,-271.000000,1.270951,8.029127
53.630774,-82.344400,-271.000000,1.256173,7.995523
54.150774,-82.344400,-271.000000,1.278904,7.984838
54.670774,-82.344400,-271.000000,1.256086,8.013065
55.190774,-82.344400,-271.000000,1.248402,8.027787
55.710774,-82.344400,-271.000000,1.261578,7.945704
56.230774,-82.344400,-271.000000,1.224582,7.932637
56.750774,-82.344400,-271.000000,1.221797,8.005988
57.270774,-82.344400,-271.000000,1.274165,7.962444
57.790774,-82.344400,-271.000000,1.251161,7.989897
58.310774,-82.344400,-271.000000,1.246175,7.944643
58.830774,-82.344400,-271.000000,1.290568,8.008442
59.350774,-82.344400,-271.000000,1.234884,8.010157
59.870774,-82.344400,-271.000000,1.278475,8.010975
60.390774,-82.344400,-271.000000,1.224510,8.138500
60.910774,-82.344400,-271.000000,1.258122,7.958717
61.430774,-82.344400,-271.000000,1.242741,7.963857
61.950774,-82.344400,-271.000000,1.287101,8.024871
62.470774,-82.344400,-271.000000,1.248418,8.151755
62.990774,-82.344400,-271.000000,1.247264,7.972692
63.510774,-82.344400,-271.000000,1.263831,8.015107
64.030774,-82.344400,-271.000000,1.236317,7.998018
64.550774,-82.344400,-271.000000,1.293877,7.993670
65.070774,-82.344400,-271.000000,1.245831,8.034865
65.590774,-82.344400,-271.000000,1.227075,8.047838
66.110774,-82.344400,-271.000000,1.261698,8.046474
66.630774,-82.344400,-271.000000,1.239429,7.950127
67.150774,-82.344400,-271.000000,1.249445,7.947380
67.670774,-82.344400,-271.000000,1.289211,8.019246
68.190774,-82.344400,-271.000000,1.302429,8.095141
68.710774,-82.344400,-271.000000,1.290814,8.036542
69.230774,-82.344400,-271.000000,1.290380,7.998076
69.750774,-82.344400,-271.000000,1.248770,7.916893
70.270774,-82.344400,-271.000000,1.288887,8.006515
70.790774,-82.344400,-271.000000,1.258502,7.986296
71.310774,-82.344400,-271.000000,1.241051,8.016785
71.830774,-82.344400,-271.000000,1.301399,7.999977
72.350774,-82.344400,-271.000000,1.267195,8.023311
72.870774,-82.344400,-271.000000,1.278706,8.012727
73.390774,-82.344400,-271.000000,1.323918,8.003066
73.910774,-82.344400,-271.000000,1.295736,8.004344
74.430774,-82.344400,-271.000000,1.300161,8.005281
74.950774,-82.344400,-271.000000,1.234482,8.000915
75.470774,-82.344400,-271.000000,1.245892,8.054766
75.990774,-82.344400,-271.000000,1.303947,8.044388
13.070774,-81.824400,-271.000000,1.230227,7.887227
13.590774,-81.824400,-271.000000,1.308500,7.913766
14.110774,-81.824400,-271.000000,1.306963,7.998788
14.630774,-81.824400,-271.000000,1.262041,7.895425
15.150774,-81.824400,-271.000000,1.199366,7.957040
15.670774,-81.824400,-271.000000,1.279147,7.987430
16.190774,-81.824400,-271.000000,1.276354,7.988046
16.710774,-81.824400,-271.000000,1.327579,8.006982
17.230774,-81.824400,-271.000000,1.303395,7.973499
17.750774,-81.824400,-271.000000,1.298495,7.992221
18.270774,-81.824400,-271.000000,1.252710,7.994381
18.790774,-81.824400,-271.000000,1.218012,7.953116
19.310774,-81.824400,-271.000000,1.238455,8.002604
19.830774,-81.824400,-271.000000,1.248123,7.898887
20.350774,-81.824400,-271.000000,1.282970,8.035030
20.870774,-81.824400,-271.000000,1.311843,8.053203
21.390774,-81.824400,-271.000000,1.246727,7.984663
21.910774,-81.824400,-271.000000,1.243027,7.922730
22.430774,-81.824400,-271.000000,1.214495,7.965665
22.950774,-81.824400,-271.000000,1.295550,8.042386
23.470774,-81.824400,-271.000000,1.284781,7.974445
23.990774,-81.824400,-271.000000,1.284356,7.979990
24.510774,-81.824400,-271.000000,1.278032,7.997197
25.030774,-81.824400,-271.000000,1.232382,7.977006
25.550774,-81.824400,-271.000000,1.279420,8.011156
26.070774,-81.824400,-271.000000,1.270006,8.045880
26.590774,-81.824400,-271.000000,1.269429,8.062799
27.110774,-81.824400,-271.000000,1.230541,7.964716
27.630774,-81.824400,-271.000000,1.241674,7.941017
28.150774,-81.824400,-271.000000,1.264148,8.025572
28.670774,-81.824400,-271.000000,1.238081,8.001861
29.190774,-81.824400,-271.000000,1.267419,7.990237
29.710774,-81.824400,-271.000000,1.240098,7.979273
30.230774,-81.824400,-271.000000,1.273075,8.052051
30.750774,-81.824400,-271.000000,1.292200,7.957538
31.270774,-81.824400,-271.000000,1.257867,7.960891
31.790774,-81.824400,-271.000000,1.218381,7.944897
32.310774,-81.824400,-271.000000,1.246309,7.999809
32.830774,-81.824400,-271.000000,1.214105,7.985923
33.350774,-81.824400,-271.000000,1.255844,8.044360
33.870774,-81.824400,-271.000000,1.279931,8.049537
34.390774,-81.824400,-271.000000,1.226277,8.031921
34.910774,-81.824400,-271.000000,1.242961,7.986505
35.430774,-81.824400,-271.000000,1.230602,7.940254
35.950774,-81.824400,-271.000000,1.242701,7.962881
36.470774,-81.824400,-271.000000,1.297698,7.998673
36.990774,-81.824400,-271.000000,1.307040,8.010361
37.510774,-81.824400,-271.000000,1.255384,8.012215
38.030774,-81.824400,-271.000000,1.214475,8.062868
38.550774,-81.824400,-271.000000,1.239134,8.072270
39.070774,-81.824400,-271.000000,1.212221,8.083105
39.590774,-81.824400,-271.000000,1.217337,8.040046
40.110774,-81.824400,-271.000000,1.277185,7.941515
40.630774,-81.824400,-271.000000,1.276991,7.900769
41.150774,-81.824400,-271.000000,1.266671,7.931802
41.670774,-81.824400,-271.000000,1.256781,7.937837
42.190774,-81.824400,-271.000000,1.210286,8.030597
42.710774,-81.824400,-271.000000,1.278562,8.013954
43.230774,-81.824400,-271.000000,1.301611,8.075733
43.750774,-81.824400,-271.000000,1.231838,8.052192
44.270774,-81.824400,-271.000000,1.231735,7.971861
44.790774,-81.824400,-271.000000,1.290202,8.027644
45.310774,-81.824400,-271.000000,1.256745,7.979337
45.830774,-81.824400,-271.000000,1.230239,8.096860
46.350774,-81.824400,-271.000000,1.304296,8.021161
46.870774,-81.824400,-271.000000,1.361547,8.035243
47.390774,-81.824400,-271.000000,1.245722,8.018297
47.910774,-81.824400,-271.000000,1.251725,7.963491
48.430774,-81.824400,-271.000000,1.246201,8.000045
48.950774,-81.824400,-271.000000,1.237464,7.986793
49.470774,-81.824400,-271.000000,1.302105,7.998359
49.990774,-81.824400,-271.000000,1.237380,7.997346
50.510774,-81.824400,-271.000000,1.259338,8.016853
51.030774,-81.824400,-271.000000,1.253042,7.986163
51.550774,-81.824400,-271.000000,1.261523,7.981736
52.070774,-81.824400,-271.000000,1.243302,7.945766
52.590774,-81.824400,-271.000000,1.233144,7.971186
53.110774,-81.824400,-271.000000,1.249707,7.995527
53.630774,-81.824400,-271.000000,1.277254,7.987515
54.150774,-81.824400,-271.000000,1.271846,7.942677
54.670774,-81.824400,-271.000000,1.281274,8.118569
55.190774,-81.824400,-271.000000,1.237683,7.999703
55.710774,-81.824400,-271.000000,1.270523,7.986970
56.230774,-81.824400,-271.000000,1.239232,8.001353
56.750774,-81.824400,-271.000000,1.237631,7.974863
57.270774,-81.824400,-271.000000,1.185713,7.965435
57.790774,-81.824400,-271.000000,1.212855,7.981777
58.310774,-81.824400,-271.000000,1.293764,7.971918
58.830774,-81.824400,-271.000000,1.223321,8.069317
59.350774,-81.824400,-271.000000,1.274566,7.978498
59.870774,-81.824400,-271.000000,1.282530,8.048298
60.390774,-81.824400,-271.000000,1.209131,7.989574
60.910774,-81.824400,-271.000000,1.257902,8.007446
61.430774,-81.824400,-271.000000,1.225410,7.992122
61.950774,-81.824400,-271.000000,1.278324,8.012973
62.470774,-81.824400,-271.000000,1.264961,8.135098
62.990774,-81.824400,-271.000000,1.224640,7.983991
63.510774,-81.824400,-271.000000,1.221956,8.050376
64.030774,-81.824400,-271.000000,1.248662,8.072953
64.550774,-81.824400,-271.000000,1.251584,7.986968
65.070774,-81.824400,-271.000000,1.255758,8.037917
65.590774,-81.824400,-271.000000,1.258247,8.103887
66.110774,-81.824400,-271.000000,1.241803,8.069702
66.630774,-81.824400,-271.000000,1.230446,7.998614
67.150774,-81.824400,-271.000000,1.239051,7.988561
67.670774,-81.824400,-271.000000,1.261496,8.023869
68.190774,-81.824400,-271.000000,1.324478,8.092304
68.710774,-81.824400,-271.000000,1.269800,8.017463
69.230774,-81.824400,-271.000000,1.262340,7.985701
69.750774,-81.824400,-271.000000,1.277335,7.973816
70.270774,-81.824400,-271.000000,1.275930,8.025307
70.790774,-81.824400,-271.000000,1.256250,8.013526
71.310774,-81.824400,-271.000000,1.337555,8.053704
71.830774,-81.824400,-271.000000,1.249784,8.008239
72.350774,-81.824400,-271.000000,1.300502,8.042438
72.870774,-81.824400,-271.000000,1.288628,8.011741
73.390774,-81.824400,-271.000000,1.306470,7.997514
73.910774,-81.824400,-271.000000,1.272786,8.017980
74.430774,-81.824400,-271.000000,1.225450,7.987796
74.950774,-81.824400,-271.000000,1.229462,8.010720
75.470774,-81.824400,-271.000000,1.208817,8.023149
75.990774,-81.824400,-271.000000,1.253645,8.020586
13.590774,-82.344400,-270.000000,1.224469,7.911535
14.110774,-82.344400,-270.000000,1.230774,7.930424
14.630774,-82.344400,-270.000000,1.214429,7.953306
15.150774,-82.344400,-270.000000,1.227578,7.966105
15.670774,-82.344400,-270.000000,1.300165,7.984393
16.190774,-82.344400,-270.000000,1.273412,7.931487
16.710774,-82.344400,-270.000000,1.218639,7.896956
17.230774,-82.344400,-270.000000,1.280011,7.962224
17.750774,-82.344400,-270.000000,1.235818,7.899324
18.270774,-82.344400,-270.000000,1.209041,7.911557
18.790774,-82.344400,-270.000000,1.264242,7.943566
19.310774,-82.344400,-270.000000,1.282184,7.945383
19.830774,-82.344400,-270.000000,1.302489,7.955431
20.350774,-82.344400,-270.000000,1.263464,8.067062
20.870774,-82.344400,-270.000000,1.304592,8.082023
21.390774,-82.344400,-270.000000,1.262523,7.998638
21.910774,-82.344400,-270.000000,1.214738,8.058652
22.430774,-82.344400,-270.000000,1.214537,7.972299
22.950774,-82.344400,-270.000000,1.286487,7.929884
23.470774,-82.344400,-270.000000,1.268474,7.958409
23.990774,-82.344400,-270.000000,1.248792,7.981924
24.510774,-82.344400,-270.000000,1.226146,8.005727
25.030774,-82.344400,-270.000000,1.271700,8.010736
25.550774,-82.344400,-270.000000,1.297336,7.996529
26.070774,-82.344400,-270.000000,1.281371,7.989899
26.590774,-82.344400,-270.000000,1.319249,8.048093
27.110774,-82.344400,-270.000000,1.260292,7.971946
27.630774,-82.344400,-270.000000,1.218153,8.017750
28.150774,-82.344400,-270.000000,1.274006,8.097504
28.670774,-82.344400,-270.000000,1.271014,8.076915
29.190774,-82.344400,-270.000000,1.324152,8.051714
29.710774,-82.344400,-270.000000,1.266428,8.033873
30.230774,-82.344400,-270.000000,1.231229,7.990467
30.750774,-82.344400,-270.000000,1.254730,8.014858
31.270774,-82.344400,-270.000000,1.263264,8.017863
31.790774,-82.344400,-270.000000,1.240022,7.945397
32.310774,-82.344400,-270.000000,1.246936,7.945162
32.830774,-82.344400,-270.000000,1.265642,8.067646
33.350774,-82.344400,-270.000000,1.279655,7.994032
33.870774,-82.344400,-270.000000,1.215235,7.989682
34.390774,-82.344400,-270.000000,1.308949,8.011425
34.910774,-82.344400,-270.000000,1.312330,8.013024
35.430774,-82.344400,-270.000000,1.286010,7.976081
35.950774,-82.344400,-270.000000,1.302446,8.088993
36.470774,-82.344400,-270.000000,1.240471,8.019989
36.990774,-82.344400,-270.000000,1.245998,8.003061
37.510774,-82.344400,-270.000000,1.269649,8.024016
38.030774,-82.344400,-270.000000,1.265371,7.874608
38.550774,-82.344400,-270.000000,1.259874,7.999816
39.070774,-82.344400,-270.000000,1.250945,7.957477
39.590774,-82.344400,-270.000000,1.270037,8.023830
40.110774,-82.344400,-270.000000,1.273815,7.978173
40.630774,-82.344400,-270.000000,1.305437,8.091677
41.150774,-82.344400,-270.000000,1.249957,7.991353
41.670774,-82.344400,-270.000000,1.261410,8.090209
42.190774,-82.344400,-270.000000,1.225700,7.901592
42.710774,-82.344400,-270.000000,1.238030,8.009731
43.230774,-82.344400,-270.000000,1.238171,7.962281
43.750774,-82.344400,-270.000000,1.252640,8.019011
44.270774,-82.344400,-270.000000,1.242266,7.989007
44.790774,-82.344400,-270.000000,1.274335,8.106862
45.310774,-82.344400,-270.000000,1.246747,8.003578
45.830774,-82.344400,-270.000000,1.280600,7.995705
46.350774,-82.344400,-270.000000,1.259748,8.034978
46.870774,-82.344400,-270.000000,1.269476,7.940704
47.390774,-82.344400,-270.000000,1.233041,7.969360
47.910774,-82.344400,-270.000000,1.249240,7.997760
48.430774,-82.344400,-270.000000,1.211877,7.938769
48.950774,-82.344400,-270.000000,1.273687,8.032829
49.470774,-82.344400,-270.000000,1.305296,7.998056
49.990774,-82.344400,-270.000000,1.323748,8.056381
50.510774,-82.344400,-270.000000,1.249153,7.988851
51.030774,-82.344400,-270.000000,1.236186,8.021329
51.550774,-82.344400,-270.000000,1.258341,8.022703
52.070774,-82.344400,-270.000000,1.282698,8.016392
52.590774,-82.344400,-270.000000,1.211505,7.922746
53.110774,-82.344400,-270.000000,1.297421,8.070490
53.630774,-82.344400,-270.000000,1.219885,8.008143
54.150774,-82.344400,-270.000000,1.280087,8.045753
54.670774,-82.344400,-270.000000,1.260443,8.166455
55.190774,-82.344400,-270.000000,1.239677,8.049965
55.710774,-82.344400,-270.000000,1.276191,8.062534
56.230774,-82.344400,-270.000000,1.235216,8.024065
56.750774,-82.344400,-270.000000,1.266004,8.036218
57.270774,-82.344400,-270.000000,1.294920,8.039170
57.790774,-82.344400,-270.000000,1.246914,7.933515
58.310774,-82.344400,-270.000000,1.225013,7.969329
58.830774,-82.344400,-270.000000,1.285027,8.027758
59.350774,-82.344400,-270.000000,1.238645,7.953050
59.870774,-82.344400,-270.000000,1.277487,7.997797
60.390774,-82.344400,-270.000000,1.292586,8.023775
60.910774,-82.344400,-270.000000,1.297683,7.987016
61.430774,-82.344400,-270.000000,1.260897,8.007167
61.950774,-82.344400,-270.000000,1.233677,8.051131
62.470774,-82.344400,-270.000000,1.232119,8.011088
62.990774,-82.344400,-270.000000,1.247301,7.999874
63.510774,-82.344400,-270.000000,1.225274,7.998972
64.030774,-82.344400,-270.000000,1.211801,7.995327
64.550774,-82.344400,-270.000000,1.252128,8.014157
65.070774,-82.344400,-270.000000,1.247241,8.019060
65.590774,-82.344400,-270.000000,1.265758,7.946745
66.110774,-82.344400,-270.000000,1.277032,7.977343
66.630774,-82.344400,-270.000000,1.292401,8.044052
67.150774,-82.344400,-270.000000,1.316755,8.112280
67.670774,-82.344400,-270.000000,1.314784,8.045608
68.190774,-82.344400,-270.000000,1.248023,7.952214
68.710774,-82.344400,-270.000000,1.240467,8.041871
69.230774,-82.344400,-270.000000,1.273369,8.042463
69.750774,-82.344400,-270.000000,1.315166,8.040224
70.270774,-82.344400,-270.000000,1.203879,8.040220
70.790774,-82.344400,-270.000000,1.301388,7.953278
71.310774,-82.344400,-270.000000,1.220382,8.053769
71.830774,-82.344400,-270.000000,1.259467,7.926162
72.350774,-82.344400,-270.000000,1.236175,8.027285
72.870774,-82.344400,-270.000000,1.258968,8.018710
73.390774,-82.344400,-270.000000,1.298078,7.997959
73.910774,-82.344400,-270.000000,1.281659,8.081918
74.430774,-82.344400,-270.000000,1.253670,8.047818
74.950774,-82.344400,-270.000000,1.240683,7.962405
75.470774,-82.344400,-270.000000,1.250066,7.956904
75.990774,-82.344400,-270.000000,1.246947,8.010030
13.070774,-81.824400,-270.000000,1.235629,7.862410
13.590774,-81.824400,-270.000000,1.260713,7.897778
14.110774,-81.824400,-270.000000,1.221360,7.917924
14.630774,-81.824400,-270.000000,1.258730,7.943015
15.150774,-81.824400,-270.000000,1.232810,8.030699
15.670774,-81.824400,-270.000000,1.274716,8.070083
16.190774,-81.824400,-270.000000,1.232785,7.947695
16.710774,-81.824400,-270.000000,1.224653,7.897003
17.230774,-81.824400,-270.000000,1.271251,7.989894
17.750774,-81.824400,-270.000000,1.279384,7.926224
18.270774,-81.824400,-270.000000,1.227425,7.919347
18.790774,-81.824400,-270.000000,1.255051,8.023726
19.310774,-81.824400,-270.000000,1.232551,7.962396
19.830774,-81.824400,-270.000000,1.245867,7.975816
20.350774,-81.824400,-270.000000,1.287890,8.115823
20.870774,-81.824400,-270.000000,1.223891,8.047077
21.390774,-81.824400,-270.000000,1.245287,8.025620
21.910774,-81.824400,-270.000000,1.234329,8.061774
22.430774,-81.824400,-270.000000,1.200366,7.972978
22.950774,-81.824400,-270.000000,1.260713,7.916927
23.470774,-81.824400,-270.000000,1.224841,7.977777
23.990774,-81.824400,-270.000000,1.271022,7.979496
24.510774,-81.824400,-270.000000,1.228517,8.004976
25.030774,-81.824400,-270.000000,1.318117,8.011661
25.550774,-81.824400,-270.000000,1.264413,8.014848
26.070774,-81.824400,-270.000000,1.240545,7.991384
26.590774,-81.824400,-270.000000,1.292508,8.037800
27.110774,-81.824400,-270.000000,1.278149,8.013826
27.630774,-81.824400,-270.000000,1.258082,8.067710
28.150774,-81.824400,-270.000000,1.270716,8.137960
28.670774,-81.824400,-270.000000,1.312344,8.061461
29.190774,-81.824400,-270.000000,1.294080,8.066122
29.710774,-81.824400,-270.000000,1.241663,8.063209
30.230774,-81.824400,-270.000000,1.221250,8.006555
30.750774,-81.824400,-270.000000,1.322068,8.054317
31.270774,-81.824400,-270.000000,1.244982,8.057614
31.790774,-81.824400,-270.000000,1.282244,8.050229
32.310774,-81.824400,-270.000000,1.256661,7.968108
32.830774,-81.824400,-270.000000,1.276677,8.066117
33.350774,-81.824400,-270.000000,1.301133,8.005817
33.870774,-81.824400,-270.000000,1.268324,8.002986
34.390774,-81.824400,-270.000000,1.315551,8.039086
34.910774,-81.824400,-270.000000,1.287015,8.034724
35.430774,-81.824400,-270.000000,1.242071,7.965322
35.950774,-81.824400,-270.000000,1.295331,7.993840
36.470774,-81.824400,-270.000000,1.256964,8.049866
36.990774,-81.824400,-270.000000,1.300971,8.017983
37.510774,-81.824400,-270.000000,1.274901,8.002770
38.030774,-81.824400,-270.000000,1.228082,7.918316
38.550774,-81.824400,-270.000000,1.216010,7.994398
39.070774,-81.824400,-270.000000,1.218560,7.949760
39.590774,-81.824400,-270.000000,1.242862,8.076718
40.110774,-81.824400,-270.000000,1.251960,7.984439
40.630774,-81.824400,-270.000000,1.268557,8.073621
41.150774,-81.824400,-270.000000,1.222534,7.959521
41.670774,-81.824400,-270.000000,1.213543,8.091188
42.190774,-81.824400,-270.000000,1.254411,7.948770
42.710774,-81.824400,-270.000000,1.305377,8.049343
43.230774,-81.824400,-270.000000,1.250610,8.055424
43.750774,-81.824400,-270.000000,1.249932,8.001176
44.270774,-81.824400,-270.000000,1.284974,8.022200
44.790774,-81.824400,-270.000000,1.304814,8.141819
45.310774,-81.824400,-270.000000,1.280366,8.002951
45.830774,-81.824400,-270.000000,1.272639,8.020525
46.350774,-81.824400,-270.000000,1.289719,8.098708
46.870774,-81.824400,-270.000000,1.308392,7.937889
47.390774,-81.824400,-270.000000,1.314935,7.991277
47.910774,-81.824400,-270.000000,1.232262,7.978666
48.430774,-81.824400,-270.000000,1.195977,7.939066
48.950774,-81.824400,-270.000000,1.232965,8.011450
49.470774,-81.824400,-270.000000,1.301318,7.996978
49.990774,-81.824400,-270.000000,1.286143,8.018828
50.510774,-81.824400,-270.000000,1.276059,7.980684
51.030774,-81.824400,-270.000000,1.251678,8.041526
51.550774,-81.824400,-270.000000,1.245080,8.022587
52.070774,-81.824400,-270.000000,1.266280,7.988349
52.590774,-81.824400,-270.000000,1.235327,7.945176
53.110774,-81.824400,-270.000000,1.298531,8.060102
53.630774,-81.824400,-270.000000,1.235297,8.034488
54.150774,-81.824400,-270.000000,1.265098,8.026132
54.670774,-81.824400,-270.000000,1.231169,8.110323
55.190774,-81.824400,-270.000000,1.261985,8.039995
55.710774,-81.824400,-270.000000,1.294160,8.084670
56.230774,-81.824400,-270.000000,1.240167,8.045660
56.750774,-81.824400,-270.000000,1.228892,8.055976
57.270774,-81.824400,-270.000000,1.227221,7.993459
57.790774,-81.824400,-270.000000,1.267258,7.939892
58.310774,-81.824400,-270.000000,1.279754,7.964376
58.830774,-81.824400,-270.000000,1.232388,8.018564
59.350774,-81.824400,-270.000000,1.310278,7.986471
59.870774,-81.824400,-270.000000,1.294064,7.998450
60.390774,-81.824400,-270.000000,1.376339,8.117176
60.910774,-81.824400,-270.000000,1.266957,7.965859
61.430774,-81.824400,-270.000000,1.236512,8.028579
61.950774,-81.824400,-270.000000,1.243662,8.027979
62.470774,-81.824400,-270.000000,1.314184,8.000831
62.990774,-81.824400,-270.000000,1.267096,8.054412
63.510774,-81.824400,-270.000000,1.192489,7.951359
64.030774,-81.824400,-270.000000,1.214834,8.017556
64.550774,-81.824400,-270.000000,1.239223,8.036774
65.070774,-81.824400,-270.000000,1.255194,8.057465
65.590774,-81.824400,-270.000000,1.301434,7.981767
66.110774,-81.824400,-270.000000,1.257196,7.979622
66.630774,-81.824400,-270.000000,1.298031,8.075734
67.150774,-81.824400,-270.000000,1.280930,8.105341
67.670774,-81.824400,-270.000000,1.303241,8.029563
68.190774,-81.824400,-270.000000,1.291126,7.978706
68.710774,-81.824400,-270.000000,1.315171,8.033545
69.230774,-81.824400,-270.000000,1.270056,8.000429
69.750774,-81.824400,-270.000000,1.260215,8.060138
70.270774,-81.824400,-270.000000,1.307105,8.046708
70.790774,-81.824400,-270.000000,1.300963,7.979166
71.310774,-81.824400,-270.000000,1.257459,8.085292
71.830774,-81.824400,-270.000000,1.266281,8.025362
72.350774,-81.824400,-270.000000,1.304611,8.028491
72.870774,-81.824400,-270.000000,1.246596,8.010545
73.390774,-81.824400,-270.000000,1.297189,8.002383
73.910774,-81.824400,-270.000000,1.296290,8.108849
74.430774,-81.824400,-270.000000,1.242564,8.000574
74.950774,-81.824400,-270.000000,1.268333,7.961256
75.470774,-81.824400,-270.000000,1.274686,7.922221
75.990774,-81.824400,-270.000000,1.228942,7.974545
13.590774,-82.344400,-269.000000,1.260456,7.929119
14.110774,-82.344400,-269.000000,1.303804,8.002383
14.630774,-82.344400,-269.000000,1.209995,7.894029
15.150774,-82.344400,-269.000000,1.188479,7.917932
15.670774,-82.344400,-269.000000,1.187902,8.013146
16.190774,-82.344400,-269.000000,1.207047,7.908650
16.710774,-82.344400,-269.000000,1.264398,7.964350
17.230774,-82.344400,-269.000000,1.246037,8.041709
17.750774,-82.344400,-269.000000,1.227612,8.039291
18.270774,-82.344400,-269.000000,1.238842,7.994147
18.790774,-82.344400,-269.000000,1.253417,8.013118
19.310774,-82.344400,-269.000000,1.270337,8.008013
19.830774,-82.344400,-269.000000,1.257449,7.928575
20.350774,-82.344400,-269.000000,1.345674,8.072257
20.870774,-82.344400,-269.000000,1.276163,8.057096
21.390774,-82.344400,-269.000000,1.230663,7.960793
21.910774,-82.344400,-269.000000,1.298641,8.030950
22.430774,-82.344400,-269.000000,1.216475,8.051729
22.950774,-82.344400,-269.000000,1.259254,8.017545
23.470774,-82.344400,-269.000000,1.283726,7.974588
23.990774,-82.344400,-269.000000,1.254805,8.103631
24.510774,-82.344400,-269.000000,1.242751,7.969662
25.030774,-82.344400,-269.000000,1.251745,8.061191
25.550774,-82.344400,-269.000000,1.223644,8.001521
26.070774,-82.344400,-269.000000,1.238624,7.984716
26.590774,-82.344400,-269.000000,1.314822,8.031226
27.110774,-82.344400,-269.000000,1.255998,7.945546
27.630774,-82.344400,-269.000000,1.237957,8.027848
28.150774,-82.344400,-269.000000,1.246262,8.061672
28.670774,-82.344400,-269.000000,1.283428,7.979879
29.190774,-82.344400,-269.000000,1.239884,7.987724
29.710774,-82.344400,-269.000000,1.269891,8.107374
30.230774,-82.344400,-269.000000,1.223276,7.944653
30.750774,-82.344400,-269.000000,1.247436,8.034014
31.270774,-82.344400,-269.000000,1.210591,7.995155
31.790774,-82.344400,-269.000000,1.208140,8.012219
32.310774,-82.344400,-269.000000,1.239488,8.004368
32.830774,-82.344400,-269.000000,1.258250,8.034410
33.350774,-82.344400,-269.000000,1.262330,7.939629
33.870774,-82.344400,-269.000000,1.273364,7.995649
34.390774,-82.344400,-269.000000,1.289084,7.984554
34.910774,-82.344400,-269.000000,1.342840,8.063989
35.430774,-82.344400,-269.000000,1.299225,8.011743
35.950774,-82.344400,-269.000000,1.352190,8.085011
36.470774,-82.344400,-269.000000,1.212590,7.960685
36.990774,-82.344400,-269.000000,1.239915,7.960938
37.510774,-82.344400,-269.000000,1.260705,7.993318
38.030774,-82.344400,-269.000000,1.338267,8.061852
38.550774,-82.344400,-269.000000,1.278211,8.022778
39.070774,-82.344400,-269.000000,1.236826,7.993914
39.590774,-82.344400,-269.000000,1.265068,7.972982
40.110774,-82.344400,-269.000000,1.230844,8.017423
40.630774,-82.344400,-269.000000,1.260651,7.926676
41.150774,-82.344400,-269.000000,1.252920,7.949253
41.670774,-82.344400,-269.000000,1.242316,7.993069
42.190774,-82.344400,-269.000000,1.271794,8.102001
42.710774,-82.344400,-269.000000,1.245583,7.976946
43.230774,-82.344400,-269.000000,1.298467,8.021726
43.750774,-82.344400,-269.000000,1.248474,7.996197
44.270774,-82.344400,-269.000000,1.228398,7.953008
44.790774,-82.344400,-269.000000,1.234853,7.958318
45.310774,-82.344400,-269.000000,1.239160,7.991794
45.830774,-82.344400,-269.000000,1.225368,7.949507
46.350774,-82.344400,-269.000000,1.318204,8.091938
46.870774,-82.344400,-269.000000,1.270548,8.031017
47.390774,-82.344400,-269.000000,1.233548,8.057924
47.910774,-82.344400,-269.000000,1.294053,8.120570
48.430774,-82.344400,-269.000000,1.258804,8.013981
48.950774,-82.344400,-269.000000,1.247521,7.970771
49.470774,-82.344400,-269.000000,1.308460,7.927973
49.990774,-82.344400,-269.000000,1.294975,8.068969
50.510774,-82.344400,-269.000000,1.274881,7.930856
51.030774,-82.344400,-269.000000,1.287275,7.978678
51.550774,-82.344400,-269.000000,1.272680,8.002340
52.070774,-82.344400,-269.000000,1.245941,7.926802
52.590774,-82.344400,-269.000000,1.300500,8.061021
53.110774,-82.344400,-269.000000,1.241951,8.062501
53.630774,-82.344400,-269.000000,1.290156,8.080134
54.150774,-82.344400,-269.000000,1.295840,8.077007
54.670774,-82.344400,-269.000000,1.272766,8.109859
55.190774,-82.344400,-269.000000,1.284851,8.015929
55.710774,-82.344400,-269.000000,1.277792,7.961409
56.230774,-82.344400,-269.000000,1.245420,8.009915
56.750774,-82.344400,-269.000000,1.217309,7.959503
57.270774,-82.344400,-269.000000,1.291826,7.962763
57.790774,-82.344400,-269.000000,1.242999,7.993234
58.310774,-82.344400,-269.000000,1.248712,8.046814
58.830774,-82.344400,-269.000000,1.241796,7.983217
59.350774,-82.344400,-269.000000,1.233559,8.007885
59.870774,-82.344400,-269.000000,1.291608,8.042171
60.390774,-82.344400,-269.000000,1.256321,7.972265
60.910774,-82.344400,-269.000000,1.272239,7.987500
61.430774,-82.344400,-269.000000,1.259299,8.048129
61.950774,-82.344400,-269.000000,1.279985,8.085970
62.470774,-82.344400,-269.000000,1.300628,8.065011
62.990774,-82.344400,-269.000000,1.227735,8.031162
63.510774,-82.344400,-269.000000,1.223106,8.031700
64.030774,-82.344400,-269.000000,1.258121,8.097677
64.550774,-82.344400,-269.000000,1.287093,7.969836
65.070774,-82.344400,-269.000000,1.255220,8.006445
65.590774,-82.344400,-269.000000,1.266559,8.085739
66.110774,-82.344400,-269.000000,1.259683,8.040163
66.630774,-82.344400,-269.000000,1.305730,8.013576
67.150774,-82.344400,-269.000000,1.335781,8.036455
67.670774,-82.344400,-269.000000,1.286883,7.986989
68.190774,-82.344400,-269.000000,1.254195,7.960468
68.710774,-82.344400,-269.000000,1.196996,8.035778
69.230774,-82.344400,-269.000000,1.225811,7.949203
69.750774,-82.344400,-269.000000,1.230245,8.000957
70.270774,-82.344400,-269.000000,1.244589,8.068874
70.790774,-82.344400,-269.000000,1.307564,8.032797
71.310774,-82.344400,-269.000000,1.240816,7.949042
71.830774,-82.344400,-269.000000,1.232054,7.988547
72.350774,-82.344400,-269.000000,1.228716,8.002871
72.870774,-82.344400,-269.000000,1.247643,7.975557
73.390774,-82.344400,-269.000000,1.264741,8.042341
73.910774,-82.344400,-269.000000,1.251101,7.997007
74.430774,-82.344400,-269.000000,1.260040,8.061746
74.950774,-82.344400,-269.000000,1.268213,7.977079
75.470774,-82.344400,-269.000000,1.284743,7.998202
75.990774,-82.344400,-269.000000,1.299345,8.077163
13.070774,-81.824400,-269.000000,1.223953,8.052822
13.590774,-81.824400,-269.000000,1.280827,7.907474
14.110774,-81.824400,-269.000000,1.263998,7.967096
14.630774,-81.824400,-269.000000,1.261554,7.924348
15.150774,-81.824400,-269.000000,1.231262,7.929453
15.670774,-81.824400,-269.000000,1.249932,8.083337
16.190774,-81.824400,-269.000000,1.206982,7.909833
16.710774,-81.824400,-269.000000,1.206024,7.938584
17.230774,-81.824400,-269.000000,1.229164,7.966998
17.750774,-81.824400,-269.000000,1.273113,8.053196
18.270774,-81.824400,-269.000000,1.265414,7.985158
18.790774,-81.824400,-269.000000,1.246208,8.028627
19.310774,-81.824400,-269.000000,1.241775,8.052160
19.830774,-81.824400,-269.000000,1.251688,7.980306
20.350774,-81.824400,-269.000000,1.249720,8.061874
20.870774,-81.824400,-269.000000,1.264775,8.023382
21.390774,-81.824400,-269.000000,1.318591,7.971295
21.910774,-81.824400,-269.000000,1.327816,8.032124
22.430774,-81.824400,-269.000000,1.236339,8.005752
22.950774,-81.824400,-269.000000,1.233307,8.054006
23.470774,-81.824400,-269.000000,1.264976,8.032743
23.990774,-81.824400,-269.000000,1.321993,8.043969
24.510774,-81.824400,-269.000000,1.288867,7.984884
25.030774,-81.824400,-269.000000,1.280318,8.008223
25.550774,-81.824400,-269.000000,1.270660,8.012616
26.070774,-81.824400,-269.000000,1.253510,7.980050
26.590774,-81.824400,-269.000000,1.230841,8.014631
27.110774,-81.824400,-269.000000,1.248266,8.024522
27.630774,-81.824400,-269.000000,1.283727,8.031760
28.150774,-81.824400,-269.000000,1.245870,8.118603
28.670774,-81.824400,-269.000000,1.249222,7.979573
29.190774,-81.824400,-269.000000,1.248286,7.997729
29.710774,-81.824400,-269.000000,1.257605,8.134594
30.230774,-81.824400,-269.000000,1.260205,7.962834
30.750774,-81.824400,-269.000000,1.259465,8.031253
31.270774,-81.824400,-269.000000,1.210811,7.973142
31.790774,-81.824400,-269.000000,1.229749,8.021903
32.310774,-81.824400,-269.000000,1.286353,8.002994
32.830774,-81.824400,-269.000000,1.263145,8.013940
33.350774,-81.824400,-269.000000,1.321376,8.009922
33.870774,-81.824400,-269.000000,1.304718,7.996860
34.390774,-81.824400,-269.000000,1.270379,7.999579
34.910774,-81.824400,-269.000000,1.271338,8.017953
35.430774,-81.824400,-269.000000,1.237221,7.982146
35.950774,-81.824400,-269.000000,1.287497,8.014420
36.470774,-81.824400,-269.000000,1.259360,8.026152
36.990774,-81.824400,-269.000000,1.290663,7.972607
37.510774,-81.824400,-269.000000,1.286341,8.004948
38.030774,-81.824400,-269.000000,1.274005,8.064108
38.550774,-81.824400,-269.000000,1.270678,8.002844
39.070774,-81.824400,-269.000000,1.248533,7.976373
39.590774,-81.824400,-269.000000,1.278762,7.969639
40.110774,-81.824400,-269.000000,1.270199,8.011118
40.630774,-81.824400,-269.000000,1.242663,7.987139
41.150774,-81.824400,-269.000000,1.271296,7.997054
41.670774,-81.824400,-269.000000,1.257275,8.023351
42.190774,-81.824400,-269.000000,1.235873,8.061305
42.710774,-81.824400,-269.000000,1.267015,8.017056
43.230774,-81.824400,-269.000000,1.263637,7.974753
43.750774,-81.824400,-269.000000,1.280522,8.007640
44.270774,-81.824400,-269.000000,1.243078,7.996030
44.790774,-81.824400,-269.000000,1.252022,7.914542
45.310774,-81.824400,-269.000000,1.220212,7.981034
45.830774,-81.824400,-269.000000,1.241022,7.943300
46.350774,-81.824400,-269.000000,1.249483,8.082571
46.870774,-81.824400,-269.000000,1.294340,8.033320
47.390774,-81.824400,-269.000000,1.287525,8.083204
47.910774,-81.824400,-269.000000,1.285803,8.084673
48.430774,-81.824400,-269.000000,1.272483,8.011060
48.950774,-81.824400,-269.000000,1.284514,7.971225
49.470774,-81.824400,-269.000000,1.263608,7.962342
49.990774,-81.824400,-269.000000,1.324432,8.053493
50.510774,-81.824400,-269.000000,1.245749,7.946796
51.030774,-81.824400,-269.000000,1.321690,7.976634
51.550774,-81.824400,-269.000000,1.268971,8.014125
52.070774,-81.824400,-269.000000,1.223449,7.915245
52.590774,-81.824400,-269.000000,1.227934,7.928222
53.110774,-81.824400,-269.000000,1.252557,8.096520
53.630774,-81.824400,-269.000000,1.347782,8.024878
54.150774,-81.824400,-269.000000,1.321984,8.282564
54.670774,-81.824400,-269.000000,1.299811,8.082036
55.190774,-81.824400,-269.000000,1.292384,8.025900
55.710774,-81.824400,-269.000000,1.274584,8.002622
56.230774,-81.824400,-269.000000,1.220329,8.077352
56.750774,-81.824400,-269.000000,1.285499,7.975526
57.270774,-81.824400,-269.000000,1.304990,8.001634
57.790774,-81.824400,-269.000000,1.279462,7.989160
58.310774,-81.824400,-269.000000,1.212802,8.032879
58.830774,-81.824400,-269.000000,1.243130,7.992610
59.350774,-81.824400,-269.000000,1.244552,7.982361
59.870774,-81.824400,-269.000000,1.247328,8.053634
60.390774,-81.824400,-269.000000,1.219273,8.001129
60.910774,-81.824400,-269.000000,1.215645,8.023770
61.430774,-81.824400,-269.000000,1.288039,8.029250
61.950774,-81.824400,-269.000000,1.243056,8.019607
62.470774,-81.824400,-269.000000,1.283067,7.996452
62.990774,-81.824400,-269.000000,1.242552,8.039177
63.510774,-81.824400,-269.000000,1.249686,8.069226
64.030774,-81.824400,-269.000000,1.290768,8.080564
64.550774,-81.824400,-269.000000,1.276005,7.986890
65.070774,-81.824400,-269.000000,1.231584,8.036182
65.590774,-81.824400,-269.000000,1.314080,8.111679
66.110774,-81.824400,-269.000000,1.281909,8.098548
66.630774,-81.824400,-269.000000,1.302388,8.016266
67.150774,-81.824400,-269.000000,1.281142,8.020015
67.670774,-81.824400,-269.000000,1.283947,7.992651
68.190774,-81.824400,-269.000000,1.298389,7.997659
68.710774,-81.824400,-269.000000,1.229863,8.038578
69.230774,-81.824400,-269.000000,1.221024,8.006146
69.750774,-81.824400,-269.000000,1.231593,7.994073
70.270774,-81.824400,-269.000000,1.286779,8.062581
70.790774,-81.824400,-269.000000,1.268796,8.039300
71.310774,-81.824400,-269.000000,1.276088,8.020355
71.830774,-81.824400,-269.000000,1.219499,7.970888
72.350774,-81.824400,-269.000000,1.270509,7.994692
72.870774,-81.824400,-269.000000,1.273555,8.037257
73.390774,-81.824400,-269.000000,1.277440,8.039166
73.910774,-81.824400,-269.000000,1.297430,7.997891
74.430774,-81.824400,-269.000000,1.257938,8.046545
74.950774,-81.824400,-269.000000,1.229895,8.038005
75.470774,-81.824400,-269.000000,1.261195,8.051482
75.990774,-81.824400,-269.000000,1.283037,8.049508
13.590774,-82.344400,-268.000000,1.189440,7.979625
14.110774,-82.344400,-268.000000,1.242618,7.903070
14.630774,-82.344400,-268.000000,1.260032,7.963708
15.150774,-82.344400,-268.000000,1.226790,7.941919
15.670774,-82.344400,-268.000000,1.209445,7.975075
16.190774,-82.344400,-268.000000,1.214830,7.927613
16.710774,-82.344400,-268.000000,1.212455,7.970957
17.230774,-82.344400,-268.000000,1.258128,8.019991
17.750774,-82.344400,-268.000000,1.245188,7.969762
18.270774,-82.344400,-268.000000,1.261996,8.016209
18.790774,-82.344400,-268.000000,1.315864,8.087001
19.310774,-82.344400,-268.000000,1.276787,8.013410
19.830774,-82.344400,-268.000000,1.281361,8.044868
20.350774,-82.344400,-268.000000,1.250886,8.051686
20.870774,-82.344400,-268.000000,1.247170,8.021914
21.390774,-82.344400,-268.000000,1.292387,8.064236
21.910774,-82.344400,-268.000000,1.294042,8.035268
22.430774,-82.344400,-268.000000,1.246824,7.998156
22.950774,-82.344400,-268.000000,1.306843,8.036148
23.470774,-82.344400,-268.000000,1.251107,8.213041
23.990774,-82.344400,-268.000000,1.224633,7.960303
24.510774,-82.344400,-268.000000,1.223749,7.993012
25.030774,-82.344400,-268.000000,1.243456,8.015600
25.550774,-82.344400,-268.000000,1.281285,7.945797
26.070774,-82.344400,-268.000000,1.204652,8.012324
26.590774,-82.344400,-268.000000,1.245765,8.008866
27.110774,-82.344400,-268.000000,1.275398,7.999312
27.630774,-82.344400,-268.000000,1.274649,8.027505
28.150774,-82.344400,-268.000000,1.220450,8.023563
28.670774,-82.344400,-268.000000,1.263106,7.964086
29.190774,-82.344400,-268.000000,1.212067,7.933849
29.710774,-82.344400,-268.000000,1.228694,8.054855
30.230774,-82.344400,-268.000000,1.226512,7.945527
30.750774,-82.344400,-268.000000,1.255493,7.956747
31.270774,-82.344400,-268.000000,1.253727,8.019562
31.790774,-82.344400,-268.000000,1.246822,8.022509
32.310774,-82.344400,-268.000000,1.234577,8.006338
32.830774,-82.344400,-268.000000,1.318200,8.011499
33.350774,-82.344400,-268.000000,1.262273,8.012222
33.870774,-82.344400,-268.000000,1.253387,8.085400
34.390774,-82.344400,-268.000000,1.210732,7.914875
34.910774,-82.344400,-268.000000,1.279496,7.997919
35.430774,-82.344400,-268.000000,1.273082,8.016347
35.950774,-82.344400,-268.000000,1.225913,7.941125
36.470774,-82.344400,-268.000000,1.241254,7.976606
36.990774,-82.344400,-268.000000,1.224055,8.052496
37.510774,-82.344400,-268.000000,1.246910,8.041833
38.030774,-82.344400,-268.000000,1.215483,8.061591
38.550774,-82.344400,-268.000000,1.229188,7.992432
39.070774,-82.344400,-268.000000,1.270896,8.008583
39.590774,-82.344400,-268.000000,1.228344,8.015841
40.110774,-82.344400,-268.000000,1.258001,7.995312
40.630774,-82.344400,-268.000000,1.272906,8.137160
41.150774,-82.344400,-268.000000,1.290182,7.955373
41.670774,-82.344400,-268.000000,1.271510,7.983937
42.190774,-82.344400,-268.000000,1.185920,8.043406
42.710774,-82.344400,-268.000000,1.226329,8.008471
43.230774,-82.344400,-268.000000,1.240026,8.066230
43.750774,-82.344400,-268.000000,1.284074,8.065519
44.270774,-82.344400,-268.000000,1.252404,8.064765
44.790774,-82.344400,-268.000000,1.270018,8.040780
45.310774,-82.344400,-268.000000,1.272331,8.010177
45.830774,-82.344400,-268.000000,1.233682,7.988858
46.350774,-82.344400,-268.000000,1.270828,8.001752
46.870774,-82.344400,-268.000000,1.285341,7.935385
47.390774,-82.344400,-268.000000,1.295237,8.073938
47.910774,-82.344400,-268.000000,1.349758,8.088580
48.430774,-82.344400,-268.000000,1.320268,8.044747
48.950774,-82.344400,-268.000000,1.385820,7.982771
49.470774,-82.344400,-268.000000,1.303225,7.960766
49.990774,-82.344400,-268.000000,1.251912,7.991796
50.510774,-82.344400,-268.000000,1.231405,7.954614
51.030774,-82.344400,-268.000000,1.273647,7.985431
51.550774,-82.344400,-268.000000,1.284934,7.912849
52.070774,-82.344400,-268.000000,1.227166,8.003085
52.590774,-82.344400,-268.000000,1.230049,7.984430
53.110774,-82.344400,-268.000000,1.296805,8.000269
53.630774,-82.344400,-268.000000,1.295310,8.007654
54.150774,-82.344400,-268.000000,1.265212,7.980418
54.670774,-82.344400,-268.000000,1.236232,8.004145
55.190774,-82.344400,-268.000000,1.269371,8.090522
55.710774,-82.344400,-268.000000,1.278176,8.002698
56.230774,-82.344400,-268.000000,1.256472,7.991482
56.750774,-82.344400,-268.000000,1.268601,7.981908
57.270774,-82.344400,-268.000000,1.263975,8.115102
57.790774,-82.344400,-268.000000,1.272852,7.959838
58.310774,-82.344400,-268.000000,1.253165,7.973653
58.830774,-82.344400,-268.000000,1.301038,7.991806
59.350774,-82.344400,-268.000000,1.234631,8.035996
59.870774,-82.344400,-268.000000,1.221129,8.101174
60.390774,-82.344400,-268.000000,1.229467,8.060518
60.910774,-82.344400,-268.000000,1.283866,7.983183
61.430774,-82.344400,-268.000000,1.261097,7.981176
61.950774,-82.344400,-268.000000,1.275871,7.978447
62.470774,-82.344400,-268.000000,1.259407,8.006593
62.990774,-82.344400,-268.000000,1.231679,8.047504
63.510774,-82.344400,-268.000000,1.320751,8.013445
64.030774,-82.344400,-268.000000,1.308968,8.048756
64.550774,-82.344400,-268.000000,1.298315,8.044591
65.070774,-82.344400,-268.000000,1.264918,7.946436
65.590774,-82.344400,-268.000000,1.240208,8.019896
66.110774,-82.344400,-268.000000,1.255563,7.912560
66.630774,-82.344400,-268.000000,1.222639,7.924889
67.150774,-82.344400,-268.000000,1.250641,7.929013
67.670774,-82.344400,-268.000000,1.298360,8.022503
68.190774,-82.344400,-268.000000,1.272107,8.028739
68.710774,-82.344400,-268.000000,1.261730,7.968017
69.230774,-82.344400,-268.000000,1.267356,7.961890
69.750774,-82.344400,-268.000000,1.304829,8.030432
70.270774,-82.344400,-268.000000,1.216133,7.985023
70.790774,-82.344400,-268.000000,1.221606,7.969594
71.310774,-82.344400,-268.000000,1.246328,7.996819
71.830774,-82.344400,-268.000000,1.267598,7.990235
72.350774,-82.344400,-268.000000,1.290499,8.045711
72.870774,-82.344400,-268.000000,1.239388,8.013745
73.390774,-82.344400,-268.000000,1.248682,8.045658
73.910774,-82.344400,-268.000000,1.246186,7.970997
74.430774,-82.344400,-268.000000,1.234659,8.025460
74.950774,-82.344400,-268.000000,1.241603,7.944577
75.470774,-82.344400,-268.000000,1.266683,7.971339
75.990774,-82.344400,-268.000000,1.258012,7.930204
13.070774,-81.824400,-268.000000,1.249747,7.910242
13.590774,-81.824400,-268.000000,1.199028,7.995398
14.110774,-81.824400,-268.000000,1.244321,8.024889
14.630774,-81.824400,-268.000000,1.254564,7.924402
15.150774,-81.824400,-268.000000,1.233014,7.978530
15.670774,-81.824400,-268.000000,1.236280,8.031830
16.190774,-81.824400,-268.000000,1.204354,7.920793
16.710774,-81.824400,-268.000000,1.197300,7.946344
17.230774,-81.824400,-268.000000,1.247074,8.026859
17.750774,-81.824400,-268.000000,1.238412,7.998549
18.270774,-81.824400,-268.000000,1.231851,7.984746
18.790774,-81.824400,-268.000000,1.298164,8.023896
19.310774,-81.824400,-268.000000,1.251811,8.003379
19.830774,-81.824400,-268.000000,1.233474,8.013714
20.350774,-81.824400,-268.000000,1.313089,8.015888
20.870774,-81.824400,-268.000000,1.242054,8.105154
21.390774,-81.824400,-268.000000,1.281811,8.062332
21.910774,-81.824400,-268.000000,1.315309,8.107810
22.430774,-81.824400,-268.000000,1.269553,8.001869
22.950774,-81.824400,-268.000000,1.272601,8.053061
23.470774,-81.824400,-268.000000,1.218600,8.134093
23.990774,-81.824400,-268.000000,1.240210,8.018489
24.510774,-81.824400,-268.000000,1.243559,7.992846
25.030774,-81.824400,-268.000000,1.248356,7.991748
25.550774,-81.824400,-268.000000,1.255340,7.959881
26.070774,-81.824400,-268.000000,1.269057,7.977799
26.590774,-81.824400,-268.000000,1.231926,7.996107
27.110774,-81.824400,-268.000000,1.217026,7.985149
27.630774,-81.824400,-268.000000,1.324469,8.050730
28.150774,-81.824400,-268.000000,1.264746,8.016669
28.670774,-81.824400,-268.000000,1.247225,7.978893
29.190774,-81.824400,-268.000000,1.275512,7.959601
29.710774,-81.824400,-268.000000,1.245148,8.051910
30.230774,-81.824400,-268.000000,1.225114,7.984319
30.750774,-81.824400,-268.000000,1.238203,7.985476
31.270774,-81.824400,-268.000000,1.244417,8.002521
31.790774,-81.824400,-268.000000,1.258338,8.034986
32.310774,-81.824400,-268.000000,1.269621,7.991525
32.830774,-81.824400,-268.000000,1.251757,7.995286
33.350774,-81.824400,-268.000000,1.305413,8.021630
33.870774,-81.824400,-268.000000,1.272131,8.046524
34.390774,-81.824400,-268.000000,1.188175,7.929130
34.910774,-81.824400,-268.000000,1.278761,8.004013
35.430774,-81.824400,-268.000000,1.254717,8.035128
35.950774,-81.824400,-268.000000,1.284655,7.991637
36.470774,-81.824400,-268.000000,1.230211,8.039816
36.990774,-81.824400,-268.000000,1.226531,7.961714
37.510774,-81.824400,-268.000000,1.250904,8.064238
38.030774,-81.824400,-268.000000,1.260527,8.054554
38.550774,-81.824400,-268.000000,1.258253,8.012954
39.070774,-81.824400,-268.000000,1.261551,8.000518
39.590774,-81.824400,-268.000000,1.244836,8.027017
40.110774,-81.824400,-268.000000,1.260233,7.952583
40.630774,-81.824400,-268.000000,1.233971,8.078088
41.150774,-81.824400,-268.000000,1.287136,8.002954
41.670774,-81.824400,-268.000000,1.271281,7.985361
42.190774,-81.824400,-268.000000,1.223075,8.019263
42.710774,-81.824400,-268.000000,1.237393,7.997213
43.230774,-81.824400,-268.000000,1.231669,8.086170
43.750774,-81.824400,-268.000000,1.255620,8.024605
44.270774,-81.824400,-268.000000,1.260532,8.060899
44.790774,-81.824400,-268.000000,1.266508,8.036864
45.310774,-81.824400,-268.000000,1.245185,8.016129
45.830774,-81.824400,-268.000000,1.295988,8.018402
46.350774,-81.824400,-268.000000,1.220113,8.041772
46.870774,-81.824400,-268.000000,1.288551,8.002544
47.390774,-81.824400,-268.000000,1.330212,8.089170
47.910774,-81.824400,-268.000000,1.336452,8.038036
48.430774,-81.824400,-268.000000,1.337215,8.039370
48.950774,-81.824400,-268.000000,1.339476,8.039213
49.470774,-81.824400,-268.000000,1.217628,7.963669
49.990774,-81.824400,-268.000000,1.257092,8.024021
50.510774,-81.824400,-268.000000,1.295550,7.932735
51.030774,-81.824400,-268.000000,1.228660,7.963262
51.550774,-81.824400,-268.000000,1.265579,7.918327
52.070774,-81.824400,-268.000000,1.222483,7.974684
52.590774,-81.824400,-268.000000,1.256860,8.011145
53.110774,-81.824400,-268.000000,1.270915,8.050492
53.630774,-81.824400,-268.000000,1.264802,8.041039
54.150774,-81.824400,-268.000000,1.235148,8.021862
54.670774,-81.824400,-268.000000,1.259548,8.069930
55.190774,-81.824400,-268.000000,1.249129,8.092078
55.710774,-81.824400,-268.000000,1.248010,8.076674
56.230774,-81.824400,-268.000000,1.217422,8.038279
56.750774,-81.824400,-268.000000,1.309243,8.017382
57.270774,-81.824400,-268.000000,1.235287,8.169874
57.790774,-81.824400,-268.000000,1.315848,7.974279
58.310774,-81.824400,-268.000000,1.208485,8.004625
58.830774,-81.824400,-268.000000,1.281605,8.021695
59.350774,-81.824400,-268.000000,1.265537,8.047387
59.870774,-81.824400,-268.000000,1.209215,8.078651
60.390774,-81.824400,-268.000000,1.230542,8.050932
60.910774,-81.824400,-268.000000,1.246806,7.990863
61.430774,-81.824400,-268.000000,1.271512,7.986284
61.950774,-81.824400,-268.000000,1.275774,8.009574
62.470774,-81.824400,-268.000000,1.280289,8.047972
62.990774,-81.824400,-268.000000,1.269603,8.071775
63.510774,-81.824400,-268.000000,1.312414,8.030356
64.030774,-81.824400,-268.000000,1.262325,8.018456
64.550774,-81.824400,-268.000000,1.296710,8.025664
65.070774,-81.824400,-268.000000,1.314370,8.021210
65.590774,-81.824400,-268.000000,1.230695,8.032039
66.110774,-81.824400,-268.000000,1.256545,7.945865
66.630774,-81.824400,-268.000000,1.267679,7.948967
67.150774,-81.824400,-268.000000,1.221108,7.947532
67.670774,-81.824400,-268.000000,1.332885,8.095976
68.190774,-81.824400,-268.000000,1.287062,8.095625
68.710774,-81.824400,-268.000000,1.278766,7.966919
69.230774,-81.824400,-268.000000,1.321150,7.989435
69.750774,-81.824400,-268.000000,1.283712,8.043857
70.270774,-81.824400,-268.000000,1.238282,7.950217
70.790774,-81.824400,-268.000000,1.243217,7.997952
71.310774,-81.824400,-268.000000,1.230549,8.053058
71.830774,-81.824400,-268.000000,1.226078,8.161321
72.350774,-81.824400,-268.000000,1.219980,8.020339
72.870774,-81.824400,-268.000000,1.210499,8.023429
73.390774,-81.824400,-268.000000,1.226352,8.036005
73.910774,-81.824400,-268.000000,1.234688,7.986581
74.430774,-81.824400,-268.000000,1.230908,8.047299
74.950774,-81.824400,-268.000000,1.253928,7.968910
75.470774,-81.824400,-268.000000,1.273179,7.978756
75.990774,-81.824400,-268.000000,1.269575,7.964633
75.990774,-81.304400,-268.000000,1.323263,7.961678
13.590774,-82.344400,-267.000000,1.205402,7.864859
14.110774,-82.344400,-267.000000,1.231087,7.904203
14.630774,-82.344400,-267.000000,1.240142,7.923472
15.150774,-82.344400,-267.000000,1.263950,8.020324
15.670774,-82.344400,-267.000000,1.238131,7.920732
16.190774,-82.344400,-267.000000,1.183037,7.972192
16.710774,-82.344400,-267.000000,1.235798,7.964885
17.230774,-82.344400,-267.000000,1.226049,8.043664
17.750774,-82.344400,-267.000000,1.283526,8.062227
18.270774,-82.344400,-267.000000,1.272628,7.990532
18.790774,-82.344400,-267.000000,1.250587,8.044585
19.310774,-82.344400,-267.000000,1.225283,8.000484
19.830774,-82.344400,-267.000000,1.236488,7.909516
20.350774,-82.344400,-267.000000,1.237475,7.984228
20.870774,-82.344400,-267.000000,1.295573,7.993413
21.390774,-82.344400,-267.000000,1.271802,8.097382
21.910774,-82.344400,-267.000000,1.210754,8.046446
22.430774,-82.344400,-267.000000,1.258217,7.967652
22.950774,-82.344400,-267.000000,1.247010,7.997594
23.470774,-82.344400,-267.000000,1.261023,8.006609
23.990774,-82.344400,-267.000000,1.224741,7.952149
24.510774,-82.344400,-267.000000,1.303076,7.998154
25.030774,-82.344400,-267.000000,1.211202,8.016593
25.550774,-82.344400,-267.000000,1.295819,7.982896
26.070774,-82.344400,-267.000000,1.232136,8.004617
26.590774,-82.344400,-267.000000,1.335507,7.932178
27.110774,-82.344400,-267.000000,1.282885,8.001216
27.630774,-82.344400,-267.000000,1.254606,7.986078
28.150774,-82.344400,-267.000000,1.229392,8.039390
28.670774,-82.344400,-267.000000,1.279327,8.009268
29.190774,-82.344400,-267.000000,1.276437,8.006051
29.710774,-82.344400,-267.000000,1.233041,7.973794
30.230774,-82.344400,-267.000000,1.225050,7.930884
30.750774,-82.344400,-267.000000,1.198642,7.965210
31.270774,-82.344400,-267.000000,1.235612,8.025336
31.790774,-82.344400,-267.000000,1.233351,8.106569
32.310774,-82.344400,-267.000000,1.263849,8.032327
32.830774,-82.344400,-267.000000,1.228805,7.951827
33.350774,-82.344400,-267.000000,1.287716,8.057288
33.870774,-82.344400,-267.000000,1.245063,8.044361
34.390774,-82.344400,-267.000000,1.257191,7.937372
34.910774,-82.344400,-267.000000,1.285347,8.005874
35.430774,-82.344400,-267.000000,1.235511,8.065903
35.950774,-82.344400,-267.000000,1.283252,8.052387
36.470774,-82.344400,-267.000000,1.321425,8.107668
36.990774,-82.344400,-267.000000,1.206652,7.997917
37.510774,-82.344400,-267.000000,1.235019,7.995656
38.030774,-82.344400,-267.000000,1.231448,7.997952
38.550774,-82.344400,-267.000000,1.219216,7.972452
39.070774,-82.344400,-267.000000,1.236159,8.008870
39.590774,-82.344400,-267.000000,1.241977,7.965363
40.110774,-82.344400,-267.000000,1.265806,7.966991
40.630774,-82.344400,-267.000000,1.262111,7.977137
41.150774,-82.344400,-267.000000,1.284100,8.022231
41.670774,-82.344400,-267.000000,1.266512,7.986030
42.190774,-82.344400,-267.000000,1.234150,7.971704
42.710774,-82.344400,-267.000000,1.243418,8.005661
43.230774,-82.344400,-267.000000,1.253459,8.072056
43.750774,-82.344400,-267.000000,1.288345,8.065386
44.270774,-82.344400,-267.000000,1.229783,8.017838
44.790774,-82.344400,-267.000000,1.244158,7.966349
45.310774,-82.344400,-267.000000,1.286917,8.079584
45.830774,-82.344400,-267.000000,1.218005,8.004387
46.350774,-82.344400,-267.000000,1.250414,8.011680
46.870774,-82.344400,-267.000000,1.251905,7.995245
47.390774,-82.344400,-267.000000,1.265631,8.003201
47.910774,-82.344400,-267.000000,1.276557,7.988626
48.430774,-82.344400,-267.000000,1.252540,7.973661
48.950774,-82.344400,-267.000000,1.265539,8.080665
49.470774,-82.344400,-267.000000,1.303267,8.037034
49.990774,-82.344400,-267.000000,1.326740,7.997360
50.510774,-82.344400,-267.000000,1.355108,8.012782
51.030774,-82.344400,-267.000000,1.254278,8.099747
51.550774,-82.344400,-267.000000,1.290373,8.035475
52.070774,-82.344400,-267.000000,1.211297,7.984023
52.590774,-82.344400,-267.000000,1.251825,7.991426
53.110774,-82.344400,-267.000000,1.295169,8.074722
53.630774,-82.344400,-267.000000,1.219126,7.989115
54.150774,-82.344400,-267.000000,1.237728,8.033214
54.670774,-82.344400,-267.000000,1.221718,7.995629
55.190774,-82.344400,-267.000000,1.255778,7.984010
55.710774,-82.344400,-267.000000,1.325197,7.964595
56.230774,-82.344400,-267.000000,1.274318,8.108911
56.750774,-82.344400,-267.000000,1.239029,8.078739
57.270774,-82.344400,-267.000000,1.229360,8.017847
57.790774,-82.344400,-267.000000,1.330378,8.025601
58.310774,-82.344400,-267.000000,1.277814,8.093152
58.830774,-82.344400,-267.000000,1.285261,7.957572
59.350774,-82.344400,-267.000000,1.292930,8.022212
59.870774,-82.344400,-267.000000,1.310848,8.027511
60.390774,-82.344400,-267.000000,1.219871,7.933121
60.910774,-82.344400,-267.000000,1.210682,8.002848
61.430774,-82.344400,-267.000000,1.226804,7.963699
61.950774,-82.344400,-267.000000,1.214970,8.025896
62.470774,-82.344400,-267.000000,1.255694,8.031267
62.990774,-82.344400,-267.000000,1.286520,8.067629
63.510774,-82.344400,-267.000000,1.281362,8.002530
64.030774,-82.344400,-267.000000,1.247345,8.014832
64.550774,-82.344400,-267.000000,1.261705,8.021342
65.070774,-82.344400,-267.000000,1.294188,7.993956
65.590774,-82.344400,-267.000000,1.267702,7.997764
66.110774,-82.344400,-267.000000,1.256925,7.985602
66.630774,-82.344400,-267.000000,1.237686,7.987907
67.150774,-82.344400,-267.000000,1.252508,8.045628
67.670774,-82.344400,-267.000000,1.282905,8.003633
68.190774,-82.344400,-267.000000,1.284736,8.080577
68.710774,-82.344400,-267.000000,1.257084,8.032841
69.230774,-82.344400,-267.000000,1.320050,7.979408
69.750774,-82.344400,-267.000000,1.237630,7.977835
70.270774,-82.344400,-267.000000,1.265810,8.007797
70.790774,-82.344400,-267.000000,1.236831,7.929690
71.310774,-82.344400,-267.000000,1.220920,7.998377
71.830774,-82.344400,-267.000000,1.235870,8.053503
72.350774,-82.344400,-267.000000,1.270800,8.066778
72.870774,-82.344400,-267.000000,1.296854,8.003909
73.390774,-82.344400,-267.000000,1.264954,8.042273
73.910774,-82.344400,-267.000000,1.260559,8.020263
74.430774,-82.344400,-267.000000,1.268600,8.077281
74.950774,-82.344400,-267.000000,1.248118,8.071359
75.470774,-82.344400,-267.000000,1.221959,7.966527
75.990774,-82.344400,-267.000000,1.275696,8.028046
13.070774,-81.824400,-267.000000,1.259457,7.911528
13.590774,-81.824400,-267.000000,1.207333,7.895191
14.110774,-81.824400,-267.000000,1.236539,7.889091
14.630774,-81.824400,-267.000000,1.193610,7.937801
15.150774,-81.824400,-267.000000,1.276037,8.042318
15.670774,-81.824400,-267.000000,1.231733,7.927267
16.190774,-81.824400,-267.000000,1.218225,8.038736
16.710774,-81.824400,-267.000000,1.234317,7.978318
17.230774,-81.824400,-267.000000,1.260113,8.062029
17.750774,-81.824400,-267.000000,1.229536,8.034575
18.270774,-81.824400,-267.000000,1.306095,8.004778
18.790774,-81.824400,-267.000000,1.291862,8.056061
19.310774,-81.824400,-267.000000,1.228690,8.017089
19.830774,-81.824400,-267.000000,1.328001,7.969983
20.350774,-81.824400,-267.000000,1.278804,7.993454
20.870774,-81.824400,-267.000000,1.256029,8.003227
21.390774,-81.824400,-267.000000,1.210494,8.010732
21.910774,-81.824400,-267.000000,1.264258,8.068041
22.430774,-81.824400,-267.000000,1.266581,8.000040
22.950774,-81.824400,-267.000000,1.247012,8.013330
23.470774,-81.824400,-267.000000,1.231611,8.000901
23.990774,-81.824400,-267.000000,1.235207,7.922369
24.510774,-81.824400,-267.000000,1.269313,8.058918
25.030774,-81.824400,-267.000000,1.276098,8.002234
25.550774,-81.824400,-267.000000,1.240915,7.978416
26.070774,-81.824400,-267.000000,1.216262,7.989833
26.590774,-81.824400,-267.000000,1.295094,7.968408
27.110774,-81.824400,-267.000000,1.261779,7.988498
27.630774,-81.824400,-267.000000,1.272555,7.997705
28.150774,-81.824400,-267.000000,1.217932,8.032625
28.670774,-81.824400,-267.000000,1.234271,8.015117
29.190774,-81.824400,-267.000000,1.255502,8.002486
29.710774,-81.824400,-267.000000,1.246533,8.044327
30.230774,-81.824400,-267.000000,1.243119,7.970503
30.750774,-81.824400,-267.000000,1.219558,7.958724
31.270774,-81.824400,-267.000000,1.245741,8.076752
31.790774,-81.824400,-267.000000,1.264593,8.011151
32.310774,-81.824400,-267.000000,1.285724,8.039280
32.830774,-81.824400,-267.000000,1.192466,7.975102
33.350774,-81.824400,-267.000000,1.271329,8.043207
33.870774,-81.824400,-267.000000,1.206905,8.057136
34.390774,-81.824400,-267.000000,1.316288,7.967005
34.910774,-81.824400,-267.000000,1.283440,7.991044
35.430774,-81.824400,-267.000000,1.281589,8.047583
35.950774,-81.824400,-267.000000,1.264307,8.133555
36.470774,-81.824400,-267.000000,1.283180,8.140073
36.990774,-81.824400,-267.000000,1.238507,8.007089
37.510774,-81.824400,-267.000000,1.281332,8.096199
38.030774,-81.824400,-267.000000,1.239708,8.019138
38.550774,-81.824400,-267.000000,1.251243,8.014380
39.070774,-81.824400,-267.000000,1.274656,8.024799
39.590774,-81.824400,-267.000000,1.315873,8.043116
40.110774,-81.824400,-267.000000,1.261062,7.993585
40.630774,-81.824400,-267.000000,1.279706,8.006923
41.150774,-81.824400,-267.000000,1.289540,8.107966
41.670774,-81.824400,-267.000000,1.270316,8.012511
42.190774,-81.824400,-267.000000,1.240110,8.002866
42.710774,-81.824400,-267.000000,1.214947,8.000126
43.230774,-81.824400,-267.000000,1.245985,8.072595
43.750774,-81.824400,-267.000000,1.258612,8.019918
44.270774,-81.824400,-267.000000,1.212603,8.026882
44.790774,-81.824400,-267.000000,1.225748,8.016331
45.310774,-81.824400,-267.000000,1.269458,8.031332
45.830774,-81.824400,-267.000000,1.239544,7.973878
46.350774,-81.824400,-267.000000,1.224519,7.997827
46.870774,-81.824400,-267.000000,1.256034,7.984949
47.390774,-81.824400,-267.000000,1.289320,8.021250
47.910774,-81.824400,-267.000000,1.285557,7.968876
48.430774,-81.824400,-267.000000,1.309246,7.985285
48.950774,-81.824400,-267.000000,1.330621,8.071914
49.470774,-81.824400,-267.000000,1.267888,8.082436
49.990774,-81.824400,-267.000000,1.279795,8.004733
50.510774,-81.824400,-267.000000,1.260002,8.026028
51.030774,-81.824400,-267.000000,1.275043,8.059771
51.550774,-81.824400,-267.000000,1.244048,8.019243
52.070774,-81.824400,-267.000000,1.264939,8.017711
52.590774,-81.824400,-267.000000,1.284773,8.000821
53.110774,-81.824400,-267.000000,1.316071,8.034552
53.630774,-81.824400,-267.000000,1.233119,7.971323
54.150774,-81.824400,-267.000000,1.215248,7.974948
54.670774,-81.824400,-267.000000,1.218034,8.016369
55.190774,-81.824400,-267.000000,1.279273,8.006112
55.710774,-81.824400,-267.000000,1.295491,7.957086
56.230774,-81.824400,-267.000000,1.288062,8.061448
56.750774,-81.824400,-267.000000,1.229263,8.073263
57.270774,-81.824400,-267.000000,1.226893,8.070408
57.790774,-81.824400,-267.000000,1.292768,8.051516
58.310774,-81.824400,-267.000000,1.279445,8.076779
58.830774,-81.824400,-267.000000,1.262737,7.971994
59.350774,-81.824400,-267.000000,1.261842,8.073255
59.870774,-81.824400,-267.000000,1.229822,7.994963
60.390774,-81.824400,-267.000000,1.250417,8.007897
60.910774,-81.824400,-267.000000,1.234873,8.008951
61.430774,-81.824400,-267.000000,1.227111,7.973154
61.950774,-81.824400,-267.000000,1.268914,8.026345
62.470774,-81.824400,-267.000000,1.249860,8.030551
62.990774,-81.824400,-267.000000,1.238114,8.038467
63.510774,-81.824400,-267.000000,1.351440,7.982133
64.030774,-81.824400,-267.000000,1.281805,8.037375
64.550774,-81.824400,-267.000000,1.348783,8.059433
65.070774,-81.824400,-267.000000,1.277737,7.937887
65.590774,-81.824400,-267.000000,1.238408,7.990054
66.110774,-81.824400,-267.000000,1.275640,8.012584
66.630774,-81.824400,-267.000000,1.275480,8.001362
67.150774,-81.824400,-267.000000,1.287208,8.060507
67.670774,-81.824400,-267.000000,1.295327,8.042260
68.190774,-81.824400,-267.000000,1.271834,8.046687
68.710774,-81.824400,-267.000000,1.265172,8.033822
69.230774,-81.824400,-267.000000,1.212109,7.939602
69.750774,-81.824400,-267.000000,1.265670,7.989522
70.270774,-81.824400,-267.000000,1.264412,8.117089
70.790774,-81.824400,-267.000000,1.198243,7.926164
71.310774,-81.824400,-267.000000,1.215627,7.987272
71.830774,-81.824400,-267.000000,1.249378,8.050955
72.350774,-81.824400,-267.000000,1.252897,8.010207
72.870774,-81.824400,-267.000000,1.338130,8.037558
73.390774,-81.824400,-267.000000,1.235054,7.975678
73.910774,-81.824400,-267.000000,1.254106,8.036516
74.430774,-81.824400,-267.000000,1.298663,8.090836
74.950774,-81.824400,-267.000000,1.278549,8.110846
75.470774,-81.824400,-267.000000,1.262180,8.010137
75.990774,-81.824400,-267.000000,1.269774,8.064707
75.990774,-81.304400,-267.000000,1.264487,8.029244
13.070774,-82.344400,-266.000000,1.304780,7.869634
13.590774,-82.344400,-266.000000,1.343152,7.920335
14.110774,-82.344400,-266.000000,1.235350,7.854164
14.630774,-82.344400,-266.000000,1.287318,7.986881
15.150774,-82.344400,-266.000000,1.288696,7.993775
15.670774,-82.344400,-266.000000,1.275826,8.039545
16.190774,-82.344400,-266.000000,1.264115,7.966063
16.710774,-82.344400,-266.000000,1.257855,7.985666
17.230774,-82.344400,-266.000000,1.234724,7.966992
17.750774,-82.344400,-266.000000,1.262582,7.965173
18.270774,-82.344400,-266.000000,1.225758,8.032898
18.790774,-82.344400,-266.000000,1.248680,7.947617
19.310774,-82.344400,-266.000000,1.298959,7.998510
19.830774,-82.344400,-266.000000,1.237308,7.955124
20.350774,-82.344400,-266.000000,1.246360,8.115229
20.870774,-82.344400,-266.000000,1.256191,7.973047
21.390774,-82.344400,-266.000000,1.246837,8.024156
21.910774,-82.344400,-266.000000,1.244171,7.971252
22.430774,-82.344400,-266.000000,1.266971,8.001334
22.950774,-82.344400,-266.000000,1.308845,8.056098
23.470774,-82.344400,-266.000000,1.214761,8.007726
23.990774,-82.344400,-266.000000,1.231922,8.018729
24.510774,-82.344400,-266.000000,1.279419,8.032296
25.030774,-82.344400,-266.000000,1.258363,8.064367
25.550774,-82.344400,-266.000000,1.252603,8.083847
26.070774,-82.344400,-266.000000,1.284194,7.971755
26.590774,-82.344400,-266.000000,1.262158,8.069932
27.110774,-82.344400,-266.000000,1.333302,7.985180
27.630774,-82.344400,-266.000000,1.271673,8.010859
28.150774,-82.344400,-266.000000,1.299519,7.920837
28.670774,-82.344400,-266.000000,1.243300,7.992182
29.190774,-82.344400,-266.000000,1.262500,8.123325
29.710774,-82.344400,-266.000000,1.251140,8.061007
30.230774,-82.344400,-266.000000,1.260479,8.053329
30.750774,-82.344400,-266.000000,1.259671,8.043442
31.270774,-82.344400,-266.000000,1.244604,8.075745
31.790774,-82.344400,-266.000000,1.308948,8.037085
32.310774,-82.344400,-266.000000,1.252405,8.050714
32.830774,-82.344400,-266.000000,1.240492,7.932809
33.350774,-82.344400,-266.000000,1.247989,8.023839
33.870774,-82.344400,-266.000000,1.233840,8.039206
34.390774,-82.344400,-266.000000,1.259924,8.015219
34.910774,-82.344400,-266.000000,1.280718,7.970146
35.430774,-82.344400,-266.000000,1.281618,8.019739
35.950774,-82.344400,-266.000000,1.303664,8.083884
36.470774,-82.344400,-266.000000,1.244552,8.045351
36.990774,-82.344400,-266.000000,1.244631,7.962526
37.510774,-82.344400,-266.000000,1.282269,8.002866
38.030774,-82.344400,-266.000000,1.258852,7.905426
38.550774,-82.344400,-266.000000,1.256195,8.070279
39.070774,-82.344400,-266.000000,1.297047,8.060921
39.590774,-82.344400,-266.000000,1.310639,7.974335
40.110774,-82.344400,-266.000000,1.384387,8.000683
40.630774,-82.344400,-266.000000,1.359484,7.996578
41.150774,-82.344400,-266.000000,1.332922,7.968831
41.670774,-82.344400,-266.000000,1.258217,8.055544
42.190774,-82.344400,-266.000000,1.354166,8.058814
42.710774,-82.344400,-266.000000,1.217114,7.927255
43.230774,-82.344400,-266.000000,1.296093,8.086813
43.750774,-82.344400,-266.000000,1.315136,8.064979
44.270774,-82.344400,-266.000000,1.272658,7.973071
44.790774,-82.344400,-266.000000,1.264944,7.941716
45.310774,-82.344400,-266.000000,1.284112,7.998491
45.830774,-82.344400,-266.000000,1.235324,7.967900
46.350774,-82.344400,-266.000000,1.233066,8.048331
46.870774,-82.344400,-266.000000,1.236431,8.009988
47.390774,-82.344400,-266.000000,1.302617,8.032870
47.910774,-82.344400,-266.000000,1.314113,7.980561
48.430774,-82.344400,-266.000000,1.267241,7.997328
48.950774,-82.344400,-266.000000,1.297521,8.061250
49.470774,-82.344400,-266.000000,1.234923,8.030722
49.990774,-82.344400,-266.000000,1.260488,7.967323
50.510774,-82.344400,-266.000000,1.274934,8.004418
51.030774,-82.344400,-266.000000,1.308736,7.950583
51.550774,-82.344400,-266.000000,1.272945,7.995684
52.070774,-82.344400,-266.000000,1.212690,7.957945
52.590774,-82.344400,-266.000000,1.224720,7.984049
53.110774,-82.344400,-266.000000,1.225168,8.052063
53.630774,-82.344400,-266.000000,1.272704,8.054391
54.150774,-82.344400,-266.000000,1.233901,7.990200
54.670774,-82.344400,-266.000000,1.234074,7.980678
55.190774,-82.344400,-266.000000,1.230902,7.985045
55.710774,-82.344400,-266.000000,1.245475,8.083853
56.230774,-82.344400,-266.000000,1.269337,8.019101
56.750774,-82.344400,-266.000000,1.236764,7.978549
57.270774,-82.344400,-266.000000,1.239384,7.981717
57.790774,-82.344400,-266.000000,1.260039,8.018691
58.310774,-82.344400,-266.000000,1.251127,8.087548
58.830774,-82.344400,-266.000000,1.296645,8.097113
59.350774,-82.344400,-266.000000,1.221535,8.054761
59.870774,-82.344400,-266.000000,1.274543,8.003189
60.390774,-82.344400,-266.000000,1.236696,8.003467
60.910774,-82.344400,-266.000000,1.323447,8.027826
61.430774,-82.344400,-266.000000,1.276395,8.002737
61.950774,-82.344400,-266.000000,1.240222,7.944925
62.470774,-82.344400,-266.000000,1.267292,7.960679
62.990774,-82.344400,-266.000000,1.273279,8.061310
63.510774,-82.344400,-266.000000,1.263178,8.023087
64.030774,-82.344400,-266.000000,1.216731,7.925172
64.550774,-82.344400,-266.000000,1.285747,7.979438
65.070774,-82.344400,-266.000000,1.294221,7.952627
65.590774,-82.344400,-266.000000,1.230167,7.966640
66.110774,-82.344400,-266.000000,1.229787,7.993869
66.630774,-82.344400,-266.000000,1.288991,8.023806
67.150774,-82.344400,-266.000000,1.265246,7.989769
67.670774,-82.344400,-266.000000,1.238690,8.052690
68.190774,-82.344400,-266.000000,1.262493,7.977475
68.710774,-82.344400,-266.000000,1.236233,7.970860
69.230774,-82.344400,-266.000000,1.300202,8.085475
69.750774,-82.344400,-266.000000,1.302592,8.004045
70.270774,-82.344400,-266.000000,1.319057,8.102375
70.790774,-82.344400,-266.000000,1.299098,8.032656
71.310774,-82.344400,-266.000000,1.245855,7.995992
71.830774,-82.344400,-266.000000,1.291894,7.934723
72.350774,-82.344400,-266.000000,1.355805,8.016004
72.870774,-82.344400,-266.000000,1.286932,7.985163
73.390774,-82.344400,-266.000000,1.243653,8.095981
73.910774,-82.344400,-266.000000,1.253445,7.918416
74.430774,-82.344400,-266.000000,1.245254,8.103053
74.950774,-82.344400,-266.000000,1.220999,7.953456
75.470774,-82.344400,-266.000000,1.309046,7.997959
75.990774,-82.344400,-266.000000,1.273784,8.061137
13.070774,-81.824400,-266.000000,1.218843,7.856835
13.590774,-81.824400,-266.000000,1.263782,7.899325
14.110774,-81.824400,-266.000000,1.213062,7.847787
14.630774,-81.824400,-266.000000,1.248683,7.967968
15.150774,-81.824400,-266.000000,1.325255,7.982804
15.670774,-81.824400,-266.000000,1.299060,8.058545
16.190774,-81.824400,-266.000000,1.262566,7.976121
16.710774,-81.824400,-266.000000,1.252684,7.973280
17.230774,-81.824400,-266.000000,1.251539,8.007559
17.750774,-81.824400,-266.000000,1.304812,7.991744
18.270774,-81.824400,-266.000000,1.220338,8.002880
18.790774,-81.824400,-266.000000,1.278321,8.009068
19.310774,-81.824400,-266.000000,1.253836,7.998105
19.830774,-81.824400,-266.000000,1.274777,7.953834
20.350774,-81.824400,-266.000000,1.199722,8.029894
20.870774,-81.824400,-266.000000,1.281537,8.074348
21.390774,-81.824400,-266.000000,1.239509,7.980573
21.910774,-81.824400,-266.000000,1.209120,7.987211
22.430774,-81.824400,-266.000000,1.224610,7.998311
22.950774,-81.824400,-266.000000,1.317820,8.069612
23.470774,-81.824400,-266.000000,1.229391,8.013922
23.990774,-81.824400,-266.000000,1.243246,8.042480
24.510774,-81.824400,-266.000000,1.263838,8.010916
25.030774,-81.824400,-266.000000,1.215269,8.043463
25.550774,-81.824400,-266.000000,1.266217,8.100603
26.070774,-81.824400,-266.000000,1.274884,7.983332
26.590774,-81.824400,-266.000000,1.247517,8.074464
27.110774,-81.824400,-266.000000,1.317498,7.964746
27.630774,-81.824400,-266.000000,1.320897,8.045139
28.150774,-81.824400,-266.000000,1.221762,7.943159
28.670774,-81.824400,-266.000000,1.286610,8.016681
29.190774,-81.824400,-266.000000,1.249254,8.094633
29.710774,-81.824400,-266.000000,1.233305,8.034784
30.230774,-81.824400,-266.000000,1.300837,8.069086
30.750774,-81.824400,-266.000000,1.235956,8.017694
31.270774,-81.824400,-266.000000,1.239210,8.159485
31.790774,-81.824400,-266.000000,1.277169,7.992118
32.310774,-81.824400,-266.000000,1.242825,7.967530
32.830774,-81.824400,-266.000000,1.230329,7.929377
33.350774,-81.824400,-266.000000,1.271647,8.027820
33.870774,-81.824400,-266.000000,1.242185,8.040236
34.390774,-81.824400,-266.000000,1.237019,7.944389
34.910774,-81.824400,-266.000000,1.234602,8.059813
35.430774,-81.824400,-266.000000,1.240151,8.066880
35.950774,-81.824400,-266.000000,1.254114,8.118824
36.470774,-81.824400,-266.000000,1.232395,8.057146
36.990774,-81.824400,-266.000000,1.246863,7.964907
37.510774,-81.824400,-266.000000,1.271258,8.027163
38.030774,-81.824400,-266.000000,1.277995,7.990925
38.550774,-81.824400,-266.000000,1.244465,8.049484
39.070774,-81.824400,-266.000000,1.274441,8.051389
39.590774,-81.824400,-266.000000,1.346844,8.039226
40.110774,-81.824400,-266.000000,1.344267,8.013989
40.630774,-81.824400,-266.000000,1.281254,7.948862
41.150774,-81.824400,-266.000000,1.274558,7.985118
41.670774,-81.824400,-266.000000,1.256259,8.047862
42.190774,-81.824400,-266.000000,1.289569,8.079418
42.710774,-81.824400,-266.000000,1.242178,7.953647
43.230774,-81.824400,-266.000000,1.284917,8.066461
43.750774,-81.824400,-266.000000,1.245510,8.103280
44.270774,-81.824400,-266.000000,1.239907,7.935112
44.790774,-81.824400,-266.000000,1.237892,7.948662
45.310774,-81.824400,-266.000000,1.272732,8.031131
45.830774,-81.824400,-266.000000,1.279232,7.950573
46.350774,-81.824400,-266.000000,1.240014,8.078121
46.870774,-81.824400,-266.000000,1.244462,8.032719
47.390774,-81.824400,-266.000000,1.283462,8.026310
47.910774,-81.824400,-266.000000,1.233505,7.969788
48.430774,-81.824400,-266.000000,1.238558,7.959216
48.950774,-81.824400,-266.000000,1.288170,8.030048
49.470774,-81.824400,-266.000000,1.230811,8.035583
49.990774,-81.824400,-266.000000,1.274141,7.981027
50.510774,-81.824400,-266.000000,1.211420,8.021705
51.030774,-81.824400,-266.000000,1.240344,7.957349
51.550774,-81.824400,-266.000000,1.204773,7.957370
52.070774,-81.824400,-266.000000,1.250591,7.996783
52.590774,-81.824400,-266.000000,1.228850,7.990644
53.110774,-81.824400,-266.000000,1.232068,8.040156
53.630774,-81.824400,-266.000000,1.236884,8.026494
54.150774,-81.824400,-266.000000,1.273268,7.980271
54.670774,-81.824400,-266.000000,1.281323,8.003691
55.190774,-81.824400,-266.000000,1.279372,8.012695
55.710774,-81.824400,-266.000000,1.238123,8.086083
56.230774,-81.824400,-266.000000,1.232667,8.001166
56.750774,-81.824400,-266.000000,1.232212,8.000455
57.270774,-81.824400,-266.000000,1.226857,8.043339
57.790774,-81.824400,-266.000000,1.241886,8.023239
58.310774,-81.824400,-266.000000,1.256720,8.094150
58.830774,-81.824400,-266.000000,1.289400,8.101015
59.350774,-81.824400,-266.000000,1.239213,8.069786
59.870774,-81.824400,-266.000000,1.306237,7.999844
60.390774,-81.824400,-266.000000,1.221114,8.009460
60.910774,-81.824400,-266.000000,1.239577,7.973820
61.430774,-81.824400,-266.000000,1.258116,7.976255
61.950774,-81.824400,-266.000000,1.280152,7.958987
62.470774,-81.824400,-266.000000,1.280568,7.975565
62.990774,-81.824400,-266.000000,1.304011,8.050182
63.510774,-81.824400,-266.000000,1.280547,8.025979
64.030774,-81.824400,-266.000000,1.273800,7.976664
64.550774,-81.824400,-266.000000,1.332664,8.016940
65.070774,-81.824400,-266.000000,1.307992,8.020914
65.590774,-81.824400,-266.000000,1.242927,7.966686
66.110774,-81.824400,-266.000000,1.233717,7.984894
66.630774,-81.824400,-266.000000,1.237801,8.032311
67.150774,-81.824400,-266.000000,1.249732,7.957236
67.670774,-81.824400,-266.000000,1.224705,8.078441
68.190774,-81.824400,-266.000000,1.222019,8.083018
68.710774,-81.824400,-266.000000,1.230594,7.990642
69.230774,-81.824400,-266.000000,1.301236,8.034358
69.750774,-81.824400,-266.000000,1.317669,8.072560
70.270774,-81.824400,-266.000000,1.286906,8.084551
70.790774,-81.824400,-266.000000,1.334440,8.100274
71.310774,-81.824400,-266.000000,1.302866,8.004134
71.830774,-81.824400,-266.000000,1.262167,7.983415
72.350774,-81.824400,-266.000000,1.286322,8.090812
72.870774,-81.824400,-266.000000,1.286475,8.027697
73.390774,-81.824400,-266.000000,1.271511,8.039185
73.910774,-81.824400,-266.000000,1.251694,7.935225
74.430774,-81.824400,-266.000000,1.241055,8.142924
74.950774,-81.824400,-266.000000,1.291252,7.988502
75.470774,-81.824400,-266.000000,1.256328,7.995573
75.990774,-81.824400,-266.000000,1.261010,8.060081
75.990774,-81.304400,-266.000000,1.256553,8.091267
13.070774,-82.344400,-265.000000,1.260758,7.880282
13.590774,-82.344400,-265.000000,1.251194,8.009135
14.110774,-82.344400,-265.000000,1.256817,7.947729
14.630774,-82.344400,-265.000000,1.219610,7.879921
15.150774,-82.344400,-265.000000,1.249005,7.919950
15.670774,-82.344400,-265.000000,1.269109,7.969157
16.190774,-82.344400,-265.000000,1.244728,8.049074
16.710774,-82.344400,-265.000000,1.220131,7.996263
17.230774,-82.344400,-265.000000,1.232137,7.973682
17.750774,-82.344400,-265.000000,1.254969,8.035878
18.270774,-82.344400,-265.000000,1.254885,8.019866
18.790774,-82.344400,-265.000000,1.247742,8.009888
19.310774,-82.344400,-265.000000,1.212353,8.019368
19.830774,-82.344400,-265.000000,1.252180,8.066376
20.350774,-82.344400,-265.000000,1.257324,8.000558
20.870774,-82.344400,-265.000000,1.276528,7.973549
21.390774,-82.344400,-265.000000,1.226733,7.991323
21.910774,-82.344400,-265.000000,1.271798,7.947692
22.430774,-82.344400,-265.000000,1.256759,7.957506
22.950774,-82.344400,-265.000000,1.260418,7.995279
23.470774,-82.344400,-265.000000,1.261320,7.989883
23.990774,-82.344400,-265.000000,1.266762,8.003549
24.510774,-82.344400,-265.000000,1.278207,8.032878
25.030774,-82.344400,-265.000000,1.279399,8.025172
25.550774,-82.344400,-265.000000,1.234169,8.052019
26.070774,-82.344400,-265.000000,1.242112,8.045711
26.590774,-82.344400,-265.000000,1.221241,8.011109
27.110774,-82.344400,-265.000000,1.303166,8.048969
27.630774,-82.344400,-265.000000,1.324529,8.026501
28.150774,-82.344400,-265.000000,1.228133,8.042984
28.670774,-82.344400,-265.000000,1.249132,7.965593
29.190774,-82.344400,-265.000000,1.305930,7.965934
29.710774,-82.344400,-265.000000,1.237958,8.016961
30.230774,-82.344400,-265.000000,1.249794,8.009917
30.750774,-82.344400,-265.000000,1.265051,8.056357
31.270774,-82.344400,-265.000000,1.265214,8.034263
31.790774,-82.344400,-265.000000,1.250938,8.051114
32.310774,-82.344400,-265.000000,1.264767,7.969394
32.830774,-82.344400,-265.000000,1.253864,7.972810
33.350774,-82.344400,-265.000000,1.270734,8.012812
33.870774,-82.344400,-265.000000,1.249388,7.913418
34.390774,-82.344400,-265.000000,1.241238,7.970712
34.910774,-82.344400,-265.000000,1.245859,8.014038
35.430774,-82.344400,-265.000000,1.303564,8.004146
35.950774,-82.344400,-265.000000,1.290388,8.038274
36.470774,-82.344400,-265.000000,1.222439,8.059784
36.990774,-82.344400,-265.000000,1.239457,7.979145
37.510774,-82.344400,-265.000000,1.264530,8.016344
38.030774,-82.344400,-265.000000,1.259383,8.008283
38.550774,-82.344400,-265.000000,1.234867,7.977505
39.070774,-82.344400,-265.000000,1.280337,7.942232
39.590774,-82.344400,-265.000000,1.293733,8.052056
40.110774,-82.344400,-265.000000,1.312867,8.015745
40.630774,-82.344400,-265.000000,1.256352,8.024614
41.150774,-82.344400,-265.000000,1.337130,7.981938
41.670774,-82.344400,-265.000000,1.262580,8.009568
42.190774,-82.344400,-265.000000,1.317855,8.025264
42.710774,-82.344400,-265.000000,1.251334,8.084316
43.230774,-82.344400,-265.000000,1.282747,7.961740
43.750774,-82.344400,-265.000000,1.238712,8.063022
44.270774,-82.344400,-265.000000,1.237670,7.983830
44.790774,-82.344400,-265.000000,1.247089,7.999878
45.310774,-82.344400,-265.000000,1.244660,7.993056
45.830774,-82.344400,-265.000000,1.262634,8.017584
46.350774,-82.344400,-265.000000,1.247786,8.050094
46.870774,-82.344400,-265.000000,1.295378,8.023411
47.390774,-82.344400,-265.000000,1.255560,8.069316
47.910774,-82.344400,-265.000000,1.269948,7.999639
48.430774,-82.344400,-265.000000,1.226060,8.027646
48.950774,-82.344400,-265.000000,1.242634,8.062694
49.470774,-82.344400,-265.000000,1.245152,8.073356
49.990774,-82.344400,-265.000000,1.268439,7.942682
50.510774,-82.344400,-265.000000,1.232643,7.979356
51.030774,-82.344400,-265.000000,1.212699,8.057929
51.550774,-82.344400,-265.000000,1.232429,7.991571
52.070774,-82.344400,-265.000000,1.237387,8.080850
52.590774,-82.344400,-265.000000,1.273172,7.981454
53.110774,-82.344400,-265.000000,1.294117,8.022268
53.630774,-82.344400,-265.000000,1.306168,7.994505
54.150774,-82.344400,-265.000000,1.256280,7.989926
54.670774,-82.344400,-265.000000,1.293858,8.048222
55.190774,-82.344400,-265.000000,1.303370,8.016314
55.710774,-82.344400,-265.000000,1.282190,8.051204
56.230774,-82.344400,-265.000000,1.253140,7.981997
56.750774,-82.344400,-265.000000,1.243995,8.071396
57.270774,-82.344400,-265.000000,1.227740,8.033051
57.790774,-82.344400,-265.000000,1.278312,8.005548
58.310774,-82.344400,-265.000000,1.283622,7.989264
58.830774,-82.344400,-265.000000,1.240638,7.996469
59.350774,-82.344400,-265.000000,1.242530,7.940344
59.870774,-82.344400,-265.000000,1.244180,7.994390
60.390774,-82.344400,-265.000000,1.243979,7.905268
60.910774,-82.344400,-265.000000,1.278969,7.944433
61.430774,-82.344400,-265.000000,1.286412,8.035869
61.950774,-82.344400,-265.000000,1.224267,7.931949
62.470774,-82.344400,-265.000000,1.263813,7.997437
62.990774,-82.344400,-265.000000,1.308472,8.090312
63.510774,-82.344400,-265.000000,1.274742,8.002630
64.030774,-82.344400,-265.000000,1.249205,7.902349
64.550774,-82.344400,-265.000000,1.297264,8.048891
65.070774,-82.344400,-265.000000,1.324392,8.046108
65.590774,-82.344400,-265.000000,1.250601,7.925701
66.110774,-82.344400,-265.000000,1.253635,8.011158
66.630774,-82.344400,-265.000000,1.300214,7.956376
67.150774,-82.344400,-265.000000,1.271171,8.075630
67.670774,-82.344400,-265.000000,1.242149,7.999574
68.190774,-82.344400,-265.000000,1.261113,8.023221
68.710774,-82.344400,-265.000000,1.266901,8.026964
69.230774,-82.344400,-265.000000,1.215137,8.072195
69.750774,-82.344400,-265.000000,1.265999,7.967756
70.270774,-82.344400,-265.000000,1.237914,8.026004
70.790774,-82.344400,-265.000000,1.215016,8.010480
71.310774,-82.344400,-265.000000,1.234264,8.027705
71.830774,-82.344400,-265.000000,1.225419,7.976122
72.350774,-82.344400,-265.000000,1.221334,8.003946
72.870774,-82.344400,-265.000000,1.244037,7.993757
73.390774,-82.344400,-265.000000,1.261642,7.968116
73.910774,-82.344400,-265.000000,1.236146,8.033852
74.430774,-82.344400,-265.000000,1.344593,7.998893
74.950774,-82.344400,-265.000000,1.318653,7.967055
75.470774,-82.344400,-265.000000,1.254196,7.938365
75.990774,-82.344400,-265.000000,1.297878,8.094101
13.070774,-81.824400,-265.000000,1.283148,7.897635
13.590774,-81.824400,-265.000000,1.256374,8.065221
14.110774,-81.824400,-265.000000,1.246596,7.926694
14.630774,-81.824400,-265.000000,1.246937,7.912698
15.150774,-81.824400,-265.000000,1.239749,7.942381
15.670774,-81.824400,-265.000000,1.243956,7.933549
16.190774,-81.824400,-265.000000,1.254071,8.066627
16.710774,-81.824400,-265.000000,1.209284,7.979330
17.230774,-81.824400,-265.000000,1.250258,8.005021
17.750774,-81.824400,-265.000000,1.223955,8.027457
18.270774,-81.824400,-265.000000,1.220457,7.980757
18.790774,-81.824400,-265.000000,1.243241,7.990203
19.310774,-81.824400,-265.000000,1.247395,8.005881
19.830774,-81.824400,-265.000000,1.295211,8.068870
20.350774,-81.824400,-265.000000,1.273103,7.964697
20.870774,-81.824400,-265.000000,1.237694,8.065047
21.390774,-81.824400,-265.000000,1.234998,7.976326
21.910774,-81.824400,-265.000000,1.225363,7.975353
22.430774,-81.824400,-265.000000,1.261157,7.969184
22.950774,-81.824400,-265.000000,1.234426,8.001279
23.470774,-81.824400,-265.000000,1.253341,7.974748
23.990774,-81.824400,-265.000000,1.271325,8.011392
24.510774,-81.824400,-265.000000,1.265128,8.077806
25.030774,-81.824400,-265.000000,1.263765,8.032864
25.550774,-81.824400,-265.000000,1.274438,8.033227
26.070774,-81.824400,-265.000000,1.276209,8.055788
26.590774,-81.824400,-265.000000,1.311672,8.066781
27.110774,-81.824400,-265.000000,1.317053,8.014599
27.630774,-81.824400,-265.000000,1.282518,8.002599
28.150774,-81.824400,-265.000000,1.304567,8.070669
28.670774,-81.824400,-265.000000,1.306301,7.985395
29.190774,-81.824400,-265.000000,1.314713,7.973568
29.710774,-81.824400,-265.000000,1.279012,8.079975
30.230774,-81.824400,-265.000000,1.312796,8.031718
30.750774,-81.824400,-265.000000,1.299092,8.090176
31.270774,-81.824400,-265.000000,1.238256,8.013501
31.790774,-81.824400,-265.000000,1.274873,8.029419
32.310774,-81.824400,-265.000000,1.262702,7.986351
32.830774,-81.824400,-265.000000,1.214751,7.967961
33.350774,-81.824400,-265.000000,1.301815,7.999003
33.870774,-81.824400,-265.000000,1.242370,7.938161
34.390774,-81.824400,-265.000000,1.241590,7.950172
34.910774,-81.824400,-265.000000,1.253293,7.986057
35.430774,-81.824400,-265.000000,1.306547,8.001998
35.950774,-81.824400,-265.000000,1.241419,8.024536
36.470774,-81.824400,-265.000000,1.267666,8.028121
36.990774,-81.824400,-265.000000,1.260011,8.071937
37.510774,-81.824400,-265.000000,1.268393,7.995026
38.030774,-81.824400,-265.000000,1.237677,7.942472
38.550774,-81.824400,-265.000000,1.220460,8.009155
39.070774,-81.824400,-265.000000,1.241230,7.950742
39.590774,-81.824400,-265.000000,1.315343,8.016736
40.110774,-81.824400,-265.000000,1.344218,8.023680
40.630774,-81.824400,-265.000000,1.371748,8.027478
41.150774,-81.824400,-265.000000,1.313484,8.072342
41.670774,-81.824400,-265.000000,1.288362,8.052444
42.190774,-81.824400,-265.000000,1.306808,8.032454
42.710774,-81.824400,-265.000000,1.327930,8.105530
43.230774,-81.824400,-265.000000,1.303029,7.961890
43.750774,-81.824400,-265.000000,1.294214,8.060158
44.270774,-81.824400,-265.000000,1.330535,7.982799
44.790774,-81.824400,-265.000000,1.245729,8.015562
45.310774,-81.824400,-265.000000,1.240458,7.993185
45.830774,-81.824400,-265.000000,1.229954,8.041490
46.350774,-81.824400,-265.000000,1.248790,8.013774
46.870774,-81.824400,-265.000000,1.271328,8.025958
47.390774,-81.824400,-265.000000,1.257294,8.139129
47.910774,-81.824400,-265.000000,1.250940,8.013061
48.430774,-81.824400,-265.000000,1.281182,8.020693
48.950774,-81.824400,-265.000000,1.281574,8.132597
49.470774,-81.824400,-265.000000,1.246933,8.055512
49.990774,-81.824400,-265.000000,1.277975,7.966139
50.510774,-81.824400,-265.000000,1.295097,7.961391
51.030774,-81.824400,-265.000000,1.265620,8.084363
51.550774,-81.824400,-265.000000,1.266068,7.986420
52.070774,-81.824400,-265.000000,1.269478,8.105215
52.590774,-81.824400,-265.000000,1.230095,7.991323
53.110774,-81.824400,-265.000000,1.304380,7.951135
53.630774,-81.824400,-265.000000,1.236866,8.164997
54.150774,-81.824400,-265.000000,1.222938,7.997510
54.670774,-81.824400,-265.000000,1.251747,7.968696
55.190774,-81.824400,-265.000000,1.294431,8.010160
55.710774,-81.824400,-265.000000,1.264449,8.057693
56.230774,-81.824400,-265.000000,1.245717,7.983602
56.750774,-81.824400,-265.000000,1.234159,7.993509
57.270774,-81.824400,-265.000000,1.222113,8.028763
57.790774,-81.824400,-265.000000,1.246470,7.981058
58.310774,-81.824400,-265.000000,1.253243,7.984058
58.830774,-81.824400,-265.000000,1.299320,8.005567
59.350774,-81.824400,-265.000000,1.297328,7.942640
59.870774,-81.824400,-265.000000,1.241295,7.993136
60.390774,-81.824400,-265.000000,1.270487,7.914206
60.910774,-81.824400,-265.000000,1.296474,7.958674
61.430774,-81.824400,-265.000000,1.292830,8.009755
61.950774,-81.824400,-265.000000,1.231881,7.953716
62.470774,-81.824400,-265.000000,1.370667,7.990754
62.990774,-81.824400,-265.000000,1.257550,8.003442
63.510774,-81.824400,-265.000000,1.270207,7.943952
64.030774,-81.824400,-265.000000,1.261169,7.951650
64.550774,-81.824400,-265.000000,1.271084,8.094362
65.070774,-81.824400,-265.000000,1.272404,8.059228
65.590774,-81.824400,-265.000000,1.253416,7.938796
66.110774,-81.824400,-265.000000,1.253476,8.090606
66.630774,-81.824400,-265.000000,1.234967,7.926706
67.150774,-81.824400,-265.000000,1.286234,8.063066
67.670774,-81.824400,-265.000000,1.290959,8.011241
68.190774,-81.824400,-265.000000,1.247280,8.030210
68.710774,-81.824400,-265.000000,1.225964,8.049384
69.230774,-81.824400,-265.000000,1.238603,8.048474
69.750774,-81.824400,-265.000000,1.251093,7.968244
70.270774,-81.824400,-265.000000,1.241337,8.035883
70.790774,-81.824400,-265.000000,1.246971,8.049357
71.310774,-81.824400,-265.000000,1.292340,8.033051
71.830774,-81.824400,-265.000000,1.264913,8.005966
72.350774,-81.824400,-265.000000,1.216730,7.989862
72.870774,-81.824400,-265.000000,1.263291,8.004307
73.390774,-81.824400,-265.000000,1.261169,7.993241
73.910774,-81.824400,-265.000000,1.220500,8.036839
74.430774,-81.824400,-265.000000,1.320134,8.015953
74.950774,-81.824400,-265.000000,1.292189,7.940626
75.470774,-81.824400,-265.000000,1.251078,7.967820
75.990774,-81.824400,-265.000000,1.288264,8.063764
13.070774,-82.344400,-264.000000,1.269920,7.933819
13.590774,-82.344400,-264.000000,1.251631,7.963654
14.110774,-82.344400,-264.000000,1.239157,7.892304
14.630774,-82.344400,-264.000000,1.223240,7.993690
15.150774,-82.344400,-264.000000,1.260095,7.884048
15.670774,-82.344400,-264.000000,1.271416,7.909304
16.190774,-82.344400,-264.000000,1.246057,8.027161
16.710774,-82.344400,-264.000000,1.252170,8.007498
17.230774,-82.344400,-264.000000,1.310545,8.026457
17.750774,-82.344400,-264.000000,1.290575,8.083474
18.270774,-82.344400,-264.000000,1.280250,8.027482
18.790774,-82.344400,-264.000000,1.302619,7.990305
19.310774,-82.344400,-264.000000,1.260373,7.945603
19.830774,-82.344400,-264.000000,1.231999,8.031147
20.350774,-82.344400,-264.000000,1.300244,7.960653
20.870774,-82.344400,-264.000000,1.261090,7.990885
21.390774,-82.344400,-264.000000,1.247456,7.957016
21.910774,-82.344400,-264.000000,1.225446,8.014644
22.430774,-82.344400,-264.000000,1.262707,8.020959
22.950774,-82.344400,-264.000000,1.258388,8.020438
23.470774,-82.344400,-264.000000,1.272952,8.058234
23.990774,-82.344400,-264.000000,1.226494,7.910601
24.510774,-82.344400,-264.000000,1.220480,8.012847
25.030774,-82.344400,-264.000000,1.251368,8.030766
25.550774,-82.344400,-264.000000,1.249376,8.021619
26.070774,-82.344400,-264.000000,1.249901,8.028759
26.590774,-82.344400,-264.000000,1.225919,7.908433
27.110774,-82.344400,-264.000000,1.333965,7.982409
27.630774,-82.344400,-264.000000,1.310489,8.035611
28.150774,-82.344400,-264.000000,1.334079,8.000265
28.670774,-82.344400,-264.000000,1.354438,8.072268
29.190774,-82.344400,-264.000000,1.284698,8.036359
29.710774,-82.344400,-264.000000,1.292050,8.043193
30.230774,-82.344400,-264.000000,1.326362,8.011611
30.750774,-82.344400,-264.000000,1.319088,8.087423
31.270774,-82.344400,-264.000000,1.334313,8.012380
31.790774,-82.344400,-264.000000,1.259955,7.981138
32.310774,-82.344400,-264.000000,1.251252,8.088773
32.830774,-82.344400,-264.000000,1.288555,8.132005
33.350774,-82.344400,-264.000000,1.207063,8.023256
33.870774,-82.344400,-264.000000,1.222958,7.996086
34.390774,-82.344400,-264.000000,1.230009,7.917773
34.910774,-82.344400,-264.000000,1.290663,8.030127
35.430774,-82.344400,-264.000000,1.308887,8.107223
35.950774,-82.344400,-264.000000,1.216606,8.026504
36.470774,-82.344400,-264.000000,1.228505,7.964377
36.990774,-82.344400,-264.000000,1.245270,7.971694
37.510774,-82.344400,-264.000000,1.266496,8.014129
38.030774,-82.344400,-264.000000,1.287337,8.027607
38.550774,-82.344400,-264.000000,1.228503,7.999250
39.070774,-82.344400,-264.000000,1.255345,8.023859
39.590774,-82.344400,-264.000000,1.310046,8.042803
40.110774,-82.344400,-264.000000,1.280407,7.999990
40.630774,-82.344400,-264.000000,1.277007,8.031656
41.150774,-82.344400,-264.000000,1.291580,8.016124
41.670774,-82.344400,-264.000000,1.314574,8.022377
42.190774,-82.344400,-264.000000,1.328050,8.022546
42.710774,-82.344400,-264.000000,1.263314,7.960944
43.230774,-82.344400,-264.000000,1.269444,7.977284
43.750774,-82.344400,-264.000000,1.226848,8.005149
44.270774,-82.344400,-264.000000,1.246075,8.116954
44.790774,-82.344400,-264.000000,1.209085,7.986620
45.310774,-82.344400,-264.000000,1.216512,8.143081
45.830774,-82.344400,-264.000000,1.253229,7.996311
46.350774,-82.344400,-264.000000,1.255581,8.005585
46.870774,-82.344400,-264.000000,1.251507,7.933938
47.390774,-82.344400,-264.000000,1.258596,8.011157
47.910774,-82.344400,-264.000000,1.251424,8.062349
48.430774,-82.344400,-264.000000,1.223465,8.036732
48.950774,-82.344400,-264.000000,1.265362,8.028074
49.470774,-82.344400,-264.000000,1.280525,8.021048
49.990774,-82.344400,-264.000000,1.250877,7.980911
50.510774,-82.344400,-264.000000,1.247814,7.970119
51.030774,-82.344400,-264.000000,1.290286,8.065172
51.550774,-82.344400,-264.000000,1.269914,8.041693
52.070774,-82.344400,-264.000000,1.279570,8.002406
52.590774,-82.344400,-264.000000,1.215725,7.988477
53.110774,-82.344400,-264.000000,1.252675,7.939513
53.630774,-82.344400,-264.000000,1.306199,8.095699
54.150774,-82.344400,-264.000000,1.242811,8.012938
54.670774,-82.344400,-264.000000,1.268059,7.998301
55.190774,-82.344400,-264.000000,1.238176,7.987202
55.710774,-82.344400,-264.000000,1.254850,8.047383
56.230774,-82.344400,-264.000000,1.206843,7.978499
56.750774,-82.344400,-264.000000,1.256886,7.955284
57.270774,-82.344400,-264.000000,1.240416,8.050553
57.790774,-82.344400,-264.000000,1.269185,8.071840
58.310774,-82.344400,-264.000000,1.293460,7.994385
58.830774,-82.344400,-264.000000,1.287368,8.028013
59.350774,-82.344400,-264.000000,1.251788,8.045820
59.870774,-82.344400,-264.000000,1.233033,8.028625
60.390774,-82.344400,-264.000000,1.248188,8.062503
60.910774,-82.344400,-264.000000,1.234959,8.030530
61.430774,-82.344400,-264.000000,1.282792,8.097579
61.950774,-82.344400,-264.000000,1.232069,7.967016
62.470774,-82.344400,-264.000000,1.310588,8.032139
62.990774,-82.344400,-264.000000,1.271288,8.037353
63.510774,-82.344400,-264.000000,1.311864,7.992397
64.030774,-82.344400,-264.000000,1.292781,8.093555
64.550774,-82.344400,-264.000000,1.234594,8.039143
65.070774,-82.344400,-264.000000,1.215455,7.954391
65.590774,-82.344400,-264.000000,1.225260,7.996520
66.110774,-82.344400,-264.000000,1.286393,8.009619
66.630774,-82.344400,-264.000000,1.292141,8.082180
67.150774,-82.344400,-264.000000,1.256015,7.993751
67.670774,-82.344400,-264.000000,1.269064,8.013087
68.190774,-82.344400,-264.000000,1.271273,7.982109
68.710774,-82.344400,-264.000000,1.238822,7.968917
69.230774,-82.344400,-264.000000,1.210036,8.092759
69.750774,-82.344400,-264.000000,1.252564,8.043090
70.270774,-82.344400,-264.000000,1.233206,7.926232
70.790774,-82.344400,-264.000000,1.222661,7.954128
71.310774,-82.344400,-264.000000,1.255250,8.097589
71.830774,-82.344400,-264.000000,1.252622,8.017211
72.350774,-82.344400,-264.000000,1.278087,7.940288
72.870774,-82.344400,-264.000000,1.237141,8.034192
73.390774,-82.344400,-264.000000,1.225111,8.016440
73.910774,-82.344400,-264.000000,1.241368,8.011315
74.430774,-82.344400,-264.000000,1.267330,8.008645
74.950774,-82.344400,-264.000000,1.254145,7.979339
75.470774,-82.344400,-264.000000,1.244112,7.964611
75.990774,-82.344400,-264.000000,1.204777,8.017143
13.070774,-81.824400,-264.000000,1.315224,7.935786
13.590774,-81.824400,-264.000000,1.248697,7.998847
14.110774,-81.824400,-264.000000,1.273784,7.927993
14.630774,-81.824400,-264.000000,1.258789,8.000691
15.150774,-81.824400,-264.000000,1.230797,7.909173
15.670774,-81.824400,-264.000000,1.232835,7.968227
16.190774,-81.824400,-264.000000,1.211923,7.935655
16.710774,-81.824400,-264.000000,1.227964,7.980437
17.230774,-81.824400,-264.000000,1.268025,8.047346
17.750774,-81.824400,-264.000000,1.265401,8.127849
18.270774,-81.824400,-264.000000,1.232048,7.962983
18.790774,-81.824400,-264.000000,1.244555,7.970196
19.310774,-81.824400,-264.000000,1.242175,7.948073
19.830774,-81.824400,-264.000000,1.228264,8.052362
20.350774,-81.824400,-264.000000,1.237369,8.046475
20.870774,-81.824400,-264.000000,1.261935,7.994135
21.390774,-81.824400,-264.000000,1.267081,7.983246
21.910774,-81.824400,-264.000000,1.253235,7.988667
22.430774,-81.824400,-264.000000,1.297780,8.043484
22.950774,-81.824400,-264.000000,1.223572,8.015844
23.470774,-81.824400,-264.000000,1.265714,8.077546
23.990774,-81.824400,-264.000000,1.275029,7.936869
24.510774,-81.824400,-264.000000,1.273675,8.025979
25.030774,-81.824400,-264.000000,1.249125,8.014078
25.550774,-81.824400,-264.000000,1.309851,7.967135
26.070774,-81.824400,-264.000000,1.309758,8.062739
26.590774,-81.824400,-264.000000,1.313919,8.050457
27.110774,-81.824400,-264.000000,1.318004,8.012686
27.630774,-81.824400,-264.000000,1.282411,8.004150
28.150774,-81.824400,-264.000000,1.291098,7.965099
28.670774,-81.824400,-264.000000,1.328996,8.052844
29.190774,-81.824400,-264.000000,1.296549,8.025159
29.710774,-81.824400,-264.000000,1.348401,8.046890
30.230774,-81.824400,-264.000000,1.286145,8.027219
30.750774,-81.824400,-264.000000,1.322556,8.084423
31.270774,-81.824400,-264.000000,1.282827,8.037584
31.790774,-81.824400,-264.000000,1.243683,8.023013
32.310774,-81.824400,-264.000000,1.267158,8.068513
32.830774,-81.824400,-264.000000,1.245225,8.077281
33.350774,-81.824400,-264.000000,1.307860,8.002722
33.870774,-81.824400,-264.000000,1.258093,8.098763
34.390774,-81.824400,-264.000000,1.240583,7.923730
34.910774,-81.824400,-264.000000,1.304445,8.009807
35.430774,-81.824400,-264.000000,1.262073,8.000338
35.950774,-81.824400,-264.000000,1.276352,8.062979
36.470774,-81.824400,-264.000000,1.262066,7.954905
36.990774,-81.824400,-264.000000,1.257010,7.955495
37.510774,-81.824400,-264.000000,1.243270,8.018057
38.030774,-81.824400,-264.000000,1.267631,8.009428
38.550774,-81.824400,-264.000000,1.257805,8.044766
39.070774,-81.824400,-264.000000,1.262108,8.040270
39.590774,-81.824400,-264.000000,1.249751,8.045432
40.110774,-81.824400,-264.000000,1.314024,8.030850
40.630774,-81.824400,-264.000000,1.276300,8.046579
41.150774,-81.824400,-264.000000,1.279537,7.992900
41.670774,-81.824400,-264.000000,1.306454,8.020120
42.190774,-81.824400,-264.000000,1.264216,8.035616
42.710774,-81.824400,-264.000000,1.262439,7.995927
43.230774,-81.824400,-264.000000,1.298739,8.029792
43.750774,-81.824400,-264.000000,1.272440,7.975454
44.270774,-81.824400,-264.000000,1.296391,8.106153
44.790774,-81.824400,-264.000000,1.223357,7.923740
45.310774,-81.824400,-264.000000,1.249172,8.060515
45.830774,-81.824400,-264.000000,1.204375,7.995550
46.350774,-81.824400,-264.000000,1.314827,8.016375
46.870774,-81.824400,-264.000000,1.213255,7.974298
47.390774,-81.824400,-264.000000,1.258539,8.063530
47.910774,-81.824400,-264.000000,1.257608,8.105120
48.430774,-81.824400,-264.000000,1.288279,8.004492
48.950774,-81.824400,-264.000000,1.287064,8.062169
49.470774,-81.824400,-264.000000,1.223851,8.004950
49.990774,-81.824400,-264.000000,1.267897,8.022783
50.510774,-81.824400,-264.000000,1.289215,8.025947
51.030774,-81.824400,-264.000000,1.285910,8.124356
51.550774,-81.824400,-264.000000,1.243937,8.040518
52.070774,-81.824400,-264.000000,1.301829,8.005964
52.590774,-81.824400,-264.000000,1.259552,8.019494
53.110774,-81.824400,-264.000000,1.259791,7.926170
53.630774,-81.824400,-264.000000,1.260542,8.052011
54.150774,-81.824400,-264.000000,1.262976,7.987185
54.670774,-81.824400,-264.000000,1.255697,7.988993
55.190774,-81.824400,-264.000000,1.238961,8.011621
55.710774,-81.824400,-264.000000,1.232789,8.048253
56.230774,-81.824400,-264.000000,1.208515,7.976259
56.750774,-81.824400,-264.000000,1.284977,7.966976
57.270774,-81.824400,-264.000000,1.297416,8.067482
57.790774,-81.824400,-264.000000,1.314779,8.109252
58.310774,-81.824400,-264.000000,1.239232,7.994982
58.830774,-81.824400,-264.000000,1.277128,8.022719
59.350774,-81.824400,-264.000000,1.256249,8.022223
59.870774,-81.824400,-264.000000,1.251113,8.028326
60.390774,-81.824400,-264.000000,1.270001,8.076742
60.910774,-81.824400,-264.000000,1.316522,8.021645
61.430774,-81.824400,-264.000000,1.304478,8.063365
61.950774,-81.824400,-264.000000,1.257069,7.973539
62.470774,-81.824400,-264.000000,1.304574,7.998640
62.990774,-81.824400,-264.000000,1.253575,8.018810
63.510774,-81.824400,-264.000000,1.256360,7.949899
64.030774,-81.824400,-264.000000,1.299907,8.054962
64.550774,-81.824400,-264.000000,1.293709,8.065548
65.070774,-81.824400,-264.000000,1.263368,7.977659
65.590774,-81.824400,-264.000000,1.250732,8.047944
66.110774,-81.824400,-264.000000,1.297464,8.024895
66.630774,-81.824400,-264.000000,1.304680,8.079915
67.150774,-81.824400,-264.000000,1.308656,8.007216
67.670774,-81.824400,-264.000000,1.264090,8.012528
68.190774,-81.824400,-264.000000,1.252200,7.975273
68.710774,-81.824400,-264.000000,1.224713,8.019522
69.230774,-81.824400,-264.000000,1.218236,8.149648
69.750774,-81.824400,-264.000000,1.285749,8.051928
70.270774,-81.824400,-264.000000,1.232334,7.932924
70.790774,-81.824400,-264.000000,1.260136,7.974467
71.310774,-81.824400,-264.000000,1.239978,8.068803
71.830774,-81.824400,-264.000000,1.228917,8.008550
72.350774,-81.824400,-264.000000,1.213437,7.970573
72.870774,-81.824400,-264.000000,1.275885,8.025958
73.390774,-81.824400,-264.000000,1.302836,8.035098
73.910774,-81.824400,-264.000000,1.279023,7.992679
74.430774,-81.824400,-264.000000,1.264819,8.054190
74.950774,-81.824400,-264.000000,1.200094,7.997635
75.470774,-81.824400,-264.000000,1.252868,8.017963
75.990774,-81.824400,-264.000000,1.205007,8.048700
75.990774,-81.304400,-264.000000,1.265967,8.071051
13.070774,-82.344400,-263.000000,1.265655,7.904648
13.590774,-82.344400,-263.000000,1.227613,7.841969
14.110774,-82.344400,-263.000000,1.265946,7.906538
14.630774,-82.344400,-263.000000,1.308367,7.984969
15.150774,-82.344400,-263.000000,1.217593,7.874531
15.670774,-82.344400,-263.000000,1.329581,7.976513
16.190774,-82.344400,-263.000000,1.228821,7.945562
16.710774,-82.344400,-263.000000,1.238248,7.968633
17.230774,-82.344400,-263.000000,1.288269,7.967895
17.750774,-82.344400,-263.000000,1.275981,8.067955
18.270774,-82.344400,-263.000000,1.221998,8.011723
18.790774,-82.344400,-263.000000,1.263629,7.969830
19.310774,-82.344400,-263.000000,1.231678,7.928767
19.830774,-82.344400,-263.000000,1.261922,7.911085
20.350774,-82.344400,-263.000000,1.223225,7.967475
20.870774,-82.344400,-263.000000,1.248976,7.935318
21.390774,-82.344400,-263.000000,1.293332,8.016049
21.910774,-82.344400,-263.000000,1.281797,8.027411
22.430774,-82.344400,-263.000000,1.290869,8.034419
22.950774,-82.344400,-263.000000,1.288550,8.006755
23.470774,-82.344400,-263.000000,1.257934,8.089442
23.990774,-82.344400,-263.000000,1.319705,8.015695
24.510774,-82.344400,-263.000000,1.223225,7.892133
25.030774,-82.344400,-263.000000,1.189752,7.953865
25.550774,-82.344400,-263.000000,1.286743,8.042253
26.070774,-82.344400,-263.000000,1.284307,8.006476
26.590774,-82.344400,-263.000000,1.252653,7.977827
27.110774,-82.344400,-263.000000,1.303459,8.035254
27.630774,-82.344400,-263.000000,1.283878,8.008137
28.150774,-82.344400,-263.000000,1.249323,7.981225
28.670774,-82.344400,-263.000000,1.283636,7.995854
29.190774,-82.344400,-263.000000,1.298700,7.997859
29.710774,-82.344400,-263.000000,1.258654,8.056432
30.230774,-82.344400,-263.000000,1.259626,7.964675
30.750774,-82.344400,-263.000000,1.249175,8.036649
31.270774,-82.344400,-263.000000,1.253372,7.932385
31.790774,-82.344400,-263.000000,1.317508,7.992918
32.310774,-82.344400,-263.000000,1.256156,8.089320
32.830774,-82.344400,-263.000000,1.352160,8.030051
33.350774,-82.344400,-263.000000,1.261410,7.986069
33.870774,-82.344400,-263.000000,1.296658,8.049257
34.390774,-82.344400,-263.000000,1.337073,8.037551
34.910774,-82.344400,-263.000000,1.235087,8.002380
35.430774,-82.344400,-263.000000,1.257933,8.041390
35.950774,-82.344400,-263.000000,1.257325,8.004604
36.470774,-82.344400,-263.000000,1.248379,8.034742
36.990774,-82.344400,-263.000000,1.251141,7.941780
37.510774,-82.344400,-263.000000,1.237108,7.968799
38.030774,-82.344400,-263.000000,1.330518,8.083316
38.550774,-82.344400,-263.000000,1.258306,8.007710
39.070774,-82.344400,-263.000000,1.233866,7.946531
39.590774,-82.344400,-263.000000,1.245871,8.018369
40.110774,-82.344400,-263.000000,1.283531,7.979345
40.630774,-82.344400,-263.000000,1.327167,8.084888
41.150774,-82.344400,-263.000000,1.339271,8.071133
41.670774,-82.344400,-263.000000,1.317566,7.992013
42.190774,-82.344400,-263.000000,1.237983,7.988559
42.710774,-82.344400,-263.000000,1.321954,7.965009
43.230774,-82.344400,-263.000000,1.257851,7.987016
43.750774,-82.344400,-263.000000,1.268664,8.084752
44.270774,-82.344400,-263.000000,1.347991,7.997758
44.790774,-82.344400,-263.000000,1.243769,8.058616
45.310774,-82.344400,-263.000000,1.296096,8.034726
45.830774,-82.344400,-263.000000,1.294757,8.017948
46.350774,-82.344400,-263.000000,1.253800,8.030007
46.870774,-82.344400,-263.000000,1.264319,8.035325
47.390774,-82.344400,-263.000000,1.278783,8.110751
47.910774,-82.344400,-263.000000,1.289501,7.979496
48.430774,-82.344400,-263.000000,1.363668,7.996044
48.950774,-82.344400,-263.000000,1.272551,8.008749
49.470774,-82.344400,-263.000000,1.228079,8.026123
49.990774,-82.344400,-263.000000,1.265553,7.967757
50.510774,-82.344400,-263.000000,1.269708,7.955761
51.030774,-82.344400,-263.000000,1.288634,7.916664
51.550774,-82.344400,-263.000000,1.223504,8.022448
52.070774,-82.344400,-263.000000,1.213486,8.019323
52.590774,-82.344400,-263.000000,1.243344,7.975987
53.110774,-82.344400,-263.000000,1.260582,8.120461
53.630774,-82.344400,-263.000000,1.297598,8.010000
54.150774,-82.344400,-263.000000,1.235160,7.975392
54.670774,-82.344400,-263.000000,1.268174,8.018671
55.190774,-82.344400,-263.000000,1.250136,7.981761
55.710774,-82.344400,-263.000000,1.269225,8.026312
56.230774,-82.344400,-263.000000,1.272340,7.936755
56.750774,-82.344400,-263.000000,1.285972,8.003584
57.270774,-82.344400,-263.000000,1.221582,7.992919
57.790774,-82.344400,-263.000000,1.229327,7.962240
58.310774,-82.344400,-263.000000,1.291885,7.930271
58.830774,-82.344400,-263.000000,1.249163,7.919971
59.350774,-82.344400,-263.000000,1.291127,7.972255
59.870774,-82.344400,-263.000000,1.302513,8.026276
60.390774,-82.344400,-263.000000,1.259888,8.086763
60.910774,-82.344400,-263.000000,1.202957,8.106568
61.430774,-82.344400,-263.000000,1.224687,8.021695
61.950774,-82.344400,-263.000000,1.278832,8.041842
62.470774,-82.344400,-263.000000,1.309637,7.976306
62.990774,-82.344400,-263.000000,1.353687,7.967896
63.510774,-82.344400,-263.000000,1.249824,8.074665
64.030774,-82.344400,-263.000000,1.253216,7.995649
64.550774,-82.344400,-263.000000,1.262360,7.978057
65.070774,-82.344400,-263.000000,1.243246,7.994287
65.590774,-82.344400,-263.000000,1.251511,7.972857
66.110774,-82.344400,-263.000000,1.264231,7.986167
66.630774,-82.344400,-263.000000,1.223961,7.978181
67.150774,-82.344400,-263.000000,1.296852,7.984108
67.670774,-82.344400,-263.000000,1.239814,7.970810
68.190774,-82.344400,-263.000000,1.294643,8.025771
68.710774,-82.344400,-263.000000,1.254696,7.978796
69.230774,-82.344400,-263.000000,1.237220,8.084939
69.750774,-82.344400,-263.000000,1.284625,7.967234
70.270774,-82.344400,-263.000000,1.265829,8.040328
70.790774,-82.344400,-263.000000,1.279184,7.986774
71.310774,-82.344400,-263.000000,1.224396,8.049117
71.830774,-82.344400,-263.000000,1.240710,8.049052
72.350774,-82.344400,-263.000000,1.276988,7.992773
72.870774,-82.344400,-263.000000,1.324624,8.014071
73.390774,-82.344400,-263.000000,1.299863,7.970983
73.910774,-82.344400,-263.000000,1.251102,7.930613
74.430774,-82.344400,-263.000000,1.278994,7.948121
74.950774,-82.344400,-263.000000,1.299289,7.910460
75.470774,-82.344400,-263.000000,1.232040,7.992754
75.990774,-82.344400,-263.000000,1.221950,7.980587
13.070774,-81.824400,-263.000000,1.274909,7.953340
13.590774,-81.824400,-263.000000,1.226229,7.856962
14.110774,-81.824400,-263.000000,1.279311,7.889535
14.630774,-81.824400,-263.000000,1.283721,7.984761
15.150774,-81.824400,-263.000000,1.282797,7.894056
15.670774,-81.824400,-263.000000,1.270713,7.971755
16.190774,-81.824400,-263.000000,1.222542,7.930334
16.710774,-81.824400,-263.000000,1.249962,7.975164
17.230774,-81.824400,-263.000000,1.253116,7.967752
17.750774,-81.824400,-263.000000,1.328002,8.046285
18.270774,-81.824400,-263.000000,1.313228,8.022655
18.790774,-81.824400,-263.000000,1.256328,7.938554
19.310774,-81.824400,-263.000000,1.197474,7.917038
19.830774,-81.824400,-263.000000,1.249886,7.968945
20.350774,-81.824400,-263.000000,1.296174,7.970507
20.870774,-81.824400,-263.000000,1.252970,7.966952
21.390774,-81.824400,-263.000000,1.319482,8.013145
21.910774,-81.824400,-263.000000,1.304578,8.038222
22.430774,-81.824400,-263.000000,1.258764,8.095518
22.950774,-81.824400,-263.000000,1.278664,7.994084
23.470774,-81.824400,-263.000000,1.267090,8.080629
23.990774,-81.824400,-263.000000,1.259294,7.992799
24.510774,-81.824400,-263.000000,1.253698,7.956389
25.030774,-81.824400,-263.000000,1.263846,8.008983
25.550774,-81.824400,-263.000000,1.283736,8.053749
26.070774,-81.824400,-263.000000,1.341389,8.058002
26.590774,-81.824400,-263.000000,1.241508,8.035604
27.110774,-81.824400,-263.000000,1.218601,8.008888
27.630774,-81.824400,-263.000000,1.281528,7.989501
28.150774,-81.824400,-263.000000,1.184439,8.017014
28.670774,-81.824400,-263.000000,1.275896,8.009140
29.190774,-81.824400,-263.000000,1.264225,8.042823
29.710774,-81.824400,-263.000000,1.271232,8.000395
30.230774,-81.824400,-263.000000,1.226655,7.960759
30.750774,-81.824400,-263.000000,1.282603,8.038632
31.270774,-81.824400,-263.000000,1.276356,7.949068
31.790774,-81.824400,-263.000000,1.269351,7.991809
32.310774,-81.824400,-263.000000,1.258352,8.078386
32.830774,-81.824400,-263.000000,1.254136,7.990376
33.350774,-81.824400,-263.000000,1.264585,7.994000
33.870774,-81.824400,-263.000000,1.281232,8.064281
34.390774,-81.824400,-263.000000,1.235432,8.008620
34.910774,-81.824400,-263.000000,1.270232,8.002439
35.430774,-81.824400,-263.000000,1.249093,8.032187
35.950774,-81.824400,-263.000000,1.254540,7.998898
36.470774,-81.824400,-263.000000,1.248387,7.992585
36.990774,-81.824400,-263.000000,1.255354,8.043279
37.510774,-81.824400,-263.000000,1.201924,7.972968
38.030774,-81.824400,-263.000000,1.328081,8.058258
38.550774,-81.824400,-263.000000,1.243678,8.052926
39.070774,-81.824400,-263.000000,1.238388,7.957553
39.590774,-81.824400,-263.000000,1.265682,8.026371
40.110774,-81.824400,-263.000000,1.303219,8.029268
40.630774,-81.824400,-263.000000,1.311098,8.058864
41.150774,-81.824400,-263.000000,1.284255,8.072734
41.670774,-81.824400,-263.000000,1.285406,7.983656
42.190774,-81.824400,-263.000000,1.316874,8.025743
42.710774,-81.824400,-263.000000,1.334112,8.016444
43.230774,-81.824400,-263.000000,1.260999,7.981174
43.750774,-81.824400,-263.000000,1.229864,8.059330
44.270774,-81.824400,-263.000000,1.273691,8.012797
44.790774,-81.824400,-263.000000,1.210868,8.025604
45.310774,-81.824400,-263.000000,1.301154,8.049293
45.830774,-81.824400,-263.000000,1.241493,8.012725
46.350774,-81.824400,-263.000000,1.280327,7.966771
46.870774,-81.824400,-263.000000,1.276516,8.023890
47.390774,-81.824400,-263.000000,1.310941,8.145630
47.910774,-81.824400,-263.000000,1.244048,8.055356
48.430774,-81.824400,-263.000000,1.229372,8.058379
48.950774,-81.824400,-263.000000,1.227570,7.982873
49.470774,-81.824400,-263.000000,1.226482,8.028690
49.990774,-81.824400,-263.000000,1.272476,7.947525
50.510774,-81.824400,-263.000000,1.257678,7.990086
51.030774,-81.824400,-263.000000,1.240569,7.899448
51.550774,-81.824400,-263.000000,1.254479,8.005832
52.070774,-81.824400,-263.000000,1.241182,8.033841
52.590774,-81.824400,-263.000000,1.260290,7.964866
53.110774,-81.824400,-263.000000,1.303099,8.032801
53.630774,-81.824400,-263.000000,1.290904,8.015488
54.150774,-81.824400,-263.000000,1.271887,8.024557
54.670774,-81.824400,-263.000000,1.255142,8.081697
55.190774,-81.824400,-263.000000,1.256036,7.969220
55.710774,-81.824400,-263.000000,1.251881,8.100851
56.230774,-81.824400,-263.000000,1.257119,7.960184
56.750774,-81.824400,-263.000000,1.265586,7.948215
57.270774,-81.824400,-263.000000,1.243448,8.001484
57.790774,-81.824400,-263.000000,1.280006,8.083776
58.310774,-81.824400,-263.000000,1.299111,7.951273
58.830774,-81.824400,-263.000000,1.254441,7.989723
59.350774,-81.824400,-263.000000,1.275134,7.944888
59.870774,-81.824400,-263.000000,1.303627,8.009295
60.390774,-81.824400,-263.000000,1.263848,8.026615
60.910774,-81.824400,-263.000000,1.218639,8.061865
61.430774,-81.824400,-263.000000,1.219146,7.994543
61.950774,-81.824400,-263.000000,1.347580,8.097018
62.470774,-81.824400,-263.000000,1.329308,8.003657
62.990774,-81.824400,-263.000000,1.290112,7.950395
63.510774,-81.824400,-263.000000,1.333923,8.067180
64.030774,-81.824400,-263.000000,1.303321,8.042832
64.550774,-81.824400,-263.000000,1.274486,8.005192
65.070774,-81.824400,-263.000000,1.223997,7.967084
65.590774,-81.824400,-263.000000,1.225336,8.046782
66.110774,-81.824400,-263.000000,1.214990,8.001044
66.630774,-81.824400,-263.000000,1.265844,7.983610
67.150774,-81.824400,-263.000000,1.286961,8.023883
67.670774,-81.824400,-263.000000,1.230072,7.989594
68.190774,-81.824400,-263.000000,1.293000,8.058057
68.710774,-81.824400,-263.000000,1.256837,7.981657
69.230774,-81.824400,-263.000000,1.223911,8.037894
69.750774,-81.824400,-263.000000,1.302723,8.004135
70.270774,-81.824400,-263.000000,1.264673,8.032716
70.790774,-81.824400,-263.000000,1.238823,7.966621
71.310774,-81.824400,-263.000000,1.260189,8.007111
71.830774,-81.824400,-263.000000,1.288628,8.095864
72.350774,-81.824400,-263.000000,1.307728,8.004332
72.870774,-81.824400,-263.000000,1.302253,8.038711
73.390774,-81.824400,-263.000000,1.333708,7.952955
73.910774,-81.824400,-263.000000,1.313002,7.976972
74.430774,-81.824400,-263.000000,1.259322,7.972026
74.950774,-81.824400,-263.000000,1.273899,7.903474
75.470774,-81.824400,-263.000000,1.214643,8.010131
75.990774,-81.824400,-263.000000,1.253182,7.995510
75.990774,-81.304400,-263.000000,1.236701,8.043296
13.070774,-82.344400,-262.000000,1.276947,7.900904
13.590774,-82.344400,-262.000000,1.283973,7.887227
14.110774,-82.344400,-262.000000,1.241005,7.905967
14.630774,-82.344400,-262.000000,1.247230,7.889351
15.150774,-82.344400,-262.000000,1.298246,7.964411
15.670774,-82.344400,-262.000000,1.276644,7.884883
16.190774,-82.344400,-262.000000,1.273139,7.990497
16.710774,-82.344400,-262.000000,1.246910,7.947351
17.230774,-82.344400,-262.000000,1.251157,7.920446
17.750774,-82.344400,-262.000000,1.271970,8.022175
18.270774,-82.344400,-262.000000,1.238157,8.000924
18.790774,-82.344400,-262.000000,1.327391,7.999874
19.310774,-82.344400,-262.000000,1.247620,8.010451
19.830774,-82.344400,-262.000000,1.257566,7.988266
20.350774,-82.344400,-262.000000,1.247309,7.956968
20.870774,-82.344400,-262.000000,1.215832,8.037160
21.390774,-82.344400,-262.000000,1.256123,8.049802
21.910774,-82.344400,-262.000000,1.204821,7.951811
22.430774,-82.344400,-262.000000,1.254010,8.022314
22.950774,-82.344400,-262.000000,1.267074,7.946344
23.470774,-82.344400,-262.000000,1.248281,7.982362
23.990774,-82.344400,-262.000000,1.270572,7.966998
24.510774,-82.344400,-262.000000,1.249300,7.961862
25.030774,-82.344400,-262.000000,1.240550,7.994142
25.550774,-82.344400,-262.000000,1.254656,7.946495
26.070774,-82.344400,-262.000000,1.294826,8.039411
26.590774,-82.344400,-262.000000,1.290020,7.952644
27.110774,-82.344400,-262.000000,1.224399,8.006159
27.630774,-82.344400,-262.000000,1.217058,7.962579
28.150774,-82.344400,-262.000000,1.251095,7.964665
28.670774,-82.344400,-262.000000,1.243900,8.042863
29.190774,-82.344400,-262.000000,1.233243,7.988936
29.710774,-82.344400,-262.000000,1.262517,7.996461
30.230774,-82.344400,-262.000000,1.327089,8.003098
30.750774,-82.344400,-262.000000,1.282989,7.941139
31.270774,-82.344400,-262.000000,1.256685,7.987754
31.790774,-82.344400,-262.000000,1.223381,8.033006
32.310774,-82.344400,-262.000000,1.218619,7.985351
32.830774,-82.344400,-262.000000,1.283255,7.974452
33.350774,-82.344400,-262.000000,1.264711,8.024547
33.870774,-82.344400,-262.000000,1.312085,7.943782
34.390774,-82.344400,-262.000000,1.299445,7.922593
34.910774,-82.344400,-262.000000,1.278145,8.029755
35.430774,-82.344400,-262.000000,1.268732,7.982904
35.950774,-82.344400,-262.000000,1.274368,7.947475
36.470774,-82.344400,-262.000000,1.270473,8.074604
36.990774,-82.344400,-262.000000,1.275283,8.004188
37.510774,-82.344400,-262.000000,1.282972,8.053664
38.030774,-82.344400,-262.000000,1.264629,8.020032
38.550774,-82.344400,-262.000000,1.249319,8.024377
39.070774,-82.344400,-262.000000,1.276388,7.990614
39.590774,-82.344400,-262.000000,1.327467,8.107718
40.110774,-82.344400,-262.000000,1.294955,7.989538
40.630774,-82.344400,-262.000000,1.312984,8.104727
41.150774,-82.344400,-262.000000,1.264849,8.020405
41.670774,-82.344400,-262.000000,1.279806,7.983404
42.190774,-82.344400,-262.000000,1.290439,7.954713
42.710774,-82.344400,-262.000000,1.280309,8.028641
43.230774,-82.344400,-262.000000,1.247180,8.048291
43.750774,-82.344400,-262.000000,1.270016,7.962606
44.270774,-82.344400,-262.000000,1.263774,7.997278
44.790774,-82.344400,-262.000000,1.203665,7.996622
45.310774,-82.344400,-262.000000,1.223581,7.954944
45.830774,-82.344400,-262.000000,1.256388,8.035024
46.350774,-82.344400,-262.000000,1.258649,7.966686
46.870774,-82.344400,-262.000000,1.246243,7.986173
47.390774,-82.344400,-262.000000,1.316078,7.996768
47.910774,-82.344400,-262.000000,1.237935,7.910196
48.430774,-82.344400,-262.000000,1.246028,7.976504
48.950774,-82.344400,-262.000000,1.310754,8.004383
49.470774,-82.344400,-262.000000,1.251101,7.956206
49.990774,-82.344400,-262.000000,1.256228,7.936988
50.510774,-82.344400,-262.000000,1.305015,8.002832
51.030774,-82.344400,-262.000000,1.266496,8.013456
51.550774,-82.344400,-262.000000,1.268438,7.994967
52.070774,-82.344400,-262.000000,1.272303,7.966322
52.590774,-82.344400,-262.000000,1.252523,7.911614
53.110774,-82.344400,-262.000000,1.272727,8.020707
53.630774,-82.344400,-262.000000,1.262404,8.028867
54.150774,-82.344400,-262.000000,1.261475,7.987583
54.670774,-82.344400,-262.000000,1.320795,8.024652
55.190774,-82.344400,-262.000000,1.340041,7.950388
55.710774,-82.344400,-262.000000,1.301206,8.021502
56.230774,-82.344400,-262.000000,1.296326,7.972615
56.750774,-82.344400,-262.000000,1.314545,8.005043
57.270774,-82.344400,-262.000000,1.231773,7.992366
57.790774,-82.344400,-262.000000,1.269137,7.952065
58.310774,-82.344400,-262.000000,1.254442,7.958701
58.830774,-82.344400,-262.000000,1.280695,7.970207
59.350774,-82.344400,-262.000000,1.300204,8.009744
59.870774,-82.344400,-262.000000,1.305981,8.033256
60.390774,-82.344400,-262.000000,1.226211,7.937971
60.910774,-82.344400,-262.000000,1.268538,8.017680
61.430774,-82.344400,-262.000000,1.251502,8.024941
61.950774,-82.344400,-262.000000,1.282135,8.007024
62.470774,-82.344400,-262.000000,1.223559,7.993085
62.990774,-82.344400,-262.000000,1.268854,7.976607
63.510774,-82.344400,-262.000000,1.285323,8.002807
64.030774,-82.344400,-262.000000,1.231585,7.946157
64.550774,-82.344400,-262.000000,1.243142,8.022372
65.070774,-82.344400,-262.000000,1.207235,7.977921
65.590774,-82.344400,-262.000000,1.286978,8.061738
66.110774,-82.344400,-262.000000,1.252707,7.978876
66.630774,-82.344400,-262.000000,1.285561,8.114203
67.150774,-82.344400,-262.000000,1.256797,8.001067
67.670774,-82.344400,-262.000000,1.264315,7.998694
68.190774,-82.344400,-262.000000,1.288860,8.021842
68.710774,-82.344400,-262.000000,1.264773,8.014926
69.230774,-82.344400,-262.000000,1.294968,8.005355
69.750774,-82.344400,-262.000000,1.246807,8.018173
70.270774,-82.344400,-262.000000,1.307337,8.015976
70.790774,-82.344400,-262.000000,1.285517,8.014432
71.310774,-82.344400,-262.000000,1.232191,7.986295
71.830774,-82.344400,-262.000000,1.228067,7.981663
72.350774,-82.344400,-262.000000,1.266179,7.965165
72.870774,-82.344400,-262.000000,1.251663,7.980458
73.390774,-82.344400,-262.000000,1.280947,8.004763
73.910774,-82.344400,-262.000000,1.287301,8.043659
74.430774,-82.344400,-262.000000,1.239814,8.014115
74.950774,-82.344400,-262.000000,1.286870,7.976227
75.470774,-82.344400,-262.000000,1.299596,8.001204
75.990774,-82.344400,-262.000000,1.238076,8.037468
13.070774,-81.824400,-262.000000,1.335098,7.942384
13.590774,-81.824400,-262.000000,1.288576,7.855161
14.110774,-81.824400,-262.000000,1.239885,7.932463
14.630774,-81.824400,-262.000000,1.245555,7.877667
15.150774,-81.824400,-262.000000,1.252964,7.977710
15.670774,-81.824400,-262.000000,1.207377,7.889708
16.190774,-81.824400,-262.000000,1.302461,8.029739
16.710774,-81.824400,-262.000000,1.278204,7.956620
17.230774,-81.824400,-262.000000,1.289418,7.976270
17.750774,-81.824400,-262.000000,1.254872,8.006360
18.270774,-81.824400,-262.000000,1.312678,8.045446
18.790774,-81.824400,-262.000000,1.295076,7.992026
19.310774,-81.824400,-262.000000,1.247276,8.021916
19.830774,-81.824400,-262.000000,1.238172,8.012885
20.350774,-81.824400,-262.000000,1.240772,7.969955
20.870774,-81.824400,-262.000000,1.305124,8.070551
21.390774,-81.824400,-262.000000,1.314168,8.075753
21.910774,-81.824400,-262.000000,1.208301,7.978022
22.430774,-81.824400,-262.000000,1.263261,8.033773
22.950774,-81.824400,-262.000000,1.290625,7.950289
23.470774,-81.824400,-262.000000,1.274541,8.017502
23.990774,-81.824400,-262.000000,1.270840,7.969234
24.510774,-81.824400,-262.000000,1.273615,7.965956
25.030774,-81.824400,-262.000000,1.302726,7.997781
25.550774,-81.824400,-262.000000,1.242705,7.963870
26.070774,-81.824400,-262.000000,1.281155,8.028290
26.590774,-81.824400,-262.000000,1.250198,7.935148
27.110774,-81.824400,-262.000000,1.270420,8.028563
27.630774,-81.824400,-262.000000,1.268828,7.982037
28.150774,-81.824400,-262.000000,1.222640,7.973390
28.670774,-81.824400,-262.000000,1.252582,8.018106
29.190774,-81.824400,-262.000000,1.255765,8.008723
29.710774,-81.824400,-262.000000,1.215266,7.963842
30.230774,-81.824400,-262.000000,1.303703,8.010329
30.750774,-81.824400,-262.000000,1.326120,7.968074
31.270774,-81.824400,-262.000000,1.267471,7.951797
31.790774,-81.824400,-262.000000,1.280678,7.969407
32.310774,-81.824400,-262.000000,1.255247,8.007740
32.830774,-81.824400,-262.000000,1.291572,7.994455
33.350774,-81.824400,-262.000000,1.262450,7.998771
33.870774,-81.824400,-262.000000,1.280247,7.953943
34.390774,-81.824400,-262.000000,1.377173,7.987925
34.910774,-81.824400,-262.000000,1.266610,8.013666
35.430774,-81.824400,-262.000000,1.254719,7.990296
35.950774,-81.824400,-262.000000,1.309511,7.974350
36.470774,-81.824400,-262.000000,1.279219,8.084599
36.990774,-81.824400,-262.000000,1.242159,7.989828
37.510774,-81.824400,-262.000000,1.231384,8.096059
38.030774,-81.824400,-262.000000,1.338314,8.007330
38.550774,-81.824400,-262.000000,1.262648,8.068377
39.070774,-81.824400,-262.000000,1.260702,7.996128
39.590774,-81.824400,-262.000000,1.365338,8.126763
40.110774,-81.824400,-262.000000,1.256608,8.026735
40.630774,-81.824400,-262.000000,1.288519,8.110755
41.150774,-81.824400,-262.000000,1.312289,8.032940
41.670774,-81.824400,-262.000000,1.329165,8.007438
42.190774,-81.824400,-262.000000,1.300539,7.994245
42.710774,-81.824400,-262.000000,1.240951,8.007832
43.230774,-81.824400,-262.000000,1.241377,8.039784
43.750774,-81.824400,-262.000000,1.255504,7.935641
44.270774,-81.824400,-262.000000,1.311549,8.043409
44.790774,-81.824400,-262.000000,1.219380,8.012126
45.310774,-81.824400,-262.000000,1.217763,8.062301
45.830774,-81.824400,-262.000000,1.222080,8.000107
46.350774,-81.824400,-262.000000,1.232586,8.009893
46.870774,-81.824400,-262.000000,1.234797,7.975026
47.390774,-81.824400,-262.000000,1.303426,8.005971
47.910774,-81.824400,-262.000000,1.262304,7.958648
48.430774,-81.824400,-262.000000,1.263212,7.935423
48.950774,-81.824400,-262.000000,1.280996,7.940439
49.470774,-81.824400,-262.000000,1.272892,7.987666
49.990774,-81.824400,-262.000000,1.293915,7.999943
50.510774,-81.824400,-262.000000,1.294688,8.016607
51.030774,-81.824400,-262.000000,1.292859,8.007069
51.550774,-81.824400,-262.000000,1.270417,8.008360
52.070774,-81.824400,-262.000000,1.247796,8.035142
52.590774,-81.824400,-262.000000,1.300958,7.976881
53.110774,-81.824400,-262.000000,1.266217,8.013937
53.630774,-81.824400,-262.000000,1.273352,8.029941
54.150774,-81.824400,-262.000000,1.304616,8.053376
54.670774,-81.824400,-262.000000,1.235304,8.024633
55.190774,-81.824400,-262.000000,1.264121,7.992679
55.710774,-81.824400,-262.000000,1.244213,8.074485
56.230774,-81.824400,-262.000000,1.261853,7.992078
56.750774,-81.824400,-262.000000,1.287328,8.007445
57.270774,-81.824400,-262.000000,1.267838,8.038474
57.790774,-81.824400,-262.000000,1.285232,7.939938
58.310774,-81.824400,-262.000000,1.238973,7.984272
58.830774,-81.824400,-262.000000,1.251178,7.980426
59.350774,-81.824400,-262.000000,1.301918,8.028607
59.870774,-81.824400,-262.000000,1.304852,8.001100
60.390774,-81.824400,-262.000000,1.263887,7.916474
60.910774,-81.824400,-262.000000,1.270288,8.009574
61.430774,-81.824400,-262.000000,1.246222,7.968870
61.950774,-81.824400,-262.000000,1.274096,8.001718
62.470774,-81.824400,-262.000000,1.248195,8.137226
62.990774,-81.824400,-262.000000,1.235265,7.986217
63.510774,-81.824400,-262.000000,1.319173,8.027646
64.030774,-81.824400,-262.000000,1.252889,7.954765
64.550774,-81.824400,-262.000000,1.252281,8.019025
65.070774,-81.824400,-262.000000,1.223921,8.005081
65.590774,-81.824400,-262.000000,1.265331,8.076113
66.110774,-81.824400,-262.000000,1.250430,7.944818
66.630774,-81.824400,-262.000000,1.290098,8.067901
67.150774,-81.824400,-262.000000,1.285793,7.981053
67.670774,-81.824400,-262.000000,1.281862,8.086211
68.190774,-81.824400,-262.000000,1.237964,8.015470
68.710774,-81.824400,-262.000000,1.249049,7.985899
69.230774,-81.824400,-262.000000,1.327784,8.029865
69.750774,-81.824400,-262.000000,1.270773,8.011476
70.270774,-81.824400,-262.000000,1.330742,8.031463
70.790774,-81.824400,-262.000000,1.305885,8.071132
71.310774,-81.824400,-262.000000,1.264593,7.967305
71.830774,-81.824400,-262.000000,1.245492,7.934374
72.350774,-81.824400,-262.000000,1.256978,7.985108
72.870774,-81.824400,-262.000000,1.362660,7.994111
73.390774,-81.824400,-262.000000,1.286004,8.028868
73.910774,-81.824400,-262.000000,1.271472,8.047243
74.430774,-81.824400,-262.000000,1.289140,8.055905
74.950774,-81.824400,-262.000000,1.258449,7.977932
75.470774,-81.824400,-262.000000,1.257135,7.997808
75.990774,-81.824400,-262.000000,1.307413,8.117059
75.990774,-81.304400,-262.000000,1.253284,8.031864
13.070774,-82.344400,-261.000000,1.246181,7.916599
13.590774,-82.344400,-261.000000,1.253942,7.966904
14.110774,-82.344400,-261.000000,1.245750,7.893870
14.630774,-82.344400,-261.000000,1.240297,7.986933
15.150774,-82.344400,-261.000000,1.246069,7.890497
15.670774,-82.344400,-261.000000,1.241256,7.981347
16.190774,-82.344400,-261.000000,1.248625,8.072768
16.710774,-82.344400,-261.000000,1.263246,8.038988
17.230774,-82.344400,-261.000000,1.250538,7.958745
17.750774,-82.344400,-261.000000,1.265397,8.094116
18.270774,-82.344400,-261.000000,1.263469,8.076917
18.790774,-82.344400,-261.000000,1.316150,8.014194
19.310774,-82.344400,-261.000000,1.250968,7.960959
19.830774,-82.344400,-261.000000,1.263233,7.964313
20.350774,-82.344400,-261.000000,1.246667,7.936273
20.870774,-82.344400,-261.000000,1.261284,8.046576
21.390774,-82.344400,-261.000000,1.253692,7.964370
21.910774,-82.344400,-261.000000,1.240961,7.964562
22.430774,-82.344400,-261.000000,1.228016,7.987554
22.950774,-82.344400,-261.000000,1.282001,7.979791
23.470774,-82.344400,-261.000000,1.260044,8.015254
23.990774,-82.344400,-261.000000,1.331801,7.986835
24.510774,-82.344400,-261.000000,1.245533,7.944316
25.030774,-82.344400,-261.000000,1.280244,8.038174
25.550774,-82.344400,-261.000000,1.249111,8.033490
26.070774,-82.344400,-261.000000,1.248695,8.014848
26.590774,-82.344400,-261.000000,1.244533,8.040921
27.110774,-82.344400,-261.000000,1.211638,7.926743
27.630774,-82.344400,-261.000000,1.270682,8.011312
28.150774,-82.344400,-261.000000,1.302010,8.016226
28.670774,-82.344400,-261.000000,1.323449,8.008752
29.190774,-82.344400,-261.000000,1.284471,7.991803
29.710774,-82.344400,-261.000000,1.249148,8.015583
30.230774,-82.344400,-261.000000,1.310282,7.998994
30.750774,-82.344400,-261.000000,1.260212,7.983618
31.270774,-82.344400,-261.000000,1.281756,7.949838
31.790774,-82.344400,-261.000000,1.267012,8.007339
32.310774,-82.344400,-261.000000,1.238277,7.997717
32.830774,-82.344400,-261.000000,1.223666,7.936130
33.350774,-82.344400,-261.000000,1.275103,7.970759
33.870774,-82.344400,-261.000000,1.278069,7.959735
34.390774,-82.344400,-261.000000,1.289022,8.060632
34.910774,-82.344400,-261.000000,1.238655,7.963039
35.430774,-82.344400,-261.000000,1.248046,7.984853
35.950774,-82.344400,-261.000000,1.285598,8.005697
36.470774,-82.344400,-261.000000,1.257897,7.975844
36.990774,-82.344400,-261.000000,1.238122,7.985132
37.510774,-82.344400,-261.000000,1.229845,7.927166
38.030774,-82.344400,-261.000000,1.279349,7.915626
38.550774,-82.344400,-261.000000,1.262491,7.994557
39.070774,-82.344400,-261.000000,1.262280,8.077140
39.590774,-82.344400,-261.000000,1.309361,7.969004
40.110774,-82.344400,-261.000000,1.246659,8.006679
40.630774,-82.344400,-261.000000,1.266309,8.032425
41.150774,-82.344400,-261.000000,1.323329,8.012418
41.670774,-82.344400,-261.000000,1.375008,8.054729
42.190774,-82.344400,-261.000000,1.252288,8.020513
42.710774,-82.344400,-261.000000,1.258392,7.975894
43.230774,-82.344400,-261.000000,1.242513,7.941243
43.750774,-82.344400,-261.000000,1.262291,7.967932
44.270774,-82.344400,-261.000000,1.221066,7.980801
44.790774,-82.344400,-261.000000,1.242508,7.951315
45.310774,-82.344400,-261.000000,1.279482,8.033860
45.830774,-82.344400,-261.000000,1.266572,7.971313
46.350774,-82.344400,-261.000000,1.214437,7.933930
46.870774,-82.344400,-261.000000,1.245495,8.034143
47.390774,-82.344400,-261.000000,1.210104,8.007035
47.910774,-82.344400,-261.000000,1.235320,7.965147
48.430774,-82.344400,-261.000000,1.272802,8.008719
48.950774,-82.344400,-261.000000,1.236177,8.019866
49.470774,-82.344400,-261.000000,1.315467,8.053098
49.990774,-82.344400,-261.000000,1.240289,8.045123
50.510774,-82.344400,-261.000000,1.264679,7.977150
51.030774,-82.344400,-261.000000,1.272281,8.094195
51.550774,-82.344400,-261.000000,1.267935,8.035635
52.070774,-82.344400,-261.000000,1.305942,8.028008
52.590774,-82.344400,-261.000000,1.244644,8.001376
53.110774,-82.344400,-261.000000,1.244740,8.006543
53.630774,-82.344400,-261.000000,1.229720,7.985935
54.150774,-82.344400,-261.000000,1.223089,8.022651
54.670774,-82.344400,-261.000000,1.270817,8.015912
55.190774,-82.344400,-261.000000,1.247416,7.989748
55.710774,-82.344400,-261.000000,1.269747,8.061549
56.230774,-82.344400,-261.000000,1.261169,8.040246
56.750774,-82.344400,-261.000000,1.283141,8.041802
57.270774,-82.344400,-261.000000,1.315460,8.002847
57.790774,-82.344400,-261.000000,1.327587,7.968474
58.310774,-82.344400,-261.000000,1.259720,7.986318
58.830774,-82.344400,-261.000000,1.295760,8.046270
59.350774,-82.344400,-261.000000,1.196147,7.959523
59.870774,-82.344400,-261.000000,1.224095,7.925909
60.390774,-82.344400,-261.000000,1.209097,8.074153
60.910774,-82.344400,-261.000000,1.271181,8.054962
61.430774,-82.344400,-261.000000,1.240895,8.100503
61.950774,-82.344400,-261.000000,1.276963,8.029446
62.470774,-82.344400,-261.000000,1.301581,7.956480
62.990774,-82.344400,-261.000000,1.258057,8.108669
63.510774,-82.344400,-261.000000,1.278818,7.973624
64.030774,-82.344400,-261.000000,1.224338,8.056601
64.550774,-82.344400,-261.000000,1.346279,7.973581
65.070774,-82.344400,-261.000000,1.260078,8.074453
65.590774,-82.344400,-261.000000,1.275774,8.059099
66.110774,-82.344400,-261.000000,1.224619,8.007966
66.630774,-82.344400,-261.000000,1.233864,8.071251
67.150774,-82.344400,-261.000000,1.243274,7.963296
67.670774,-82.344400,-261.000000,1.296919,8.036309
68.190774,-82.344400,-261.000000,1.278735,7.986724
68.710774,-82.344400,-261.000000,1.203619,8.053272
69.230774,-82.344400,-261.000000,1.311504,8.135534
69.750774,-82.344400,-261.000000,1.274634,8.003003
70.270774,-82.344400,-261.000000,1.331230,8.003819
70.790774,-82.344400,-261.000000,1.277200,8.091542
71.310774,-82.344400,-261.000000,1.295923,7.981344
71.830774,-82.344400,-261.000000,1.263481,8.081455
72.350774,-82.344400,-261.000000,1.248306,8.056381
72.870774,-82.344400,-261.000000,1.236702,8.058859
73.390774,-82.344400,-261.000000,1.266446,7.969046
73.910774,-82.344400,-261.000000,1.240974,7.994703
74.430774,-82.344400,-261.000000,1.252294,7.957387
74.950774,-82.344400,-261.000000,1.263304,8.018062
75.470774,-82.344400,-261.000000,1.266220,8.045899
75.990774,-82.344400,-261.000000,1.250675,7.988595
13.070774,-81.824400,-261.000000,1.253794,7.909056
13.590774,-81.824400,-261.000000,1.227208,8.007925
14.110774,-81.824400,-261.000000,1.274546,7.927261
14.630774,-81.824400,-261.000000,1.267823,7.996606
15.150774,-81.824400,-261.000000,1.308332,7.908701
15.670774,-81.824400,-261.000000,1.312418,7.939122
16.190774,-81.824400,-261.000000,1.251882,8.002218
16.710774,-81.824400,-261.000000,1.308016,7.998336
17.230774,-81.824400,-261.000000,1.250606,8.002143
17.750774,-81.824400,-261.000000,1.220033,7.991349
18.270774,-81.824400,-261.000000,1.279216,8.086928
18.790774,-81.824400,-261.000000,1.274797,8.002322
19.310774,-81.824400,-261.000000,1.265784,7.977570
19.830774,-81.824400,-261.000000,1.301337,7.973095
20.350774,-81.824400,-261.000000,1.244128,7.983919
20.870774,-81.824400,-261.000000,1.263939,8.019594
21.390774,-81.824400,-261.000000,1.278706,7.985419
21.910774,-81.824400,-261.000000,1.262557,8.016980
22.430774,-81.824400,-261.000000,1.283225,8.011088
22.950774,-81.824400,-261.000000,1.291848,8.015601
23.470774,-81.824400,-261.000000,1.269258,8.035396
23.990774,-81.824400,-261.000000,1.267351,7.990596
24.510774,-81.824400,-261.000000,1.279824,8.096839
25.030774,-81.824400,-261.000000,1.272494,8.012284
25.550774,-81.824400,-261.000000,1.277374,8.081752
26.070774,-81.824400,-261.000000,1.255549,8.028409
26.590774,-81.824400,-261.000000,1.226844,8.005510
27.110774,-81.824400,-261.000000,1.251691,7.960034
27.630774,-81.824400,-261.000000,1.251473,8.059166
28.150774,-81.824400,-261.000000,1.251454,8.004088
28.670774,-81.824400,-261.000000,1.283860,8.003054
29.190774,-81.824400,-261.000000,1.281212,8.039301
29.710774,-81.824400,-261.000000,1.331411,8.074419
30.230774,-81.824400,-261.000000,1.280938,7.992153
30.750774,-81.824400,-261.000000,1.259809,7.984710
31.270774,-81.824400,-261.000000,1.312378,7.960520
31.790774,-81.824400,-261.000000,1.254413,7.997343
32.310774,-81.824400,-261.000000,1.242579,7.996922
32.830774,-81.824400,-261.000000,1.205909,7.959225
33.350774,-81.824400,-261.000000,1.255058,7.969807
33.870774,-81.824400,-261.000000,1.297541,7.951920
34.390774,-81.824400,-261.000000,1.303176,8.089469
34.910774,-81.824400,-261.000000,1.223864,7.965304
35.430774,-81.824400,-261.000000,1.234693,7.995124
35.950774,-81.824400,-261.000000,1.273866,7.992204
36.470774,-81.824400,-261.000000,1.298032,8.042627
36.990774,-81.824400,-261.000000,1.252450,7.987893
37.510774,-81.824400,-261.000000,1.325485,7.982683
38.030774,-81.824400,-261.000000,1.278067,7.928458
38.550774,-81.824400,-261.000000,1.328351,8.039341
39.070774,-81.824400,-261.000000,1.298099,8.135370
39.590774,-81.824400,-261.000000,1.306008,8.001311
40.110774,-81.824400,-261.000000,1.317788,8.003534
40.630774,-81.824400,-261.000000,1.329794,8.047114
41.150774,-81.824400,-261.000000,1.222291,8.034424
41.670774,-81.824400,-261.000000,1.280073,8.071568
42.190774,-81.824400,-261.000000,1.279065,8.011882
42.710774,-81.824400,-261.000000,1.250903,8.004136
43.230774,-81.824400,-261.000000,1.250477,7.994054
43.750774,-81.824400,-261.000000,1.292994,7.955718
44.270774,-81.824400,-261.000000,1.227208,7.988061
44.790774,-81.824400,-261.000000,1.304487,7.974614
45.310774,-81.824400,-261.000000,1.260990,8.009951
45.830774,-81.824400,-261.000000,1.257479,8.005584
46.350774,-81.824400,-261.000000,1.250646,7.965025
46.870774,-81.824400,-261.000000,1.241599,8.044646
47.390774,-81.824400,-261.000000,1.208298,7.990859
47.910774,-81.824400,-261.000000,1.278533,7.975661
48.430774,-81.824400,-261.000000,1.251581,8.002078
48.950774,-81.824400,-261.000000,1.322856,8.041982
49.470774,-81.824400,-261.000000,1.240390,8.055142
49.990774,-81.824400,-261.000000,1.320697,8.082567
50.510774,-81.824400,-261.000000,1.258215,7.993073
51.030774,-81.824400,-261.000000,1.291092,8.010992
51.550774,-81.824400,-261.000000,1.249315,8.030792
52.070774,-81.824400,-261.000000,1.257618,8.017072
52.590774,-81.824400,-261.000000,1.220404,8.022947
53.110774,-81.824400,-261.000000,1.227828,7.940654
53.630774,-81.824400,-261.000000,1.271895,8.004844
54.150774,-81.824400,-261.000000,1.293034,8.061271
54.670774,-81.824400,-261.000000,1.237360,8.011550
55.190774,-81.824400,-261.000000,1.287662,8.020209
55.710774,-81.824400,-261.000000,1.322992,8.028523
56.230774,-81.824400,-261.000000,1.390205,8.080832
56.750774,-81.824400,-261.000000,1.345192,8.054703
57.270774,-81.824400,-261.000000,1.219535,7.969944
57.790774,-81.824400,-261.000000,1.309223,8.061048
58.310774,-81.824400,-261.000000,1.264972,7.976038
58.830774,-81.824400,-261.000000,1.258931,8.039620
59.350774,-81.824400,-261.000000,1.191292,7.974350
59.870774,-81.824400,-261.000000,1.223291,7.964788
60.390774,-81.824400,-261.000000,1.226180,8.058401
60.910774,-81.824400,-261.000000,1.251098,8.059132
61.430774,-81.824400,-261.000000,1.245027,8.081811
61.950774,-81.824400,-261.000000,1.299186,8.054118
62.470774,-81.824400,-261.000000,1.275315,7.971679
62.990774,-81.824400,-261.000000,1.283109,8.098601
63.510774,-81.824400,-261.000000,1.278476,7.933626
64.030774,-81.824400,-261.000000,1.262784,8.030660
64.550774,-81.824400,-261.000000,1.352334,8.032744
65.070774,-81.824400,-261.000000,1.280919,8.019021
65.590774,-81.824400,-261.000000,1.322471,8.053452
66.110774,-81.824400,-261.000000,1.293674,8.056318
66.630774,-81.824400,-261.000000,1.240788,8.072854
67.150774,-81.824400,-261.000000,1.241492,8.000078
67.670774,-81.824400,-261.000000,1.267045,8.060888
68.190774,-81.824400,-261.000000,1.296268,8.053982
68.710774,-81.824400,-261.000000,1.229756,8.123260
69.230774,-81.824400,-261.000000,1.237384,8.112583
69.750774,-81.824400,-261.000000,1.309853,8.063886
70.270774,-81.824400,-261.000000,1.340778,8.031201
70.790774,-81.824400,-261.000000,1.227818,8.010058
71.310774,-81.824400,-261.000000,1.277155,7.994247
71.830774,-81.824400,-261.000000,1.292084,8.072301
72.350774,-81.824400,-261.000000,1.265240,8.143190
72.870774,-81.824400,-261.000000,1.293716,8.085416
73.390774,-81.824400,-261.000000,1.239308,7.981824
73.910774,-81.824400,-261.000000,1.232275,7.967011
74.430774,-81.824400,-261.000000,1.254875,7.980291
74.950774,-81.824400,-261.000000,1.248598,8.036479
75.470774,-81.824400,-261.000000,1.246022,7.976275
75.990774,-81.824400,-261.000000,1.304449,8.030089
13.070774,-81.304400,-261.000000,1.257396,7.948774
13.070774,-82.344400,-260.000000,1.266018,7.978643
13.590774,-82.344400,-260.000000,1.244590,7.893983
14.110774,-82.344400,-260.000000,1.237012,7.887874
14.630774,-82.344400,-260.000000,1.254220,7.933531
15.150774,-82.344400,-260.000000,1.252541,7.959692
15.670774,-82.344400,-260.000000,1.246045,7.962568
16.190774,-82.344400,-260.000000,1.245962,7.945396
16.710774,-82.344400,-260.000000,1.286817,7.963486
17.230774,-82.344400,-260.000000,1.217460,7.953668
17.750774,-82.344400,-260.000000,1.284312,7.976521
18.270774,-82.344400,-260.000000,1.252407,7.962071
18.790774,-82.344400,-260.000000,1.275659,7.995746
19.310774,-82.344400,-260.000000,1.279866,8.006843
19.830774,-82.344400,-260.000000,1.302839,8.008898
20.350774,-82.344400,-260.000000,1.280493,7.988183
20.870774,-82.344400,-260.000000,1.250343,8.015976
21.390774,-82.344400,-260.000000,1.252399,8.082156
21.910774,-82.344400,-260.000000,1.237947,7.956358
22.430774,-82.344400,-260.000000,1.234254,7.986197
22.950774,-82.344400,-260.000000,1.228994,7.899548
23.470774,-82.344400,-260.000000,1.289160,8.046504
23.990774,-82.344400,-260.000000,1.258608,8.048678
24.510774,-82.344400,-260.000000,1.237736,8.052124
25.030774,-82.344400,-260.000000,1.262614,8.017156
25.550774,-82.344400,-260.000000,1.295858,8.048814
26.070774,-82.344400,-260.000000,1.268872,8.001264
26.590774,-82.344400,-260.000000,1.260999,8.106798
27.110774,-82.344400,-260.000000,1.255294,7.971530
27.630774,-82.344400,-260.000000,1.270403,8.021012
28.150774,-82.344400,-260.000000,1.251034,8.036233
28.670774,-82.344400,-260.000000,1.210695,7.971573
29.190774,-82.344400,-260.000000,1.257250,7.973622
29.710774,-82.344400,-260.000000,1.275183,7.996401
30.230774,-82.344400,-260.000000,1.312499,8.036607
30.750774,-82.344400,-260.000000,1.310896,8.014974
31.270774,-82.344400,-260.000000,1.240527,7.922300
31.790774,-82.344400,-260.000000,1.373278,8.135496
32.310774,-82.344400,-260.000000,1.249028,7.989028
32.830774,-82.344400,-260.000000,1.225924,7.980789
33.350774,-82.344400,-260.000000,1.265795,8.013297
33.870774,-82.344400,-260.000000,1.250321,8.018027
34.390774,-82.344400,-260.000000,1.211591,8.084096
34.910774,-82.344400,-260.000000,1.248104,8.079687
35.430774,-82.344400,-260.000000,1.320320,8.056876
35.950774,-82.344400,-260.000000,1.260739,8.058204
36.470774,-82.344400,-260.000000,1.321516,8.022450
36.990774,-82.344400,-260.000000,1.292169,8.066486
37.510774,-82.344400,-260.000000,1.298792,8.021949
38.030774,-82.344400,-260.000000,1.237655,7.931836
38.550774,-82.344400,-260.000000,1.340983,7.998013
39.070774,-82.344400,-260.000000,1.302986,8.003572
39.590774,-82.344400,-260.000000,1.310081,8.020200
40.110774,-82.344400,-260.000000,1.245065,8.032427
40.630774,-82.344400,-260.000000,1.222795,7.977372
41.150774,-82.344400,-260.000000,1.282549,8.029763
41.670774,-82.344400,-260.000000,1.268980,7.992395
42.190774,-82.344400,-260.000000,1.229043,8.096337
42.710774,-82.344400,-260.000000,1.284279,8.047714
43.230774,-82.344400,-260.000000,1.253533,7.975286
43.750774,-82.344400,-260.000000,1.288943,8.008328
44.270774,-82.344400,-260.000000,1.236253,7.941710
44.790774,-82.344400,-260.000000,1.221293,7.961203
45.310774,-82.344400,-260.000000,1.294720,7.995824
45.830774,-82.344400,-260.000000,1.280527,8.060288
46.350774,-82.344400,-260.000000,1.348567,8.024924
46.870774,-82.344400,-260.000000,1.273262,7.981471
47.390774,-82.344400,-260.000000,1.248526,7.999435
47.910774,-82.344400,-260.000000,1.237954,7.983759
48.430774,-82.344400,-260.000000,1.230125,7.973672
48.950774,-82.344400,-260.000000,1.264696,8.016215
49.470774,-82.344400,-260.000000,1.249859,7.994513
49.990774,-82.344400,-260.000000,1.270819,8.023605
50.510774,-82.344400,-260.000000,1.234017,7.968781
51.030774,-82.344400,-260.000000,1.300667,8.029585
51.550774,-82.344400,-260.000000,1.246027,7.925367
52.070774,-82.344400,-260.000000,1.210970,8.047812
52.590774,-82.344400,-260.000000,1.278274,8.047297
53.110774,-82.344400,-260.000000,1.262083,7.996362
53.630774,-82.344400,-260.000000,1.318411,8.007647
54.150774,-82.344400,-260.000000,1.318903,8.044457
54.670774,-82.344400,-260.000000,1.242817,8.033543
55.190774,-82.344400,-260.000000,1.224520,7.966914
55.710774,-82.344400,-260.000000,1.262457,7.969534
56.230774,-82.344400,-260.000000,1.264761,8.010185
56.750774,-82.344400,-260.000000,1.267131,8.034295
57.270774,-82.344400,-260.000000,1.277914,7.954915
57.790774,-82.344400,-260.000000,1.323776,8.021194
58.310774,-82.344400,-260.000000,1.255878,8.069082
58.830774,-82.344400,-260.000000,1.256008,8.070765
59.350774,-82.344400,-260.000000,1.245391,8.068187
59.870774,-82.344400,-260.000000,1.272883,7.988241
60.390774,-82.344400,-260.000000,1.280333,8.028370
60.910774,-82.344400,-260.000000,1.227720,8.003293
61.430774,-82.344400,-260.000000,1.300382,8.018609
61.950774,-82.344400,-260.000000,1.346626,7.979006
62.470774,-82.344400,-260.000000,1.280874,7.958960
62.990774,-82.344400,-260.000000,1.221407,8.005644
63.510774,-82.344400,-260.000000,1.255261,8.052491
64.030774,-82.344400,-260.000000,1.246354,7.989418
64.550774,-82.344400,-260.000000,1.232450,8.081663
65.070774,-82.344400,-260.000000,1.263347,7.993960
65.590774,-82.344400,-260.000000,1.291528,7.974562
66.110774,-82.344400,-260.000000,1.220742,7.981115
66.630774,-82.344400,-260.000000,1.261740,8.037621
67.150774,-82.344400,-260.000000,1.372564,8.096088
67.670774,-82.344400,-260.000000,1.319277,8.167689
68.190774,-82.344400,-260.000000,1.285848,8.054220
68.710774,-82.344400,-260.000000,1.284142,8.022823
69.230774,-82.344400,-260.000000,1.253775,8.002304
69.750774,-82.344400,-260.000000,1.282804,7.977623
70.270774,-82.344400,-260.000000,1.324542,8.112725
70.790774,-82.344400,-260.000000,1.247217,8.113575
71.310774,-82.344400,-260.000000,1.310727,8.096786
71.830774,-82.344400,-260.000000,1.312242,8.056118
72.350774,-82.344400,-260.000000,1.277462,7.990143
72.870774,-82.344400,-260.000000,1.298102,7.971776
73.390774,-82.344400,-260.000000,1.299850,8.052222
73.910774,-82.344400,-260.000000,1.287085,7.993720
74.430774,-82.344400,-260.000000,1.261007,7.920995
74.950774,-82.344400,-260.000000,1.305877,8.080894
75.470774,-82.344400,-260.000000,1.339120,8.019904
75.990774,-82.344400,-260.000000,1.224953,7.977442
13.070774,-81.824400,-260.000000,1.262823,7.977138
13.590774,-81.824400,-260.000000,1.227369,7.956036
14.110774,-81.824400,-260.000000,1.267745,7.879159
14.630774,-81.824400,-260.000000,1.274096,7.877317
15.150774,-81.824400,-260.000000,1.296125,7.982131
15.670774,-81.824400,-260.000000,1.296263,7.964424
16.190774,-81.824400,-260.000000,1.250621,7.960027
16.710774,-81.824400,-260.000000,1.254165,7.994708
17.230774,-81.824400,-260.000000,1.211911,7.994253
17.750774,-81.824400,-260.000000,1.300350,7.978327
18.270774,-81.824400,-260.000000,1.236184,7.958764
18.790774,-81.824400,-260.000000,1.291289,8.037468
19.310774,-81.824400,-260.000000,1.287240,8.031001
19.830774,-81.824400,-260.000000,1.265562,8.032607
20.350774,-81.824400,-260.000000,1.251514,7.985343
20.870774,-81.824400,-260.000000,1.226877,8.003058
21.390774,-81.824400,-260.000000,1.235928,8.048730
21.910774,-81.824400,-260.000000,1.213731,8.050558
22.430774,-81.824400,-260.000000,1.250012,8.007351
22.950774,-81.824400,-260.000000,1.250475,7.925307
23.470774,-81.824400,-260.000000,1.286596,8.019286
23.990774,-81.824400,-260.000000,1.233803,8.119926
24.510774,-81.824400,-260.000000,1.299176,8.046846
25.030774,-81.824400,-260.000000,1.263257,8.059882
25.550774,-81.824400,-260.000000,1.253520,8.054238
26.070774,-81.824400,-260.000000,1.256439,8.045126
26.590774,-81.824400,-260.000000,1.319072,8.046381
27.110774,-81.824400,-260.000000,1.263608,7.947124
27.630774,-81.824400,-260.000000,1.229631,8.006436
28.150774,-81.824400,-260.000000,1.200168,7.974030
28.670774,-81.824400,-260.000000,1.275316,7.951696
29.190774,-81.824400,-260.000000,1.340667,7.943003
29.710774,-81.824400,-260.000000,1.334624,8.062602
30.230774,-81.824400,-260.000000,1.335501,8.053439
30.750774,-81.824400,-260.000000,1.258833,7.998683
31.270774,-81.824400,-260.000000,1.243163,7.941075
31.790774,-81.824400,-260.000000,1.283119,8.094039
32.310774,-81.824400,-260.000000,1.227918,7.954795
32.830774,-81.824400,-260.000000,1.197004,8.003149
33.350774,-81.824400,-260.000000,1.252727,8.033763
33.870774,-81.824400,-260.000000,1.281084,8.043088
34.390774,-81.824400,-260.000000,1.249655,8.112753
34.910774,-81.824400,-260.000000,1.255954,8.045170
35.430774,-81.824400,-260.000000,1.283777,8.100991
35.950774,-81.824400,-260.000000,1.268582,8.053453
36.470774,-81.824400,-260.000000,1.353416,8.075684
36.990774,-81.824400,-260.000000,1.312000,8.034033
37.510774,-81.824400,-260.000000,1.267439,7.997462
38.030774,-81.824400,-260.000000,1.227907,7.966053
38.550774,-81.824400,-260.000000,1.279308,8.047820
39.070774,-81.824400,-260.000000,1.360075,7.999696
39.590774,-81.824400,-260.000000,1.274780,8.049314
40.110774,-81.824400,-260.000000,1.286342,8.029748
40.630774,-81.824400,-260.000000,1.228130,7.982136
41.150774,-81.824400,-260.000000,1.250874,8.055486
41.670774,-81.824400,-260.000000,1.282078,8.013857
42.190774,-81.824400,-260.000000,1.277064,8.064468
42.710774,-81.824400,-260.000000,1.262770,8.098419
43.230774,-81.824400,-260.000000,1.190885,8.004944
43.750774,-81.824400,-260.000000,1.229276,8.073085
44.270774,-81.824400,-260.000000,1.248596,7.980771
44.790774,-81.824400,-260.000000,1.245605,7.952690
45.310774,-81.824400,-260.000000,1.337107,7.995116
45.830774,-81.824400,-260.000000,1.266753,7.998922
46.350774,-81.824400,-260.000000,1.258213,7.989182
46.870774,-81.824400,-260.000000,1.269690,7.982263
47.390774,-81.824400,-260.000000,1.284115,8.019770
47.910774,-81.824400,-260.000000,1.274097,8.012916
48.430774,-81.824400,-260.000000,1.224352,8.008437
48.950774,-81.824400,-260.000000,1.223291,7.969809
49.470774,-81.824400,-260.000000,1.239185,7.998162
49.990774,-81.824400,-260.000000,1.266865,8.007797
50.510774,-81.824400,-260.000000,1.232760,7.960725
51.030774,-81.824400,-260.000000,1.264524,8.003405
51.550774,-81.824400,-260.000000,1.311854,7.939698
52.070774,-81.824400,-260.000000,1.259023,8.052885
52.590774,-81.824400,-260.000000,1.268845,8.009500
53.110774,-81.824400,-260.000000,1.267436,8.015755
53.630774,-81.824400,-260.000000,1.310577,8.015366
54.150774,-81.824400,-260.000000,1.271246,8.141204
54.670774,-81.824400,-260.000000,1.227877,8.044998
55.190774,-81.824400,-260.000000,1.223656,7.981747
55.710774,-81.824400,-260.000000,1.313405,7.987624
56.230774,-81.824400,-260.000000,1.290149,8.039929
56.750774,-81.824400,-260.000000,1.279496,8.061435
57.270774,-81.824400,-260.000000,1.258920,7.992680
57.790774,-81.824400,-260.000000,1.289183,8.061460
58.310774,-81.824400,-260.000000,1.290803,8.102707
58.830774,-81.824400,-260.000000,1.324101,8.097553
59.350774,-81.824400,-260.000000,1.275181,8.055454
59.870774,-81.824400,-260.000000,1.247262,8.030639
60.390774,-81.824400,-260.000000,1.271485,8.056139
60.910774,-81.824400,-260.000000,1.269031,8.022631
61.430774,-81.824400,-260.000000,1.252785,8.033623
61.950774,-81.824400,-260.000000,1.275041,7.934632
62.470774,-81.824400,-260.000000,1.323084,7.951426
62.990774,-81.824400,-260.000000,1.241144,8.036294
63.510774,-81.824400,-260.000000,1.232733,8.029449
64.030774,-81.824400,-260.000000,1.209661,7.989926
64.550774,-81.824400,-260.000000,1.242121,8.039104
65.070774,-81.824400,-260.000000,1.214409,7.980699
65.590774,-81.824400,-260.000000,1.257884,8.002026
66.110774,-81.824400,-260.000000,1.287024,7.995307
66.630774,-81.824400,-260.000000,1.297837,8.052362
67.150774,-81.824400,-260.000000,1.315494,8.091941
67.670774,-81.824400,-260.000000,1.340371,8.222960
68.190774,-81.824400,-260.000000,1.314780,8.104687
68.710774,-81.824400,-260.000000,1.315633,7.999637
69.230774,-81.824400,-260.000000,1.292064,8.015977
69.750774,-81.824400,-260.000000,1.237028,8.025371
70.270774,-81.824400,-260.000000,1.306242,8.037648
70.790774,-81.824400,-260.000000,1.285839,8.152956
71.310774,-81.824400,-260.000000,1.286245,8.088406
71.830774,-81.824400,-260.000000,1.235506,8.084252
72.350774,-81.824400,-260.000000,1.278029,7.969796
72.870774,-81.824400,-260.000000,1.275562,8.025319
73.390774,-81.824400,-260.000000,1.277095,8.065836
73.910774,-81.824400,-260.000000,1.328781,7.983610
74.430774,-81.824400,-260.000000,1.285461,7.961283
74.950774,-81.824400,-260.000000,1.324050,8.093440
75.470774,-81.824400,-260.000000,1.249739,8.060225
75.990774,-81.824400,-260.000000,1.260777,8.002183
13.070774,-81.304400,-260.000000,1.284600,7.978710
75.990774,-81.304400,-260.000000,1.277576,8.010019
13.070774,-82.344400,-259.000000,1.246949,7.880910
13.590774,-82.344400,-259.000000,1.248342,7.955832
14.110774,-82.344400,-259.000000,1.287207,7.930699
14.630774,-82.344400,-259.000000,1.325211,7.990745
15.150774,-82.344400,-259.000000,1.298105,7.945392
15.670774,-82.344400,-259.000000,1.238987,7.990864
16.190774,-82.344400,-259.000000,1.268235,7.992543
16.710774,-82.344400,-259.000000,1.244287,7.984040
17.230774,-82.344400,-259.000000,1.222419,8.000334
17.750774,-82.344400,-259.000000,1.317207,7.927880
18.270774,-82.344400,-259.000000,1.235764,8.030437
18.790774,-82.344400,-259.000000,1.275242,7.986415
19.310774,-82.344400,-259.000000,1.332137,8.039466
19.830774,-82.344400,-259.000000,1.241120,7.971521
20.350774,-82.344400,-259.000000,1.219025,7.980700
20.870774,-82.344400,-259.000000,1.267950,7.993536
21.390774,-82.344400,-259.000000,1.251417,7.999008
21.910774,-82.344400,-259.000000,1.257828,7.990503
22.430774,-82.344400,-259.000000,1.235360,7.944209
22.950774,-82.344400,-259.000000,1.236126,7.918385
23.470774,-82.344400,-259.000000,1.257071,7.988325
23.990774,-82.344400,-259.000000,1.256675,7.996531
24.510774,-82.344400,-259.000000,1.259541,7.959850
25.030774,-82.344400,-259.000000,1.222498,8.012729
25.550774,-82.344400,-259.000000,1.271882,7.953332
26.070774,-82.344400,-259.000000,1.222215,8.029488
26.590774,-82.344400,-259.000000,1.289471,7.933014
27.110774,-82.344400,-259.000000,1.282187,7.999660
27.630774,-82.344400,-259.000000,1.271343,8.097124
28.150774,-82.344400,-259.000000,1.296669,7.979379
28.670774,-82.344400,-259.000000,1.258412,8.014292
29.190774,-82.344400,-259.000000,1.296378,8.051289
29.710774,-82.344400,-259.000000,1.357502,8.046329
30.230774,-82.344400,-259.000000,1.320156,8.062881
30.750774,-82.344400,-259.000000,1.234618,8.009473
31.270774,-82.344400,-259.000000,1.267132,7.975312
31.790774,-82.344400,-259.000000,1.265182,8.069547
32.310774,-82.344400,-259.000000,1.266458,8.059512
32.830774,-82.344400,-259.000000,1.274664,8.030870
33.350774,-82.344400,-259.000000,1.258329,8.061166
33.870774,-82.344400,-259.000000,1.233375,8.010960
34.390774,-82.344400,-259.000000,1.239778,8.023989
34.910774,-82.344400,-259.000000,1.255922,8.031404
35.430774,-82.344400,-259.000000,1.251708,7.979196
35.950774,-82.344400,-259.000000,1.244226,8.050295
36.470774,-82.344400,-259.000000,1.267472,7.934270
36.990774,-82.344400,-259.000000,1.256405,7.989611
37.510774,-82.344400,-259.000000,1.268589,8.017957
38.030774,-82.344400,-259.000000,1.235526,8.136261
38.550774,-82.344400,-259.000000,1.367611,7.981109
39.070774,-82.344400,-259.000000,1.317970,8.026037
39.590774,-82.344400,-259.000000,1.265380,7.964083
40.110774,-82.344400,-259.000000,1.242761,8.078559
40.630774,-82.344400,-259.000000,1.279189,7.981952
41.150774,-82.344400,-259.000000,1.228885,7.918473
41.670774,-82.344400,-259.000000,1.228838,7.938940
42.190774,-82.344400,-259.000000,1.251136,7.958665
42.710774,-82.344400,-259.000000,1.237568,7.945207
43.230774,-82.344400,-259.000000,1.236725,8.040915
43.750774,-82.344400,-259.000000,1.224645,8.024425
44.270774,-82.344400,-259.000000,1.254331,8.036009
44.790774,-82.344400,-259.000000,1.278694,8.048386
45.310774,-82.344400,-259.000000,1.286022,8.053880
45.830774,-82.344400,-259.000000,1.271974,8.028062
46.350774,-82.344400,-259.000000,1.244710,8.004091
46.870774,-82.344400,-259.000000,1.313160,8.010895
47.390774,-82.344400,-259.000000,1.267409,7.969775
47.910774,-82.344400,-259.000000,1.219898,7.965624
48.430774,-82.344400,-259.000000,1.226922,8.026265
48.950774,-82.344400,-259.000000,1.248876,7.970128
49.470774,-82.344400,-259.000000,1.283720,8.048803
49.990774,-82.344400,-259.000000,1.298218,8.031670
50.510774,-82.344400,-259.000000,1.251627,8.032831
51.030774,-82.344400,-259.000000,1.281307,8.037556
51.550774,-82.344400,-259.000000,1.240981,8.017634
52.070774,-82.344400,-259.000000,1.221253,7.950088
52.590774,-82.344400,-259.000000,1.216818,8.001450
53.110774,-82.344400,-259.000000,1.240314,7.998592
53.630774,-82.344400,-259.000000,1.286852,8.009581
54.150774,-82.344400,-259.000000,1.256508,7.969854
54.670774,-82.344400,-259.000000,1.288854,7.947819
55.190774,-82.344400,-259.000000,1.283791,7.971033
55.710774,-82.344400,-259.000000,1.356120,8.179032
56.230774,-82.344400,-259.000000,1.274244,8.010404
56.750774,-82.344400,-259.000000,1.260034,8.064588
57.270774,-82.344400,-259.000000,1.241475,8.066584
57.790774,-82.344400,-259.000000,1.243514,7.971744
58.310774,-82.344400,-259.000000,1.289498,7.980234
58.830774,-82.344400,-259.000000,1.279878,8.126733
59.350774,-82.344400,-259.000000,1.277377,8.027180
59.870774,-82.344400,-259.000000,1.293337,8.035814
60.390774,-82.344400,-259.000000,1.300547,8.053295
60.910774,-82.344400,-259.000000,1.258579,8.020761
61.430774,-82.344400,-259.000000,1.281036,7.987102
61.950774,-82.344400,-259.000000,1.243010,8.001411
62.470774,-82.344400,-259.000000,1.264424,8.084856
62.990774,-82.344400,-259.000000,1.228062,8.045760
63.510774,-82.344400,-259.000000,1.242853,8.135928
64.030774,-82.344400,-259.000000,1.250055,8.038560
64.550774,-82.344400,-259.000000,1.262809,8.049298
65.070774,-82.344400,-259.000000,1.255954,8.058909
65.590774,-82.344400,-259.000000,1.243268,8.080856
66.110774,-82.344400,-259.000000,1.286348,7.978395
66.630774,-82.344400,-259.000000,1.231557,8.077700
67.150774,-82.344400,-259.000000,1.259069,7.956574
67.670774,-82.344400,-259.000000,1.230176,7.995649
68.190774,-82.344400,-259.000000,1.268464,7.963923
68.710774,-82.344400,-259.000000,1.270100,8.039913
69.230774,-82.344400,-259.000000,1.208063,7.990636
69.750774,-82.344400,-259.000000,1.227383,8.044858
70.270774,-82.344400,-259.000000,1.251632,8.067485
70.790774,-82.344400,-259.000000,1.247088,8.015048
71.310774,-82.344400,-259.000000,1.317130,8.058765
71.830774,-82.344400,-259.000000,1.340520,7.983984
72.350774,-82.344400,-259.000000,1.286553,8.070355
72.870774,-82.344400,-259.000000,1.233129,8.065700
73.390774,-82.344400,-259.000000,1.317712,7.899892
73.910774,-82.344400,-259.000000,1.255557,8.030600
74.430774,-82.344400,-259.000000,1.240425,8.047960
74.950774,-82.344400,-259.000000,1.285626,7.974895
75.470774,-82.344400,-259.000000,1.268977,8.047570
75.990774,-82.344400,-259.000000,1.344556,7.976997
13.070774,-81.824400,-259.000000,1.229792,7.857869
13.590774,-81.824400,-259.000000,1.280244,7.920746
14.110774,-81.824400,-259.000000,1.253899,7.896448
14.630774,-81.824400,-259.000000,1.287892,7.959177
15.150774,-81.824400,-259.000000,1.272787,7.963229
15.670774,-81.824400,-259.000000,1.236579,7.940822
16.190774,-81.824400,-259.000000,1.281112,7.998966
16.710774,-81.824400,-259.000000,1.249303,8.005669
17.230774,-81.824400,-259.000000,1.253264,8.040996
17.750774,-81.824400,-259.000000,1.263616,7.920089
18.270774,-81.824400,-259.000000,1.280251,8.032264
18.790774,-81.824400,-259.000000,1.275097,7.987033
19.310774,-81.824400,-259.000000,1.238660,8.001386
19.830774,-81.824400,-259.000000,1.240013,8.059431
20.350774,-81.824400,-259.000000,1.237182,7.987715
20.870774,-81.824400,-259.000000,1.249692,7.998067
21.390774,-81.824400,-259.000000,1.189007,8.011845
21.910774,-81.824400,-259.000000,1.321270,7.991796
22.430774,-81.824400,-259.000000,1.217413,7.959194
22.950774,-81.824400,-259.000000,1.214712,7.939838
23.470774,-81.824400,-259.000000,1.238089,8.085102
23.990774,-81.824400,-259.000000,1.233845,8.031518
24.510774,-81.824400,-259.000000,1.252982,7.978113
25.030774,-81.824400,-259.000000,1.289468,8.050954
25.550774,-81.824400,-259.000000,1.280315,7.980365
26.070774,-81.824400,-259.000000,1.286989,8.035578
26.590774,-81.824400,-259.000000,1.232763,7.952781
27.110774,-81.824400,-259.000000,1.269337,7.976951
27.630774,-81.824400,-259.000000,1.237280,8.086248
28.150774,-81.824400,-259.000000,1.253791,7.977244
28.670774,-81.824400,-259.000000,1.266880,8.013122
29.190774,-81.824400,-259.000000,1.304285,8.050366
29.710774,-81.824400,-259.000000,1.367859,8.074636
30.230774,-81.824400,-259.000000,1.287650,8.077477
30.750774,-81.824400,-259.000000,1.281892,8.018428
31.270774,-81.824400,-259.000000,1.296223,8.004276
31.790774,-81.824400,-259.000000,1.304137,8.050022
32.310774,-81.824400,-259.000000,1.282703,8.126639
32.830774,-81.824400,-259.000000,1.263064,8.030521
33.350774,-81.824400,-259.000000,1.262043,8.087935
33.870774,-81.824400,-259.000000,1.202333,7.981515
34.390774,-81.824400,-259.000000,1.225933,8.019474
34.910774,-81.824400,-259.000000,1.263406,8.062792
35.430774,-81.824400,-259.000000,1.202952,8.019572
35.950774,-81.824400,-259.000000,1.232493,8.046151
36.470774,-81.824400,-259.000000,1.294438,7.959716
36.990774,-81.824400,-259.000000,1.335303,7.986071
37.510774,-81.824400,-259.000000,1.286617,8.030367
38.030774,-81.824400,-259.000000,1.235127,8.088448
38.550774,-81.824400,-259.000000,1.299830,7.956894
39.070774,-81.824400,-259.000000,1.293616,8.010286
39.590774,-81.824400,-259.000000,1.262786,7.961548
40.110774,-81.824400,-259.000000,1.267753,8.072234
40.630774,-81.824400,-259.000000,1.239239,7.971691
41.150774,-81.824400,-259.000000,1.239742,7.931572
41.670774,-81.824400,-259.000000,1.249213,7.995355
42.190774,-81.824400,-259.000000,1.234605,7.975605
42.710774,-81.824400,-259.000000,1.240191,7.996006
43.230774,-81.824400,-259.000000,1.220277,8.008555
43.750774,-81.824400,-259.000000,1.248263,8.017358
44.270774,-81.824400,-259.000000,1.282798,8.046182
44.790774,-81.824400,-259.000000,1.273338,8.046600
45.310774,-81.824400,-259.000000,1.280548,8.107702
45.830774,-81.824400,-259.000000,1.284887,8.084564
46.350774,-81.824400,-259.000000,1.275359,8.000926
46.870774,-81.824400,-259.000000,1.302615,8.024070
47.390774,-81.824400,-259.000000,1.270860,7.992408
47.910774,-81.824400,-259.000000,1.290847,8.007397
48.430774,-81.824400,-259.000000,1.258432,8.016555
48.950774,-81.824400,-259.000000,1.202614,7.963165
49.470774,-81.824400,-259.000000,1.301484,8.030288
49.990774,-81.824400,-259.000000,1.254491,8.014160
50.510774,-81.824400,-259.000000,1.277282,8.006236
51.030774,-81.824400,-259.000000,1.248571,8.067908
51.550774,-81.824400,-259.000000,1.224573,8.074168
52.070774,-81.824400,-259.000000,1.200793,7.962187
52.590774,-81.824400,-259.000000,1.241145,8.030903
53.110774,-81.824400,-259.000000,1.304114,8.024716
53.630774,-81.824400,-259.000000,1.307610,8.035899
54.150774,-81.824400,-259.000000,1.269060,8.000894
54.670774,-81.824400,-259.000000,1.210378,8.029858
55.190774,-81.824400,-259.000000,1.278487,7.998177
55.710774,-81.824400,-259.000000,1.323691,8.184623
56.230774,-81.824400,-259.000000,1.258447,7.966907
56.750774,-81.824400,-259.000000,1.237273,8.042186
57.270774,-81.824400,-259.000000,1.293912,8.072349
57.790774,-81.824400,-259.000000,1.258845,7.973562
58.310774,-81.824400,-259.000000,1.320186,7.979868
58.830774,-81.824400,-259.000000,1.295887,8.170264
59.350774,-81.824400,-259.000000,1.200174,8.027600
59.870774,-81.824400,-259.000000,1.240341,8.047753
60.390774,-81.824400,-259.000000,1.265577,8.030028
60.910774,-81.824400,-259.000000,1.288957,8.023450
61.430774,-81.824400,-259.000000,1.271115,7.995143
61.950774,-81.824400,-259.000000,1.233367,8.022067
62.470774,-81.824400,-259.000000,1.257164,7.997284
62.990774,-81.824400,-259.000000,1.237134,8.125170
63.510774,-81.824400,-259.000000,1.244267,8.142863
64.030774,-81.824400,-259.000000,1.260101,8.027047
64.550774,-81.824400,-259.000000,1.228068,8.053346
65.070774,-81.824400,-259.000000,1.268003,8.045310
65.590774,-81.824400,-259.000000,1.358793,8.073731
66.110774,-81.824400,-259.000000,1.268859,7.995968
66.630774,-81.824400,-259.000000,1.253279,8.085048
67.150774,-81.824400,-259.000000,1.229200,7.969376
67.670774,-81.824400,-259.000000,1.256163,8.062574
68.190774,-81.824400,-259.000000,1.273400,8.010626
68.710774,-81.824400,-259.000000,1.293798,8.071045
69.230774,-81.824400,-259.000000,1.239977,8.009912
69.750774,-81.824400,-259.000000,1.241541,8.044119
70.270774,-81.824400,-259.000000,1.245491,8.070073
70.790774,-81.824400,-259.000000,1.260184,8.021036
71.310774,-81.824400,-259.000000,1.284870,8.018735
71.830774,-81.824400,-259.000000,1.241016,7.990664
72.350774,-81.824400,-259.000000,1.308197,8.068991
72.870774,-81.824400,-259.000000,1.278119,8.095714
73.390774,-81.824400,-259.000000,1.241933,7.935299
73.910774,-81.824400,-259.000000,1.303830,8.113669
74.430774,-81.824400,-259.000000,1.290382,8.049094
74.950774,-81.824400,-259.000000,1.233049,7.992797
75.470774,-81.824400,-259.000000,1.274923,8.076982
75.990774,-81.824400,-259.000000,1.354768,7.998056
13.070774,-81.304400,-259.000000,1.267845,7.839605
75.990774,-81.304400,-259.000000,1.297259,8.009506
13.070774,-82.344400,-258.000000,1.246834,7.887897
13.590774,-82.344400,-258.000000,1.292267,7.858224
14.110774,-82.344400,-258.000000,1.292084,7.956317
14.630774,-82.344400,-258.000000,1.259250,7.924075
15.150774,-82.344400,-258.000000,1.230104,8.073036
15.670774,-82.344400,-258.000000,1.291875,7.968499
16.190774,-82.344400,-258.000000,1.212522,7.884064
16.710774,-82.344400,-258.000000,1.272684,7.999770
17.230774,-82.344400,-258.000000,1.325342,7.988786
17.750774,-82.344400,-258.000000,1.234566,8.006900
18.270774,-82.344400,-258.000000,1.237079,8.007699
18.790774,-82.344400,-258.000000,1.224618,7.932995
19.310774,-82.344400,-258.000000,1.245018,7.985363
19.830774,-82.344400,-258.000000,1.256479,7.976088
20.350774,-82.344400,-258.000000,1.260552,7.933759
20.870774,-82.344400,-258.000000,1.279813,8.063724
21.390774,-82.344400,-258.000000,1.245956,8.004126
21.910774,-82.344400,-258.000000,1.264369,7.972615
22.430774,-82.344400,-258.000000,1.218966,8.031058
22.950774,-82.344400,-258.000000,1.232975,8.078142
23.470774,-82.344400,-258.000000,1.249491,8.000313
23.990774,-82.344400,-258.000000,1.253955,7.967370
24.510774,-82.344400,-258.000000,1.254293,8.017300
25.030774,-82.344400,-258.000000,1.289163,7.991392
25.550774,-82.344400,-258.000000,1.267412,8.024055
26.070774,-82.344400,-258.000000,1.305507,8.043095
26.590774,-82.344400,-258.000000,1.218480,7.958432
27.110774,-82.344400,-258.000000,1.229582,7.958425
27.630774,-82.344400,-258.000000,1.245682,7.931621
28.150774,-82.344400,-258.000000,1.253362,7.972825
28.670774,-82.344400,-258.000000,1.236739,8.003251
29.190774,-82.344400,-258.000000,1.289729,8.020187
29.710774,-82.344400,-258.000000,1.309815,8.136033
30.230774,-82.344400,-258.000000,1.308907,7.991218
30.750774,-82.344400,-258.000000,1.300500,7.994845
31.270774,-82.344400,-258.000000,1.309344,8.022494
31.790774,-82.344400,-258.000000,1.276824,7.999963
32.310774,-82.344400,-258.000000,1.257293,7.989450
32.830774,-82.344400,-258.000000,1.235631,8.037979
33.350774,-82.344400,-258.000000,1.226768,7.962372
33.870774,-82.344400,-258.000000,1.246939,7.999372
34.390774,-82.344400,-258.000000,1.219113,7.982267
34.910774,-82.344400,-258.000000,1.293892,8.056059
35.430774,-82.344400,-258.000000,1.216455,8.071384
35.950774,-82.344400,-258.000000,1.238737,7.919120
36.470774,-82.344400,-258.000000,1.248917,7.907122
36.990774,-82.344400,-258.000000,1.232246,7.989663
37.510774,-82.344400,-258.000000,1.233932,8.184122
38.030774,-82.344400,-258.000000,1.264328,8.031593
38.550774,-82.344400,-258.000000,1.332171,7.999511
39.070774,-82.344400,-258.000000,1.239592,8.012240
39.590774,-82.344400,-258.000000,1.265786,8.011586
40.110774,-82.344400,-258.000000,1.280123,8.024314
40.630774,-82.344400,-258.000000,1.314586,7.983602
41.150774,-82.344400,-258.000000,1.287563,8.065677
41.670774,-82.344400,-258.000000,1.250774,7.994878
42.190774,-82.344400,-258.000000,1.240045,8.039485
42.710774,-82.344400,-258.000000,1.251497,8.040023
43.230774,-82.344400,-258.000000,1.285313,8.042037
43.750774,-82.344400,-258.000000,1.252759,8.017523
44.270774,-82.344400,-258.000000,1.240986,8.001567
44.790774,-82.344400,-258.000000,1.264567,7.998558
45.310774,-82.344400,-258.000000,1.279557,8.003400
45.830774,-82.344400,-258.000000,1.255603,8.063094
46.350774,-82.344400,-258.000000,1.262408,8.042530
46.870774,-82.344400,-258.000000,1.259944,8.059778
47.390774,-82.344400,-258.000000,1.319777,8.100078
47.910774,-82.344400,-258.000000,1.277933,7.975239
48.430774,-82.344400,-258.000000,1.294845,8.035343
48.950774,-82.344400,-258.000000,1.251287,8.021536
49.470774,-82.344400,-258.000000,1.249056,8.011041
49.990774,-82.344400,-258.000000,1.310069,8.072383
50.510774,-82.344400,-258.000000,1.302225,8.025377
51.030774,-82.344400,-258.000000,1.310945,8.018399
51.550774,-82.344400,-258.000000,1.252218,8.011992
52.070774,-82.344400,-258.000000,1.231309,8.004362
52.590774,-82.344400,-258.000000,1.248682,7.987218
53.110774,-82.344400,-258.000000,1.241053,8.094312
53.630774,-82.344400,-258.000000,1.337388,8.015018
54.150774,-82.344400,-258.000000,1.350424,8.028283
54.670774,-82.344400,-258.000000,1.245449,7.949739
55.190774,-82.344400,-258.000000,1.238149,7.997393
55.710774,-82.344400,-258.000000,1.225973,7.961525
56.230774,-82.344400,-258.000000,1.209855,8.018110
56.750774,-82.344400,-258.000000,1.232377,7.934286
57.270774,-82.344400,-258.000000,1.243140,7.988482
57.790774,-82.344400,-258.000000,1.228786,7.980234
58.310774,-82.344400,-258.000000,1.221504,7.979669
58.830774,-82.344400,-258.000000,1.238993,7.969728
59.350774,-82.344400,-258.000000,1.276178,8.046775
59.870774,-82.344400,-258.000000,1.280116,7.997744
60.390774,-82.344400,-258.000000,1.226919,8.062571
60.910774,-82.344400,-258.000000,1.284176,8.063732
61.430774,-82.344400,-258.000000,1.265745,8.015144
61.950774,-82.344400,-258.000000,1.275200,7.967144
62.470774,-82.344400,-258.000000,1.247414,8.056426
62.990774,-82.344400,-258.000000,1.212162,8.027127
63.510774,-82.344400,-258.000000,1.234980,8.094497
64.030774,-82.344400,-258.000000,1.244489,8.002140
64.550774,-82.344400,-258.000000,1.207239,7.952570
65.070774,-82.344400,-258.000000,1.239878,7.886270
65.590774,-82.344400,-258.000000,1.310285,7.998351
66.110774,-82.344400,-258.000000,1.238565,8.008757
66.630774,-82.344400,-258.000000,1.242138,8.001053
67.150774,-82.344400,-258.000000,1.241383,7.964822
67.670774,-82.344400,-258.000000,1.240326,8.021556
68.190774,-82.344400,-258.000000,1.279327,8.022388
68.710774,-82.344400,-258.000000,1.285323,7.954521
69.230774,-82.344400,-258.000000,1.255163,7.940229
69.750774,-82.344400,-258.000000,1.288768,8.025473
70.270774,-82.344400,-258.000000,1.267184,8.020438
70.790774,-82.344400,-258.000000,1.255476,7.991304
71.310774,-82.344400,-258.000000,1.265078,8.032400
71.830774,-82.344400,-258.000000,1.346537,7.987290
72.350774,-82.344400,-258.000000,1.293500,7.984760
72.870774,-82.344400,-258.000000,1.215233,7.958753
73.390774,-82.344400,-258.000000,1.220621,7.911764
73.910774,-82.344400,-258.000000,1.239590,7.978493
74.430774,-82.344400,-258.000000,1.244889,7.981863
74.950774,-82.344400,-258.000000,1.271115,7.971574
75.470774,-82.344400,-258.000000,1.285893,8.021246
75.990774,-82.344400,-258.000000,1.286255,7.948291
13.070774,-81.824400,-258.000000,1.246087,7.911173
13.590774,-81.824400,-258.000000,1.221346,7.865878
14.110774,-81.824400,-258.000000,1.305621,7.905289
14.630774,-81.824400,-258.000000,1.251366,7.954306
15.150774,-81.824400,-258.000000,1.246862,8.141553
15.670774,-81.824400,-258.000000,1.272544,7.981988
16.190774,-81.824400,-258.000000,1.251019,7.912241
16.710774,-81.824400,-258.000000,1.240222,7.950053
17.230774,-81.824400,-258.000000,1.253728,8.034453
17.750774,-81.824400,-258.000000,1.226443,8.018197
18.270774,-81.824400,-258.000000,1.237051,8.036016
18.790774,-81.824400,-258.000000,1.238414,7.953398
19.310774,-81.824400,-258.000000,1.345676,8.052292
19.830774,-81.824400,-258.000000,1.293726,8.040070
20.350774,-81.824400,-258.000000,1.299794,7.947049
20.870774,-81.824400,-258.000000,1.237911,8.001806
21.390774,-81.824400,-258.000000,1.215806,8.003398
21.910774,-81.824400,-258.000000,1.273089,7.988979
22.430774,-81.824400,-258.000000,1.243201,8.001497
22.950774,-81.824400,-258.000000,1.272751,8.068950
23.470774,-81.824400,-258.000000,1.224320,8.011870
23.990774,-81.824400,-258.000000,1.247793,8.043210
24.510774,-81.824400,-258.000000,1.235290,7.981852
25.030774,-81.824400,-258.000000,1.278708,7.952621
25.550774,-81.824400,-258.000000,1.255663,8.021407
26.070774,-81.824400,-258.000000,1.270083,8.041662
26.590774,-81.824400,-258.000000,1.233693,7.972441
27.110774,-81.824400,-258.000000,1.202105,7.959262
27.630774,-81.824400,-258.000000,1.228893,7.932416
28.150774,-81.824400,-258.000000,1.209895,7.980567
28.670774,-81.824400,-258.000000,1.283956,8.002810
29.190774,-81.824400,-258.000000,1.279950,8.020977
29.710774,-81.824400,-258.000000,1.302389,8.091212
30.230774,-81.824400,-258.000000,1.342004,7.996503
30.750774,-81.824400,-258.000000,1.262999,7.975302
31.270774,-81.824400,-258.000000,1.251280,8.039296
31.790774,-81.824400,-258.000000,1.312863,8.032401
32.310774,-81.824400,-258.000000,1.260059,7.972622
32.830774,-81.824400,-258.000000,1.265086,8.033100
33.350774,-81.824400,-258.000000,1.248837,8.027446
33.870774,-81.824400,-258.000000,1.246890,8.007989
34.390774,-81.824400,-258.000000,1.267956,8.066835
34.910774,-81.824400,-258.000000,1.249115,8.010406
35.430774,-81.824400,-258.000000,1.217245,8.119454
35.950774,-81.824400,-258.000000,1.234614,7.931182
36.470774,-81.824400,-258.000000,1.259113,7.925093
36.990774,-81.824400,-258.000000,1.223459,7.976569
37.510774,-81.824400,-258.000000,1.251833,8.110742
38.030774,-81.824400,-258.000000,1.241795,8.038859
38.550774,-81.824400,-258.000000,1.294236,8.010173
39.070774,-81.824400,-258.000000,1.294483,8.025331
39.590774,-81.824400,-258.000000,1.249604,8.008307
40.110774,-81.824400,-258.000000,1.285756,8.042115
40.630774,-81.824400,-258.000000,1.270163,7.987445
41.150774,-81.824400,-258.000000,1.237133,8.064864
41.670774,-81.824400,-258.000000,1.278055,7.962509
42.190774,-81.824400,-258.000000,1.277438,7.998024
42.710774,-81.824400,-258.000000,1.235301,8.090593
43.230774,-81.824400,-258.000000,1.252492,7.988441
43.750774,-81.824400,-258.000000,1.276186,8.054802
44.270774,-81.824400,-258.000000,1.285635,8.016054
44.790774,-81.824400,-258.000000,1.271678,7.977376
45.310774,-81.824400,-258.000000,1.311403,8.013609
45.830774,-81.824400,-258.000000,1.264424,8.013079
46.350774,-81.824400,-258.000000,1.236163,8.046411
46.870774,-81.824400,-258.000000,1.261855,8.018188
47.390774,-81.824400,-258.000000,1.315903,8.152788
47.910774,-81.824400,-258.000000,1.258393,7.960923
48.430774,-81.824400,-258.000000,1.276928,8.043659
48.950774,-81.824400,-258.000000,1.289192,7.999782
49.470774,-81.824400,-258.000000,1.336323,8.043845
49.990774,-81.824400,-258.000000,1.241293,8.065813
50.510774,-81.824400,-258.000000,1.298527,8.038525
51.030774,-81.824400,-258.000000,1.256350,8.008283
51.550774,-81.824400,-258.000000,1.291650,8.075967
52.070774,-81.824400,-258.000000,1.259461,8.029153
52.590774,-81.824400,-258.000000,1.252834,8.007988
53.110774,-81.824400,-258.000000,1.245859,8.073720
53.630774,-81.824400,-258.000000,1.332821,7.989201
54.150774,-81.824400,-258.000000,1.300901,8.010331
54.670774,-81.824400,-258.000000,1.274243,7.949560
55.190774,-81.824400,-258.000000,1.240912,8.001912
55.710774,-81.824400,-258.000000,1.233215,7.961130
56.230774,-81.824400,-258.000000,1.264780,8.053501
56.750774,-81.824400,-258.000000,1.251458,7.979728
57.270774,-81.824400,-258.000000,1.227542,7.953406
57.790774,-81.824400,-258.000000,1.217783,7.964561
58.310774,-81.824400,-258.000000,1.258630,8.021886
58.830774,-81.824400,-258.000000,1.297317,7.976562
59.350774,-81.824400,-258.000000,1.298877,8.041837
59.870774,-81.824400,-258.000000,1.286511,8.055488
60.390774,-81.824400,-258.000000,1.308224,8.072214
60.910774,-81.824400,-258.000000,1.289407,8.070487
61.430774,-81.824400,-258.000000,1.238714,8.097246
61.950774,-81.824400,-258.000000,1.228434,7.978703
62.470774,-81.824400,-258.000000,1.262530,8.038386
62.990774,-81.824400,-258.000000,1.226320,8.089585
63.510774,-81.824400,-258.000000,1.258775,8.045953
64.030774,-81.824400,-258.000000,1.262023,7.986387
64.550774,-81.824400,-258.000000,1.235654,8.038359
65.070774,-81.824400,-258.000000,1.233634,7.942712
65.590774,-81.824400,-258.000000,1.236632,7.946534
66.110774,-81.824400,-258.000000,1.274145,7.986743
66.630774,-81.824400,-258.000000,1.244046,7.987979
67.150774,-81.824400,-258.000000,1.285792,8.005116
67.670774,-81.824400,-258.000000,1.250479,8.006280
68.190774,-81.824400,-258.000000,1.311431,8.054791
68.710774,-81.824400,-258.000000,1.290072,7.983988
69.230774,-81.824400,-258.000000,1.255024,7.938756
69.750774,-81.824400,-258.000000,1.323730,8.056683
70.270774,-81.824400,-258.000000,1.280149,8.032597
70.790774,-81.824400,-258.000000,1.271037,7.994049
71.310774,-81.824400,-258.000000,1.400478,8.081121
71.830774,-81.824400,-258.000000,1.232588,7.989892
72.350774,-81.824400,-258.000000,1.304843,8.007905
72.870774,-81.824400,-258.000000,1.285482,7.970316
73.390774,-81.824400,-258.000000,1.210389,7.952574
73.910774,-81.824400,-258.000000,1.251488,8.046468
74.430774,-81.824400,-258.000000,1.277943,8.003191
74.950774,-81.824400,-258.000000,1.288186,8.017126
75.470774,-81.824400,-258.000000,1.245058,8.018967
75.990774,-81.824400,-258.000000,1.281320,7.955510
13.070774,-81.304400,-258.000000,1.234089,7.874604
75.990774,-81.304400,-258.000000,1.242484,7.961252
13.070774,-82.344400,-257.000000,1.258902,7.920022
13.590774,-82.344400,-257.000000,1.247594,7.923698
14.110774,-82.344400,-257.000000,1.291839,8.008389
14.630774,-82.344400,-257.000000,1.259199,8.003875
15.150774,-82.344400,-257.000000,1.240521,7.901899
15.670774,-82.344400,-257.000000,1.243101,7.938403
16.190774,-82.344400,-257.000000,1.206231,8.002589
16.710774,-82.344400,-257.000000,1.259298,8.041157
17.230774,-82.344400,-257.000000,1.258063,7.972646
17.750774,-82.344400,-257.000000,1.242879,8.017150
18.270774,-82.344400,-257.000000,1.208513,7.953631
18.790774,-82.344400,-257.000000,1.292653,8.021697
19.310774,-82.344400,-257.000000,1.225325,7.938641
19.830774,-82.344400,-257.000000,1.249820,7.981964
20.350774,-82.344400,-257.000000,1.231747,7.896626
20.870774,-82.344400,-257.000000,1.255016,8.020805
21.390774,-82.344400,-257.000000,1.229870,8.149754
21.910774,-82.344400,-257.000000,1.224381,7.920375
22.430774,-82.344400,-257.000000,1.253809,7.982514
22.950774,-82.344400,-257.000000,1.255656,8.002837
23.470774,-82.344400,-257.000000,1.243704,8.036030
23.990774,-82.344400,-257.000000,1.275932,8.003377
24.510774,-82.344400,-257.000000,1.234475,8.027273
25.030774,-82.344400,-257.000000,1.269907,7.973595
25.550774,-82.344400,-257.000000,1.254840,7.984013
26.070774,-82.344400,-257.000000,1.254098,7.950614
26.590774,-82.344400,-257.000000,1.274295,7.964815
27.110774,-82.344400,-257.000000,1.238031,7.991834
27.630774,-82.344400,-257.000000,1.239723,7.980237
28.150774,-82.344400,-257.000000,1.229158,7.973449
28.670774,-82.344400,-257.000000,1.254537,7.993658
29.190774,-82.344400,-257.000000,1.237425,8.043598
29.710774,-82.344400,-257.000000,1.249509,7.998752
30.230774,-82.344400,-257.000000,1.304082,7.945761
30.750774,-82.344400,-257.000000,1.306128,8.064319
31.270774,-82.344400,-257.000000,1.261126,7.953835
31.790774,-82.344400,-257.000000,1.251086,7.975563
32.310774,-82.344400,-257.000000,1.204219,7.986274
32.830774,-82.344400,-257.000000,1.243219,7.965264
33.350774,-82.344400,-257.000000,1.223025,8.038471
33.870774,-82.344400,-257.000000,1.234646,8.052466
34.390774,-82.344400,-257.000000,1.260721,7.979114
34.910774,-82.344400,-257.000000,1.225394,7.997756
35.430774,-82.344400,-257.000000,1.308587,8.017106
35.950774,-82.344400,-257.000000,1.269693,8.029205
36.470774,-82.344400,-257.000000,1.247246,8.043854
36.990774,-82.344400,-257.000000,1.270338,7.963777
37.510774,-82.344400,-257.000000,1.287270,8.033435
38.030774,-82.344400,-257.000000,1.327176,7.951990
38.550774,-82.344400,-257.000000,1.266565,7.964446
39.070774,-82.344400,-257.000000,1.240991,8.072311
39.590774,-82.344400,-257.000000,1.250628,7.963951
40.110774,-82.344400,-257.000000,1.219594,8.015337
40.630774,-82.344400,-257.000000,1.264339,8.061300
41.150774,-82.344400,-257.000000,1.316533,8.045074
41.670774,-82.344400,-257.000000,1.263339,7.986551
42.190774,-82.344400,-257.000000,1.310715,7.972598
42.710774,-82.344400,-257.000000,1.306870,8.010365
43.230774,-82.344400,-257.000000,1.290140,8.041268
43.750774,-82.344400,-257.000000,1.267488,8.053972
44.270774,-82.344400,-257.000000,1.284168,8.016333
44.790774,-82.344400,-257.000000,1.295734,7.985668
45.310774,-82.344400,-257.000000,1.369494,7.961396
45.830774,-82.344400,-257.000000,1.263896,8.049438
46.350774,-82.344400,-257.000000,1.240909,8.002318
46.870774,-82.344400,-257.000000,1.278671,7.978886
47.390774,-82.344400,-257.000000,1.281455,8.075912
47.910774,-82.344400,-257.000000,1.226428,8.068649
48.430774,-82.344400,-257.000000,1.234125,8.007071
48.950774,-82.344400,-257.000000,1.336344,7.994525
49.470774,-82.344400,-257.000000,1.251597,8.010683
49.990774,-82.344400,-257.000000,1.298269,7.966163
50.510774,-82.344400,-257.000000,1.361223,7.976142
51.030774,-82.344400,-257.000000,1.273158,8.039721
51.550774,-82.344400,-257.000000,1.328638,8.089124
52.070774,-82.344400,-257.000000,1.281449,7.976469
52.590774,-82.344400,-257.000000,1.276809,8.019979
53.110774,-82.344400,-257.000000,1.268150,8.025155
53.630774,-82.344400,-257.000000,1.250032,8.020133
54.150774,-82.344400,-257.000000,1.204149,7.997379
54.670774,-82.344400,-257.000000,1.246854,8.036537
55.190774,-82.344400,-257.000000,1.277431,8.018572
55.710774,-82.344400,-257.000000,1.287898,8.048586
56.230774,-82.344400,-257.000000,1.258179,7.939924
56.750774,-82.344400,-257.000000,1.247470,8.052451
57.270774,-82.344400,-257.000000,1.261507,8.032351
57.790774,-82.344400,-257.000000,1.256088,8.058272
58.310774,-82.344400,-257.000000,1.246956,8.006613
58.830774,-82.344400,-257.000000,1.310509,7.987700
59.350774,-82.344400,-257.000000,1.301922,8.014702
59.870774,-82.344400,-257.000000,1.292589,8.047400
60.390774,-82.344400,-257.000000,1.257153,7.952036
60.910774,-82.344400,-257.000000,1.235881,8.065083
61.430774,-82.344400,-257.000000,1.249132,8.043717
61.950774,-82.344400,-257.000000,1.226780,7.964735
62.470774,-82.344400,-257.000000,1.247105,7.991044
62.990774,-82.344400,-257.000000,1.295017,7.971965
63.510774,-82.344400,-257.000000,1.343477,8.009233
64.030774,-82.344400,-257.000000,1.254407,7.999797
64.550774,-82.344400,-257.000000,1.243239,8.047500
65.070774,-82.344400,-257.000000,1.271097,8.062333
65.590774,-82.344400,-257.000000,1.240622,8.000955
66.110774,-82.344400,-257.000000,1.254666,7.963458
66.630774,-82.344400,-257.000000,1.230185,8.022690
67.150774,-82.344400,-257.000000,1.272089,8.035435
67.670774,-82.344400,-257.000000,1.317876,7.985026
68.190774,-82.344400,-257.000000,1.265618,8.005273
68.710774,-82.344400,-257.000000,1.250702,8.113522
69.230774,-82.344400,-257.000000,1.284444,8.009658
69.750774,-82.344400,-257.000000,1.216031,7.986474
70.270774,-82.344400,-257.000000,1.235376,7.980714
70.790774,-82.344400,-257.000000,1.206777,8.027780
71.310774,-82.344400,-257.000000,1.237286,8.033046
71.830774,-82.344400,-257.000000,1.241761,8.030885
72.350774,-82.344400,-257.000000,1.241868,8.020562
72.870774,-82.344400,-257.000000,1.354313,8.001035
73.390774,-82.344400,-257.000000,1.230928,8.018672
73.910774,-82.344400,-257.000000,1.308947,8.046261
74.430774,-82.344400,-257.000000,1.264496,8.002692
74.950774,-82.344400,-257.000000,1.280414,7.997338
75.470774,-82.344400,-257.000000,1.259750,8.003739
75.990774,-82.344400,-257.000000,1.236238,8.000313
13.070774,-81.824400,-257.000000,1.220461,7.911781
13.590774,-81.824400,-257.000000,1.237276,7.927428
14.110774,-81.824400,-257.000000,1.248933,7.980061
14.630774,-81.824400,-257.000000,1.306672,7.983227
15.150774,-81.824400,-257.000000,1.274660,7.942629
15.670774,-81.824400,-257.000000,1.249055,7.910353
16.190774,-81.824400,-257.000000,1.223042,8.045504
16.710774,-81.824400,-257.000000,1.257250,7.966351
17.230774,-81.824400,-257.000000,1.252359,7.995563
17.750774,-81.824400,-257.000000,1.244309,8.096295
18.270774,-81.824400,-257.000000,1.259444,7.991364
18.790774,-81.824400,-257.000000,1.211582,7.942027
19.310774,-81.824400,-257.000000,1.270908,8.000296
19.830774,-81.824400,-257.000000,1.283471,8.009871
20.350774,-81.824400,-257.000000,1.272877,7.891323
20.870774,-81.824400,-257.000000,1.254294,7.973701
21.390774,-81.824400,-257.000000,1.271868,8.104544
21.910774,-81.824400,-257.000000,1.269511,8.003941
22.430774,-81.824400,-257.000000,1.251963,8.000401
22.950774,-81.824400,-257.000000,1.265554,7.985031
23.470774,-81.824400,-257.000000,1.231052,8.060133
23.990774,-81.824400,-257.000000,1.246976,8.024467
24.510774,-81.824400,-257.000000,1.276362,8.049988
25.030774,-81.824400,-257.000000,1.242689,7.956807
25.550774,-81.824400,-257.000000,1.243493,8.014587
26.070774,-81.824400,-257.000000,1.246407,7.995758
26.590774,-81.824400,-257.000000,1.251578,7.969431
27.110774,-81.824400,-257.000000,1.270808,7.974976
27.630774,-81.824400,-257.000000,1.233973,7.952384
28.150774,-81.824400,-257.000000,1.246243,7.996255
28.670774,-81.824400,-257.000000,1.269320,8.002497
29.190774,-81.824400,-257.000000,1.210936,8.082099
29.710774,-81.824400,-257.000000,1.253171,8.030486
30.230774,-81.824400,-257.000000,1.300124,7.958725
30.750774,-81.824400,-257.000000,1.239598,8.027694
31.270774,-81.824400,-257.000000,1.255875,7.936960
31.790774,-81.824400,-257.000000,1.216924,8.021529
32.310774,-81.824400,-257.000000,1.222803,8.175946
32.830774,-81.824400,-257.000000,1.284705,8.014487
33.350774,-81.824400,-257.000000,1.245355,8.087521
33.870774,-81.824400,-257.000000,1.219784,8.089944
34.390774,-81.824400,-257.000000,1.228548,7.934057
34.910774,-81.824400,-257.000000,1.217146,8.017742
35.430774,-81.824400,-257.000000,1.278900,8.035982
35.950774,-81.824400,-257.000000,1.268010,8.004675
36.470774,-81.824400,-257.000000,1.267302,7.992517
36.990774,-81.824400,-257.000000,1.307660,7.978273
37.510774,-81.824400,-257.000000,1.348964,8.073276
38.030774,-81.824400,-257.000000,1.233653,7.922657
38.550774,-81.824400,-257.000000,1.318195,7.963471
39.070774,-81.824400,-257.000000,1.279067,8.044461
39.590774,-81.824400,-257.000000,1.303054,8.073092
40.110774,-81.824400,-257.000000,1.235395,8.107896
40.630774,-81.824400,-257.000000,1.290384,8.099391
41.150774,-81.824400,-257.000000,1.288414,8.026983
41.670774,-81.824400,-257.000000,1.258217,7.969398
42.190774,-81.824400,-257.000000,1.233956,8.029146
42.710774,-81.824400,-257.000000,1.296030,8.032543
43.230774,-81.824400,-257.000000,1.250486,8.055385
43.750774,-81.824400,-257.000000,1.270058,8.047744
44.270774,-81.824400,-257.000000,1.298652,8.027402
44.790774,-81.824400,-257.000000,1.320627,7.981933
45.310774,-81.824400,-257.000000,1.317538,8.001874
45.830774,-81.824400,-257.000000,1.310481,8.061430
46.350774,-81.824400,-257.000000,1.243746,8.035445
46.870774,-81.824400,-257.000000,1.278124,8.028301
47.390774,-81.824400,-257.000000,1.231286,8.089585
47.910774,-81.824400,-257.000000,1.241223,8.092381
48.430774,-81.824400,-257.000000,1.288336,8.011398
48.950774,-81.824400,-257.000000,1.310619,7.985367
49.470774,-81.824400,-257.000000,1.340299,8.014877
49.990774,-81.824400,-257.000000,1.232484,7.971853
50.510774,-81.824400,-257.000000,1.248216,7.955986
51.030774,-81.824400,-257.000000,1.283155,8.011390
51.550774,-81.824400,-257.000000,1.269807,8.071895
52.070774,-81.824400,-257.000000,1.306407,7.997931
52.590774,-81.824400,-257.000000,1.293701,8.010630
53.110774,-81.824400,-257.000000,1.231280,7.992834
53.630774,-81.824400,-257.000000,1.225374,8.019233
54.150774,-81.824400,-257.000000,1.275171,8.040027
54.670774,-81.824400,-257.000000,1.258659,8.026792
55.190774,-81.824400,-257.000000,1.294923,8.057382
55.710774,-81.824400,-257.000000,1.259561,8.040335
56.230774,-81.824400,-257.000000,1.232376,7.969910
56.750774,-81.824400,-257.000000,1.262292,8.059228
57.270774,-81.824400,-257.000000,1.266565,8.027941
57.790774,-81.824400,-257.000000,1.235435,8.087136
58.310774,-81.824400,-257.000000,1.254810,8.033574
58.830774,-81.824400,-257.000000,1.243040,7.954770
59.350774,-81.824400,-257.000000,1.283858,7.980190
59.870774,-81.824400,-257.000000,1.290148,8.051394
60.390774,-81.824400,-257.000000,1.272046,8.001664
60.910774,-81.824400,-257.000000,1.257698,8.026301
61.430774,-81.824400,-257.000000,1.232515,8.076018
61.950774,-81.824400,-257.000000,1.267549,8.025565
62.470774,-81.824400,-257.000000,1.298492,8.069044
62.990774,-81.824400,-257.000000,1.251505,8.018754
63.510774,-81.824400,-257.000000,1.315023,7.975290
64.030774,-81.824400,-257.000000,1.271505,8.019757
64.550774,-81.824400,-257.000000,1.238013,8.034546
65.070774,-81.824400,-257.000000,1.209621,8.060241
65.590774,-81.824400,-257.000000,1.221199,7.970271
66.110774,-81.824400,-257.000000,1.303257,8.003884
66.630774,-81.824400,-257.000000,1.242706,8.042910
67.150774,-81.824400,-257.000000,1.263402,8.065864
67.670774,-81.824400,-257.000000,1.282884,7.985592
68.190774,-81.824400,-257.000000,1.252780,8.027579
68.710774,-81.824400,-257.000000,1.306014,8.097205
69.230774,-81.824400,-257.000000,1.248077,8.029609
69.750774,-81.824400,-257.000000,1.209787,7.999809
70.270774,-81.824400,-257.000000,1.242651,7.994695
70.790774,-81.824400,-257.000000,1.274423,8.093554
71.310774,-81.824400,-257.000000,1.274011,8.041618
71.830774,-81.824400,-257.000000,1.250043,8.057091
72.350774,-81.824400,-257.000000,1.239019,8.044628
72.870774,-81.824400,-257.000000,1.240602,7.959864
73.390774,-81.824400,-257.000000,1.231389,8.026511
73.910774,-81.824400,-257.000000,1.200264,8.040496
74.430774,-81.824400,-257.000000,1.255019,8.019645
74.950774,-81.824400,-257.000000,1.222771,8.032113
75.470774,-81.824400,-257.000000,1.250429,7.963129
75.990774,-81.824400,-257.000000,1.230976,7.999629
13.070774,-81.304400,-257.000000,1.203094,7.912529
75.990774,-81.304400,-257.000000,1.239143,8.021440
13.070774,-82.344400,-256.000000,1.244400,7.880676
13.590774,-82.344400,-256.000000,1.225420,7.952989
14.110774,-82.344400,-256.000000,1.282127,7.876117
14.630774,-82.344400,-256.000000,1.222253,7.940810
15.150774,-82.344400,-256.000000,1.225515,7.964920
15.670774,-82.344400,-256.000000,1.244573,7.999486
16.190774,-82.344400,-256.000000,1.208866,8.044638
16.710774,-82.344400,-256.000000,1.189186,7.911421
17.230774,-82.344400,-256.000000,1.249253,7.992907
17.750774,-82.344400,-256.000000,1.214436,7.955199
18.270774,-82.344400,-256.000000,1.316303,8.042166
18.790774,-82.344400,-256.000000,1.252038,7.939640
19.310774,-82.344400,-256.000000,1.278020,8.061554
19.830774,-82.344400,-256.000000,1.294387,7.989660
20.350774,-82.344400,-256.000000,1.254189,8.055112
20.870774,-82.344400,-256.000000,1.302709,7.970569
21.390774,-82.344400,-256.000000,1.230145,8.014365
21.910774,-82.344400,-256.000000,1.234239,7.958896
22.430774,-82.344400,-256.000000,1.217881,7.980091
22.950774,-82.344400,-256.000000,1.254259,8.013803
23.470774,-82.344400,-256.000000,1.211212,8.000785
23.990774,-82.344400,-256.000000,1.248946,8.003168
24.510774,-82.344400,-256.000000,1.260349,8.043986
25.030774,-82.344400,-256.000000,1.252198,8.005317
25.550774,-82.344400,-256.000000,1.260745,8.021190
26.070774,-82.344400,-256.000000,1.260835,7.954534
26.590774,-82.344400,-256.000000,1.262426,8.064294
27.110774,-82.344400,-256.000000,1.314869,8.004493
27.630774,-82.344400,-256.000000,1.263718,8.037390
28.150774,-82.344400,-256.000000,1.201244,8.024398
28.670774,-82.344400,-256.000000,1.280702,8.003341
29.190774,-82.344400,-256.000000,1.260942,8.013584
29.710774,-82.344400,-256.000000,1.315445,7.973202
30.230774,-82.344400,-256.000000,1.218926,7.989293
30.750774,-82.344400,-256.000000,1.284887,8.052247
31.270774,-82.344400,-256.000000,1.287880,8.021316
31.790774,-82.344400,-256.000000,1.286855,7.964897
32.310774,-82.344400,-256.000000,1.240297,7.960961
32.830774,-82.344400,-256.000000,1.256785,8.020613
33.350774,-82.344400,-256.000000,1.303339,8.062428
33.870774,-82.344400,-256.000000,1.246130,8.049366
34.390774,-82.344400,-256.000000,1.208764,8.033061
34.910774,-82.344400,-256.000000,1.252859,7.954873
35.430774,-82.344400,-256.000000,1.229013,7.988779
35.950774,-82.344400,-256.000000,1.211776,7.961934
36.470774,-82.344400,-256.000000,1.237778,8.048514
36.990774,-82.344400,-256.000000,1.234270,8.008531
37.510774,-82.344400,-256.000000,1.236742,7.966159
38.030774,-82.344400,-256.000000,1.234151,7.976809
38.550774,-82.344400,-256.000000,1.241811,8.060971
39.070774,-82.344400,-256.000000,1.266713,7.973624
39.590774,-82.344400,-256.000000,1.271605,8.019569
40.110774,-82.344400,-256.000000,1.301947,8.015056
40.630774,-82.344400,-256.000000,1.316409,7.969488
41.150774,-82.344400,-256.000000,1.263123,7.999220
41.670774,-82.344400,-256.000000,1.223294,8.029313
42.190774,-82.344400,-256.000000,1.285410,8.041482
42.710774,-82.344400,-256.000000,1.294219,8.035744
43.230774,-82.344400,-256.000000,1.301300,8.040686
43.750774,-82.344400,-256.000000,1.220162,7.984762
44.270774,-82.344400,-256.000000,1.253954,7.995071
44.790774,-82.344400,-256.000000,1.291133,7.984244
45.310774,-82.344400,-256.000000,1.296730,8.011650
45.830774,-82.344400,-256.000000,1.238150,8.011469
46.350774,-82.344400,-256.000000,1.277068,8.042571
46.870774,-82.344400,-256.000000,1.247063,8.008495
47.390774,-82.344400,-256.000000,1.266890,8.012177
47.910774,-82.344400,-256.000000,1.303268,8.019233
48.430774,-82.344400,-256.000000,1.251722,7.973185
48.950774,-82.344400,-256.000000,1.353629,8.077917
49.470774,-82.344400,-256.000000,1.255274,7.973435
49.990774,-82.344400,-256.000000,1.281442,8.045443
50.510774,-82.344400,-256.000000,1.278921,8.004293
51.030774,-82.344400,-256.000000,1.263528,8.025519
51.550774,-82.344400,-256.000000,1.257853,7.980995
52.070774,-82.344400,-256.000000,1.230353,8.036089
52.590774,-82.344400,-256.000000,1.260246,8.057792
53.110774,-82.344400,-256.000000,1.232761,8.034980
53.630774,-82.344400,-256.000000,1.267404,8.035019
54.150774,-82.344400,-256.000000,1.257357,8.001606
54.670774,-82.344400,-256.000000,1.256867,8.027961
55.190774,-82.344400,-256.000000,1.231282,7.976803
55.710774,-82.344400,-256.000000,1.254506,8.034208
56.230774,-82.344400,-256.000000,1.243825,7.966000
56.750774,-82.344400,-256.000000,1.260771,8.041941
57.270774,-82.344400,-256.000000,1.208674,8.122779
57.790774,-82.344400,-256.000000,1.289311,8.014129
58.310774,-82.344400,-256.000000,1.255492,7.978403
58.830774,-82.344400,-256.000000,1.266794,8.018999
59.350774,-82.344400,-256.000000,1.275694,8.028532
59.870774,-82.344400,-256.000000,1.282236,7.956785
60.390774,-82.344400,-256.000000,1.275983,7.999748
60.910774,-82.344400,-256.000000,1.243418,8.021347
61.430774,-82.344400,-256.000000,1.276588,8.069028
61.950774,-82.344400,-256.000000,1.241264,8.005019
62.470774,-82.344400,-256.000000,1.271097,8.013615
62.990774,-82.344400,-256.000000,1.311018,7.972637
63.510774,-82.344400,-256.000000,1.254136,7.983033
64.030774,-82.344400,-256.000000,1.264339,8.040704
64.550774,-82.344400,-256.000000,1.228025,8.031412
65.070774,-82.344400,-256.000000,1.252624,8.041367
65.590774,-82.344400,-256.000000,1.335590,7.992501
66.110774,-82.344400,-256.000000,1.253112,8.008296
66.630774,-82.344400,-256.000000,1.248207,8.049506
67.150774,-82.344400,-256.000000,1.260466,8.015663
67.670774,-82.344400,-256.000000,1.282692,8.020211
68.190774,-82.344400,-256.000000,1.260472,8.053109
68.710774,-82.344400,-256.000000,1.310541,7.998990
69.230774,-82.344400,-256.000000,1.220882,7.980236
69.750774,-82.344400,-256.000000,1.284482,7.995257
70.270774,-82.344400,-256.000000,1.265620,8.023657
70.790774,-82.344400,-256.000000,1.254976,7.989463
71.310774,-82.344400,-256.000000,1.255584,8.021933
71.830774,-82.344400,-256.000000,1.235860,8.000880
72.350774,-82.344400,-256.000000,1.237793,7.943319
72.870774,-82.344400,-256.000000,1.296663,7.978384
73.390774,-82.344400,-256.000000,1.296437,8.023643
73.910774,-82.344400,-256.000000,1.229620,8.010582
74.430774,-82.344400,-256.000000,1.305007,7.906007
74.950774,-82.344400,-256.000000,1.247914,7.966623
75.470774,-82.344400,-256.000000,1.243892,8.027391
75.990774,-82.344400,-256.000000,1.277132,8.005569
13.070774,-81.824400,-256.000000,1.269734,7.944334
13.590774,-81.824400,-256.000000,1.233013,7.926022
14.110774,-81.824400,-256.000000,1.243641,7.870092
14.630774,-81.824400,-256.000000,1.288821,7.988230
15.150774,-81.824400,-256.000000,1.222518,7.966795
15.670774,-81.824400,-256.000000,1.238650,8.031505
16.190774,-81.824400,-256.000000,1.254458,8.024895
16.710774,-81.824400,-256.000000,1.221466,7.966182
17.230774,-81.824400,-256.000000,1.262809,7.995515
17.750774,-81.824400,-256.000000,1.210902,7.992136
18.270774,-81.824400,-256.000000,1.264784,8.040869
18.790774,-81.824400,-256.000000,1.275499,7.954372
19.310774,-81.824400,-256.000000,1.259235,8.020658
19.830774,-81.824400,-256.000000,1.319571,8.008382
20.350774,-81.824400,-256.000000,1.301324,8.050058
20.870774,-81.824400,-256.000000,1.264347,7.980978
21.390774,-81.824400,-256.000000,1.251082,8.039853
21.910774,-81.824400,-256.000000,1.258416,8.006970
22.430774,-81.824400,-256.000000,1.290576,8.027814
22.950774,-81.824400,-256.000000,1.244170,7.993136
23.470774,-81.824400,-256.000000,1.233448,8.021361
23.990774,-81.824400,-256.000000,1.288852,8.090058
24.510774,-81.824400,-256.000000,1.237068,8.038778
25.030774,-81.824400,-256.000000,1.210584,8.004054
25.550774,-81.824400,-256.000000,1.232460,8.004303
26.070774,-81.824400,-256.000000,1.293564,7.925805
26.590774,-81.824400,-256.000000,1.320668,8.026103
27.110774,-81.824400,-256.000000,1.243325,8.006450
27.630774,-81.824400,-256.000000,1.247412,8.038381
28.150774,-81.824400,-256.000000,1.252175,8.040302
28.670774,-81.824400,-256.000000,1.288103,8.032617
29.190774,-81.824400,-256.000000,1.315600,8.024145
29.710774,-81.824400,-256.000000,1.343667,7.992402
30.230774,-81.824400,-256.000000,1.269372,8.010029
30.750774,-81.824400,-256.000000,1.316900,8.076633
31.270774,-81.824400,-256.000000,1.224425,7.977743
31.790774,-81.824400,-256.000000,1.269473,7.974958
32.310774,-81.824400,-256.000000,1.266736,7.977244
32.830774,-81.824400,-256.000000,1.264325,8.017392
33.350774,-81.824400,-256.000000,1.263178,8.058150
33.870774,-81.824400,-256.000000,1.210310,8.040472
34.390774,-81.824400,-256.000000,1.215533,8.043975
34.910774,-81.824400,-256.000000,1.267257,8.128291
35.430774,-81.824400,-256.000000,1.243923,8.023910
35.950774,-81.824400,-256.000000,1.249100,7.981432
36.470774,-81.824400,-256.000000,1.223246,8.022488
36.990774,-81.824400,-256.000000,1.258977,7.979837
37.510774,-81.824400,-256.000000,1.243138,7.970979
38.030774,-81.824400,-256.000000,1.203771,7.956656
38.550774,-81.824400,-256.000000,1.264268,8.089501
39.070774,-81.824400,-256.000000,1.227346,7.927905
39.590774,-81.824400,-256.000000,1.255836,8.047484
40.110774,-81.824400,-256.000000,1.290585,8.039145
40.630774,-81.824400,-256.000000,1.226494,7.960461
41.150774,-81.824400,-256.000000,1.281424,8.005977
41.670774,-81.824400,-256.000000,1.232174,8.008803
42.190774,-81.824400,-256.000000,1.272706,8.018450
42.710774,-81.824400,-256.000000,1.285084,8.016526
43.230774,-81.824400,-256.000000,1.334569,8.048725
43.750774,-81.824400,-256.000000,1.252515,8.023499
44.270774,-81.824400,-256.000000,1.271051,8.008876
44.790774,-81.824400,-256.000000,1.306424,8.019722
45.310774,-81.824400,-256.000000,1.256176,7.961526
45.830774,-81.824400,-256.000000,1.267985,8.084752
46.350774,-81.824400,-256.000000,1.309187,8.030804
46.870774,-81.824400,-256.000000,1.233761,7.991928
47.390774,-81.824400,-256.000000,1.255829,7.960588
47.910774,-81.824400,-256.000000,1.274347,7.977479
48.430774,-81.824400,-256.000000,1.247771,7.974459
48.950774,-81.824400,-256.000000,1.231565,8.024786
49.470774,-81.824400,-256.000000,1.286113,7.996029
49.990774,-81.824400,-256.000000,1.323238,8.049259
50.510774,-81.824400,-256.000000,1.293378,8.020559
51.030774,-81.824400,-256.000000,1.260236,7.999609
51.550774,-81.824400,-256.000000,1.282512,7.994837
52.070774,-81.824400,-256.000000,1.251865,8.019666
52.590774,-81.824400,-256.000000,1.262564,8.070246
53.110774,-81.824400,-256.000000,1.261824,7.991971
53.630774,-81.824400,-256.000000,1.247931,8.017294
54.150774,-81.824400,-256.000000,1.217698,7.987500
54.670774,-81.824400,-256.000000,1.234865,8.010326
55.190774,-81.824400,-256.000000,1.237931,7.977099
55.710774,-81.824400,-256.000000,1.232853,8.020645
56.230774,-81.824400,-256.000000,1.241435,7.999602
56.750774,-81.824400,-256.000000,1.284276,8.095755
57.270774,-81.824400,-256.000000,1.262194,8.064409
57.790774,-81.824400,-256.000000,1.253103,7.996153
58.310774,-81.824400,-256.000000,1.287211,8.032851
58.830774,-81.824400,-256.000000,1.223249,8.013562
59.350774,-81.824400,-256.000000,1.335605,8.027080
59.870774,-81.824400,-256.000000,1.304921,7.955341
60.390774,-81.824400,-256.000000,1.220533,7.992136
60.910774,-81.824400,-256.000000,1.227305,7.988506
61.430774,-81.824400,-256.000000,1.224857,8.054345
61.950774,-81.824400,-256.000000,1.270790,7.968019
62.470774,-81.824400,-256.000000,1.261985,7.961920
62.990774,-81.824400,-256.000000,1.262924,7.993508
63.510774,-81.824400,-256.000000,1.254640,8.071448
64.030774,-81.824400,-256.000000,1.246157,7.980709
64.550774,-81.824400,-256.000000,1.235756,8.032063
65.070774,-81.824400,-256.000000,1.314241,8.073320
65.590774,-81.824400,-256.000000,1.283589,7.987562
66.110774,-81.824400,-256.000000,1.231844,8.034038
66.630774,-81.824400,-256.000000,1.209219,8.027370
67.150774,-81.824400,-256.000000,1.241434,8.006203
67.670774,-81.824400,-256.000000,1.240434,8.028289
68.190774,-81.824400,-256.000000,1.278723,8.085208
68.710774,-81.824400,-256.000000,1.299624,8.003152
69.230774,-81.824400,-256.000000,1.243518,8.002295
69.750774,-81.824400,-256.000000,1.205834,7.979081
70.270774,-81.824400,-256.000000,1.257502,8.001983
70.790774,-81.824400,-256.000000,1.213582,7.975232
71.310774,-81.824400,-256.000000,1.258482,8.071384
71.830774,-81.824400,-256.000000,1.245572,8.002995
72.350774,-81.824400,-256.000000,1.246885,7.959752
72.870774,-81.824400,-256.000000,1.290319,7.984657
73.390774,-81.824400,-256.000000,1.276778,8.075197
73.910774,-81.824400,-256.000000,1.239966,8.003705
74.430774,-81.824400,-256.000000,1.351138,7.925222
74.950774,-81.824400,-256.000000,1.279369,7.969200
75.470774,-81.824400,-256.000000,1.302015,8.018632
75.990774,-81.824400,-256.000000,1.337197,8.012197
13.070774,-81.304400,-256.000000,1.240006,7.795865
75.990774,-81.304400,-256.000000,1.241796,8.016844
13.070774,-82.344400,-255.000000,1.261672,7.934810
13.590774,-82.344400,-255.000000,1.241691,7.895437
14.110774,-82.344400,-255.000000,1.268164,7.886614
14.630774,-82.344400,-255.000000,1.287776,7.950927
15.150774,-82.344400,-255.000000,1.248169,7.900273
15.670774,-82.344400,-255.000000,1.221188,7.987123
16.190774,-82.344400,-255.000000,1.230860,7.992755
16.710774,-82.344400,-255.000000,1.270002,7.959528
17.230774,-82.344400,-255.000000,1.254955,7.988572
17.750774,-82.344400,-255.000000,1.232243,7.910297
18.270774,-82.344400,-255.000000,1.210723,8.030969
18.790774,-82.344400,-255.000000,1.296601,7.962712
19.310774,-82.344400,-255.000000,1.251333,8.060193
19.830774,-82.344400,-255.000000,1.300734,8.069553
20.350774,-82.344400,-255.000000,1.330486,8.103194
20.870774,-82.344400,-255.000000,1.319390,8.031647
21.390774,-82.344400,-255.000000,1.285116,7.949341
21.910774,-82.344400,-255.000000,1.245206,7.985651
22.430774,-82.344400,-255.000000,1.242038,8.035363
22.950774,-82.344400,-255.000000,1.224541,7.988140
23.470774,-82.344400,-255.000000,1.292534,7.976808
23.990774,-82.344400,-255.000000,1.264305,8.046049
24.510774,-82.344400,-255.000000,1.268153,7.990327
25.030774,-82.344400,-255.000000,1.251332,7.992377
25.550774,-82.344400,-255.000000,1.277716,8.027047
26.070774,-82.344400,-255.000000,1.252767,7.983388
26.590774,-82.344400,-255.000000,1.258596,8.029330
27.110774,-82.344400,-255.000000,1.298317,8.028731
27.630774,-82.344400,-255.000000,1.285979,7.982077
28.150774,-82.344400,-255.000000,1.314895,7.975816
28.670774,-82.344400,-255.000000,1.289356,7.965420
29.190774,-82.344400,-255.000000,1.282682,8.048386
29.710774,-82.344400,-255.000000,1.315177,8.019683
30.230774,-82.344400,-255.000000,1.288195,8.054441
30.750774,-82.344400,-255.000000,1.258371,8.002439
31.270774,-82.344400,-255.000000,1.293901,8.053304
31.790774,-82.344400,-255.000000,1.310596,7.954560
32.310774,-82.344400,-255.000000,1.272317,8.051212
32.830774,-82.344400,-255.000000,1.258030,7.994229
33.350774,-82.344400,-255.000000,1.271947,8.064844
33.870774,-82.344400,-255.000000,1.239212,8.012047
34.390774,-82.344400,-255.000000,1.245483,7.995873
34.910774,-82.344400,-255.000000,1.274346,7.946537
35.430774,-82.344400,-255.000000,1.230349,8.013961
35.950774,-82.344400,-255.000000,1.252895,7.965710
36.470774,-82.344400,-255.000000,1.277055,7.974287
36.990774,-82.344400,-255.000000,1.224897,7.944366
37.510774,-82.344400,-255.000000,1.269578,8.068162
38.030774,-82.344400,-255.000000,1.233323,8.106683
38.550774,-82.344400,-255.000000,1.232967,7.973493
39.070774,-82.344400,-255.000000,1.252516,7.974084
39.590774,-82.344400,-255.000000,1.264089,7.975301
40.110774,-82.344400,-255.000000,1.255918,7.974605
40.630774,-82.344400,-255.000000,1.263664,8.046631
41.150774,-82.344400,-255.000000,1.258886,7.967753
41.670774,-82.344400,-255.000000,1.263838,8.039884
42.190774,-82.344400,-255.000000,1.255142,7.969618
42.710774,-82.344400,-255.000000,1.292596,7.991869
43.230774,-82.344400,-255.000000,1.243927,7.962677
43.750774,-82.344400,-255.000000,1.267378,7.998251
44.270774,-82.344400,-255.000000,1.310699,8.045044
44.790774,-82.344400,-255.000000,1.281366,8.008244
45.310774,-82.344400,-255.000000,1.227481,8.064396
45.830774,-82.344400,-255.000000,1.261280,8.057128
46.350774,-82.344400,-255.000000,1.255185,8.095781
46.870774,-82.344400,-255.000000,1.282143,7.969667
47.390774,-82.344400,-255.000000,1.300831,8.213449
47.910774,-82.344400,-255.000000,1.253543,8.015228
48.430774,-82.344400,-255.000000,1.297033,7.973547
48.950774,-82.344400,-255.000000,1.265775,7.994879
49.470774,-82.344400,-255.000000,1.247731,8.081573
49.990774,-82.344400,-255.000000,1.252235,7.995224
50.510774,-82.344400,-255.000000,1.274760,8.036220
51.030774,-82.344400,-255.000000,1.312322,8.073174
51.550774,-82.344400,-255.000000,1.220051,7.930673
52.070774,-82.344400,-255.000000,1.275259,7.996404
52.590774,-82.344400,-255.000000,1.354413,8.008656
53.110774,-82.344400,-255.000000,1.231509,8.032617
53.630774,-82.344400,-255.000000,1.235420,7.961924
54.150774,-82.344400,-255.000000,1.249112,8.002997
54.670774,-82.344400,-255.000000,1.235503,7.957281
55.190774,-82.344400,-255.000000,1.255311,8.039832
55.710774,-82.344400,-255.000000,1.291173,8.082859
56.230774,-82.344400,-255.000000,1.273776,8.009913
56.750774,-82.344400,-255.000000,1.220298,7.989870
57.270774,-82.344400,-255.000000,1.211430,7.962867
57.790774,-82.344400,-255.000000,1.254439,7.970350
58.310774,-82.344400,-255.000000,1.260698,8.090944
58.830774,-82.344400,-255.000000,1.223678,7.928450
59.350774,-82.344400,-255.000000,1.335636,7.983505
59.870774,-82.344400,-255.000000,1.318371,8.060069
60.390774,-82.344400,-255.000000,1.281459,8.060388
60.910774,-82.344400,-255.000000,1.282685,7.996675
61.430774,-82.344400,-255.000000,1.284752,8.031912
61.950774,-82.344400,-255.000000,1.276875,8.027670
62.470774,-82.344400,-255.000000,1.292357,8.022796
62.990774,-82.344400,-255.000000,1.201827,7.958761
63.510774,-82.344400,-255.000000,1.233832,7.970244
64.030774,-82.344400,-255.000000,1.234643,8.044644
64.550774,-82.344400,-255.000000,1.286818,7.943136
65.070774,-82.344400,-255.000000,1.273291,8.008353
65.590774,-82.344400,-255.000000,1.250213,8.078157
66.110774,-82.344400,-255.000000,1.255022,7.956300
66.630774,-82.344400,-255.000000,1.251257,7.980157
67.150774,-82.344400,-255.000000,1.249071,7.938375
67.670774,-82.344400,-255.000000,1.235115,7.968665
68.190774,-82.344400,-255.000000,1.276324,8.039296
68.710774,-82.344400,-255.000000,1.243221,8.027225
69.230774,-82.344400,-255.000000,1.216293,7.965273
69.750774,-82.344400,-255.000000,1.264542,8.002099
70.270774,-82.344400,-255.000000,1.254511,8.008079
70.790774,-82.344400,-255.000000,1.235507,8.043550
71.310774,-82.344400,-255.000000,1.252966,7.968886
71.830774,-82.344400,-255.000000,1.212406,8.042918
72.350774,-82.344400,-255.000000,1.292744,8.081676
72.870774,-82.344400,-255.000000,1.299307,8.026414
73.390774,-82.344400,-255.000000,1.316592,7.938492
73.910774,-82.344400,-255.000000,1.271830,8.073505
74.430774,-82.344400,-255.000000,1.230145,8.004047
74.950774,-82.344400,-255.000000,1.190359,7.963811
75.470774,-82.344400,-255.000000,1.304130,7.965554
75.990774,-82.344400,-255.000000,1.260977,7.990453
13.070774,-81.824400,-255.000000,1.283170,7.950233
13.590774,-81.824400,-255.000000,1.225165,7.936282
14.110774,-81.824400,-255.000000,1.220874,7.895391
14.630774,-81.824400,-255.000000,1.232803,8.050583
15.150774,-81.824400,-255.000000,1.252469,7.939301
15.670774,-81.824400,-255.000000,1.215178,7.964042
16.190774,-81.824400,-255.000000,1.233211,7.999467
16.710774,-81.824400,-255.000000,1.283879,7.984254
17.230774,-81.824400,-255.000000,1.280064,7.966377
17.750774,-81.824400,-255.000000,1.245614,7.961620
18.270774,-81.824400,-255.000000,1.289961,8.041608
18.790774,-81.824400,-255.000000,1.216988,8.000948
19.310774,-81.824400,-255.000000,1.240041,7.980600
19.830774,-81.824400,-255.000000,1.255766,8.081843
20.350774,-81.824400,-255.000000,1.283978,8.095381
20.870774,-81.824400,-255.000000,1.279246,8.013952
21.390774,-81.824400,-255.000000,1.251175,7.917210
21.910774,-81.824400,-255.000000,1.243343,7.985581
22.430774,-81.824400,-255.000000,1.231986,7.999736
22.950774,-81.824400,-255.000000,1.272424,7.982227
23.470774,-81.824400,-255.000000,1.262460,7.967884
23.990774,-81.824400,-255.000000,1.233053,8.085116
24.510774,-81.824400,-255.000000,1.241939,8.000770
25.030774,-81.824400,-255.000000,1.230086,7.963396
25.550774,-81.824400,-255.000000,1.252097,8.066357
26.070774,-81.824400,-255.000000,1.261240,8.011425
26.590774,-81.824400,-255.000000,1.238546,8.008585
27.110774,-81.824400,-255.000000,1.307601,8.024673
27.630774,-81.824400,-255.000000,1.274692,8.033386
28.150774,-81.824400,-255.000000,1.229682,7.979238
28.670774,-81.824400,-255.000000,1.296865,7.976000
29.190774,-81.824400,-255.000000,1.308197,8.023729
29.710774,-81.824400,-255.000000,1.334860,8.022740
30.230774,-81.824400,-255.000000,1.264284,8.046369
30.750774,-81.824400,-255.000000,1.238739,7.967046
31.270774,-81.824400,-255.000000,1.237843,8.028893
31.790774,-81.824400,-255.000000,1.230877,7.969499
32.310774,-81.824400,-255.000000,1.263327,8.048135
32.830774,-81.824400,-255.000000,1.266819,7.977923
33.350774,-81.824400,-255.000000,1.216296,8.063933
33.870774,-81.824400,-255.000000,1.220316,8.019653
34.390774,-81.824400,-255.000000,1.232952,8.005767
34.910774,-81.824400,-255.000000,1.257008,7.919538
35.430774,-81.824400,-255.000000,1.212660,8.052935
35.950774,-81.824400,-255.000000,1.250792,7.983619
36.470774,-81.824400,-255.000000,1.257654,8.083984
36.990774,-81.824400,-255.000000,1.246889,7.966311
37.510774,-81.824400,-255.000000,1.249802,8.022309
38.030774,-81.824400,-255.000000,1.207682,8.010762
38.550774,-81.824400,-255.000000,1.227490,7.981344
39.070774,-81.824400,-255.000000,1.251881,8.053489
39.590774,-81.824400,-255.000000,1.234566,7.975756
40.110774,-81.824400,-255.000000,1.210657,7.953644
40.630774,-81.824400,-255.000000,1.274101,8.015410
41.150774,-81.824400,-255.000000,1.293058,7.995481
41.670774,-81.824400,-255.000000,1.260316,7.993151
42.190774,-81.824400,-255.000000,1.250618,7.942604
42.710774,-81.824400,-255.000000,1.288337,7.995183
43.230774,-81.824400,-255.000000,1.238271,7.923491
43.750774,-81.824400,-255.000000,1.256709,8.046364
44.270774,-81.824400,-255.000000,1.296762,8.072734
44.790774,-81.824400,-255.000000,1.246575,8.000107
45.310774,-81.824400,-255.000000,1.220571,8.005260
45.830774,-81.824400,-255.000000,1.252510,8.026894
46.350774,-81.824400,-255.000000,1.245683,8.107338
46.870774,-81.824400,-255.000000,1.291787,8.107833
47.390774,-81.824400,-255.000000,1.281685,8.105195
47.910774,-81.824400,-255.000000,1.274142,7.978200
48.430774,-81.824400,-255.000000,1.313479,8.022340
48.950774,-81.824400,-255.000000,1.297770,8.029615
49.470774,-81.824400,-255.000000,1.284299,8.031893
49.990774,-81.824400,-255.000000,1.243278,8.027259
50.510774,-81.824400,-255.000000,1.243929,8.010400
51.030774,-81.824400,-255.000000,1.264416,8.032144
51.550774,-81.824400,-255.000000,1.295302,7.948812
52.070774,-81.824400,-255.000000,1.232388,8.001719
52.590774,-81.824400,-255.000000,1.330531,8.024521
53.110774,-81.824400,-255.000000,1.290151,8.046556
53.630774,-81.824400,-255.000000,1.274158,7.959249
54.150774,-81.824400,-255.000000,1.280269,8.000770
54.670774,-81.824400,-255.000000,1.246725,7.939345
55.190774,-81.824400,-255.000000,1.231750,8.065696
55.710774,-81.824400,-255.000000,1.241376,8.078760
56.230774,-81.824400,-255.000000,1.285074,8.072810
56.750774,-81.824400,-255.000000,1.252562,8.035962
57.270774,-81.824400,-255.000000,1.239732,8.014079
57.790774,-81.824400,-255.000000,1.214795,7.997202
58.310774,-81.824400,-255.000000,1.275034,8.073852
58.830774,-81.824400,-255.000000,1.231326,7.969941
59.350774,-81.824400,-255.000000,1.316944,8.026450
59.870774,-81.824400,-255.000000,1.265360,8.013960
60.390774,-81.824400,-255.000000,1.314695,8.056309
60.910774,-81.824400,-255.000000,1.300747,8.005561
61.430774,-81.824400,-255.000000,1.263917,8.073738
61.950774,-81.824400,-255.000000,1.279856,8.004086
62.470774,-81.824400,-255.000000,1.222304,7.988195
62.990774,-81.824400,-255.000000,1.259670,7.956249
63.510774,-81.824400,-255.000000,1.284278,7.963195
64.030774,-81.824400,-255.000000,1.226424,8.073013
64.550774,-81.824400,-255.000000,1.295752,7.984526
65.070774,-81.824400,-255.000000,1.283030,8.059327
65.590774,-81.824400,-255.000000,1.209592,8.043017
66.110774,-81.824400,-255.000000,1.237131,7.976769
66.630774,-81.824400,-255.000000,1.274510,7.989491
67.150774,-81.824400,-255.000000,1.262797,7.926163
67.670774,-81.824400,-255.000000,1.248716,8.066839
68.190774,-81.824400,-255.000000,1.223853,8.016184
68.710774,-81.824400,-255.000000,1.255011,8.016885
69.230774,-81.824400,-255.000000,1.257859,7.957472
69.750774,-81.824400,-255.000000,1.229732,7.971902
70.270774,-81.824400,-255.000000,1.263749,8.029311
70.790774,-81.824400,-255.000000,1.281749,8.061789
71.310774,-81.824400,-255.000000,1.234036,7.949387
71.830774,-81.824400,-255.000000,1.217747,8.069413
72.350774,-81.824400,-255.000000,1.310325,8.057077
72.870774,-81.824400,-255.000000,1.297585,7.978204
73.390774,-81.824400,-255.000000,1.299544,7.961636
73.910774,-81.824400,-255.000000,1.314337,8.124078
74.430774,-81.824400,-255.000000,1.251261,8.019804
74.950774,-81.824400,-255.000000,1.240907,7.952298
75.470774,-81.824400,-255.000000,1.287703,7.957130
75.990774,-81.824400,-255.000000,1.287899,7.972338
13.070774,-81.304400,-255.000000,1.285806,8.000300
75.990774,-81.304400,-255.000000,1.324304,7.991264
13.070774,-82.344400,-254.000000,1.242389,7.896049
13.590774,-82.344400,-254.000000,1.254797,7.859123
14.110774,-82.344400,-254.000000,1.248650,7.923199
14.630774,-82.344400,-254.000000,1.241302,7.899125
15.150774,-82.344400,-254.000000,1.270120,7.935366
15.670774,-82.344400,-254.000000,1.213303,7.931284
16.190774,-82.344400,-254.000000,1.259925,7.926069
16.710774,-82.344400,-254.000000,1.210717,7.989955
17.230774,-82.344400,-254.000000,1.239214,7.976744
17.750774,-82.344400,-254.000000,1.224932,7.986440
18.270774,-82.344400,-254.000000,1.235241,8.006083
18.790774,-82.344400,-254.000000,1.273614,8.005693
19.310774,-82.344400,-254.000000,1.224623,7.956029
19.830774,-82.344400,-254.000000,1.296264,7.955124
20.350774,-82.344400,-254.000000,1.238763,7.978163
20.870774,-82.344400,-254.000000,1.283244,7.986098
21.390774,-82.344400,-254.000000,1.293508,7.982396
21.910774,-82.344400,-254.000000,1.243174,7.931078
22.430774,-82.344400,-254.000000,1.205441,7.982917
22.950774,-82.344400,-254.000000,1.244664,8.017131
23.470774,-82.344400,-254.000000,1.269632,8.018450
23.990774,-82.344400,-254.000000,1.266749,7.980561
24.510774,-82.344400,-254.000000,1.262560,7.962784
25.030774,-82.344400,-254.000000,1.233714,8.023833
25.550774,-82.344400,-254.000000,1.216328,8.002383
26.070774,-82.344400,-254.000000,1.247793,7.959648
26.590774,-82.344400,-254.000000,1.359129,7.959080
27.110774,-82.344400,-254.000000,1.292792,7.977161
27.630774,-82.344400,-254.000000,1.232816,7.929459
28.150774,-82.344400,-254.000000,1.239351,7.972761
28.670774,-82.344400,-254.000000,1.251215,7.969381
29.190774,-82.344400,-254.000000,1.298748,8.010124
29.710774,-82.344400,-254.000000,1.241942,7.912784
30.230774,-82.344400,-254.000000,1.259596,7.937363
30.750774,-82.344400,-254.000000,1.276696,8.033651
31.270774,-82.344400,-254.000000,1.261497,7.931544
31.790774,-82.344400,-254.000000,1.258253,7.943835
32.310774,-82.344400,-254.000000,1.269395,7.988031
32.830774,-82.344400,-254.000000,1.245059,7.957910
33.350774,-82.344400,-254.000000,1.304263,7.995491
33.870774,-82.344400,-254.000000,1.249015,8.002986
34.390774,-82.344400,-254.000000,1.263174,8.017096
34.910774,-82.344400,-254.000000,1.214861,7.985441
35.430774,-82.344400,-254.000000,1.209069,8.061197
35.950774,-82.344400,-254.000000,1.208182,8.000541
36.470774,-82.344400,-254.000000,1.242513,7.959563
36.990774,-82.344400,-254.000000,1.208379,7.962593
37.510774,-82.344400,-254.000000,1.243076,7.962031
38.030774,-82.344400,-254.000000,1.273456,8.071715
38.550774,-82.344400,-254.000000,1.251176,7.963042
39.070774,-82.344400,-254.000000,1.203387,7.960984
39.590774,-82.344400,-254.000000,1.261170,8.083138
40.110774,-82.344400,-254.000000,1.215228,8.042795
40.630774,-82.344400,-254.000000,1.216160,7.998564
41.150774,-82.344400,-254.000000,1.252061,7.994428
41.670774,-82.344400,-254.000000,1.283042,7.998658
42.190774,-82.344400,-254.000000,1.336776,8.032028
42.710774,-82.344400,-254.000000,1.223201,7.988110
43.230774,-82.344400,-254.000000,1.242208,8.034438
43.750774,-82.344400,-254.000000,1.220622,7.947549
44.270774,-82.344400,-254.000000,1.239206,7.980424
44.790774,-82.344400,-254.000000,1.297621,8.070445
45.310774,-82.344400,-254.000000,1.260687,7.985431
45.830774,-82.344400,-254.000000,1.297029,8.074666
46.350774,-82.344400,-254.000000,1.288673,7.973451
46.870774,-82.344400,-254.000000,1.264681,7.971000
47.390774,-82.344400,-254.000000,1.262982,8.011397
47.910774,-82.344400,-254.000000,1.226218,8.005125
48.430774,-82.344400,-254.000000,1.258263,7.989060
48.950774,-82.344400,-254.000000,1.227332,8.009317
49.470774,-82.344400,-254.000000,1.282296,8.064125
49.990774,-82.344400,-254.000000,1.292924,8.032211
50.510774,-82.344400,-254.000000,1.282154,7.950165
51.030774,-82.344400,-254.000000,1.307892,8.003284
51.550774,-82.344400,-254.000000,1.256198,7.969319
52.070774,-82.344400,-254.000000,1.244099,7.979328
52.590774,-82.344400,-254.000000,1.268578,8.007516
53.110774,-82.344400,-254.000000,1.202644,7.961177
53.630774,-82.344400,-254.000000,1.285747,8.075253
54.150774,-82.344400,-254.000000,1.260730,7.987692
54.670774,-82.344400,-254.000000,1.270831,7.967781
55.190774,-82.344400,-254.000000,1.291520,8.049685
55.710774,-82.344400,-254.000000,1.264482,7.989389
56.230774,-82.344400,-254.000000,1.307364,8.048932
56.750774,-82.344400,-254.000000,1.251976,7.989323
57.270774,-82.344400,-254.000000,1.224458,7.932993
57.790774,-82.344400,-254.000000,1.249004,8.017532
58.310774,-82.344400,-254.000000,1.268765,8.004183
58.830774,-82.344400,-254.000000,1.245632,8.022077
59.350774,-82.344400,-254.000000,1.258379,8.021159
59.870774,-82.344400,-254.000000,1.265055,8.021930
60.390774,-82.344400,-254.000000,1.321474,7.978437
60.910774,-82.344400,-254.000000,1.225039,7.989858
61.430774,-82.344400,-254.000000,1.204480,7.987414
61.950774,-82.344400,-254.000000,1.312287,7.957385
62.470774,-82.344400,-254.000000,1.258186,8.067043
62.990774,-82.344400,-254.000000,1.247423,7.992449
63.510774,-82.344400,-254.000000,1.209586,8.034127
64.030774,-82.344400,-254.000000,1.234777,8.023703
64.550774,-82.344400,-254.000000,1.206399,8.073153
65.070774,-82.344400,-254.000000,1.258866,7.998010
65.590774,-82.344400,-254.000000,1.265787,7.972589
66.110774,-82.344400,-254.000000,1.245244,7.971499
66.630774,-82.344400,-254.000000,1.244161,7.960626
67.150774,-82.344400,-254.000000,1.284312,8.024084
67.670774,-82.344400,-254.000000,1.282694,7.967735
68.190774,-82.344400,-254.000000,1.233087,8.072522
68.710774,-82.344400,-254.000000,1.216562,7.925226
69.230774,-82.344400,-254.000000,1.281588,7.977018
69.750774,-82.344400,-254.000000,1.221041,8.044008
70.270774,-82.344400,-254.000000,1.262025,7.999336
70.790774,-82.344400,-254.000000,1.285070,8.111876
71.310774,-82.344400,-254.000000,1.253681,7.967281
71.830774,-82.344400,-254.000000,1.262709,8.005333
72.350774,-82.344400,-254.000000,1.385798,8.032919
72.870774,-82.344400,-254.000000,1.314886,7.975572
73.390774,-82.344400,-254.000000,1.274365,7.957978
73.910774,-82.344400,-254.000000,1.289175,7.983003
74.430774,-82.344400,-254.000000,1.216107,7.999793
74.950774,-82.344400,-254.000000,1.220803,8.098528
75.470774,-82.344400,-254.000000,1.246311,7.961904
75.990774,-82.344400,-254.000000,1.224377,7.986692
13.070774,-81.824400,-254.000000,1.280303,7.980114
13.590774,-81.824400,-254.000000,1.285935,7.895432
14.110774,-81.824400,-254.000000,1.298360,7.921983
14.630774,-81.824400,-254.000000,1.281835,7.947454
15.150774,-81.824400,-254.000000,1.272790,7.925723
15.670774,-81.824400,-254.000000,1.228420,7.941233
16.190774,-81.824400,-254.000000,1.229949,7.928836
16.710774,-81.824400,-254.000000,1.208334,7.999180
17.230774,-81.824400,-254.000000,1.262381,7.997698
17.750774,-81.824400,-254.000000,1.207467,8.006203
18.270774,-81.824400,-254.000000,1.252978,8.062687
18.790774,-81.824400,-254.000000,1.260630,8.012558
19.310774,-81.824400,-254.000000,1.216101,7.951420
19.830774,-81.824400,-254.000000,1.320805,8.009439
20.350774,-81.824400,-254.000000,1.300492,8.049120
20.870774,-81.824400,-254.000000,1.246115,8.017940
21.390774,-81.824400,-254.000000,1.219099,7.970412
21.910774,-81.824400,-254.000000,1.233889,7.932569
22.430774,-81.824400,-254.000000,1.235037,7.937473
22.950774,-81.824400,-254.000000,1.235995,8.061198
23.470774,-81.824400,-254.000000,1.288139,8.066158
23.990774,-81.824400,-254.000000,1.229399,7.992378
24.510774,-81.824400,-254.000000,1.270366,7.970881
25.030774,-81.824400,-254.000000,1.230273,7.979031
25.550774,-81.824400,-254.000000,1.246704,8.025685
26.070774,-81.824400,-254.000000,1.261737,7.990834
26.590774,-81.824400,-254.000000,1.228035,7.927677
27.110774,-81.824400,-254.000000,1.285082,8.106690
27.630774,-81.824400,-254.000000,1.333391,7.950434
28.150774,-81.824400,-254.000000,1.232157,7.982773
28.670774,-81.824400,-254.000000,1.268112,7.930329
29.190774,-81.824400,-254.000000,1.253961,7.968948
29.710774,-81.824400,-254.000000,1.218019,8.000293
30.230774,-81.824400,-254.000000,1.374644,7.951622
30.750774,-81.824400,-254.000000,1.242219,8.043598
31.270774,-81.824400,-254.000000,1.256323,7.970536
31.790774,-81.824400,-254.000000,1.278421,7.954000
32.310774,-81.824400,-254.000000,1.323294,7.993453
32.830774,-81.824400,-254.000000,1.273753,7.953223
33.350774,-81.824400,-254.000000,1.265029,7.975505
33.870774,-81.824400,-254.000000,1.221543,8.009765
34.390774,-81.824400,-254.000000,1.294891,8.040668
34.910774,-81.824400,-254.000000,1.224871,8.000394
35.430774,-81.824400,-254.000000,1.228434,8.055229
35.950774,-81.824400,-254.000000,1.246664,8.011511
36.470774,-81.824400,-254.000000,1.289032,7.982902
36.990774,-81.824400,-254.000000,1.212880,7.979913
37.510774,-81.824400,-254.000000,1.275467,7.994005
38.030774,-81.824400,-254.000000,1.272790,8.068343
38.550774,-81.824400,-254.000000,1.253673,8.040396
39.070774,-81.824400,-254.000000,1.215736,7.954102
39.590774,-81.824400,-254.000000,1.246159,8.118505
40.110774,-81.824400,-254.000000,1.252964,8.064860
40.630774,-81.824400,-254.000000,1.210613,7.999238
41.150774,-81.824400,-254.000000,1.210054,7.974946
41.670774,-81.824400,-254.000000,1.232732,7.965709
42.190774,-81.824400,-254.000000,1.245348,7.983170
42.710774,-81.824400,-254.000000,1.269186,8.027948
43.230774,-81.824400,-254.000000,1.230389,8.025811
43.750774,-81.824400,-254.000000,1.236291,8.019359
44.270774,-81.824400,-254.000000,1.234008,7.982288
44.790774,-81.824400,-254.000000,1.327414,8.034628
45.310774,-81.824400,-254.000000,1.282420,7.976522
45.830774,-81.824400,-254.000000,1.250148,8.062101
46.350774,-81.824400,-254.000000,1.300201,7.972095
46.870774,-81.824400,-254.000000,1.276040,7.980264
47.390774,-81.824400,-254.000000,1.222472,7.991416
47.910774,-81.824400,-254.000000,1.270608,8.005094
48.430774,-81.824400,-254.000000,1.251531,7.996123
48.950774,-81.824400,-254.000000,1.255730,8.049170
49.470774,-81.824400,-254.000000,1.261508,8.028305
49.990774,-81.824400,-254.000000,1.334639,8.073384
50.510774,-81.824400,-254.000000,1.233054,7.979151
51.030774,-81.824400,-254.000000,1.282971,8.005822
51.550774,-81.824400,-254.000000,1.250195,8.011064
52.070774,-81.824400,-254.000000,1.270424,8.025908
52.590774,-81.824400,-254.000000,1.291805,8.079675
53.110774,-81.824400,-254.000000,1.223279,7.972859
53.630774,-81.824400,-254.000000,1.276984,8.054125
54.150774,-81.824400,-254.000000,1.257790,7.979130
54.670774,-81.824400,-254.000000,1.273726,7.995066
55.190774,-81.824400,-254.000000,1.258559,8.001918
55.710774,-81.824400,-254.000000,1.249391,7.993428
56.230774,-81.824400,-254.000000,1.291993,8.063571
56.750774,-81.824400,-254.000000,1.285513,8.074471
57.270774,-81.824400,-254.000000,1.293998,7.940127
57.790774,-81.824400,-254.000000,1.240354,8.005494
58.310774,-81.824400,-254.000000,1.291142,7.992750
58.830774,-81.824400,-254.000000,1.223057,7.969069
59.350774,-81.824400,-254.000000,1.247486,7.995700
59.870774,-81.824400,-254.000000,1.221708,8.030245
60.390774,-81.824400,-254.000000,1.341564,8.020618
60.910774,-81.824400,-254.000000,1.230732,7.993130
61.430774,-81.824400,-254.000000,1.212174,8.005130
61.950774,-81.824400,-254.000000,1.252402,7.964862
62.470774,-81.824400,-254.000000,1.282920,8.077661
62.990774,-81.824400,-254.000000,1.268886,7.979241
63.510774,-81.824400,-254.000000,1.269609,8.052531
64.030774,-81.824400,-254.000000,1.263700,7.997632
64.550774,-81.824400,-254.000000,1.265814,8.054502
65.070774,-81.824400,-254.000000,1.312430,8.019126
65.590774,-81.824400,-254.000000,1.290022,7.990489
66.110774,-81.824400,-254.000000,1.235854,7.972769
66.630774,-81.824400,-254.000000,1.244581,7.994867
67.150774,-81.824400,-254.000000,1.246752,8.016235
67.670774,-81.824400,-254.000000,1.243249,7.946908
68.190774,-81.824400,-254.000000,1.271507,8.084140
68.710774,-81.824400,-254.000000,1.249688,8.019058
69.230774,-81.824400,-254.000000,1.248141,7.986427
69.750774,-81.824400,-254.000000,1.232826,8.023796
70.270774,-81.824400,-254.000000,1.275408,8.004045
70.790774,-81.824400,-254.000000,1.282871,8.071962
71.310774,-81.824400,-254.000000,1.266366,7.978503
71.830774,-81.824400,-254.000000,1.220232,8.017488
72.350774,-81.824400,-254.000000,1.278709,8.015073
72.870774,-81.824400,-254.000000,1.287610,7.977993
73.390774,-81.824400,-254.000000,1.271701,7.964008
73.910774,-81.824400,-254.000000,1.294015,7.999197
74.430774,-81.824400,-254.000000,1.218430,7.990610
74.950774,-81.824400,-254.000000,1.239508,8.008200
75.470774,-81.824400,-254.000000,1.259592,7.969975
75.990774,-81.824400,-254.000000,1.261551,8.008673
13.070774,-81.304400,-254.000000,1.247019,7.970292
13.070774,-82.344400,-253.000000,1.236939,7.849061
13.590774,-82.344400,-253.000000,1.263299,7.916498
14.110774,-82.344400,-253.000000,1.307842,7.966476
14.630774,-82.344400,-253.000000,1.289659,7.933762
15.150774,-82.344400,-253.000000,1.308920,8.017460
15.670774,-82.344400,-253.000000,1.236916,7.947894
16.190774,-82.344400,-253.000000,1.281122,8.046245
16.710774,-82.344400,-253.000000,1.252571,7.933719
17.230774,-82.344400,-253.000000,1.325810,8.113009
17.750774,-82.344400,-253.000000,1.274315,8.032446
18.270774,-82.344400,-253.000000,1.277655,8.011606
18.790774,-82.344400,-253.000000,1.249777,7.973903
19.310774,-82.344400,-253.000000,1.309499,8.089270
19.830774,-82.344400,-253.000000,1.275169,7.991960
20.350774,-82.344400,-253.000000,1.262585,7.968703
20.870774,-82.344400,-253.000000,1.230609,8.002232
21.390774,-82.344400,-253.000000,1.254793,7.941929
21.910774,-82.344400,-253.000000,1.227294,8.043034
22.430774,-82.344400,-253.000000,1.226249,8.077008
22.950774,-82.344400,-253.000000,1.222813,7.980714
23.470774,-82.344400,-253.000000,1.243622,8.041433
23.990774,-82.344400,-253.000000,1.284774,8.008688
24.510774,-82.344400,-253.000000,1.279823,8.073432
25.030774,-82.344400,-253.000000,1.262429,7.961077
25.550774,-82.344400,-253.000000,1.257838,8.018600
26.070774,-82.344400,-253.000000,1.280709,8.024196
26.590774,-82.344400,-253.000000,1.230238,8.051254
27.110774,-82.344400,-253.000000,1.270513,7.951974
27.630774,-82.344400,-253.000000,1.281184,8.109311
28.150774,-82.344400,-253.000000,1.265482,7.934135
28.670774,-82.344400,-253.000000,1.245438,8.041007
29.190774,-82.344400,-253.000000,1.220461,7.985011
29.710774,-82.344400,-253.000000,1.257022,8.074756
30.230774,-82.344400,-253.000000,1.280092,7.973934
30.750774,-82.344400,-253.000000,1.263026,7.981570
31.270774,-82.344400,-253.000000,1.282437,8.018746
31.790774,-82.344400,-253.000000,1.255403,8.023884
32.310774,-82.344400,-253.000000,1.264754,8.016319
32.830774,-82.344400,-253.000000,1.297885,8.001025
33.350774,-82.344400,-253.000000,1.242330,7.914947
33.870774,-82.344400,-253.000000,1.273189,8.110484
34.390774,-82.344400,-253.000000,1.285300,7.954176
34.910774,-82.344400,-253.000000,1.253325,7.975776
35.430774,-82.344400,-253.000000,1.268983,8.095634
35.950774,-82.344400,-253.000000,1.299453,8.002304
36.470774,-82.344400,-253.000000,1.240592,7.951420
36.990774,-82.344400,-253.000000,1.301142,7.997086
37.510774,-82.344400,-253.000000,1.256321,8.006557
38.030774,-82.344400,-253.000000,1.267934,7.987670
38.550774,-82.344400,-253.000000,1.250767,8.077426
39.070774,-82.344400,-253.000000,1.257001,7.994357
39.590774,-82.344400,-253.000000,1.259642,7.989047
40.110774,-82.344400,-253.000000,1.208940,7.958098
40.630774,-82.344400,-253.000000,1.199892,8.128728
41.150774,-82.344400,-253.000000,1.250646,8.036445
41.670774,-82.344400,-253.000000,1.311894,7.998468
42.190774,-82.344400,-253.000000,1.266680,7.954090
42.710774,-82.344400,-253.000000,1.214455,8.063087
43.230774,-82.344400,-253.000000,1.263449,7.951327
43.750774,-82.344400,-253.000000,1.247766,7.999402
44.270774,-82.344400,-253.000000,1.236201,8.010533
44.790774,-82.344400,-253.000000,1.261552,8.059788
45.310774,-82.344400,-253.000000,1.244934,8.058591
45.830774,-82.344400,-253.000000,1.184281,8.010920
46.350774,-82.344400,-253.000000,1.275919,7.953457
46.870774,-82.344400,-253.000000,1.259382,8.065156
47.390774,-82.344400,-253.000000,1.250034,8.008062
47.910774,-82.344400,-253.000000,1.219500,8.026387
48.430774,-82.344400,-253.000000,1.257560,8.050704
48.950774,-82.344400,-253.000000,1.232192,7.978951
49.470774,-82.344400,-253.000000,1.243774,7.997497
49.990774,-82.344400,-253.000000,1.277131,7.993182
50.510774,-82.344400,-253.000000,1.242988,7.927754
51.030774,-82.344400,-253.000000,1.322814,7.980468
51.550774,-82.344400,-253.000000,1.292136,8.014324
52.070774,-82.344400,-253.000000,1.280201,7.995027
52.590774,-82.344400,-253.000000,1.260534,7.976114
53.110774,-82.344400,-253.000000,1.295003,8.048830
53.630774,-82.344400,-253.000000,1.256974,7.996783
54.150774,-82.344400,-253.000000,1.239045,7.992134
54.670774,-82.344400,-253.000000,1.226572,7.993865
55.190774,-82.344400,-253.000000,1.201409,7.998466
55.710774,-82.344400,-253.000000,1.244869,7.978841
56.230774,-82.344400,-253.000000,1.203586,8.079224
56.750774,-82.344400,-253.000000,1.222491,8.069047
57.270774,-82.344400,-253.000000,1.316395,7.973269
57.790774,-82.344400,-253.000000,1.242662,7.973481
58.310774,-82.344400,-253.000000,1.303428,7.982666
58.830774,-82.344400,-253.000000,1.261120,7.985126
59.350774,-82.344400,-253.000000,1.278440,7.957715
59.870774,-82.344400,-253.000000,1.269375,8.023794
60.390774,-82.344400,-253.000000,1.249305,8.013171
60.910774,-82.344400,-253.000000,1.228417,7.974174
61.430774,-82.344400,-253.000000,1.220135,8.001806
61.950774,-82.344400,-253.000000,1.235517,8.062162
62.470774,-82.344400,-253.000000,1.234499,7.925342
62.990774,-82.344400,-253.000000,1.274286,8.005676
63.510774,-82.344400,-253.000000,1.264027,7.942997
64.030774,-82.344400,-253.000000,1.207895,8.008140
64.550774,-82.344400,-253.000000,1.271071,7.980430
65.070774,-82.344400,-253.000000,1.210938,7.991198
65.590774,-82.344400,-253.000000,1.242369,8.019573
66.110774,-82.344400,-253.000000,1.272726,7.992900
66.630774,-82.344400,-253.000000,1.255073,8.029209
67.150774,-82.344400,-253.000000,1.274651,8.020144
67.670774,-82.344400,-253.000000,1.298966,8.033454
68.190774,-82.344400,-253.000000,1.232329,7.905000
68.710774,-82.344400,-253.000000,1.237722,8.021570
69.230774,-82.344400,-253.000000,1.259988,8.078619
69.750774,-82.344400,-253.000000,1.254186,8.116671
70.270774,-82.344400,-253.000000,1.270512,8.044233
70.790774,-82.344400,-253.000000,1.306456,8.007786
71.310774,-82.344400,-253.000000,1.250545,8.032975
71.830774,-82.344400,-253.000000,1.304741,8.045131
72.350774,-82.344400,-253.000000,1.367743,7.973799
72.870774,-82.344400,-253.000000,1.239748,8.038863
73.390774,-82.344400,-253.000000,1.300290,8.002292
73.910774,-82.344400,-253.000000,1.246470,7.937172
74.430774,-82.344400,-253.000000,1.239481,7.968979
74.950774,-82.344400,-253.000000,1.265345,7.996153
75.470774,-82.344400,-253.000000,1.230950,8.095266
75.990774,-82.344400,-253.000000,1.276398,8.121552
13.070774,-81.824400,-253.000000,1.223356,7.872415
13.590774,-81.824400,-253.000000,1.235457,7.920034
14.110774,-81.824400,-253.000000,1.270894,7.986750
14.630774,-81.824400,-253.000000,1.265224,7.965947
15.150774,-81.824400,-253.000000,1.288654,7.979022
15.670774,-81.824400,-253.000000,1.321077,7.962920
16.190774,-81.824400,-253.000000,1.335257,8.044627
16.710774,-81.824400,-253.000000,1.328541,7.957353
17.230774,-81.824400,-253.000000,1.277959,8.123444
17.750774,-81.824400,-253.000000,1.316422,8.056047
18.270774,-81.824400,-253.000000,1.288240,8.013993
18.790774,-81.824400,-253.000000,1.218513,7.990034
19.310774,-81.824400,-253.000000,1.335988,8.089097
19.830774,-81.824400,-253.000000,1.261674,8.034142
20.350774,-81.824400,-253.000000,1.249490,7.956831
20.870774,-81.824400,-253.000000,1.264244,7.960173
21.390774,-81.824400,-253.000000,1.231481,7.936684
21.910774,-81.824400,-253.000000,1.254612,8.011422
22.430774,-81.824400,-253.000000,1.220760,7.979458
22.950774,-81.824400,-253.000000,1.235775,7.980504
23.470774,-81.824400,-253.000000,1.288115,8.065216
23.990774,-81.824400,-253.000000,1.277643,8.067084
24.510774,-81.824400,-253.000000,1.250340,8.099524
25.030774,-81.824400,-253.000000,1.239691,8.032607
25.550774,-81.824400,-253.000000,1.275684,8.009641
26.070774,-81.824400,-253.000000,1.245103,8.016130
26.590774,-81.824400,-253.000000,1.204437,8.091789
27.110774,-81.824400,-253.000000,1.288875,7.945662
27.630774,-81.824400,-253.000000,1.284229,7.984735
28.150774,-81.824400,-253.000000,1.272621,7.955112
28.670774,-81.824400,-253.000000,1.277238,8.011720
29.190774,-81.824400,-253.000000,1.302630,8.024741
29.710774,-81.824400,-253.000000,1.269849,8.012314
30.230774,-81.824400,-253.000000,1.273022,8.003766
30.750774,-81.824400,-253.000000,1.245109,7.986642
31.270774,-81.824400,-253.000000,1.222825,8.015084
31.790774,-81.824400,-253.000000,1.224147,7.990060
32.310774,-81.824400,-253.000000,1.257033,8.035069
32.830774,-81.824400,-253.000000,1.318543,7.962844
33.350774,-81.824400,-253.000000,1.251214,7.929306
33.870774,-81.824400,-253.000000,1.256555,8.037951
34.390774,-81.824400,-253.000000,1.286620,7.968348
34.910774,-81.824400,-253.000000,1.263024,7.993559
35.430774,-81.824400,-253.000000,1.283494,8.116806
35.950774,-81.824400,-253.000000,1.344132,8.057650
36.470774,-81.824400,-253.000000,1.250485,7.960657
36.990774,-81.824400,-253.000000,1.223492,8.006887
37.510774,-81.824400,-253.000000,1.298175,8.025340
38.030774,-81.824400,-253.000000,1.227270,7.953017
38.550774,-81.824400,-253.000000,1.273467,8.032653
39.070774,-81.824400,-253.000000,1.267960,8.004575
39.590774,-81.824400,-253.000000,1.240530,7.946548
40.110774,-81.824400,-253.000000,1.214280,7.892676
40.630774,-81.824400,-253.000000,1.219844,7.953697
41.150774,-81.824400,-253.000000,1.227898,7.983314
41.670774,-81.824400,-253.000000,1.310842,8.061706
42.190774,-81.824400,-253.000000,1.294097,7.998570
42.710774,-81.824400,-253.000000,1.255409,8.069180
43.230774,-81.824400,-253.000000,1.210243,7.979065
43.750774,-81.824400,-253.000000,1.238788,7.996367
44.270774,-81.824400,-253.000000,1.272102,8.019191
44.790774,-81.824400,-253.000000,1.280167,8.038278
45.310774,-81.824400,-253.000000,1.271832,8.073491
45.830774,-81.824400,-253.000000,1.259937,8.071823
46.350774,-81.824400,-253.000000,1.270271,7.959543
46.870774,-81.824400,-253.000000,1.275111,8.035191
47.390774,-81.824400,-253.000000,1.273084,8.022031
47.910774,-81.824400,-253.000000,1.278276,7.995687
48.430774,-81.824400,-253.000000,1.246777,8.044035
48.950774,-81.824400,-253.000000,1.224859,7.991913
49.470774,-81.824400,-253.000000,1.227798,8.053254
49.990774,-81.824400,-253.000000,1.328157,8.002053
50.510774,-81.824400,-253.000000,1.243109,7.954784
51.030774,-81.824400,-253.000000,1.297525,7.990034
51.550774,-81.824400,-253.000000,1.278551,7.982666
52.070774,-81.824400,-253.000000,1.247338,8.003684
52.590774,-81.824400,-253.000000,1.246845,8.032269
53.110774,-81.824400,-253.000000,1.303843,8.071376
53.630774,-81.824400,-253.000000,1.215941,7.989900
54.150774,-81.824400,-253.000000,1.231216,8.002433
54.670774,-81.824400,-253.000000,1.208047,7.996153
55.190774,-81.824400,-253.000000,1.213177,8.032766
55.710774,-81.824400,-253.000000,1.236731,7.942383
56.230774,-81.824400,-253.000000,1.251752,8.027182
56.750774,-81.824400,-253.000000,1.251604,7.988174
57.270774,-81.824400,-253.000000,1.287082,8.009420
57.790774,-81.824400,-253.000000,1.274569,7.984142
58.310774,-81.824400,-253.000000,1.243771,7.997254
58.830774,-81.824400,-253.000000,1.262173,7.998115
59.350774,-81.824400,-253.000000,1.320393,7.932313
59.870774,-81.824400,-253.000000,1.293521,7.994717
60.390774,-81.824400,-253.000000,1.248659,8.144140
60.910774,-81.824400,-253.000000,1.237310,7.983818
61.430774,-81.824400,-253.000000,1.255696,7.976574
61.950774,-81.824400,-253.000000,1.235496,8.063782
62.470774,-81.824400,-253.000000,1.219715,7.948639
62.990774,-81.824400,-253.000000,1.282573,7.992816
63.510774,-81.824400,-253.000000,1.298225,7.952019
64.030774,-81.824400,-253.000000,1.291255,8.027432
64.550774,-81.824400,-253.000000,1.283713,7.955253
65.070774,-81.824400,-253.000000,1.275261,8.018740
65.590774,-81.824400,-253.000000,1.269930,8.107529
66.110774,-81.824400,-253.000000,1.247794,7.972118
66.630774,-81.824400,-253.000000,1.270535,8.038491
67.150774,-81.824400,-253.000000,1.326955,8.016772
67.670774,-81.824400,-253.000000,1.278169,7.960187
68.190774,-81.824400,-253.000000,1.220923,7.950415
68.710774,-81.824400,-253.000000,1.247307,8.053074
69.230774,-81.824400,-253.000000,1.265786,8.054220
69.750774,-81.824400,-253.000000,1.314326,8.175277
70.270774,-81.824400,-253.000000,1.289735,8.001284
70.790774,-81.824400,-253.000000,1.245202,8.018195
71.310774,-81.824400,-253.000000,1.279620,8.050727
71.830774,-81.824400,-253.000000,1.296571,8.117008
72.350774,-81.824400,-253.000000,1.281051,8.007763
72.870774,-81.824400,-253.000000,1.308586,8.031372
73.390774,-81.824400,-253.000000,1.286727,8.004206
73.910774,-81.824400,-253.000000,1.275851,7.986349
74.430774,-81.824400,-253.000000,1.212512,7.964517
74.950774,-81.824400,-253.000000,1.272347,7.973450
75.470774,-81.824400,-253.000000,1.224430,8.053443
75.990774,-81.824400,-253.000000,1.223065,8.020889
13.070774,-81.304400,-253.000000,1.265221,7.890191
75.990774,-81.304400,-253.000000,1.229947,8.001000
13.070774,-82.344400,-252.000000,1.212531,7.946486
13.590774,-82.344400,-252.000000,1.221187,7.861913
14.110774,-82.344400,-252.000000,1.234089,7.971528
14.630774,-82.344400,-252.000000,1.219138,7.869449
15.150774,-82.344400,-252.000000,1.261820,7.973593
15.670774,-82.344400,-252.000000,1.245187,7.975423
16.190774,-82.344400,-252.000000,1.276065,7.928184
16.710774,-82.344400,-252.000000,1.290367,7.946794
17.230774,-82.344400,-252.000000,1.245344,7.968613
17.750774,-82.344400,-252.000000,1.294150,7.955886
18.270774,-82.344400,-252.000000,1.222979,7.974421
18.790774,-82.344400,-252.000000,1.237996,7.995748
19.310774,-82.344400,-252.000000,1.219968,8.033700
19.830774,-82.344400,-252.000000,1.311682,8.036542
20.350774,-82.344400,-252.000000,1.245895,7.980200
20.870774,-82.344400,-252.000000,1.222533,7.932138
21.390774,-82.344400,-252.000000,1.280977,7.960004
21.910774,-82.344400,-252.000000,1.281247,7.984496
22.430774,-82.344400,-252.000000,1.254935,7.965736
22.950774,-82.344400,-252.000000,1.266691,7.956863
23.470774,-82.344400,-252.000000,1.253284,7.946968
23.990774,-82.344400,-252.000000,1.247200,8.016483
24.510774,-82.344400,-252.000000,1.208944,7.954828
25.030774,-82.344400,-252.000000,1.296880,8.016821
25.550774,-82.344400,-252.000000,1.328875,8.070080
26.070774,-82.344400,-252.000000,1.225832,8.019256
26.590774,-82.344400,-252.000000,1.208740,7.898928
27.110774,-82.344400,-252.000000,1.239665,7.957644
27.630774,-82.344400,-252.000000,1.306264,8.015780
28.150774,-82.344400,-252.000000,1.296162,7.967061
28.670774,-82.344400,-252.000000,1.252407,8.096500
29.190774,-82.344400,-252.000000,1.291067,8.058353
29.710774,-82.344400,-252.000000,1.329939,7.940753
30.230774,-82.344400,-252.000000,1.288545,8.038176
30.750774,-82.344400,-252.000000,1.263566,8.002624
31.270774,-82.344400,-252.000000,1.289169,7.982258
31.790774,-82.344400,-252.000000,1.260265,8.044431
32.310774,-82.344400,-252.000000,1.243834,8.033029
32.830774,-82.344400,-252.000000,1.243597,7.984474
33.350774,-82.344400,-252.000000,1.280432,8.060669
33.870774,-82.344400,-252.000000,1.324663,7.935639
34.390774,-82.344400,-252.000000,1.281103,8.014279
34.910774,-82.344400,-252.000000,1.305007,8.010053
35.430774,-82.344400,-252.000000,1.355980,8.028329
35.950774,-82.344400,-252.000000,1.348946,7.961094
36.470774,-82.344400,-252.000000,1.340553,8.017653
36.990774,-82.344400,-252.000000,1.236794,7.926162
37.510774,-82.344400,-252.000000,1.268560,7.979088
38.030774,-82.344400,-252.000000,1.363401,8.054175
38.550774,-82.344400,-252.000000,1.283390,8.012084
39.070774,-82.344400,-252.000000,1.241644,8.035806
39.590774,-82.344400,-252.000000,1.210614,7.972748
40.110774,-82.344400,-252.000000,1.225143,7.997245
40.630774,-82.344400,-252.000000,1.235294,8.003269
41.150774,-82.344400,-252.000000,1.237640,8.065737
41.670774,-82.344400,-252.000000,1.243352,7.987711
42.190774,-82.344400,-252.000000,1.213397,8.001682
42.710774,-82.344400,-252.000000,1.260806,8.017065
43.230774,-82.344400,-252.000000,1.326558,8.017161
43.750774,-82.344400,-252.000000,1.294348,7.932902
44.270774,-82.344400,-252.000000,1.318987,7.991621
44.790774,-82.344400,-252.000000,1.286951,7.989799
45.310774,-82.344400,-252.000000,1.309173,7.992949
45.830774,-82.344400,-252.000000,1.240584,7.973837
46.350774,-82.344400,-252.000000,1.276312,7.956811
46.870774,-82.344400,-252.000000,1.351763,7.945843
47.390774,-82.344400,-252.000000,1.231165,7.994085
47.910774,-82.344400,-252.000000,1.255819,7.998422
48.430774,-82.344400,-252.000000,1.253495,7.967077
48.950774,-82.344400,-252.000000,1.278545,8.031189
49.470774,-82.344400,-252.000000,1.286144,7.966370
49.990774,-82.344400,-252.000000,1.280818,8.022890
50.510774,-82.344400,-252.000000,1.251904,8.046222
51.030774,-82.344400,-252.000000,1.285689,8.007599
51.550774,-82.344400,-252.000000,1.276112,7.985334
52.070774,-82.344400,-252.000000,1.287837,7.984877
52.590774,-82.344400,-252.000000,1.250818,8.031723
53.110774,-82.344400,-252.000000,1.265734,8.009490
53.630774,-82.344400,-252.000000,1.273736,7.982929
54.150774,-82.344400,-252.000000,1.235329,7.996950
54.670774,-82.344400,-252.000000,1.229164,8.029151
55.190774,-82.344400,-252.000000,1.221277,8.104095
55.710774,-82.344400,-252.000000,1.267386,7.951124
56.230774,-82.344400,-252.000000,1.245157,7.964536
56.750774,-82.344400,-252.000000,1.269076,7.989899
57.270774,-82.344400,-252.000000,1.222809,7.953138
57.790774,-82.344400,-252.000000,1.222966,7.981531
58.310774,-82.344400,-252.000000,1.224214,7.961558
58.830774,-82.344400,-252.000000,1.267508,7.978774
59.350774,-82.344400,-252.000000,1.247498,8.004638
59.870774,-82.344400,-252.000000,1.309961,8.042755
60.390774,-82.344400,-252.000000,1.305623,8.038476
60.910774,-82.344400,-252.000000,1.344342,7.961501
61.430774,-82.344400,-252.000000,1.259994,8.033900
61.950774,-82.344400,-252.000000,1.220103,7.966577
62.470774,-82.344400,-252.000000,1.253563,8.038637
62.990774,-82.344400,-252.000000,1.218501,8.011731
63.510774,-82.344400,-252.000000,1.231145,7.928051
64.030774,-82.344400,-252.000000,1.212077,7.921979
64.550774,-82.344400,-252.000000,1.261047,7.959486
65.070774,-82.344400,-252.000000,1.275314,8.022724
65.590774,-82.344400,-252.000000,1.261119,8.030426
66.110774,-82.344400,-252.000000,1.293290,7.999864
66.630774,-82.344400,-252.000000,1.241888,8.067666
67.150774,-82.344400,-252.000000,1.274337,7.933942
67.670774,-82.344400,-252.000000,1.253367,7.954296
68.190774,-82.344400,-252.000000,1.292436,7.961226
68.710774,-82.344400,-252.000000,1.281667,7.938048
69.230774,-82.344400,-252.000000,1.241803,8.104956
69.750774,-82.344400,-252.000000,1.218219,7.997359
70.270774,-82.344400,-252.000000,1.269608,7.975831
70.790774,-82.344400,-252.000000,1.280354,8.072758
71.310774,-82.344400,-252.000000,1.278409,8.063572
71.830774,-82.344400,-252.000000,1.226537,8.013124
72.350774,-82.344400,-252.000000,1.268146,7.943175
72.870774,-82.344400,-252.000000,1.282338,7.955625
73.390774,-82.344400,-252.000000,1.313634,8.024994
73.910774,-82.344400,-252.000000,1.198728,8.023222
74.430774,-82.344400,-252.000000,1.263278,7.974181
74.950774,-82.344400,-252.000000,1.315965,8.008991
75.470774,-82.344400,-252.000000,1.268131,7.930562
75.990774,-82.344400,-252.000000,1.257512,8.025979
13.070774,-81.824400,-252.000000,1.249716,7.974788
13.590774,-81.824400,-252.000000,1.237794,7.891179
14.110774,-81.824400,-252.000000,1.212447,7.923352
14.630774,-81.824400,-252.000000,1.235111,8.051105
15.150774,-81.824400,-252.000000,1.228052,7.986944
15.670774,-81.824400,-252.000000,1.318130,8.023672
16.190774,-81.824400,-252.000000,1.260880,7.920842
16.710774,-81.824400,-252.000000,1.244546,7.988670
17.230774,-81.824400,-252.000000,1.290436,7.984653
17.750774,-81.824400,-252.000000,1.270496,7.946660
18.270774,-81.824400,-252.000000,1.225163,7.948188
18.790774,-81.824400,-252.000000,1.225874,8.021117
19.310774,-81.824400,-252.000000,1.260069,8.060246
19.830774,-81.824400,-252.000000,1.297307,8.062685
20.350774,-81.824400,-252.000000,1.221202,7.991186
20.870774,-81.824400,-252.000000,1.243552,7.952230
21.390774,-81.824400,-252.000000,1.339019,7.974499
21.910774,-81.824400,-252.000000,1.239553,7.983985
22.430774,-81.824400,-252.000000,1.230438,7.964809
22.950774,-81.824400,-252.000000,1.206703,7.939064
23.470774,-81.824400,-252.000000,1.250298,7.978057
23.990774,-81.824400,-252.000000,1.267669,8.023535
24.510774,-81.824400,-252.000000,1.267256,8.018539
25.030774,-81.824400,-252.000000,1.302324,8.047647
25.550774,-81.824400,-252.000000,1.266501,8.056602
26.070774,-81.824400,-252.000000,1.254373,8.070810
26.590774,-81.824400,-252.000000,1.231661,7.896978
27.110774,-81.824400,-252.000000,1.313664,7.979702
27.630774,-81.824400,-252.000000,1.286065,8.014589
28.150774,-81.824400,-252.000000,1.376081,7.994599
28.670774,-81.824400,-252.000000,1.254282,7.994611
29.190774,-81.824400,-252.000000,1.269492,8.159469
29.710774,-81.824400,-252.000000,1.306785,7.927986
30.230774,-81.824400,-252.000000,1.228211,8.050649
30.750774,-81.824400,-252.000000,1.243344,8.002164
31.270774,-81.824400,-252.000000,1.284636,8.019073
31.790774,-81.824400,-252.000000,1.274548,8.035614
32.310774,-81.824400,-252.000000,1.270312,7.994922
32.830774,-81.824400,-252.000000,1.234483,8.050002
33.350774,-81.824400,-252.000000,1.203132,8.045890
33.870774,-81.824400,-252.000000,1.262369,7.939454
34.390774,-81.824400,-252.000000,1.240572,7.956465
34.910774,-81.824400,-252.000000,1.305960,8.089840
35.430774,-81.824400,-252.000000,1.308532,8.022226
35.950774,-81.824400,-252.000000,1.239277,7.971467
36.470774,-81.824400,-252.000000,1.210614,8.029801
36.990774,-81.824400,-252.000000,1.253605,7.945527
37.510774,-81.824400,-252.000000,1.219905,7.967344
38.030774,-81.824400,-252.000000,1.295187,8.002041
38.550774,-81.824400,-252.000000,1.283036,8.043579
39.070774,-81.824400,-252.000000,1.303033,8.028156
39.590774,-81.824400,-252.000000,1.231951,7.983282
40.110774,-81.824400,-252.000000,1.254458,8.073269
40.630774,-81.824400,-252.000000,1.247800,7.970836
41.150774,-81.824400,-252.000000,1.285867,8.029996
41.670774,-81.824400,-252.000000,1.327731,8.016130
42.190774,-81.824400,-252.000000,1.241814,8.054550
42.710774,-81.824400,-252.000000,1.275109,8.115365
43.230774,-81.824400,-252.000000,1.240308,7.948094
43.750774,-81.824400,-252.000000,1.243925,7.982292
44.270774,-81.824400,-252.000000,1.287445,8.051370
44.790774,-81.824400,-252.000000,1.243377,7.995837
45.310774,-81.824400,-252.000000,1.298199,7.991418
45.830774,-81.824400,-252.000000,1.293800,8.072096
46.350774,-81.824400,-252.000000,1.242896,7.933464
46.870774,-81.824400,-252.000000,1.252077,7.925113
47.390774,-81.824400,-252.000000,1.252016,8.007810
47.910774,-81.824400,-252.000000,1.285468,8.046005
48.430774,-81.824400,-252.000000,1.297829,7.987024
48.950774,-81.824400,-252.000000,1.303072,8.025344
49.470774,-81.824400,-252.000000,1.263493,7.976122
49.990774,-81.824400,-252.000000,1.225118,7.988286
50.510774,-81.824400,-252.000000,1.260552,8.040230
51.030774,-81.824400,-252.000000,1.313345,8.046919
51.550774,-81.824400,-252.000000,1.293388,8.043551
52.070774,-81.824400,-252.000000,1.267037,8.037100
52.590774,-81.824400,-252.000000,1.261750,8.015601
53.110774,-81.824400,-252.000000,1.232477,8.014151
53.630774,-81.824400,-252.000000,1.273890,7.968891
54.150774,-81.824400,-252.000000,1.244627,7.982138
54.670774,-81.824400,-252.000000,1.215476,8.024822
55.190774,-81.824400,-252.000000,1.225199,8.070229
55.710774,-81.824400,-252.000000,1.278474,7.971347
56.230774,-81.824400,-252.000000,1.213243,8.021428
56.750774,-81.824400,-252.000000,1.271985,8.006248
57.270774,-81.824400,-252.000000,1.195785,7.992672
57.790774,-81.824400,-252.000000,1.252489,7.994230
58.310774,-81.824400,-252.000000,1.245120,7.988269
58.830774,-81.824400,-252.000000,1.287433,8.024218
59.350774,-81.824400,-252.000000,1.271161,8.005351
59.870774,-81.824400,-252.000000,1.297247,8.080585
60.390774,-81.824400,-252.000000,1.258803,8.006223
60.910774,-81.824400,-252.000000,1.301389,7.993002
61.430774,-81.824400,-252.000000,1.249450,8.036376
61.950774,-81.824400,-252.000000,1.255844,7.995512
62.470774,-81.824400,-252.000000,1.224110,8.082404
62.990774,-81.824400,-252.000000,1.250085,8.037791
63.510774,-81.824400,-252.000000,1.287225,8.004989
64.030774,-81.824400,-252.000000,1.295961,7.953141
64.550774,-81.824400,-252.000000,1.222233,7.922545
65.070774,-81.824400,-252.000000,1.281685,8.028059
65.590774,-81.824400,-252.000000,1.251966,8.033663
66.110774,-81.824400,-252.000000,1.278791,7.972593
66.630774,-81.824400,-252.000000,1.247853,8.047810
67.150774,-81.824400,-252.000000,1.282884,7.936182
67.670774,-81.824400,-252.000000,1.270527,7.978220
68.190774,-81.824400,-252.000000,1.289165,7.993726
68.710774,-81.824400,-252.000000,1.276613,7.959107
69.230774,-81.824400,-252.000000,1.270188,8.046676
69.750774,-81.824400,-252.000000,1.254449,7.979794
70.270774,-81.824400,-252.000000,1.216260,7.980967
70.790774,-81.824400,-252.000000,1.263628,8.026454
71.310774,-81.824400,-252.000000,1.271838,8.059694
71.830774,-81.824400,-252.000000,1.274279,7.953078
72.350774,-81.824400,-252.000000,1.298060,7.979472
72.870774,-81.824400,-252.000000,1.324917,7.949315
73.390774,-81.824400,-252.000000,1.311378,8.035305
73.910774,-81.824400,-252.000000,1.271893,8.030969
74.430774,-81.824400,-252.000000,1.229280,7.950135
74.950774,-81.824400,-252.000000,1.237671,7.991120
75.470774,-81.824400,-252.000000,1.282038,7.953564
75.990774,-81.824400,-252.000000,1.257985,7.953139
13.070774,-81.304400,-252.000000,1.222718,7.923550
75.990774,-81.304400,-252.000000,1.244462,7.967500
13.070774,-82.344400,-251.000000,1.225287,7.864154
13.590774,-82.344400,-251.000000,1.220765,7.841246
14.110774,-82.344400,-251.000000,1.229635,7.850492
14.630774,-82.344400,-251.000000,1.270765,7.918586
15.150774,-82.344400,-251.000000,1.226352,7.914292
15.670774,-82.344400,-251.000000,1.239131,7.900328
16.190774,-82.344400,-251.000000,1.278491,7.966741
16.710774,-82.344400,-251.000000,1.276163,8.053774
17.230774,-82.344400,-251.000000,1.302811,7.996337
17.750774,-82.344400,-251.000000,1.271176,7.983663
18.270774,-82.344400,-251.000000,1.210194,8.017675
18.790774,-82.344400,-251.000000,1.242685,7.929542
19.310774,-82.344400,-251.000000,1.201609,7.958586
19.830774,-82.344400,-251.000000,1.224935,8.011422
20.350774,-82.344400,-251.000000,1.238529,8.011315
20.870774,-82.344400,-251.000000,1.272775,7.948452
21.390774,-82.344400,-251.000000,1.266373,8.041144
21.910774,-82.344400,-251.000000,1.287154,7.978442
22.430774,-82.344400,-251.000000,1.345173,7.971010
22.950774,-82.344400,-251.000000,1.263042,8.012753
23.470774,-82.344400,-251.000000,1.239888,8.002348
23.990774,-82.344400,-251.000000,1.286192,7.996870
24.510774,-82.344400,-251.000000,1.293053,8.020176
25.030774,-82.344400,-251.000000,1.218943,8.024650
25.550774,-82.344400,-251.000000,1.224669,8.033183
26.070774,-82.344400,-251.000000,1.238513,8.105498
26.590774,-82.344400,-251.000000,1.217000,8.067411
27.110774,-82.344400,-251.000000,1.267684,8.034404
27.630774,-82.344400,-251.000000,1.329854,8.036332
28.150774,-82.344400,-251.000000,1.294897,7.977657
28.670774,-82.344400,-251.000000,1.239524,7.985412
29.190774,-82.344400,-251.000000,1.229621,8.001354
29.710774,-82.344400,-251.000000,1.218656,8.042593
30.230774,-82.344400,-251.000000,1.316125,8.061615
30.750774,-82.344400,-251.000000,1.303824,8.183786
31.270774,-82.344400,-251.000000,1.213725,7.999727
31.790774,-82.344400,-251.000000,1.258410,7.985353
32.310774,-82.344400,-251.000000,1.317212,8.024848
32.830774,-82.344400,-251.000000,1.278036,8.080777
33.350774,-82.344400,-251.000000,1.329238,8.046731
33.870774,-82.344400,-251.000000,1.247130,8.039316
34.390774,-82.344400,-251.000000,1.238509,8.062764
34.910774,-82.344400,-251.000000,1.210696,8.076315
35.430774,-82.344400,-251.000000,1.298478,8.030092
35.950774,-82.344400,-251.000000,1.280500,7.969252
36.470774,-82.344400,-251.000000,1.232033,8.001593
36.990774,-82.344400,-251.000000,1.334656,8.029848
37.510774,-82.344400,-251.000000,1.255188,7.987739
38.030774,-82.344400,-251.000000,1.265080,8.054193
38.550774,-82.344400,-251.000000,1.219115,8.092742
39.070774,-82.344400,-251.000000,1.269050,8.031582
39.590774,-82.344400,-251.000000,1.266727,8.055795
40.110774,-82.344400,-251.000000,1.256720,7.988216
40.630774,-82.344400,-251.000000,1.248287,7.977076
41.150774,-82.344400,-251.000000,1.209072,7.976234
41.670774,-82.344400,-251.000000,1.237164,8.029628
42.190774,-82.344400,-251.000000,1.243691,8.102693
42.710774,-82.344400,-251.000000,1.303298,7.979806
43.230774,-82.344400,-251.000000,1.284197,8.129024
43.750774,-82.344400,-251.000000,1.249491,8.001153
44.270774,-82.344400,-251.000000,1.235305,8.013099
44.790774,-82.344400,-251.000000,1.294359,7.988266
45.310774,-82.344400,-251.000000,1.227951,7.977227
45.830774,-82.344400,-251.000000,1.248679,8.017436
46.350774,-82.344400,-251.000000,1.283919,7.958610
46.870774,-82.344400,-251.000000,1.276938,8.077408
47.390774,-82.344400,-251.000000,1.261000,8.023601
47.910774,-82.344400,-251.000000,1.243779,7.966403
48.430774,-82.344400,-251.000000,1.241683,7.967128
48.950774,-82.344400,-251.000000,1.239575,7.929040
49.470774,-82.344400,-251.000000,1.295202,7.959171
49.990774,-82.344400,-251.000000,1.304291,7.934913
50.510774,-82.344400,-251.000000,1.266749,8.014443
51.030774,-82.344400,-251.000000,1.235814,8.007230
51.550774,-82.344400,-251.000000,1.262572,7.946232
52.070774,-82.344400,-251.000000,1.273425,7.977082
52.590774,-82.344400,-251.000000,1.241091,8.123773
53.110774,-82.344400,-251.000000,1.234709,8.095040
53.630774,-82.344400,-251.000000,1.227314,7.978336
54.150774,-82.344400,-251.000000,1.231639,8.011029
54.670774,-82.344400,-251.000000,1.252365,7.978666
55.190774,-82.344400,-251.000000,1.276486,7.985081
55.710774,-82.344400,-251.000000,1.282393,7.902072
56.230774,-82.344400,-251.000000,1.250983,8.055642
56.750774,-82.344400,-251.000000,1.258303,7.962900
57.270774,-82.344400,-251.000000,1.269757,7.988054
57.790774,-82.344400,-251.000000,1.218819,7.925241
58.310774,-82.344400,-251.000000,1.204610,7.973391
58.830774,-82.344400,-251.000000,1.261746,8.049350
59.350774,-82.344400,-251.000000,1.250295,8.011002
59.870774,-82.344400,-251.000000,1.226177,7.985075
60.390774,-82.344400,-251.000000,1.249545,7.961476
60.910774,-82.344400,-251.000000,1.268329,8.011392
61.430774,-82.344400,-251.000000,1.290707,7.978562
61.950774,-82.344400,-251.000000,1.268438,7.941027
62.470774,-82.344400,-251.000000,1.277678,8.005966
62.990774,-82.344400,-251.000000,1.286224,7.952343
63.510774,-82.344400,-251.000000,1.271914,8.015824
64.030774,-82.344400,-251.000000,1.289437,8.057482
64.550774,-82.344400,-251.000000,1.308962,8.038583
65.070774,-82.344400,-251.000000,1.211630,8.065562
65.590774,-82.344400,-251.000000,1.261645,7.989725
66.110774,-82.344400,-251.000000,1.287945,8.036063
66.630774,-82.344400,-251.000000,1.312289,7.947556
67.150774,-82.344400,-251.000000,1.320328,7.989454
67.670774,-82.344400,-251.000000,1.310299,8.016326
68.190774,-82.344400,-251.000000,1.258951,7.985762
68.710774,-82.344400,-251.000000,1.240202,8.058146
69.230774,-82.344400,-251.000000,1.261770,8.071215
69.750774,-82.344400,-251.000000,1.233370,8.010707
70.270774,-82.344400,-251.000000,1.230607,8.105061
70.790774,-82.344400,-251.000000,1.242487,7.974936
71.310774,-82.344400,-251.000000,1.253864,7.985401
71.830774,-82.344400,-251.000000,1.223523,7.930715
72.350774,-82.344400,-251.000000,1.228697,7.973415
72.870774,-82.344400,-251.000000,1.277640,8.078815
73.390774,-82.344400,-251.000000,1.232958,7.973969
73.910774,-82.344400,-251.000000,1.257620,7.914735
74.430774,-82.344400,-251.000000,1.255329,8.039641
74.950774,-82.344400,-251.000000,1.225676,8.018484
75.470774,-82.344400,-251.000000,1.243923,8.013796
13.070774,-81.824400,-251.000000,1.230155,7.854421
13.590774,-81.824400,-251.000000,1.184374,7.810287
14.110774,-81.824400,-251.000000,1.202509,7.871223
14.630774,-81.824400,-251.000000,1.293126,7.946448
15.150774,-81.824400,-251.000000,1.285639,7.919426
15.670774,-81.824400,-251.000000,1.223385,7.909019
16.190774,-81.824400,-251.000000,1.270248,7.968559
16.710774,-81.824400,-251.000000,1.306161,8.036887
17.230774,-81.824400,-251.000000,1.315899,7.985067
17.750774,-81.824400,-251.000000,1.301053,8.016259
18.270774,-81.824400,-251.000000,1.231888,7.991257
18.790774,-81.824400,-251.000000,1.222155,7.921533
19.310774,-81.824400,-251.000000,1.225644,7.939428
19.830774,-81.824400,-251.000000,1.249939,8.020034
20.350774,-81.824400,-251.000000,1.201318,8.001643
20.870774,-81.824400,-251.000000,1.250923,7.976604
21.390774,-81.824400,-251.000000,1.294272,8.006101
21.910774,-81.824400,-251.000000,1.239162,7.975704
22.430774,-81.824400,-251.000000,1.255492,7.962128
22.950774,-81.824400,-251.000000,1.237075,8.040048
23.470774,-81.824400,-251.000000,1.253316,7.997089
23.990774,-81.824400,-251.000000,1.321782,8.028136
24.510774,-81.824400,-251.000000,1.268732,8.069296
25.030774,-81.824400,-251.000000,1.289114,8.055200
25.550774,-81.824400,-251.000000,1.289044,8.111618
26.070774,-81.824400,-251.000000,1.261849,8.044065
26.590774,-81.824400,-251.000000,1.239817,8.137340
27.110774,-81.824400,-251.000000,1.262235,7.993251
27.630774,-81.824400,-251.000000,1.323190,8.043962
28.150774,-81.824400,-251.000000,1.277768,8.017505
28.670774,-81.824400,-251.000000,1.264369,7.986318
29.190774,-81.824400,-251.000000,1.251289,8.032247
29.710774,-81.824400,-251.000000,1.253497,8.001596
30.230774,-81.824400,-251.000000,1.220440,8.000065
30.750774,-81.824400,-251.000000,1.268163,8.174341
31.270774,-81.824400,-251.000000,1.242034,7.972945
31.790774,-81.824400,-251.000000,1.215662,8.007847
32.310774,-81.824400,-251.000000,1.242607,8.007867
32.830774,-81.824400,-251.000000,1.303820,8.039347
33.350774,-81.824400,-251.000000,1.246403,7.954617
33.870774,-81.824400,-251.000000,1.277590,8.015918
34.390774,-81.824400,-251.000000,1.269752,8.069138
34.910774,-81.824400,-251.000000,1.271369,8.108646
35.430774,-81.824400,-251.000000,1.320622,8.016552
35.950774,-81.824400,-251.000000,1.258013,8.014843
36.470774,-81.824400,-251.000000,1.244195,8.010395
36.990774,-81.824400,-251.000000,1.275103,8.029179
37.510774,-81.824400,-251.000000,1.313413,7.987883
38.030774,-81.824400,-251.000000,1.278953,8.093425
38.550774,-81.824400,-251.000000,1.242956,8.119848
39.070774,-81.824400,-251.000000,1.221191,8.030141
39.590774,-81.824400,-251.000000,1.261954,8.017942
40.110774,-81.824400,-251.000000,1.272387,7.975282
40.630774,-81.824400,-251.000000,1.233838,7.971045
41.150774,-81.824400,-251.000000,1.215863,8.005409
41.670774,-81.824400,-251.000000,1.259495,8.016221
42.190774,-81.824400,-251.000000,1.248118,8.033650
42.710774,-81.824400,-251.000000,1.293149,7.999760
43.230774,-81.824400,-251.000000,1.272662,8.072280
43.750774,-81.824400,-251.000000,1.223660,8.027205
44.270774,-81.824400,-251.000000,1.227602,7.997223
44.790774,-81.824400,-251.000000,1.292507,7.995039
45.310774,-81.824400,-251.000000,1.239960,7.972572
45.830774,-81.824400,-251.000000,1.234592,7.993100
46.350774,-81.824400,-251.000000,1.229377,7.991221
46.870774,-81.824400,-251.000000,1.229670,8.068292
47.390774,-81.824400,-251.000000,1.259792,8.049174
47.910774,-81.824400,-251.000000,1.271666,7.969645
48.430774,-81.824400,-251.000000,1.209975,7.995493
48.950774,-81.824400,-251.000000,1.245069,7.927290
49.470774,-81.824400,-251.000000,1.271046,7.999761
49.990774,-81.824400,-251.000000,1.272950,7.952528
50.510774,-81.824400,-251.000000,1.288382,8.091838
51.030774,-81.824400,-251.000000,1.269743,7.996957
51.550774,-81.824400,-251.000000,1.265182,8.104186
52.070774,-81.824400,-251.000000,1.257530,7.997421
52.590774,-81.824400,-251.000000,1.262573,8.133098
53.110774,-81.824400,-251.000000,1.252958,8.081699
53.630774,-81.824400,-251.000000,1.256745,7.988205
54.150774,-81.824400,-251.000000,1.269494,8.021950
54.670774,-81.824400,-251.000000,1.325288,8.041442
55.190774,-81.824400,-251.000000,1.253170,7.944270
55.710774,-81.824400,-251.000000,1.266773,7.927364
56.230774,-81.824400,-251.000000,1.325937,8.072144
56.750774,-81.824400,-251.000000,1.309577,7.962402
57.270774,-81.824400,-251.000000,1.220325,7.994195
57.790774,-81.824400,-251.000000,1.223362,7.935729
58.310774,-81.824400,-251.000000,1.211906,8.048464
58.830774,-81.824400,-251.000000,1.216109,8.046538
59.350774,-81.824400,-251.000000,1.228311,8.023210
59.870774,-81.824400,-251.000000,1.254167,7.995527
60.390774,-81.824400,-251.000000,1.244430,7.965583
60.910774,-81.824400,-251.000000,1.270065,7.980087
61.430774,-81.824400,-251.000000,1.295712,7.982903
61.950774,-81.824400,-251.000000,1.259409,7.900074
62.470774,-81.824400,-251.000000,1.241702,7.979755
62.990774,-81.824400,-251.000000,1.245157,7.904417
63.510774,-81.824400,-251.000000,1.267031,7.976230
64.030774,-81.824400,-251.000000,1.267950,8.051552
64.550774,-81.824400,-251.000000,1.289613,8.045994
65.070774,-81.824400,-251.000000,1.254508,8.026909
65.590774,-81.824400,-251.000000,1.258548,7.952692
66.110774,-81.824400,-251.000000,1.238333,8.014524
66.630774,-81.824400,-251.000000,1.227363,7.966327
67.150774,-81.824400,-251.000000,1.243301,7.988603
67.670774,-81.824400,-251.000000,1.249638,7.995199
68.190774,-81.824400,-251.000000,1.249329,7.973127
68.710774,-81.824400,-251.000000,1.222928,8.051242
69.230774,-81.824400,-251.000000,1.222005,8.017647
69.750774,-81.824400,-251.000000,1.215572,7.986856
70.270774,-81.824400,-251.000000,1.230973,8.020516
70.790774,-81.824400,-251.000000,1.215471,8.039870
71.310774,-81.824400,-251.000000,1.276235,8.026873
71.830774,-81.824400,-251.000000,1.237196,7.928521
72.350774,-81.824400,-251.000000,1.228190,7.961733
72.870774,-81.824400,-251.000000,1.221986,8.068762
73.390774,-81.824400,-251.000000,1.257017,8.052770
73.910774,-81.824400,-251.000000,1.241438,7.938774
74.430774,-81.824400,-251.000000,1.244028,8.036016
74.950774,-81.824400,-251.000000,1.236261,7.959870
75.470774,-81.824400,-251.000000,1.266166,8.026626
75.990774,-81.824400,-251.000000,1.260831,7.948345
74.430774,-81.304400,-251.000000,1.296462,8.066560
74.950774,-81.304400,-251.000000,1.309049,7.982754
75.470774,-81.304400,-251.000000,1.322208,8.059779
13.070774,-82.344400,-250.000000,1.244626,7.869768
13.590774,-82.344400,-250.000000,1.222233,7.886536
14.110774,-82.344400,-250.000000,1.218801,7.894877
14.630774,-82.344400,-250.000000,1.251015,7.915507
15.150774,-82.344400,-250.000000,1.269261,7.876487
15.670774,-82.344400,-250.000000,1.214525,7.967805
16.190774,-82.344400,-250.000000,1.259267,7.985180
16.710774,-82.344400,-250.000000,1.295064,7.962533
17.230774,-82.344400,-250.000000,1.253199,7.954778
17.750774,-82.344400,-250.000000,1.226154,7.951478
18.270774,-82.344400,-250.000000,1.224701,7.978747
18.790774,-82.344400,-250.000000,1.239175,7.980437
19.310774,-82.344400,-250.000000,1.227272,7.918215
19.830774,-82.344400,-250.000000,1.248342,8.008647
20.350774,-82.344400,-250.000000,1.241435,7.938488
20.870774,-82.344400,-250.000000,1.292864,8.043237
21.390774,-82.344400,-250.000000,1.259300,7.975735
21.910774,-82.344400,-250.000000,1.236712,7.978619
22.430774,-82.344400,-250.000000,1.244530,7.939336
22.950774,-82.344400,-250.000000,1.324764,7.991615
23.470774,-82.344400,-250.000000,1.294213,8.056475
23.990774,-82.344400,-250.000000,1.289208,7.977315
24.510774,-82.344400,-250.000000,1.262026,7.956298
25.030774,-82.344400,-250.000000,1.279806,8.002723
25.550774,-82.344400,-250.000000,1.250446,8.001939
26.070774,-82.344400,-250.000000,1.269353,7.954033
26.590774,-82.344400,-250.000000,1.275903,7.934579
27.110774,-82.344400,-250.000000,1.215885,7.977219
27.630774,-82.344400,-250.000000,1.222774,8.039588
28.150774,-82.344400,-250.000000,1.270757,8.024721
28.670774,-82.344400,-250.000000,1.267273,7.980987
29.190774,-82.344400,-250.000000,1.225194,7.964667
29.710774,-82.344400,-250.000000,1.273976,8.043798
30.230774,-82.344400,-250.000000,1.280344,8.024791
30.750774,-82.344400,-250.000000,1.317355,7.960073
31.270774,-82.344400,-250.000000,1.294045,8.006414
31.790774,-82.344400,-250.000000,1.209478,8.018035
32.310774,-82.344400,-250.000000,1.239502,8.028023
32.830774,-82.344400,-250.000000,1.334310,7.984050
33.350774,-82.344400,-250.000000,1.269640,7.959890
33.870774,-82.344400,-250.000000,1.247522,8.032678
34.390774,-82.344400,-250.000000,1.187842,7.941633
34.910774,-82.344400,-250.000000,1.217778,7.984594
35.430774,-82.344400,-250.000000,1.247616,8.001421
35.950774,-82.344400,-250.000000,1.257566,7.990422
36.470774,-82.344400,-250.000000,1.271277,8.079651
36.990774,-82.344400,-250.000000,1.249588,7.976492
37.510774,-82.344400,-250.000000,1.235287,8.008533
38.030774,-82.344400,-250.000000,1.297206,8.021425
38.550774,-82.344400,-250.000000,1.260120,8.070143
39.070774,-82.344400,-250.000000,1.238535,7.967765
39.590774,-82.344400,-250.000000,1.247003,8.009123
40.110774,-82.344400,-250.000000,1.280596,8.009890
40.630774,-82.344400,-250.000000,1.235063,8.070891
41.150774,-82.344400,-250.000000,1.251352,8.000651
41.670774,-82.344400,-250.000000,1.225953,8.024772
42.190774,-82.344400,-250.000000,1.256162,7.981152
42.710774,-82.344400,-250.000000,1.277778,8.013435
43.230774,-82.344400,-250.000000,1.255902,7.954758
43.750774,-82.344400,-250.000000,1.273401,7.994714
44.270774,-82.344400,-250.000000,1.243252,7.954478
44.790774,-82.344400,-250.000000,1.231090,8.071422
45.310774,-82.344400,-250.000000,1.230736,8.021388
45.830774,-82.344400,-250.000000,1.257066,7.969141
46.350774,-82.344400,-250.000000,1.298307,7.968095
46.870774,-82.344400,-250.000000,1.222523,8.034997
47.390774,-82.344400,-250.000000,1.274897,8.083118
47.910774,-82.344400,-250.000000,1.249176,8.045419
48.430774,-82.344400,-250.000000,1.209556,7.934471
48.950774,-82.344400,-250.000000,1.271057,8.049292
49.470774,-82.344400,-250.000000,1.243880,8.028893
49.990774,-82.344400,-250.000000,1.309548,8.030131
50.510774,-82.344400,-250.000000,1.282841,8.004431
51.030774,-82.344400,-250.000000,1.220341,7.970966
51.550774,-82.344400,-250.000000,1.257925,7.947961
52.070774,-82.344400,-250.000000,1.261147,7.911721
52.590774,-82.344400,-250.000000,1.249653,8.084839
53.110774,-82.344400,-250.000000,1.327813,7.979615
53.630774,-82.344400,-250.000000,1.279660,7.982519
54.150774,-82.344400,-250.000000,1.261068,7.943511
54.670774,-82.344400,-250.000000,1.240332,7.984053
55.190774,-82.344400,-250.000000,1.224173,7.963237
55.710774,-82.344400,-250.000000,1.287680,8.061425
56.230774,-82.344400,-250.000000,1.265077,7.979000
56.750774,-82.344400,-250.000000,1.251465,7.987565
57.270774,-82.344400,-250.000000,1.250674,7.940571
57.790774,-82.344400,-250.000000,1.282484,7.997328
58.310774,-82.344400,-250.000000,1.240918,7.960481
58.830774,-82.344400,-250.000000,1.260185,7.985586
59.350774,-82.344400,-250.000000,1.248096,7.961374
59.870774,-82.344400,-250.000000,1.205443,8.060580
60.390774,-82.344400,-250.000000,1.212959,7.907255
60.910774,-82.344400,-250.000000,1.254159,7.983491
61.430774,-82.344400,-250.000000,1.250792,7.988272
61.950774,-82.344400,-250.000000,1.291893,7.957844
62.470774,-82.344400,-250.000000,1.242959,7.988441
62.990774,-82.344400,-250.000000,1.219357,7.968482
63.510774,-82.344400,-250.000000,1.295056,8.059176
64.030774,-82.344400,-250.000000,1.230827,7.995571
64.550774,-82.344400,-250.000000,1.197239,8.030665
65.070774,-82.344400,-250.000000,1.203812,7.994212
65.590774,-82.344400,-250.000000,1.207595,7.922542
66.110774,-82.344400,-250.000000,1.239493,7.941454
66.630774,-82.344400,-250.000000,1.274814,7.977917
67.150774,-82.344400,-250.000000,1.230617,7.958292
67.670774,-82.344400,-250.000000,1.251360,7.989156
68.190774,-82.344400,-250.000000,1.309143,8.042016
68.710774,-82.344400,-250.000000,1.254792,8.002192
69.230774,-82.344400,-250.000000,1.262485,8.011914
69.750774,-82.344400,-250.000000,1.271269,8.033686
70.270774,-82.344400,-250.000000,1.234996,8.029906
70.790774,-82.344400,-250.000000,1.265787,8.014705
71.310774,-82.344400,-250.000000,1.267428,7.947610
71.830774,-82.344400,-250.000000,1.303938,7.950310
72.350774,-82.344400,-250.000000,1.298408,7.929507
72.870774,-82.344400,-250.000000,1.280845,8.087756
13.070774,-81.824400,-250.000000,1.215025,7.882822
13.590774,-81.824400,-250.000000,1.227698,7.928564
14.110774,-81.824400,-250.000000,1.228851,7.929290
14.630774,-81.824400,-250.000000,1.287950,7.931585
15.150774,-81.824400,-250.000000,1.206519,7.849472
15.670774,-81.824400,-250.000000,1.241647,7.972995
16.190774,-81.824400,-250.000000,1.259507,7.958743
16.710774,-81.824400,-250.000000,1.253520,7.956928
17.230774,-81.824400,-250.000000,1.282468,7.948596
17.750774,-81.824400,-250.000000,1.320866,7.968689
18.270774,-81.824400,-250.000000,1.210602,7.998682
18.790774,-81.824400,-250.000000,1.194420,7.966989
19.310774,-81.824400,-250.000000,1.220665,8.001252
19.830774,-81.824400,-250.000000,1.290563,8.072920
20.350774,-81.824400,-250.000000,1.260627,7.956652
20.870774,-81.824400,-250.000000,1.273718,8.049532
21.390774,-81.824400,-250.000000,1.267300,7.982366
21.910774,-81.824400,-250.000000,1.289949,7.989905
22.430774,-81.824400,-250.000000,1.232636,7.949067
22.950774,-81.824400,-250.000000,1.301117,8.040885
23.470774,-81.824400,-250.000000,1.280440,8.089813
23.990774,-81.824400,-250.000000,1.295654,7.997407
24.510774,-81.824400,-250.000000,1.293696,7.947131
25.030774,-81.824400,-250.000000,1.262040,7.975302
25.550774,-81.824400,-250.000000,1.237643,8.056662
26.070774,-81.824400,-250.000000,1.252145,7.975466
26.590774,-81.824400,-250.000000,1.244757,7.902276
27.110774,-81.824400,-250.000000,1.234030,7.980840
27.630774,-81.824400,-250.000000,1.238610,8.037431
28.150774,-81.824400,-250.000000,1.280334,8.028984
28.670774,-81.824400,-250.000000,1.275852,8.050173
29.190774,-81.824400,-250.000000,1.250299,7.943746
29.710774,-81.824400,-250.000000,1.271058,7.992968
30.230774,-81.824400,-250.000000,1.286612,8.046165
30.750774,-81.824400,-250.000000,1.267392,7.988153
31.270774,-81.824400,-250.000000,1.350559,8.009916
31.790774,-81.824400,-250.000000,1.233928,7.982446
32.310774,-81.824400,-250.000000,1.259183,8.044108
32.830774,-81.824400,-250.000000,1.316821,7.981932
33.350774,-81.824400,-250.000000,1.312911,8.000416
33.870774,-81.824400,-250.000000,1.281768,8.040325
34.390774,-81.824400,-250.000000,1.270126,7.954096
34.910774,-81.824400,-250.000000,1.255904,8.025482
35.430774,-81.824400,-250.000000,1.267615,8.000470
35.950774,-81.824400,-250.000000,1.266841,7.994223
36.470774,-81.824400,-250.000000,1.243581,8.125195
36.990774,-81.824400,-250.000000,1.268203,8.068377
37.510774,-81.824400,-250.000000,1.214960,7.949914
38.030774,-81.824400,-250.000000,1.272401,8.045558
38.550774,-81.824400,-250.000000,1.245101,8.064575
39.070774,-81.824400,-250.000000,1.241188,7.952984
39.590774,-81.824400,-250.000000,1.229579,7.983639
40.110774,-81.824400,-250.000000,1.302157,7.992627
40.630774,-81.824400,-250.000000,1.264179,8.088688
41.150774,-81.824400,-250.000000,1.238533,8.023487
41.670774,-81.824400,-250.000000,1.256090,8.027372
42.190774,-81.824400,-250.000000,1.265357,8.048825
42.710774,-81.824400,-250.000000,1.240534,8.009451
43.230774,-81.824400,-250.000000,1.255104,8.013205
43.750774,-81.824400,-250.000000,1.230334,8.031191
44.270774,-81.824400,-250.000000,1.269526,7.932470
44.790774,-81.824400,-250.000000,1.260754,8.027510
45.310774,-81.824400,-250.000000,1.220519,8.031341
45.830774,-81.824400,-250.000000,1.267534,7.983388
46.350774,-81.824400,-250.000000,1.268312,8.038999
46.870774,-81.824400,-250.000000,1.263851,8.030286
47.390774,-81.824400,-250.000000,1.246973,8.029345
47.910774,-81.824400,-250.000000,1.269276,8.034354
48.430774,-81.824400,-250.000000,1.229951,7.922394
48.950774,-81.824400,-250.000000,1.241296,8.047031
49.470774,-81.824400,-250.000000,1.313180,8.098489
49.990774,-81.824400,-250.000000,1.298450,8.003085
50.510774,-81.824400,-250.000000,1.277099,8.016738
51.030774,-81.824400,-250.000000,1.268306,7.966841
51.550774,-81.824400,-250.000000,1.277048,7.967842
52.070774,-81.824400,-250.000000,1.240023,7.974122
52.590774,-81.824400,-250.000000,1.237139,8.031569
53.110774,-81.824400,-250.000000,1.285912,7.974902
53.630774,-81.824400,-250.000000,1.282654,7.982383
54.150774,-81.824400,-250.000000,1.227456,7.955114
54.670774,-81.824400,-250.000000,1.236963,7.982203
55.190774,-81.824400,-250.000000,1.263958,7.993757
55.710774,-81.824400,-250.000000,1.265306,8.051379
56.230774,-81.824400,-250.000000,1.248416,7.992099
56.750774,-81.824400,-250.000000,1.256739,7.983288
57.270774,-81.824400,-250.000000,1.291756,7.982248
57.790774,-81.824400,-250.000000,1.242678,8.026175
58.310774,-81.824400,-250.000000,1.254718,8.013894
58.830774,-81.824400,-250.000000,1.262129,8.032613
59.350774,-81.824400,-250.000000,1.242131,7.968652
59.870774,-81.824400,-250.000000,1.205580,8.068455
60.390774,-81.824400,-250.000000,1.263338,7.970747
60.910774,-81.824400,-250.000000,1.252755,7.989902
61.430774,-81.824400,-250.000000,1.310605,8.001257
61.950774,-81.824400,-250.000000,1.297926,8.008454
62.470774,-81.824400,-250.000000,1.305514,7.980524
62.990774,-81.824400,-250.000000,1.294072,8.019805
63.510774,-81.824400,-250.000000,1.265568,8.046349
64.030774,-81.824400,-250.000000,1.243937,7.984472
64.550774,-81.824400,-250.000000,1.248744,8.051251
65.070774,-81.824400,-250.000000,1.244564,7.987123
65.590774,-81.824400,-250.000000,1.210214,7.961329
66.110774,-81.824400,-250.000000,1.238675,7.940757
66.630774,-81.824400,-250.000000,1.261431,7.975963
67.150774,-81.824400,-250.000000,1.263090,7.950964
67.670774,-81.824400,-250.000000,1.270203,7.975368
68.190774,-81.824400,-250.000000,1.318315,8.072501
68.710774,-81.824400,-250.000000,1.196183,8.011153
69.230774,-81.824400,-250.000000,1.253288,7.976880
69.750774,-81.824400,-250.000000,1.216083,8.042988
70.270774,-81.824400,-250.000000,1.246239,8.038090
70.790774,-81.824400,-250.000000,1.320790,8.043844
71.310774,-81.824400,-250.000000,1.274664,7.965545
71.830774,-81.824400,-250.000000,1.323485,7.918980
72.350774,-81.824400,-250.000000,1.271667,7.962414
72.870774,-81.824400,-250.000000,1.267250,8.096862
73.390774,-81.824400,-250.000000,1.312692,8.028513
73.910774,-81.824400,-250.000000,1.307558,7.998344
13.070774,-81.304400,-250.000000,1.239990,7.908658
71.830774,-81.304400,-250.000000,1.268148,7.945354
72.870774,-81.304400,-250.000000,1.267911,8.077844
13.070774,-82.344400,-249.000000,1.281217,7.879628
13.590774,-82.344400,-249.000000,1.255984,7.951481
14.110774,-82.344400,-249.000000,1.217548,7.873870
14.630774,-82.344400,-249.000000,1.311758,8.016066
15.150774,-82.344400,-249.000000,1.245517,8.054379
15.670774,-82.344400,-249.000000,1.244985,8.014304
16.190774,-82.344400,-249.000000,1.270286,7.998693
16.710774,-82.344400,-249.000000,1.275185,7.998174
17.230774,-82.344400,-249.000000,1.236076,7.939503
17.750774,-82.344400,-249.000000,1.250905,7.989640
18.270774,-82.344400,-249.000000,1.204134,8.034440
18.790774,-82.344400,-249.000000,1.225430,7.937501
19.310774,-82.344400,-249.000000,1.249038,8.008394
19.830774,-82.344400,-249.000000,1.222153,8.115500
20.350774,-82.344400,-249.000000,1.253174,7.965230
20.870774,-82.344400,-249.000000,1.264564,8.002205
21.390774,-82.344400,-249.000000,1.291967,8.020893
21.910774,-82.344400,-249.000000,1.243199,8.071129
22.430774,-82.344400,-249.000000,1.233881,7.964045
22.950774,-82.344400,-249.000000,1.240427,7.962107
23.470774,-82.344400,-249.000000,1.287358,7.956314
23.990774,-82.344400,-249.000000,1.238843,7.930201
24.510774,-82.344400,-249.000000,1.229547,8.001296
25.030774,-82.344400,-249.000000,1.253594,7.988652
25.550774,-82.344400,-249.000000,1.271135,7.976508
26.070774,-82.344400,-249.000000,1.264921,7.979484
26.590774,-82.344400,-249.000000,1.220247,7.967421
27.110774,-82.344400,-249.000000,1.270957,7.925786
27.630774,-82.344400,-249.000000,1.334580,7.962713
28.150774,-82.344400,-249.000000,1.233002,8.020206
28.670774,-82.344400,-249.000000,1.249371,8.029045
29.190774,-82.344400,-249.000000,1.260833,7.984921
29.710774,-82.344400,-249.000000,1.335140,7.974524
30.230774,-82.344400,-249.000000,1.304613,7.935756
30.750774,-82.344400,-249.000000,1.247553,8.098090
31.270774,-82.344400,-249.000000,1.266181,7.996885
31.790774,-82.344400,-249.000000,1.268910,7.992929
32.310774,-82.344400,-249.000000,1.250868,7.956586
32.830774,-82.344400,-249.000000,1.268836,7.952857
33.350774,-82.344400,-249.000000,1.266013,7.933561
33.870774,-82.344400,-249.000000,1.277877,7.925735
34.390774,-82.344400,-249.000000,1.262895,8.043969
34.910774,-82.344400,-249.000000,1.260620,7.969517
35.430774,-82.344400,-249.000000,1.230726,7.990435
35.950774,-82.344400,-249.000000,1.237488,7.950885
36.470774,-82.344400,-249.000000,1.317889,8.004930
36.990774,-82.344400,-249.000000,1.293034,8.011949
37.510774,-82.344400,-249.000000,1.229089,8.067439
38.030774,-82.344400,-249.000000,1.258284,8.051782
38.550774,-82.344400,-249.000000,1.288020,8.043896
39.070774,-82.344400,-249.000000,1.260628,8.008378
39.590774,-82.344400,-249.000000,1.243955,8.000217
40.110774,-82.344400,-249.000000,1.250786,8.008656
40.630774,-82.344400,-249.000000,1.221382,7.929004
41.150774,-82.344400,-249.000000,1.219073,7.947975
41.670774,-82.344400,-249.000000,1.204552,7.928598
42.190774,-82.344400,-249.000000,1.216410,8.000595
42.710774,-82.344400,-249.000000,1.223613,7.974226
43.230774,-82.344400,-249.000000,1.246831,7.964389
43.750774,-82.344400,-249.000000,1.278274,8.029909
44.270774,-82.344400,-249.000000,1.288304,7.988884
44.790774,-82.344400,-249.000000,1.223790,8.085883
45.310774,-82.344400,-249.000000,1.269332,7.962902
45.830774,-82.344400,-249.000000,1.233713,7.990325
46.350774,-82.344400,-249.000000,1.263397,7.952065
46.870774,-82.344400,-249.000000,1.213241,8.064501
47.390774,-82.344400,-249.000000,1.261559,8.048818
47.910774,-82.344400,-249.000000,1.278862,8.039455
48.430774,-82.344400,-249.000000,1.257987,8.075749
48.950774,-82.344400,-249.000000,1.252415,8.026290
49.470774,-82.344400,-249.000000,1.238443,8.008061
49.990774,-82.344400,-249.000000,1.244834,7.956318
50.510774,-82.344400,-249.000000,1.282541,8.008032
51.030774,-82.344400,-249.000000,1.291273,7.942277
51.550774,-82.344400,-249.000000,1.211056,7.959534
52.070774,-82.344400,-249.000000,1.228774,7.920800
52.590774,-82.344400,-249.000000,1.235399,8.052866
53.110774,-82.344400,-249.000000,1.259199,7.966002
53.630774,-82.344400,-249.000000,1.269781,8.060843
54.150774,-82.344400,-249.000000,1.253115,7.988085
54.670774,-82.344400,-249.000000,1.256276,7.985915
55.190774,-82.344400,-249.000000,1.235790,7.974872
55.710774,-82.344400,-249.000000,1.258753,8.001122
56.230774,-82.344400,-249.000000,1.233643,8.057868
56.750774,-82.344400,-249.000000,1.217348,7.990273
57.270774,-82.344400,-249.000000,1.258754,8.045694
57.790774,-82.344400,-249.000000,1.237793,8.010249
58.310774,-82.344400,-249.000000,1.232000,8.000051
58.830774,-82.344400,-249.000000,1.220553,8.017792
59.350774,-82.344400,-249.000000,1.293722,8.034971
59.870774,-82.344400,-249.000000,1.262466,7.981740
60.390774,-82.344400,-249.000000,1.217595,8.010979
60.910774,-82.344400,-249.000000,1.263396,7.989184
61.430774,-82.344400,-249.000000,1.350971,7.990623
61.950774,-82.344400,-249.000000,1.294049,7.957944
62.470774,-82.344400,-249.000000,1.263272,8.071895
62.990774,-82.344400,-249.000000,1.209234,7.971691
63.510774,-82.344400,-249.000000,1.302743,7.991560
64.030774,-82.344400,-249.000000,1.250481,8.037828
64.550774,-82.344400,-249.000000,1.218359,7.977006
65.070774,-82.344400,-249.000000,1.234339,7.941225
65.590774,-82.344400,-249.000000,1.230183,8.007311
66.110774,-82.344400,-249.000000,1.212588,8.021040
66.630774,-82.344400,-249.000000,1.252553,8.075690
67.150774,-82.344400,-249.000000,1.275435,8.021347
67.670774,-82.344400,-249.000000,1.259663,7.965481
68.190774,-82.344400,-249.000000,1.281320,7.991625
68.710774,-82.344400,-249.000000,1.212181,8.058524
69.230774,-82.344400,-249.000000,1.258497,7.981972
69.750774,-82.344400,-249.000000,1.282826,7.965375
70.270774,-82.344400,-249.000000,1.295112,7.997725
70.790774,-82.344400,-249.000000,1.314839,8.016649
13.070774,-81.824400,-249.000000,1.318238,7.909032
13.590774,-81.824400,-249.000000,1.237901,7.840911
14.110774,-81.824400,-249.000000,1.278827,7.891891
14.630774,-81.824400,-249.000000,1.321094,7.967768
15.150774,-81.824400,-249.000000,1.240641,7.921956
15.670774,-81.824400,-249.000000,1.265048,8.034380
16.190774,-81.824400,-249.000000,1.304235,7.948798
16.710774,-81.824400,-249.000000,1.199802,7.939473
17.230774,-81.824400,-249.000000,1.245577,7.911772
17.750774,-81.824400,-249.000000,1.212547,7.992260
18.270774,-81.824400,-249.000000,1.269287,8.104589
18.790774,-81.824400,-249.000000,1.270499,8.011425
19.310774,-81.824400,-249.000000,1.225935,7.994694
19.830774,-81.824400,-249.000000,1.252728,8.027455
20.350774,-81.824400,-249.000000,1.226340,8.114317
20.870774,-81.824400,-249.000000,1.240979,8.022392
21.390774,-81.824400,-249.000000,1.227108,8.003317
21.910774,-81.824400,-249.000000,1.266879,8.081141
22.430774,-81.824400,-249.000000,1.241484,7.987197
22.950774,-81.824400,-249.000000,1.247890,7.972419
23.470774,-81.824400,-249.000000,1.297832,7.970185
23.990774,-81.824400,-249.000000,1.267979,7.921762
24.510774,-81.824400,-249.000000,1.230528,7.987898
25.030774,-81.824400,-249.000000,1.236846,8.002657
25.550774,-81.824400,-249.000000,1.310686,8.109387
26.070774,-81.824400,-249.000000,1.263141,7.991669
26.590774,-81.824400,-249.000000,1.229617,7.994819
27.110774,-81.824400,-249.000000,1.252269,7.916677
27.630774,-81.824400,-249.000000,1.282204,7.935757
28.150774,-81.824400,-249.000000,1.257579,8.070313
28.670774,-81.824400,-249.000000,1.227157,8.015312
29.190774,-81.824400,-249.000000,1.270359,7.954322
29.710774,-81.824400,-249.000000,1.402930,8.024567
30.230774,-81.824400,-249.000000,1.271824,7.980214
30.750774,-81.824400,-249.000000,1.285727,8.120897
31.270774,-81.824400,-249.000000,1.225327,8.002507
31.790774,-81.824400,-249.000000,1.262807,7.992507
32.310774,-81.824400,-249.000000,1.229479,7.954114
32.830774,-81.824400,-249.000000,1.242043,7.947460
33.350774,-81.824400,-249.000000,1.277545,7.968996
33.870774,-81.824400,-249.000000,1.264288,7.934171
34.390774,-81.824400,-249.000000,1.287770,8.072911
34.910774,-81.824400,-249.000000,1.222123,7.964685
35.430774,-81.824400,-249.000000,1.229280,8.020935
35.950774,-81.824400,-249.000000,1.227366,7.983213
36.470774,-81.824400,-249.000000,1.270558,7.997319
36.990774,-81.824400,-249.000000,1.297470,8.018141
37.510774,-81.824400,-249.000000,1.306205,8.039638
38.030774,-81.824400,-249.000000,1.307114,8.013174
38.550774,-81.824400,-249.000000,1.296188,8.021585
39.070774,-81.824400,-249.000000,1.271301,8.018164
39.590774,-81.824400,-249.000000,1.292218,8.059020
40.110774,-81.824400,-249.000000,1.259034,8.028844
40.630774,-81.824400,-249.000000,1.235319,7.956828
41.150774,-81.824400,-249.000000,1.232026,8.006040
41.670774,-81.824400,-249.000000,1.235311,7.984438
42.190774,-81.824400,-249.000000,1.229677,7.992362
42.710774,-81.824400,-249.000000,1.284254,8.055645
43.230774,-81.824400,-249.000000,1.223498,7.997223
43.750774,-81.824400,-249.000000,1.230704,8.026445
44.270774,-81.824400,-249.000000,1.255181,7.997284
44.790774,-81.824400,-249.000000,1.254911,8.009109
45.310774,-81.824400,-249.000000,1.295737,7.990302
45.830774,-81.824400,-249.000000,1.221797,7.992114
46.350774,-81.824400,-249.000000,1.210810,7.908440
46.870774,-81.824400,-249.000000,1.234129,8.015696
47.390774,-81.824400,-249.000000,1.296192,8.035282
47.910774,-81.824400,-249.000000,1.277463,8.058578
48.430774,-81.824400,-249.000000,1.307275,8.114861
48.950774,-81.824400,-249.000000,1.254573,8.042942
49.470774,-81.824400,-249.000000,1.330402,8.006555
49.990774,-81.824400,-249.000000,1.274401,7.968024
50.510774,-81.824400,-249.000000,1.365152,8.041928
51.030774,-81.824400,-249.000000,1.318433,7.962222
51.550774,-81.824400,-249.000000,1.237330,7.975646
52.070774,-81.824400,-249.000000,1.222685,7.938955
52.590774,-81.824400,-249.000000,1.249697,8.029798
53.110774,-81.824400,-249.000000,1.248470,7.964008
53.630774,-81.824400,-249.000000,1.289311,8.075674
54.150774,-81.824400,-249.000000,1.255279,7.997762
54.670774,-81.824400,-249.000000,1.262145,7.982224
55.190774,-81.824400,-249.000000,1.254833,8.031998
55.710774,-81.824400,-249.000000,1.270256,8.071218
56.230774,-81.824400,-249.000000,1.239642,8.055324
56.750774,-81.824400,-249.000000,1.234591,8.018665
57.270774,-81.824400,-249.000000,1.235221,8.003219
57.790774,-81.824400,-249.000000,1.273861,8.026547
58.310774,-81.824400,-249.000000,1.270661,8.007772
58.830774,-81.824400,-249.000000,1.269729,7.981679
59.350774,-81.824400,-249.000000,1.297921,8.042608
59.870774,-81.824400,-249.000000,1.245333,7.942852
60.390774,-81.824400,-249.000000,1.228275,7.994697
60.910774,-81.824400,-249.000000,1.274124,7.986291
61.430774,-81.824400,-249.000000,1.252061,7.983925
61.950774,-81.824400,-249.000000,1.245762,7.910844
62.470774,-81.824400,-249.000000,1.294881,8.087784
62.990774,-81.824400,-249.000000,1.266992,7.997021
63.510774,-81.824400,-249.000000,1.238775,7.938691
64.030774,-81.824400,-249.000000,1.240424,8.102399
64.550774,-81.824400,-249.000000,1.225185,7.965503
65.070774,-81.824400,-249.000000,1.190662,7.926549
65.590774,-81.824400,-249.000000,1.245003,8.065676
66.110774,-81.824400,-249.000000,1.277585,8.055620
66.630774,-81.824400,-249.000000,1.209632,8.070464
67.150774,-81.824400,-249.000000,1.218325,7.974922
67.670774,-81.824400,-249.000000,1.241722,7.988168
68.190774,-81.824400,-249.000000,1.238299,7.977060
68.710774,-81.824400,-249.000000,1.291480,8.083753
69.230774,-81.824400,-249.000000,1.263195,7.938423
69.750774,-81.824400,-249.000000,1.254253,7.972685
70.270774,-81.824400,-249.000000,1.241810,7.997886
70.790774,-81.824400,-249.000000,1.278868,8.026266
71.310774,-81.824400,-249.000000,1.282660,8.060588
13.070774,-81.304400,-249.000000,1.305199,7.921690
69.750774,-81.304400,-249.000000,1.257194,8.027353
70.790774,-81.304400,-249.000000,1.263824,8.027651
13.070774,-82.344400,-248.000000,1.226366,7.830248
13.590774,-82.344400,-248.000000,1.228240,7.859953
14.110774,-82.344400,-248.000000,1.246542,7.838960
14.630774,-82.344400,-248.000000,1.304082,7.929313
15.150774,-82.344400,-248.000000,1.280037,7.885430
15.670774,-82.344400,-248.000000,1.336416,8.009471
16.190774,-82.344400,-248.000000,1.208369,7.989861
16.710774,-82.344400,-248.000000,1.207128,7.950560
17.230774,-82.344400,-248.000000,1.235790,8.061640
17.750774,-82.344400,-248.000000,1.221878,8.002802
18.270774,-82.344400,-248.000000,1.190392,7.970194
18.790774,-82.344400,-248.000000,1.232686,7.962481
19.310774,-82.344400,-248.000000,1.283837,7.979105
19.830774,-82.344400,-248.000000,1.290213,7.946015
20.350774,-82.344400,-248.000000,1.234657,7.912192
20.870774,-82.344400,-248.000000,1.233756,7.913486
21.390774,-82.344400,-248.000000,1.226771,8.023349
21.910774,-82.344400,-248.000000,1.278278,8.027274
22.430774,-82.344400,-248.000000,1.218803,7.971443
22.950774,-82.344400,-248.000000,1.202302,8.019206
23.470774,-82.344400,-248.000000,1.265223,8.026474
23.990774,-82.344400,-248.000000,1.248445,7.917940
24.510774,-82.344400,-248.000000,1.237843,8.007893
25.030774,-82.344400,-248.000000,1.217268,7.905584
25.550774,-82.344400,-248.000000,1.245234,8.103216
26.070774,-82.344400,-248.000000,1.230797,8.011398
26.590774,-82.344400,-248.000000,1.214082,8.018222
27.110774,-82.344400,-248.000000,1.257351,7.982451
27.630774,-82.344400,-248.000000,1.218418,7.959367
28.150774,-82.344400,-248.000000,1.255112,7.988411
28.670774,-82.344400,-248.000000,1.208175,7.991118
29.190774,-82.344400,-248.000000,1.267496,7.992451
29.710774,-82.344400,-248.000000,1.317950,7.977276
30.230774,-82.344400,-248.000000,1.246295,7.993925
30.750774,-82.344400,-248.000000,1.277242,8.006910
31.270774,-82.344400,-248.000000,1.236104,7.974969
31.790774,-82.344400,-248.000000,1.276603,8.059745
32.310774,-82.344400,-248.000000,1.267287,8.003576
32.830774,-82.344400,-248.000000,1.250743,8.098693
33.350774,-82.344400,-248.000000,1.285903,8.040479
33.870774,-82.344400,-248.000000,1.259443,8.019341
34.390774,-82.344400,-248.000000,1.266727,7.999620
34.910774,-82.344400,-248.000000,1.213545,7.985030
35.430774,-82.344400,-248.000000,1.198467,7.922742
35.950774,-82.344400,-248.000000,1.252914,8.017058
36.470774,-82.344400,-248.000000,1.264726,8.048156
36.990774,-82.344400,-248.000000,1.277805,8.036470
37.510774,-82.344400,-248.000000,1.227277,8.078361
38.030774,-82.344400,-248.000000,1.222907,8.015456
38.550774,-82.344400,-248.000000,1.236369,7.982580
39.070774,-82.344400,-248.000000,1.221552,7.939657
39.590774,-82.344400,-248.000000,1.299110,8.011744
40.110774,-82.344400,-248.000000,1.272753,7.951814
40.630774,-82.344400,-248.000000,1.254726,8.018175
41.150774,-82.344400,-248.000000,1.284252,7.947688
41.670774,-82.344400,-248.000000,1.217520,7.952258
42.190774,-82.344400,-248.000000,1.224952,8.001904
42.710774,-82.344400,-248.000000,1.243974,7.998095
43.230774,-82.344400,-248.000000,1.278159,8.018436
43.750774,-82.344400,-248.000000,1.234216,7.995403
44.270774,-82.344400,-248.000000,1.239178,7.969882
44.790774,-82.344400,-248.000000,1.233589,7.961172
45.310774,-82.344400,-248.000000,1.248075,8.059929
45.830774,-82.344400,-248.000000,1.231861,8.058435
46.350774,-82.344400,-248.000000,1.248698,8.003913
46.870774,-82.344400,-248.000000,1.305457,8.027038
47.390774,-82.344400,-248.000000,1.245035,7.987885
47.910774,-82.344400,-248.000000,1.196653,7.937539
48.430774,-82.344400,-248.000000,1.236511,7.981945
48.950774,-82.344400,-248.000000,1.254843,7.943464
49.470774,-82.344400,-248.000000,1.222863,7.964901
49.990774,-82.344400,-248.000000,1.265993,7.987731
50.510774,-82.344400,-248.000000,1.273070,8.002371
51.030774,-82.344400,-248.000000,1.346474,8.052030
51.550774,-82.344400,-248.000000,1.236604,7.984205
52.070774,-82.344400,-248.000000,1.252515,8.026200
52.590774,-82.344400,-248.000000,1.242455,8.011573
53.110774,-82.344400,-248.000000,1.254630,7.987810
53.630774,-82.344400,-248.000000,1.208785,8.008713
54.150774,-82.344400,-248.000000,1.221743,7.937771
54.670774,-82.344400,-248.000000,1.229558,7.957242
55.190774,-82.344400,-248.000000,1.295235,8.058630
55.710774,-82.344400,-248.000000,1.306070,8.020645
56.230774,-82.344400,-248.000000,1.240739,7.965479
56.750774,-82.344400,-248.000000,1.261644,7.957345
57.270774,-82.344400,-248.000000,1.291974,8.028248
57.790774,-82.344400,-248.000000,1.242587,7.952147
58.310774,-82.344400,-248.000000,1.268022,7.991731
58.830774,-82.344400,-248.000000,1.307780,8.046201
59.350774,-82.344400,-248.000000,1.265555,8.000948
59.870774,-82.344400,-248.000000,1.266435,7.973547
60.390774,-82.344400,-248.000000,1.269899,8.018157
60.910774,-82.344400,-248.000000,1.283761,7.954327
61.430774,-82.344400,-248.000000,1.292810,7.996016
61.950774,-82.344400,-248.000000,1.301061,7.945782
62.470774,-82.344400,-248.000000,1.253567,8.006547
62.990774,-82.344400,-248.000000,1.237772,7.964933
63.510774,-82.344400,-248.000000,1.228051,8.003368
64.030774,-82.344400,-248.000000,1.223389,7.966120
64.550774,-82.344400,-248.000000,1.232335,7.950294
65.070774,-82.344400,-248.000000,1.233709,7.944127
65.590774,-82.344400,-248.000000,1.252896,8.081511
66.110774,-82.344400,-248.000000,1.238319,7.965162
66.630774,-82.344400,-248.000000,1.260547,8.000942
67.150774,-82.344400,-248.000000,1.258954,8.064364
67.670774,-82.344400,-248.000000,1.242386,7.975737
68.190774,-82.344400,-248.000000,1.245533,7.995636
13.070774,-81.824400,-248.000000,1.249893,7.882961
13.590774,-81.824400,-248.000000,1.254026,7.894389
14.110774,-81.824400,-248.000000,1.239705,7.847917
14.630774,-81.824400,-248.000000,1.235543,7.944746
15.150774,-81.824400,-248.000000,1.289266,7.866086
15.670774,-81.824400,-248.000000,1.278004,8.047719
16.190774,-81.824400,-248.000000,1.228280,7.952746
16.710774,-81.824400,-248.000000,1.226950,7.963482
17.230774,-81.824400,-248.000000,1.299893,8.085538
17.750774,-81.824400,-248.000000,1.266548,7.990533
18.270774,-81.824400,-248.000000,1.254867,8.032096
18.790774,-81.824400,-248.000000,1.220627,7.985029
19.310774,-81.824400,-248.000000,1.255979,7.982937
19.830774,-81.824400,-248.000000,1.269586,7.964460
20.350774,-81.824400,-248.000000,1.219893,7.940141
20.870774,-81.824400,-248.000000,1.279387,7.950830
21.390774,-81.824400,-248.000000,1.266096,7.982674
21.910774,-81.824400,-248.000000,1.245320,7.985894
22.430774,-81.824400,-248.000000,1.221887,8.025976
22.950774,-81.824400,-248.000000,1.243725,8.059145
23.470774,-81.824400,-248.000000,1.309984,8.008764
23.990774,-81.824400,-248.000000,1.241417,7.932834
24.510774,-81.824400,-248.000000,1.238712,8.033713
25.030774,-81.824400,-248.000000,1.245626,7.926786
25.550774,-81.824400,-248.000000,1.236251,8.100074
26.070774,-81.824400,-248.000000,1.222968,8.007577
26.590774,-81.824400,-248.000000,1.246408,8.098304
27.110774,-81.824400,-248.000000,1.243642,7.989086
27.630774,-81.824400,-248.000000,1.205114,8.021602
28.150774,-81.824400,-248.000000,1.258635,8.007474
28.670774,-81.824400,-248.000000,1.252533,8.000644
29.190774,-81.824400,-248.000000,1.264246,7.996910
29.710774,-81.824400,-248.000000,1.248632,7.951032
30.230774,-81.824400,-248.000000,1.228201,8.002920
30.750774,-81.824400,-248.000000,1.267898,7.989247
31.270774,-81.824400,-248.000000,1.254708,8.030791
31.790774,-81.824400,-248.000000,1.272298,8.068112
32.310774,-81.824400,-248.000000,1.234987,8.009365
32.830774,-81.824400,-248.000000,1.245902,8.050717
33.350774,-81.824400,-248.000000,1.257687,8.073710
33.870774,-81.824400,-248.000000,1.233751,8.043569
34.390774,-81.824400,-248.000000,1.233541,8.004581
34.910774,-81.824400,-248.000000,1.249226,7.989213
35.430774,-81.824400,-248.000000,1.192363,7.918216
35.950774,-81.824400,-248.000000,1.240654,7.947256
36.470774,-81.824400,-248.000000,1.345410,8.059184
36.990774,-81.824400,-248.000000,1.251320,8.004763
37.510774,-81.824400,-248.000000,1.205465,8.049737
38.030774,-81.824400,-248.000000,1.204244,7.969095
38.550774,-81.824400,-248.000000,1.259256,7.978845
39.070774,-81.824400,-248.000000,1.206117,7.986531
39.590774,-81.824400,-248.000000,1.291805,8.022925
40.110774,-81.824400,-248.000000,1.256284,7.983923
40.630774,-81.824400,-248.000000,1.246231,7.990391
41.150774,-81.824400,-248.000000,1.306944,8.000183
41.670774,-81.824400,-248.000000,1.225925,7.955594
42.190774,-81.824400,-248.000000,1.247417,7.979946
42.710774,-81.824400,-248.000000,1.275618,8.000562
43.230774,-81.824400,-248.000000,1.214448,8.031701
43.750774,-81.824400,-248.000000,1.242047,7.973989
44.270774,-81.824400,-248.000000,1.290703,7.994517
44.790774,-81.824400,-248.000000,1.263883,7.966557
45.310774,-81.824400,-248.000000,1.216965,8.024988
45.830774,-81.824400,-248.000000,1.224168,8.112642
46.350774,-81.824400,-248.000000,1.256587,8.036152
46.870774,-81.824400,-248.000000,1.262893,8.022763
47.390774,-81.824400,-248.000000,1.250244,8.008444
47.910774,-81.824400,-248.000000,1.228786,8.013440
48.430774,-81.824400,-248.000000,1.238462,7.992527
48.950774,-81.824400,-248.000000,1.265462,7.963185
49.470774,-81.824400,-248.000000,1.275518,8.002713
49.990774,-81.824400,-248.000000,1.267319,8.018370
50.510774,-81.824400,-248.000000,1.289185,8.050556
51.030774,-81.824400,-248.000000,1.297012,7.998691
51.550774,-81.824400,-248.000000,1.232204,8.010796
52.070774,-81.824400,-248.000000,1.220234,7.996513
52.590774,-81.824400,-248.000000,1.266505,7.979719
53.110774,-81.824400,-248.000000,1.224712,7.943462
53.630774,-81.824400,-248.000000,1.246310,8.053880
54.150774,-81.824400,-248.000000,1.197464,7.944939
54.670774,-81.824400,-248.000000,1.229897,7.939617
55.190774,-81.824400,-248.000000,1.236274,8.010515
55.710774,-81.824400,-248.000000,1.237304,8.047650
56.230774,-81.824400,-248.000000,1.245398,8.005890
56.750774,-81.824400,-248.000000,1.269132,7.974485
57.270774,-81.824400,-248.000000,1.268045,7.958274
57.790774,-81.824400,-248.000000,1.276271,7.950805
58.310774,-81.824400,-248.000000,1.231348,7.921631
58.830774,-81.824400,-248.000000,1.291119,8.095666
59.350774,-81.824400,-248.000000,1.267876,8.002611
59.870774,-81.824400,-248.000000,1.302841,7.955390
60.390774,-81.824400,-248.000000,1.282958,8.001718
60.910774,-81.824400,-248.000000,1.255960,7.965580
61.430774,-81.824400,-248.000000,1.209502,7.984167
61.950774,-81.824400,-248.000000,1.289479,7.982462
62.470774,-81.824400,-248.000000,1.274466,8.015850
62.990774,-81.824400,-248.000000,1.220254,8.009676
63.510774,-81.824400,-248.000000,1.256895,8.028851
64.030774,-81.824400,-248.000000,1.253872,7.952628
64.550774,-81.824400,-248.000000,1.239527,7.959717
65.070774,-81.824400,-248.000000,1.244899,7.957136
65.590774,-81.824400,-248.000000,1.268970,8.053006
66.110774,-81.824400,-248.000000,1.239728,7.956538
66.630774,-81.824400,-248.000000,1.240535,7.996750
67.150774,-81.824400,-248.000000,1.304807,8.049356
67.670774,-81.824400,-248.000000,1.212818,8.024421
68.190774,-81.824400,-248.000000,1.227037,8.017659
68.710774,-81.824400,-248.000000,1.256329,8.011987
69.230774,-81.824400,-248.000000,1.249980,8.062879
13.070774,-81.304400,-248.000000,1.281347,7.871114
67.150774,-81.304400,-248.000000,1.277293,8.040844
68.190774,-81.304400,-248.000000,1.231241,8.029565
13.070774,-82.344400,-247.000000,1.209634,7.848955
13.590774,-82.344400,-247.000000,1.239375,7.885885
14.110774,-82.344400,-247.000000,1.196256,7.856352
14.630774,-82.344400,-247.000000,1.218062,7.867909
15.150774,-82.344400,-247.000000,1.260065,7.962582
15.670774,-82.344400,-247.000000,1.272651,8.036597
16.190774,-82.344400,-247.000000,1.201159,7.905546
16.710774,-82.344400,-247.000000,1.249018,8.026066
17.230774,-82.344400,-247.000000,1.273226,8.037379
17.750774,-82.344400,-247.000000,1.228091,7.993478
18.270774,-82.344400,-247.000000,1.229172,7.953820
18.790774,-82.344400,-247.000000,1.246944,7.984510
19.310774,-82.344400,-247.000000,1.269031,7.945801
19.830774,-82.344400,-247.000000,1.219123,7.974087
20.350774,-82.344400,-247.000000,1.254159,7.980464
20.870774,-82.344400,-247.000000,1.225522,7.978105
21.390774,-82.344400,-247.000000,1.252148,7.937688
21.910774,-82.344400,-247.000000,1.298422,7.963783
22.430774,-82.344400,-247.000000,1.245215,7.983608
22.950774,-82.344400,-247.000000,1.269782,7.966996
23.470774,-82.344400,-247.000000,1.287690,7.930482
23.990774,-82.344400,-247.000000,1.311624,7.953242
24.510774,-82.344400,-247.000000,1.288950,8.050376
25.030774,-82.344400,-247.000000,1.216107,7.982249
25.550774,-82.344400,-247.000000,1.225441,7.903862
26.070774,-82.344400,-247.000000,1.210364,8.026872
26.590774,-82.344400,-247.000000,1.190465,8.039397
27.110774,-82.344400,-247.000000,1.204308,7.925573
27.630774,-82.344400,-247.000000,1.261982,8.048468
28.150774,-82.344400,-247.000000,1.243957,8.031916
28.670774,-82.344400,-247.000000,1.228565,8.015287
29.190774,-82.344400,-247.000000,1.250039,7.944399
29.710774,-82.344400,-247.000000,1.223783,8.061127
30.230774,-82.344400,-247.000000,1.270533,7.942455
30.750774,-82.344400,-247.000000,1.223404,8.096185
31.270774,-82.344400,-247.000000,1.238949,8.010920
31.790774,-82.344400,-247.000000,1.203629,7.998935
32.310774,-82.344400,-247.000000,1.199882,7.945644
32.830774,-82.344400,-247.000000,1.202024,7.952403
33.350774,-82.344400,-247.000000,1.199169,7.946847
33.870774,-82.344400,-247.000000,1.238560,7.975578
34.390774,-82.344400,-247.000000,1.215457,7.914820
34.910774,-82.344400,-247.000000,1.201665,7.994361
35.430774,-82.344400,-247.000000,1.228803,7.979349
35.950774,-82.344400,-247.000000,1.265105,7.980549
36.470774,-82.344400,-247.000000,1.319769,7.942396
36.990774,-82.344400,-247.000000,1.285764,8.029436
37.510774,-82.344400,-247.000000,1.250091,7.981084
38.030774,-82.344400,-247.000000,1.286378,7.924225
38.550774,-82.344400,-247.000000,1.265408,7.949472
39.070774,-82.344400,-247.000000,1.281676,8.071020
39.590774,-82.344400,-247.000000,1.306816,8.007599
40.110774,-82.344400,-247.000000,1.292043,8.202232
40.630774,-82.344400,-247.000000,1.246723,8.008263
41.150774,-82.344400,-247.000000,1.260051,7.999218
41.670774,-82.344400,-247.000000,1.220536,7.941782
42.190774,-82.344400,-247.000000,1.219512,8.018531
42.710774,-82.344400,-247.000000,1.263465,7.973502
43.230774,-82.344400,-247.000000,1.237441,8.038879
43.750774,-82.344400,-247.000000,1.250572,8.100847
44.270774,-82.344400,-247.000000,1.244059,8.014293
44.790774,-82.344400,-247.000000,1.244078,7.994608
45.310774,-82.344400,-247.000000,1.244390,8.011670
45.830774,-82.344400,-247.000000,1.267590,7.971659
46.350774,-82.344400,-247.000000,1.250746,7.946030
46.870774,-82.344400,-247.000000,1.234403,7.975037
47.390774,-82.344400,-247.000000,1.306707,7.986523
47.910774,-82.344400,-247.000000,1.237322,7.913677
48.430774,-82.344400,-247.000000,1.231772,7.991023
48.950774,-82.344400,-247.000000,1.228521,7.982117
49.470774,-82.344400,-247.000000,1.242017,8.021255
49.990774,-82.344400,-247.000000,1.240119,8.074745
50.510774,-82.344400,-247.000000,1.232256,8.096788
51.030774,-82.344400,-247.000000,1.229201,7.951279
51.550774,-82.344400,-247.000000,1.224247,7.926565
52.070774,-82.344400,-247.000000,1.213466,7.962570
52.590774,-82.344400,-247.000000,1.289663,7.946754
53.110774,-82.344400,-247.000000,1.265055,7.996126
53.630774,-82.344400,-247.000000,1.277081,7.960923
54.150774,-82.344400,-247.000000,1.230214,7.962249
54.670774,-82.344400,-247.000000,1.240420,7.949681
55.190774,-82.344400,-247.000000,1.313210,8.004064
55.710774,-82.344400,-247.000000,1.200109,7.982427
56.230774,-82.344400,-247.000000,1.225765,8.059979
56.750774,-82.344400,-247.000000,1.257861,8.029868
57.270774,-82.344400,-247.000000,1.248117,7.940621
57.790774,-82.344400,-247.000000,1.246895,7.983874
58.310774,-82.344400,-247.000000,1.200788,7.911254
58.830774,-82.344400,-247.000000,1.221255,7.972330
59.350774,-82.344400,-247.000000,1.229483,7.926026
59.870774,-82.344400,-247.000000,1.243952,7.956411
60.390774,-82.344400,-247.000000,1.255196,7.960652
60.910774,-82.344400,-247.000000,1.307249,8.054359
61.430774,-82.344400,-247.000000,1.252199,7.993921
61.950774,-82.344400,-247.000000,1.265309,8.025337
62.470774,-82.344400,-247.000000,1.250019,7.918118
62.990774,-82.344400,-247.000000,1.278306,7.979098
63.510774,-82.344400,-247.000000,1.286295,8.031501
64.030774,-82.344400,-247.000000,1.226674,7.971200
64.550774,-82.344400,-247.000000,1.211898,7.937927
65.070774,-82.344400,-247.000000,1.224365,7.907753
65.590774,-82.344400,-247.000000,1.241024,8.063285
66.110774,-82.344400,-247.000000,1.237903,7.913961
13.070774,-81.824400,-247.000000,1.250758,7.823569
13.590774,-81.824400,-247.000000,1.221775,7.882849
14.110774,-81.824400,-247.000000,1.241330,7.893446
14.630774,-81.824400,-247.000000,1.291875,7.900393
15.150774,-81.824400,-247.000000,1.250371,7.930255
15.670774,-81.824400,-247.000000,1.273616,7.991877
16.190774,-81.824400,-247.000000,1.272579,7.927466
16.710774,-81.824400,-247.000000,1.276817,8.023154
17.230774,-81.824400,-247.000000,1.267075,8.022294
17.750774,-81.824400,-247.000000,1.211143,8.028222
18.270774,-81.824400,-247.000000,1.185638,7.951612
18.790774,-81.824400,-247.000000,1.211424,7.969625
19.310774,-81.824400,-247.000000,1.232480,7.912599
19.830774,-81.824400,-247.000000,1.245273,7.988899
20.350774,-81.824400,-247.000000,1.228645,7.968801
20.870774,-81.824400,-247.000000,1.254238,7.999663
21.390774,-81.824400,-247.000000,1.288607,7.977693
21.910774,-81.824400,-247.000000,1.251715,7.972127
22.430774,-81.824400,-247.000000,1.253272,7.988088
22.950774,-81.824400,-247.000000,1.267489,8.069010
23.470774,-81.824400,-247.000000,1.244199,7.922979
23.990774,-81.824400,-247.000000,1.287399,7.954904
24.510774,-81.824400,-247.000000,1.240672,8.038297
25.030774,-81.824400,-247.000000,1.231497,7.998816
25.550774,-81.824400,-247.000000,1.232466,7.887066
26.070774,-81.824400,-247.000000,1.227281,8.111136
26.590774,-81.824400,-247.000000,1.225606,7.990548
27.110774,-81.824400,-247.000000,1.250894,7.981213
27.630774,-81.824400,-247.000000,1.226511,8.049428
28.150774,-81.824400,-247.000000,1.237761,8.069103
28.670774,-81.824400,-247.000000,1.226299,7.994415
29.190774,-81.824400,-247.000000,1.257262,7.987004
29.710774,-81.824400,-247.000000,1.216545,8.066646
30.230774,-81.824400,-247.000000,1.239756,7.961401
30.750774,-81.824400,-247.000000,1.252062,8.081371
31.270774,-81.824400,-247.000000,1.243434,7.989563
31.790774,-81.824400,-247.000000,1.223251,8.021676
32.310774,-81.824400,-247.000000,1.243051,8.011429
32.830774,-81.824400,-247.000000,1.252253,8.089619
33.350774,-81.824400,-247.000000,1.283876,7.969658
33.870774,-81.824400,-247.000000,1.209360,8.009274
34.390774,-81.824400,-247.000000,1.245262,7.913623
34.910774,-81.824400,-247.000000,1.253899,8.000092
35.430774,-81.824400,-247.000000,1.254313,7.960657
35.950774,-81.824400,-247.000000,1.311517,8.001749
36.470774,-81.824400,-247.000000,1.288979,7.959494
36.990774,-81.824400,-247.000000,1.295931,8.002201
37.510774,-81.824400,-247.000000,1.262744,7.965317
38.030774,-81.824400,-247.000000,1.297675,7.970918
38.550774,-81.824400,-247.000000,1.315097,7.964137
39.070774,-81.824400,-247.000000,1.231996,8.093637
39.590774,-81.824400,-247.000000,1.280816,8.028995
40.110774,-81.824400,-247.000000,1.280868,8.091460
40.630774,-81.824400,-247.000000,1.252148,7.979020
41.150774,-81.824400,-247.000000,1.253101,7.983725
41.670774,-81.824400,-247.000000,1.267873,7.976056
42.190774,-81.824400,-247.000000,1.236924,7.980287
42.710774,-81.824400,-247.000000,1.216631,7.933945
43.230774,-81.824400,-247.000000,1.233873,8.015165
43.750774,-81.824400,-247.000000,1.223805,8.067133
44.270774,-81.824400,-247.000000,1.240309,8.018463
44.790774,-81.824400,-247.000000,1.224849,8.027838
45.310774,-81.824400,-247.000000,1.263124,8.023494
45.830774,-81.824400,-247.000000,1.217440,8.025216
46.350774,-81.824400,-247.000000,1.191530,7.951446
46.870774,-81.824400,-247.000000,1.234329,7.949604
47.390774,-81.824400,-247.000000,1.290661,8.023808
47.910774,-81.824400,-247.000000,1.245242,7.907664
48.430774,-81.824400,-247.000000,1.223499,7.973862
48.950774,-81.824400,-247.000000,1.220484,7.989065
49.470774,-81.824400,-247.000000,1.241211,8.014307
49.990774,-81.824400,-247.000000,1.259421,8.033966
50.510774,-81.824400,-247.000000,1.241052,8.021788
51.030774,-81.824400,-247.000000,1.281666,7.964784
51.550774,-81.824400,-247.000000,1.249910,7.906928
52.070774,-81.824400,-247.000000,1.221700,7.930308
52.590774,-81.824400,-247.000000,1.271935,7.961943
53.110774,-81.824400,-247.000000,1.265369,7.972864
53.630774,-81.824400,-247.000000,1.231876,7.953945
54.150774,-81.824400,-247.000000,1.254653,7.962249
54.670774,-81.824400,-247.000000,1.242991,8.018431
55.190774,-81.824400,-247.000000,1.274591,8.025846
55.710774,-81.824400,-247.000000,1.232834,7.991477
56.230774,-81.824400,-247.000000,1.270196,8.001747
56.750774,-81.824400,-247.000000,1.289544,7.951497
57.270774,-81.824400,-247.000000,1.280083,7.961061
57.790774,-81.824400,-247.000000,1.254884,7.978536
58.310774,-81.824400,-247.000000,1.236442,7.910510
58.830774,-81.824400,-247.000000,1.240642,7.953634
59.350774,-81.824400,-247.000000,1.232328,7.965365
59.870774,-81.824400,-247.000000,1.229478,7.934290
60.390774,-81.824400,-247.000000,1.255459,7.983650
60.910774,-81.824400,-247.000000,1.253117,8.027612
61.430774,-81.824400,-247.000000,1.310149,7.981988
61.950774,-81.824400,-247.000000,1.266408,8.030477
62.470774,-81.824400,-247.000000,1.254174,7.928382
62.990774,-81.824400,-247.000000,1.271281,7.985025
63.510774,-81.824400,-247.000000,1.250993,8.055825
64.030774,-81.824400,-247.000000,1.235512,7.953692
64.550774,-81.824400,-247.000000,1.248270,7.945551
65.070774,-81.824400,-247.000000,1.252242,7.948910
65.590774,-81.824400,-247.000000,1.211317,8.044849
66.110774,-81.824400,-247.000000,1.220082,7.907760
66.630774,-81.824400,-247.000000,1.236599,8.001136
67.150774,-81.824400,-247.000000,1.250709,7.984975
65.070774,-81.304400,-247.000000,1.261733,7.923698
66.110774,-81.304400,-247.000000,1.276747,7.899472
13.070774,-82.344400,-246.000000,1.219172,7.801004
13.590774,-82.344400,-246.000000,1.231557,7.897595
14.110774,-82.344400,-246.000000,1.257625,7.924970
14.630774,-82.344400,-246.000000,1.230105,7.908090
15.150774,-82.344400,-246.000000,1.186602,7.928040
15.670774,-82.344400,-246.000000,1.204715,7.887413
16.190774,-82.344400,-246.000000,1.198722,7.914670
16.710774,-82.344400,-246.000000,1.246749,8.003747
17.230774,-82.344400,-246.000000,1.237956,8.001577
17.750774,-82.344400,-246.000000,1.237744,7.995663
18.270774,-82.344400,-246.000000,1.230065,7.932123
18.790774,-82.344400,-246.000000,1.217830,7.927269
19.310774,-82.344400,-246.000000,1.216319,7.946743
19.830774,-82.344400,-246.000000,1.171666,8.013292
20.350774,-82.344400,-246.000000,1.235033,7.973095
20.870774,-82.344400,-246.000000,1.195450,7.947854
21.390774,-82.344400,-246.000000,1.264145,7.963083
21.910774,-82.344400,-246.000000,1.219736,7.918779
22.430774,-82.344400,-246.000000,1.265782,8.006943
22.950774,-82.344400,-246.000000,1.263258,7.983175
23.470774,-82.344400,-246.000000,1.203059,8.044003
23.990774,-82.344400,-246.000000,1.220940,7.938268
24.510774,-82.344400,-246.000000,1.234638,8.015722
25.030774,-82.344400,-246.000000,1.209767,8.013795
25.550774,-82.344400,-246.000000,1.234022,7.992521
26.070774,-82.344400,-246.000000,1.262310,8.008514
26.590774,-82.344400,-246.000000,1.260214,7.955549
27.110774,-82.344400,-246.000000,1.277017,7.948383
27.630774,-82.344400,-246.000000,1.239300,7.896832
28.150774,-82.344400,-246.000000,1.231994,7.997019
28.670774,-82.344400,-246.000000,1.275690,7.943702
29.190774,-82.344400,-246.000000,1.252061,7.962944
29.710774,-82.344400,-246.000000,1.237634,7.990370
30.230774,-82.344400,-246.000000,1.234795,8.032057
30.750774,-82.344400,-246.000000,1.246367,7.968189
31.270774,-82.344400,-246.000000,1.273675,7.882651
31.790774,-82.344400,-246.000000,1.218946,7.864531
32.310774,-82.344400,-246.000000,1.292339,7.946296
32.830774,-82.344400,-246.000000,1.262865,8.004170
33.350774,-82.344400,-246.000000,1.234028,7.948919
33.870774,-82.344400,-246.000000,1.321066,7.953535
34.390774,-82.344400,-246.000000,1.213024,8.028376
34.910774,-82.344400,-246.000000,1.215468,8.081772
35.430774,-82.344400,-246.000000,1.196873,7.987157
35.950774,-82.344400,-246.000000,1.245829,7.957108
36.470774,-82.344400,-246.000000,1.248509,8.024477
36.990774,-82.344400,-246.000000,1.297092,7.982157
37.510774,-82.344400,-246.000000,1.232969,7.953144
38.030774,-82.344400,-246.000000,1.318516,7.964694
38.550774,-82.344400,-246.000000,1.258899,7.975041
39.070774,-82.344400,-246.000000,1.247306,7.947600
39.590774,-82.344400,-246.000000,1.229179,8.056702
40.110774,-82.344400,-246.000000,1.205080,7.944627
40.630774,-82.344400,-246.000000,1.226567,7.905102
41.150774,-82.344400,-246.000000,1.249993,8.025763
41.670774,-82.344400,-246.000000,1.186729,7.915049
42.190774,-82.344400,-246.000000,1.219466,8.012838
42.710774,-82.344400,-246.000000,1.225925,8.015853
43.230774,-82.344400,-246.000000,1.199151,7.889750
43.750774,-82.344400,-246.000000,1.250057,7.959696
44.270774,-82.344400,-246.000000,1.265722,7.972125
44.790774,-82.344400,-246.000000,1.232530,7.930593
45.310774,-82.344400,-246.000000,1.247941,7.903735
45.830774,-82.344400,-246.000000,1.250867,7.954983
46.350774,-82.344400,-246.000000,1.214324,7.925466
46.870774,-82.344400,-246.000000,1.223753,7.940961
47.390774,-82.344400,-246.000000,1.202850,7.908535
47.910774,-82.344400,-246.000000,1.206314,7.964869
48.430774,-82.344400,-246.000000,1.229498,7.907765
48.950774,-82.344400,-246.000000,1.299473,8.001436
49.470774,-82.344400,-246.000000,1.258506,8.003632
49.990774,-82.344400,-246.000000,1.282258,8.126241
50.510774,-82.344400,-246.000000,1.284753,7.999184
51.030774,-82.344400,-246.000000,1.253782,7.924543
51.550774,-82.344400,-246.000000,1.248624,7.945905
52.070774,-82.344400,-246.000000,1.262886,7.942956
52.590774,-82.344400,-246.000000,1.271688,8.013696
53.110774,-82.344400,-246.000000,1.237763,8.030328
53.630774,-82.344400,-246.000000,1.245300,8.002392
54.150774,-82.344400,-246.000000,1.205392,7.966799
54.670774,-82.344400,-246.000000,1.225106,7.951802
55.190774,-82.344400,-246.000000,1.237347,8.009848
55.710774,-82.344400,-246.000000,1.296476,8.054111
56.230774,-82.344400,-246.000000,1.220752,8.056753
56.750774,-82.344400,-246.000000,1.285686,7.994511
57.270774,-82.344400,-246.000000,1.266026,8.036514
57.790774,-82.344400,-246.000000,1.220467,7.954357
58.310774,-82.344400,-246.000000,1.216182,8.076171
58.830774,-82.344400,-246.000000,1.212621,7.952633
59.350774,-82.344400,-246.000000,1.223622,7.971955
59.870774,-82.344400,-246.000000,1.227262,7.925599
60.390774,-82.344400,-246.000000,1.194766,7.960280
60.910774,-82.344400,-246.000000,1.245488,7.986200
61.430774,-82.344400,-246.000000,1.236714,7.987893
61.950774,-82.344400,-246.000000,1.184339,7.922631
62.470774,-82.344400,-246.000000,1.199114,7.994256
62.990774,-82.344400,-246.000000,1.277038,7.974750
63.510774,-82.344400,-246.000000,1.261361,7.958671
64.030774,-82.344400,-246.000000,1.306899,7.968313
13.070774,-81.824400,-246.000000,1.197292,7.822698
13.590774,-81.824400,-246.000000,1.215077,7.895725
14.110774,-81.824400,-246.000000,1.257957,7.959704
14.630774,-81.824400,-246.000000,1.245670,7.902930
15.150774,-81.824400,-246.000000,1.226418,7.939285
15.670774,-81.824400,-246.000000,1.248004,7.885980
16.190774,-81.824400,-246.000000,1.229400,7.925425
16.710774,-81.824400,-246.000000,1.212670,8.027490
17.230774,-81.824400,-246.000000,1.259640,7.957574
17.750774,-81.824400,-246.000000,1.287319,8.010794
18.270774,-81.824400,-246.000000,1.245830,7.970171
18.790774,-81.824400,-246.000000,1.248127,7.947528
19.310774,-81.824400,-246.000000,1.235702,7.954190
19.830774,-81.824400,-246.000000,1.192924,8.017709
20.350774,-81.824400,-246.000000,1.222630,7.937525
20.870774,-81.824400,-246.000000,1.196598,7.948586
21.390774,-81.824400,-246.000000,1.244066,8.010469
21.910774,-81.824400,-246.000000,1.210325,7.976872
22.430774,-81.824400,-246.000000,1.235696,7.979165
22.950774,-81.824400,-246.000000,1.283864,7.989879
23.470774,-81.824400,-246.000000,1.272229,7.925119
23.990774,-81.824400,-246.000000,1.285404,7.962475
24.510774,-81.824400,-246.000000,1.248937,8.058328
25.030774,-81.824400,-246.000000,1.249028,8.042336
25.550774,-81.824400,-246.000000,1.239873,8.011003
26.070774,-81.824400,-246.000000,1.222465,8.000828
26.590774,-81.824400,-246.000000,1.247922,7.979743
27.110774,-81.824400,-246.000000,1.318856,7.990693
27.630774,-81.824400,-246.000000,1.256149,7.903574
28.150774,-81.824400,-246.000000,1.237092,7.999125
28.670774,-81.824400,-246.000000,1.276121,7.971088
29.190774,-81.824400,-246.000000,1.258228,8.018977
29.710774,-81.824400,-246.000000,1.237326,7.991674
30.230774,-81.824400,-246.000000,1.267317,8.092182
30.750774,-81.824400,-246.000000,1.256616,7.959231
31.270774,-81.824400,-246.000000,1.213466,7.940058
31.790774,-81.824400,-246.000000,1.264674,7.876461
32.310774,-81.824400,-246.000000,1.277782,7.938111
32.830774,-81.824400,-246.000000,1.281847,8.030373
33.350774,-81.824400,-246.000000,1.229250,7.975843
33.870774,-81.824400,-246.000000,1.240614,7.937488
34.390774,-81.824400,-246.000000,1.241726,7.975132
34.910774,-81.824400,-246.000000,1.223004,8.042434
35.430774,-81.824400,-246.000000,1.263351,8.037939
35.950774,-81.824400,-246.000000,1.252434,8.073677
36.470774,-81.824400,-246.000000,1.242291,8.025874
36.990774,-81.824400,-246.000000,1.261730,7.979079
37.510774,-81.824400,-246.000000,1.214039,7.956338
38.030774,-81.824400,-246.000000,1.283756,7.963329
38.550774,-81.824400,-246.000000,1.298893,7.978445
39.070774,-81.824400,-246.000000,1.230951,7.977610
39.590774,-81.824400,-246.000000,1.215035,8.032512
40.110774,-81.824400,-246.000000,1.206483,7.923429
40.630774,-81.824400,-246.000000,1.263890,7.947842
41.150774,-81.824400,-246.000000,1.267021,8.059605
41.670774,-81.824400,-246.000000,1.208096,7.953998
42.190774,-81.824400,-246.000000,1.190019,7.983478
42.710774,-81.824400,-246.000000,1.194616,8.025776
43.230774,-81.824400,-246.000000,1.239218,7.902939
43.750774,-81.824400,-246.000000,1.241413,8.001845
44.270774,-81.824400,-246.000000,1.247931,7.978850
44.790774,-81.824400,-246.000000,1.283039,7.962472
45.310774,-81.824400,-246.000000,1.336981,7.947852
45.830774,-81.824400,-246.000000,1.311774,7.964535
46.350774,-81.824400,-246.000000,1.256506,7.931704
46.870774,-81.824400,-246.000000,1.219437,7.958806
47.390774,-81.824400,-246.000000,1.216734,7.932470
47.910774,-81.824400,-246.000000,1.237277,8.021454
48.430774,-81.824400,-246.000000,1.247755,7.914323
48.950774,-81.824400,-246.000000,1.245685,7.969660
49.470774,-81.824400,-246.000000,1.302138,8.018209
49.990774,-81.824400,-246.000000,1.268219,8.093670
50.510774,-81.824400,-246.000000,1.256724,8.010619
51.030774,-81.824400,-246.000000,1.281313,7.924862
51.550774,-81.824400,-246.000000,1.257164,7.965320
52.070774,-81.824400,-246.000000,1.219437,8.008286
52.590774,-81.824400,-246.000000,1.210316,7.970323
53.110774,-81.824400,-246.000000,1.269706,7.995450
53.630774,-81.824400,-246.000000,1.253091,7.989879
54.150774,-81.824400,-246.000000,1.251157,7.965736
54.670774,-81.824400,-246.000000,1.257419,7.948528
55.190774,-81.824400,-246.000000,1.286255,8.040235
55.710774,-81.824400,-246.000000,1.284033,8.046132
56.230774,-81.824400,-246.000000,1.212290,8.074634
56.750774,-81.824400,-246.000000,1.244031,7.976456
57.270774,-81.824400,-246.000000,1.225181,8.068053
57.790774,-81.824400,-246.000000,1.192514,8.005008
58.310774,-81.824400,-246.000000,1.216562,8.119911
58.830774,-81.824400,-246.000000,1.204668,7.943250
59.350774,-81.824400,-246.000000,1.225333,7.953456
59.870774,-81.824400,-246.000000,1.198524,7.915569
60.390774,-81.824400,-246.000000,1.194401,7.957559
60.910774,-81.824400,-246.000000,1.207977,8.003368
61.430774,-81.824400,-246.000000,1.245644,8.005940
61.950774,-81.824400,-246.000000,1.206811,7.959327
62.470774,-81.824400,-246.000000,1.269637,7.967948
62.990774,-81.824400,-246.000000,1.232134,7.958985
63.510774,-81.824400,-246.000000,1.241193,7.921099
64.030774,-81.824400,-246.000000,1.271000,7.940868
64.550774,-81.824400,-246.000000,1.212317,8.028508
13.070774,-81.304400,-246.000000,1.233888,7.849907
62.470774,-81.304400,-246.000000,1.273048,7.999748
13.070774,-82.344400,-245.000000,1.219333,7.871666
13.590774,-82.344400,-245.000000,1.242013,7.946750
14.110774,-82.344400,-245.000000,1.183963,7.855433
14.630774,-82.344400,-245.000000,1.190882,7.984770
15.150774,-82.344400,-245.000000,1.209764,7.862245
15.670774,-82.344400,-245.000000,1.233101,7.966067
16.190774,-82.344400,-245.000000,1.250879,7.974632
16.710774,-82.344400,-245.000000,1.192627,7.927320
17.230774,-82.344400,-245.000000,1.253811,7.975408
17.750774,-82.344400,-245.000000,1.233703,7.986270
18.270774,-82.344400,-245.000000,1.204802,7.990954
18.790774,-82.344400,-245.000000,1.180999,7.951974
19.310774,-82.344400,-245.000000,1.204910,7.934208
19.830774,-82.344400,-245.000000,1.208209,7.920397
20.350774,-82.344400,-245.000000,1.224700,7.882948
20.870774,-82.344400,-245.000000,1.262523,7.959748
21.390774,-82.344400,-245.000000,1.227435,7.892501
21.910774,-82.344400,-245.000000,1.213910,7.978642
22.430774,-82.344400,-245.000000,1.242081,7.938459
22.950774,-82.344400,-245.000000,1.243649,7.984534
23.470774,-82.344400,-245.000000,1.221768,7.952981
23.990774,-82.344400,-245.000000,1.274268,8.026723
24.510774,-82.344400,-245.000000,1.218303,7.977477
25.030774,-82.344400,-245.000000,1.196130,7.958947
25.550774,-82.344400,-245.000000,1.299761,7.971629
26.070774,-82.344400,-245.000000,1.209391,7.911874
26.590774,-82.344400,-245.000000,1.263385,7.959440
27.110774,-82.344400,-245.000000,1.286597,8.026772
27.630774,-82.344400,-245.000000,1.258402,7.940620
28.150774,-82.344400,-245.000000,1.234699,8.049294
28.670774,-82.344400,-245.000000,1.210562,7.953365
29.190774,-82.344400,-245.000000,1.227457,7.951076
29.710774,-82.344400,-245.000000,1.283736,7.976358
30.230774,-82.344400,-245.000000,1.264155,7.925634
30.750774,-82.344400,-245.000000,1.209239,7.977296
31.270774,-82.344400,-245.000000,1.207263,7.950907
31.790774,-82.344400,-245.000000,1.239913,7.960764
32.310774,-82.344400,-245.000000,1.260117,7.932248
32.830774,-82.344400,-245.000000,1.226827,7.972598
33.350774,-82.344400,-245.000000,1.211186,7.924529
33.870774,-82.344400,-245.000000,1.241515,7.948575
34.390774,-82.344400,-245.000000,1.196140,7.945905
34.910774,-82.344400,-245.000000,1.183467,7.945533
35.430774,-82.344400,-245.000000,1.175719,7.907037
35.950774,-82.344400,-245.000000,1.256116,8.061442
36.470774,-82.344400,-245.000000,1.282984,8.045616
36.990774,-82.344400,-245.000000,1.246397,8.004279
37.510774,-82.344400,-245.000000,1.183750,7.969487
38.030774,-82.344400,-245.000000,1.197611,8.197527
38.550774,-82.344400,-245.000000,1.244198,7.941806
39.070774,-82.344400,-245.000000,1.238720,7.997097
39.590774,-82.344400,-245.000000,1.221275,8.005275
40.110774,-82.344400,-245.000000,1.213513,7.935698
40.630774,-82.344400,-245.000000,1.217077,7.971759
41.150774,-82.344400,-245.000000,1.206695,7.957668
41.670774,-82.344400,-245.000000,1.231520,7.953690
42.190774,-82.344400,-245.000000,1.226900,7.948742
42.710774,-82.344400,-245.000000,1.221373,7.901227
43.230774,-82.344400,-245.000000,1.254830,7.981019
43.750774,-82.344400,-245.000000,1.239641,8.012744
44.270774,-82.344400,-245.000000,1.217122,8.057387
44.790774,-82.344400,-245.000000,1.273612,8.042759
45.310774,-82.344400,-245.000000,1.261769,7.954477
45.830774,-82.344400,-245.000000,1.260645,7.988616
46.350774,-82.344400,-245.000000,1.267322,7.939736
46.870774,-82.344400,-245.000000,1.210926,7.904314
47.390774,-82.344400,-245.000000,1.246516,7.942250
47.910774,-82.344400,-245.000000,1.243895,8.018825
48.430774,-82.344400,-245.000000,1.232197,7.983666
48.950774,-82.344400,-245.000000,1.264520,7.978316
49.470774,-82.344400,-245.000000,1.225907,8.007651
49.990774,-82.344400,-245.000000,1.259411,7.984156
50.510774,-82.344400,-245.000000,1.224473,7.948086
51.030774,-82.344400,-245.000000,1.186972,7.910421
51.550774,-82.344400,-245.000000,1.248818,7.980507
52.070774,-82.344400,-245.000000,1.263947,8.052851
52.590774,-82.344400,-245.000000,1.212996,8.006088
53.110774,-82.344400,-245.000000,1.240065,7.932294
53.630774,-82.344400,-245.000000,1.219854,7.899159
54.150774,-82.344400,-245.000000,1.214079,8.014877
54.670774,-82.344400,-245.000000,1.244552,7.989666
55.190774,-82.344400,-245.000000,1.225202,7.947525
55.710774,-82.344400,-245.000000,1.221366,8.002954
56.230774,-82.344400,-245.000000,1.231040,7.962262
56.750774,-82.344400,-245.000000,1.223950,7.981123
57.270774,-82.344400,-245.000000,1.247366,8.047808
57.790774,-82.344400,-245.000000,1.283276,7.954810
58.310774,-82.344400,-245.000000,1.205552,7.957151
58.830774,-82.344400,-245.000000,1.208167,7.948229
59.350774,-82.344400,-245.000000,1.193643,7.981622
59.870774,-82.344400,-245.000000,1.238887,7.942697
60.390774,-82.344400,-245.000000,1.226652,7.984822
60.910774,-82.344400,-245.000000,1.260972,7.956831
61.430774,-82.344400,-245.000000,1.286379,7.978237
13.070774,-81.824400,-245.000000,1.220848,7.935358
13.590774,-81.824400,-245.000000,1.223155,8.068902
14.110774,-81.824400,-245.000000,1.234367,7.862964
14.630774,-81.824400,-245.000000,1.253980,8.009294
15.150774,-81.824400,-245.000000,1.200560,7.861666
15.670774,-81.824400,-245.000000,1.218229,7.915373
16.190774,-81.824400,-245.000000,1.225151,8.015490
16.710774,-81.824400,-245.000000,1.239659,7.928853
17.230774,-81.824400,-245.000000,1.225918,7.946682
17.750774,-81.824400,-245.000000,1.242367,7.994887
18.270774,-81.824400,-245.000000,1.191965,7.960057
18.790774,-81.824400,-245.000000,1.183757,7.964210
19.310774,-81.824400,-245.000000,1.185783,7.918149
19.830774,-81.824400,-245.000000,1.224476,7.912628
20.350774,-81.824400,-245.000000,1.185346,7.911618
20.870774,-81.824400,-245.000000,1.235006,7.939928
21.390774,-81.824400,-245.000000,1.241525,7.895142
21.910774,-81.824400,-245.000000,1.251773,8.072361
22.430774,-81.824400,-245.000000,1.228489,7.939363
22.950774,-81.824400,-245.000000,1.251608,8.002486
23.470774,-81.824400,-245.000000,1.252155,7.967061
23.990774,-81.824400,-245.000000,1.231167,8.001842
24.510774,-81.824400,-245.000000,1.218876,7.972550
25.030774,-81.824400,-245.000000,1.247334,7.956953
25.550774,-81.824400,-245.000000,1.276326,8.012239
26.070774,-81.824400,-245.000000,1.211823,7.933045
26.590774,-81.824400,-245.000000,1.264493,7.924140
27.110774,-81.824400,-245.000000,1.257589,7.996819
27.630774,-81.824400,-245.000000,1.228285,7.926091
28.150774,-81.824400,-245.000000,1.274068,7.964021
28.670774,-81.824400,-245.000000,1.234067,7.927977
29.190774,-81.824400,-245.000000,1.261198,7.960691
29.710774,-81.824400,-245.000000,1.263704,8.026591
30.230774,-81.824400,-245.000000,1.261787,7.945978
30.750774,-81.824400,-245.000000,1.235672,8.004943
31.270774,-81.824400,-245.000000,1.212985,7.942543
31.790774,-81.824400,-245.000000,1.200347,7.970734
32.310774,-81.824400,-245.000000,1.240155,7.952897
32.830774,-81.824400,-245.000000,1.252580,7.962654
33.350774,-81.824400,-245.000000,1.225025,7.926135
33.870774,-81.824400,-245.000000,1.274573,7.950089
34.390774,-81.824400,-245.000000,1.216431,7.993616
34.910774,-81.824400,-245.000000,1.196082,7.971088
35.430774,-81.824400,-245.000000,1.228597,7.961878
35.950774,-81.824400,-245.000000,1.258316,8.052306
36.470774,-81.824400,-245.000000,1.272323,8.044181
36.990774,-81.824400,-245.000000,1.236770,7.983438
37.510774,-81.824400,-245.000000,1.229165,7.929877
38.030774,-81.824400,-245.000000,1.235699,8.009883
38.550774,-81.824400,-245.000000,1.277035,7.951147
39.070774,-81.824400,-245.000000,1.259478,8.009231
39.590774,-81.824400,-245.000000,1.212921,7.958036
40.110774,-81.824400,-245.000000,1.218037,7.999383
40.630774,-81.824400,-245.000000,1.236907,8.080073
41.150774,-81.824400,-245.000000,1.179544,7.973577
41.670774,-81.824400,-245.000000,1.263844,7.958036
42.190774,-81.824400,-245.000000,1.227756,7.959433
42.710774,-81.824400,-245.000000,1.238691,7.949738
43.230774,-81.824400,-245.000000,1.260416,7.974422
43.750774,-81.824400,-245.000000,1.333182,8.016499
44.270774,-81.824400,-245.000000,1.280770,8.064250
44.790774,-81.824400,-245.000000,1.310817,7.972806
45.310774,-81.824400,-245.000000,1.245550,7.996863
45.830774,-81.824400,-245.000000,1.254494,7.996031
46.350774,-81.824400,-245.000000,1.226622,7.945481
46.870774,-81.824400,-245.000000,1.279559,7.896156
47.390774,-81.824400,-245.000000,1.212722,7.916298
47.910774,-81.824400,-245.000000,1.266295,7.983295
48.430774,-81.824400,-245.000000,1.304320,8.000684
48.950774,-81.824400,-245.000000,1.259066,8.022873
49.470774,-81.824400,-245.000000,1.242061,7.990469
49.990774,-81.824400,-245.000000,1.259786,8.026693
50.510774,-81.824400,-245.000000,1.209394,7.938303
51.030774,-81.824400,-245.000000,1.222045,7.931973
51.550774,-81.824400,-245.000000,1.264345,8.034980
52.070774,-81.824400,-245.000000,1.242068,7.990693
52.590774,-81.824400,-245.000000,1.194023,7.947881
53.110774,-81.824400,-245.000000,1.219958,7.947160
53.630774,-81.824400,-245.000000,1.256361,7.930740
54.150774,-81.824400,-245.000000,1.236048,8.105004
54.670774,-81.824400,-245.000000,1.264880,8.051836
55.190774,-81.824400,-245.000000,1.267034,7.957424
55.710774,-81.824400,-245.000000,1.255933,8.014525
56.230774,-81.824400,-245.000000,1.261049,7.947598
56.750774,-81.824400,-245.000000,1.236895,7.974772
57.270774,-81.824400,-245.000000,1.232086,7.993062
57.790774,-81.824400,-245.000000,1.232019,7.985317
58.310774,-81.824400,-245.000000,1.195142,7.949598
58.830774,-81.824400,-245.000000,1.225032,7.954404
59.350774,-81.824400,-245.000000,1.267607,7.962036
59.870774,-81.824400,-245.000000,1.247616,7.955395
60.390774,-81.824400,-245.000000,1.233171,8.015270
60.910774,-81.824400,-245.000000,1.202692,8.030328
61.430774,-81.824400,-245.000000,1.261260,8.038076
61.950774,-81.824400,-245.000000,1.205896,8.056083
62.470774,-81.824400,-245.000000,1.226336,7.966807
13.070774,-81.304400,-245.000000,1.234884,7.951406
60.390774,-81.304400,-245.000000,1.233840,8.010485
61.430774,-81.304400,-245.000000,1.258550,8.103001
13.070774,-82.344400,-244.000000,1.244822,7.833735
13.590774,-82.344400,-244.000000,1.218751,7.901721
14.110774,-82.344400,-244.000000,1.173832,7.911535
14.630774,-82.344400,-244.000000,1.193117,7.895741
15.150774,-82.344400,-244.000000,1.233216,7.978003
15.670774,-82.344400,-244.000000,1.220991,7.927048
16.190774,-82.344400,-244.000000,1.233033,7.923164
16.710774,-82.344400,-244.000000,1.209273,7.983027
17.230774,-82.344400,-244.000000,1.280615,7.882812
17.750774,-82.344400,-244.000000,1.224283,7.889290
18.270774,-82.344400,-244.000000,1.228033,7.988860
18.790774,-82.344400,-244.000000,1.222445,7.990265
19.310774,-82.344400,-244.000000,1.210713,7.938198
19.830774,-82.344400,-244.000000,1.184622,7.918137
20.350774,-82.344400,-244.000000,1.232417,7.959451
20.870774,-82.344400,-244.000000,1.233668,7.964622
21.390774,-82.344400,-244.000000,1.199996,7.985066
21.910774,-82.344400,-244.000000,1.209488,7.983009
22.430774,-82.344400,-244.000000,1.199450,8.066064
22.950774,-82.344400,-244.000000,1.202348,8.034739
23.470774,-82.344400,-244.000000,1.205675,7.973546
23.990774,-82.344400,-244.000000,1.189197,7.921354
24.510774,-82.344400,-244.000000,1.181231,7.951471
25.030774,-82.344400,-244.000000,1.195114,8.024189
25.550774,-82.344400,-244.000000,1.216477,7.926185
26.070774,-82.344400,-244.000000,1.235351,7.987321
26.590774,-82.344400,-244.000000,1.285711,7.979001
27.110774,-82.344400,-244.000000,1.262851,7.899261
27.630774,-82.344400,-244.000000,1.244446,7.971084
28.150774,-82.344400,-244.000000,1.226965,7.965971
28.670774,-82.344400,-244.000000,1.243422,7.986482
29.190774,-82.344400,-244.000000,1.234451,7.891243
29.710774,-82.344400,-244.000000,1.237486,7.997808
30.230774,-82.344400,-244.000000,1.272530,8.018965
30.750774,-82.344400,-244.000000,1.296573,8.116415
31.270774,-82.344400,-244.000000,1.227464,7.996394
31.790774,-82.344400,-244.000000,1.207169,7.933385
32.310774,-82.344400,-244.000000,1.210836,7.934218
32.830774,-82.344400,-244.000000,1.246167,7.897817
33.350774,-82.344400,-244.000000,1.221293,7.955654
33.870774,-82.344400,-244.000000,1.246230,7.972788
34.390774,-82.344400,-244.000000,1.223127,7.912719
34.910774,-82.344400,-244.000000,1.211923,7.912522
35.430774,-82.344400,-244.000000,1.261148,7.977461
35.950774,-82.344400,-244.000000,1.229432,8.100673
36.470774,-82.344400,-244.000000,1.201158,8.040391
36.990774,-82.344400,-244.000000,1.253087,7.992403
37.510774,-82.344400,-244.000000,1.231473,7.952781
38.030774,-82.344400,-244.000000,1.229411,7.930598
38.550774,-82.344400,-244.000000,1.274231,7.954555
39.070774,-82.344400,-244.000000,1.241238,7.972302
39.590774,-82.344400,-244.000000,1.253908,7.943120
40.110774,-82.344400,-244.000000,1.255511,7.959530
40.630774,-82.344400,-244.000000,1.242044,7.959535
41.150774,-82.344400,-244.000000,1.226256,7.947104
41.670774,-82.344400,-244.000000,1.227111,7.885492
42.190774,-82.344400,-244.000000,1.240683,8.072188
42.710774,-82.344400,-244.000000,1.253262,7.999735
43.230774,-82.344400,-244.000000,1.255465,7.967189
43.750774,-82.344400,-244.000000,1.248001,7.974847
44.270774,-82.344400,-244.000000,1.259632,7.958577
44.790774,-82.344400,-244.000000,1.266516,7.976769
45.310774,-82.344400,-244.000000,1.271843,8.002990
45.830774,-82.344400,-244.000000,1.262448,7.937581
46.350774,-82.344400,-244.000000,1.278521,7.943521
46.870774,-82.344400,-244.000000,1.198985,7.943323
47.390774,-82.344400,-244.000000,1.196132,7.987336
47.910774,-82.344400,-244.000000,1.287601,7.913648
48.430774,-82.344400,-244.000000,1.318363,7.966007
48.950774,-82.344400,-244.000000,1.252066,8.043095
49.470774,-82.344400,-244.000000,1.246722,8.123864
49.990774,-82.344400,-244.000000,1.251367,7.993901
50.510774,-82.344400,-244.000000,1.253370,7.935572
51.030774,-82.344400,-244.000000,1.244720,7.971945
51.550774,-82.344400,-244.000000,1.225399,8.013461
52.070774,-82.344400,-244.000000,1.242514,8.065128
52.590774,-82.344400,-244.000000,1.209840,7.980107
53.110774,-82.344400,-244.000000,1.281865,7.912448
53.630774,-82.344400,-244.000000,1.330494,7.964764
54.150774,-82.344400,-244.000000,1.208479,7.962233
54.670774,-82.344400,-244.000000,1.198554,7.975454
55.190774,-82.344400,-244.000000,1.235449,7.917270
55.710774,-82.344400,-244.000000,1.209526,7.942065
56.230774,-82.344400,-244.000000,1.230599,7.926637
56.750774,-82.344400,-244.000000,1.223408,7.924351
57.270774,-82.344400,-244.000000,1.239262,7.957517
57.790774,-82.344400,-244.000000,1.192290,8.002284
58.310774,-82.344400,-244.000000,1.214836,7.985722
58.830774,-82.344400,-244.000000,1.261130,8.107224
59.350774,-82.344400,-244.000000,1.227726,7.946804
13.070774,-81.824400,-244.000000,1.195966,7.801235
13.590774,-81.824400,-244.000000,1.246282,7.945587
14.110774,-81.824400,-244.000000,1.198707,7.917407
14.630774,-81.824400,-244.000000,1.232340,7.980505
15.150774,-81.824400,-244.000000,1.240853,7.915318
15.670774,-81.824400,-244.000000,1.209563,7.981609
16.190774,-81.824400,-244.000000,1.233128,7.931838
16.710774,-81.824400,-244.000000,1.240518,7.979742
17.230774,-81.824400,-244.000000,1.250681,7.903944
17.750774,-81.824400,-244.000000,1.248707,7.902869
18.270774,-81.824400,-244.000000,1.212024,7.897017
18.790774,-81.824400,-244.000000,1.265403,8.036860
19.310774,-81.824400,-244.000000,1.209068,7.932892
19.830774,-81.824400,-244.000000,1.186529,7.930045
20.350774,-81.824400,-244.000000,1.201399,7.945605
20.870774,-81.824400,-244.000000,1.222556,7.949457
21.390774,-81.824400,-244.000000,1.215067,7.987204
21.910774,-81.824400,-244.000000,1.205163,7.954124
22.430774,-81.824400,-244.000000,1.188146,8.022182
22.950774,-81.824400,-244.000000,1.215921,8.055650
23.470774,-81.824400,-244.000000,1.195700,7.998760
23.990774,-81.824400,-244.000000,1.222370,7.959376
24.510774,-81.824400,-244.000000,1.210007,7.979180
25.030774,-81.824400,-244.000000,1.213245,8.030912
25.550774,-81.824400,-244.000000,1.271186,7.933846
26.070774,-81.824400,-244.000000,1.295525,8.043380
26.590774,-81.824400,-244.000000,1.279711,7.969462
27.110774,-81.824400,-244.000000,1.237579,7.926364
27.630774,-81.824400,-244.000000,1.245204,7.999987
28.150774,-81.824400,-244.000000,1.239123,7.968410
28.670774,-81.824400,-244.000000,1.220695,8.034270
29.190774,-81.824400,-244.000000,1.229028,7.898830
29.710774,-81.824400,-244.000000,1.249493,7.972174
30.230774,-81.824400,-244.000000,1.221090,8.077922
30.750774,-81.824400,-244.000000,1.249891,8.027885
31.270774,-81.824400,-244.000000,1.308756,7.961555
31.790774,-81.824400,-244.000000,1.221169,7.936807
32.310774,-81.824400,-244.000000,1.245425,7.932812
32.830774,-81.824400,-244.000000,1.260315,7.929177
33.350774,-81.824400,-244.000000,1.232708,7.996874
33.870774,-81.824400,-244.000000,1.279693,7.974346
34.390774,-81.824400,-244.000000,1.185377,7.995245
34.910774,-81.824400,-244.000000,1.224828,7.911092
35.430774,-81.824400,-244.000000,1.247274,7.952193
35.950774,-81.824400,-244.000000,1.225129,7.959555
36.470774,-81.824400,-244.000000,1.240485,8.021460
36.990774,-81.824400,-244.000000,1.247832,7.968318
37.510774,-81.824400,-244.000000,1.205253,7.959936
38.030774,-81.824400,-244.000000,1.191059,7.918972
38.550774,-81.824400,-244.000000,1.209709,7.990896
39.070774,-81.824400,-244.000000,1.234089,7.981352
39.590774,-81.824400,-244.000000,1.273953,7.958893
40.110774,-81.824400,-244.000000,1.219060,7.985962
40.630774,-81.824400,-244.000000,1.318362,7.940553
41.150774,-81.824400,-244.000000,1.245707,7.967101
41.670774,-81.824400,-244.000000,1.218851,7.902936
42.190774,-81.824400,-244.000000,1.249253,8.131107
42.710774,-81.824400,-244.000000,1.194899,7.969130
43.230774,-81.824400,-244.000000,1.248343,7.997017
43.750774,-81.824400,-244.000000,1.256427,8.000876
44.270774,-81.824400,-244.000000,1.281419,8.009057
44.790774,-81.824400,-244.000000,1.238894,7.958169
45.310774,-81.824400,-244.000000,1.273557,8.023998
45.830774,-81.824400,-244.000000,1.260096,7.981346
46.350774,-81.824400,-244.000000,1.267296,7.947495
46.870774,-81.824400,-244.000000,1.238199,7.959074
47.390774,-81.824400,-244.000000,1.231278,8.085129
47.910774,-81.824400,-244.000000,1.267400,7.990922
48.430774,-81.824400,-244.000000,1.329971,7.962746
48.950774,-81.824400,-244.000000,1.243439,8.062984
49.470774,-81.824400,-244.000000,1.244497,7.993823
49.990774,-81.824400,-244.000000,1.229071,8.034521
50.510774,-81.824400,-244.000000,1.223743,7.945929
51.030774,-81.824400,-244.000000,1.340660,7.998116
51.550774,-81.824400,-244.000000,1.257978,7.992881
52.070774,-81.824400,-244.000000,1.218997,7.971036
52.590774,-81.824400,-244.000000,1.186527,7.945826
53.110774,-81.824400,-244.000000,1.230143,7.974203
53.630774,-81.824400,-244.000000,1.332752,8.010036
54.150774,-81.824400,-244.000000,1.278752,8.015154
54.670774,-81.824400,-244.000000,1.225396,7.986468
55.190774,-81.824400,-244.000000,1.219840,7.892851
55.710774,-81.824400,-244.000000,1.248552,7.907898
56.230774,-81.824400,-244.000000,1.231828,8.022936
56.750774,-81.824400,-244.000000,1.208238,7.997910
57.270774,-81.824400,-244.000000,1.228663,8.006252
57.790774,-81.824400,-244.000000,1.233193,7.986938
58.310774,-81.824400,-244.000000,1.203782,7.985769
58.830774,-81.824400,-244.000000,1.194308,8.031445
59.350774,-81.824400,-244.000000,1.204111,7.948556
59.870774,-81.824400,-244.000000,1.236017,7.924422
57.790774,-81.304400,-244.000000,1.226131,7.972247
59.350774,-81.304400,-244.000000,1.201097,7.961716
13.070774,-82.344400,-243.000000,1.255535,7.828323
13.590774,-82.344400,-243.000000,1.232228,7.882942
14.110774,-82.344400,-243.000000,1.199523,7.807579
14.630774,-82.344400,-243.000000,1.220810,7.936589
15.150774,-82.344400,-243.000000,1.209050,7.856757
15.670774,-82.344400,-243.000000,1.200793,7.914742
16.190774,-82.344400,-243.000000,1.205823,7.978482
16.710774,-82.344400,-243.000000,1.222694,7.921028
17.230774,-82.344400,-243.000000,1.221977,7.899399
17.750774,-82.344400,-243.000000,1.217076,7.959030
18.270774,-82.344400,-243.000000,1.205312,7.941518
18.790774,-82.344400,-243.000000,1.271280,7.921337
19.310774,-82.344400,-243.000000,1.197934,7.956565
19.830774,-82.344400,-243.000000,1.197204,7.884993
20.350774,-82.344400,-243.000000,1.195745,8.033994
20.870774,-82.344400,-243.000000,1.225290,7.859694
21.390774,-82.344400,-243.000000,1.226176,7.983613
21.910774,-82.344400,-243.000000,1.240673,7.948370
22.430774,-82.344400,-243.000000,1.303055,7.946699
22.950774,-82.344400,-243.000000,1.208800,8.026656
23.470774,-82.344400,-243.000000,1.172406,7.923075
23.990774,-82.344400,-243.000000,1.220052,7.955400
24.510774,-82.344400,-243.000000,1.224309,7.881977
25.030774,-82.344400,-243.000000,1.246866,7.966902
25.550774,-82.344400,-243.000000,1.246529,7.909926
26.070774,-82.344400,-243.000000,1.279932,7.936338
26.590774,-82.344400,-243.000000,1.204638,7.934140
27.110774,-82.344400,-243.000000,1.233479,7.953071
27.630774,-82.344400,-243.000000,1.214372,7.912025
28.150774,-82.344400,-243.000000,1.203210,7.927051
28.670774,-82.344400,-243.000000,1.275990,7.918208
29.190774,-82.344400,-243.000000,1.290015,7.925380
29.710774,-82.344400,-243.000000,1.264737,7.938521
30.230774,-82.344400,-243.000000,1.266984,7.985021
30.750774,-82.344400,-243.000000,1.240594,7.993130
31.270774,-82.344400,-243.000000,1.234622,8.026418
31.790774,-82.344400,-243.000000,1.265509,7.926153
32.310774,-82.344400,-243.000000,1.219007,7.900997
32.830774,-82.344400,-243.000000,1.207979,7.944807
33.350774,-82.344400,-243.000000,1.246814,7.910532
33.870774,-82.344400,-243.000000,1.207315,7.920338
34.390774,-82.344400,-243.000000,1.247484,7.923181
34.910774,-82.344400,-243.000000,1.241968,7.952962
35.430774,-82.344400,-243.000000,1.210083,8.027735
35.950774,-82.344400,-243.000000,1.197725,7.919341
36.470774,-82.344400,-243.000000,1.216335,7.972510
36.990774,-82.344400,-243.000000,1.228023,7.956881
37.510774,-82.344400,-243.000000,1.216391,7.939332
38.030774,-82.344400,-243.000000,1.237307,7.967005
38.550774,-82.344400,-243.000000,1.246988,7.935783
39.070774,-82.344400,-243.000000,1.222286,7.945237
39.590774,-82.344400,-243.000000,1.238342,7.883434
40.110774,-82.344400,-243.000000,1.287663,7.914654
40.630774,-82.344400,-243.000000,1.237695,7.964451
41.150774,-82.344400,-243.000000,1.269417,8.023183
41.670774,-82.344400,-243.000000,1.218833,7.942976
42.190774,-82.344400,-243.000000,1.273204,8.025482
42.710774,-82.344400,-243.000000,1.224012,7.948422
43.230774,-82.344400,-243.000000,1.284299,7.935498
43.750774,-82.344400,-243.000000,1.265240,8.030355
44.270774,-82.344400,-243.000000,1.252576,7.988657
44.790774,-82.344400,-243.000000,1.258518,7.982908
45.310774,-82.344400,-243.000000,1.288025,7.997500
45.830774,-82.344400,-243.000000,1.192721,7.981508
46.350774,-82.344400,-243.000000,1.215760,7.964382
46.870774,-82.344400,-243.000000,1.206300,7.881965
47.390774,-82.344400,-243.000000,1.281359,7.906991
47.910774,-82.344400,-243.000000,1.193650,7.824981
48.430774,-82.344400,-243.000000,1.194626,7.947729
48.950774,-82.344400,-243.000000,1.211970,7.938947
49.470774,-82.344400,-243.000000,1.226204,7.942950
49.990774,-82.344400,-243.000000,1.224187,7.957854
50.510774,-82.344400,-243.000000,1.272983,8.009434
51.030774,-82.344400,-243.000000,1.306736,7.888254
51.550774,-82.344400,-243.000000,1.292953,7.957978
52.070774,-82.344400,-243.000000,1.251888,7.919368
52.590774,-82.344400,-243.000000,1.243275,7.952260
53.110774,-82.344400,-243.000000,1.231972,7.946763
53.630774,-82.344400,-243.000000,1.251360,7.911031
54.150774,-82.344400,-243.000000,1.253594,7.940619
54.670774,-82.344400,-243.000000,1.265910,7.952694
55.190774,-82.344400,-243.000000,1.295777,7.998072
55.710774,-82.344400,-243.000000,1.228453,7.966952
56.230774,-82.344400,-243.000000,1.196107,7.953439
56.750774,-82.344400,-243.000000,1.248393,7.949356
13.070774,-81.824400,-243.000000,1.205006,7.804255
13.590774,-81.824400,-243.000000,1.256135,7.931575
14.110774,-81.824400,-243.000000,1.197444,7.860406
14.630774,-81.824400,-243.000000,1.228615,7.886729
15.150774,-81.824400,-243.000000,1.187667,7.902864
15.670774,-81.824400,-243.000000,1.205900,7.916511
16.190774,-81.824400,-243.000000,1.228666,8.068986
16.710774,-81.824400,-243.000000,1.219760,7.928134
17.230774,-81.824400,-243.000000,1.196616,7.911829
17.750774,-81.824400,-243.000000,1.210560,7.960822
18.270774,-81.824400,-243.000000,1.225567,7.972338
18.790774,-81.824400,-243.000000,1.264950,7.940098
19.310774,-81.824400,-243.000000,1.218414,8.005817
19.830774,-81.824400,-243.000000,1.237476,7.937092
20.350774,-81.824400,-243.000000,1.206727,7.993207
20.870774,-81.824400,-243.000000,1.242929,7.898207
21.390774,-81.824400,-243.000000,1.252020,8.062988
21.910774,-81.824400,-243.000000,1.239418,7.968547
22.430774,-81.824400,-243.000000,1.270689,7.991445
22.950774,-81.824400,-243.000000,1.237831,7.970492
23.470774,-81.824400,-243.000000,1.227867,7.973428
23.990774,-81.824400,-243.000000,1.226508,7.949666
24.510774,-81.824400,-243.000000,1.200594,7.925616
25.030774,-81.824400,-243.000000,1.274688,7.967700
25.550774,-81.824400,-243.000000,1.208957,7.926071
26.070774,-81.824400,-243.000000,1.289687,7.978329
26.590774,-81.824400,-243.000000,1.202281,7.953935
27.110774,-81.824400,-243.000000,1.212776,7.972598
27.630774,-81.824400,-243.000000,1.249852,7.944038
28.150774,-81.824400,-243.000000,1.229610,7.936919
28.670774,-81.824400,-243.000000,1.285801,7.904494
29.190774,-81.824400,-243.000000,1.237774,7.919715
29.710774,-81.824400,-243.000000,1.245339,7.989017
30.230774,-81.824400,-243.000000,1.209659,7.944376
30.750774,-81.824400,-243.000000,1.222092,7.949211
31.270774,-81.824400,-243.000000,1.234025,7.981714
31.790774,-81.824400,-243.000000,1.244112,7.921613
32.310774,-81.824400,-243.000000,1.264968,7.896403
32.830774,-81.824400,-243.000000,1.243214,7.924740
33.350774,-81.824400,-243.000000,1.205986,7.891606
33.870774,-81.824400,-243.000000,1.185593,7.934164
34.390774,-81.824400,-243.000000,1.238253,7.962159
34.910774,-81.824400,-243.000000,1.232587,7.956696
35.430774,-81.824400,-243.000000,1.245499,8.026364
35.950774,-81.824400,-243.000000,1.229962,7.909789
36.470774,-81.824400,-243.000000,1.206493,7.980305
36.990774,-81.824400,-243.000000,1.203053,7.950855
37.510774,-81.824400,-243.000000,1.245256,7.947872
38.030774,-81.824400,-243.000000,1.198066,7.973017
38.550774,-81.824400,-243.000000,1.222461,7.927343
39.070774,-81.824400,-243.000000,1.289243,7.983095
39.590774,-81.824400,-243.000000,1.210343,7.920600
40.110774,-81.824400,-243.000000,1.287257,7.950828
40.630774,-81.824400,-243.000000,1.253201,7.980203
41.150774,-81.824400,-243.000000,1.256078,8.037149
41.670774,-81.824400,-243.000000,1.239658,7.924845
42.190774,-81.824400,-243.000000,1.255884,8.053311
42.710774,-81.824400,-243.000000,1.247361,7.972510
43.230774,-81.824400,-243.000000,1.279351,7.933790
43.750774,-81.824400,-243.000000,1.227486,7.988005
44.270774,-81.824400,-243.000000,1.235178,7.993844
44.790774,-81.824400,-243.000000,1.285451,7.962648
45.310774,-81.824400,-243.000000,1.230703,8.025431
45.830774,-81.824400,-243.000000,1.255297,8.006428
46.350774,-81.824400,-243.000000,1.225031,7.913970
46.870774,-81.824400,-243.000000,1.185056,7.893234
47.390774,-81.824400,-243.000000,1.208404,7.910976
47.910774,-81.824400,-243.000000,1.221324,7.864016
48.430774,-81.824400,-243.000000,1.261332,7.936457
48.950774,-81.824400,-243.000000,1.210128,7.993873
49.470774,-81.824400,-243.000000,1.286410,8.004546
49.990774,-81.824400,-243.000000,1.320032,7.945811
50.510774,-81.824400,-243.000000,1.313328,8.001235
51.030774,-81.824400,-243.000000,1.299280,7.930878
51.550774,-81.824400,-243.000000,1.265132,7.966197
52.070774,-81.824400,-243.000000,1.267703,7.936408
52.590774,-81.824400,-243.000000,1.234641,7.969088
53.110774,-81.824400,-243.000000,1.256711,8.024320
53.630774,-81.824400,-243.000000,1.294450,7.944456
54.150774,-81.824400,-243.000000,1.257921,7.959850
54.670774,-81.824400,-243.000000,1.250745,7.960136
55.190774,-81.824400,-243.000000,1.225077,7.990330
55.710774,-81.824400,-243.000000,1.198035,7.965902
56.230774,-81.824400,-243.000000,1.187468,7.946923
56.750774,-81.824400,-243.000000,1.243702,7.940826
57.270774,-81.824400,-243.000000,1.274321,7.939105
57.790774,-81.824400,-243.000000,1.206266,7.941475
13.070774,-81.304400,-243.000000,1.205350,7.804156
55.710774,-81.304400,-243.000000,1.237768,7.969191
56.750774,-81.304400,-243.000000,1.264883,7.938427
13.070774,-82.344400,-242.000000,1.209643,7.803711
13.590774,-82.344400,-242.000000,1.208212,7.832245
14.110774,-82.344400,-242.000000,1.199840,7.893263
14.630774,-82.344400,-242.000000,1.203768,7.991955
15.150774,-82.344400,-242.000000,1.193983,7.835483
15.670774,-82.344400,-242.000000,1.205449,7.880899
16.190774,-82.344400,-242.000000,1.190605,7.920103
16.710774,-82.344400,-242.000000,1.210946,7.935263
17.230774,-82.344400,-242.000000,1.218427,7.908039
17.750774,-82.344400,-242.000000,1.223979,7.878318
18.270774,-82.344400,-242.000000,1.225297,7.988630
18.790774,-82.344400,-242.000000,1.203915,7.966169
19.310774,-82.344400,-242.000000,1.192966,7.911479
19.830774,-82.344400,-242.000000,1.186995,7.900350
20.350774,-82.344400,-242.000000,1.181767,7.885172
20.870774,-82.344400,-242.000000,1.213910,7.899861
21.390774,-82.344400,-242.000000,1.215319,7.922458
21.910774,-82.344400,-242.000000,1.252816,7.879159
22.430774,-82.344400,-242.000000,1.219348,7.976017
22.950774,-82.344400,-242.000000,1.246626,7.934337
23.470774,-82.344400,-242.000000,1.199483,7.971578
23.990774,-82.344400,-242.000000,1.201319,7.981057
24.510774,-82.344400,-242.000000,1.201208,7.949674
25.030774,-82.344400,-242.000000,1.223500,7.979726
25.550774,-82.344400,-242.000000,1.274014,8.007275
26.070774,-82.344400,-242.000000,1.221535,7.938271
26.590774,-82.344400,-242.000000,1.196839,7.947358
27.110774,-82.344400,-242.000000,1.205163,7.902929
27.630774,-82.344400,-242.000000,1.256351,7.955152
28.150774,-82.344400,-242.000000,1.180219,7.917061
28.670774,-82.344400,-242.000000,1.245821,7.922618
29.190774,-82.344400,-242.000000,1.258314,7.982060
29.710774,-82.344400,-242.000000,1.249316,7.924446
30.230774,-82.344400,-242.000000,1.228154,7.968662
30.750774,-82.344400,-242.000000,1.255616,7.866872
31.270774,-82.344400,-242.000000,1.196327,7.876875
31.790774,-82.344400,-242.000000,1.205355,8.001760
32.310774,-82.344400,-242.000000,1.191655,7.926839
32.830774,-82.344400,-242.000000,1.227668,7.897766
33.350774,-82.344400,-242.000000,1.205286,7.890263
33.870774,-82.344400,-242.000000,1.250503,7.908505
34.390774,-82.344400,-242.000000,1.216377,7.902823
34.910774,-82.344400,-242.000000,1.196734,7.914439
35.430774,-82.344400,-242.000000,1.215906,7.964877
35.950774,-82.344400,-242.000000,1.257149,8.001765
36.470774,-82.344400,-242.000000,1.261920,7.982306
36.990774,-82.344400,-242.000000,1.292309,8.001210
37.510774,-82.344400,-242.000000,1.179825,7.984122
38.030774,-82.344400,-242.000000,1.192792,7.939631
38.550774,-82.344400,-242.000000,1.209618,7.930382
39.070774,-82.344400,-242.000000,1.227224,7.970813
39.590774,-82.344400,-242.000000,1.181031,7.870879
40.110774,-82.344400,-242.000000,1.206417,7.848952
40.630774,-82.344400,-242.000000,1.188423,7.973347
41.150774,-82.344400,-242.000000,1.253832,7.949560
41.670774,-82.344400,-242.000000,1.189180,7.943668
42.190774,-82.344400,-242.000000,1.190869,8.030613
42.710774,-82.344400,-242.000000,1.201645,7.921974
43.230774,-82.344400,-242.000000,1.229679,7.879653
43.750774,-82.344400,-242.000000,1.232511,7.938352
44.270774,-82.344400,-242.000000,1.220699,7.922310
44.790774,-82.344400,-242.000000,1.258237,7.975963
45.310774,-82.344400,-242.000000,1.229072,7.899384
45.830774,-82.344400,-242.000000,1.192311,7.915000
46.350774,-82.344400,-242.000000,1.261863,7.990541
46.870774,-82.344400,-242.000000,1.259097,7.926293
47.390774,-82.344400,-242.000000,1.216824,7.915317
47.910774,-82.344400,-242.000000,1.247545,7.952734
48.430774,-82.344400,-242.000000,1.206927,7.935107
48.950774,-82.344400,-242.000000,1.196237,7.946311
49.470774,-82.344400,-242.000000,1.193952,7.957941
49.990774,-82.344400,-242.000000,1.196754,7.892940
50.510774,-82.344400,-242.000000,1.246594,7.991816
51.030774,-82.344400,-242.000000,1.283061,8.051773
51.550774,-82.344400,-242.000000,1.315989,7.966949
52.070774,-82.344400,-242.000000,1.229124,7.895942
52.590774,-82.344400,-242.000000,1.230177,7.953705
53.110774,-82.344400,-242.000000,1.181796,7.910362
53.630774,-82.344400,-242.000000,1.210812,7.918922
54.150774,-82.344400,-242.000000,1.207926,7.977022
54.670774,-82.344400,-242.000000,1.229813,7.938997
13.070774,-81.824400,-242.000000,1.208471,7.832838
13.590774,-81.824400,-242.000000,1.198979,7.877100
14.110774,-81.824400,-242.000000,1.190237,7.910437
14.630774,-81.824400,-242.000000,1.190357,7.890246
15.150774,-81.824400,-242.000000,1.241735,7.841225
15.670774,-81.824400,-242.000000,1.207417,7.925527
16.190774,-81.824400,-242.000000,1.221321,7.929721
16.710774,-81.824400,-242.000000,1.270165,7.937607
17.230774,-81.824400,-242.000000,1.207905,7.938047
17.750774,-81.824400,-242.000000,1.204509,7.872910
18.270774,-81.824400,-242.000000,1.184518,7.991474
18.790774,-81.824400,-242.000000,1.209503,7.942480
19.310774,-81.824400,-242.000000,1.205134,7.873786
19.830774,-81.824400,-242.000000,1.202017,7.925437
20.350774,-81.824400,-242.000000,1.194044,7.899052
20.870774,-81.824400,-242.000000,1.208249,7.886653
21.390774,-81.824400,-242.000000,1.244536,7.931170
21.910774,-81.824400,-242.000000,1.220480,7.873282
22.430774,-81.824400,-242.000000,1.279327,7.975404
22.950774,-81.824400,-242.000000,1.226848,7.950138
23.470774,-81.824400,-242.000000,1.269721,7.988218
23.990774,-81.824400,-242.000000,1.215785,8.020493
24.510774,-81.824400,-242.000000,1.192212,7.939197
25.030774,-81.824400,-242.000000,1.288702,7.961051
25.550774,-81.824400,-242.000000,1.229876,7.991704
26.070774,-81.824400,-242.000000,1.238438,8.018684
26.590774,-81.824400,-242.000000,1.267867,7.915939
27.110774,-81.824400,-242.000000,1.244453,7.944510
27.630774,-81.824400,-242.000000,1.243132,7.961583
28.150774,-81.824400,-242.000000,1.215242,7.930763
28.670774,-81.824400,-242.000000,1.269438,7.948430
29.190774,-81.824400,-242.000000,1.192770,7.964437
29.710774,-81.824400,-242.000000,1.246623,7.936740
30.230774,-81.824400,-242.000000,1.222376,7.995488
30.750774,-81.824400,-242.000000,1.218204,7.884037
31.270774,-81.824400,-242.000000,1.229178,7.882987
31.790774,-81.824400,-242.000000,1.229502,7.973874
32.310774,-81.824400,-242.000000,1.203689,7.922244
32.830774,-81.824400,-242.000000,1.226413,7.925274
33.350774,-81.824400,-242.000000,1.241010,7.930270
33.870774,-81.824400,-242.000000,1.273122,7.932917
34.390774,-81.824400,-242.000000,1.196342,7.911602
34.910774,-81.824400,-242.000000,1.222228,7.940613
35.430774,-81.824400,-242.000000,1.220214,7.950042
35.950774,-81.824400,-242.000000,1.211761,7.964914
36.470774,-81.824400,-242.000000,1.240334,7.958248
36.990774,-81.824400,-242.000000,1.285639,8.011154
37.510774,-81.824400,-242.000000,1.243229,8.036577
38.030774,-81.824400,-242.000000,1.227950,7.929913
38.550774,-81.824400,-242.000000,1.196159,7.897302
39.070774,-81.824400,-242.000000,1.226583,7.937024
39.590774,-81.824400,-242.000000,1.187668,7.886574
40.110774,-81.824400,-242.000000,1.214680,7.889599
40.630774,-81.824400,-242.000000,1.164882,7.976182
41.150774,-81.824400,-242.000000,1.229733,7.928895
41.670774,-81.824400,-242.000000,1.210240,7.949008
42.190774,-81.824400,-242.000000,1.192827,7.899439
42.710774,-81.824400,-242.000000,1.205779,7.917867
43.230774,-81.824400,-242.000000,1.224132,8.059931
43.750774,-81.824400,-242.000000,1.236811,7.931332
44.270774,-81.824400,-242.000000,1.237363,7.945694
44.790774,-81.824400,-242.000000,1.266527,8.022515
45.310774,-81.824400,-242.000000,1.259685,7.914010
45.830774,-81.824400,-242.000000,1.241143,7.942149
46.350774,-81.824400,-242.000000,1.233198,7.969542
46.870774,-81.824400,-242.000000,1.222137,7.918582
47.390774,-81.824400,-242.000000,1.181214,7.908984
47.910774,-81.824400,-242.000000,1.233654,8.030017
48.430774,-81.824400,-242.000000,1.246697,7.934197
48.950774,-81.824400,-242.000000,1.260385,7.990163
49.470774,-81.824400,-242.000000,1.222232,7.987398
49.990774,-81.824400,-242.000000,1.239344,7.936887
50.510774,-81.824400,-242.000000,1.248567,7.951705
51.030774,-81.824400,-242.000000,1.225660,7.951254
51.550774,-81.824400,-242.000000,1.303504,7.955465
52.070774,-81.824400,-242.000000,1.236782,7.900624
52.590774,-81.824400,-242.000000,1.205402,7.973683
53.110774,-81.824400,-242.000000,1.216296,7.934494
53.630774,-81.824400,-242.000000,1.222312,7.954820
54.150774,-81.824400,-242.000000,1.180089,7.917964
54.670774,-81.824400,-242.000000,1.272025,7.944856
55.190774,-81.824400,-242.000000,1.204653,7.927184
13.070774,-81.304400,-242.000000,1.222806,7.810297
13.590774,-81.304400,-242.000000,1.246597,7.863581
14.110774,-81.304400,-242.000000,1.203163,7.921975
14.630774,-81.304400,-242.000000,1.178069,7.936727
16.710774,-81.304400,-242.000000,1.240483,7.971183
26.070774,-81.304400,-242.000000,1.224105,8.002603
26.590774,-81.304400,-242.000000,1.227358,7.908014
27.110774,-81.304400,-242.000000,1.246479,7.971116
27.630774,-81.304400,-242.000000,1.234819,7.953373
28.150774,-81.304400,-242.000000,1.292292,8.014643
28.670774,-81.304400,-242.000000,1.315465,7.969406
29.710774,-81.304400,-242.000000,1.185857,7.944268
30.230774,-81.304400,-242.000000,1.236156,7.990149
30.750774,-81.304400,-242.000000,1.226984,7.887976
33.350774,-81.304400,-242.000000,1.253844,7.975654
53.110774,-81.304400,-242.000000,1.197023,7.930837
54.670774,-81.304400,-242.000000,1.266198,7.932524
42.190774,-82.344400,-241.000000,1.191408,7.994809
42.710774,-82.344400,-241.000000,1.219071,7.915051
43.230774,-82.344400,-241.000000,1.235465,7.877781
43.750774,-82.344400,-241.000000,1.286531,7.898123
44.270774,-82.344400,-241.000000,1.208865,7.958705
44.790774,-82.344400,-241.000000,1.191717,7.885134
45.310774,-82.344400,-241.000000,1.216319,7.967812
45.830774,-82.344400,-241.000000,1.216073,8.019847
46.350774,-82.344400,-241.000000,1.240598,7.938391
46.870774,-82.344400,-241.000000,1.216362,7.960114
47.390774,-82.344400,-241.000000,1.206918,7.952315
47.910774,-82.344400,-241.000000,1.223554,7.928814
48.430774,-82.344400,-241.000000,1.208207,7.859496
48.950774,-82.344400,-241.000000,1.231620,7.956145
49.470774,-82.344400,-241.000000,1.246603,7.887317
49.990774,-82.344400,-241.000000,1.220274,7.932612
50.510774,-82.344400,-241.000000,1.188802,7.936003
51.030774,-82.344400,-241.000000,1.217593,7.895403
51.550774,-82.344400,-241.000000,1.229975,7.868359
52.070774,-82.344400,-241.000000,1.175453,7.856762
33.870774,-81.824400,-241.000000,1.195519,7.880849
34.390774,-81.824400,-241.000000,1.188461,7.876882
34.910774,-81.824400,-241.000000,1.225075,7.899911
35.430774,-81.824400,-241.000000,1.247831,7.960845
35.950774,-81.824400,-241.000000,1.205615,7.932273
36.470774,-81.824400,-241.000000,1.225776,7.888788
36.990774,-81.824400,-241.000000,1.200910,8.037016
37.510774,-81.824400,-241.000000,1.187319,7.900115
38.030774,-81.824400,-241.000000,1.184281,7.874521
38.550774,-81.824400,-241.000000,1.226800,7.984272
39.070774,-81.824400,-241.000000,1.195920,7.875881
39.590774,-81.824400,-241.000000,1.193166,7.881386
40.110774,-81.824400,-241.000000,1.189319,7.965278
40.630774,-81.824400,-241.000000,1.193194,7.951951
41.150774,-81.824400,-241.000000,1.180734,7.836586
41.670774,-81.824400,-241.000000,1.236572,7.863261
42.190774,-81.824400,-241.000000,1.254932,8.018338
42.710774,-81.824400,-241.000000,1.199565,7.934303
43.230774,-81.824400,-241.000000,1.205207,7.900131
43.750774,-81.824400,-241.000000,1.193008,7.851045
44.270774,-81.824400,-241.000000,1.227035,7.966743
44.790774,-81.824400,-241.000000,1.190470,7.908668
45.310774,-81.824400,-241.000000,1.199881,7.953580
45.830774,-81.824400,-241.000000,1.216030,7.994775
46.350774,-81.824400,-241.000000,1.218407,7.923642
46.870774,-81.824400,-241.000000,1.192300,7.960274
47.390774,-81.824400,-241.000000,1.201888,7.967964
47.910774,-81.824400,-241.000000,1.214385,7.941830
48.430774,-81.824400,-241.000000,1.197745,7.903674
48.950774,-81.824400,-241.000000,1.226124,7.999918
49.470774,-81.824400,-241.000000,1.228840,7.920625
49.990774,-81.824400,-241.000000,1.212493,7.971503
50.510774,-81.824400,-241.000000,1.189947,7.948061
51.030774,-81.824400,-241.000000,1.167942,7.919888
51.550774,-81.824400,-241.000000,1.228369,7.890201
52.070774,-81.824400,-241.000000,1.234947,7.910053
52.590774,-81.824400,-241.000000,1.256547,7.890785
53.110774,-81.824400,-241.000000,1.237033,8.006700
42.710774,-81.304400,-241.000000,1.204123,7.922187
43.230774,-81.304400,-241.000000,1.188602,7.870903
43.750774,-81.304400,-241.000000,1.198835,7.882468
44.270774,-81.304400,-241.000000,1.243342,7.932508
44.790774,-81.304400,-241.000000,1.209087,7.883451
45.310774,-81.304400,-241.000000,1.252532,7.908243
46.350774,-81.304400,-241.000000,1.257075,7.939431
46.870774,-81.304400,-241.000000,1.201180,7.946872
47.390774,-81.304400,-241.000000,1.193823,7.985063
47.910774,-81.304400,-241.000000,1.221939,7.989698
52.070774,-81.304400,-241.000000,1.218661,7.946137
