x_mm,y_mm,z_mm,LET_keV_per_um,Physical_dose
13.590774,-82.344400,-284.000000,1.206635,1.956900
14.110774,-82.344400,-284.000000,1.219087,1.965104
14.630774,-82.344400,-284.000000,1.181820,1.948505
15.150774,-82.344400,-284.000000,1.288451,1.966843
15.670774,-82.344400,-284.000000,1.209611,1.956608
16.190774,-82.344400,-284.000000,1.205762,1.977343
16.710774,-82.344400,-284.000000,1.184555,1.976629
17.230774,-82.344400,-284.000000,1.187406,2.001606
17.750774,-82.344400,-284.000000,1.204632,1.973855
18.270774,-82.344400,-284.000000,1.219285,1.981618
18.790774,-82.344400,-284.000000,1.224397,1.968176
19.310774,-82.344400,-284.000000,1.221707,1.970181
19.830774,-82.344400,-284.000000,1.225086,1.980646
20.350774,-82.344400,-284.000000,1.198071,1.973434
20.870774,-82.344400,-284.000000,1.232737,1.968772
21.390774,-82.344400,-284.000000,1.294273,1.978719
21.910774,-82.344400,-284.000000,1.209135,1.967540
22.430774,-82.344400,-284.000000,1.226349,1.979703
22.950774,-82.344400,-284.000000,1.217878,1.991998
23.470774,-82.344400,-284.000000,1.239173,1.995319
23.990774,-82.344400,-284.000000,1.272684,1.986709
24.510774,-82.344400,-284.000000,1.244930,1.990658
25.030774,-82.344400,-284.000000,1.240793,1.970956
25.550774,-82.344400,-284.000000,1.223338,1.978503
26.070774,-82.344400,-284.000000,1.296666,1.998963
26.590774,-82.344400,-284.000000,1.199194,1.978187
27.110774,-82.344400,-284.000000,1.235581,1.972652
27.630774,-82.344400,-284.000000,1.261440,2.008306
28.150774,-82.344400,-284.000000,1.240210,2.005957
28.670774,-82.344400,-284.000000,1.239967,1.991183
29.190774,-82.344400,-284.000000,1.293301,1.984473
29.710774,-82.344400,-284.000000,1.250960,1.981384
30.230774,-82.344400,-284.000000,1.205348,2.005964
30.750774,-82.344400,-284.000000,1.259997,1.977463
31.270774,-82.344400,-284.000000,1.245634,1.981694
31.790774,-82.344400,-284.000000,1.247606,2.002584
32.310774,-82.344400,-284.000000,1.193611,1.978908
32.830774,-82.344400,-284.000000,1.231848,1.994601
33.350774,-82.344400,-284.000000,1.224594,1.980954
33.870774,-82.344400,-284.000000,1.186279,1.959361
34.390774,-82.344400,-284.000000,1.207106,1.971784
34.910774,-82.344400,-284.000000,1.177687,1.964744
35.430774,-82.344400,-284.000000,1.205161,1.988008
35.950774,-82.344400,-284.000000,1.200267,2.002353
36.470774,-82.344400,-284.000000,1.230004,1.981776
36.990774,-82.344400,-284.000000,1.226937,1.968964
37.510774,-82.344400,-284.000000,1.254802,1.985441
38.030774,-82.344400,-284.000000,1.198126,2.012040
38.550774,-82.344400,-284.000000,1.192319,1.988683
39.070774,-82.344400,-284.000000,1.192716,1.984931
39.590774,-82.344400,-284.000000,1.246164,1.987664
40.110774,-82.344400,-284.000000,1.280149,1.986437
40.630774,-82.344400,-284.000000,1.215046,1.996185
41.150774,-82.344400,-284.000000,1.173100,2.002590
41.670774,-82.344400,-284.000000,1.207353,2.000435
42.190774,-82.344400,-284.000000,1.243423,1.989727
42.710774,-82.344400,-284.000000,1.233987,1.974336
43.230774,-82.344400,-284.000000,1.205424,1.971195
43.750774,-82.344400,-284.000000,1.296544,1.989720
44.270774,-82.344400,-284.000000,1.301361,1.991216
44.790774,-82.344400,-284.000000,1.209107,1.974887
45.310774,-82.344400,-284.000000,1.176390,1.973218
45.830774,-82.344400,-284.000000,1.213546,1.981594
46.350774,-82.344400,-284.000000,1.290639,1.980384
46.870774,-82.344400,-284.000000,1.245237,1.988451
47.390774,-82.344400,-284.000000,1.249881,1.986933
47.910774,-82.344400,-284.000000,1.227591,1.996889
48.430774,-82.344400,-284.000000,1.225953,1.975651
48.950774,-82.344400,-284.000000,1.164278,1.965996
49.470774,-82.344400,-284.000000,1.205838,1.982116
49.990774,-82.344400,-284.000000,1.210387,1.973517
50.510774,-82.344400,-284.000000,1.189245,1.989814
51.030774,-82.344400,-284.000000,1.203997,1.990495
13.070774,-81.824400,-284.000000,1.246167,1.982854
13.590774,-81.824400,-284.000000,1.213471,1.965033
14.110774,-81.824400,-284.000000,1.214038,1.981760
14.630774,-81.824400,-284.000000,1.273452,1.952107
15.150774,-81.824400,-284.000000,1.229912,1.961763
15.670774,-81.824400,-284.000000,1.219818,1.957799
16.190774,-81.824400,-284.000000,1.189209,1.985853
16.710774,-81.824400,-284.000000,1.193696,1.974964
17.230774,-81.824400,-284.000000,1.193406,2.003057
17.750774,-81.824400,-284.000000,1.220092,1.980423
18.270774,-81.824400,-284.000000,1.267727,1.977486
18.790774,-81.824400,-284.000000,1.227014,1.974484
19.310774,-81.824400,-284.000000,1.240503,1.983180
19.830774,-81.824400,-284.000000,1.200321,1.987080
20.350774,-81.824400,-284.000000,1.218166,1.980386
20.870774,-81.824400,-284.000000,1.260551,1.993753
21.390774,-81.824400,-284.000000,1.247168,1.986511
21.910774,-81.824400,-284.000000,1.222468,1.978137
22.430774,-81.824400,-284.000000,1.233851,1.981065
22.950774,-81.824400,-284.000000,1.188065,1.977024
23.470774,-81.824400,-284.000000,1.231713,1.998824
23.990774,-81.824400,-284.000000,1.251261,1.997949
24.510774,-81.824400,-284.000000,1.240039,1.992532
25.030774,-81.824400,-284.000000,1.249376,1.983849
25.550774,-81.824400,-284.000000,1.250575,1.975312
26.070774,-81.824400,-284.000000,1.236501,1.989098
26.590774,-81.824400,-284.000000,1.223536,1.978454
27.110774,-81.824400,-284.000000,1.280690,1.980068
27.630774,-81.824400,-284.000000,1.206981,2.001069
28.150774,-81.824400,-284.000000,1.216169,1.991706
28.670774,-81.824400,-284.000000,1.241731,2.011806
29.190774,-81.824400,-284.000000,1.226503,1.994960
29.710774,-81.824400,-284.000000,1.271754,1.985796
30.230774,-81.824400,-284.000000,1.273177,1.988921
30.750774,-81.824400,-284.000000,1.198308,1.989962
31.270774,-81.824400,-284.000000,1.259869,1.985628
31.790774,-81.824400,-284.000000,1.242398,2.000866
32.310774,-81.824400,-284.000000,1.245823,1.980755
32.830774,-81.824400,-284.000000,1.257567,1.988163
33.350774,-81.824400,-284.000000,1.237736,1.988670
33.870774,-81.824400,-284.000000,1.181539,1.965066
34.390774,-81.824400,-284.000000,1.213665,1.958000
34.910774,-81.824400,-284.000000,1.214590,1.969741
35.430774,-81.824400,-284.000000,1.214264,1.991449
35.950774,-81.824400,-284.000000,1.234937,1.999181
36.470774,-81.824400,-284.000000,1.227732,1.989447
36.990774,-81.824400,-284.000000,1.227304,1.984486
37.510774,-81.824400,-284.000000,1.248145,1.991918
38.030774,-81.824400,-284.000000,1.199907,2.003966
38.550774,-81.824400,-284.000000,1.217583,1.990109
39.070774,-81.824400,-284.000000,1.234329,1.974151
39.590774,-81.824400,-284.000000,1.187713,1.989157
40.110774,-81.824400,-284.000000,1.207875,1.987512
40.630774,-81.824400,-284.000000,1.212993,1.998274
41.150774,-81.824400,-284.000000,1.235812,2.012978
41.670774,-81.824400,-284.000000,1.246320,2.002706
42.190774,-81.824400,-284.000000,1.216956,1.997255
42.710774,-81.824400,-284.000000,1.251668,1.972258
43.230774,-81.824400,-284.000000,1.200685,1.976774
43.750774,-81.824400,-284.000000,1.248774,1.982696
44.270774,-81.824400,-284.000000,1.262626,2.002688
44.790774,-81.824400,-284.000000,1.200819,1.978673
45.310774,-81.824400,-284.000000,1.178234,1.985137
45.830774,-81.824400,-284.000000,1.220922,1.981324
46.350774,-81.824400,-284.000000,1.226954,2.005297
46.870774,-81.824400,-284.000000,1.202931,1.990315
47.390774,-81.824400,-284.000000,1.276844,1.992566
47.910774,-81.824400,-284.000000,1.228740,1.989342
48.430774,-81.824400,-284.000000,1.197069,1.982147
48.950774,-81.824400,-284.000000,1.206805,1.980902
49.470774,-81.824400,-284.000000,1.234430,1.994316
49.990774,-81.824400,-284.000000,1.209985,1.975818
50.510774,-81.824400,-284.000000,1.196546,1.980450
51.030774,-81.824400,-284.000000,1.238493,1.993906
51.550774,-81.824400,-284.000000,1.259785,1.992064
52.070774,-81.824400,-284.000000,1.249837,1.994409
52.590774,-81.824400,-284.000000,1.247081,2.014036
53.110774,-81.824400,-284.000000,1.200869,1.985009
53.630774,-81.824400,-284.000000,1.228181,1.969600
54.150774,-81.824400,-284.000000,1.226090,1.983724
14.630774,-81.304400,-284.000000,1.227002,1.963071
15.150774,-81.304400,-284.000000,1.261031,1.967546
15.670774,-81.304400,-284.000000,1.223075,1.955807
16.190774,-81.304400,-284.000000,1.193490,1.985653
16.710774,-81.304400,-284.000000,1.205948,1.977861
17.230774,-81.304400,-284.000000,1.229626,1.994660
17.750774,-81.304400,-284.000000,1.198124,1.980221
18.270774,-81.304400,-284.000000,1.227757,1.975399
18.790774,-81.304400,-284.000000,1.219128,1.976822
19.310774,-81.304400,-284.000000,1.206672,1.986017
42.710774,-81.304400,-284.000000,1.245964,1.982479
43.230774,-81.304400,-284.000000,1.189995,1.979334
43.750774,-81.304400,-284.000000,1.217165,1.997870
44.270774,-81.304400,-284.000000,1.240104,1.999799
44.790774,-81.304400,-284.000000,1.277809,1.984657
45.310774,-81.304400,-284.000000,1.215365,1.995842
45.830774,-81.304400,-284.000000,1.226135,1.985879
46.350774,-81.304400,-284.000000,1.206971,1.990688
46.870774,-81.304400,-284.000000,1.207412,1.995706
47.390774,-81.304400,-284.000000,1.201468,1.983187
47.910774,-81.304400,-284.000000,1.217884,1.995944
48.430774,-81.304400,-284.000000,1.190484,1.983759
48.950774,-81.304400,-284.000000,1.249739,1.986895
13.590774,-82.344400,-283.000000,1.196545,1.959774
14.110774,-82.344400,-283.000000,1.240455,1.977420
14.630774,-82.344400,-283.000000,1.224152,1.970913
15.150774,-82.344400,-283.000000,1.241427,1.975585
15.670774,-82.344400,-283.000000,1.293575,1.972858
16.190774,-82.344400,-283.000000,1.198266,1.979192
16.710774,-82.344400,-283.000000,1.223921,1.977224
17.230774,-82.344400,-283.000000,1.226450,1.974552
17.750774,-82.344400,-283.000000,1.240569,1.967497
18.270774,-82.344400,-283.000000,1.196877,1.989411
18.790774,-82.344400,-283.000000,1.249344,1.986446
19.310774,-82.344400,-283.000000,1.234573,2.003364
19.830774,-82.344400,-283.000000,1.249112,1.975660
20.350774,-82.344400,-283.000000,1.224986,2.007151
20.870774,-82.344400,-283.000000,1.241846,2.008229
21.390774,-82.344400,-283.000000,1.203287,1.963360
21.910774,-82.344400,-283.000000,1.229209,1.979763
22.430774,-82.344400,-283.000000,1.203418,2.004597
22.950774,-82.344400,-283.000000,1.234919,1.987094
23.470774,-82.344400,-283.000000,1.254432,2.001765
23.990774,-82.344400,-283.000000,1.252218,1.978783
24.510774,-82.344400,-283.000000,1.179240,1.971252
25.030774,-82.344400,-283.000000,1.190473,1.990979
25.550774,-82.344400,-283.000000,1.184101,1.976593
26.070774,-82.344400,-283.000000,1.228830,1.997898
26.590774,-82.344400,-283.000000,1.256799,1.975673
27.110774,-82.344400,-283.000000,1.274882,1.970024
27.630774,-82.344400,-283.000000,1.212570,1.989045
28.150774,-82.344400,-283.000000,1.228516,1.973818
28.670774,-82.344400,-283.000000,1.231385,1.985167
29.190774,-82.344400,-283.000000,1.257740,1.993892
29.710774,-82.344400,-283.000000,1.315684,1.997243
30.230774,-82.344400,-283.000000,1.262041,1.980150
30.750774,-82.344400,-283.000000,1.186391,1.976884
31.270774,-82.344400,-283.000000,1.209088,1.988716
31.790774,-82.344400,-283.000000,1.245170,1.995641
32.310774,-82.344400,-283.000000,1.270975,1.990447
32.830774,-82.344400,-283.000000,1.268939,1.980017
33.350774,-82.344400,-283.000000,1.223700,1.995900
33.870774,-82.344400,-283.000000,1.169952,1.982364
34.390774,-82.344400,-283.000000,1.252606,2.000610
34.910774,-82.344400,-283.000000,1.191177,1.980233
35.430774,-82.344400,-283.000000,1.231870,2.001355
35.950774,-82.344400,-283.000000,1.236065,1.987778
36.470774,-82.344400,-283.000000,1.259696,1.990925
36.990774,-82.344400,-283.000000,1.225648,1.966586
37.510774,-82.344400,-283.000000,1.229584,1.979016
38.030774,-82.344400,-283.000000,1.222690,1.996534
38.550774,-82.344400,-283.000000,1.249511,1.992471
39.070774,-82.344400,-283.000000,1.258047,2.005965
39.590774,-82.344400,-283.000000,1.248161,1.978474
40.110774,-82.344400,-283.000000,1.225528,1.982726
40.630774,-82.344400,-283.000000,1.232741,1.990789
41.150774,-82.344400,-283.000000,1.208417,2.027877
41.670774,-82.344400,-283.000000,1.203136,2.008524
42.190774,-82.344400,-283.000000,1.229936,1.968938
42.710774,-82.344400,-283.000000,1.181541,1.983256
43.230774,-82.344400,-283.000000,1.231958,2.002522
43.750774,-82.344400,-283.000000,1.259398,2.013625
44.270774,-82.344400,-283.000000,1.215768,1.993858
44.790774,-82.344400,-283.000000,1.245745,1.987496
45.310774,-82.344400,-283.000000,1.189597,2.008060
45.830774,-82.344400,-283.000000,1.220938,1.986149
46.350774,-82.344400,-283.000000,1.215592,1.979444
46.870774,-82.344400,-283.000000,1.190899,1.992956
47.390774,-82.344400,-283.000000,1.265288,1.989906
47.910774,-82.344400,-283.000000,1.221452,1.979432
48.430774,-82.344400,-283.000000,1.197845,1.972899
48.950774,-82.344400,-283.000000,1.192955,1.988605
49.470774,-82.344400,-283.000000,1.219098,2.036248
49.990774,-82.344400,-283.000000,1.203139,1.994797
50.510774,-82.344400,-283.000000,1.202050,1.999400
51.030774,-82.344400,-283.000000,1.197252,1.977720
51.550774,-82.344400,-283.000000,1.189747,1.995952
52.070774,-82.344400,-283.000000,1.239323,2.001023
52.590774,-82.344400,-283.000000,1.253050,2.004606
53.110774,-82.344400,-283.000000,1.236170,1.996392
53.630774,-82.344400,-283.000000,1.231760,1.982729
54.150774,-82.344400,-283.000000,1.222386,1.990510
54.670774,-82.344400,-283.000000,1.217040,1.986693
55.190774,-82.344400,-283.000000,1.246622,1.969560
55.710774,-82.344400,-283.000000,1.254794,2.005836
13.070774,-81.824400,-283.000000,1.228453,1.975063
13.590774,-81.824400,-283.000000,1.196138,1.963346
14.110774,-81.824400,-283.000000,1.197203,1.978853
14.630774,-81.824400,-283.000000,1.205795,1.975765
15.150774,-81.824400,-283.000000,1.206330,1.979535
15.670774,-81.824400,-283.000000,1.287781,1.983822
16.190774,-81.824400,-283.000000,1.209864,1.978699
16.710774,-81.824400,-283.000000,1.200003,1.977799
17.230774,-81.824400,-283.000000,1.266669,1.975362
17.750774,-81.824400,-283.000000,1.226233,1.976601
18.270774,-81.824400,-283.000000,1.221741,2.002993
18.790774,-81.824400,-283.000000,1.222645,1.977959
19.310774,-81.824400,-283.000000,1.211012,1.993971
19.830774,-81.824400,-283.000000,1.247555,1.980376
20.350774,-81.824400,-283.000000,1.209752,1.988583
20.870774,-81.824400,-283.000000,1.250060,2.000738
21.390774,-81.824400,-283.000000,1.250553,1.976297
21.910774,-81.824400,-283.000000,1.269738,1.985550
22.430774,-81.824400,-283.000000,1.233098,2.013557
22.950774,-81.824400,-283.000000,1.181785,1.982752
23.470774,-81.824400,-283.000000,1.218924,2.009062
23.990774,-81.824400,-283.000000,1.199185,1.975079
24.510774,-81.824400,-283.000000,1.200352,1.979668
25.030774,-81.824400,-283.000000,1.184127,1.973161
25.550774,-81.824400,-283.000000,1.227551,1.982727
26.070774,-81.824400,-283.000000,1.205142,2.001247
26.590774,-81.824400,-283.000000,1.235043,1.977460
27.110774,-81.824400,-283.000000,1.221109,1.973522
27.630774,-81.824400,-283.000000,1.240050,1.984480
28.150774,-81.824400,-283.000000,1.248081,1.977422
28.670774,-81.824400,-283.000000,1.220699,1.986195
29.190774,-81.824400,-283.000000,1.239862,1.996507
29.710774,-81.824400,-283.000000,1.249609,1.999744
30.230774,-81.824400,-283.000000,1.254516,1.975234
30.750774,-81.824400,-283.000000,1.230785,2.003502
31.270774,-81.824400,-283.000000,1.238787,1.991460
31.790774,-81.824400,-283.000000,1.203783,1.989003
32.310774,-81.824400,-283.000000,1.235105,2.005272
32.830774,-81.824400,-283.000000,1.248247,1.981917
33.350774,-81.824400,-283.000000,1.205239,1.997774
33.870774,-81.824400,-283.000000,1.202315,1.985752
34.390774,-81.824400,-283.000000,1.214409,1.993449
34.910774,-81.824400,-283.000000,1.232174,1.980348
35.430774,-81.824400,-283.000000,1.285109,1.991951
35.950774,-81.824400,-283.000000,1.247916,1.986299
36.470774,-81.824400,-283.000000,1.237968,1.986511
36.990774,-81.824400,-283.000000,1.262049,1.973849
37.510774,-81.824400,-283.000000,1.219847,1.974236
38.030774,-81.824400,-283.000000,1.206863,2.009794
38.550774,-81.824400,-283.000000,1.188322,1.995267
39.070774,-81.824400,-283.000000,1.283736,1.986723
39.590774,-81.824400,-283.000000,1.268496,1.991328
40.110774,-81.824400,-283.000000,1.210873,1.971063
40.630774,-81.824400,-283.000000,1.262264,2.023867
41.150774,-81.824400,-283.000000,1.232409,2.001637
41.670774,-81.824400,-283.000000,1.250409,2.016863
42.190774,-81.824400,-283.000000,1.196601,1.979289
42.710774,-81.824400,-283.000000,1.195193,1.993634
43.230774,-81.824400,-283.000000,1.223374,2.004734
43.750774,-81.824400,-283.000000,1.253755,2.005093
44.270774,-81.824400,-283.000000,1.231355,1.994058
44.790774,-81.824400,-283.000000,1.227317,1.989037
45.310774,-81.824400,-283.000000,1.204230,2.013382
45.830774,-81.824400,-283.000000,1.205725,1.992250
46.350774,-81.824400,-283.000000,1.207643,1.979145
46.870774,-81.824400,-283.000000,1.232282,1.997513
47.390774,-81.824400,-283.000000,1.239569,2.016918
47.910774,-81.824400,-283.000000,1.212019,1.980765
48.430774,-81.824400,-283.000000,1.183135,1.970580
48.950774,-81.824400,-283.000000,1.234932,1.996943
49.470774,-81.824400,-283.000000,1.194604,1.999309
49.990774,-81.824400,-283.000000,1.244826,2.001566
50.510774,-81.824400,-283.000000,1.225610,2.004757
51.030774,-81.824400,-283.000000,1.189334,1.987909
51.550774,-81.824400,-283.000000,1.208007,1.984936
52.070774,-81.824400,-283.000000,1.246441,1.996233
52.590774,-81.824400,-283.000000,1.227945,2.009730
53.110774,-81.824400,-283.000000,1.256127,1.998885
53.630774,-81.824400,-283.000000,1.262373,1.979359
54.150774,-81.824400,-283.000000,1.210313,1.988633
54.670774,-81.824400,-283.000000,1.240651,1.984609
55.190774,-81.824400,-283.000000,1.240037,1.976821
55.710774,-81.824400,-283.000000,1.260599,2.019444
56.230774,-81.824400,-283.000000,1.215789,1.990020
13.590774,-81.304400,-283.000000,1.231505,1.969494
55.710774,-81.304400,-283.000000,1.224124,2.028581
13.590774,-82.344400,-282.000000,1.230735,1.969368
14.110774,-82.344400,-282.000000,1.230708,1.977143
14.630774,-82.344400,-282.000000,1.248156,1.994305
15.150774,-82.344400,-282.000000,1.251602,1.975907
15.670774,-82.344400,-282.000000,1.257639,1.993759
16.190774,-82.344400,-282.000000,1.309104,2.015332
16.710774,-82.344400,-282.000000,1.225321,1.977100
17.230774,-82.344400,-282.000000,1.221239,1.981545
17.750774,-82.344400,-282.000000,1.214515,1.999646
18.270774,-82.344400,-282.000000,1.218760,1.981787
18.790774,-82.344400,-282.000000,1.190567,1.992880
19.310774,-82.344400,-282.000000,1.196173,2.003394
19.830774,-82.344400,-282.000000,1.198507,1.987372
20.350774,-82.344400,-282.000000,1.229123,1.993140
20.870774,-82.344400,-282.000000,1.226976,1.992071
21.390774,-82.344400,-282.000000,1.209519,1.995153
21.910774,-82.344400,-282.000000,1.244097,1.989176
22.430774,-82.344400,-282.000000,1.188008,1.983367
22.950774,-82.344400,-282.000000,1.189593,2.004989
23.470774,-82.344400,-282.000000,1.208562,1.980408
23.990774,-82.344400,-282.000000,1.205778,1.977167
24.510774,-82.344400,-282.000000,1.251710,1.991023
25.030774,-82.344400,-282.000000,1.225606,2.002854
25.550774,-82.344400,-282.000000,1.217504,1.974466
26.070774,-82.344400,-282.000000,1.220966,1.987977
26.590774,-82.344400,-282.000000,1.228168,1.996152
27.110774,-82.344400,-282.000000,1.222697,1.997065
27.630774,-82.344400,-282.000000,1.210805,1.985234
28.150774,-82.344400,-282.000000,1.247278,1.984683
28.670774,-82.344400,-282.000000,1.205092,1.985132
29.190774,-82.344400,-282.000000,1.218553,1.981962
29.710774,-82.344400,-282.000000,1.303542,1.993762
30.230774,-82.344400,-282.000000,1.277536,2.023221
30.750774,-82.344400,-282.000000,1.267127,1.977876
31.270774,-82.344400,-282.000000,1.254151,1.986395
31.790774,-82.344400,-282.000000,1.262450,1.992287
32.310774,-82.344400,-282.000000,1.237730,2.003086
32.830774,-82.344400,-282.000000,1.238972,2.005826
33.350774,-82.344400,-282.000000,1.210814,1.989018
33.870774,-82.344400,-282.000000,1.258464,1.987800
34.390774,-82.344400,-282.000000,1.230338,2.008924
34.910774,-82.344400,-282.000000,1.266196,1.990639
35.430774,-82.344400,-282.000000,1.236649,1.978107
35.950774,-82.344400,-282.000000,1.206698,1.982992
36.470774,-82.344400,-282.000000,1.205727,1.984334
36.990774,-82.344400,-282.000000,1.231670,1.972950
37.510774,-82.344400,-282.000000,1.201992,1.988871
38.030774,-82.344400,-282.000000,1.228248,1.977021
38.550774,-82.344400,-282.000000,1.212123,1.983522
39.070774,-82.344400,-282.000000,1.263322,1.991455
39.590774,-82.344400,-282.000000,1.270227,1.986356
40.110774,-82.344400,-282.000000,1.232761,1.966663
40.630774,-82.344400,-282.000000,1.223630,2.002076
41.150774,-82.344400,-282.000000,1.242658,2.010292
41.670774,-82.344400,-282.000000,1.200665,1.999118
42.190774,-82.344400,-282.000000,1.275641,1.999697
42.710774,-82.344400,-282.000000,1.269671,1.980999
43.230774,-82.344400,-282.000000,1.231279,1.993147
43.750774,-82.344400,-282.000000,1.226166,2.007476
44.270774,-82.344400,-282.000000,1.223989,1.977043
44.790774,-82.344400,-282.000000,1.225556,1.996826
45.310774,-82.344400,-282.000000,1.268082,2.022226
45.830774,-82.344400,-282.000000,1.249848,1.973739
46.350774,-82.344400,-282.000000,1.249325,1.994773
46.870774,-82.344400,-282.000000,1.213042,2.003988
47.390774,-82.344400,-282.000000,1.203237,1.983350
47.910774,-82.344400,-282.000000,1.229032,1.992691
48.430774,-82.344400,-282.000000,1.226641,1.997258
48.950774,-82.344400,-282.000000,1.204629,2.007820
49.470774,-82.344400,-282.000000,1.262588,2.008074
49.990774,-82.344400,-282.000000,1.226836,1.975688
50.510774,-82.344400,-282.000000,1.227206,1.996996
51.030774,-82.344400,-282.000000,1.222293,2.009677
51.550774,-82.344400,-282.000000,1.211742,1.993424
52.070774,-82.344400,-282.000000,1.258526,1.991755
52.590774,-82.344400,-282.000000,1.199738,1.992732
53.110774,-82.344400,-282.000000,1.290880,1.991758
53.630774,-82.344400,-282.000000,1.242006,1.994709
54.150774,-82.344400,-282.000000,1.279848,1.998042
54.670774,-82.344400,-282.000000,1.265828,2.010804
55.190774,-82.344400,-282.000000,1.259189,1.980479
55.710774,-82.344400,-282.000000,1.237917,1.985769
56.230774,-82.344400,-282.000000,1.188532,1.999337
56.750774,-82.344400,-282.000000,1.226983,1.994875
57.270774,-82.344400,-282.000000,1.240564,2.002205
13.070774,-81.824400,-282.000000,1.208144,1.970340
13.590774,-81.824400,-282.000000,1.209609,1.982443
14.110774,-81.824400,-282.000000,1.271040,1.971837
14.630774,-81.824400,-282.000000,1.237157,2.004889
15.150774,-81.824400,-282.000000,1.213524,1.969170
15.670774,-81.824400,-282.000000,1.244638,1.992123
16.190774,-81.824400,-282.000000,1.292478,1.976731
16.710774,-81.824400,-282.000000,1.248058,1.973542
17.230774,-81.824400,-282.000000,1.221889,1.981203
17.750774,-81.824400,-282.000000,1.197533,2.003227
18.270774,-81.824400,-282.000000,1.201809,1.984792
18.790774,-81.824400,-282.000000,1.203728,2.006226
19.310774,-81.824400,-282.000000,1.249649,1.998104
19.830774,-81.824400,-282.000000,1.189167,1.997559
20.350774,-81.824400,-282.000000,1.241115,1.990837
20.870774,-81.824400,-282.000000,1.218436,1.992226
21.390774,-81.824400,-282.000000,1.225352,2.002045
21.910774,-81.824400,-282.000000,1.250544,1.999477
22.430774,-81.824400,-282.000000,1.208966,1.982361
22.950774,-81.824400,-282.000000,1.215819,2.010867
23.470774,-81.824400,-282.000000,1.228074,1.985451
23.990774,-81.824400,-282.000000,1.236521,2.016860
24.510774,-81.824400,-282.000000,1.249690,1.993638
25.030774,-81.824400,-282.000000,1.218274,1.997855
25.550774,-81.824400,-282.000000,1.215594,1.981731
26.070774,-81.824400,-282.000000,1.225011,1.990009
26.590774,-81.824400,-282.000000,1.234674,2.000670
27.110774,-81.824400,-282.000000,1.198971,1.992259
27.630774,-81.824400,-282.000000,1.211850,1.983107
28.150774,-81.824400,-282.000000,1.264930,1.982316
28.670774,-81.824400,-282.000000,1.244055,1.996206
29.190774,-81.824400,-282.000000,1.206909,1.972647
29.710774,-81.824400,-282.000000,1.242876,1.992131
30.230774,-81.824400,-282.000000,1.293260,2.014634
30.750774,-81.824400,-282.000000,1.257570,1.983219
31.270774,-81.824400,-282.000000,1.216331,1.991409
31.790774,-81.824400,-282.000000,1.207298,1.991698
32.310774,-81.824400,-282.000000,1.226351,1.996863
32.830774,-81.824400,-282.000000,1.236791,1.993337
33.350774,-81.824400,-282.000000,1.199112,1.996436
33.870774,-81.824400,-282.000000,1.195431,1.985835
34.390774,-81.824400,-282.000000,1.189219,2.001399
34.910774,-81.824400,-282.000000,1.228118,2.013667
35.430774,-81.824400,-282.000000,1.243289,1.989656
35.950774,-81.824400,-282.000000,1.218156,1.990311
36.470774,-81.824400,-282.000000,1.196811,1.993157
36.990774,-81.824400,-282.000000,1.217092,1.975303
37.510774,-81.824400,-282.000000,1.254272,2.001771
38.030774,-81.824400,-282.000000,1.218338,1.989819
38.550774,-81.824400,-282.000000,1.191276,1.990513
39.070774,-81.824400,-282.000000,1.316134,1.995563
39.590774,-81.824400,-282.000000,1.249676,1.978616
40.110774,-81.824400,-282.000000,1.236394,1.975332
40.630774,-81.824400,-282.000000,1.238559,1.992726
41.150774,-81.824400,-282.000000,1.196515,2.001965
41.670774,-81.824400,-282.000000,1.185666,1.998971
42.190774,-81.824400,-282.000000,1.218277,1.995171
42.710774,-81.824400,-282.000000,1.218613,1.986194
43.230774,-81.824400,-282.000000,1.194901,1.991080
43.750774,-81.824400,-282.000000,1.200900,2.014135
44.270774,-81.824400,-282.000000,1.272302,1.977724
44.790774,-81.824400,-282.000000,1.237226,1.986878
45.310774,-81.824400,-282.000000,1.262697,1.987393
45.830774,-81.824400,-282.000000,1.218263,1.970634
46.350774,-81.824400,-282.000000,1.259054,1.986742
46.870774,-81.824400,-282.000000,1.246758,2.000434
47.390774,-81.824400,-282.000000,1.192080,1.982640
47.910774,-81.824400,-282.000000,1.232568,1.998883
48.430774,-81.824400,-282.000000,1.209036,1.993255
48.950774,-81.824400,-282.000000,1.241572,2.001469
49.470774,-81.824400,-282.000000,1.282212,2.012215
49.990774,-81.824400,-282.000000,1.216419,1.984790
50.510774,-81.824400,-282.000000,1.223899,2.002813
51.030774,-81.824400,-282.000000,1.273598,2.009514
51.550774,-81.824400,-282.000000,1.205203,1.996856
52.070774,-81.824400,-282.000000,1.225958,1.993245
52.590774,-81.824400,-282.000000,1.265610,2.003578
53.110774,-81.824400,-282.000000,1.240619,1.983545
53.630774,-81.824400,-282.000000,1.221386,1.993161
54.150774,-81.824400,-282.000000,1.224400,2.007324
54.670774,-81.824400,-282.000000,1.241301,2.008038
55.190774,-81.824400,-282.000000,1.232840,1.982185
55.710774,-81.824400,-282.000000,1.257959,1.987983
56.230774,-81.824400,-282.000000,1.238291,1.996303
56.750774,-81.824400,-282.000000,1.278811,1.995330
57.270774,-81.824400,-282.000000,1.240359,1.995461
57.790774,-81.824400,-282.000000,1.220577,1.989652
13.590774,-82.344400,-281.000000,1.283433,1.969934
14.110774,-82.344400,-281.000000,1.248834,1.970871
14.630774,-82.344400,-281.000000,1.218089,1.984239
15.150774,-82.344400,-281.000000,1.236817,1.986889
15.670774,-82.344400,-281.000000,1.267819,1.978689
16.190774,-82.344400,-281.000000,1.234282,1.980192
16.710774,-82.344400,-281.000000,1.286093,1.977708
17.230774,-82.344400,-281.000000,1.197833,1.990982
17.750774,-82.344400,-281.000000,1.264301,2.001597
18.270774,-82.344400,-281.000000,1.254652,1.982907
18.790774,-82.344400,-281.000000,1.233642,1.979902
19.310774,-82.344400,-281.000000,1.240175,1.981580
19.830774,-82.344400,-281.000000,1.229287,2.009254
20.350774,-82.344400,-281.000000,1.209240,1.992013
20.870774,-82.344400,-281.000000,1.214448,2.007025
21.390774,-82.344400,-281.000000,1.243513,1.988799
21.910774,-82.344400,-281.000000,1.232864,1.990051
22.430774,-82.344400,-281.000000,1.208169,1.972137
22.950774,-82.344400,-281.000000,1.345972,1.983031
23.470774,-82.344400,-281.000000,1.287057,1.996988
23.990774,-82.344400,-281.000000,1.232889,1.983669
24.510774,-82.344400,-281.000000,1.233011,1.993443
25.030774,-82.344400,-281.000000,1.226066,1.973723
25.550774,-82.344400,-281.000000,1.209453,2.004007
26.070774,-82.344400,-281.000000,1.222329,2.017975
26.590774,-82.344400,-281.000000,1.255117,1.993497
27.110774,-82.344400,-281.000000,1.238547,1.997679
27.630774,-82.344400,-281.000000,1.215342,1.974816
28.150774,-82.344400,-281.000000,1.243944,2.006161
28.670774,-82.344400,-281.000000,1.235076,1.990957
29.190774,-82.344400,-281.000000,1.228330,1.993949
29.710774,-82.344400,-281.000000,1.309852,2.000212
30.230774,-82.344400,-281.000000,1.250185,1.994206
30.750774,-82.344400,-281.000000,1.216483,2.023902
31.270774,-82.344400,-281.000000,1.224650,1.985653
31.790774,-82.344400,-281.000000,1.220424,1.988089
32.310774,-82.344400,-281.000000,1.291571,2.008593
32.830774,-82.344400,-281.000000,1.236244,1.988802
33.350774,-82.344400,-281.000000,1.232891,2.005424
33.870774,-82.344400,-281.000000,1.219918,1.992342
34.390774,-82.344400,-281.000000,1.247631,2.007260
34.910774,-82.344400,-281.000000,1.207015,1.989950
35.430774,-82.344400,-281.000000,1.236764,1.985523
35.950774,-82.344400,-281.000000,1.231755,1.973838
36.470774,-82.344400,-281.000000,1.233565,1.986526
36.990774,-82.344400,-281.000000,1.262822,1.975366
37.510774,-82.344400,-281.000000,1.257883,1.996348
38.030774,-82.344400,-281.000000,1.252284,1.978981
38.550774,-82.344400,-281.000000,1.229587,1.998596
39.070774,-82.344400,-281.000000,1.240312,1.998901
39.590774,-82.344400,-281.000000,1.217016,1.984886
40.110774,-82.344400,-281.000000,1.230253,1.972498
40.630774,-82.344400,-281.000000,1.226197,1.994842
41.150774,-82.344400,-281.000000,1.307187,2.011076
41.670774,-82.344400,-281.000000,1.234691,1.991583
42.190774,-82.344400,-281.000000,1.288582,2.001101
42.710774,-82.344400,-281.000000,1.242022,1.984771
43.230774,-82.344400,-281.000000,1.253715,2.038212
43.750774,-82.344400,-281.000000,1.195418,1.995310
44.270774,-82.344400,-281.000000,1.204150,2.010612
44.790774,-82.344400,-281.000000,1.224226,1.976969
45.310774,-82.344400,-281.000000,1.260001,1.980237
45.830774,-82.344400,-281.000000,1.223049,1.993413
46.350774,-82.344400,-281.000000,1.213045,1.976960
46.870774,-82.344400,-281.000000,1.214220,1.994052
47.390774,-82.344400,-281.000000,1.209702,1.995266
47.910774,-82.344400,-281.000000,1.233139,1.990788
48.430774,-82.344400,-281.000000,1.191298,2.007439
48.950774,-82.344400,-281.000000,1.214346,1.993647
49.470774,-82.344400,-281.000000,1.235032,1.994874
49.990774,-82.344400,-281.000000,1.195395,1.985677
50.510774,-82.344400,-281.000000,1.209743,1.987302
51.030774,-82.344400,-281.000000,1.193554,1.994932
51.550774,-82.344400,-281.000000,1.201766,2.003403
52.070774,-82.344400,-281.000000,1.215951,1.996836
52.590774,-82.344400,-281.000000,1.205332,1.972674
53.110774,-82.344400,-281.000000,1.202658,1.981097
53.630774,-82.344400,-281.000000,1.231050,1.976268
54.150774,-82.344400,-281.000000,1.252275,2.006411
54.670774,-82.344400,-281.000000,1.238689,1.994427
55.190774,-82.344400,-281.000000,1.238448,1.998737
55.710774,-82.344400,-281.000000,1.270532,1.993831
56.230774,-82.344400,-281.000000,1.237403,2.011101
56.750774,-82.344400,-281.000000,1.242102,1.998717
57.270774,-82.344400,-281.000000,1.208289,1.996344
57.790774,-82.344400,-281.000000,1.243698,2.011800
58.310774,-82.344400,-281.000000,1.281334,1.989329
58.830774,-82.344400,-281.000000,1.192985,1.982121
13.070774,-81.824400,-281.000000,1.243030,1.968761
13.590774,-81.824400,-281.000000,1.258808,1.974609
14.110774,-81.824400,-281.000000,1.235793,1.972674
14.630774,-81.824400,-281.000000,1.247108,1.984581
15.150774,-81.824400,-281.000000,1.209644,1.973962
15.670774,-81.824400,-281.000000,1.296753,1.983824
16.190774,-81.824400,-281.000000,1.254635,1.988723
16.710774,-81.824400,-281.000000,1.247290,1.985074
17.230774,-81.824400,-281.000000,1.285735,1.995758
17.750774,-81.824400,-281.000000,1.287478,2.005044
18.270774,-81.824400,-281.000000,1.226180,1.984393
18.790774,-81.824400,-281.000000,1.250226,1.988030
19.310774,-81.824400,-281.000000,1.282277,1.980850
19.830774,-81.824400,-281.000000,1.249183,2.006564
20.350774,-81.824400,-281.000000,1.240632,1.993104
20.870774,-81.824400,-281.000000,1.226576,2.005738
21.390774,-81.824400,-281.000000,1.256137,1.985774
21.910774,-81.824400,-281.000000,1.226303,1.977205
22.430774,-81.824400,-281.000000,1.241860,1.976345
22.950774,-81.824400,-281.000000,1.263192,1.991727
23.470774,-81.824400,-281.000000,1.287053,1.995383
23.990774,-81.824400,-281.000000,1.282483,1.992940
24.510774,-81.824400,-281.000000,1.227487,1.998928
25.030774,-81.824400,-281.000000,1.206132,1.976678
25.550774,-81.824400,-281.000000,1.234969,1.995699
26.070774,-81.824400,-281.000000,1.226437,2.021509
26.590774,-81.824400,-281.000000,1.219762,1.994453
27.110774,-81.824400,-281.000000,1.187234,2.004478
27.630774,-81.824400,-281.000000,1.221129,1.975580
28.150774,-81.824400,-281.000000,1.284059,2.003712
28.670774,-81.824400,-281.000000,1.299017,1.985924
29.190774,-81.824400,-281.000000,1.227424,2.006473
29.710774,-81.824400,-281.000000,1.338565,1.996924
30.230774,-81.824400,-281.000000,1.327751,1.995391
30.750774,-81.824400,-281.000000,1.231873,2.030096
31.270774,-81.824400,-281.000000,1.245289,1.991038
31.790774,-81.824400,-281.000000,1.234535,1.984085
32.310774,-81.824400,-281.000000,1.243982,2.021845
32.830774,-81.824400,-281.000000,1.254514,1.991686
33.350774,-81.824400,-281.000000,1.230025,1.994457
33.870774,-81.824400,-281.000000,1.261118,2.039444
34.390774,-81.824400,-281.000000,1.323007,2.009111
34.910774,-81.824400,-281.000000,1.237616,2.001027
35.430774,-81.824400,-281.000000,1.252900,1.984366
35.950774,-81.824400,-281.000000,1.234613,1.973569
36.470774,-81.824400,-281.000000,1.259790,1.992610
36.990774,-81.824400,-281.000000,1.262566,1.974682
37.510774,-81.824400,-281.000000,1.264842,1.999773
38.030774,-81.824400,-281.000000,1.227853,1.983897
38.550774,-81.824400,-281.000000,1.242526,2.009091
39.070774,-81.824400,-281.000000,1.260113,2.011592
39.590774,-81.824400,-281.000000,1.225120,1.986828
40.110774,-81.824400,-281.000000,1.200121,1.973271
40.630774,-81.824400,-281.000000,1.247499,2.003189
41.150774,-81.824400,-281.000000,1.270515,2.001394
41.670774,-81.824400,-281.000000,1.228285,1.991293
42.190774,-81.824400,-281.000000,1.240242,1.999345
42.710774,-81.824400,-281.000000,1.235275,1.986173
43.230774,-81.824400,-281.000000,1.240535,2.010405
43.750774,-81.824400,-281.000000,1.253533,2.011619
44.270774,-81.824400,-281.000000,1.249561,2.016799
44.790774,-81.824400,-281.000000,1.226529,1.990807
45.310774,-81.824400,-281.000000,1.243719,1.983955
45.830774,-81.824400,-281.000000,1.273926,1.992092
46.350774,-81.824400,-281.000000,1.227615,1.978497
46.870774,-81.824400,-281.000000,1.215956,2.012072
47.390774,-81.824400,-281.000000,1.254862,1.998570
47.910774,-81.824400,-281.000000,1.302534,1.998166
48.430774,-81.824400,-281.000000,1.242594,2.011758
48.950774,-81.824400,-281.000000,1.249242,2.009606
49.470774,-81.824400,-281.000000,1.222415,2.013044
49.990774,-81.824400,-281.000000,1.180236,1.989186
50.510774,-81.824400,-281.000000,1.251171,2.004470
51.030774,-81.824400,-281.000000,1.229852,1.994002
51.550774,-81.824400,-281.000000,1.232146,2.014564
52.070774,-81.824400,-281.000000,1.265721,1.998690
52.590774,-81.824400,-281.000000,1.238248,1.973099
53.110774,-81.824400,-281.000000,1.256297,1.989386
53.630774,-81.824400,-281.000000,1.236189,1.982060
54.150774,-81.824400,-281.000000,1.230053,2.000757
54.670774,-81.824400,-281.000000,1.231754,1.995883
55.190774,-81.824400,-281.000000,1.211608,2.002334
55.710774,-81.824400,-281.000000,1.234587,1.985707
56.230774,-81.824400,-281.000000,1.240263,2.023465
56.750774,-81.824400,-281.000000,1.260795,2.008756
57.270774,-81.824400,-281.000000,1.252787,2.005126
57.790774,-81.824400,-281.000000,1.243696,2.018622
58.310774,-81.824400,-281.000000,1.322863,1.994925
58.830774,-81.824400,-281.000000,1.181693,1.985298
59.350774,-81.824400,-281.000000,1.212748,1.998704
58.310774,-81.304400,-281.000000,1.311952,1.996358
13.590774,-82.344400,-280.000000,1.249509,1.964925
14.110774,-82.344400,-280.000000,1.212942,1.970476
14.630774,-82.344400,-280.000000,1.258021,1.977475
15.150774,-82.344400,-280.000000,1.225495,1.988673
15.670774,-82.344400,-280.000000,1.214408,1.986883
16.190774,-82.344400,-280.000000,1.233930,1.999105
16.710774,-82.344400,-280.000000,1.233877,1.992748
17.230774,-82.344400,-280.000000,1.237615,1.972228
17.750774,-82.344400,-280.000000,1.256137,1.999032
18.270774,-82.344400,-280.000000,1.238082,2.000750
18.790774,-82.344400,-280.000000,1.223087,1.991473
19.310774,-82.344400,-280.000000,1.220724,1.977342
19.830774,-82.344400,-280.000000,1.245411,1.986466
20.350774,-82.344400,-280.000000,1.250766,2.004910
20.870774,-82.344400,-280.000000,1.265953,1.993809
21.390774,-82.344400,-280.000000,1.236373,1.992230
21.910774,-82.344400,-280.000000,1.274032,2.010634
22.430774,-82.344400,-280.000000,1.239777,2.002749
22.950774,-82.344400,-280.000000,1.240840,2.003691
23.470774,-82.344400,-280.000000,1.235816,2.001617
23.990774,-82.344400,-280.000000,1.248390,1.996195
24.510774,-82.344400,-280.000000,1.249354,1.982531
25.030774,-82.344400,-280.000000,1.266437,1.991426
25.550774,-82.344400,-280.000000,1.271473,2.029151
26.070774,-82.344400,-280.000000,1.230270,1.977039
26.590774,-82.344400,-280.000000,1.209831,1.984620
27.110774,-82.344400,-280.000000,1.247488,1.997917
27.630774,-82.344400,-280.000000,1.245199,1.979538
28.150774,-82.344400,-280.000000,1.203137,1.981446
28.670774,-82.344400,-280.000000,1.231956,2.007168
29.190774,-82.344400,-280.000000,1.252469,1.995484
29.710774,-82.344400,-280.000000,1.241034,1.986542
30.230774,-82.344400,-280.000000,1.251048,1.983577
30.750774,-82.344400,-280.000000,1.195430,1.980913
31.270774,-82.344400,-280.000000,1.238876,1.993496
31.790774,-82.344400,-280.000000,1.240215,2.014243
32.310774,-82.344400,-280.000000,1.233165,2.015200
32.830774,-82.344400,-280.000000,1.242611,1.995109
33.350774,-82.344400,-280.000000,1.252763,2.008983
33.870774,-82.344400,-280.000000,1.249782,2.001914
34.390774,-82.344400,-280.000000,1.251919,2.006062
34.910774,-82.344400,-280.000000,1.252832,1.991408
35.430774,-82.344400,-280.000000,1.265971,1.997035
35.950774,-82.344400,-280.000000,1.255213,1.988676
36.470774,-82.344400,-280.000000,1.234175,1.997093
36.990774,-82.344400,-280.000000,1.245386,1.998083
37.510774,-82.344400,-280.000000,1.200913,1.983700
38.030774,-82.344400,-280.000000,1.191305,1.969867
38.550774,-82.344400,-280.000000,1.253652,1.981925
39.070774,-82.344400,-280.000000,1.244122,1.984918
39.590774,-82.344400,-280.000000,1.238690,1.986008
40.110774,-82.344400,-280.000000,1.217396,1.992589
40.630774,-82.344400,-280.000000,1.230202,1.988779
41.150774,-82.344400,-280.000000,1.216470,1.985990
41.670774,-82.344400,-280.000000,1.231904,1.999040
42.190774,-82.344400,-280.000000,1.274611,2.004005
42.710774,-82.344400,-280.000000,1.277551,2.043188
43.230774,-82.344400,-280.000000,1.219307,1.988247
43.750774,-82.344400,-280.000000,1.241256,1.991359
44.270774,-82.344400,-280.000000,1.247498,2.017435
44.790774,-82.344400,-280.000000,1.267294,1.990464
45.310774,-82.344400,-280.000000,1.219130,1.982893
45.830774,-82.344400,-280.000000,1.261012,1.990465
46.350774,-82.344400,-280.000000,1.221562,1.993588
46.870774,-82.344400,-280.000000,1.236293,1.995591
47.390774,-82.344400,-280.000000,1.190755,1.991447
47.910774,-82.344400,-280.000000,1.188666,1.991863
48.430774,-82.344400,-280.000000,1.197801,1.980259
48.950774,-82.344400,-280.000000,1.252607,1.986127
49.470774,-82.344400,-280.000000,1.240409,1.999523
49.990774,-82.344400,-280.000000,1.221310,1.993810
50.510774,-82.344400,-280.000000,1.205761,1.983378
51.030774,-82.344400,-280.000000,1.269022,1.985176
51.550774,-82.344400,-280.000000,1.231386,1.995003
52.070774,-82.344400,-280.000000,1.315693,1.990329
52.590774,-82.344400,-280.000000,1.233635,1.986199
53.110774,-82.344400,-280.000000,1.236551,1.987708
53.630774,-82.344400,-280.000000,1.221749,2.015734
54.150774,-82.344400,-280.000000,1.217111,2.000000
54.670774,-82.344400,-280.000000,1.283075,1.995682
55.190774,-82.344400,-280.000000,1.202297,1.983305
55.710774,-82.344400,-280.000000,1.198623,1.995654
56.230774,-82.344400,-280.000000,1.241398,1.996640
56.750774,-82.344400,-280.000000,1.271330,1.996526
57.270774,-82.344400,-280.000000,1.230872,1.988833
57.790774,-82.344400,-280.000000,1.220569,2.007160
58.310774,-82.344400,-280.000000,1.249421,1.995309
58.830774,-82.344400,-280.000000,1.292655,2.008826
59.350774,-82.344400,-280.000000,1.254030,2.007442
59.870774,-82.344400,-280.000000,1.335103,2.004673
60.390774,-82.344400,-280.000000,1.278114,2.003800
60.910774,-82.344400,-280.000000,1.248426,2.004030
13.070774,-81.824400,-280.000000,1.258594,1.972838
13.590774,-81.824400,-280.000000,1.227286,1.973756
14.110774,-81.824400,-280.000000,1.256652,1.978777
14.630774,-81.824400,-280.000000,1.258201,1.977967
15.150774,-81.824400,-280.000000,1.304593,1.997883
15.670774,-81.824400,-280.000000,1.262157,1.994213
16.190774,-81.824400,-280.000000,1.248767,2.006719
16.710774,-81.824400,-280.000000,1.293329,1.992653
17.230774,-81.824400,-280.000000,1.280252,1.978683
17.750774,-81.824400,-280.000000,1.251260,2.000369
18.270774,-81.824400,-280.000000,1.249814,2.004496
18.790774,-81.824400,-280.000000,1.206179,1.993342
19.310774,-81.824400,-280.000000,1.253231,1.973119
19.830774,-81.824400,-280.000000,1.268841,1.988780
20.350774,-81.824400,-280.000000,1.215716,2.001652
20.870774,-81.824400,-280.000000,1.227726,1.996621
21.390774,-81.824400,-280.000000,1.299012,1.987448
21.910774,-81.824400,-280.000000,1.278534,2.004436
22.430774,-81.824400,-280.000000,1.259488,2.005186
22.950774,-81.824400,-280.000000,1.258973,2.007800
23.470774,-81.824400,-280.000000,1.251058,2.008738
23.990774,-81.824400,-280.000000,1.204114,2.011081
24.510774,-81.824400,-280.000000,1.259126,1.988919
25.030774,-81.824400,-280.000000,1.261002,1.990442
25.550774,-81.824400,-280.000000,1.233047,2.019372
26.070774,-81.824400,-280.000000,1.203714,1.974455
26.590774,-81.824400,-280.000000,1.194065,1.986115
27.110774,-81.824400,-280.000000,1.225437,1.986715
27.630774,-81.824400,-280.000000,1.230190,1.982339
28.150774,-81.824400,-280.000000,1.236390,1.988384
28.670774,-81.824400,-280.000000,1.222718,2.007645
29.190774,-81.824400,-280.000000,1.232524,2.007876
29.710774,-81.824400,-280.000000,1.287229,1.990988
30.230774,-81.824400,-280.000000,1.244152,1.985398
30.750774,-81.824400,-280.000000,1.257937,2.002116
31.270774,-81.824400,-280.000000,1.222008,2.000214
31.790774,-81.824400,-280.000000,1.244155,2.012618
32.310774,-81.824400,-280.000000,1.223369,2.018388
32.830774,-81.824400,-280.000000,1.198712,1.995266
33.350774,-81.824400,-280.000000,1.252932,1.996663
33.870774,-81.824400,-280.000000,1.255054,2.007431
34.390774,-81.824400,-280.000000,1.231795,2.012197
34.910774,-81.824400,-280.000000,1.227603,1.987558
35.430774,-81.824400,-280.000000,1.280988,2.002169
35.950774,-81.824400,-280.000000,1.285498,1.999336
36.470774,-81.824400,-280.000000,1.240148,1.996174
36.990774,-81.824400,-280.000000,1.226210,1.998835
37.510774,-81.824400,-280.000000,1.234844,1.997282
38.030774,-81.824400,-280.000000,1.192496,1.982726
38.550774,-81.824400,-280.000000,1.246215,1.987050
39.070774,-81.824400,-280.000000,1.275509,1.988503
39.590774,-81.824400,-280.000000,1.235245,1.995719
40.110774,-81.824400,-280.000000,1.217363,1.994552
40.630774,-81.824400,-280.000000,1.244627,1.987201
41.150774,-81.824400,-280.000000,1.256192,1.990758
41.670774,-81.824400,-280.000000,1.258775,2.007423
42.190774,-81.824400,-280.000000,1.210531,1.994048
42.710774,-81.824400,-280.000000,1.270667,2.012350
43.230774,-81.824400,-280.000000,1.206817,1.999287
43.750774,-81.824400,-280.000000,1.242416,1.998693
44.270774,-81.824400,-280.000000,1.243097,2.041991
44.790774,-81.824400,-280.000000,1.227514,1.989942
45.310774,-81.824400,-280.000000,1.228448,1.980331
45.830774,-81.824400,-280.000000,1.279859,1.986138
46.350774,-81.824400,-280.000000,1.226350,1.990810
46.870774,-81.824400,-280.000000,1.218661,1.995873
47.390774,-81.824400,-280.000000,1.206347,1.992268
47.910774,-81.824400,-280.000000,1.203967,1.992042
48.430774,-81.824400,-280.000000,1.262866,1.986996
48.950774,-81.824400,-280.000000,1.259124,1.988062
49.470774,-81.824400,-280.000000,1.262561,1.990060
49.990774,-81.824400,-280.000000,1.222786,1.990974
50.510774,-81.824400,-280.000000,1.223068,1.980941
51.030774,-81.824400,-280.000000,1.276873,1.991634
51.550774,-81.824400,-280.000000,1.251885,2.004415
52.070774,-81.824400,-280.000000,1.259838,1.997001
52.590774,-81.824400,-280.000000,1.332327,1.989000
53.110774,-81.824400,-280.000000,1.263112,1.987741
53.630774,-81.824400,-280.000000,1.216690,2.020594
54.150774,-81.824400,-280.000000,1.236581,2.012007
54.670774,-81.824400,-280.000000,1.244961,2.007085
55.190774,-81.824400,-280.000000,1.229670,1.984663
55.710774,-81.824400,-280.000000,1.210295,2.012123
56.230774,-81.824400,-280.000000,1.236044,1.992941
56.750774,-81.824400,-280.000000,1.247525,2.007793
57.270774,-81.824400,-280.000000,1.250150,1.993699
57.790774,-81.824400,-280.000000,1.275789,2.006740
58.310774,-81.824400,-280.000000,1.236814,2.000923
58.830774,-81.824400,-280.000000,1.220349,2.018091
59.350774,-81.824400,-280.000000,1.260820,2.017712
59.870774,-81.824400,-280.000000,1.243985,2.000082
60.390774,-81.824400,-280.000000,1.276079,2.014073
60.910774,-81.824400,-280.000000,1.244901,2.004830
61.430774,-81.824400,-280.000000,1.287135,2.006367
60.910774,-81.304400,-280.000000,1.225105,2.002470
13.590774,-82.344400,-279.000000,1.264605,1.974661
14.110774,-82.344400,-279.000000,1.229107,1.977565
14.630774,-82.344400,-279.000000,1.244202,1.988672
15.150774,-82.344400,-279.000000,1.208052,1.975098
15.670774,-82.344400,-279.000000,1.184117,1.974881
16.190774,-82.344400,-279.000000,1.219015,1.999540
16.710774,-82.344400,-279.000000,1.239096,2.006477
17.230774,-82.344400,-279.000000,1.261688,1.979374
17.750774,-82.344400,-279.000000,1.233059,1.982625
18.270774,-82.344400,-279.000000,1.219621,1.993074
18.790774,-82.344400,-279.000000,1.212880,1.996261
19.310774,-82.344400,-279.000000,1.274808,1.988155
19.830774,-82.344400,-279.000000,1.238887,1.989505
20.350774,-82.344400,-279.000000,1.219728,1.985758
20.870774,-82.344400,-279.000000,1.255360,2.011691
21.390774,-82.344400,-279.000000,1.232111,1.987456
21.910774,-82.344400,-279.000000,1.223983,1.991099
22.430774,-82.344400,-279.000000,1.213924,1.973580
22.950774,-82.344400,-279.000000,1.211431,1.986616
23.470774,-82.344400,-279.000000,1.187249,1.995030
23.990774,-82.344400,-279.000000,1.203421,1.994842
24.510774,-82.344400,-279.000000,1.231598,2.005850
25.030774,-82.344400,-279.000000,1.272254,2.008404
25.550774,-82.344400,-279.000000,1.262864,1.997496
26.070774,-82.344400,-279.000000,1.247482,1.987952
26.590774,-82.344400,-279.000000,1.252061,2.033771
27.110774,-82.344400,-279.000000,1.252699,1.990034
27.630774,-82.344400,-279.000000,1.245051,2.000573
28.150774,-82.344400,-279.000000,1.273225,1.977072
28.670774,-82.344400,-279.000000,1.252027,1.999797
29.190774,-82.344400,-279.000000,1.238512,1.982366
29.710774,-82.344400,-279.000000,1.213960,1.986454
30.230774,-82.344400,-279.000000,1.265743,2.010522
30.750774,-82.344400,-279.000000,1.286271,2.004123
31.270774,-82.344400,-279.000000,1.280425,1.999890
31.790774,-82.344400,-279.000000,1.230788,1.987484
32.310774,-82.344400,-279.000000,1.278259,1.999137
32.830774,-82.344400,-279.000000,1.242983,2.015600
33.350774,-82.344400,-279.000000,1.282399,2.001314
33.870774,-82.344400,-279.000000,1.214063,2.006455
34.390774,-82.344400,-279.000000,1.228129,1.992017
34.910774,-82.344400,-279.000000,1.208280,2.018960
35.430774,-82.344400,-279.000000,1.287840,1.995650
35.950774,-82.344400,-279.000000,1.251692,1.991597
36.470774,-82.344400,-279.000000,1.310167,1.984160
36.990774,-82.344400,-279.000000,1.253843,2.006715
37.510774,-82.344400,-279.000000,1.219216,2.002729
38.030774,-82.344400,-279.000000,1.239790,1.987972
38.550774,-82.344400,-279.000000,1.250674,2.025963
39.070774,-82.344400,-279.000000,1.244226,1.979307
39.590774,-82.344400,-279.000000,1.284078,2.013199
40.110774,-82.344400,-279.000000,1.262480,1.992060
40.630774,-82.344400,-279.000000,1.240577,1.989841
41.150774,-82.344400,-279.000000,1.204367,1.985229
41.670774,-82.344400,-279.000000,1.207947,2.000049
42.190774,-82.344400,-279.000000,1.263264,1.995951
42.710774,-82.344400,-279.000000,1.249687,1.985972
43.230774,-82.344400,-279.000000,1.305912,2.020311
43.750774,-82.344400,-279.000000,1.339543,1.991959
44.270774,-82.344400,-279.000000,1.206308,1.985115
44.790774,-82.344400,-279.000000,1.276742,2.010076
45.310774,-82.344400,-279.000000,1.248070,1.999111
45.830774,-82.344400,-279.000000,1.213402,1.993590
46.350774,-82.344400,-279.000000,1.237074,2.002916
46.870774,-82.344400,-279.000000,1.280719,1.983859
47.390774,-82.344400,-279.000000,1.224997,2.015785
47.910774,-82.344400,-279.000000,1.233120,1.974100
48.430774,-82.344400,-279.000000,1.252327,2.010323
48.950774,-82.344400,-279.000000,1.302113,2.000380
49.470774,-82.344400,-279.000000,1.277895,1.987853
49.990774,-82.344400,-279.000000,1.263572,1.982400
50.510774,-82.344400,-279.000000,1.242416,1.991535
51.030774,-82.344400,-279.000000,1.219245,2.000073
51.550774,-82.344400,-279.000000,1.260646,1.989942
52.070774,-82.344400,-279.000000,1.223856,1.998040
52.590774,-82.344400,-279.000000,1.256473,1.991575
53.110774,-82.344400,-279.000000,1.257034,1.994496
53.630774,-82.344400,-279.000000,1.250052,1.996120
54.150774,-82.344400,-279.000000,1.248718,1.998525
54.670774,-82.344400,-279.000000,1.279586,1.992175
55.190774,-82.344400,-279.000000,1.260790,2.003378
55.710774,-82.344400,-279.000000,1.244495,2.011816
56.230774,-82.344400,-279.000000,1.249601,1.997087
56.750774,-82.344400,-279.000000,1.227546,1.980740
57.270774,-82.344400,-279.000000,1.252849,1.987030
57.790774,-82.344400,-279.000000,1.275688,1.984896
58.310774,-82.344400,-279.000000,1.291647,2.011872
58.830774,-82.344400,-279.000000,1.276512,2.017544
59.350774,-82.344400,-279.000000,1.256865,1.991090
59.870774,-82.344400,-279.000000,1.273184,2.004424
60.390774,-82.344400,-279.000000,1.273644,1.997463
60.910774,-82.344400,-279.000000,1.246270,1.983460
61.430774,-82.344400,-279.000000,1.269510,1.996165
61.950774,-82.344400,-279.000000,1.211235,1.978955
62.470774,-82.344400,-279.000000,1.244152,1.989041
13.070774,-81.824400,-279.000000,1.230794,1.965253
13.590774,-81.824400,-279.000000,1.226869,1.987209
14.110774,-81.824400,-279.000000,1.250236,1.986465
14.630774,-81.824400,-279.000000,1.261471,1.998399
15.150774,-81.824400,-279.000000,1.228549,1.985817
15.670774,-81.824400,-279.000000,1.232982,1.981417
16.190774,-81.824400,-279.000000,1.214159,2.003358
16.710774,-81.824400,-279.000000,1.258887,2.004277
17.230774,-81.824400,-279.000000,1.222787,1.981488
17.750774,-81.824400,-279.000000,1.275483,1.996666
18.270774,-81.824400,-279.000000,1.265363,1.994950
18.790774,-81.824400,-279.000000,1.207603,2.008826
19.310774,-81.824400,-279.000000,1.230364,1.986647
19.830774,-81.824400,-279.000000,1.247592,2.005759
20.350774,-81.824400,-279.000000,1.224907,1.991858
20.870774,-81.824400,-279.000000,1.282598,1.994351
21.390774,-81.824400,-279.000000,1.222847,1.990425
21.910774,-81.824400,-279.000000,1.239162,1.985974
22.430774,-81.824400,-279.000000,1.199985,1.974243
22.950774,-81.824400,-279.000000,1.240921,1.993298
23.470774,-81.824400,-279.000000,1.241676,1.995459
23.990774,-81.824400,-279.000000,1.247616,2.008114
24.510774,-81.824400,-279.000000,1.227017,2.009255
25.030774,-81.824400,-279.000000,1.255727,2.009823
25.550774,-81.824400,-279.000000,1.201902,1.994520
26.070774,-81.824400,-279.000000,1.255626,1.999940
26.590774,-81.824400,-279.000000,1.227665,2.032127
27.110774,-81.824400,-279.000000,1.214917,1.998343
27.630774,-81.824400,-279.000000,1.261267,1.999997
28.150774,-81.824400,-279.000000,1.259585,1.982644
28.670774,-81.824400,-279.000000,1.294878,1.997856
29.190774,-81.824400,-279.000000,1.292678,1.994609
29.710774,-81.824400,-279.000000,1.245479,1.997777
30.230774,-81.824400,-279.000000,1.238335,1.994438
30.750774,-81.824400,-279.000000,1.304039,2.010229
31.270774,-81.824400,-279.000000,1.254602,2.012393
31.790774,-81.824400,-279.000000,1.263549,1.997668
32.310774,-81.824400,-279.000000,1.271056,1.989265
32.830774,-81.824400,-279.000000,1.248202,2.022138
33.350774,-81.824400,-279.000000,1.231431,2.004440
33.870774,-81.824400,-279.000000,1.218799,2.003158
34.390774,-81.824400,-279.000000,1.239465,2.001201
34.910774,-81.824400,-279.000000,1.234780,2.018548
35.430774,-81.824400,-279.000000,1.287136,2.000683
35.950774,-81.824400,-279.000000,1.218027,1.986472
36.470774,-81.824400,-279.000000,1.246411,1.984668
36.990774,-81.824400,-279.000000,1.270456,2.000025
37.510774,-81.824400,-279.000000,1.243752,2.012674
38.030774,-81.824400,-279.000000,1.226421,1.994679
38.550774,-81.824400,-279.000000,1.237430,2.010043
39.070774,-81.824400,-279.000000,1.271603,1.981590
39.590774,-81.824400,-279.000000,1.251493,2.011640
40.110774,-81.824400,-279.000000,1.239643,1.998567
40.630774,-81.824400,-279.000000,1.282653,1.991168
41.150774,-81.824400,-279.000000,1.297289,1.994014
41.670774,-81.824400,-279.000000,1.239724,1.996776
42.190774,-81.824400,-279.000000,1.209270,1.991967
42.710774,-81.824400,-279.000000,1.272113,1.978963
43.230774,-81.824400,-279.000000,1.300213,2.023744
43.750774,-81.824400,-279.000000,1.248717,1.996453
44.270774,-81.824400,-279.000000,1.253141,1.995546
44.790774,-81.824400,-279.000000,1.289643,2.007135
45.310774,-81.824400,-279.000000,1.228099,2.003263
45.830774,-81.824400,-279.000000,1.238385,2.008207
46.350774,-81.824400,-279.000000,1.261246,1.995990
46.870774,-81.824400,-279.000000,1.227019,1.986065
47.390774,-81.824400,-279.000000,1.295470,2.018644
47.910774,-81.824400,-279.000000,1.229920,2.005973
48.430774,-81.824400,-279.000000,1.209165,1.999658
48.950774,-81.824400,-279.000000,1.271645,1.991703
49.470774,-81.824400,-279.000000,1.254347,1.994131
49.990774,-81.824400,-279.000000,1.256256,1.989650
50.510774,-81.824400,-279.000000,1.248056,1.998058
51.030774,-81.824400,-279.000000,1.271959,2.007685
51.550774,-81.824400,-279.000000,1.250719,2.003779
52.070774,-81.824400,-279.000000,1.273244,1.997821
52.590774,-81.824400,-279.000000,1.224483,1.993700
53.110774,-81.824400,-279.000000,1.235057,1.998316
53.630774,-81.824400,-279.000000,1.293911,1.993586
54.150774,-81.824400,-279.000000,1.213941,2.006056
54.670774,-81.824400,-279.000000,1.223498,1.996043
55.190774,-81.824400,-279.000000,1.253666,2.006671
55.710774,-81.824400,-279.000000,1.256891,2.009375
56.230774,-81.824400,-279.000000,1.220709,1.998847
56.750774,-81.824400,-279.000000,1.246927,1.983371
57.270774,-81.824400,-279.000000,1.204432,1.994158
57.790774,-81.824400,-279.000000,1.257692,1.983267
58.310774,-81.824400,-279.000000,1.253194,2.004141
58.830774,-81.824400,-279.000000,1.246444,2.000843
59.350774,-81.824400,-279.000000,1.222243,1.989531
59.870774,-81.824400,-279.000000,1.286420,2.029103
60.390774,-81.824400,-279.000000,1.285361,1.998002
60.910774,-81.824400,-279.000000,1.232048,1.991478
61.430774,-81.824400,-279.000000,1.336400,1.995379
61.950774,-81.824400,-279.000000,1.260818,1.980067
62.470774,-81.824400,-279.000000,1.261586,1.994715
62.990774,-81.824400,-279.000000,1.260328,2.023476
61.430774,-81.304400,-279.000000,1.323110,2.007162
13.590774,-82.344400,-278.000000,1.230047,1.960618
14.110774,-82.344400,-278.000000,1.224006,1.972261
14.630774,-82.344400,-278.000000,1.265102,2.004474
15.150774,-82.344400,-278.000000,1.231390,1.992715
15.670774,-82.344400,-278.000000,1.251320,2.003157
16.190774,-82.344400,-278.000000,1.224876,1.997247
16.710774,-82.344400,-278.000000,1.266931,1.989367
17.230774,-82.344400,-278.000000,1.274722,2.001108
17.750774,-82.344400,-278.000000,1.292537,2.004826
18.270774,-82.344400,-278.000000,1.216295,1.991356
18.790774,-82.344400,-278.000000,1.227929,1.995765
19.310774,-82.344400,-278.000000,1.277494,2.015268
19.830774,-82.344400,-278.000000,1.235902,1.989287
20.350774,-82.344400,-278.000000,1.240514,2.012282
20.870774,-82.344400,-278.000000,1.282301,1.967789
21.390774,-82.344400,-278.000000,1.331650,1.985566
21.910774,-82.344400,-278.000000,1.211946,1.979121
22.430774,-82.344400,-278.000000,1.207211,1.978177
22.950774,-82.344400,-278.000000,1.254845,1.982584
23.470774,-82.344400,-278.000000,1.305892,2.005588
23.990774,-82.344400,-278.000000,1.277008,1.997884
24.510774,-82.344400,-278.000000,1.234858,1.999113
25.030774,-82.344400,-278.000000,1.236496,1.986500
25.550774,-82.344400,-278.000000,1.291288,1.993304
26.070774,-82.344400,-278.000000,1.326391,1.986853
26.590774,-82.344400,-278.000000,1.255999,1.993380
27.110774,-82.344400,-278.000000,1.238319,1.992766
27.630774,-82.344400,-278.000000,1.261586,1.998060
28.150774,-82.344400,-278.000000,1.240645,1.999086
28.670774,-82.344400,-278.000000,1.204567,1.988346
29.190774,-82.344400,-278.000000,1.227909,2.006132
29.710774,-82.344400,-278.000000,1.300823,1.996220
30.230774,-82.344400,-278.000000,1.274142,2.001824
30.750774,-82.344400,-278.000000,1.227876,1.988050
31.270774,-82.344400,-278.000000,1.245503,1.991274
31.790774,-82.344400,-278.000000,1.270138,2.021873
32.310774,-82.344400,-278.000000,1.268537,2.004606
32.830774,-82.344400,-278.000000,1.237228,1.984482
33.350774,-82.344400,-278.000000,1.219232,1.999581
33.870774,-82.344400,-278.000000,1.247098,2.003949
34.390774,-82.344400,-278.000000,1.232988,2.028650
34.910774,-82.344400,-278.000000,1.269642,1.997784
35.430774,-82.344400,-278.000000,1.283275,2.008234
35.950774,-82.344400,-278.000000,1.287461,1.994019
36.470774,-82.344400,-278.000000,1.233136,2.011019
36.990774,-82.344400,-278.000000,1.240767,1.997081
37.510774,-82.344400,-278.000000,1.265390,1.991371
38.030774,-82.344400,-278.000000,1.218156,1.975605
38.550774,-82.344400,-278.000000,1.305677,1.987864
39.070774,-82.344400,-278.000000,1.229474,2.000003
39.590774,-82.344400,-278.000000,1.243459,1.986930
40.110774,-82.344400,-278.000000,1.260087,1.978008
40.630774,-82.344400,-278.000000,1.213741,1.988159
41.150774,-82.344400,-278.000000,1.297021,1.996684
41.670774,-82.344400,-278.000000,1.279629,2.027000
42.190774,-82.344400,-278.000000,1.313633,2.004403
42.710774,-82.344400,-278.000000,1.251005,2.006235
43.230774,-82.344400,-278.000000,1.241752,1.985524
43.750774,-82.344400,-278.000000,1.247646,2.008131
44.270774,-82.344400,-278.000000,1.248469,2.000674
44.790774,-82.344400,-278.000000,1.266208,2.002448
45.310774,-82.344400,-278.000000,1.231631,2.005072
45.830774,-82.344400,-278.000000,1.274338,1.994946
46.350774,-82.344400,-278.000000,1.279200,1.997874
46.870774,-82.344400,-278.000000,1.248881,2.004345
47.390774,-82.344400,-278.000000,1.236099,2.021729
47.910774,-82.344400,-278.000000,1.282490,2.002648
48.430774,-82.344400,-278.000000,1.275646,2.011186
48.950774,-82.344400,-278.000000,1.218093,2.005250
49.470774,-82.344400,-278.000000,1.262568,1.981408
49.990774,-82.344400,-278.000000,1.285967,2.015828
50.510774,-82.344400,-278.000000,1.264512,2.006715
51.030774,-82.344400,-278.000000,1.276269,2.005747
51.550774,-82.344400,-278.000000,1.273371,1.997684
52.070774,-82.344400,-278.000000,1.266851,2.002530
52.590774,-82.344400,-278.000000,1.267373,1.992971
53.110774,-82.344400,-278.000000,1.229613,1.977667
53.630774,-82.344400,-278.000000,1.266842,2.006506
54.150774,-82.344400,-278.000000,1.273522,2.002663
54.670774,-82.344400,-278.000000,1.292718,2.009810
55.190774,-82.344400,-278.000000,1.267593,1.998970
55.710774,-82.344400,-278.000000,1.279613,1.981807
56.230774,-82.344400,-278.000000,1.256951,2.004711
56.750774,-82.344400,-278.000000,1.263907,1.997351
57.270774,-82.344400,-278.000000,1.327344,1.988157
57.790774,-82.344400,-278.000000,1.281166,2.002611
58.310774,-82.344400,-278.000000,1.266783,2.010074
58.830774,-82.344400,-278.000000,1.272114,1.984948
59.350774,-82.344400,-278.000000,1.247751,1.993559
59.870774,-82.344400,-278.000000,1.229962,1.978233
60.390774,-82.344400,-278.000000,1.273201,2.016350
60.910774,-82.344400,-278.000000,1.244337,2.009615
61.430774,-82.344400,-278.000000,1.303716,2.037891
61.950774,-82.344400,-278.000000,1.320727,2.007995
62.470774,-82.344400,-278.000000,1.277605,1.986768
62.990774,-82.344400,-278.000000,1.213828,1.990932
63.510774,-82.344400,-278.000000,1.244955,1.987552
64.030774,-82.344400,-278.000000,1.227566,2.024527
13.070774,-81.824400,-278.000000,1.222178,1.978396
13.590774,-81.824400,-278.000000,1.285835,1.967271
14.110774,-81.824400,-278.000000,1.290843,1.982305
14.630774,-81.824400,-278.000000,1.240168,1.998795
15.150774,-81.824400,-278.000000,1.238062,1.994735
15.670774,-81.824400,-278.000000,1.245208,2.004027
16.190774,-81.824400,-278.000000,1.241264,2.012933
16.710774,-81.824400,-278.000000,1.239571,1.988251
17.230774,-81.824400,-278.000000,1.247302,1.997677
17.750774,-81.824400,-278.000000,1.210299,1.995506
18.270774,-81.824400,-278.000000,1.249207,2.002059
18.790774,-81.824400,-278.000000,1.254417,1.989878
19.310774,-81.824400,-278.000000,1.293019,2.033952
19.830774,-81.824400,-278.000000,1.287456,2.001993
20.350774,-81.824400,-278.000000,1.263788,2.009296
20.870774,-81.824400,-278.000000,1.297820,1.971236
21.390774,-81.824400,-278.000000,1.262058,2.005586
21.910774,-81.824400,-278.000000,1.214589,1.994474
22.430774,-81.824400,-278.000000,1.213451,1.980809
22.950774,-81.824400,-278.000000,1.253094,1.996551
23.470774,-81.824400,-278.000000,1.256033,2.006823
23.990774,-81.824400,-278.000000,1.240157,1.997115
24.510774,-81.824400,-278.000000,1.287589,2.003595
25.030774,-81.824400,-278.000000,1.284911,1.998755
25.550774,-81.824400,-278.000000,1.240306,1.988242
26.070774,-81.824400,-278.000000,1.292241,1.988450
26.590774,-81.824400,-278.000000,1.255968,2.000301
27.110774,-81.824400,-278.000000,1.266750,2.010367
27.630774,-81.824400,-278.000000,1.234324,1.993198
28.150774,-81.824400,-278.000000,1.279906,1.993984
28.670774,-81.824400,-278.000000,1.236291,2.000349
29.190774,-81.824400,-278.000000,1.250385,2.007271
29.710774,-81.824400,-278.000000,1.295692,2.003075
30.230774,-81.824400,-278.000000,1.290080,2.020181
30.750774,-81.824400,-278.000000,1.237501,1.995806
31.270774,-81.824400,-278.000000,1.294791,1.991619
31.790774,-81.824400,-278.000000,1.277436,2.024043
32.310774,-81.824400,-278.000000,1.227583,1.993738
32.830774,-81.824400,-278.000000,1.261682,1.990388
33.350774,-81.824400,-278.000000,1.241071,2.004818
33.870774,-81.824400,-278.000000,1.237000,1.997892
34.390774,-81.824400,-278.000000,1.220308,2.014756
34.910774,-81.824400,-278.000000,1.253169,1.987287
35.430774,-81.824400,-278.000000,1.255885,1.997910
35.950774,-81.824400,-278.000000,1.295214,1.997560
36.470774,-81.824400,-278.000000,1.256379,2.021681
36.990774,-81.824400,-278.000000,1.259822,1.994458
37.510774,-81.824400,-278.000000,1.235498,1.989706
38.030774,-81.824400,-278.000000,1.228925,1.986030
38.550774,-81.824400,-278.000000,1.269938,1.991342
39.070774,-81.824400,-278.000000,1.189518,1.999785
39.590774,-81.824400,-278.000000,1.219366,1.990144
40.110774,-81.824400,-278.000000,1.209655,1.974323
40.630774,-81.824400,-278.000000,1.231288,1.991997
41.150774,-81.824400,-278.000000,1.227837,1.997190
41.670774,-81.824400,-278.000000,1.289618,2.018010
42.190774,-81.824400,-278.000000,1.271474,2.007328
42.710774,-81.824400,-278.000000,1.267305,2.020021
43.230774,-81.824400,-278.000000,1.270314,1.975279
43.750774,-81.824400,-278.000000,1.280404,2.011400
44.270774,-81.824400,-278.000000,1.281287,2.029009
44.790774,-81.824400,-278.000000,1.316552,1.982674
45.310774,-81.824400,-278.000000,1.231458,2.017563
45.830774,-81.824400,-278.000000,1.236932,1.985881
46.350774,-81.824400,-278.000000,1.265865,2.010071
46.870774,-81.824400,-278.000000,1.239506,1.990978
47.390774,-81.824400,-278.000000,1.264055,2.009103
47.910774,-81.824400,-278.000000,1.200441,2.002412
48.430774,-81.824400,-278.000000,1.273969,2.008652
48.950774,-81.824400,-278.000000,1.265284,2.013489
49.470774,-81.824400,-278.000000,1.255994,1.987133
49.990774,-81.824400,-278.000000,1.315082,2.028474
50.510774,-81.824400,-278.000000,1.302649,2.025659
51.030774,-81.824400,-278.000000,1.252381,1.995813
51.550774,-81.824400,-278.000000,1.280828,1.998102
52.070774,-81.824400,-278.000000,1.255320,2.004687
52.590774,-81.824400,-278.000000,1.252640,2.001555
53.110774,-81.824400,-278.000000,1.252275,1.977364
53.630774,-81.824400,-278.000000,1.289323,2.001575
54.150774,-81.824400,-278.000000,1.297780,2.001939
54.670774,-81.824400,-278.000000,1.233491,2.008601
55.190774,-81.824400,-278.000000,1.283179,1.990287
55.710774,-81.824400,-278.000000,1.276279,1.986025
56.230774,-81.824400,-278.000000,1.270825,2.014104
56.750774,-81.824400,-278.000000,1.247700,2.000245
57.270774,-81.824400,-278.000000,1.283263,1.987401
57.790774,-81.824400,-278.000000,1.306765,1.994872
58.310774,-81.824400,-278.000000,1.286609,1.997584
58.830774,-81.824400,-278.000000,1.306258,1.990539
59.350774,-81.824400,-278.000000,1.229517,2.002573
59.870774,-81.824400,-278.000000,1.244033,1.989528
60.390774,-81.824400,-278.000000,1.273883,2.013809
60.910774,-81.824400,-278.000000,1.271055,1.994424
61.430774,-81.824400,-278.000000,1.222194,1.997949
61.950774,-81.824400,-278.000000,1.277178,2.003958
62.470774,-81.824400,-278.000000,1.235008,1.987292
62.990774,-81.824400,-278.000000,1.253340,1.993292
63.510774,-81.824400,-278.000000,1.253210,1.990453
64.030774,-81.824400,-278.000000,1.221961,2.014267
64.550774,-81.824400,-278.000000,1.216298,2.001658
65.070774,-81.824400,-278.000000,1.257892,1.999894
63.510774,-81.304400,-278.000000,1.264455,1.990892
13.590774,-82.344400,-277.000000,1.252655,1.970696
14.110774,-82.344400,-277.000000,1.312054,1.975070
14.630774,-82.344400,-277.000000,1.220923,1.994029
15.150774,-82.344400,-277.000000,1.213115,2.005735
15.670774,-82.344400,-277.000000,1.215362,1.997816
16.190774,-82.344400,-277.000000,1.225279,1.994123
16.710774,-82.344400,-277.000000,1.255799,2.007787
17.230774,-82.344400,-277.000000,1.226518,1.993342
17.750774,-82.344400,-277.000000,1.254928,1.988546
18.270774,-82.344400,-277.000000,1.224748,1.993474
18.790774,-82.344400,-277.000000,1.263067,1.998990
19.310774,-82.344400,-277.000000,1.248039,1.977466
19.830774,-82.344400,-277.000000,1.203488,1.987524
20.350774,-82.344400,-277.000000,1.226588,1.993545
20.870774,-82.344400,-277.000000,1.229401,1.991798
21.390774,-82.344400,-277.000000,1.251125,1.996868
21.910774,-82.344400,-277.000000,1.257540,1.981204
22.430774,-82.344400,-277.000000,1.288206,1.994115
22.950774,-82.344400,-277.000000,1.229959,1.991726
23.470774,-82.344400,-277.000000,1.289722,1.995000
23.990774,-82.344400,-277.000000,1.264930,2.004040
24.510774,-82.344400,-277.000000,1.252128,1.998915
25.030774,-82.344400,-277.000000,1.279591,1.996675
25.550774,-82.344400,-277.000000,1.288139,2.005163
26.070774,-82.344400,-277.000000,1.243825,1.981451
26.590774,-82.344400,-277.000000,1.240093,1.998873
27.110774,-82.344400,-277.000000,1.225743,2.013623
27.630774,-82.344400,-277.000000,1.254660,1.987890
28.150774,-82.344400,-277.000000,1.230272,2.009723
28.670774,-82.344400,-277.000000,1.238832,2.003238
29.190774,-82.344400,-277.000000,1.303272,2.003907
29.710774,-82.344400,-277.000000,1.276604,1.997116
30.230774,-82.344400,-277.000000,1.276422,2.012217
30.750774,-82.344400,-277.000000,1.258453,2.009514
31.270774,-82.344400,-277.000000,1.254516,1.988080
31.790774,-82.344400,-277.000000,1.297593,2.004063
32.310774,-82.344400,-277.000000,1.242814,2.004693
32.830774,-82.344400,-277.000000,1.261673,1.999462
33.350774,-82.344400,-277.000000,1.283536,2.013638
33.870774,-82.344400,-277.000000,1.278009,2.003937
34.390774,-82.344400,-277.000000,1.267302,1.990957
34.910774,-82.344400,-277.000000,1.282153,1.983538
35.430774,-82.344400,-277.000000,1.284037,2.002040
35.950774,-82.344400,-277.000000,1.221333,1.988963
36.470774,-82.344400,-277.000000,1.224363,2.008222
36.990774,-82.344400,-277.000000,1.238319,1.997651
37.510774,-82.344400,-277.000000,1.333055,1.988219
38.030774,-82.344400,-277.000000,1.288720,2.009561
38.550774,-82.344400,-277.000000,1.246693,1.986942
39.070774,-82.344400,-277.000000,1.272900,1.988425
39.590774,-82.344400,-277.000000,1.282431,1.982345
40.110774,-82.344400,-277.000000,1.295400,1.989525
40.630774,-82.344400,-277.000000,1.244595,1.994695
41.150774,-82.344400,-277.000000,1.241639,2.000231
41.670774,-82.344400,-277.000000,1.243462,1.998351
42.190774,-82.344400,-277.000000,1.275690,1.998745
42.710774,-82.344400,-277.000000,1.217471,1.990752
43.230774,-82.344400,-277.000000,1.245968,1.990384
43.750774,-82.344400,-277.000000,1.276438,1.994992
44.270774,-82.344400,-277.000000,1.252065,2.008591
44.790774,-82.344400,-277.000000,1.251802,2.009593
45.310774,-82.344400,-277.000000,1.274976,2.009576
45.830774,-82.344400,-277.000000,1.310209,2.021705
46.350774,-82.344400,-277.000000,1.267405,2.001625
46.870774,-82.344400,-277.000000,1.248149,1.982327
47.390774,-82.344400,-277.000000,1.211381,1.995628
47.910774,-82.344400,-277.000000,1.226464,1.988104
48.430774,-82.344400,-277.000000,1.260531,2.005127
48.950774,-82.344400,-277.000000,1.227284,1.994601
49.470774,-82.344400,-277.000000,1.208345,1.990372
49.990774,-82.344400,-277.000000,1.266560,2.012812
50.510774,-82.344400,-277.000000,1.222753,1.995435
51.030774,-82.344400,-277.000000,1.243569,1.988983
51.550774,-82.344400,-277.000000,1.246267,1.986528
52.070774,-82.344400,-277.000000,1.313759,1.994656
52.590774,-82.344400,-277.000000,1.268101,1.999725
53.110774,-82.344400,-277.000000,1.251676,2.000532
53.630774,-82.344400,-277.000000,1.256154,1.993377
54.150774,-82.344400,-277.000000,1.334942,2.010028
54.670774,-82.344400,-277.000000,1.284523,2.028447
55.190774,-82.344400,-277.000000,1.263091,2.001705
55.710774,-82.344400,-277.000000,1.267555,2.023742
56.230774,-82.344400,-277.000000,1.274012,2.011543
56.750774,-82.344400,-277.000000,1.271038,1.993249
57.270774,-82.344400,-277.000000,1.279267,1.997236
57.790774,-82.344400,-277.000000,1.250219,2.007229
58.310774,-82.344400,-277.000000,1.273412,1.994170
58.830774,-82.344400,-277.000000,1.232798,1.999187
59.350774,-82.344400,-277.000000,1.237526,1.998460
59.870774,-82.344400,-277.000000,1.240332,2.010643
60.390774,-82.344400,-277.000000,1.250083,1.998492
60.910774,-82.344400,-277.000000,1.221747,1.995406
61.430774,-82.344400,-277.000000,1.254498,2.002593
61.950774,-82.344400,-277.000000,1.244483,1.991183
62.470774,-82.344400,-277.000000,1.279615,1.989341
62.990774,-82.344400,-277.000000,1.269836,1.994772
63.510774,-82.344400,-277.000000,1.297470,1.989498
64.030774,-82.344400,-277.000000,1.264820,1.997288
64.550774,-82.344400,-277.000000,1.252347,1.998652
65.070774,-82.344400,-277.000000,1.252951,1.990985
65.590774,-82.344400,-277.000000,1.252448,2.010953
66.110774,-82.344400,-277.000000,1.276896,2.007117
13.070774,-81.824400,-277.000000,1.265501,1.996252
13.590774,-81.824400,-277.000000,1.272362,1.979910
14.110774,-81.824400,-277.000000,1.286397,1.988102
14.630774,-81.824400,-277.000000,1.231733,2.000453
15.150774,-81.824400,-277.000000,1.201470,1.990945
15.670774,-81.824400,-277.000000,1.221287,1.994553
16.190774,-81.824400,-277.000000,1.289176,1.994636
16.710774,-81.824400,-277.000000,1.222108,2.001774
17.230774,-81.824400,-277.000000,1.241600,1.993287
17.750774,-81.824400,-277.000000,1.234229,1.987915
18.270774,-81.824400,-277.000000,1.295982,1.997229
18.790774,-81.824400,-277.000000,1.231082,2.012603
19.310774,-81.824400,-277.000000,1.209811,1.982556
19.830774,-81.824400,-277.000000,1.239113,2.007132
20.350774,-81.824400,-277.000000,1.269174,1.988849
20.870774,-81.824400,-277.000000,1.326537,2.004692
21.390774,-81.824400,-277.000000,1.269091,1.998093
21.910774,-81.824400,-277.000000,1.248059,1.981261
22.430774,-81.824400,-277.000000,1.240837,2.000658
22.950774,-81.824400,-277.000000,1.297902,2.003294
23.470774,-81.824400,-277.000000,1.271708,2.004476
23.990774,-81.824400,-277.000000,1.310710,2.009423
24.510774,-81.824400,-277.000000,1.279462,2.010183
25.030774,-81.824400,-277.000000,1.241310,1.999486
25.550774,-81.824400,-277.000000,1.288987,2.010127
26.070774,-81.824400,-277.000000,1.323277,1.992521
26.590774,-81.824400,-277.000000,1.294489,2.012357
27.110774,-81.824400,-277.000000,1.308612,1.998064
27.630774,-81.824400,-277.000000,1.293881,1.995834
28.150774,-81.824400,-277.000000,1.221055,2.006303
28.670774,-81.824400,-277.000000,1.237224,1.997317
29.190774,-81.824400,-277.000000,1.352963,2.007055
29.710774,-81.824400,-277.000000,1.252875,1.994377
30.230774,-81.824400,-277.000000,1.268252,2.012305
30.750774,-81.824400,-277.000000,1.235304,2.017483
31.270774,-81.824400,-277.000000,1.210101,1.994871
31.790774,-81.824400,-277.000000,1.276482,2.006490
32.310774,-81.824400,-277.000000,1.244671,2.014637
32.830774,-81.824400,-277.000000,1.293536,2.006825
33.350774,-81.824400,-277.000000,1.243297,2.024582
33.870774,-81.824400,-277.000000,1.292344,2.008943
34.390774,-81.824400,-277.000000,1.274181,1.988436
34.910774,-81.824400,-277.000000,1.251860,1.985658
35.430774,-81.824400,-277.000000,1.300705,2.012471
35.950774,-81.824400,-277.000000,1.223306,1.988144
36.470774,-81.824400,-277.000000,1.218606,2.008079
36.990774,-81.824400,-277.000000,1.232961,2.005381
37.510774,-81.824400,-277.000000,1.360196,1.999714
38.030774,-81.824400,-277.000000,1.279466,2.004273
38.550774,-81.824400,-277.000000,1.314049,1.986784
39.070774,-81.824400,-277.000000,1.276005,1.988656
39.590774,-81.824400,-277.000000,1.279625,1.990390
40.110774,-81.824400,-277.000000,1.302998,1.995188
40.630774,-81.824400,-277.000000,1.240031,1.983487
41.150774,-81.824400,-277.000000,1.245632,2.010033
41.670774,-81.824400,-277.000000,1.254412,2.003701
42.190774,-81.824400,-277.000000,1.226663,1.993522
42.710774,-81.824400,-277.000000,1.255623,1.997461
43.230774,-81.824400,-277.000000,1.247594,2.004016
43.750774,-81.824400,-277.000000,1.311202,2.005444
44.270774,-81.824400,-277.000000,1.298191,2.001548
44.790774,-81.824400,-277.000000,1.240645,2.016035
45.310774,-81.824400,-277.000000,1.233081,2.007394
45.830774,-81.824400,-277.000000,1.286319,2.020189
46.350774,-81.824400,-277.000000,1.264905,1.987564
46.870774,-81.824400,-277.000000,1.224796,1.991792
47.390774,-81.824400,-277.000000,1.236127,2.000004
47.910774,-81.824400,-277.000000,1.190112,1.993228
48.430774,-81.824400,-277.000000,1.250975,2.009534
48.950774,-81.824400,-277.000000,1.240643,2.003974
49.470774,-81.824400,-277.000000,1.243043,1.996148
49.990774,-81.824400,-277.000000,1.314631,2.008423
50.510774,-81.824400,-277.000000,1.266120,2.005008
51.030774,-81.824400,-277.000000,1.236313,1.992598
51.550774,-81.824400,-277.000000,1.297330,1.996042
52.070774,-81.824400,-277.000000,1.284140,1.996031
52.590774,-81.824400,-277.000000,1.222443,2.016789
53.110774,-81.824400,-277.000000,1.205254,2.003478
53.630774,-81.824400,-277.000000,1.236671,1.998084
54.150774,-81.824400,-277.000000,1.315221,1.997852
54.670774,-81.824400,-277.000000,1.231114,2.027988
55.190774,-81.824400,-277.000000,1.260880,1.999834
55.710774,-81.824400,-277.000000,1.240708,2.010413
56.230774,-81.824400,-277.000000,1.256383,2.022884
56.750774,-81.824400,-277.000000,1.334016,1.992622
57.270774,-81.824400,-277.000000,1.263393,2.006942
57.790774,-81.824400,-277.000000,1.245684,2.023179
58.310774,-81.824400,-277.000000,1.299111,1.996354
58.830774,-81.824400,-277.000000,1.295330,1.997316
59.350774,-81.824400,-277.000000,1.260025,2.005356
59.870774,-81.824400,-277.000000,1.330265,2.005843
60.390774,-81.824400,-277.000000,1.226476,1.999758
60.910774,-81.824400,-277.000000,1.211691,2.004402
61.430774,-81.824400,-277.000000,1.219502,2.003002
61.950774,-81.824400,-277.000000,1.271374,1.989768
62.470774,-81.824400,-277.000000,1.250088,1.995375
62.990774,-81.824400,-277.000000,1.287538,2.004764
63.510774,-81.824400,-277.000000,1.286664,1.987131
64.030774,-81.824400,-277.000000,1.273503,2.004173
64.550774,-81.824400,-277.000000,1.267556,2.001665
65.070774,-81.824400,-277.000000,1.263055,1.992106
65.590774,-81.824400,-277.000000,1.279032,2.013798
66.110774,-81.824400,-277.000000,1.286260,2.014001
66.630774,-81.824400,-277.000000,1.247618,1.997147
66.110774,-81.304400,-277.000000,1.236567,2.012689
13.590774,-82.344400,-276.000000,1.234887,1.983190
14.110774,-82.344400,-276.000000,1.271712,1.978194
14.630774,-82.344400,-276.000000,1.226176,1.978587
15.150774,-82.344400,-276.000000,1.257221,1.968323
15.670774,-82.344400,-276.000000,1.254261,1.994621
16.190774,-82.344400,-276.000000,1.256683,1.992594
16.710774,-82.344400,-276.000000,1.208829,2.000475
17.230774,-82.344400,-276.000000,1.313402,1.998048
17.750774,-82.344400,-276.000000,1.264468,2.011349
18.270774,-82.344400,-276.000000,1.295569,2.019184
18.790774,-82.344400,-276.000000,1.256184,2.013980
19.310774,-82.344400,-276.000000,1.244869,2.007915
19.830774,-82.344400,-276.000000,1.222868,1.986281
20.350774,-82.344400,-276.000000,1.240732,2.005435
20.870774,-82.344400,-276.000000,1.273801,1.992422
21.390774,-82.344400,-276.000000,1.344135,2.008969
21.910774,-82.344400,-276.000000,1.262155,2.006314
22.430774,-82.344400,-276.000000,1.275402,2.005170
22.950774,-82.344400,-276.000000,1.268272,1.990812
23.470774,-82.344400,-276.000000,1.252716,1.985841
23.990774,-82.344400,-276.000000,1.255809,2.023087
24.510774,-82.344400,-276.000000,1.274559,2.004214
25.030774,-82.344400,-276.000000,1.317910,2.003441
25.550774,-82.344400,-276.000000,1.338059,1.993492
26.070774,-82.344400,-276.000000,1.234872,2.019669
26.590774,-82.344400,-276.000000,1.317535,1.984672
27.110774,-82.344400,-276.000000,1.268866,2.025774
27.630774,-82.344400,-276.000000,1.240881,2.000336
28.150774,-82.344400,-276.000000,1.275607,1.989811
28.670774,-82.344400,-276.000000,1.318197,2.016252
29.190774,-82.344400,-276.000000,1.258656,2.019986
29.710774,-82.344400,-276.000000,1.279390,2.014343
30.230774,-82.344400,-276.000000,1.274869,2.004015
30.750774,-82.344400,-276.000000,1.265357,1.980550
31.270774,-82.344400,-276.000000,1.246230,1.987832
31.790774,-82.344400,-276.000000,1.331900,1.999457
32.310774,-82.344400,-276.000000,1.246348,2.007443
32.830774,-82.344400,-276.000000,1.269142,1.992177
33.350774,-82.344400,-276.000000,1.258343,2.002907
33.870774,-82.344400,-276.000000,1.285359,2.001794
34.390774,-82.344400,-276.000000,1.258713,1.995021
34.910774,-82.344400,-276.000000,1.229690,1.994083
35.430774,-82.344400,-276.000000,1.247713,1.997039
35.950774,-82.344400,-276.000000,1.251504,1.979925
36.470774,-82.344400,-276.000000,1.227806,1.984705
36.990774,-82.344400,-276.000000,1.243798,1.995432
37.510774,-82.344400,-276.000000,1.284989,2.009560
38.030774,-82.344400,-276.000000,1.281647,1.996177
38.550774,-82.344400,-276.000000,1.311386,1.999371
39.070774,-82.344400,-276.000000,1.293775,1.991591
39.590774,-82.344400,-276.000000,1.257724,1.989330
40.110774,-82.344400,-276.000000,1.250382,1.983693
40.630774,-82.344400,-276.000000,1.240474,1.990103
41.150774,-82.344400,-276.000000,1.228625,1.977000
41.670774,-82.344400,-276.000000,1.284996,1.997612
42.190774,-82.344400,-276.000000,1.287101,2.012004
42.710774,-82.344400,-276.000000,1.239369,1.986795
43.230774,-82.344400,-276.000000,1.271429,1.991096
43.750774,-82.344400,-276.000000,1.295312,2.023746
44.270774,-82.344400,-276.000000,1.303964,2.039325
44.790774,-82.344400,-276.000000,1.275952,2.020777
45.310774,-82.344400,-276.000000,1.298170,2.005921
45.830774,-82.344400,-276.000000,1.236474,1.997618
46.350774,-82.344400,-276.000000,1.251707,2.015577
46.870774,-82.344400,-276.000000,1.302733,2.007259
47.390774,-82.344400,-276.000000,1.204120,1.992992
47.910774,-82.344400,-276.000000,1.259210,1.984555
48.430774,-82.344400,-276.000000,1.285693,1.990956
48.950774,-82.344400,-276.000000,1.238546,2.006307
49.470774,-82.344400,-276.000000,1.219597,2.011615
49.990774,-82.344400,-276.000000,1.207401,2.035993
50.510774,-82.344400,-276.000000,1.241554,1.993492
51.030774,-82.344400,-276.000000,1.245456,2.019535
51.550774,-82.344400,-276.000000,1.291091,1.998462
52.070774,-82.344400,-276.000000,1.260981,1.979384
52.590774,-82.344400,-276.000000,1.217884,1.997615
53.110774,-82.344400,-276.000000,1.243542,1.983935
53.630774,-82.344400,-276.000000,1.265152,1.992983
54.150774,-82.344400,-276.000000,1.241116,2.003114
54.670774,-82.344400,-276.000000,1.280656,2.002039
55.190774,-82.344400,-276.000000,1.245546,2.005487
55.710774,-82.344400,-276.000000,1.270642,1.990406
56.230774,-82.344400,-276.000000,1.271724,2.016493
56.750774,-82.344400,-276.000000,1.255799,2.004394
57.270774,-82.344400,-276.000000,1.210581,1.989951
57.790774,-82.344400,-276.000000,1.264572,1.994936
58.310774,-82.344400,-276.000000,1.280966,1.996679
58.830774,-82.344400,-276.000000,1.286608,2.022141
59.350774,-82.344400,-276.000000,1.282886,1.994158
59.870774,-82.344400,-276.000000,1.294170,1.988063
60.390774,-82.344400,-276.000000,1.239214,1.997752
60.910774,-82.344400,-276.000000,1.247313,1.976604
61.430774,-82.344400,-276.000000,1.234057,1.996416
61.950774,-82.344400,-276.000000,1.276025,1.987842
62.470774,-82.344400,-276.000000,1.223029,1.989935
62.990774,-82.344400,-276.000000,1.208803,1.989684
63.510774,-82.344400,-276.000000,1.261339,1.989518
64.030774,-82.344400,-276.000000,1.280343,1.995294
64.550774,-82.344400,-276.000000,1.241116,2.006063
65.070774,-82.344400,-276.000000,1.327164,1.998247
65.590774,-82.344400,-276.000000,1.266346,2.008619
66.110774,-82.344400,-276.000000,1.244251,1.991371
66.630774,-82.344400,-276.000000,1.280930,1.992036
67.150774,-82.344400,-276.000000,1.260330,2.004807
67.670774,-82.344400,-276.000000,1.278966,2.009728
13.070774,-81.824400,-276.000000,1.282223,1.960666
13.590774,-81.824400,-276.000000,1.201566,1.984224
14.110774,-81.824400,-276.000000,1.264935,1.978466
14.630774,-81.824400,-276.000000,1.262511,1.981304
15.150774,-81.824400,-276.000000,1.276696,1.972087
15.670774,-81.824400,-276.000000,1.259269,1.995088
16.190774,-81.824400,-276.000000,1.238800,1.990342
16.710774,-81.824400,-276.000000,1.273997,1.997008
17.230774,-81.824400,-276.000000,1.253138,1.996944
17.750774,-81.824400,-276.000000,1.243822,2.002595
18.270774,-81.824400,-276.000000,1.269684,1.997853
18.790774,-81.824400,-276.000000,1.224728,2.009697
19.310774,-81.824400,-276.000000,1.248345,1.996614
19.830774,-81.824400,-276.000000,1.223352,1.996012
20.350774,-81.824400,-276.000000,1.231560,2.007252
20.870774,-81.824400,-276.000000,1.254614,1.999176
21.390774,-81.824400,-276.000000,1.284668,2.001112
21.910774,-81.824400,-276.000000,1.242446,2.013749
22.430774,-81.824400,-276.000000,1.332345,2.011869
22.950774,-81.824400,-276.000000,1.249135,1.987991
23.470774,-81.824400,-276.000000,1.196769,1.982673
23.990774,-81.824400,-276.000000,1.276189,2.014374
24.510774,-81.824400,-276.000000,1.256536,2.011557
25.030774,-81.824400,-276.000000,1.344109,2.001611
25.550774,-81.824400,-276.000000,1.347787,1.993448
26.070774,-81.824400,-276.000000,1.292774,2.035602
26.590774,-81.824400,-276.000000,1.258122,1.990052
27.110774,-81.824400,-276.000000,1.295317,2.027774
27.630774,-81.824400,-276.000000,1.273486,1.986841
28.150774,-81.824400,-276.000000,1.250111,1.992262
28.670774,-81.824400,-276.000000,1.256827,2.023791
29.190774,-81.824400,-276.000000,1.262117,2.038841
29.710774,-81.824400,-276.000000,1.242556,2.001627
30.230774,-81.824400,-276.000000,1.252171,2.002750
30.750774,-81.824400,-276.000000,1.232392,1.987149
31.270774,-81.824400,-276.000000,1.289096,2.004615
31.790774,-81.824400,-276.000000,1.337651,2.001887
32.310774,-81.824400,-276.000000,1.269091,1.999731
32.830774,-81.824400,-276.000000,1.249629,1.990087
33.350774,-81.824400,-276.000000,1.232907,1.999439
33.870774,-81.824400,-276.000000,1.294047,2.002244
34.390774,-81.824400,-276.000000,1.282441,1.992187
34.910774,-81.824400,-276.000000,1.290005,1.989179
35.430774,-81.824400,-276.000000,1.256754,1.989782
35.950774,-81.824400,-276.000000,1.222401,1.976876
36.470774,-81.824400,-276.000000,1.255425,1.990437
36.990774,-81.824400,-276.000000,1.259276,1.985589
37.510774,-81.824400,-276.000000,1.251172,2.011429
38.030774,-81.824400,-276.000000,1.260442,2.004153
38.550774,-81.824400,-276.000000,1.269455,2.005478
39.070774,-81.824400,-276.000000,1.301177,1.997076
39.590774,-81.824400,-276.000000,1.360695,1.997353
40.110774,-81.824400,-276.000000,1.281669,1.993604
40.630774,-81.824400,-276.000000,1.260953,2.006162
41.150774,-81.824400,-276.000000,1.227915,1.979808
41.670774,-81.824400,-276.000000,1.259357,2.008722
42.190774,-81.824400,-276.000000,1.274496,2.005812
42.710774,-81.824400,-276.000000,1.243847,1.992814
43.230774,-81.824400,-276.000000,1.247899,1.995391
43.750774,-81.824400,-276.000000,1.289690,2.016069
44.270774,-81.824400,-276.000000,1.287282,2.020645
44.790774,-81.824400,-276.000000,1.294612,2.027375
45.310774,-81.824400,-276.000000,1.263757,2.011256
45.830774,-81.824400,-276.000000,1.259218,2.000583
46.350774,-81.824400,-276.000000,1.275724,2.015823
46.870774,-81.824400,-276.000000,1.263500,2.000440
47.390774,-81.824400,-276.000000,1.251559,1.990154
47.910774,-81.824400,-276.000000,1.211345,1.992885
48.430774,-81.824400,-276.000000,1.302053,1.995861
48.950774,-81.824400,-276.000000,1.238982,1.999528
49.470774,-81.824400,-276.000000,1.262055,2.014598
49.990774,-81.824400,-276.000000,1.235773,2.040867
50.510774,-81.824400,-276.000000,1.254393,1.999567
51.030774,-81.824400,-276.000000,1.254342,2.010862
51.550774,-81.824400,-276.000000,1.279157,1.991055
52.070774,-81.824400,-276.000000,1.249189,1.995103
52.590774,-81.824400,-276.000000,1.270876,2.002734
53.110774,-81.824400,-276.000000,1.336584,1.995066
53.630774,-81.824400,-276.000000,1.252553,2.001655
54.150774,-81.824400,-276.000000,1.273582,2.002485
54.670774,-81.824400,-276.000000,1.303415,2.000410
55.190774,-81.824400,-276.000000,1.235925,2.015694
55.710774,-81.824400,-276.000000,1.256518,1.993233
56.230774,-81.824400,-276.000000,1.303708,2.013144
56.750774,-81.824400,-276.000000,1.279246,2.008949
57.270774,-81.824400,-276.000000,1.285431,2.021984
57.790774,-81.824400,-276.000000,1.288496,1.993405
58.310774,-81.824400,-276.000000,1.274386,1.993446
58.830774,-81.824400,-276.000000,1.319136,2.010463
59.350774,-81.824400,-276.000000,1.311216,1.990057
59.870774,-81.824400,-276.000000,1.243098,1.998618
60.390774,-81.824400,-276.000000,1.239413,1.996897
60.910774,-81.824400,-276.000000,1.214725,1.984130
61.430774,-81.824400,-276.000000,1.245821,1.997355
61.950774,-81.824400,-276.000000,1.309365,1.993734
62.470774,-81.824400,-276.000000,1.256299,2.004319
62.990774,-81.824400,-276.000000,1.288227,1.993192
63.510774,-81.824400,-276.000000,1.318105,1.995686
64.030774,-81.824400,-276.000000,1.305690,2.001447
64.550774,-81.824400,-276.000000,1.311367,2.002330
65.070774,-81.824400,-276.000000,1.276063,2.002866
65.590774,-81.824400,-276.000000,1.233925,2.012842
66.110774,-81.824400,-276.000000,1.215137,2.002232
66.630774,-81.824400,-276.000000,1.247783,2.000397
67.150774,-81.824400,-276.000000,1.224860,2.003406
67.670774,-81.824400,-276.000000,1.292336,2.013030
68.190774,-81.824400,-276.000000,1.282433,2.018345
13.590774,-82.344400,-275.000000,1.228540,1.963419
14.110774,-82.344400,-275.000000,1.311098,1.982791
14.630774,-82.344400,-275.000000,1.271858,1.976464
15.150774,-82.344400,-275.000000,1.290397,1.990469
15.670774,-82.344400,-275.000000,1.266024,2.005712
16.190774,-82.344400,-275.000000,1.235704,1.991063
16.710774,-82.344400,-275.000000,1.264964,2.002877
17.230774,-82.344400,-275.000000,1.229285,1.990267
17.750774,-82.344400,-275.000000,1.228792,1.990488
18.270774,-82.344400,-275.000000,1.229768,1.998944
18.790774,-82.344400,-275.000000,1.219490,2.012535
19.310774,-82.344400,-275.000000,1.226341,1.999151
19.830774,-82.344400,-275.000000,1.269557,2.001390
20.350774,-82.344400,-275.000000,1.283228,2.018907
20.870774,-82.344400,-275.000000,1.277632,2.003254
21.390774,-82.344400,-275.000000,1.318127,2.006015
21.910774,-82.344400,-275.000000,1.293746,1.995130
22.430774,-82.344400,-275.000000,1.256014,2.002217
22.950774,-82.344400,-275.000000,1.261508,2.022196
23.470774,-82.344400,-275.000000,1.232935,2.010004
23.990774,-82.344400,-275.000000,1.238237,2.020778
24.510774,-82.344400,-275.000000,1.254481,2.002352
25.030774,-82.344400,-275.000000,1.272906,2.005861
25.550774,-82.344400,-275.000000,1.255904,1.996402
26.070774,-82.344400,-275.000000,1.281565,2.006075
26.590774,-82.344400,-275.000000,1.304406,2.023422
27.110774,-82.344400,-275.000000,1.284946,2.005646
27.630774,-82.344400,-275.000000,1.241872,2.024931
28.150774,-82.344400,-275.000000,1.276009,1.996428
28.670774,-82.344400,-275.000000,1.281619,1.988324
29.190774,-82.344400,-275.000000,1.246580,2.020780
29.710774,-82.344400,-275.000000,1.267353,1.993065
30.230774,-82.344400,-275.000000,1.328260,2.001994
30.750774,-82.344400,-275.000000,1.222508,2.016671
31.270774,-82.344400,-275.000000,1.254074,2.011556
31.790774,-82.344400,-275.000000,1.287882,2.012348
32.310774,-82.344400,-275.000000,1.265381,1.996109
32.830774,-82.344400,-275.000000,1.199803,1.988809
33.350774,-82.344400,-275.000000,1.238992,2.029421
33.870774,-82.344400,-275.000000,1.268841,1.994461
34.390774,-82.344400,-275.000000,1.274635,2.004511
34.910774,-82.344400,-275.000000,1.207601,1.998064
35.430774,-82.344400,-275.000000,1.281725,1.984457
35.950774,-82.344400,-275.000000,1.260222,1.996378
36.470774,-82.344400,-275.000000,1.303021,1.999371
36.990774,-82.344400,-275.000000,1.260686,1.983832
37.510774,-82.344400,-275.000000,1.284115,1.989623
38.030774,-82.344400,-275.000000,1.255716,2.006050
38.550774,-82.344400,-275.000000,1.245558,1.993417
39.070774,-82.344400,-275.000000,1.303728,1.992351
39.590774,-82.344400,-275.000000,1.236012,1.982861
40.110774,-82.344400,-275.000000,1.222926,1.997624
40.630774,-82.344400,-275.000000,1.241278,1.990844
41.150774,-82.344400,-275.000000,1.287664,1.994193
41.670774,-82.344400,-275.000000,1.256155,1.998752
42.190774,-82.344400,-275.000000,1.235119,2.022241
42.710774,-82.344400,-275.000000,1.220195,2.009902
43.230774,-82.344400,-275.000000,1.233548,2.008828
43.750774,-82.344400,-275.000000,1.279010,1.987309
44.270774,-82.344400,-275.000000,1.255707,2.000176
44.790774,-82.344400,-275.000000,1.217127,1.987112
45.310774,-82.344400,-275.000000,1.226971,1.991998
45.830774,-82.344400,-275.000000,1.243577,1.987950
46.350774,-82.344400,-275.000000,1.295730,2.008518
46.870774,-82.344400,-275.000000,1.235266,1.999107
47.390774,-82.344400,-275.000000,1.225631,1.987086
47.910774,-82.344400,-275.000000,1.243779,2.014627
48.430774,-82.344400,-275.000000,1.322016,2.012236
48.950774,-82.344400,-275.000000,1.245231,1.985196
49.470774,-82.344400,-275.000000,1.247810,2.021104
49.990774,-82.344400,-275.000000,1.217434,2.011241
50.510774,-82.344400,-275.000000,1.223127,2.015291
51.030774,-82.344400,-275.000000,1.257172,1.989917
51.550774,-82.344400,-275.000000,1.306589,1.995888
52.070774,-82.344400,-275.000000,1.255695,2.008700
52.590774,-82.344400,-275.000000,1.273300,1.997054
53.110774,-82.344400,-275.000000,1.299004,2.032063
53.630774,-82.344400,-275.000000,1.262064,2.009608
54.150774,-82.344400,-275.000000,1.281757,2.004150
54.670774,-82.344400,-275.000000,1.249040,1.988719
55.190774,-82.344400,-275.000000,1.358625,2.008527
55.710774,-82.344400,-275.000000,1.310138,2.001182
56.230774,-82.344400,-275.000000,1.272686,2.002653
56.750774,-82.344400,-275.000000,1.243071,1.995675
57.270774,-82.344400,-275.000000,1.317634,2.024132
57.790774,-82.344400,-275.000000,1.270253,2.010083
58.310774,-82.344400,-275.000000,1.268129,2.004918
58.830774,-82.344400,-275.000000,1.248860,1.996665
59.350774,-82.344400,-275.000000,1.294040,2.012199
59.870774,-82.344400,-275.000000,1.281123,2.008169
60.390774,-82.344400,-275.000000,1.258543,1.984248
60.910774,-82.344400,-275.000000,1.201835,1.997737
61.430774,-82.344400,-275.000000,1.211931,1.998830
61.950774,-82.344400,-275.000000,1.281186,1.986513
62.470774,-82.344400,-275.000000,1.200975,1.988978
62.990774,-82.344400,-275.000000,1.256342,2.005067
63.510774,-82.344400,-275.000000,1.293756,1.995030
64.030774,-82.344400,-275.000000,1.338153,1.988857
64.550774,-82.344400,-275.000000,1.283472,1.989143
65.070774,-82.344400,-275.000000,1.223187,1.998044
65.590774,-82.344400,-275.000000,1.206156,1.996946
66.110774,-82.344400,-275.000000,1.251770,2.003286
66.630774,-82.344400,-275.000000,1.251522,1.993201
67.150774,-82.344400,-275.000000,1.280358,1.993399
67.670774,-82.344400,-275.000000,1.214923,2.004800
68.190774,-82.344400,-275.000000,1.242586,2.000653
68.710774,-82.344400,-275.000000,1.297965,1.998215
69.230774,-82.344400,-275.000000,1.278632,2.001537
13.070774,-81.824400,-275.000000,1.228114,1.964902
13.590774,-81.824400,-275.000000,1.233838,1.956196
14.110774,-81.824400,-275.000000,1.291134,1.987272
14.630774,-81.824400,-275.000000,1.278708,1.989831
15.150774,-81.824400,-275.000000,1.270752,1.977393
15.670774,-81.824400,-275.000000,1.234457,1.999539
16.190774,-81.824400,-275.000000,1.246434,1.997467
16.710774,-81.824400,-275.000000,1.199677,2.000350
17.230774,-81.824400,-275.000000,1.214278,1.978789
17.750774,-81.824400,-275.000000,1.248932,1.994358
18.270774,-81.824400,-275.000000,1.253407,1.997181
18.790774,-81.824400,-275.000000,1.334895,2.015611
19.310774,-81.824400,-275.000000,1.310940,1.992128
19.830774,-81.824400,-275.000000,1.261015,2.007986
20.350774,-81.824400,-275.000000,1.278789,2.016469
20.870774,-81.824400,-275.000000,1.253039,2.009385
21.390774,-81.824400,-275.000000,1.244400,2.005064
21.910774,-81.824400,-275.000000,1.249687,1.993011
22.430774,-81.824400,-275.000000,1.288831,1.999207
22.950774,-81.824400,-275.000000,1.287527,2.027206
23.470774,-81.824400,-275.000000,1.211360,2.020458
23.990774,-81.824400,-275.000000,1.273392,2.020259
24.510774,-81.824400,-275.000000,1.217424,2.000784
25.030774,-81.824400,-275.000000,1.247157,2.015880
25.550774,-81.824400,-275.000000,1.260767,1.996177
26.070774,-81.824400,-275.000000,1.251453,2.002638
26.590774,-81.824400,-275.000000,1.279684,2.013651
27.110774,-81.824400,-275.000000,1.292763,2.004939
27.630774,-81.824400,-275.000000,1.217117,2.020118
28.150774,-81.824400,-275.000000,1.256168,1.996392
28.670774,-81.824400,-275.000000,1.254081,2.013784
29.190774,-81.824400,-275.000000,1.261061,2.022882
29.710774,-81.824400,-275.000000,1.292215,2.005898
30.230774,-81.824400,-275.000000,1.304990,2.003430
30.750774,-81.824400,-275.000000,1.284050,2.023463
31.270774,-81.824400,-275.000000,1.257863,2.014292
31.790774,-81.824400,-275.000000,1.256434,2.000750
32.310774,-81.824400,-275.000000,1.314270,2.001398
32.830774,-81.824400,-275.000000,1.255970,1.991624
33.350774,-81.824400,-275.000000,1.263889,2.024006
33.870774,-81.824400,-275.000000,1.260147,1.996325
34.390774,-81.824400,-275.000000,1.248689,2.000347
34.910774,-81.824400,-275.000000,1.219998,1.998521
35.430774,-81.824400,-275.000000,1.253966,1.983292
35.950774,-81.824400,-275.000000,1.227489,2.001112
36.470774,-81.824400,-275.000000,1.273079,2.003974
36.990774,-81.824400,-275.000000,1.304398,1.993811
37.510774,-81.824400,-275.000000,1.286709,1.990523
38.030774,-81.824400,-275.000000,1.266959,2.010584
38.550774,-81.824400,-275.000000,1.258321,1.994668
39.070774,-81.824400,-275.000000,1.238721,1.996756
39.590774,-81.824400,-275.000000,1.240834,1.989566
40.110774,-81.824400,-275.000000,1.237234,1.995688
40.630774,-81.824400,-275.000000,1.274767,1.996523
41.150774,-81.824400,-275.000000,1.268864,1.991221
41.670774,-81.824400,-275.000000,1.208924,1.998327
42.190774,-81.824400,-275.000000,1.220783,2.019812
42.710774,-81.824400,-275.000000,1.250490,2.010957
43.230774,-81.824400,-275.000000,1.224832,2.008299
43.750774,-81.824400,-275.000000,1.218400,1.986351
44.270774,-81.824400,-275.000000,1.234555,2.007685
44.790774,-81.824400,-275.000000,1.214629,2.002402
45.310774,-81.824400,-275.000000,1.248059,1.993816
45.830774,-81.824400,-275.000000,1.285612,1.990915
46.350774,-81.824400,-275.000000,1.261966,2.011935
46.870774,-81.824400,-275.000000,1.222201,1.995341
47.390774,-81.824400,-275.000000,1.255097,1.992805
47.910774,-81.824400,-275.000000,1.258687,2.002389
48.430774,-81.824400,-275.000000,1.237740,2.008002
48.950774,-81.824400,-275.000000,1.232801,1.984029
49.470774,-81.824400,-275.000000,1.260005,2.017334
49.990774,-81.824400,-275.000000,1.287183,2.017815
50.510774,-81.824400,-275.000000,1.299671,2.005641
51.030774,-81.824400,-275.000000,1.290798,1.992994
51.550774,-81.824400,-275.000000,1.263176,1.988742
52.070774,-81.824400,-275.000000,1.277470,2.020434
52.590774,-81.824400,-275.000000,1.241955,1.994373
53.110774,-81.824400,-275.000000,1.245255,2.031120
53.630774,-81.824400,-275.000000,1.314146,2.017485
54.150774,-81.824400,-275.000000,1.368822,2.017926
54.670774,-81.824400,-275.000000,1.267439,1.993842
55.190774,-81.824400,-275.000000,1.259724,2.000330
55.710774,-81.824400,-275.000000,1.291463,2.014606
56.230774,-81.824400,-275.000000,1.259813,1.999513
56.750774,-81.824400,-275.000000,1.259992,1.986276
57.270774,-81.824400,-275.000000,1.350252,2.014789
57.790774,-81.824400,-275.000000,1.290428,2.029515
58.310774,-81.824400,-275.000000,1.266745,2.015725
58.830774,-81.824400,-275.000000,1.259082,1.986728
59.350774,-81.824400,-275.000000,1.223746,2.001379
59.870774,-81.824400,-275.000000,1.238374,2.029521
60.390774,-81.824400,-275.000000,1.293372,1.986720
60.910774,-81.824400,-275.000000,1.322468,1.998302
61.430774,-81.824400,-275.000000,1.207615,1.997267
61.950774,-81.824400,-275.000000,1.219998,1.992196
62.470774,-81.824400,-275.000000,1.275348,2.002060
62.990774,-81.824400,-275.000000,1.260462,2.021391
63.510774,-81.824400,-275.000000,1.298593,2.011252
64.030774,-81.824400,-275.000000,1.284993,1.990995
64.550774,-81.824400,-275.000000,1.270176,1.989658
65.070774,-81.824400,-275.000000,1.222195,1.996987
65.590774,-81.824400,-275.000000,1.243647,2.007992
66.110774,-81.824400,-275.000000,1.253453,2.030010
66.630774,-81.824400,-275.000000,1.250119,2.019951
67.150774,-81.824400,-275.000000,1.268829,1.997035
67.670774,-81.824400,-275.000000,1.277350,2.012443
68.190774,-81.824400,-275.000000,1.236806,2.013670
68.710774,-81.824400,-275.000000,1.305753,2.002309
69.230774,-81.824400,-275.000000,1.264306,2.002664
69.750774,-81.824400,-275.000000,1.261094,2.007950
70.270774,-81.824400,-275.000000,1.310382,2.029730
68.710774,-81.304400,-275.000000,1.243423,2.002979
69.230774,-81.304400,-275.000000,1.297930,2.005101
13.590774,-82.344400,-274.000000,1.218511,1.959754
14.110774,-82.344400,-274.000000,1.229792,1.980323
14.630774,-82.344400,-274.000000,1.286184,1.968933
15.150774,-82.344400,-274.000000,1.229288,1.978611
15.670774,-82.344400,-274.000000,1.225758,1.986432
16.190774,-82.344400,-274.000000,1.230039,1.998308
16.710774,-82.344400,-274.000000,1.254959,1.995134
17.230774,-82.344400,-274.000000,1.307931,2.030261
17.750774,-82.344400,-274.000000,1.253755,1.999166
18.270774,-82.344400,-274.000000,1.273856,1.997390
18.790774,-82.344400,-274.000000,1.268749,1.989749
19.310774,-82.344400,-274.000000,1.299407,1.997037
19.830774,-82.344400,-274.000000,1.301428,2.004045
20.350774,-82.344400,-274.000000,1.271385,2.009207
20.870774,-82.344400,-274.000000,1.293871,2.021758
21.390774,-82.344400,-274.000000,1.255923,2.003767
21.910774,-82.344400,-274.000000,1.240334,2.000694
22.430774,-82.344400,-274.000000,1.236105,1.989291
22.950774,-82.344400,-274.000000,1.241468,1.998024
23.470774,-82.344400,-274.000000,1.230735,2.008937
23.990774,-82.344400,-274.000000,1.280729,2.006438
24.510774,-82.344400,-274.000000,1.272764,2.007580
25.030774,-82.344400,-274.000000,1.236504,2.006435
25.550774,-82.344400,-274.000000,1.249040,2.012516
26.070774,-82.344400,-274.000000,1.253278,1.998363
26.590774,-82.344400,-274.000000,1.290874,2.014877
27.110774,-82.344400,-274.000000,1.253738,2.004611
27.630774,-82.344400,-274.000000,1.266319,2.007387
28.150774,-82.344400,-274.000000,1.297852,2.005689
28.670774,-82.344400,-274.000000,1.242640,2.025822
29.190774,-82.344400,-274.000000,1.287667,2.001054
29.710774,-82.344400,-274.000000,1.253819,2.003724
30.230774,-82.344400,-274.000000,1.215212,1.982693
30.750774,-82.344400,-274.000000,1.300965,2.014511
31.270774,-82.344400,-274.000000,1.268812,1.987628
31.790774,-82.344400,-274.000000,1.287647,2.013860
32.310774,-82.344400,-274.000000,1.283224,2.006369
32.830774,-82.344400,-274.000000,1.257908,1.993644
33.350774,-82.344400,-274.000000,1.250769,2.022546
33.870774,-82.344400,-274.000000,1.263847,2.028763
34.390774,-82.344400,-274.000000,1.242049,2.002869
34.910774,-82.344400,-274.000000,1.239209,1.993161
35.430774,-82.344400,-274.000000,1.277620,1.996961
35.950774,-82.344400,-274.000000,1.241287,2.016820
36.470774,-82.344400,-274.000000,1.284584,2.000585
36.990774,-82.344400,-274.000000,1.303304,2.020515
37.510774,-82.344400,-274.000000,1.263798,1.987679
38.030774,-82.344400,-274.000000,1.224778,2.014336
38.550774,-82.344400,-274.000000,1.256482,1.989377
39.070774,-82.344400,-274.000000,1.291798,2.007568
39.590774,-82.344400,-274.000000,1.317008,1.995785
40.110774,-82.344400,-274.000000,1.311440,2.005411
40.630774,-82.344400,-274.000000,1.259649,1.998445
41.150774,-82.344400,-274.000000,1.315126,2.019266
41.670774,-82.344400,-274.000000,1.302753,1.989580
42.190774,-82.344400,-274.000000,1.251293,1.993833
42.710774,-82.344400,-274.000000,1.245412,1.985274
43.230774,-82.344400,-274.000000,1.322095,1.988734
43.750774,-82.344400,-274.000000,1.231422,1.992489
44.270774,-82.344400,-274.000000,1.230227,1.996625
44.790774,-82.344400,-274.000000,1.247181,2.008277
45.310774,-82.344400,-274.000000,1.266930,2.005958
45.830774,-82.344400,-274.000000,1.266152,1.989953
46.350774,-82.344400,-274.000000,1.217511,1.996060
46.870774,-82.344400,-274.000000,1.252122,1.998155
47.390774,-82.344400,-274.000000,1.235221,1.998914
47.910774,-82.344400,-274.000000,1.262653,1.991795
48.430774,-82.344400,-274.000000,1.223273,2.012434
48.950774,-82.344400,-274.000000,1.279249,2.003214
49.470774,-82.344400,-274.000000,1.238756,2.010946
49.990774,-82.344400,-274.000000,1.287148,1.989770
50.510774,-82.344400,-274.000000,1.261635,1.998367
51.030774,-82.344400,-274.000000,1.287265,1.996203
51.550774,-82.344400,-274.000000,1.241886,1.999987
52.070774,-82.344400,-274.000000,1.322156,2.015730
52.590774,-82.344400,-274.000000,1.280535,2.004648
53.110774,-82.344400,-274.000000,1.341389,1.994220
53.630774,-82.344400,-274.000000,1.355051,2.000114
54.150774,-82.344400,-274.000000,1.226182,1.996023
54.670774,-82.344400,-274.000000,1.229673,1.993926
55.190774,-82.344400,-274.000000,1.247949,2.006580
55.710774,-82.344400,-274.000000,1.288945,1.998913
56.230774,-82.344400,-274.000000,1.257694,1.996840
56.750774,-82.344400,-274.000000,1.334864,1.993491
57.270774,-82.344400,-274.000000,1.333761,1.996532
57.790774,-82.344400,-274.000000,1.271479,1.995828
58.310774,-82.344400,-274.000000,1.252233,1.994991
58.830774,-82.344400,-274.000000,1.255520,1.992146
59.350774,-82.344400,-274.000000,1.246638,2.006169
59.870774,-82.344400,-274.000000,1.291661,1.997652
60.390774,-82.344400,-274.000000,1.250942,1.997197
60.910774,-82.344400,-274.000000,1.239309,1.989229
61.430774,-82.344400,-274.000000,1.288060,1.998029
61.950774,-82.344400,-274.000000,1.254503,1.991179
62.470774,-82.344400,-274.000000,1.272404,1.993574
62.990774,-82.344400,-274.000000,1.319871,2.033430
63.510774,-82.344400,-274.000000,1.261886,2.004982
64.030774,-82.344400,-274.000000,1.265163,1.981979
64.550774,-82.344400,-274.000000,1.299782,1.991234
65.070774,-82.344400,-274.000000,1.251827,1.995853
65.590774,-82.344400,-274.000000,1.225527,1.992120
66.110774,-82.344400,-274.000000,1.228275,1.996099
66.630774,-82.344400,-274.000000,1.234282,1.991629
67.150774,-82.344400,-274.000000,1.215440,2.000167
67.670774,-82.344400,-274.000000,1.269907,1.996196
68.190774,-82.344400,-274.000000,1.306822,2.009210
68.710774,-82.344400,-274.000000,1.243354,2.002750
69.230774,-82.344400,-274.000000,1.244156,2.006870
69.750774,-82.344400,-274.000000,1.239292,1.999304
70.270774,-82.344400,-274.000000,1.342075,2.018140
70.790774,-82.344400,-274.000000,1.384540,2.026044
71.310774,-82.344400,-274.000000,1.270133,1.985582
13.070774,-81.824400,-274.000000,1.195734,1.948878
13.590774,-81.824400,-274.000000,1.226667,1.961011
14.110774,-81.824400,-274.000000,1.270078,1.987066
14.630774,-81.824400,-274.000000,1.281636,1.977583
15.150774,-81.824400,-274.000000,1.325662,1.975385
15.670774,-81.824400,-274.000000,1.218908,1.992988
16.190774,-81.824400,-274.000000,1.231684,1.998733
16.710774,-81.824400,-274.000000,1.229033,1.997914
17.230774,-81.824400,-274.000000,1.231072,2.028112
17.750774,-81.824400,-274.000000,1.269438,2.002950
18.270774,-81.824400,-274.000000,1.256918,2.003714
18.790774,-81.824400,-274.000000,1.288751,1.987379
19.310774,-81.824400,-274.000000,1.272742,1.995952
19.830774,-81.824400,-274.000000,1.316842,2.012823
20.350774,-81.824400,-274.000000,1.289560,1.983608
20.870774,-81.824400,-274.000000,1.258414,2.030972
21.390774,-81.824400,-274.000000,1.296113,2.017017
21.910774,-81.824400,-274.000000,1.251773,2.018493
22.430774,-81.824400,-274.000000,1.237747,1.993353
22.950774,-81.824400,-274.000000,1.281732,1.993647
23.470774,-81.824400,-274.000000,1.223207,2.006079
23.990774,-81.824400,-274.000000,1.254128,2.008197
24.510774,-81.824400,-274.000000,1.230751,2.001734
25.030774,-81.824400,-274.000000,1.318130,2.020895
25.550774,-81.824400,-274.000000,1.314293,2.003240
26.070774,-81.824400,-274.000000,1.255434,2.001390
26.590774,-81.824400,-274.000000,1.302237,2.025685
27.110774,-81.824400,-274.000000,1.349254,2.006894
27.630774,-81.824400,-274.000000,1.270207,2.001119
28.150774,-81.824400,-274.000000,1.287242,2.010374
28.670774,-81.824400,-274.000000,1.237376,2.016812
29.190774,-81.824400,-274.000000,1.248534,2.002190
29.710774,-81.824400,-274.000000,1.309361,2.005119
30.230774,-81.824400,-274.000000,1.241336,1.994232
30.750774,-81.824400,-274.000000,1.232943,2.009804
31.270774,-81.824400,-274.000000,1.233412,1.998826
31.790774,-81.824400,-274.000000,1.297721,2.019839
32.310774,-81.824400,-274.000000,1.299151,2.008824
32.830774,-81.824400,-274.000000,1.256155,1.998494
33.350774,-81.824400,-274.000000,1.261623,2.005501
33.870774,-81.824400,-274.000000,1.252379,2.017698
34.390774,-81.824400,-274.000000,1.256525,1.997328
34.910774,-81.824400,-274.000000,1.232175,2.006649
35.430774,-81.824400,-274.000000,1.262927,2.012009
35.950774,-81.824400,-274.000000,1.229133,2.038055
36.470774,-81.824400,-274.000000,1.254985,1.992700
36.990774,-81.824400,-274.000000,1.323071,2.016283
37.510774,-81.824400,-274.000000,1.227861,1.985201
38.030774,-81.824400,-274.000000,1.265253,2.014719
38.550774,-81.824400,-274.000000,1.225145,1.990191
39.070774,-81.824400,-274.000000,1.298397,1.999285
39.590774,-81.824400,-274.000000,1.329519,2.000257
40.110774,-81.824400,-274.000000,1.275997,1.991524
40.630774,-81.824400,-274.000000,1.234637,1.997586
41.150774,-81.824400,-274.000000,1.304325,2.017739
41.670774,-81.824400,-274.000000,1.224477,1.990020
42.190774,-81.824400,-274.000000,1.258522,1.994424
42.710774,-81.824400,-274.000000,1.286322,1.999072
43.230774,-81.824400,-274.000000,1.278065,2.021329
43.750774,-81.824400,-274.000000,1.302303,1.998780
44.270774,-81.824400,-274.000000,1.314647,2.003445
44.790774,-81.824400,-274.000000,1.235930,2.001423
45.310774,-81.824400,-274.000000,1.265521,2.014489
45.830774,-81.824400,-274.000000,1.257141,2.010041
46.350774,-81.824400,-274.000000,1.226040,2.012185
46.870774,-81.824400,-274.000000,1.238220,2.008982
47.390774,-81.824400,-274.000000,1.197683,1.999693
47.910774,-81.824400,-274.000000,1.238591,1.987288
48.430774,-81.824400,-274.000000,1.217769,2.016237
48.950774,-81.824400,-274.000000,1.277504,1.997236
49.470774,-81.824400,-274.000000,1.291679,2.018991
49.990774,-81.824400,-274.000000,1.292468,1.978893
50.510774,-81.824400,-274.000000,1.287825,1.993145
51.030774,-81.824400,-274.000000,1.276887,2.002780
51.550774,-81.824400,-274.000000,1.269519,1.994965
52.070774,-81.824400,-274.000000,1.279651,2.024805
52.590774,-81.824400,-274.000000,1.291387,2.011717
53.110774,-81.824400,-274.000000,1.289977,2.000832
53.630774,-81.824400,-274.000000,1.288494,1.991135
54.150774,-81.824400,-274.000000,1.278935,2.003938
54.670774,-81.824400,-274.000000,1.216079,1.996952
55.190774,-81.824400,-274.000000,1.268053,2.020266
55.710774,-81.824400,-274.000000,1.282225,1.991269
56.230774,-81.824400,-274.000000,1.243011,2.002598
56.750774,-81.824400,-274.000000,1.323833,1.997928
57.270774,-81.824400,-274.000000,1.307874,1.995124
57.790774,-81.824400,-274.000000,1.277002,1.991794
58.310774,-81.824400,-274.000000,1.286980,1.999914
58.830774,-81.824400,-274.000000,1.269782,1.992463
59.350774,-81.824400,-274.000000,1.265547,2.005635
59.870774,-81.824400,-274.000000,1.327492,2.002148
60.390774,-81.824400,-274.000000,1.231384,2.008584
60.910774,-81.824400,-274.000000,1.240371,2.000468
61.430774,-81.824400,-274.000000,1.274256,1.992987
61.950774,-81.824400,-274.000000,1.250732,1.999442
62.470774,-81.824400,-274.000000,1.270692,1.994606
62.990774,-81.824400,-274.000000,1.228924,2.035059
63.510774,-81.824400,-274.000000,1.223891,1.996255
64.030774,-81.824400,-274.000000,1.263347,1.985633
64.550774,-81.824400,-274.000000,1.271714,2.010176
65.070774,-81.824400,-274.000000,1.266567,2.001571
65.590774,-81.824400,-274.000000,1.246565,2.001108
66.110774,-81.824400,-274.000000,1.269852,1.995878
66.630774,-81.824400,-274.000000,1.205260,1.994232
67.150774,-81.824400,-274.000000,1.232748,1.997020
67.670774,-81.824400,-274.000000,1.314603,1.999006
68.190774,-81.824400,-274.000000,1.248097,2.011362
68.710774,-81.824400,-274.000000,1.238395,2.014255
69.230774,-81.824400,-274.000000,1.250062,2.016610
69.750774,-81.824400,-274.000000,1.297774,2.001602
70.270774,-81.824400,-274.000000,1.271202,2.029235
70.790774,-81.824400,-274.000000,1.348482,2.027961
71.310774,-81.824400,-274.000000,1.301160,1.987434
71.830774,-81.824400,-274.000000,1.356383,1.999123
71.310774,-81.304400,-274.000000,1.307381,1.992997
13.590774,-82.344400,-273.000000,1.205915,1.951053
14.110774,-82.344400,-273.000000,1.210194,1.977476
14.630774,-82.344400,-273.000000,1.214399,1.986173
15.150774,-82.344400,-273.000000,1.243980,1.986860
15.670774,-82.344400,-273.000000,1.248176,2.004216
16.190774,-82.344400,-273.000000,1.219652,1.989953
16.710774,-82.344400,-273.000000,1.296709,1.983812
17.230774,-82.344400,-273.000000,1.253117,2.000106
17.750774,-82.344400,-273.000000,1.208387,1.997398
18.270774,-82.344400,-273.000000,1.233535,1.976853
18.790774,-82.344400,-273.000000,1.253977,2.005458
19.310774,-82.344400,-273.000000,1.253424,2.011752
19.830774,-82.344400,-273.000000,1.298561,1.990160
20.350774,-82.344400,-273.000000,1.239396,1.992001
20.870774,-82.344400,-273.000000,1.265859,2.002527
21.390774,-82.344400,-273.000000,1.233644,1.998339
21.910774,-82.344400,-273.000000,1.258489,2.012419
22.430774,-82.344400,-273.000000,1.246073,2.021707
22.950774,-82.344400,-273.000000,1.269982,2.014975
23.470774,-82.344400,-273.000000,1.226785,2.012252
23.990774,-82.344400,-273.000000,1.240312,1.986089
24.510774,-82.344400,-273.000000,1.253643,1.999529
25.030774,-82.344400,-273.000000,1.238564,2.001365
25.550774,-82.344400,-273.000000,1.230021,1.994287
26.070774,-82.344400,-273.000000,1.296743,1.996483
26.590774,-82.344400,-273.000000,1.253395,1.992377
27.110774,-82.344400,-273.000000,1.287405,2.045983
27.630774,-82.344400,-273.000000,1.260511,1.998961
28.150774,-82.344400,-273.000000,1.289353,2.002329
28.670774,-82.344400,-273.000000,1.284587,2.009691
29.190774,-82.344400,-273.000000,1.280631,1.987529
29.710774,-82.344400,-273.000000,1.210051,2.000826
30.230774,-82.344400,-273.000000,1.251034,2.020964
30.750774,-82.344400,-273.000000,1.275658,1.990634
31.270774,-82.344400,-273.000000,1.209325,1.992138
31.790774,-82.344400,-273.000000,1.246921,1.994151
32.310774,-82.344400,-273.000000,1.296682,2.010655
32.830774,-82.344400,-273.000000,1.298847,2.001550
33.350774,-82.344400,-273.000000,1.258020,2.004489
33.870774,-82.344400,-273.000000,1.240378,1.986338
34.390774,-82.344400,-273.000000,1.218778,1.982718
34.910774,-82.344400,-273.000000,1.274837,2.006032
35.430774,-82.344400,-273.000000,1.241338,1.995847
35.950774,-82.344400,-273.000000,1.280342,2.001596
36.470774,-82.344400,-273.000000,1.207948,2.010480
36.990774,-82.344400,-273.000000,1.204089,1.983118
37.510774,-82.344400,-273.000000,1.257721,1.987190
38.030774,-82.344400,-273.000000,1.259979,1.994433
38.550774,-82.344400,-273.000000,1.245769,2.015963
39.070774,-82.344400,-273.000000,1.241545,2.006949
39.590774,-82.344400,-273.000000,1.325230,2.012478
40.110774,-82.344400,-273.000000,1.299791,1.990431
40.630774,-82.344400,-273.000000,1.262875,2.002041
41.150774,-82.344400,-273.000000,1.241542,2.025271
41.670774,-82.344400,-273.000000,1.297089,2.001152
42.190774,-82.344400,-273.000000,1.296530,2.015156
42.710774,-82.344400,-273.000000,1.236237,1.995506
43.230774,-82.344400,-273.000000,1.261971,2.001172
43.750774,-82.344400,-273.000000,1.291758,2.009436
44.270774,-82.344400,-273.000000,1.272071,1.990661
44.790774,-82.344400,-273.000000,1.281069,2.009812
45.310774,-82.344400,-273.000000,1.273408,2.007836
45.830774,-82.344400,-273.000000,1.288275,1.996755
46.350774,-82.344400,-273.000000,1.253355,1.991231
46.870774,-82.344400,-273.000000,1.241661,2.008753
47.390774,-82.344400,-273.000000,1.264659,1.998390
47.910774,-82.344400,-273.000000,1.242734,1.997348
48.430774,-82.344400,-273.000000,1.293826,2.005816
48.950774,-82.344400,-273.000000,1.266703,1.987164
49.470774,-82.344400,-273.000000,1.303306,1.982607
49.990774,-82.344400,-273.000000,1.291013,1.992262
50.510774,-82.344400,-273.000000,1.260807,2.012595
51.030774,-82.344400,-273.000000,1.244486,2.004125
51.550774,-82.344400,-273.000000,1.282300,2.012204
52.070774,-82.344400,-273.000000,1.238488,2.003847
52.590774,-82.344400,-273.000000,1.243076,2.018883
53.110774,-82.344400,-273.000000,1.262376,2.016150
53.630774,-82.344400,-273.000000,1.257453,2.007953
54.150774,-82.344400,-273.000000,1.242882,1.994535
54.670774,-82.344400,-273.000000,1.232053,1.980363
55.190774,-82.344400,-273.000000,1.269317,1.986844
55.710774,-82.344400,-273.000000,1.266067,1.993621
56.230774,-82.344400,-273.000000,1.295558,2.013459
56.750774,-82.344400,-273.000000,1.256256,2.004741
57.270774,-82.344400,-273.000000,1.290064,1.992956
57.790774,-82.344400,-273.000000,1.276496,1.997342
58.310774,-82.344400,-273.000000,1.245202,2.024478
58.830774,-82.344400,-273.000000,1.275972,2.001024
59.350774,-82.344400,-273.000000,1.278667,1.997128
59.870774,-82.344400,-273.000000,1.269071,2.024933
60.390774,-82.344400,-273.000000,1.229955,1.989401
60.910774,-82.344400,-273.000000,1.221809,2.008373
61.430774,-82.344400,-273.000000,1.222477,1.979868
61.950774,-82.344400,-273.000000,1.271354,1.997205
62.470774,-82.344400,-273.000000,1.237107,2.024307
62.990774,-82.344400,-273.000000,1.271128,2.020552
63.510774,-82.344400,-273.000000,1.276000,1.982969
64.030774,-82.344400,-273.000000,1.282380,1.997747
64.550774,-82.344400,-273.000000,1.256954,1.994223
65.070774,-82.344400,-273.000000,1.238078,2.029290
65.590774,-82.344400,-273.000000,1.292487,2.010937
66.110774,-82.344400,-273.000000,1.283847,1.985145
66.630774,-82.344400,-273.000000,1.257100,2.006361
67.150774,-82.344400,-273.000000,1.216312,1.989622
67.670774,-82.344400,-273.000000,1.259055,1.994933
68.190774,-82.344400,-273.000000,1.277254,2.005473
68.710774,-82.344400,-273.000000,1.278528,2.011375
69.230774,-82.344400,-273.000000,1.249419,2.016454
69.750774,-82.344400,-273.000000,1.256260,1.997999
70.270774,-82.344400,-273.000000,1.271387,2.003472
70.790774,-82.344400,-273.000000,1.327047,1.988172
71.310774,-82.344400,-273.000000,1.257808,2.010828
71.830774,-82.344400,-273.000000,1.187895,1.996611
72.350774,-82.344400,-273.000000,1.285097,1.979934
72.870774,-82.344400,-273.000000,1.296741,1.987071
13.070774,-81.824400,-273.000000,1.205968,1.969277
13.590774,-81.824400,-273.000000,1.240760,1.980557
14.110774,-81.824400,-273.000000,1.204867,1.975701
14.630774,-81.824400,-273.000000,1.252192,1.987124
15.150774,-81.824400,-273.000000,1.244415,1.981842
15.670774,-81.824400,-273.000000,1.242793,2.005422
16.190774,-81.824400,-273.000000,1.274266,1.998440
16.710774,-81.824400,-273.000000,1.281653,1.986224
17.230774,-81.824400,-273.000000,1.243892,1.996310
17.750774,-81.824400,-273.000000,1.252667,2.008162
18.270774,-81.824400,-273.000000,1.236969,1.984602
18.790774,-81.824400,-273.000000,1.256412,2.009159
19.310774,-81.824400,-273.000000,1.319173,2.020854
19.830774,-81.824400,-273.000000,1.278470,1.993024
20.350774,-81.824400,-273.000000,1.254992,2.009340
20.870774,-81.824400,-273.000000,1.300723,2.016609
21.390774,-81.824400,-273.000000,1.250149,1.990785
21.910774,-81.824400,-273.000000,1.240098,2.011436
22.430774,-81.824400,-273.000000,1.262567,2.040193
22.950774,-81.824400,-273.000000,1.267592,2.012056
23.470774,-81.824400,-273.000000,1.258107,1.995856
23.990774,-81.824400,-273.000000,1.274274,1.993524
24.510774,-81.824400,-273.000000,1.244961,1.998955
25.030774,-81.824400,-273.000000,1.212719,1.996092
25.550774,-81.824400,-273.000000,1.260497,2.000272
26.070774,-81.824400,-273.000000,1.253999,2.001088
26.590774,-81.824400,-273.000000,1.240774,1.993137
27.110774,-81.824400,-273.000000,1.235803,2.021206
27.630774,-81.824400,-273.000000,1.302212,2.012768
28.150774,-81.824400,-273.000000,1.268669,2.008658
28.670774,-81.824400,-273.000000,1.254683,2.007805
29.190774,-81.824400,-273.000000,1.242350,1.993289
29.710774,-81.824400,-273.000000,1.257284,2.005735
30.230774,-81.824400,-273.000000,1.277143,2.008358
30.750774,-81.824400,-273.000000,1.271120,2.001229
31.270774,-81.824400,-273.000000,1.271939,1.993771
31.790774,-81.824400,-273.000000,1.289597,2.011930
32.310774,-81.824400,-273.000000,1.218725,1.996680
32.830774,-81.824400,-273.000000,1.342618,2.006210
33.350774,-81.824400,-273.000000,1.274700,2.011028
33.870774,-81.824400,-273.000000,1.259357,2.000429
34.390774,-81.824400,-273.000000,1.242969,1.999880
34.910774,-81.824400,-273.000000,1.264296,2.013137
35.430774,-81.824400,-273.000000,1.292092,1.992611
35.950774,-81.824400,-273.000000,1.232987,2.007768
36.470774,-81.824400,-273.000000,1.237015,2.001662
36.990774,-81.824400,-273.000000,1.267771,1.994993
37.510774,-81.824400,-273.000000,1.271516,2.000466
38.030774,-81.824400,-273.000000,1.286987,1.996818
38.550774,-81.824400,-273.000000,1.301355,2.022288
39.070774,-81.824400,-273.000000,1.244345,2.001886
39.590774,-81.824400,-273.000000,1.339830,2.010885
40.110774,-81.824400,-273.000000,1.254279,1.994481
40.630774,-81.824400,-273.000000,1.237661,2.002182
41.150774,-81.824400,-273.000000,1.297395,2.010218
41.670774,-81.824400,-273.000000,1.312499,2.032002
42.190774,-81.824400,-273.000000,1.306794,2.015346
42.710774,-81.824400,-273.000000,1.235883,1.992292
43.230774,-81.824400,-273.000000,1.237549,1.998217
43.750774,-81.824400,-273.000000,1.263375,2.008036
44.270774,-81.824400,-273.000000,1.276831,2.000635
44.790774,-81.824400,-273.000000,1.244724,2.000727
45.310774,-81.824400,-273.000000,1.251519,2.002318
45.830774,-81.824400,-273.000000,1.270274,1.995369
46.350774,-81.824400,-273.000000,1.249505,1.992572
46.870774,-81.824400,-273.000000,1.276806,2.014699
47.390774,-81.824400,-273.000000,1.213856,1.985095
47.910774,-81.824400,-273.000000,1.262510,2.005512
48.430774,-81.824400,-273.000000,1.371768,2.019471
48.950774,-81.824400,-273.000000,1.254709,1.984798
49.470774,-81.824400,-273.000000,1.269274,1.982309
49.990774,-81.824400,-273.000000,1.270347,2.000152
50.510774,-81.824400,-273.000000,1.239509,2.002894
51.030774,-81.824400,-273.000000,1.249169,1.994336
51.550774,-81.824400,-273.000000,1.300649,2.009931
52.070774,-81.824400,-273.000000,1.223124,2.002278
52.590774,-81.824400,-273.000000,1.254588,1.998840
53.110774,-81.824400,-273.000000,1.282550,2.022430
53.630774,-81.824400,-273.000000,1.252992,2.011294
54.150774,-81.824400,-273.000000,1.300503,1.991713
54.670774,-81.824400,-273.000000,1.250641,1.979276
55.190774,-81.824400,-273.000000,1.243635,1.989097
55.710774,-81.824400,-273.000000,1.270623,1.996378
56.230774,-81.824400,-273.000000,1.253892,1.994969
56.750774,-81.824400,-273.000000,1.324273,2.012663
57.270774,-81.824400,-273.000000,1.320456,2.028038
57.790774,-81.824400,-273.000000,1.278915,1.998456
58.310774,-81.824400,-273.000000,1.239917,2.026108
58.830774,-81.824400,-273.000000,1.291234,2.008359
59.350774,-81.824400,-273.000000,1.277639,1.998276
59.870774,-81.824400,-273.000000,1.297273,2.014009
60.390774,-81.824400,-273.000000,1.248295,1.996131
60.910774,-81.824400,-273.000000,1.241966,2.012968
61.430774,-81.824400,-273.000000,1.241955,1.996037
61.950774,-81.824400,-273.000000,1.257096,2.002373
62.470774,-81.824400,-273.000000,1.322150,2.002449
62.990774,-81.824400,-273.000000,1.289284,2.019217
63.510774,-81.824400,-273.000000,1.301811,1.987980
64.030774,-81.824400,-273.000000,1.296645,2.000387
64.550774,-81.824400,-273.000000,1.296933,1.997659
65.070774,-81.824400,-273.000000,1.296998,2.009238
65.590774,-81.824400,-273.000000,1.236907,1.995720
66.110774,-81.824400,-273.000000,1.245114,1.980099
66.630774,-81.824400,-273.000000,1.231492,2.015978
67.150774,-81.824400,-273.000000,1.270737,2.000293
67.670774,-81.824400,-273.000000,1.232031,1.996385
68.190774,-81.824400,-273.000000,1.286621,2.009173
68.710774,-81.824400,-273.000000,1.284995,1.997495
69.230774,-81.824400,-273.000000,1.264759,2.017148
69.750774,-81.824400,-273.000000,1.263286,2.008134
70.270774,-81.824400,-273.000000,1.315523,2.007073
70.790774,-81.824400,-273.000000,1.267408,1.993419
71.310774,-81.824400,-273.000000,1.232437,2.011250
71.830774,-81.824400,-273.000000,1.238691,2.009258
72.350774,-81.824400,-273.000000,1.217694,1.982736
72.870774,-81.824400,-273.000000,1.350305,2.004906
73.390774,-81.824400,-273.000000,1.322776,2.017413
72.870774,-81.304400,-273.000000,1.329241,2.001344
13.590774,-82.344400,-272.000000,1.320188,1.985111
14.110774,-82.344400,-272.000000,1.288797,1.984813
14.630774,-82.344400,-272.000000,1.245982,1.985116
15.150774,-82.344400,-272.000000,1.224355,1.981103
15.670774,-82.344400,-272.000000,1.254550,1.989053
16.190774,-82.344400,-272.000000,1.254782,2.000911
16.710774,-82.344400,-272.000000,1.247224,2.003639
17.230774,-82.344400,-272.000000,1.273230,1.993441
17.750774,-82.344400,-272.000000,1.308480,1.998434
18.270774,-82.344400,-272.000000,1.263627,2.004213
18.790774,-82.344400,-272.000000,1.220310,1.989872
19.310774,-82.344400,-272.000000,1.205820,2.004719
19.830774,-82.344400,-272.000000,1.300550,2.001491
20.350774,-82.344400,-272.000000,1.277424,1.991079
20.870774,-82.344400,-272.000000,1.278944,1.997496
21.390774,-82.344400,-272.000000,1.234966,2.005429
21.910774,-82.344400,-272.000000,1.252796,1.989511
22.430774,-82.344400,-272.000000,1.283678,2.012189
22.950774,-82.344400,-272.000000,1.246489,2.003570
23.470774,-82.344400,-272.000000,1.248567,1.991164
23.990774,-82.344400,-272.000000,1.259671,1.987867
24.510774,-82.344400,-272.000000,1.281839,1.990863
25.030774,-82.344400,-272.000000,1.245437,1.996349
25.550774,-82.344400,-272.000000,1.289821,2.004352
26.070774,-82.344400,-272.000000,1.266752,1.989772
26.590774,-82.344400,-272.000000,1.274522,2.002777
27.110774,-82.344400,-272.000000,1.300060,2.028142
27.630774,-82.344400,-272.000000,1.205509,1.997044
28.150774,-82.344400,-272.000000,1.231550,2.002298
28.670774,-82.344400,-272.000000,1.238786,1.983757
29.190774,-82.344400,-272.000000,1.219653,2.003505
29.710774,-82.344400,-272.000000,1.241598,2.027126
30.230774,-82.344400,-272.000000,1.263243,2.022228
30.750774,-82.344400,-272.000000,1.272411,1.993369
31.270774,-82.344400,-272.000000,1.253420,2.004435
31.790774,-82.344400,-272.000000,1.312958,1.992983
32.310774,-82.344400,-272.000000,1.371272,2.022886
32.830774,-82.344400,-272.000000,1.232586,2.011457
33.350774,-82.344400,-272.000000,1.248028,1.989419
33.870774,-82.344400,-272.000000,1.257971,1.989054
34.390774,-82.344400,-272.000000,1.206597,2.005931
34.910774,-82.344400,-272.000000,1.227883,2.006591
35.430774,-82.344400,-272.000000,1.211191,2.002914
35.950774,-82.344400,-272.000000,1.221621,1.989017
36.470774,-82.344400,-272.000000,1.253595,2.037366
36.990774,-82.344400,-272.000000,1.269212,2.006644
37.510774,-82.344400,-272.000000,1.255595,2.010702
38.030774,-82.344400,-272.000000,1.334191,2.000658
38.550774,-82.344400,-272.000000,1.292762,2.016076
39.070774,-82.344400,-272.000000,1.270401,2.012266
39.590774,-82.344400,-272.000000,1.264613,2.025522
40.110774,-82.344400,-272.000000,1.284179,2.001843
40.630774,-82.344400,-272.000000,1.271119,2.011888
41.150774,-82.344400,-272.000000,1.247330,1.998597
41.670774,-82.344400,-272.000000,1.246513,1.971652
42.190774,-82.344400,-272.000000,1.265964,1.981714
42.710774,-82.344400,-272.000000,1.238474,2.031303
43.230774,-82.344400,-272.000000,1.274223,1.999080
43.750774,-82.344400,-272.000000,1.300702,1.993523
44.270774,-82.344400,-272.000000,1.274140,1.995097
44.790774,-82.344400,-272.000000,1.244687,1.996273
45.310774,-82.344400,-272.000000,1.252487,2.021088
45.830774,-82.344400,-272.000000,1.240192,1.992175
46.350774,-82.344400,-272.000000,1.266020,2.011626
46.870774,-82.344400,-272.000000,1.250806,1.998364
47.390774,-82.344400,-272.000000,1.266042,2.005086
47.910774,-82.344400,-272.000000,1.234377,2.024925
48.430774,-82.344400,-272.000000,1.246508,1.993428
48.950774,-82.344400,-272.000000,1.295920,1.978092
49.470774,-82.344400,-272.000000,1.277534,2.014648
49.990774,-82.344400,-272.000000,1.239413,2.045743
50.510774,-82.344400,-272.000000,1.249682,1.984800
51.030774,-82.344400,-272.000000,1.326905,2.006361
51.550774,-82.344400,-272.000000,1.291409,1.993059
52.070774,-82.344400,-272.000000,1.290340,1.994432
52.590774,-82.344400,-272.000000,1.280192,2.009935
53.110774,-82.344400,-272.000000,1.249415,1.998514
53.630774,-82.344400,-272.000000,1.231641,2.013035
54.150774,-82.344400,-272.000000,1.281047,1.985541
54.670774,-82.344400,-272.000000,1.295077,2.000337
55.190774,-82.344400,-272.000000,1.257512,1.983152
55.710774,-82.344400,-272.000000,1.298114,2.006375
56.230774,-82.344400,-272.000000,1.269913,2.020347
56.750774,-82.344400,-272.000000,1.293636,2.006106
57.270774,-82.344400,-272.000000,1.275148,1.992220
57.790774,-82.344400,-272.000000,1.238541,1.995260
58.310774,-82.344400,-272.000000,1.267877,2.011822
58.830774,-82.344400,-272.000000,1.243014,1.985207
59.350774,-82.344400,-272.000000,1.316373,1.997778
59.870774,-82.344400,-272.000000,1.332714,2.020057
60.390774,-82.344400,-272.000000,1.299386,1.989264
60.910774,-82.344400,-272.000000,1.293826,1.995416
61.430774,-82.344400,-272.000000,1.279595,2.015081
61.950774,-82.344400,-272.000000,1.227742,1.995515
62.470774,-82.344400,-272.000000,1.298927,2.016516
62.990774,-82.344400,-272.000000,1.295226,1.992318
63.510774,-82.344400,-272.000000,1.223726,2.011014
64.030774,-82.344400,-272.000000,1.242278,2.002273
64.550774,-82.344400,-272.000000,1.293144,2.004363
65.070774,-82.344400,-272.000000,1.213326,1.985164
65.590774,-82.344400,-272.000000,1.253943,2.026961
66.110774,-82.344400,-272.000000,1.267971,1.989502
66.630774,-82.344400,-272.000000,1.255692,1.999549
67.150774,-82.344400,-272.000000,1.305511,1.995951
67.670774,-82.344400,-272.000000,1.242059,2.010984
68.190774,-82.344400,-272.000000,1.289195,1.993375
68.710774,-82.344400,-272.000000,1.299904,2.009994
69.230774,-82.344400,-272.000000,1.282717,2.010814
69.750774,-82.344400,-272.000000,1.252030,1.988621
70.270774,-82.344400,-272.000000,1.246596,2.021745
70.790774,-82.344400,-272.000000,1.224164,1.996207
71.310774,-82.344400,-272.000000,1.207822,2.016794
71.830774,-82.344400,-272.000000,1.283519,2.004927
72.350774,-82.344400,-272.000000,1.244539,1.997774
72.870774,-82.344400,-272.000000,1.308373,2.006695
73.390774,-82.344400,-272.000000,1.253143,1.981276
73.910774,-82.344400,-272.000000,1.219207,2.010553
74.430774,-82.344400,-272.000000,1.257716,2.001797
13.070774,-81.824400,-272.000000,1.265841,1.966166
13.590774,-81.824400,-272.000000,1.247351,1.978829
14.110774,-81.824400,-272.000000,1.262024,1.972232
14.630774,-81.824400,-272.000000,1.253954,1.985458
15.150774,-81.824400,-272.000000,1.266303,1.982256
15.670774,-81.824400,-272.000000,1.271020,1.992168
16.190774,-81.824400,-272.000000,1.234016,2.000008
16.710774,-81.824400,-272.000000,1.309289,2.000896
17.230774,-81.824400,-272.000000,1.200952,2.002887
17.750774,-81.824400,-272.000000,1.289130,1.993529
18.270774,-81.824400,-272.000000,1.262562,2.010948
18.790774,-81.824400,-272.000000,1.237001,1.991954
19.310774,-81.824400,-272.000000,1.230473,2.012792
19.830774,-81.824400,-272.000000,1.318444,2.000296
20.350774,-81.824400,-272.000000,1.241429,1.992071
20.870774,-81.824400,-272.000000,1.240728,2.003575
21.390774,-81.824400,-272.000000,1.256995,1.998776
21.910774,-81.824400,-272.000000,1.213649,1.985502
22.430774,-81.824400,-272.000000,1.258753,2.004013
22.950774,-81.824400,-272.000000,1.293955,2.004021
23.470774,-81.824400,-272.000000,1.233722,1.995245
23.990774,-81.824400,-272.000000,1.289575,1.996336
24.510774,-81.824400,-272.000000,1.250202,1.986032
25.030774,-81.824400,-272.000000,1.241734,1.999654
25.550774,-81.824400,-272.000000,1.243529,2.000746
26.070774,-81.824400,-272.000000,1.287592,1.991210
26.590774,-81.824400,-272.000000,1.271533,2.011456
27.110774,-81.824400,-272.000000,1.255564,2.039420
27.630774,-81.824400,-272.000000,1.241581,2.004453
28.150774,-81.824400,-272.000000,1.277624,2.011156
28.670774,-81.824400,-272.000000,1.239346,1.994961
29.190774,-81.824400,-272.000000,1.224015,1.996359
29.710774,-81.824400,-272.000000,1.288335,2.031933
30.230774,-81.824400,-272.000000,1.241695,2.012522
30.750774,-81.824400,-272.000000,1.263226,1.994918
31.270774,-81.824400,-272.000000,1.287770,1.994922
31.790774,-81.824400,-272.000000,1.268590,1.990688
32.310774,-81.824400,-272.000000,1.300487,2.004953
32.830774,-81.824400,-272.000000,1.238418,2.022202
33.350774,-81.824400,-272.000000,1.302746,2.001289
33.870774,-81.824400,-272.000000,1.250661,1.992922
34.390774,-81.824400,-272.000000,1.209922,2.010940
34.910774,-81.824400,-272.000000,1.217090,2.010398
35.430774,-81.824400,-272.000000,1.206107,1.998014
35.950774,-81.824400,-272.000000,1.215662,2.019494
36.470774,-81.824400,-272.000000,1.255338,2.029612
36.990774,-81.824400,-272.000000,1.245369,2.025344
37.510774,-81.824400,-272.000000,1.283196,2.016948
38.030774,-81.824400,-272.000000,1.275383,2.007611
38.550774,-81.824400,-272.000000,1.254125,2.007298
39.070774,-81.824400,-272.000000,1.266837,2.034435
39.590774,-81.824400,-272.000000,1.287264,2.031606
40.110774,-81.824400,-272.000000,1.311050,2.008386
40.630774,-81.824400,-272.000000,1.258938,2.007511
41.150774,-81.824400,-272.000000,1.241287,2.003829
41.670774,-81.824400,-272.000000,1.238509,1.978176
42.190774,-81.824400,-272.000000,1.258964,1.985249
42.710774,-81.824400,-272.000000,1.231456,2.002305
43.230774,-81.824400,-272.000000,1.244312,2.005193
43.750774,-81.824400,-272.000000,1.273485,1.999581
44.270774,-81.824400,-272.000000,1.275699,2.004712
44.790774,-81.824400,-272.000000,1.249729,2.001092
45.310774,-81.824400,-272.000000,1.221895,2.009869
45.830774,-81.824400,-272.000000,1.214966,1.994872
46.350774,-81.824400,-272.000000,1.308611,2.019316
46.870774,-81.824400,-272.000000,1.276716,1.999676
47.390774,-81.824400,-272.000000,1.279009,2.017703
47.910774,-81.824400,-272.000000,1.243026,2.018419
48.430774,-81.824400,-272.000000,1.239867,2.006191
48.950774,-81.824400,-272.000000,1.270338,1.983610
49.470774,-81.824400,-272.000000,1.294927,2.029046
49.990774,-81.824400,-272.000000,1.219040,2.035712
50.510774,-81.824400,-272.000000,1.223085,1.988276
51.030774,-81.824400,-272.000000,1.248098,1.992080
51.550774,-81.824400,-272.000000,1.252890,1.990205
52.070774,-81.824400,-272.000000,1.249913,1.995015
52.590774,-81.824400,-272.000000,1.253540,2.009213
53.110774,-81.824400,-272.000000,1.320840,2.002697
53.630774,-81.824400,-272.000000,1.300865,2.010603
54.150774,-81.824400,-272.000000,1.311967,2.002022
54.670774,-81.824400,-272.000000,1.273753,2.014118
55.190774,-81.824400,-272.000000,1.218409,1.985995
55.710774,-81.824400,-272.000000,1.289593,2.001148
56.230774,-81.824400,-272.000000,1.248622,2.009797
56.750774,-81.824400,-272.000000,1.252801,2.026792
57.270774,-81.824400,-272.000000,1.278853,2.005008
57.790774,-81.824400,-272.000000,1.263600,1.992181
58.310774,-81.824400,-272.000000,1.262882,2.015700
58.830774,-81.824400,-272.000000,1.262231,1.982040
59.350774,-81.824400,-272.000000,1.328774,1.996214
59.870774,-81.824400,-272.000000,1.301388,2.009460
60.390774,-81.824400,-272.000000,1.276669,1.996391
60.910774,-81.824400,-272.000000,1.287370,2.005525
61.430774,-81.824400,-272.000000,1.268278,2.013813
61.950774,-81.824400,-272.000000,1.285055,1.998983
62.470774,-81.824400,-272.000000,1.279008,2.015055
62.990774,-81.824400,-272.000000,1.276205,1.987296
63.510774,-81.824400,-272.000000,1.218412,2.015002
64.030774,-81.824400,-272.000000,1.249240,2.006447
64.550774,-81.824400,-272.000000,1.259601,1.995457
65.070774,-81.824400,-272.000000,1.261127,1.995917
65.590774,-81.824400,-272.000000,1.273660,2.023198
66.110774,-81.824400,-272.000000,1.295022,1.990538
66.630774,-81.824400,-272.000000,1.271136,2.006769
67.150774,-81.824400,-272.000000,1.262332,1.999517
67.670774,-81.824400,-272.000000,1.256484,1.998748
68.190774,-81.824400,-272.000000,1.293351,1.994759
68.710774,-81.824400,-272.000000,1.251242,2.013026
69.230774,-81.824400,-272.000000,1.235180,2.002964
69.750774,-81.824400,-272.000000,1.338490,1.984806
70.270774,-81.824400,-272.000000,1.237659,1.999367
70.790774,-81.824400,-272.000000,1.203761,1.994944
71.310774,-81.824400,-272.000000,1.272187,1.997591
71.830774,-81.824400,-272.000000,1.293023,2.024761
72.350774,-81.824400,-272.000000,1.246624,2.003381
72.870774,-81.824400,-272.000000,1.244112,2.012408
73.390774,-81.824400,-272.000000,1.245921,1.986441
73.910774,-81.824400,-272.000000,1.261383,2.015463
74.430774,-81.824400,-272.000000,1.305457,1.999926
74.950774,-81.824400,-272.000000,1.221018,2.004242
73.910774,-81.304400,-272.000000,1.279886,2.005251
74.430774,-81.304400,-272.000000,1.292451,2.008383
13.590774,-82.344400,-271.000000,1.277279,1.977338
14.110774,-82.344400,-271.000000,1.294690,2.008513
14.630774,-82.344400,-271.000000,1.257532,1.981873
15.150774,-82.344400,-271.000000,1.306266,2.004771
15.670774,-82.344400,-271.000000,1.278756,1.991043
16.190774,-82.344400,-271.000000,1.289942,1.992768
16.710774,-82.344400,-271.000000,1.269427,2.005051
17.230774,-82.344400,-271.000000,1.252718,2.005975
17.750774,-82.344400,-271.000000,1.294533,1.996404
18.270774,-82.344400,-271.000000,1.243481,1.996886
18.790774,-82.344400,-271.000000,1.239385,2.023677
19.310774,-82.344400,-271.000000,1.252022,1.995740
19.830774,-82.344400,-271.000000,1.232520,1.975374
20.350774,-82.344400,-271.000000,1.249894,2.003765
20.870774,-82.344400,-271.000000,1.263908,2.009805
21.390774,-82.344400,-271.000000,1.209499,2.002465
21.910774,-82.344400,-271.000000,1.210310,1.987214
22.430774,-82.344400,-271.000000,1.211862,1.986727
22.950774,-82.344400,-271.000000,1.236986,1.999666
23.470774,-82.344400,-271.000000,1.220002,1.989160
23.990774,-82.344400,-271.000000,1.270209,1.996955
24.510774,-82.344400,-271.000000,1.288890,2.004474
25.030774,-82.344400,-271.000000,1.313221,1.999975
25.550774,-82.344400,-271.000000,1.273664,1.999283
26.070774,-82.344400,-271.000000,1.226909,2.017735
26.590774,-82.344400,-271.000000,1.213218,2.012376
27.110774,-82.344400,-271.000000,1.283282,1.994485
27.630774,-82.344400,-271.000000,1.240065,1.993312
28.150774,-82.344400,-271.000000,1.246623,2.009232
28.670774,-82.344400,-271.000000,1.289536,1.999268
29.190774,-82.344400,-271.000000,1.248687,1.991992
29.710774,-82.344400,-271.000000,1.240305,1.989911
30.230774,-82.344400,-271.000000,1.260997,2.020821
30.750774,-82.344400,-271.000000,1.287477,2.000543
31.270774,-82.344400,-271.000000,1.256618,1.984357
31.790774,-82.344400,-271.000000,1.249281,1.983930
32.310774,-82.344400,-271.000000,1.256818,2.009476
32.830774,-82.344400,-271.000000,1.281244,2.007696
33.350774,-82.344400,-271.000000,1.231140,2.018420
33.870774,-82.344400,-271.000000,1.270995,2.005634
34.390774,-82.344400,-271.000000,1.260962,2.002599
34.910774,-82.344400,-271.000000,1.263965,2.003466
35.430774,-82.344400,-271.000000,1.254392,1.981000
35.950774,-82.344400,-271.000000,1.236384,1.979245
36.470774,-82.344400,-271.000000,1.287836,1.997551
36.990774,-82.344400,-271.000000,1.217361,1.989107
37.510774,-82.344400,-271.000000,1.221453,2.006683
38.030774,-82.344400,-271.000000,1.249287,2.027602
38.550774,-82.344400,-271.000000,1.252620,2.030780
39.070774,-82.344400,-271.000000,1.251442,2.012846
39.590774,-82.344400,-271.000000,1.223881,2.005546
40.110774,-82.344400,-271.000000,1.263827,1.988964
40.630774,-82.344400,-271.000000,1.277225,1.976861
41.150774,-82.344400,-271.000000,1.277073,1.980917
41.670774,-82.344400,-271.000000,1.224221,1.979676
42.190774,-82.344400,-271.000000,1.275213,1.999797
42.710774,-82.344400,-271.000000,1.286096,2.004889
43.230774,-82.344400,-271.000000,1.312571,2.019803
43.750774,-82.344400,-271.000000,1.231638,2.005209
44.270774,-82.344400,-271.000000,1.225843,1.988701
44.790774,-82.344400,-271.000000,1.318883,2.005427
45.310774,-82.344400,-271.000000,1.247461,1.990335
45.830774,-82.344400,-271.000000,1.248688,2.028263
46.350774,-82.344400,-271.000000,1.250411,2.007092
46.870774,-82.344400,-271.000000,1.243366,1.987925
47.390774,-82.344400,-271.000000,1.281177,2.001128
47.910774,-82.344400,-271.000000,1.239050,1.991698
48.430774,-82.344400,-271.000000,1.254915,2.001217
48.950774,-82.344400,-271.000000,1.261429,1.995477
49.470774,-82.344400,-271.000000,1.271756,1.997089
49.990774,-82.344400,-271.000000,1.283488,2.006915
50.510774,-82.344400,-271.000000,1.277326,2.006377
51.030774,-82.344400,-271.000000,1.245680,1.990418
51.550774,-82.344400,-271.000000,1.222177,2.006371
52.070774,-82.344400,-271.000000,1.232582,1.986966
52.590774,-82.344400,-271.000000,1.238212,1.986542
53.110774,-82.344400,-271.000000,1.270951,2.007282
53.630774,-82.344400,-271.000000,1.256173,1.998881
54.150774,-82.344400,-271.000000,1.278904,1.996210
54.670774,-82.344400,-271.000000,1.256086,2.003266
55.190774,-82.344400,-271.000000,1.248402,2.006947
55.710774,-82.344400,-271.000000,1.261578,1.986426
56.230774,-82.344400,-271.000000,1.224582,1.983159
56.750774,-82.344400,-271.000000,1.221797,2.001497
57.270774,-82.344400,-271.000000,1.274165,1.990611
57.790774,-82.344400,-271.000000,1.251161,1.997474
58.310774,-82.344400,-271.000000,1.246175,1.986161
58.830774,-82.344400,-271.000000,1.290568,2.002110
59.350774,-82.344400,-271.000000,1.234884,2.002539
59.870774,-82.344400,-271.000000,1.278475,2.002744
60.390774,-82.344400,-271.000000,1.224510,2.034625
60.910774,-82.344400,-271.000000,1.258122,1.989679
61.430774,-82.344400,-271.000000,1.242741,1.990964
61.950774,-82.344400,-271.000000,1.287101,2.006218
62.470774,-82.344400,-271.000000,1.248418,2.037939
62.990774,-82.344400,-271.000000,1.247264,1.993173
63.510774,-82.344400,-271.000000,1.263831,2.003777
64.030774,-82.344400,-271.000000,1.236317,1.999504
64.550774,-82.344400,-271.000000,1.293877,1.998417
65.070774,-82.344400,-271.000000,1.245831,2.008716
65.590774,-82.344400,-271.000000,1.227075,2.011960
66.110774,-82.344400,-271.000000,1.261698,2.011618
66.630774,-82.344400,-271.000000,1.239429,1.987532
67.150774,-82.344400,-271.000000,1.249445,1.986845
67.670774,-82.344400,-271.000000,1.289211,2.004812
68.190774,-82.344400,-271.000000,1.302429,2.023785
68.710774,-82.344400,-271.000000,1.290814,2.009135
69.230774,-82.344400,-271.000000,1.290380,1.999519
69.750774,-82.344400,-271.000000,1.248770,1.979223
70.270774,-82.344400,-271.000000,1.288887,2.001629
70.790774,-82.344400,-271.000000,1.258502,1.996574
71.310774,-82.344400,-271.000000,1.241051,2.004196
71.830774,-82.344400,-271.000000,1.301399,1.999994
72.350774,-82.344400,-271.000000,1.267195,2.005828
72.870774,-82.344400,-271.000000,1.278706,2.003182
73.390774,-82.344400,-271.000000,1.323918,2.000767
73.910774,-82.344400,-271.000000,1.295736,2.001086
74.430774,-82.344400,-271.000000,1.300161,2.001320
74.950774,-82.344400,-271.000000,1.234482,2.000229
75.470774,-82.344400,-271.000000,1.245892,2.013691
75.990774,-82.344400,-271.000000,1.303947,2.011097
13.070774,-81.824400,-271.000000,1.230227,1.971807
13.590774,-81.824400,-271.000000,1.308500,1.978442
14.110774,-81.824400,-271.000000,1.306963,1.999697
14.630774,-81.824400,-271.000000,1.262041,1.973856
15.150774,-81.824400,-271.000000,1.199366,1.989260
15.670774,-81.824400,-271.000000,1.279147,1.996857
16.190774,-81.824400,-271.000000,1.276354,1.997012
16.710774,-81.824400,-271.000000,1.327579,2.001745
17.230774,-81.824400,-271.000000,1.303395,1.993375
17.750774,-81.824400,-271.000000,1.298495,1.998055
18.270774,-81.824400,-271.000000,1.252710,1.998595
18.790774,-81.824400,-271.000000,1.218012,1.988279
19.310774,-81.824400,-271.000000,1.238455,2.000651
19.830774,-81.824400,-271.000000,1.248123,1.974722
20.350774,-81.824400,-271.000000,1.282970,2.008758
20.870774,-81.824400,-271.000000,1.311843,2.013301
21.390774,-81.824400,-271.000000,1.246727,1.996166
21.910774,-81.824400,-271.000000,1.243027,1.980682
22.430774,-81.824400,-271.000000,1.214495,1.991416
22.950774,-81.824400,-271.000000,1.295550,2.010597
23.470774,-81.824400,-271.000000,1.284781,1.993611
23.990774,-81.824400,-271.000000,1.284356,1.994997
24.510774,-81.824400,-271.000000,1.278032,1.999299
25.030774,-81.824400,-271.000000,1.232382,1.994251
25.550774,-81.824400,-271.000000,1.279420,2.002789
26.070774,-81.824400,-271.000000,1.270006,2.011470
26.590774,-81.824400,-271.000000,1.269429,2.015700
27.110774,-81.824400,-271.000000,1.230541,1.991179
27.630774,-81.824400,-271.000000,1.241674,1.985254
28.150774,-81.824400,-271.000000,1.264148,2.006393
28.670774,-81.824400,-271.000000,1.238081,2.000465
29.190774,-81.824400,-271.000000,1.267419,1.997559
29.710774,-81.824400,-271.000000,1.240098,1.994818
30.230774,-81.824400,-271.000000,1.273075,2.013013
30.750774,-81.824400,-271.000000,1.292200,1.989385
31.270774,-81.824400,-271.000000,1.257867,1.990223
31.790774,-81.824400,-271.000000,1.218381,1.986224
32.310774,-81.824400,-271.000000,1.246309,1.999952
32.830774,-81.824400,-271.000000,1.214105,1.996481
33.350774,-81.824400,-271.000000,1.255844,2.011090
33.870774,-81.824400,-271.000000,1.279931,2.012384
34.390774,-81.824400,-271.000000,1.226277,2.007980
34.910774,-81.824400,-271.000000,1.242961,1.996626
35.430774,-81.824400,-271.000000,1.230602,1.985063
35.950774,-81.824400,-271.000000,1.242701,1.990720
36.470774,-81.824400,-271.000000,1.297698,1.999668
36.990774,-81.824400,-271.000000,1.307040,2.002590
37.510774,-81.824400,-271.000000,1.255384,2.003054
38.030774,-81.824400,-271.000000,1.214475,2.015717
38.550774,-81.824400,-271.000000,1.239134,2.018068
39.070774,-81.824400,-271.000000,1.212221,2.020776
39.590774,-81.824400,-271.000000,1.217337,2.010011
40.110774,-81.824400,-271.000000,1.277185,1.985379
40.630774,-81.824400,-271.000000,1.276991,1.975192
41.150774,-81.824400,-271.000000,1.266671,1.982950
41.670774,-81.824400,-271.000000,1.256781,1.984459
42.190774,-81.824400,-271.000000,1.210286,2.007649
42.710774,-81.824400,-271.000000,1.278562,2.003488
43.230774,-81.824400,-271.000000,1.301611,2.018933
43.750774,-81.824400,-271.000000,1.231838,2.013048
44.270774,-81.824400,-271.000000,1.231735,1.992965
44.790774,-81.824400,-271.000000,1.290202,2.006911
45.310774,-81.824400,-271.000000,1.256745,1.994834
45.830774,-81.824400,-271.000000,1.230239,2.024215
46.350774,-81.824400,-271.000000,1.304296,2.005290
46.870774,-81.824400,-271.000000,1.361547,2.008811
47.390774,-81.824400,-271.000000,1.245722,2.004574
47.910774,-81.824400,-271.000000,1.251725,1.990873
48.430774,-81.824400,-271.000000,1.246201,2.000011
48.950774,-81.824400,-271.000000,1.237464,1.996698
49.470774,-81.824400,-271.000000,1.302105,1.999590
49.990774,-81.824400,-271.000000,1.237380,1.999336
50.510774,-81.824400,-271.000000,1.259338,2.004213
51.030774,-81.824400,-271.000000,1.253042,1.996541
51.550774,-81.824400,-271.000000,1.261523,1.995434
52.070774,-81.824400,-271.000000,1.243302,1.986441
52.590774,-81.824400,-271.000000,1.233144,1.992796
53.110774,-81.824400,-271.000000,1.249707,1.998881
53.630774,-81.824400,-271.000000,1.277254,1.996879
54.150774,-81.824400,-271.000000,1.271846,1.985669
54.670774,-81.824400,-271.000000,1.281274,2.029642
55.190774,-81.824400,-271.000000,1.237683,1.999926
55.710774,-81.824400,-271.000000,1.270523,1.996742
56.230774,-81.824400,-271.000000,1.239232,2.000338
56.750774,-81.824400,-271.000000,1.237631,1.993716
57.270774,-81.824400,-271.000000,1.185713,1.991359
57.790774,-81.824400,-271.000000,1.212855,1.995444
58.310774,-81.824400,-271.000000,1.293764,1.992980
58.830774,-81.824400,-271.000000,1.223321,2.017329
59.350774,-81.824400,-271.000000,1.274566,1.994625
59.870774,-81.824400,-271.000000,1.282530,2.012074
60.390774,-81.824400,-271.000000,1.209131,1.997393
60.910774,-81.824400,-271.000000,1.257902,2.001862
61.430774,-81.824400,-271.000000,1.225410,1.998031
61.950774,-81.824400,-271.000000,1.278324,2.003243
62.470774,-81.824400,-271.000000,1.264961,2.033775
62.990774,-81.824400,-271.000000,1.224640,1.995998
63.510774,-81.824400,-271.000000,1.221956,2.012594
64.030774,-81.824400,-271.000000,1.248662,2.018238
64.550774,-81.824400,-271.000000,1.251584,1.996742
65.070774,-81.824400,-271.000000,1.255758,2.009479
65.590774,-81.824400,-271.000000,1.258247,2.025972
66.110774,-81.824400,-271.000000,1.241803,2.017426
66.630774,-81.824400,-271.000000,1.230446,1.999654
67.150774,-81.824400,-271.000000,1.239051,1.997140
67.670774,-81.824400,-271.000000,1.261496,2.005967
68.190774,-81.824400,-271.000000,1.324478,2.023076
68.710774,-81.824400,-271.000000,1.269800,2.004366
69.230774,-81.824400,-271.000000,1.262340,1.996425
69.750774,-81.824400,-271.000000,1.277335,1.993454
70.270774,-81.824400,-271.000000,1.275930,2.006327
70.790774,-81.824400,-271.000000,1.256250,2.003381
71.310774,-81.824400,-271.000000,1.337555,2.013426
71.830774,-81.824400,-271.000000,1.249784,2.002060
72.350774,-81.824400,-271.000000,1.300502,2.010609
72.870774,-81.824400,-271.000000,1.288628,2.002935
73.390774,-81.824400,-271.000000,1.306470,1.999378
73.910774,-81.824400,-271.000000,1.272786,2.004495
74.430774,-81.824400,-271.000000,1.225450,1.996949
74.950774,-81.824400,-271.000000,1.229462,2.002680
75.470774,-81.824400,-271.000000,1.208817,2.005787
75.990774,-81.824400,-271.000000,1.253645,2.005147
13.590774,-82.344400,-270.000000,1.224469,1.977884
14.110774,-82.344400,-270.000000,1.230774,1.982606
14.630774,-82.344400,-270.000000,1.214429,1.988326
15.150774,-82.344400,-270.000000,1.227578,1.991526
15.670774,-82.344400,-270.000000,1.300165,1.996098
16.190774,-82.344400,-270.000000,1.273412,1.982872
16.710774,-82.344400,-270.000000,1.218639,1.974239
17.230774,-82.344400,-270.000000,1.280011,1.990556
17.750774,-82.344400,-270.000000,1.235818,1.974831
18.270774,-82.344400,-270.000000,1.209041,1.977889
18.790774,-82.344400,-270.000000,1.264242,1.985892
19.310774,-82.344400,-270.000000,1.282184,1.986346
19.830774,-82.344400,-270.000000,1.302489,1.988858
20.350774,-82.344400,-270.000000,1.263464,2.016766
20.870774,-82.344400,-270.000000,1.304592,2.020506
21.390774,-82.344400,-270.000000,1.262523,1.999659
21.910774,-82.344400,-270.000000,1.214738,2.014663
22.430774,-82.344400,-270.000000,1.214537,1.993075
22.950774,-82.344400,-270.000000,1.286487,1.982471
23.470774,-82.344400,-270.000000,1.268474,1.989602
23.990774,-82.344400,-270.000000,1.248792,1.995481
24.510774,-82.344400,-270.000000,1.226146,2.001432
25.030774,-82.344400,-270.000000,1.271700,2.002684
25.550774,-82.344400,-270.000000,1.297336,1.999132
26.070774,-82.344400,-270.000000,1.281371,1.997475
26.590774,-82.344400,-270.000000,1.319249,2.012023
27.110774,-82.344400,-270.000000,1.260292,1.992987
27.630774,-82.344400,-270.000000,1.218153,2.004437
28.150774,-82.344400,-270.000000,1.274006,2.024376
28.670774,-82.344400,-270.000000,1.271014,2.019229
29.190774,-82.344400,-270.000000,1.324152,2.012928
29.710774,-82.344400,-270.000000,1.266428,2.008468
30.230774,-82.344400,-270.000000,1.231229,1.997617
30.750774,-82.344400,-270.000000,1.254730,2.003715
31.270774,-82.344400,-270.000000,1.263264,2.004466
31.790774,-82.344400,-270.000000,1.240022,1.986349
32.310774,-82.344400,-270.000000,1.246936,1.986291
32.830774,-82.344400,-270.000000,1.265642,2.016912
33.350774,-82.344400,-270.000000,1.279655,1.998508
33.870774,-82.344400,-270.000000,1.215235,1.997420
34.390774,-82.344400,-270.000000,1.308949,2.002856
34.910774,-82.344400,-270.000000,1.312330,2.003256
35.430774,-82.344400,-270.000000,1.286010,1.994020
35.950774,-82.344400,-270.000000,1.302446,2.022248
36.470774,-82.344400,-270.000000,1.240471,2.004997
36.990774,-82.344400,-270.000000,1.245998,2.000765
37.510774,-82.344400,-270.000000,1.269649,2.006004
38.030774,-82.344400,-270.000000,1.265371,1.968652
38.550774,-82.344400,-270.000000,1.259874,1.999954
39.070774,-82.344400,-270.000000,1.250945,1.989369
39.590774,-82.344400,-270.000000,1.270037,2.005958
40.110774,-82.344400,-270.000000,1.273815,1.994543
40.630774,-82.344400,-270.000000,1.305437,2.022919
41.150774,-82.344400,-270.000000,1.249957,1.997838
41.670774,-82.344400,-270.000000,1.261410,2.022552
42.190774,-82.344400,-270.000000,1.225700,1.975398
42.710774,-82.344400,-270.000000,1.238030,2.002433
43.230774,-82.344400,-270.000000,1.238171,1.990570
43.750774,-82.344400,-270.000000,1.252640,2.004753
44.270774,-82.344400,-270.000000,1.242266,1.997252
44.790774,-82.344400,-270.000000,1.274335,2.026716
45.310774,-82.344400,-270.000000,1.246747,2.000894
45.830774,-82.344400,-270.000000,1.280600,1.998926
46.350774,-82.344400,-270.000000,1.259748,2.008744
46.870774,-82.344400,-270.000000,1.269476,1.985176
47.390774,-82.344400,-270.000000,1.233041,1.992340
47.910774,-82.344400,-270.000000,1.249240,1.999440
48.430774,-82.344400,-270.000000,1.211877,1.984692
48.950774,-82.344400,-270.000000,1.273687,2.008207
49.470774,-82.344400,-270.000000,1.305296,1.999514
49.990774,-82.344400,-270.000000,1.323748,2.014095
50.510774,-82.344400,-270.000000,1.249153,1.997213
51.030774,-82.344400,-270.000000,1.236186,2.005332
51.550774,-82.344400,-270.000000,1.258341,2.005676
52.070774,-82.344400,-270.000000,1.282698,2.004098
52.590774,-82.344400,-270.000000,1.211505,1.980687
53.110774,-82.344400,-270.000000,1.297421,2.017622
53.630774,-82.344400,-270.000000,1.219885,2.002036
54.150774,-82.344400,-270.000000,1.280087,2.011438
54.670774,-82.344400,-270.000000,1.260443,2.041614
55.190774,-82.344400,-270.000000,1.239677,2.012491
55.710774,-82.344400,-270.000000,1.276191,2.015634
56.230774,-82.344400,-270.000000,1.235216,2.006016
56.750774,-82.344400,-270.000000,1.266004,2.009054
57.270774,-82.344400,-270.000000,1.294920,2.009793
57.790774,-82.344400,-270.000000,1.246914,1.983379
58.310774,-82.344400,-270.000000,1.225013,1.992332
58.830774,-82.344400,-270.000000,1.285027,2.006939
59.350774,-82.344400,-270.000000,1.238645,1.988262
59.870774,-82.344400,-270.000000,1.277487,1.999449
60.390774,-82.344400,-270.000000,1.292586,2.005944
60.910774,-82.344400,-270.000000,1.297683,1.996754
61.430774,-82.344400,-270.000000,1.260897,2.001792
61.950774,-82.344400,-270.000000,1.233677,2.012783
62.470774,-82.344400,-270.000000,1.232119,2.002772
62.990774,-82.344400,-270.000000,1.247301,1.999969
63.510774,-82.344400,-270.000000,1.225274,1.999743
64.030774,-82.344400,-270.000000,1.211801,1.998831
64.550774,-82.344400,-270.000000,1.252128,2.003539
65.070774,-82.344400,-270.000000,1.247241,2.004765
65.590774,-82.344400,-270.000000,1.265758,1.986686
66.110774,-82.344400,-270.000000,1.277032,1.994336
66.630774,-82.344400,-270.000000,1.292401,2.011013
67.150774,-82.344400,-270.000000,1.316755,2.028070
67.670774,-82.344400,-270.000000,1.314784,2.011402
68.190774,-82.344400,-270.000000,1.248023,1.988053
68.710774,-82.344400,-270.000000,1.240467,2.010468
69.230774,-82.344400,-270.000000,1.273369,2.010616
69.750774,-82.344400,-270.000000,1.315166,2.010056
70.270774,-82.344400,-270.000000,1.203879,2.010055
70.790774,-82.344400,-270.000000,1.301388,1.988320
71.310774,-82.344400,-270.000000,1.220382,2.013442
71.830774,-82.344400,-270.000000,1.259467,1.981540
72.350774,-82.344400,-270.000000,1.236175,2.006821
72.870774,-82.344400,-270.000000,1.258968,2.004677
73.390774,-82.344400,-270.000000,1.298078,1.999490
73.910774,-82.344400,-270.000000,1.281659,2.020479
74.430774,-82.344400,-270.000000,1.253670,2.011955
74.950774,-82.344400,-270.000000,1.240683,1.990601
75.470774,-82.344400,-270.000000,1.250066,1.989226
75.990774,-82.344400,-270.000000,1.246947,2.002507
13.070774,-81.824400,-270.000000,1.235629,1.965602
13.590774,-81.824400,-270.000000,1.260713,1.974444
14.110774,-81.824400,-270.000000,1.221360,1.979481
14.630774,-81.824400,-270.000000,1.258730,1.985754
15.150774,-81.824400,-270.000000,1.232810,2.007675
15.670774,-81.824400,-270.000000,1.274716,2.017520
16.190774,-81.824400,-270.000000,1.232785,1.986924
16.710774,-81.824400,-270.000000,1.224653,1.974251
17.230774,-81.824400,-270.000000,1.271251,1.997474
17.750774,-81.824400,-270.000000,1.279384,1.981556
18.270774,-81.824400,-270.000000,1.227425,1.979837
18.790774,-81.824400,-270.000000,1.255051,2.005931
19.310774,-81.824400,-270.000000,1.232551,1.990599
19.830774,-81.824400,-270.000000,1.245867,1.993954
20.350774,-81.824400,-270.000000,1.287890,2.028956
20.870774,-81.824400,-270.000000,1.223891,2.011769
21.390774,-81.824400,-270.000000,1.245287,2.006405
21.910774,-81.824400,-270.000000,1.234329,2.015444
22.430774,-81.824400,-270.000000,1.200366,1.993245
22.950774,-81.824400,-270.000000,1.260713,1.979232
23.470774,-81.824400,-270.000000,1.224841,1.994444
23.990774,-81.824400,-270.000000,1.271022,1.994874
24.510774,-81.824400,-270.000000,1.228517,2.001244
25.030774,-81.824400,-270.000000,1.318117,2.002915
25.550774,-81.824400,-270.000000,1.264413,2.003712
26.070774,-81.824400,-270.000000,1.240545,1.997846
26.590774,-81.824400,-270.000000,1.292508,2.009450
27.110774,-81.824400,-270.000000,1.278149,2.003457
27.630774,-81.824400,-270.000000,1.258082,2.016927
28.150774,-81.824400,-270.000000,1.270716,2.034490
28.670774,-81.824400,-270.000000,1.312344,2.015365
29.190774,-81.824400,-270.000000,1.294080,2.016531
29.710774,-81.824400,-270.000000,1.241663,2.015802
30.230774,-81.824400,-270.000000,1.221250,2.001639
30.750774,-81.824400,-270.000000,1.322068,2.013579
31.270774,-81.824400,-270.000000,1.244982,2.014404
31.790774,-81.824400,-270.000000,1.282244,2.012557
32.310774,-81.824400,-270.000000,1.256661,1.992027
32.830774,-81.824400,-270.000000,1.276677,2.016529
33.350774,-81.824400,-270.000000,1.301133,2.001454
33.870774,-81.824400,-270.000000,1.268324,2.000746
34.390774,-81.824400,-270.000000,1.315551,2.009772
34.910774,-81.824400,-270.000000,1.287015,2.008681
35.430774,-81.824400,-270.000000,1.242071,1.991330
35.950774,-81.824400,-270.000000,1.295331,1.998460
36.470774,-81.824400,-270.000000,1.256964,2.012466
36.990774,-81.824400,-270.000000,1.300971,2.004496
37.510774,-81.824400,-270.000000,1.274901,2.000693
38.030774,-81.824400,-270.000000,1.228082,1.979579
38.550774,-81.824400,-270.000000,1.216010,1.998599
39.070774,-81.824400,-270.000000,1.218560,1.987440
39.590774,-81.824400,-270.000000,1.242862,2.019180
40.110774,-81.824400,-270.000000,1.251960,1.996110
40.630774,-81.824400,-270.000000,1.268557,2.018405
41.150774,-81.824400,-270.000000,1.222534,1.989880
41.670774,-81.824400,-270.000000,1.213543,2.022797
42.190774,-81.824400,-270.000000,1.254411,1.987193
42.710774,-81.824400,-270.000000,1.305377,2.012336
43.230774,-81.824400,-270.000000,1.250610,2.013856
43.750774,-81.824400,-270.000000,1.249932,2.000294
44.270774,-81.824400,-270.000000,1.284974,2.005550
44.790774,-81.824400,-270.000000,1.304814,2.035455
45.310774,-81.824400,-270.000000,1.280366,2.000738
45.830774,-81.824400,-270.000000,1.272639,2.005131
46.350774,-81.824400,-270.000000,1.289719,2.024677
46.870774,-81.824400,-270.000000,1.308392,1.984472
47.390774,-81.824400,-270.000000,1.314935,1.997819
47.910774,-81.824400,-270.000000,1.232262,1.994667
48.430774,-81.824400,-270.000000,1.195977,1.984767
48.950774,-81.824400,-270.000000,1.232965,2.002862
49.470774,-81.824400,-270.000000,1.301318,1.999244
49.990774,-81.824400,-270.000000,1.286143,2.004707
50.510774,-81.824400,-270.000000,1.276059,1.995171
51.030774,-81.824400,-270.000000,1.251678,2.010381
51.550774,-81.824400,-270.000000,1.245080,2.005647
52.070774,-81.824400,-270.000000,1.266280,1.997087
52.590774,-81.824400,-270.000000,1.235327,1.986294
53.110774,-81.824400,-270.000000,1.298531,2.015025
53.630774,-81.824400,-270.000000,1.235297,2.008622
54.150774,-81.824400,-270.000000,1.265098,2.006533
54.670774,-81.824400,-270.000000,1.231169,2.027581
55.190774,-81.824400,-270.000000,1.261985,2.009999
55.710774,-81.824400,-270.000000,1.294160,2.021168
56.230774,-81.824400,-270.000000,1.240167,2.011415
56.750774,-81.824400,-270.000000,1.228892,2.013994
57.270774,-81.824400,-270.000000,1.227221,1.998365
57.790774,-81.824400,-270.000000,1.267258,1.984973
58.310774,-81.824400,-270.000000,1.279754,1.991094
58.830774,-81.824400,-270.000000,1.232388,2.004641
59.350774,-81.824400,-270.000000,1.310278,1.996618
59.870774,-81.824400,-270.000000,1.294064,1.999613
60.390774,-81.824400,-270.000000,1.376339,2.029294
60.910774,-81.824400,-270.000000,1.266957,1.991465
61.430774,-81.824400,-270.000000,1.236512,2.007145
61.950774,-81.824400,-270.000000,1.243662,2.006995
62.470774,-81.824400,-270.000000,1.314184,2.000208
62.990774,-81.824400,-270.000000,1.267096,2.013603
63.510774,-81.824400,-270.000000,1.192489,1.987840
64.030774,-81.824400,-270.000000,1.214834,2.004389
64.550774,-81.824400,-270.000000,1.239223,2.009193
65.070774,-81.824400,-270.000000,1.255194,2.014366
65.590774,-81.824400,-270.000000,1.301434,1.995442
66.110774,-81.824400,-270.000000,1.257196,1.994905
66.630774,-81.824400,-270.000000,1.298031,2.018934
67.150774,-81.824400,-270.000000,1.280930,2.026335
67.670774,-81.824400,-270.000000,1.303241,2.007391
68.190774,-81.824400,-270.000000,1.291126,1.994676
68.710774,-81.824400,-270.000000,1.315171,2.008386
69.230774,-81.824400,-270.000000,1.270056,2.000107
69.750774,-81.824400,-270.000000,1.260215,2.015034
70.270774,-81.824400,-270.000000,1.307105,2.011677
70.790774,-81.824400,-270.000000,1.300963,1.994792
71.310774,-81.824400,-270.000000,1.257459,2.021323
71.830774,-81.824400,-270.000000,1.266281,2.006341
72.350774,-81.824400,-270.000000,1.304611,2.007123
72.870774,-81.824400,-270.000000,1.246596,2.002636
73.390774,-81.824400,-270.000000,1.297189,2.000596
73.910774,-81.824400,-270.000000,1.296290,2.027212
74.430774,-81.824400,-270.000000,1.242564,2.000144
74.950774,-81.824400,-270.000000,1.268333,1.990314
75.470774,-81.824400,-270.000000,1.274686,1.980555
75.990774,-81.824400,-270.000000,1.228942,1.993636
13.590774,-82.344400,-269.000000,1.260456,1.982280
14.110774,-82.344400,-269.000000,1.303804,2.000596
14.630774,-82.344400,-269.000000,1.209995,1.973507
15.150774,-82.344400,-269.000000,1.188479,1.979483
15.670774,-82.344400,-269.000000,1.187902,2.003287
16.190774,-82.344400,-269.000000,1.207047,1.977162
16.710774,-82.344400,-269.000000,1.264398,1.991087
17.230774,-82.344400,-269.000000,1.246037,2.010427
17.750774,-82.344400,-269.000000,1.227612,2.009823
18.270774,-82.344400,-269.000000,1.238842,1.998537
18.790774,-82.344400,-269.000000,1.253417,2.003279
19.310774,-82.344400,-269.000000,1.270337,2.002003
19.830774,-82.344400,-269.000000,1.257449,1.982144
20.350774,-82.344400,-269.000000,1.345674,2.018064
20.870774,-82.344400,-269.000000,1.276163,2.014274
21.390774,-82.344400,-269.000000,1.230663,1.990198
21.910774,-82.344400,-269.000000,1.298641,2.007737
22.430774,-82.344400,-269.000000,1.216475,2.012932
22.950774,-82.344400,-269.000000,1.259254,2.004386
23.470774,-82.344400,-269.000000,1.283726,1.993647
23.990774,-82.344400,-269.000000,1.254805,2.025908
24.510774,-82.344400,-269.000000,1.242751,1.992416
25.030774,-82.344400,-269.000000,1.251745,2.015298
25.550774,-82.344400,-269.000000,1.223644,2.000380
26.070774,-82.344400,-269.000000,1.238624,1.996179
26.590774,-82.344400,-269.000000,1.314822,2.007807
27.110774,-82.344400,-269.000000,1.255998,1.986386
27.630774,-82.344400,-269.000000,1.237957,2.006962
28.150774,-82.344400,-269.000000,1.246262,2.015418
28.670774,-82.344400,-269.000000,1.283428,1.994970
29.190774,-82.344400,-269.000000,1.239884,1.996931
29.710774,-82.344400,-269.000000,1.269891,2.026844
30.230774,-82.344400,-269.000000,1.223276,1.986163
30.750774,-82.344400,-269.000000,1.247436,2.008503
31.270774,-82.344400,-269.000000,1.210591,1.998789
31.790774,-82.344400,-269.000000,1.208140,2.003055
32.310774,-82.344400,-269.000000,1.239488,2.001092
32.830774,-82.344400,-269.000000,1.258250,2.008602
33.350774,-82.344400,-269.000000,1.262330,1.984907
33.870774,-82.344400,-269.000000,1.273364,1.998912
34.390774,-82.344400,-269.000000,1.289084,1.996138
34.910774,-82.344400,-269.000000,1.342840,2.015997
35.430774,-82.344400,-269.000000,1.299225,2.002935
35.950774,-82.344400,-269.000000,1.352190,2.021253
36.470774,-82.344400,-269.000000,1.212590,1.990171
36.990774,-82.344400,-269.000000,1.239915,1.990235
37.510774,-82.344400,-269.000000,1.260705,1.998329
38.030774,-82.344400,-269.000000,1.338267,2.015463
38.550774,-82.344400,-269.000000,1.278211,2.005694
39.070774,-82.344400,-269.000000,1.236826,1.998479
39.590774,-82.344400,-269.000000,1.265068,1.993246
40.110774,-82.344400,-269.000000,1.230844,2.004356
40.630774,-82.344400,-269.000000,1.260651,1.981669
41.150774,-82.344400,-269.000000,1.252920,1.987313
41.670774,-82.344400,-269.000000,1.242316,1.998267
42.190774,-82.344400,-269.000000,1.271794,2.025500
42.710774,-82.344400,-269.000000,1.245583,1.994237
43.230774,-82.344400,-269.000000,1.298467,2.005431
43.750774,-82.344400,-269.000000,1.248474,1.999049
44.270774,-82.344400,-269.000000,1.228398,1.988252
44.790774,-82.344400,-269.000000,1.234853,1.989580
45.310774,-82.344400,-269.000000,1.239160,1.997949
45.830774,-82.344400,-269.000000,1.225368,1.987377
46.350774,-82.344400,-269.000000,1.318204,2.022984
46.870774,-82.344400,-269.000000,1.270548,2.007754
47.390774,-82.344400,-269.000000,1.233548,2.014481
47.910774,-82.344400,-269.000000,1.294053,2.030143
48.430774,-82.344400,-269.000000,1.258804,2.003495
48.950774,-82.344400,-269.000000,1.247521,1.992693
49.470774,-82.344400,-269.000000,1.308460,1.981993
49.990774,-82.344400,-269.000000,1.294975,2.017242
50.510774,-82.344400,-269.000000,1.274881,1.982714
51.030774,-82.344400,-269.000000,1.287275,1.994669
51.550774,-82.344400,-269.000000,1.272680,2.000585
52.070774,-82.344400,-269.000000,1.245941,1.981700
52.590774,-82.344400,-269.000000,1.300500,2.015255
53.110774,-82.344400,-269.000000,1.241951,2.015625
53.630774,-82.344400,-269.000000,1.290156,2.020034
54.150774,-82.344400,-269.000000,1.295840,2.019252
54.670774,-82.344400,-269.000000,1.272766,2.027465
55.190774,-82.344400,-269.000000,1.284851,2.003982
55.710774,-82.344400,-269.000000,1.277792,1.990352
56.230774,-82.344400,-269.000000,1.245420,2.002479
56.750774,-82.344400,-269.000000,1.217309,1.989876
57.270774,-82.344400,-269.000000,1.291826,1.990691
57.790774,-82.344400,-269.000000,1.242999,1.998308
58.310774,-82.344400,-269.000000,1.248712,2.011703
58.830774,-82.344400,-269.000000,1.241796,1.995804
59.350774,-82.344400,-269.000000,1.233559,2.001971
59.870774,-82.344400,-269.000000,1.291608,2.010543
60.390774,-82.344400,-269.000000,1.256321,1.993066
60.910774,-82.344400,-269.000000,1.272239,1.996875
61.430774,-82.344400,-269.000000,1.259299,2.012032
61.950774,-82.344400,-269.000000,1.279985,2.021492
62.470774,-82.344400,-269.000000,1.300628,2.016253
62.990774,-82.344400,-269.000000,1.227735,2.007791
63.510774,-82.344400,-269.000000,1.223106,2.007925
64.030774,-82.344400,-269.000000,1.258121,2.024419
64.550774,-82.344400,-269.000000,1.287093,1.992459
65.070774,-82.344400,-269.000000,1.255220,2.001611
65.590774,-82.344400,-269.000000,1.266559,2.021435
66.110774,-82.344400,-269.000000,1.259683,2.010041
66.630774,-82.344400,-269.000000,1.305730,2.003394
67.150774,-82.344400,-269.000000,1.335781,2.009114
67.670774,-82.344400,-269.000000,1.286883,1.996747
68.190774,-82.344400,-269.000000,1.254195,1.990117
68.710774,-82.344400,-269.000000,1.196996,2.008945
69.230774,-82.344400,-269.000000,1.225811,1.987301
69.750774,-82.344400,-269.000000,1.230245,2.000239
70.270774,-82.344400,-269.000000,1.244589,2.017219
70.790774,-82.344400,-269.000000,1.307564,2.008199
71.310774,-82.344400,-269.000000,1.240816,1.987260
71.830774,-82.344400,-269.000000,1.232054,1.997137
72.350774,-82.344400,-269.000000,1.228716,2.000718
72.870774,-82.344400,-269.000000,1.247643,1.993889
73.390774,-82.344400,-269.000000,1.264741,2.010585
73.910774,-82.344400,-269.000000,1.251101,1.999252
74.430774,-82.344400,-269.000000,1.260040,2.015436
74.950774,-82.344400,-269.000000,1.268213,1.994270
75.470774,-82.344400,-269.000000,1.284743,1.999550
75.990774,-82.344400,-269.000000,1.299345,2.019291
13.070774,-81.824400,-269.000000,1.223953,2.013206
13.590774,-81.824400,-269.000000,1.280827,1.976868
14.110774,-81.824400,-269.000000,1.263998,1.991774
14.630774,-81.824400,-269.000000,1.261554,1.981087
15.150774,-81.824400,-269.000000,1.231262,1.982363
15.670774,-81.824400,-269.000000,1.249932,2.020834
16.190774,-81.824400,-269.000000,1.206982,1.977458
16.710774,-81.824400,-269.000000,1.206024,1.984646
17.230774,-81.824400,-269.000000,1.229164,1.991750
17.750774,-81.824400,-269.000000,1.273113,2.013299
18.270774,-81.824400,-269.000000,1.265414,1.996290
18.790774,-81.824400,-269.000000,1.246208,2.007157
19.310774,-81.824400,-269.000000,1.241775,2.013040
19.830774,-81.824400,-269.000000,1.251688,1.995076
20.350774,-81.824400,-269.000000,1.249720,2.015468
20.870774,-81.824400,-269.000000,1.264775,2.005846
21.390774,-81.824400,-269.000000,1.318591,1.992824
21.910774,-81.824400,-269.000000,1.327816,2.008031
22.430774,-81.824400,-269.000000,1.236339,2.001438
22.950774,-81.824400,-269.000000,1.233307,2.013501
23.470774,-81.824400,-269.000000,1.264976,2.008186
23.990774,-81.824400,-269.000000,1.321993,2.010992
24.510774,-81.824400,-269.000000,1.288867,1.996221
25.030774,-81.824400,-269.000000,1.280318,2.002056
25.550774,-81.824400,-269.000000,1.270660,2.003154
26.070774,-81.824400,-269.000000,1.253510,1.995013
26.590774,-81.824400,-269.000000,1.230841,2.003658
27.110774,-81.824400,-269.000000,1.248266,2.006130
27.630774,-81.824400,-269.000000,1.283727,2.007940
28.150774,-81.824400,-269.000000,1.245870,2.029651
28.670774,-81.824400,-269.000000,1.249222,1.994893
29.190774,-81.824400,-269.000000,1.248286,1.999432
29.710774,-81.824400,-269.000000,1.257605,2.033648
30.230774,-81.824400,-269.000000,1.260205,1.990709
30.750774,-81.824400,-269.000000,1.259465,2.007813
31.270774,-81.824400,-269.000000,1.210811,1.993286
31.790774,-81.824400,-269.000000,1.229749,2.005476
32.310774,-81.824400,-269.000000,1.286353,2.000748
32.830774,-81.824400,-269.000000,1.263145,2.003485
33.350774,-81.824400,-269.000000,1.321376,2.002481
33.870774,-81.824400,-269.000000,1.304718,1.999215
34.390774,-81.824400,-269.000000,1.270379,1.999895
34.910774,-81.824400,-269.000000,1.271338,2.004488
35.430774,-81.824400,-269.000000,1.237221,1.995536
35.950774,-81.824400,-269.000000,1.287497,2.003605
36.470774,-81.824400,-269.000000,1.259360,2.006538
36.990774,-81.824400,-269.000000,1.290663,1.993152
37.510774,-81.824400,-269.000000,1.286341,2.001237
38.030774,-81.824400,-269.000000,1.274005,2.016027
38.550774,-81.824400,-269.000000,1.270678,2.000711
39.070774,-81.824400,-269.000000,1.248533,1.994093
39.590774,-81.824400,-269.000000,1.278762,1.992410
40.110774,-81.824400,-269.000000,1.270199,2.002779
40.630774,-81.824400,-269.000000,1.242663,1.996785
41.150774,-81.824400,-269.000000,1.271296,1.999263
41.670774,-81.824400,-269.000000,1.257275,2.005838
42.190774,-81.824400,-269.000000,1.235873,2.015326
42.710774,-81.824400,-269.000000,1.267015,2.004264
43.230774,-81.824400,-269.000000,1.263637,1.993688
43.750774,-81.824400,-269.000000,1.280522,2.001910
44.270774,-81.824400,-269.000000,1.243078,1.999008
44.790774,-81.824400,-269.000000,1.252022,1.978636
45.310774,-81.824400,-269.000000,1.220212,1.995259
45.830774,-81.824400,-269.000000,1.241022,1.985825
46.350774,-81.824400,-269.000000,1.249483,2.020643
46.870774,-81.824400,-269.000000,1.294340,2.008330
47.390774,-81.824400,-269.000000,1.287525,2.020801
47.910774,-81.824400,-269.000000,1.285803,2.021168
48.430774,-81.824400,-269.000000,1.272483,2.002765
48.950774,-81.824400,-269.000000,1.284514,1.992806
49.470774,-81.824400,-269.000000,1.263608,1.990585
49.990774,-81.824400,-269.000000,1.324432,2.013373
50.510774,-81.824400,-269.000000,1.245749,1.986699
51.030774,-81.824400,-269.000000,1.321690,1.994158
51.550774,-81.824400,-269.000000,1.268971,2.003531
52.070774,-81.824400,-269.000000,1.223449,1.978811
52.590774,-81.824400,-269.000000,1.227934,1.982055
53.110774,-81.824400,-269.000000,1.252557,2.024130
53.630774,-81.824400,-269.000000,1.347782,2.006219
54.150774,-81.824400,-269.000000,1.321984,2.070641
54.670774,-81.824400,-269.000000,1.299811,2.020509
55.190774,-81.824400,-269.000000,1.292384,2.006475
55.710774,-81.824400,-269.000000,1.274584,2.000655
56.230774,-81.824400,-269.000000,1.220329,2.019338
56.750774,-81.824400,-269.000000,1.285499,1.993881
57.270774,-81.824400,-269.000000,1.304990,2.000408
57.790774,-81.824400,-269.000000,1.279462,1.997290
58.310774,-81.824400,-269.000000,1.212802,2.008220
58.830774,-81.824400,-269.000000,1.243130,1.998153
59.350774,-81.824400,-269.000000,1.244552,1.995590
59.870774,-81.824400,-269.000000,1.247328,2.013408
60.390774,-81.824400,-269.000000,1.219273,2.000282
60.910774,-81.824400,-269.000000,1.215645,2.005943
61.430774,-81.824400,-269.000000,1.288039,2.007313
61.950774,-81.824400,-269.000000,1.243056,2.004902
62.470774,-81.824400,-269.000000,1.283067,1.999113
62.990774,-81.824400,-269.000000,1.242552,2.009794
63.510774,-81.824400,-269.000000,1.249686,2.017307
64.030774,-81.824400,-269.000000,1.290768,2.020141
64.550774,-81.824400,-269.000000,1.276005,1.996723
65.070774,-81.824400,-269.000000,1.231584,2.009046
65.590774,-81.824400,-269.000000,1.314080,2.027920
66.110774,-81.824400,-269.000000,1.281909,2.024637
66.630774,-81.824400,-269.000000,1.302388,2.004066
67.150774,-81.824400,-269.000000,1.281142,2.005004
67.670774,-81.824400,-269.000000,1.283947,1.998163
68.190774,-81.824400,-269.000000,1.298389,1.999415
68.710774,-81.824400,-269.000000,1.229863,2.009645
69.230774,-81.824400,-269.000000,1.221024,2.001537
69.750774,-81.824400,-269.000000,1.231593,1.998518
70.270774,-81.824400,-269.000000,1.286779,2.015645
70.790774,-81.824400,-269.000000,1.268796,2.009825
71.310774,-81.824400,-269.000000,1.276088,2.005089
71.830774,-81.824400,-269.000000,1.219499,1.992722
72.350774,-81.824400,-269.000000,1.270509,1.998673
72.870774,-81.824400,-269.000000,1.273555,2.009314
73.390774,-81.824400,-269.000000,1.277440,2.009792
73.910774,-81.824400,-269.000000,1.297430,1.999473
74.430774,-81.824400,-269.000000,1.257938,2.011636
74.950774,-81.824400,-269.000000,1.229895,2.009501
75.470774,-81.824400,-269.000000,1.261195,2.012871
75.990774,-81.824400,-269.000000,1.283037,2.012377
13.590774,-82.344400,-268.000000,1.189440,1.994906
14.110774,-82.344400,-268.000000,1.242618,1.975768
14.630774,-82.344400,-268.000000,1.260032,1.990927
15.150774,-82.344400,-268.000000,1.226790,1.985480
15.670774,-82.344400,-268.000000,1.209445,1.993769
16.190774,-82.344400,-268.000000,1.214830,1.981903
16.710774,-82.344400,-268.000000,1.212455,1.992739
17.230774,-82.344400,-268.000000,1.258128,2.004998
17.750774,-82.344400,-268.000000,1.245188,1.992440
18.270774,-82.344400,-268.000000,1.261996,2.004052
18.790774,-82.344400,-268.000000,1.315864,2.021750
19.310774,-82.344400,-268.000000,1.276787,2.003352
19.830774,-82.344400,-268.000000,1.281361,2.011217
20.350774,-82.344400,-268.000000,1.250886,2.012922
20.870774,-82.344400,-268.000000,1.247170,2.005478
21.390774,-82.344400,-268.000000,1.292387,2.016059
21.910774,-82.344400,-268.000000,1.294042,2.008817
22.430774,-82.344400,-268.000000,1.246824,1.999539
22.950774,-82.344400,-268.000000,1.306843,2.009037
23.470774,-82.344400,-268.000000,1.251107,2.053260
23.990774,-82.344400,-268.000000,1.224633,1.990076
24.510774,-82.344400,-268.000000,1.223749,1.998253
25.030774,-82.344400,-268.000000,1.243456,2.003900
25.550774,-82.344400,-268.000000,1.281285,1.986449
26.070774,-82.344400,-268.000000,1.204652,2.003081
26.590774,-82.344400,-268.000000,1.245765,2.002217
27.110774,-82.344400,-268.000000,1.275398,1.999828
27.630774,-82.344400,-268.000000,1.274649,2.006876
28.150774,-82.344400,-268.000000,1.220450,2.005891
28.670774,-82.344400,-268.000000,1.263106,1.991022
29.190774,-82.344400,-268.000000,1.212067,1.983462
29.710774,-82.344400,-268.000000,1.228694,2.013714
30.230774,-82.344400,-268.000000,1.226512,1.986382
30.750774,-82.344400,-268.000000,1.255493,1.989187
31.270774,-82.344400,-268.000000,1.253727,2.004890
31.790774,-82.344400,-268.000000,1.246822,2.005627
32.310774,-82.344400,-268.000000,1.234577,2.001585
32.830774,-82.344400,-268.000000,1.318200,2.002875
33.350774,-82.344400,-268.000000,1.262273,2.003056
33.870774,-82.344400,-268.000000,1.253387,2.021350
34.390774,-82.344400,-268.000000,1.210732,1.978719
34.910774,-82.344400,-268.000000,1.279496,1.999480
35.430774,-82.344400,-268.000000,1.273082,2.004087
35.950774,-82.344400,-268.000000,1.225913,1.985281
36.470774,-82.344400,-268.000000,1.241254,1.994152
36.990774,-82.344400,-268.000000,1.224055,2.013124
37.510774,-82.344400,-268.000000,1.246910,2.010458
38.030774,-82.344400,-268.000000,1.215483,2.015398
38.550774,-82.344400,-268.000000,1.229188,1.998108
39.070774,-82.344400,-268.000000,1.270896,2.002146
39.590774,-82.344400,-268.000000,1.228344,2.003960
40.110774,-82.344400,-268.000000,1.258001,1.998828
40.630774,-82.344400,-268.000000,1.272906,2.034290
41.150774,-82.344400,-268.000000,1.290182,1.988843
41.670774,-82.344400,-268.000000,1.271510,1.995984
42.190774,-82.344400,-268.000000,1.185920,2.010851
42.710774,-82.344400,-268.000000,1.226329,2.002118
43.230774,-82.344400,-268.000000,1.240026,2.016557
43.750774,-82.344400,-268.000000,1.284074,2.016380
44.270774,-82.344400,-268.000000,1.252404,2.016191
44.790774,-82.344400,-268.000000,1.270018,2.010195
45.310774,-82.344400,-268.000000,1.272331,2.002544
45.830774,-82.344400,-268.000000,1.233682,1.997214
46.350774,-82.344400,-268.000000,1.270828,2.000438
46.870774,-82.344400,-268.000000,1.285341,1.983846
47.390774,-82.344400,-268.000000,1.295237,2.018485
47.910774,-82.344400,-268.000000,1.349758,2.022145
48.430774,-82.344400,-268.000000,1.320268,2.011187
48.950774,-82.344400,-268.000000,1.385820,1.995693
49.470774,-82.344400,-268.000000,1.303225,1.990191
49.990774,-82.344400,-268.000000,1.251912,1.997949
50.510774,-82.344400,-268.000000,1.231405,1.988653
51.030774,-82.344400,-268.000000,1.273647,1.996358
51.550774,-82.344400,-268.000000,1.284934,1.978212
52.070774,-82.344400,-268.000000,1.227166,2.000771
52.590774,-82.344400,-268.000000,1.230049,1.996107
53.110774,-82.344400,-268.000000,1.296805,2.000067
53.630774,-82.344400,-268.000000,1.295310,2.001914
54.150774,-82.344400,-268.000000,1.265212,1.995104
54.670774,-82.344400,-268.000000,1.236232,2.001036
55.190774,-82.344400,-268.000000,1.269371,2.022630
55.710774,-82.344400,-268.000000,1.278176,2.000674
56.230774,-82.344400,-268.000000,1.256472,1.997871
56.750774,-82.344400,-268.000000,1.268601,1.995477
57.270774,-82.344400,-268.000000,1.263975,2.028775
57.790774,-82.344400,-268.000000,1.272852,1.989959
58.310774,-82.344400,-268.000000,1.253165,1.993413
58.830774,-82.344400,-268.000000,1.301038,1.997951
59.350774,-82.344400,-268.000000,1.234631,2.008999
59.870774,-82.344400,-268.000000,1.221129,2.025294
60.390774,-82.344400,-268.000000,1.229467,2.015130
60.910774,-82.344400,-268.000000,1.283866,1.995796
61.430774,-82.344400,-268.000000,1.261097,1.995294
61.950774,-82.344400,-268.000000,1.275871,1.994612
62.470774,-82.344400,-268.000000,1.259407,2.001648
62.990774,-82.344400,-268.000000,1.231679,2.011876
63.510774,-82.344400,-268.000000,1.320751,2.003361
64.030774,-82.344400,-268.000000,1.308968,2.012189
64.550774,-82.344400,-268.000000,1.298315,2.011148
65.070774,-82.344400,-268.000000,1.264918,1.986609
65.590774,-82.344400,-268.000000,1.240208,2.004974
66.110774,-82.344400,-268.000000,1.255563,1.978140
66.630774,-82.344400,-268.000000,1.222639,1.981222
67.150774,-82.344400,-268.000000,1.250641,1.982253
67.670774,-82.344400,-268.000000,1.298360,2.005626
68.190774,-82.344400,-268.000000,1.272107,2.007185
68.710774,-82.344400,-268.000000,1.261730,1.992004
69.230774,-82.344400,-268.000000,1.267356,1.990473
69.750774,-82.344400,-268.000000,1.304829,2.007608
70.270774,-82.344400,-268.000000,1.216133,1.996256
70.790774,-82.344400,-268.000000,1.221606,1.992399
71.310774,-82.344400,-268.000000,1.246328,1.999205
71.830774,-82.344400,-268.000000,1.267598,1.997559
72.350774,-82.344400,-268.000000,1.290499,2.011428
72.870774,-82.344400,-268.000000,1.239388,2.003436
73.390774,-82.344400,-268.000000,1.248682,2.011415
73.910774,-82.344400,-268.000000,1.246186,1.992749
74.430774,-82.344400,-268.000000,1.234659,2.006365
74.950774,-82.344400,-268.000000,1.241603,1.986144
75.470774,-82.344400,-268.000000,1.266683,1.992835
75.990774,-82.344400,-268.000000,1.258012,1.982551
13.070774,-81.824400,-268.000000,1.249747,1.977561
13.590774,-81.824400,-268.000000,1.199028,1.998849
14.110774,-81.824400,-268.000000,1.244321,2.006222
14.630774,-81.824400,-268.000000,1.254564,1.981100
15.150774,-81.824400,-268.000000,1.233014,1.994632
15.670774,-81.824400,-268.000000,1.236280,2.007957
16.190774,-81.824400,-268.000000,1.204354,1.980198
16.710774,-81.824400,-268.000000,1.197300,1.986586
17.230774,-81.824400,-268.000000,1.247074,2.006715
17.750774,-81.824400,-268.000000,1.238412,1.999637
18.270774,-81.824400,-268.000000,1.231851,1.996186
18.790774,-81.824400,-268.000000,1.298164,2.005974
19.310774,-81.824400,-268.000000,1.251811,2.000845
19.830774,-81.824400,-268.000000,1.233474,2.003428
20.350774,-81.824400,-268.000000,1.313089,2.003972
20.870774,-81.824400,-268.000000,1.242054,2.026289
21.390774,-81.824400,-268.000000,1.281811,2.015583
21.910774,-81.824400,-268.000000,1.315309,2.026953
22.430774,-81.824400,-268.000000,1.269553,2.000467
22.950774,-81.824400,-268.000000,1.272601,2.013265
23.470774,-81.824400,-268.000000,1.218600,2.033523
23.990774,-81.824400,-268.000000,1.240210,2.004622
24.510774,-81.824400,-268.000000,1.243559,1.998212
25.030774,-81.824400,-268.000000,1.248356,1.997937
25.550774,-81.824400,-268.000000,1.255340,1.989970
26.070774,-81.824400,-268.000000,1.269057,1.994450
26.590774,-81.824400,-268.000000,1.231926,1.999027
27.110774,-81.824400,-268.000000,1.217026,1.996287
27.630774,-81.824400,-268.000000,1.324469,2.012682
28.150774,-81.824400,-268.000000,1.264746,2.004167
28.670774,-81.824400,-268.000000,1.247225,1.994723
29.190774,-81.824400,-268.000000,1.275512,1.989900
29.710774,-81.824400,-268.000000,1.245148,2.012978
30.230774,-81.824400,-268.000000,1.225114,1.996080
30.750774,-81.824400,-268.000000,1.238203,1.996369
31.270774,-81.824400,-268.000000,1.244417,2.000630
31.790774,-81.824400,-268.000000,1.258338,2.008747
32.310774,-81.824400,-268.000000,1.269621,1.997881
32.830774,-81.824400,-268.000000,1.251757,1.998821
33.350774,-81.824400,-268.000000,1.305413,2.005408
33.870774,-81.824400,-268.000000,1.272131,2.011631
34.390774,-81.824400,-268.000000,1.188175,1.982283
34.910774,-81.824400,-268.000000,1.278761,2.001003
35.430774,-81.824400,-268.000000,1.254717,2.008782
35.950774,-81.824400,-268.000000,1.284655,1.997909
36.470774,-81.824400,-268.000000,1.230211,2.009954
36.990774,-81.824400,-268.000000,1.226531,1.990428
37.510774,-81.824400,-268.000000,1.250904,2.016059
38.030774,-81.824400,-268.000000,1.260527,2.013638
38.550774,-81.824400,-268.000000,1.258253,2.003238
39.070774,-81.824400,-268.000000,1.261551,2.000129
39.590774,-81.824400,-268.000000,1.244836,2.006754
40.110774,-81.824400,-268.000000,1.260233,1.988146
40.630774,-81.824400,-268.000000,1.233971,2.019522
41.150774,-81.824400,-268.000000,1.287136,2.000739
41.670774,-81.824400,-268.000000,1.271281,1.996340
42.190774,-81.824400,-268.000000,1.223075,2.004816
42.710774,-81.824400,-268.000000,1.237393,1.999303
43.230774,-81.824400,-268.000000,1.231669,2.021543
43.750774,-81.824400,-268.000000,1.255620,2.006151
44.270774,-81.824400,-268.000000,1.260532,2.015225
44.790774,-81.824400,-268.000000,1.266508,2.009216
45.310774,-81.824400,-268.000000,1.245185,2.004032
45.830774,-81.824400,-268.000000,1.295988,2.004601
46.350774,-81.824400,-268.000000,1.220113,2.010443
46.870774,-81.824400,-268.000000,1.288551,2.000636
47.390774,-81.824400,-268.000000,1.330212,2.022292
47.910774,-81.824400,-268.000000,1.336452,2.009509
48.430774,-81.824400,-268.000000,1.337215,2.009842
48.950774,-81.824400,-268.000000,1.339476,2.009803
49.470774,-81.824400,-268.000000,1.217628,1.990917
49.990774,-81.824400,-268.000000,1.257092,2.006005
50.510774,-81.824400,-268.000000,1.295550,1.983184
51.030774,-81.824400,-268.000000,1.228660,1.990816
51.550774,-81.824400,-268.000000,1.265579,1.979582
52.070774,-81.824400,-268.000000,1.222483,1.993671
52.590774,-81.824400,-268.000000,1.256860,2.002786
53.110774,-81.824400,-268.000000,1.270915,2.012623
53.630774,-81.824400,-268.000000,1.264802,2.010260
54.150774,-81.824400,-268.000000,1.235148,2.005466
54.670774,-81.824400,-268.000000,1.259548,2.017483
55.190774,-81.824400,-268.000000,1.249129,2.023020
55.710774,-81.824400,-268.000000,1.248010,2.019169
56.230774,-81.824400,-268.000000,1.217422,2.009570
56.750774,-81.824400,-268.000000,1.309243,2.004345
57.270774,-81.824400,-268.000000,1.235287,2.042469
57.790774,-81.824400,-268.000000,1.315848,1.993570
58.310774,-81.824400,-268.000000,1.208485,2.001156
58.830774,-81.824400,-268.000000,1.281605,2.005424
59.350774,-81.824400,-268.000000,1.265537,2.011847
59.870774,-81.824400,-268.000000,1.209215,2.019663
60.390774,-81.824400,-268.000000,1.230542,2.012733
60.910774,-81.824400,-268.000000,1.246806,1.997716
61.430774,-81.824400,-268.000000,1.271512,1.996571
61.950774,-81.824400,-268.000000,1.275774,2.002393
62.470774,-81.824400,-268.000000,1.280289,2.011993
62.990774,-81.824400,-268.000000,1.269603,2.017944
63.510774,-81.824400,-268.000000,1.312414,2.007589
64.030774,-81.824400,-268.000000,1.262325,2.004614
64.550774,-81.824400,-268.000000,1.296710,2.006416
65.070774,-81.824400,-268.000000,1.314370,2.005302
65.590774,-81.824400,-268.000000,1.230695,2.008010
66.110774,-81.824400,-268.000000,1.256545,1.986466
66.630774,-81.824400,-268.000000,1.267679,1.987242
67.150774,-81.824400,-268.000000,1.221108,1.986883
67.670774,-81.824400,-268.000000,1.332885,2.023994
68.190774,-81.824400,-268.000000,1.287062,2.023906
68.710774,-81.824400,-268.000000,1.278766,1.991730
69.230774,-81.824400,-268.000000,1.321150,1.997359
69.750774,-81.824400,-268.000000,1.283712,2.010964
70.270774,-81.824400,-268.000000,1.238282,1.987554
70.790774,-81.824400,-268.000000,1.243217,1.999488
71.310774,-81.824400,-268.000000,1.230549,2.013264
71.830774,-81.824400,-268.000000,1.226078,2.040330
72.350774,-81.824400,-268.000000,1.219980,2.005085
72.870774,-81.824400,-268.000000,1.210499,2.005857
73.390774,-81.824400,-268.000000,1.226352,2.009001
73.910774,-81.824400,-268.000000,1.234688,1.996645
74.430774,-81.824400,-268.000000,1.230908,2.011825
74.950774,-81.824400,-268.000000,1.253928,1.992228
75.470774,-81.824400,-268.000000,1.273179,1.994689
75.990774,-81.824400,-268.000000,1.269575,1.991158
75.990774,-81.304400,-268.000000,1.323263,1.990419
13.590774,-82.344400,-267.000000,1.205402,1.966215
14.110774,-82.344400,-267.000000,1.231087,1.976051
14.630774,-82.344400,-267.000000,1.240142,1.980868
15.150774,-82.344400,-267.000000,1.263950,2.005081
15.670774,-82.344400,-267.000000,1.238131,1.980183
16.190774,-82.344400,-267.000000,1.183037,1.993048
16.710774,-82.344400,-267.000000,1.235798,1.991221
17.230774,-82.344400,-267.000000,1.226049,2.010916
17.750774,-82.344400,-267.000000,1.283526,2.015557
18.270774,-82.344400,-267.000000,1.272628,1.997633
18.790774,-82.344400,-267.000000,1.250587,2.011146
19.310774,-82.344400,-267.000000,1.225283,2.000121
19.830774,-82.344400,-267.000000,1.236488,1.977379
20.350774,-82.344400,-267.000000,1.237475,1.996057
20.870774,-82.344400,-267.000000,1.295573,1.998353
21.390774,-82.344400,-267.000000,1.271802,2.024345
21.910774,-82.344400,-267.000000,1.210754,2.011611
22.430774,-82.344400,-267.000000,1.258217,1.991913
22.950774,-82.344400,-267.000000,1.247010,1.999399
23.470774,-82.344400,-267.000000,1.261023,2.001652
23.990774,-82.344400,-267.000000,1.224741,1.988037
24.510774,-82.344400,-267.000000,1.303076,1.999538
25.030774,-82.344400,-267.000000,1.211202,2.004148
25.550774,-82.344400,-267.000000,1.295819,1.995724
26.070774,-82.344400,-267.000000,1.232136,2.001154
26.590774,-82.344400,-267.000000,1.335507,1.983045
27.110774,-82.344400,-267.000000,1.282885,2.000304
27.630774,-82.344400,-267.000000,1.254606,1.996519
28.150774,-82.344400,-267.000000,1.229392,2.009847
28.670774,-82.344400,-267.000000,1.279327,2.002317
29.190774,-82.344400,-267.000000,1.276437,2.001513
29.710774,-82.344400,-267.000000,1.233041,1.993448
30.230774,-82.344400,-267.000000,1.225050,1.982721
30.750774,-82.344400,-267.000000,1.198642,1.991302
31.270774,-82.344400,-267.000000,1.235612,2.006334
31.790774,-82.344400,-267.000000,1.233351,2.026642
32.310774,-82.344400,-267.000000,1.263849,2.008082
32.830774,-82.344400,-267.000000,1.228805,1.987957
33.350774,-82.344400,-267.000000,1.287716,2.014322
33.870774,-82.344400,-267.000000,1.245063,2.011090
34.390774,-82.344400,-267.000000,1.257191,1.984343
34.910774,-82.344400,-267.000000,1.285347,2.001468
35.430774,-82.344400,-267.000000,1.235511,2.016476
35.950774,-82.344400,-267.000000,1.283252,2.013097
36.470774,-82.344400,-267.000000,1.321425,2.026917
36.990774,-82.344400,-267.000000,1.206652,1.999479
37.510774,-82.344400,-267.000000,1.235019,1.998914
38.030774,-82.344400,-267.000000,1.231448,1.999488
38.550774,-82.344400,-267.000000,1.219216,1.993113
39.070774,-82.344400,-267.000000,1.236159,2.002218
39.590774,-82.344400,-267.000000,1.241977,1.991341
40.110774,-82.344400,-267.000000,1.265806,1.991748
40.630774,-82.344400,-267.000000,1.262111,1.994284
41.150774,-82.344400,-267.000000,1.284100,2.005558
41.670774,-82.344400,-267.000000,1.266512,1.996508
42.190774,-82.344400,-267.000000,1.234150,1.992926
42.710774,-82.344400,-267.000000,1.243418,2.001415
43.230774,-82.344400,-267.000000,1.253459,2.018014
43.750774,-82.344400,-267.000000,1.288345,2.016346
44.270774,-82.344400,-267.000000,1.229783,2.004460
44.790774,-82.344400,-267.000000,1.244158,1.991587
45.310774,-82.344400,-267.000000,1.286917,2.019896
45.830774,-82.344400,-267.000000,1.218005,2.001097
46.350774,-82.344400,-267.000000,1.250414,2.002920
46.870774,-82.344400,-267.000000,1.251905,1.998811
47.390774,-82.344400,-267.000000,1.265631,2.000800
47.910774,-82.344400,-267.000000,1.276557,1.997157
48.430774,-82.344400,-267.000000,1.252540,1.993415
48.950774,-82.344400,-267.000000,1.265539,2.020166
49.470774,-82.344400,-267.000000,1.303267,2.009259
49.990774,-82.344400,-267.000000,1.326740,1.999340
50.510774,-82.344400,-267.000000,1.355108,2.003196
51.030774,-82.344400,-267.000000,1.254278,2.024937
51.550774,-82.344400,-267.000000,1.290373,2.008869
52.070774,-82.344400,-267.000000,1.211297,1.996006
52.590774,-82.344400,-267.000000,1.251825,1.997856
53.110774,-82.344400,-267.000000,1.295169,2.018681
53.630774,-82.344400,-267.000000,1.219126,1.997279
54.150774,-82.344400,-267.000000,1.237728,2.008303
54.670774,-82.344400,-267.000000,1.221718,1.998907
55.190774,-82.344400,-267.000000,1.255778,1.996002
55.710774,-82.344400,-267.000000,1.325197,1.991149
56.230774,-82.344400,-267.000000,1.274318,2.027227
56.750774,-82.344400,-267.000000,1.239029,2.019685
57.270774,-82.344400,-267.000000,1.229360,2.004462
57.790774,-82.344400,-267.000000,1.330378,2.006400
58.310774,-82.344400,-267.000000,1.277814,2.023288
58.830774,-82.344400,-267.000000,1.285261,1.989393
59.350774,-82.344400,-267.000000,1.292930,2.005553
59.870774,-82.344400,-267.000000,1.310848,2.006878
60.390774,-82.344400,-267.000000,1.219871,1.983280
60.910774,-82.344400,-267.000000,1.210682,2.000712
61.430774,-82.344400,-267.000000,1.226804,1.990925
61.950774,-82.344400,-267.000000,1.214970,2.006474
62.470774,-82.344400,-267.000000,1.255694,2.007817
62.990774,-82.344400,-267.000000,1.286520,2.016907
63.510774,-82.344400,-267.000000,1.281362,2.000633
64.030774,-82.344400,-267.000000,1.247345,2.003708
64.550774,-82.344400,-267.000000,1.261705,2.005336
65.070774,-82.344400,-267.000000,1.294188,1.998489
65.590774,-82.344400,-267.000000,1.267702,1.999441
66.110774,-82.344400,-267.000000,1.256925,1.996401
66.630774,-82.344400,-267.000000,1.237686,1.996977
67.150774,-82.344400,-267.000000,1.252508,2.011407
67.670774,-82.344400,-267.000000,1.282905,2.000908
68.190774,-82.344400,-267.000000,1.284736,2.020144
68.710774,-82.344400,-267.000000,1.257084,2.008210
69.230774,-82.344400,-267.000000,1.320050,1.994852
69.750774,-82.344400,-267.000000,1.237630,1.994459
70.270774,-82.344400,-267.000000,1.265810,2.001949
70.790774,-82.344400,-267.000000,1.236831,1.982423
71.310774,-82.344400,-267.000000,1.220920,1.999594
71.830774,-82.344400,-267.000000,1.235870,2.013376
72.350774,-82.344400,-267.000000,1.270800,2.016695
72.870774,-82.344400,-267.000000,1.296854,2.000977
73.390774,-82.344400,-267.000000,1.264954,2.010568
73.910774,-82.344400,-267.000000,1.260559,2.005066
74.430774,-82.344400,-267.000000,1.268600,2.019320
74.950774,-82.344400,-267.000000,1.248118,2.017840
75.470774,-82.344400,-267.000000,1.221959,1.991632
75.990774,-82.344400,-267.000000,1.275696,2.007011
13.070774,-81.824400,-267.000000,1.259457,1.977882
13.590774,-81.824400,-267.000000,1.207333,1.973798
14.110774,-81.824400,-267.000000,1.236539,1.972273
14.630774,-81.824400,-267.000000,1.193610,1.984450
15.150774,-81.824400,-267.000000,1.276037,2.010580
15.670774,-81.824400,-267.000000,1.231733,1.981817
16.190774,-81.824400,-267.000000,1.218225,2.009684
16.710774,-81.824400,-267.000000,1.234317,1.994579
17.230774,-81.824400,-267.000000,1.260113,2.015507
17.750774,-81.824400,-267.000000,1.229536,2.008644
18.270774,-81.824400,-267.000000,1.306095,2.001194
18.790774,-81.824400,-267.000000,1.291862,2.014015
19.310774,-81.824400,-267.000000,1.228690,2.004272
19.830774,-81.824400,-267.000000,1.328001,1.992496
20.350774,-81.824400,-267.000000,1.278804,1.998364
20.870774,-81.824400,-267.000000,1.256029,2.000807
21.390774,-81.824400,-267.000000,1.210494,2.002683
21.910774,-81.824400,-267.000000,1.264258,2.017010
22.430774,-81.824400,-267.000000,1.266581,2.000010
22.950774,-81.824400,-267.000000,1.247012,2.003332
23.470774,-81.824400,-267.000000,1.231611,2.000225
23.990774,-81.824400,-267.000000,1.235207,1.980592
24.510774,-81.824400,-267.000000,1.269313,2.014729
25.030774,-81.824400,-267.000000,1.276098,2.000559
25.550774,-81.824400,-267.000000,1.240915,1.994604
26.070774,-81.824400,-267.000000,1.216262,1.997458
26.590774,-81.824400,-267.000000,1.295094,1.992102
27.110774,-81.824400,-267.000000,1.261779,1.997124
27.630774,-81.824400,-267.000000,1.272555,1.999426
28.150774,-81.824400,-267.000000,1.217932,2.008156
28.670774,-81.824400,-267.000000,1.234271,2.003779
29.190774,-81.824400,-267.000000,1.255502,2.000622
29.710774,-81.824400,-267.000000,1.246533,2.011082
30.230774,-81.824400,-267.000000,1.243119,1.992626
30.750774,-81.824400,-267.000000,1.219558,1.989681
31.270774,-81.824400,-267.000000,1.245741,2.019188
31.790774,-81.824400,-267.000000,1.264593,2.002788
32.310774,-81.824400,-267.000000,1.285724,2.009820
32.830774,-81.824400,-267.000000,1.192466,1.993776
33.350774,-81.824400,-267.000000,1.271329,2.010802
33.870774,-81.824400,-267.000000,1.206905,2.014284
34.390774,-81.824400,-267.000000,1.316288,1.991751
34.910774,-81.824400,-267.000000,1.283440,1.997761
35.430774,-81.824400,-267.000000,1.281589,2.011896
35.950774,-81.824400,-267.000000,1.264307,2.033389
36.470774,-81.824400,-267.000000,1.283180,2.035018
36.990774,-81.824400,-267.000000,1.238507,2.001772
37.510774,-81.824400,-267.000000,1.281332,2.024050
38.030774,-81.824400,-267.000000,1.239708,2.004785
38.550774,-81.824400,-267.000000,1.251243,2.003595
39.070774,-81.824400,-267.000000,1.274656,2.006200
39.590774,-81.824400,-267.000000,1.315873,2.010779
40.110774,-81.824400,-267.000000,1.261062,1.998396
40.630774,-81.824400,-267.000000,1.279706,2.001731
41.150774,-81.824400,-267.000000,1.289540,2.026992
41.670774,-81.824400,-267.000000,1.270316,2.003128
42.190774,-81.824400,-267.000000,1.240110,2.000716
42.710774,-81.824400,-267.000000,1.214947,2.000031
43.230774,-81.824400,-267.000000,1.245985,2.018149
43.750774,-81.824400,-267.000000,1.258612,2.004980
44.270774,-81.824400,-267.000000,1.212603,2.006721
44.790774,-81.824400,-267.000000,1.225748,2.004083
45.310774,-81.824400,-267.000000,1.269458,2.007833
45.830774,-81.824400,-267.000000,1.239544,1.993469
46.350774,-81.824400,-267.000000,1.224519,1.999457
46.870774,-81.824400,-267.000000,1.256034,1.996237
47.390774,-81.824400,-267.000000,1.289320,2.005312
47.910774,-81.824400,-267.000000,1.285557,1.992219
48.430774,-81.824400,-267.000000,1.309246,1.996321
48.950774,-81.824400,-267.000000,1.330621,2.017978
49.470774,-81.824400,-267.000000,1.267888,2.020609
49.990774,-81.824400,-267.000000,1.279795,2.001183
50.510774,-81.824400,-267.000000,1.260002,2.006507
51.030774,-81.824400,-267.000000,1.275043,2.014943
51.550774,-81.824400,-267.000000,1.244048,2.004811
52.070774,-81.824400,-267.000000,1.264939,2.004428
52.590774,-81.824400,-267.000000,1.284773,2.000205
53.110774,-81.824400,-267.000000,1.316071,2.008638
53.630774,-81.824400,-267.000000,1.233119,1.992831
54.150774,-81.824400,-267.000000,1.215248,1.993737
54.670774,-81.824400,-267.000000,1.218034,2.004092
55.190774,-81.824400,-267.000000,1.279273,2.001528
55.710774,-81.824400,-267.000000,1.295491,1.989271
56.230774,-81.824400,-267.000000,1.288062,2.015362
56.750774,-81.824400,-267.000000,1.229263,2.018316
57.270774,-81.824400,-267.000000,1.226893,2.017602
57.790774,-81.824400,-267.000000,1.292768,2.012879
58.310774,-81.824400,-267.000000,1.279445,2.019195
58.830774,-81.824400,-267.000000,1.262737,1.992999
59.350774,-81.824400,-267.000000,1.261842,2.018314
59.870774,-81.824400,-267.000000,1.229822,1.998741
60.390774,-81.824400,-267.000000,1.250417,2.001974
60.910774,-81.824400,-267.000000,1.234873,2.002238
61.430774,-81.824400,-267.000000,1.227111,1.993289
61.950774,-81.824400,-267.000000,1.268914,2.006586
62.470774,-81.824400,-267.000000,1.249860,2.007638
62.990774,-81.824400,-267.000000,1.238114,2.009617
63.510774,-81.824400,-267.000000,1.351440,1.995533
64.030774,-81.824400,-267.000000,1.281805,2.009344
64.550774,-81.824400,-267.000000,1.348783,2.014858
65.070774,-81.824400,-267.000000,1.277737,1.984472
65.590774,-81.824400,-267.000000,1.238408,1.997514
66.110774,-81.824400,-267.000000,1.275640,2.003146
66.630774,-81.824400,-267.000000,1.275480,2.000340
67.150774,-81.824400,-267.000000,1.287208,2.015127
67.670774,-81.824400,-267.000000,1.295327,2.010565
68.190774,-81.824400,-267.000000,1.271834,2.011672
68.710774,-81.824400,-267.000000,1.265172,2.008456
69.230774,-81.824400,-267.000000,1.212109,1.984901
69.750774,-81.824400,-267.000000,1.265670,1.997380
70.270774,-81.824400,-267.000000,1.264412,2.029272
70.790774,-81.824400,-267.000000,1.198243,1.981541
71.310774,-81.824400,-267.000000,1.215627,1.996818
71.830774,-81.824400,-267.000000,1.249378,2.012739
72.350774,-81.824400,-267.000000,1.252897,2.002552
72.870774,-81.824400,-267.000000,1.338130,2.009389
73.390774,-81.824400,-267.000000,1.235054,1.993919
73.910774,-81.824400,-267.000000,1.254106,2.009129
74.430774,-81.824400,-267.000000,1.298663,2.022709
74.950774,-81.824400,-267.000000,1.278549,2.027711
75.470774,-81.824400,-267.000000,1.262180,2.002534
75.990774,-81.824400,-267.000000,1.269774,2.016177
75.990774,-81.304400,-267.000000,1.264487,2.007311
13.070774,-82.344400,-266.000000,1.304780,1.967408
13.590774,-82.344400,-266.000000,1.343152,1.980084
14.110774,-82.344400,-266.000000,1.235350,1.963541
14.630774,-82.344400,-266.000000,1.287318,1.996720
15.150774,-82.344400,-266.000000,1.288696,1.998444
15.670774,-82.344400,-266.000000,1.275826,2.009886
16.190774,-82.344400,-266.000000,1.264115,1.991516
16.710774,-82.344400,-266.000000,1.257855,1.996416
17.230774,-82.344400,-266.000000,1.234724,1.991748
17.750774,-82.344400,-266.000000,1.262582,1.991293
18.270774,-82.344400,-266.000000,1.225758,2.008224
18.790774,-82.344400,-266.000000,1.248680,1.986904
19.310774,-82.344400,-266.000000,1.298959,1.999627
19.830774,-82.344400,-266.000000,1.237308,1.988781
20.350774,-82.344400,-266.000000,1.246360,2.028807
20.870774,-82.344400,-266.000000,1.256191,1.993262
21.390774,-82.344400,-266.000000,1.246837,2.006039
21.910774,-82.344400,-266.000000,1.244171,1.992813
22.430774,-82.344400,-266.000000,1.266971,2.000334
22.950774,-82.344400,-266.000000,1.308845,2.014024
23.470774,-82.344400,-266.000000,1.214761,2.001931
23.990774,-82.344400,-266.000000,1.231922,2.004682
24.510774,-82.344400,-266.000000,1.279419,2.008074
25.030774,-82.344400,-266.000000,1.258363,2.016092
25.550774,-82.344400,-266.000000,1.252603,2.020962
26.070774,-82.344400,-266.000000,1.284194,1.992939
26.590774,-82.344400,-266.000000,1.262158,2.017483
27.110774,-82.344400,-266.000000,1.333302,1.996295
27.630774,-82.344400,-266.000000,1.271673,2.002714
28.150774,-82.344400,-266.000000,1.299519,1.980209
28.670774,-82.344400,-266.000000,1.243300,1.998045
29.190774,-82.344400,-266.000000,1.262500,2.030831
29.710774,-82.344400,-266.000000,1.251140,2.015252
30.230774,-82.344400,-266.000000,1.260479,2.013332
30.750774,-82.344400,-266.000000,1.259671,2.010860
31.270774,-82.344400,-266.000000,1.244604,2.018936
31.790774,-82.344400,-266.000000,1.308948,2.009271
32.310774,-82.344400,-266.000000,1.252405,2.012678
32.830774,-82.344400,-266.000000,1.240492,1.983202
33.350774,-82.344400,-266.000000,1.247989,2.005960
33.870774,-82.344400,-266.000000,1.233840,2.009801
34.390774,-82.344400,-266.000000,1.259924,2.003805
34.910774,-82.344400,-266.000000,1.280718,1.992537
35.430774,-82.344400,-266.000000,1.281618,2.004935
35.950774,-82.344400,-266.000000,1.303664,2.020971
36.470774,-82.344400,-266.000000,1.244552,2.011338
36.990774,-82.344400,-266.000000,1.244631,1.990631
37.510774,-82.344400,-266.000000,1.282269,2.000716
38.030774,-82.344400,-266.000000,1.258852,1.976357
38.550774,-82.344400,-266.000000,1.256195,2.017570
39.070774,-82.344400,-266.000000,1.297047,2.015230
39.590774,-82.344400,-266.000000,1.310639,1.993584
40.110774,-82.344400,-266.000000,1.384387,2.000171
40.630774,-82.344400,-266.000000,1.359484,1.999145
41.150774,-82.344400,-266.000000,1.332922,1.992208
41.670774,-82.344400,-266.000000,1.258217,2.013886
42.190774,-82.344400,-266.000000,1.354166,2.014704
42.710774,-82.344400,-266.000000,1.217114,1.981814
43.230774,-82.344400,-266.000000,1.296093,2.021703
43.750774,-82.344400,-266.000000,1.315136,2.016245
44.270774,-82.344400,-266.000000,1.272658,1.993268
44.790774,-82.344400,-266.000000,1.264944,1.985429
45.310774,-82.344400,-266.000000,1.284112,1.999623
45.830774,-82.344400,-266.000000,1.235324,1.991975
46.350774,-82.344400,-266.000000,1.233066,2.012083
46.870774,-82.344400,-266.000000,1.236431,2.002497
47.390774,-82.344400,-266.000000,1.302617,2.008218
47.910774,-82.344400,-266.000000,1.314113,1.995140
48.430774,-82.344400,-266.000000,1.267241,1.999332
48.950774,-82.344400,-266.000000,1.297521,2.015312
49.470774,-82.344400,-266.000000,1.234923,2.007680
49.990774,-82.344400,-266.000000,1.260488,1.991831
50.510774,-82.344400,-266.000000,1.274934,2.001105
51.030774,-82.344400,-266.000000,1.308736,1.987646
51.550774,-82.344400,-266.000000,1.272945,1.998921
52.070774,-82.344400,-266.000000,1.212690,1.989486
52.590774,-82.344400,-266.000000,1.224720,1.996012
53.110774,-82.344400,-266.000000,1.225168,2.013016
53.630774,-82.344400,-266.000000,1.272704,2.013598
54.150774,-82.344400,-266.000000,1.233901,1.997550
54.670774,-82.344400,-266.000000,1.234074,1.995169
55.190774,-82.344400,-266.000000,1.230902,1.996261
55.710774,-82.344400,-266.000000,1.245475,2.020963
56.230774,-82.344400,-266.000000,1.269337,2.004775
56.750774,-82.344400,-266.000000,1.236764,1.994637
57.270774,-82.344400,-266.000000,1.239384,1.995429
57.790774,-82.344400,-266.000000,1.260039,2.004673
58.310774,-82.344400,-266.000000,1.251127,2.021887
58.830774,-82.344400,-266.000000,1.296645,2.024278
59.350774,-82.344400,-266.000000,1.221535,2.013690
59.870774,-82.344400,-266.000000,1.274543,2.000797
60.390774,-82.344400,-266.000000,1.236696,2.000867
60.910774,-82.344400,-266.000000,1.323447,2.006956
61.430774,-82.344400,-266.000000,1.276395,2.000684
61.950774,-82.344400,-266.000000,1.240222,1.986231
62.470774,-82.344400,-266.000000,1.267292,1.990170
62.990774,-82.344400,-266.000000,1.273279,2.015327
63.510774,-82.344400,-266.000000,1.263178,2.005772
64.030774,-82.344400,-266.000000,1.216731,1.981293
64.550774,-82.344400,-266.000000,1.285747,1.994860
65.070774,-82.344400,-266.000000,1.294221,1.988157
65.590774,-82.344400,-266.000000,1.230167,1.991660
66.110774,-82.344400,-266.000000,1.229787,1.998467
66.630774,-82.344400,-266.000000,1.288991,2.005951
67.150774,-82.344400,-266.000000,1.265246,1.997442
67.670774,-82.344400,-266.000000,1.238690,2.013172
68.190774,-82.344400,-266.000000,1.262493,1.994369
68.710774,-82.344400,-266.000000,1.236233,1.992715
69.230774,-82.344400,-266.000000,1.300202,2.021369
69.750774,-82.344400,-266.000000,1.302592,2.001011
70.270774,-82.344400,-266.000000,1.319057,2.025594
70.790774,-82.344400,-266.000000,1.299098,2.008164
71.310774,-82.344400,-266.000000,1.245855,1.998998
71.830774,-82.344400,-266.000000,1.291894,1.983681
72.350774,-82.344400,-266.000000,1.355805,2.004001
72.870774,-82.344400,-266.000000,1.286932,1.996291
73.390774,-82.344400,-266.000000,1.243653,2.023995
73.910774,-82.344400,-266.000000,1.253445,1.979604
74.430774,-82.344400,-266.000000,1.245254,2.025763
74.950774,-82.344400,-266.000000,1.220999,1.988364
75.470774,-82.344400,-266.000000,1.309046,1.999490
75.990774,-82.344400,-266.000000,1.273784,2.015284
13.070774,-81.824400,-266.000000,1.218843,1.964209
13.590774,-81.824400,-266.000000,1.263782,1.974831
14.110774,-81.824400,-266.000000,1.213062,1.961947
14.630774,-81.824400,-266.000000,1.248683,1.991992
15.150774,-81.824400,-266.000000,1.325255,1.995701
15.670774,-81.824400,-266.000000,1.299060,2.014636
16.190774,-81.824400,-266.000000,1.262566,1.994030
16.710774,-81.824400,-266.000000,1.252684,1.993320
17.230774,-81.824400,-266.000000,1.251539,2.001890
17.750774,-81.824400,-266.000000,1.304812,1.997936
18.270774,-81.824400,-266.000000,1.220338,2.000720
18.790774,-81.824400,-266.000000,1.278321,2.002267
19.310774,-81.824400,-266.000000,1.253836,1.999526
19.830774,-81.824400,-266.000000,1.274777,1.988459
20.350774,-81.824400,-266.000000,1.199722,2.007473
20.870774,-81.824400,-266.000000,1.281537,2.018587
21.390774,-81.824400,-266.000000,1.239509,1.995143
21.910774,-81.824400,-266.000000,1.209120,1.996803
22.430774,-81.824400,-266.000000,1.224610,1.999578
22.950774,-81.824400,-266.000000,1.317820,2.017403
23.470774,-81.824400,-266.000000,1.229391,2.003480
23.990774,-81.824400,-266.000000,1.243246,2.010620
24.510774,-81.824400,-266.000000,1.263838,2.002729
25.030774,-81.824400,-266.000000,1.215269,2.010866
25.550774,-81.824400,-266.000000,1.266217,2.025151
26.070774,-81.824400,-266.000000,1.274884,1.995833
26.590774,-81.824400,-266.000000,1.247517,2.018616
27.110774,-81.824400,-266.000000,1.317498,1.991186
27.630774,-81.824400,-266.000000,1.320897,2.011285
28.150774,-81.824400,-266.000000,1.221762,1.985790
28.670774,-81.824400,-266.000000,1.286610,2.004170
29.190774,-81.824400,-266.000000,1.249254,2.023658
29.710774,-81.824400,-266.000000,1.233305,2.008696
30.230774,-81.824400,-266.000000,1.300837,2.017271
30.750774,-81.824400,-266.000000,1.235956,2.004423
31.270774,-81.824400,-266.000000,1.239210,2.039871
31.790774,-81.824400,-266.000000,1.277169,1.998029
32.310774,-81.824400,-266.000000,1.242825,1.991882
32.830774,-81.824400,-266.000000,1.230329,1.982344
33.350774,-81.824400,-266.000000,1.271647,2.006955
33.870774,-81.824400,-266.000000,1.242185,2.010059
34.390774,-81.824400,-266.000000,1.237019,1.986097
34.910774,-81.824400,-266.000000,1.234602,2.014953
35.430774,-81.824400,-266.000000,1.240151,2.016720
35.950774,-81.824400,-266.000000,1.254114,2.029706
36.470774,-81.824400,-266.000000,1.232395,2.014287
36.990774,-81.824400,-266.000000,1.246863,1.991227
37.510774,-81.824400,-266.000000,1.271258,2.006791
38.030774,-81.824400,-266.000000,1.277995,1.997731
38.550774,-81.824400,-266.000000,1.244465,2.012371
39.070774,-81.824400,-266.000000,1.274441,2.012847
39.590774,-81.824400,-266.000000,1.346844,2.009806
40.110774,-81.824400,-266.000000,1.344267,2.003497
40.630774,-81.824400,-266.000000,1.281254,1.987216
41.150774,-81.824400,-266.000000,1.274558,1.996280
41.670774,-81.824400,-266.000000,1.256259,2.011966
42.190774,-81.824400,-266.000000,1.289569,2.019854
42.710774,-81.824400,-266.000000,1.242178,1.988412
43.230774,-81.824400,-266.000000,1.284917,2.016615
43.750774,-81.824400,-266.000000,1.245510,2.025820
44.270774,-81.824400,-266.000000,1.239907,1.983778
44.790774,-81.824400,-266.000000,1.237892,1.987165
45.310774,-81.824400,-266.000000,1.272732,2.007783
45.830774,-81.824400,-266.000000,1.279232,1.987643
46.350774,-81.824400,-266.000000,1.240014,2.019530
46.870774,-81.824400,-266.000000,1.244462,2.008180
47.390774,-81.824400,-266.000000,1.283462,2.006577
47.910774,-81.824400,-266.000000,1.233505,1.992447
48.430774,-81.824400,-266.000000,1.238558,1.989804
48.950774,-81.824400,-266.000000,1.288170,2.007512
49.470774,-81.824400,-266.000000,1.230811,2.008896
49.990774,-81.824400,-266.000000,1.274141,1.995257
50.510774,-81.824400,-266.000000,1.211420,2.005426
51.030774,-81.824400,-266.000000,1.240344,1.989337
51.550774,-81.824400,-266.000000,1.204773,1.989342
52.070774,-81.824400,-266.000000,1.250591,1.999196
52.590774,-81.824400,-266.000000,1.228850,1.997661
53.110774,-81.824400,-266.000000,1.232068,2.010039
53.630774,-81.824400,-266.000000,1.236884,2.006624
54.150774,-81.824400,-266.000000,1.273268,1.995068
54.670774,-81.824400,-266.000000,1.281323,2.000923
55.190774,-81.824400,-266.000000,1.279372,2.003174
55.710774,-81.824400,-266.000000,1.238123,2.021521
56.230774,-81.824400,-266.000000,1.232667,2.000292
56.750774,-81.824400,-266.000000,1.232212,2.000114
57.270774,-81.824400,-266.000000,1.226857,2.010835
57.790774,-81.824400,-266.000000,1.241886,2.005810
58.310774,-81.824400,-266.000000,1.256720,2.023537
58.830774,-81.824400,-266.000000,1.289400,2.025254
59.350774,-81.824400,-266.000000,1.239213,2.017447
59.870774,-81.824400,-266.000000,1.306237,1.999961
60.390774,-81.824400,-266.000000,1.221114,2.002365
60.910774,-81.824400,-266.000000,1.239577,1.993455
61.430774,-81.824400,-266.000000,1.258116,1.994064
61.950774,-81.824400,-266.000000,1.280152,1.989747
62.470774,-81.824400,-266.000000,1.280568,1.993891
62.990774,-81.824400,-266.000000,1.304011,2.012546
63.510774,-81.824400,-266.000000,1.280547,2.006495
64.030774,-81.824400,-266.000000,1.273800,1.994166
64.550774,-81.824400,-266.000000,1.332664,2.004235
65.070774,-81.824400,-266.000000,1.307992,2.005229
65.590774,-81.824400,-266.000000,1.242927,1.991672
66.110774,-81.824400,-266.000000,1.233717,1.996224
66.630774,-81.824400,-266.000000,1.237801,2.008078
67.150774,-81.824400,-266.000000,1.249732,1.989309
67.670774,-81.824400,-266.000000,1.224705,2.019610
68.190774,-81.824400,-266.000000,1.222019,2.020755
68.710774,-81.824400,-266.000000,1.230594,1.997661
69.230774,-81.824400,-266.000000,1.301236,2.008590
69.750774,-81.824400,-266.000000,1.317669,2.018140
70.270774,-81.824400,-266.000000,1.286906,2.021138
70.790774,-81.824400,-266.000000,1.334440,2.025069
71.310774,-81.824400,-266.000000,1.302866,2.001034
71.830774,-81.824400,-266.000000,1.262167,1.995854
72.350774,-81.824400,-266.000000,1.286322,2.022703
72.870774,-81.824400,-266.000000,1.286475,2.006924
73.390774,-81.824400,-266.000000,1.271511,2.009796
73.910774,-81.824400,-266.000000,1.251694,1.983806
74.430774,-81.824400,-266.000000,1.241055,2.035731
74.950774,-81.824400,-266.000000,1.291252,1.997126
75.470774,-81.824400,-266.000000,1.256328,1.998893
75.990774,-81.824400,-266.000000,1.261010,2.015020
75.990774,-81.304400,-266.000000,1.256553,2.022817
13.070774,-82.344400,-265.000000,1.260758,1.970070
13.590774,-82.344400,-265.000000,1.251194,2.002284
14.110774,-82.344400,-265.000000,1.256817,1.986932
14.630774,-82.344400,-265.000000,1.219610,1.969980
15.150774,-82.344400,-265.000000,1.249005,1.979988
15.670774,-82.344400,-265.000000,1.269109,1.992289
16.190774,-82.344400,-265.000000,1.244728,2.012269
16.710774,-82.344400,-265.000000,1.220131,1.999066
17.230774,-82.344400,-265.000000,1.232137,1.993420
17.750774,-82.344400,-265.000000,1.254969,2.008969
18.270774,-82.344400,-265.000000,1.254885,2.004966
18.790774,-82.344400,-265.000000,1.247742,2.002472
19.310774,-82.344400,-265.000000,1.212353,2.004842
19.830774,-82.344400,-265.000000,1.252180,2.016594
20.350774,-82.344400,-265.000000,1.257324,2.000139
20.870774,-82.344400,-265.000000,1.276528,1.993387
21.390774,-82.344400,-265.000000,1.226733,1.997831
21.910774,-82.344400,-265.000000,1.271798,1.986923
22.430774,-82.344400,-265.000000,1.256759,1.989376
22.950774,-82.344400,-265.000000,1.260418,1.998820
23.470774,-82.344400,-265.000000,1.261320,1.997471
23.990774,-82.344400,-265.000000,1.266762,2.000887
24.510774,-82.344400,-265.000000,1.278207,2.008219
25.030774,-82.344400,-265.000000,1.279399,2.006293
25.550774,-82.344400,-265.000000,1.234169,2.013005
26.070774,-82.344400,-265.000000,1.242112,2.011428
26.590774,-82.344400,-265.000000,1.221241,2.002777
27.110774,-82.344400,-265.000000,1.303166,2.012242
27.630774,-82.344400,-265.000000,1.324529,2.006625
28.150774,-82.344400,-265.000000,1.228133,2.010746
28.670774,-82.344400,-265.000000,1.249132,1.991398
29.190774,-82.344400,-265.000000,1.305930,1.991483
29.710774,-82.344400,-265.000000,1.237958,2.004240
30.230774,-82.344400,-265.000000,1.249794,2.002479
30.750774,-82.344400,-265.000000,1.265051,2.014089
31.270774,-82.344400,-265.000000,1.265214,2.008566
31.790774,-82.344400,-265.000000,1.250938,2.012779
32.310774,-82.344400,-265.000000,1.264767,1.992348
32.830774,-82.344400,-265.000000,1.253864,1.993202
33.350774,-82.344400,-265.000000,1.270734,2.003203
33.870774,-82.344400,-265.000000,1.249388,1.978355
34.390774,-82.344400,-265.000000,1.241238,1.992678
34.910774,-82.344400,-265.000000,1.245859,2.003510
35.430774,-82.344400,-265.000000,1.303564,2.001036
35.950774,-82.344400,-265.000000,1.290388,2.009568
36.470774,-82.344400,-265.000000,1.222439,2.014946
36.990774,-82.344400,-265.000000,1.239457,1.994786
37.510774,-82.344400,-265.000000,1.264530,2.004086
38.030774,-82.344400,-265.000000,1.259383,2.002071
38.550774,-82.344400,-265.000000,1.234867,1.994376
39.070774,-82.344400,-265.000000,1.280337,1.985558
39.590774,-82.344400,-265.000000,1.293733,2.013014
40.110774,-82.344400,-265.000000,1.312867,2.003936
40.630774,-82.344400,-265.000000,1.256352,2.006154
41.150774,-82.344400,-265.000000,1.337130,1.995484
41.670774,-82.344400,-265.000000,1.262580,2.002392
42.190774,-82.344400,-265.000000,1.317855,2.006316
42.710774,-82.344400,-265.000000,1.251334,2.021079
43.230774,-82.344400,-265.000000,1.282747,1.990435
43.750774,-82.344400,-265.000000,1.238712,2.015755
44.270774,-82.344400,-265.000000,1.237670,1.995957
44.790774,-82.344400,-265.000000,1.247089,1.999970
45.310774,-82.344400,-265.000000,1.244660,1.998264
45.830774,-82.344400,-265.000000,1.262634,2.004396
46.350774,-82.344400,-265.000000,1.247786,2.012523
46.870774,-82.344400,-265.000000,1.295378,2.005853
47.390774,-82.344400,-265.000000,1.255560,2.017329
47.910774,-82.344400,-265.000000,1.269948,1.999910
48.430774,-82.344400,-265.000000,1.226060,2.006912
48.950774,-82.344400,-265.000000,1.242634,2.015673
49.470774,-82.344400,-265.000000,1.245152,2.018339
49.990774,-82.344400,-265.000000,1.268439,1.985670
50.510774,-82.344400,-265.000000,1.232643,1.994839
51.030774,-82.344400,-265.000000,1.212699,2.014482
51.550774,-82.344400,-265.000000,1.232429,1.997893
52.070774,-82.344400,-265.000000,1.237387,2.020212
52.590774,-82.344400,-265.000000,1.273172,1.995364
53.110774,-82.344400,-265.000000,1.294117,2.005567
53.630774,-82.344400,-265.000000,1.306168,1.998626
54.150774,-82.344400,-265.000000,1.256280,1.997481
54.670774,-82.344400,-265.000000,1.293858,2.012055
55.190774,-82.344400,-265.000000,1.303370,2.004078
55.710774,-82.344400,-265.000000,1.282190,2.012801
56.230774,-82.344400,-265.000000,1.253140,1.995499
56.750774,-82.344400,-265.000000,1.243995,2.017849
57.270774,-82.344400,-265.000000,1.227740,2.008263
57.790774,-82.344400,-265.000000,1.278312,2.001387
58.310774,-82.344400,-265.000000,1.283622,1.997316
58.830774,-82.344400,-265.000000,1.240638,1.999117
59.350774,-82.344400,-265.000000,1.242530,1.985086
59.870774,-82.344400,-265.000000,1.244180,1.998598
60.390774,-82.344400,-265.000000,1.243979,1.976317
60.910774,-82.344400,-265.000000,1.278969,1.986108
61.430774,-82.344400,-265.000000,1.286412,2.008967
61.950774,-82.344400,-265.000000,1.224267,1.982987
62.470774,-82.344400,-265.000000,1.263813,1.999359
62.990774,-82.344400,-265.000000,1.308472,2.022578
63.510774,-82.344400,-265.000000,1.274742,2.000658
64.030774,-82.344400,-265.000000,1.249205,1.975587
64.550774,-82.344400,-265.000000,1.297264,2.012223
65.070774,-82.344400,-265.000000,1.324392,2.011527
65.590774,-82.344400,-265.000000,1.250601,1.981425
66.110774,-82.344400,-265.000000,1.253635,2.002789
66.630774,-82.344400,-265.000000,1.300214,1.989094
67.150774,-82.344400,-265.000000,1.271171,2.018908
67.670774,-82.344400,-265.000000,1.242149,1.999893
68.190774,-82.344400,-265.000000,1.261113,2.005805
68.710774,-82.344400,-265.000000,1.266901,2.006741
69.230774,-82.344400,-265.000000,1.215137,2.018049
69.750774,-82.344400,-265.000000,1.265999,1.991939
70.270774,-82.344400,-265.000000,1.237914,2.006501
70.790774,-82.344400,-265.000000,1.215016,2.002620
71.310774,-82.344400,-265.000000,1.234264,2.006926
71.830774,-82.344400,-265.000000,1.225419,1.994031
72.350774,-82.344400,-265.000000,1.221334,2.000987
72.870774,-82.344400,-265.000000,1.244037,1.998439
73.390774,-82.344400,-265.000000,1.261642,1.992029
73.910774,-82.344400,-265.000000,1.236146,2.008463
74.430774,-82.344400,-265.000000,1.344593,1.999723
74.950774,-82.344400,-265.000000,1.318653,1.991764
75.470774,-82.344400,-265.000000,1.254196,1.984591
75.990774,-82.344400,-265.000000,1.297878,2.023525
13.070774,-81.824400,-265.000000,1.283148,1.974409
13.590774,-81.824400,-265.000000,1.256374,2.016305
14.110774,-81.824400,-265.000000,1.246596,1.981674
14.630774,-81.824400,-265.000000,1.246937,1.978174
15.150774,-81.824400,-265.000000,1.239749,1.985595
15.670774,-81.824400,-265.000000,1.243956,1.983387
16.190774,-81.824400,-265.000000,1.254071,2.016657
16.710774,-81.824400,-265.000000,1.209284,1.994833
17.230774,-81.824400,-265.000000,1.250258,2.001255
17.750774,-81.824400,-265.000000,1.223955,2.006864
18.270774,-81.824400,-265.000000,1.220457,1.995189
18.790774,-81.824400,-265.000000,1.243241,1.997551
19.310774,-81.824400,-265.000000,1.247395,2.001470
19.830774,-81.824400,-265.000000,1.295211,2.017217
20.350774,-81.824400,-265.000000,1.273103,1.991174
20.870774,-81.824400,-265.000000,1.237694,2.016262
21.390774,-81.824400,-265.000000,1.234998,1.994081
21.910774,-81.824400,-265.000000,1.225363,1.993838
22.430774,-81.824400,-265.000000,1.261157,1.992296
22.950774,-81.824400,-265.000000,1.234426,2.000320
23.470774,-81.824400,-265.000000,1.253341,1.993687
23.990774,-81.824400,-265.000000,1.271325,2.002848
24.510774,-81.824400,-265.000000,1.265128,2.019452
25.030774,-81.824400,-265.000000,1.263765,2.008216
25.550774,-81.824400,-265.000000,1.274438,2.008307
26.070774,-81.824400,-265.000000,1.276209,2.013947
26.590774,-81.824400,-265.000000,1.311672,2.016695
27.110774,-81.824400,-265.000000,1.317053,2.003649
27.630774,-81.824400,-265.000000,1.282518,2.000650
28.150774,-81.824400,-265.000000,1.304567,2.017667
28.670774,-81.824400,-265.000000,1.306301,1.996349
29.190774,-81.824400,-265.000000,1.314713,1.993392
29.710774,-81.824400,-265.000000,1.279012,2.019994
30.230774,-81.824400,-265.000000,1.312796,2.007930
30.750774,-81.824400,-265.000000,1.299092,2.022544
31.270774,-81.824400,-265.000000,1.238256,2.003375
31.790774,-81.824400,-265.000000,1.274873,2.007355
32.310774,-81.824400,-265.000000,1.262702,1.996588
32.830774,-81.824400,-265.000000,1.214751,1.991990
33.350774,-81.824400,-265.000000,1.301815,1.999751
33.870774,-81.824400,-265.000000,1.242370,1.984540
34.390774,-81.824400,-265.000000,1.241590,1.987543
34.910774,-81.824400,-265.000000,1.253293,1.996514
35.430774,-81.824400,-265.000000,1.306547,2.000499
35.950774,-81.824400,-265.000000,1.241419,2.006134
36.470774,-81.824400,-265.000000,1.267666,2.007030
36.990774,-81.824400,-265.000000,1.260011,2.017984
37.510774,-81.824400,-265.000000,1.268393,1.998757
38.030774,-81.824400,-265.000000,1.237677,1.985618
38.550774,-81.824400,-265.000000,1.220460,2.002289
39.070774,-81.824400,-265.000000,1.241230,1.987686
39.590774,-81.824400,-265.000000,1.315343,2.004184
40.110774,-81.824400,-265.000000,1.344218,2.005920
40.630774,-81.824400,-265.000000,1.371748,2.006870
41.150774,-81.824400,-265.000000,1.313484,2.018085
41.670774,-81.824400,-265.000000,1.288362,2.013111
42.190774,-81.824400,-265.000000,1.306808,2.008114
42.710774,-81.824400,-265.000000,1.327930,2.026382
43.230774,-81.824400,-265.000000,1.303029,1.990473
43.750774,-81.824400,-265.000000,1.294214,2.015039
44.270774,-81.824400,-265.000000,1.330535,1.995700
44.790774,-81.824400,-265.000000,1.245729,2.003891
45.310774,-81.824400,-265.000000,1.240458,1.998296
45.830774,-81.824400,-265.000000,1.229954,2.010372
46.350774,-81.824400,-265.000000,1.248790,2.003443
46.870774,-81.824400,-265.000000,1.271328,2.006490
47.390774,-81.824400,-265.000000,1.257294,2.034782
47.910774,-81.824400,-265.000000,1.250940,2.003265
48.430774,-81.824400,-265.000000,1.281182,2.005173
48.950774,-81.824400,-265.000000,1.281574,2.033149
49.470774,-81.824400,-265.000000,1.246933,2.013878
49.990774,-81.824400,-265.000000,1.277975,1.991535
50.510774,-81.824400,-265.000000,1.295097,1.990348
51.030774,-81.824400,-265.000000,1.265620,2.021091
51.550774,-81.824400,-265.000000,1.266068,1.996605
52.070774,-81.824400,-265.000000,1.269478,2.026304
52.590774,-81.824400,-265.000000,1.230095,1.997831
53.110774,-81.824400,-265.000000,1.304380,1.987784
53.630774,-81.824400,-265.000000,1.236866,2.041249
54.150774,-81.824400,-265.000000,1.222938,1.999378
54.670774,-81.824400,-265.000000,1.251747,1.992174
55.190774,-81.824400,-265.000000,1.294431,2.002540
55.710774,-81.824400,-265.000000,1.264449,2.014423
56.230774,-81.824400,-265.000000,1.245717,1.995900
56.750774,-81.824400,-265.000000,1.234159,1.998377
57.270774,-81.824400,-265.000000,1.222113,2.007191
57.790774,-81.824400,-265.000000,1.246470,1.995264
58.310774,-81.824400,-265.000000,1.253243,1.996014
58.830774,-81.824400,-265.000000,1.299320,2.001392
59.350774,-81.824400,-265.000000,1.297328,1.985660
59.870774,-81.824400,-265.000000,1.241295,1.998284
60.390774,-81.824400,-265.000000,1.270487,1.978551
60.910774,-81.824400,-265.000000,1.296474,1.989668
61.430774,-81.824400,-265.000000,1.292830,2.002439
61.950774,-81.824400,-265.000000,1.231881,1.988429
62.470774,-81.824400,-265.000000,1.370667,1.997689
62.990774,-81.824400,-265.000000,1.257550,2.000860
63.510774,-81.824400,-265.000000,1.270207,1.985988
64.030774,-81.824400,-265.000000,1.261169,1.987912
64.550774,-81.824400,-265.000000,1.271084,2.023591
65.070774,-81.824400,-265.000000,1.272404,2.014807
65.590774,-81.824400,-265.000000,1.253416,1.984699
66.110774,-81.824400,-265.000000,1.253476,2.022651
66.630774,-81.824400,-265.000000,1.234967,1.981677
67.150774,-81.824400,-265.000000,1.286234,2.015766
67.670774,-81.824400,-265.000000,1.290959,2.002810
68.190774,-81.824400,-265.000000,1.247280,2.007552
68.710774,-81.824400,-265.000000,1.225964,2.012346
69.230774,-81.824400,-265.000000,1.238603,2.012119
69.750774,-81.824400,-265.000000,1.251093,1.992061
70.270774,-81.824400,-265.000000,1.241337,2.008971
70.790774,-81.824400,-265.000000,1.246971,2.012339
71.310774,-81.824400,-265.000000,1.292340,2.008263
71.830774,-81.824400,-265.000000,1.264913,2.001492
72.350774,-81.824400,-265.000000,1.216730,1.997466
72.870774,-81.824400,-265.000000,1.263291,2.001077
73.390774,-81.824400,-265.000000,1.261169,1.998310
73.910774,-81.824400,-265.000000,1.220500,2.009210
74.430774,-81.824400,-265.000000,1.320134,2.003988
74.950774,-81.824400,-265.000000,1.292189,1.985156
75.470774,-81.824400,-265.000000,1.251078,1.991955
75.990774,-81.824400,-265.000000,1.288264,2.015941
13.070774,-82.344400,-264.000000,1.269920,1.983455
13.590774,-82.344400,-264.000000,1.251631,1.990914
14.110774,-82.344400,-264.000000,1.239157,1.973076
14.630774,-82.344400,-264.000000,1.223240,1.998422
15.150774,-82.344400,-264.000000,1.260095,1.971012
15.670774,-82.344400,-264.000000,1.271416,1.977326
16.190774,-82.344400,-264.000000,1.246057,2.006790
16.710774,-82.344400,-264.000000,1.252170,2.001874
17.230774,-82.344400,-264.000000,1.310545,2.006614
17.750774,-82.344400,-264.000000,1.290575,2.020869
18.270774,-82.344400,-264.000000,1.280250,2.006871
18.790774,-82.344400,-264.000000,1.302619,1.997576
19.310774,-82.344400,-264.000000,1.260373,1.986401
19.830774,-82.344400,-264.000000,1.231999,2.007787
20.350774,-82.344400,-264.000000,1.300244,1.990163
20.870774,-82.344400,-264.000000,1.261090,1.997721
21.390774,-82.344400,-264.000000,1.247456,1.989254
21.910774,-82.344400,-264.000000,1.225446,2.003661
22.430774,-82.344400,-264.000000,1.262707,2.005240
22.950774,-82.344400,-264.000000,1.258388,2.005110
23.470774,-82.344400,-264.000000,1.272952,2.014559
23.990774,-82.344400,-264.000000,1.226494,1.977650
24.510774,-82.344400,-264.000000,1.220480,2.003212
25.030774,-82.344400,-264.000000,1.251368,2.007691
25.550774,-82.344400,-264.000000,1.249376,2.005405
26.070774,-82.344400,-264.000000,1.249901,2.007190
26.590774,-82.344400,-264.000000,1.225919,1.977108
27.110774,-82.344400,-264.000000,1.333965,1.995602
27.630774,-82.344400,-264.000000,1.310489,2.008903
28.150774,-82.344400,-264.000000,1.334079,2.000066
28.670774,-82.344400,-264.000000,1.354438,2.018067
29.190774,-82.344400,-264.000000,1.284698,2.009090
29.710774,-82.344400,-264.000000,1.292050,2.010798
30.230774,-82.344400,-264.000000,1.326362,2.002903
30.750774,-82.344400,-264.000000,1.319088,2.021856
31.270774,-82.344400,-264.000000,1.334313,2.003095
31.790774,-82.344400,-264.000000,1.259955,1.995285
32.310774,-82.344400,-264.000000,1.251252,2.022193
32.830774,-82.344400,-264.000000,1.288555,2.033001
33.350774,-82.344400,-264.000000,1.207063,2.005814
33.870774,-82.344400,-264.000000,1.222958,1.999021
34.390774,-82.344400,-264.000000,1.230009,1.979443
34.910774,-82.344400,-264.000000,1.290663,2.007531
35.430774,-82.344400,-264.000000,1.308887,2.026806
35.950774,-82.344400,-264.000000,1.216606,2.006626
36.470774,-82.344400,-264.000000,1.228505,1.991094
36.990774,-82.344400,-264.000000,1.245270,1.992923
37.510774,-82.344400,-264.000000,1.266496,2.003532
38.030774,-82.344400,-264.000000,1.287337,2.006902
38.550774,-82.344400,-264.000000,1.228503,1.999813
39.070774,-82.344400,-264.000000,1.255345,2.005965
39.590774,-82.344400,-264.000000,1.310046,2.010701
40.110774,-82.344400,-264.000000,1.280407,1.999997
40.630774,-82.344400,-264.000000,1.277007,2.007914
41.150774,-82.344400,-264.000000,1.291580,2.004031
41.670774,-82.344400,-264.000000,1.314574,2.005594
42.190774,-82.344400,-264.000000,1.328050,2.005636
42.710774,-82.344400,-264.000000,1.263314,1.990236
43.230774,-82.344400,-264.000000,1.269444,1.994321
43.750774,-82.344400,-264.000000,1.226848,2.001287
44.270774,-82.344400,-264.000000,1.246075,2.029238
44.790774,-82.344400,-264.000000,1.209085,1.996655
45.310774,-82.344400,-264.000000,1.216512,2.035770
45.830774,-82.344400,-264.000000,1.253229,1.999078
46.350774,-82.344400,-264.000000,1.255581,2.001396
46.870774,-82.344400,-264.000000,1.251507,1.983485
47.390774,-82.344400,-264.000000,1.258596,2.002789
47.910774,-82.344400,-264.000000,1.251424,2.015587
48.430774,-82.344400,-264.000000,1.223465,2.009183
48.950774,-82.344400,-264.000000,1.265362,2.007019
49.470774,-82.344400,-264.000000,1.280525,2.005262
49.990774,-82.344400,-264.000000,1.250877,1.995228
50.510774,-82.344400,-264.000000,1.247814,1.992530
51.030774,-82.344400,-264.000000,1.290286,2.016293
51.550774,-82.344400,-264.000000,1.269914,2.010423
52.070774,-82.344400,-264.000000,1.279570,2.000602
52.590774,-82.344400,-264.000000,1.215725,1.997119
53.110774,-82.344400,-264.000000,1.252675,1.984878
53.630774,-82.344400,-264.000000,1.306199,2.023925
54.150774,-82.344400,-264.000000,1.242811,2.003235
54.670774,-82.344400,-264.000000,1.268059,1.999575
55.190774,-82.344400,-264.000000,1.238176,1.996801
55.710774,-82.344400,-264.000000,1.254850,2.011846
56.230774,-82.344400,-264.000000,1.206843,1.994625
56.750774,-82.344400,-264.000000,1.256886,1.988821
57.270774,-82.344400,-264.000000,1.240416,2.012638
57.790774,-82.344400,-264.000000,1.269185,2.017960
58.310774,-82.344400,-264.000000,1.293460,1.998596
58.830774,-82.344400,-264.000000,1.287368,2.007003
59.350774,-82.344400,-264.000000,1.251788,2.011455
59.870774,-82.344400,-264.000000,1.233033,2.007156
60.390774,-82.344400,-264.000000,1.248188,2.015626
60.910774,-82.344400,-264.000000,1.234959,2.007632
61.430774,-82.344400,-264.000000,1.282792,2.024395
61.950774,-82.344400,-264.000000,1.232069,1.991754
62.470774,-82.344400,-264.000000,1.310588,2.008035
62.990774,-82.344400,-264.000000,1.271288,2.009338
63.510774,-82.344400,-264.000000,1.311864,1.998099
64.030774,-82.344400,-264.000000,1.292781,2.023389
64.550774,-82.344400,-264.000000,1.234594,2.009786
65.070774,-82.344400,-264.000000,1.215455,1.988598
65.590774,-82.344400,-264.000000,1.225260,1.999130
66.110774,-82.344400,-264.000000,1.286393,2.002405
66.630774,-82.344400,-264.000000,1.292141,2.020545
67.150774,-82.344400,-264.000000,1.256015,1.998438
67.670774,-82.344400,-264.000000,1.269064,2.003272
68.190774,-82.344400,-264.000000,1.271273,1.995527
68.710774,-82.344400,-264.000000,1.238822,1.992229
69.230774,-82.344400,-264.000000,1.210036,2.023190
69.750774,-82.344400,-264.000000,1.252564,2.010772
70.270774,-82.344400,-264.000000,1.233206,1.981558
70.790774,-82.344400,-264.000000,1.222661,1.988532
71.310774,-82.344400,-264.000000,1.255250,2.024397
71.830774,-82.344400,-264.000000,1.252622,2.004303
72.350774,-82.344400,-264.000000,1.278087,1.985072
72.870774,-82.344400,-264.000000,1.237141,2.008548
73.390774,-82.344400,-264.000000,1.225111,2.004110
73.910774,-82.344400,-264.000000,1.241368,2.002829
74.430774,-82.344400,-264.000000,1.267330,2.002161
74.950774,-82.344400,-264.000000,1.254145,1.994835
75.470774,-82.344400,-264.000000,1.244112,1.991153
75.990774,-82.344400,-264.000000,1.204777,2.004286
13.070774,-81.824400,-264.000000,1.315224,1.983946
13.590774,-81.824400,-264.000000,1.248697,1.999712
14.110774,-81.824400,-264.000000,1.273784,1.981998
14.630774,-81.824400,-264.000000,1.258789,2.000173
15.150774,-81.824400,-264.000000,1.230797,1.977293
15.670774,-81.824400,-264.000000,1.232835,1.992057
16.190774,-81.824400,-264.000000,1.211923,1.983914
16.710774,-81.824400,-264.000000,1.227964,1.995109
17.230774,-81.824400,-264.000000,1.268025,2.011837
17.750774,-81.824400,-264.000000,1.265401,2.031962
18.270774,-81.824400,-264.000000,1.232048,1.990746
18.790774,-81.824400,-264.000000,1.244555,1.992549
19.310774,-81.824400,-264.000000,1.242175,1.987018
19.830774,-81.824400,-264.000000,1.228264,2.013090
20.350774,-81.824400,-264.000000,1.237369,2.011619
20.870774,-81.824400,-264.000000,1.261935,1.998534
21.390774,-81.824400,-264.000000,1.267081,1.995811
21.910774,-81.824400,-264.000000,1.253235,1.997167
22.430774,-81.824400,-264.000000,1.297780,2.010871
22.950774,-81.824400,-264.000000,1.223572,2.003961
23.470774,-81.824400,-264.000000,1.265714,2.019387
23.990774,-81.824400,-264.000000,1.275029,1.984217
24.510774,-81.824400,-264.000000,1.273675,2.006495
25.030774,-81.824400,-264.000000,1.249125,2.003520
25.550774,-81.824400,-264.000000,1.309851,1.991784
26.070774,-81.824400,-264.000000,1.309758,2.015685
26.590774,-81.824400,-264.000000,1.313919,2.012614
27.110774,-81.824400,-264.000000,1.318004,2.003171
27.630774,-81.824400,-264.000000,1.282411,2.001038
28.150774,-81.824400,-264.000000,1.291098,1.991275
28.670774,-81.824400,-264.000000,1.328996,2.013211
29.190774,-81.824400,-264.000000,1.296549,2.006290
29.710774,-81.824400,-264.000000,1.348401,2.011723
30.230774,-81.824400,-264.000000,1.286145,2.006805
30.750774,-81.824400,-264.000000,1.322556,2.021106
31.270774,-81.824400,-264.000000,1.282827,2.009396
31.790774,-81.824400,-264.000000,1.243683,2.005753
32.310774,-81.824400,-264.000000,1.267158,2.017128
32.830774,-81.824400,-264.000000,1.245225,2.019320
33.350774,-81.824400,-264.000000,1.307860,2.000680
33.870774,-81.824400,-264.000000,1.258093,2.024691
34.390774,-81.824400,-264.000000,1.240583,1.980932
34.910774,-81.824400,-264.000000,1.304445,2.002452
35.430774,-81.824400,-264.000000,1.262073,2.000084
35.950774,-81.824400,-264.000000,1.276352,2.015745
36.470774,-81.824400,-264.000000,1.262066,1.988726
36.990774,-81.824400,-264.000000,1.257010,1.988874
37.510774,-81.824400,-264.000000,1.243270,2.004514
38.030774,-81.824400,-264.000000,1.267631,2.002357
38.550774,-81.824400,-264.000000,1.257805,2.011192
39.070774,-81.824400,-264.000000,1.262108,2.010067
39.590774,-81.824400,-264.000000,1.249751,2.011358
40.110774,-81.824400,-264.000000,1.314024,2.007713
40.630774,-81.824400,-264.000000,1.276300,2.011645
41.150774,-81.824400,-264.000000,1.279537,1.998225
41.670774,-81.824400,-264.000000,1.306454,2.005030
42.190774,-81.824400,-264.000000,1.264216,2.008904
42.710774,-81.824400,-264.000000,1.262439,1.998982
43.230774,-81.824400,-264.000000,1.298739,2.007448
43.750774,-81.824400,-264.000000,1.272440,1.993863
44.270774,-81.824400,-264.000000,1.296391,2.026538
44.790774,-81.824400,-264.000000,1.223357,1.980935
45.310774,-81.824400,-264.000000,1.249172,2.015129
45.830774,-81.824400,-264.000000,1.204375,1.998887
46.350774,-81.824400,-264.000000,1.314827,2.004094
46.870774,-81.824400,-264.000000,1.213255,1.993575
47.390774,-81.824400,-264.000000,1.258539,2.015882
47.910774,-81.824400,-264.000000,1.257608,2.026280
48.430774,-81.824400,-264.000000,1.288279,2.001123
48.950774,-81.824400,-264.000000,1.287064,2.015542
49.470774,-81.824400,-264.000000,1.223851,2.001237
49.990774,-81.824400,-264.000000,1.267897,2.005696
50.510774,-81.824400,-264.000000,1.289215,2.006487
51.030774,-81.824400,-264.000000,1.285910,2.031089
51.550774,-81.824400,-264.000000,1.243937,2.010129
52.070774,-81.824400,-264.000000,1.301829,2.001491
52.590774,-81.824400,-264.000000,1.259552,2.004874
53.110774,-81.824400,-264.000000,1.259791,1.981542
53.630774,-81.824400,-264.000000,1.260542,2.013003
54.150774,-81.824400,-264.000000,1.262976,1.996796
54.670774,-81.824400,-264.000000,1.255697,1.997248
55.190774,-81.824400,-264.000000,1.238961,2.002905
55.710774,-81.824400,-264.000000,1.232789,2.012063
56.230774,-81.824400,-264.000000,1.208515,1.994065
56.750774,-81.824400,-264.000000,1.284977,1.991744
57.270774,-81.824400,-264.000000,1.297416,2.016870
57.790774,-81.824400,-264.000000,1.314779,2.027313
58.310774,-81.824400,-264.000000,1.239232,1.998746
58.830774,-81.824400,-264.000000,1.277128,2.005680
59.350774,-81.824400,-264.000000,1.256249,2.005556
59.870774,-81.824400,-264.000000,1.251113,2.007082
60.390774,-81.824400,-264.000000,1.270001,2.019186
60.910774,-81.824400,-264.000000,1.316522,2.005411
61.430774,-81.824400,-264.000000,1.304478,2.015841
61.950774,-81.824400,-264.000000,1.257069,1.993385
62.470774,-81.824400,-264.000000,1.304574,1.999660
62.990774,-81.824400,-264.000000,1.253575,2.004703
63.510774,-81.824400,-264.000000,1.256360,1.987475
64.030774,-81.824400,-264.000000,1.299907,2.013741
64.550774,-81.824400,-264.000000,1.293709,2.016387
65.070774,-81.824400,-264.000000,1.263368,1.994415
65.590774,-81.824400,-264.000000,1.250732,2.011986
66.110774,-81.824400,-264.000000,1.297464,2.006224
66.630774,-81.824400,-264.000000,1.304680,2.019979
67.150774,-81.824400,-264.000000,1.308656,2.001804
67.670774,-81.824400,-264.000000,1.264090,2.003132
68.190774,-81.824400,-264.000000,1.252200,1.993818
68.710774,-81.824400,-264.000000,1.224713,2.004880
69.230774,-81.824400,-264.000000,1.218236,2.037412
69.750774,-81.824400,-264.000000,1.285749,2.012982
70.270774,-81.824400,-264.000000,1.232334,1.983231
70.790774,-81.824400,-264.000000,1.260136,1.993617
71.310774,-81.824400,-264.000000,1.239978,2.017200
71.830774,-81.824400,-264.000000,1.228917,2.002137
72.350774,-81.824400,-264.000000,1.213437,1.992643
72.870774,-81.824400,-264.000000,1.275885,2.006490
73.390774,-81.824400,-264.000000,1.302836,2.008775
73.910774,-81.824400,-264.000000,1.279023,1.998170
74.430774,-81.824400,-264.000000,1.264819,2.013547
74.950774,-81.824400,-264.000000,1.200094,1.999409
75.470774,-81.824400,-264.000000,1.252868,2.004491
75.990774,-81.824400,-264.000000,1.205007,2.012175
75.990774,-81.304400,-264.000000,1.265967,2.017763
13.070774,-82.344400,-263.000000,1.265655,1.976162
13.590774,-82.344400,-263.000000,1.227613,1.960492
14.110774,-82.344400,-263.000000,1.265946,1.976635
14.630774,-82.344400,-263.000000,1.308367,1.996242
15.150774,-82.344400,-263.000000,1.217593,1.968633
15.670774,-82.344400,-263.000000,1.329581,1.994128
16.190774,-82.344400,-263.000000,1.228821,1.986391
16.710774,-82.344400,-263.000000,1.238248,1.992158
17.230774,-82.344400,-263.000000,1.288269,1.991974
17.750774,-82.344400,-263.000000,1.275981,2.016989
18.270774,-82.344400,-263.000000,1.221998,2.002931
18.790774,-82.344400,-263.000000,1.263629,1.992457
19.310774,-82.344400,-263.000000,1.231678,1.982192
19.830774,-82.344400,-263.000000,1.261922,1.977771
20.350774,-82.344400,-263.000000,1.223225,1.991868
20.870774,-82.344400,-263.000000,1.248976,1.983829
21.390774,-82.344400,-263.000000,1.293332,2.004012
21.910774,-82.344400,-263.000000,1.281797,2.006853
22.430774,-82.344400,-263.000000,1.290869,2.008605
22.950774,-82.344400,-263.000000,1.288550,2.001689
23.470774,-82.344400,-263.000000,1.257934,2.022361
23.990774,-82.344400,-263.000000,1.319705,2.003924
24.510774,-82.344400,-263.000000,1.223225,1.973033
25.030774,-82.344400,-263.000000,1.189752,1.988466
25.550774,-82.344400,-263.000000,1.286743,2.010563
26.070774,-82.344400,-263.000000,1.284307,2.001619
26.590774,-82.344400,-263.000000,1.252653,1.994456
27.110774,-82.344400,-263.000000,1.303459,2.008813
27.630774,-82.344400,-263.000000,1.283878,2.002034
28.150774,-82.344400,-263.000000,1.249323,1.995306
28.670774,-82.344400,-263.000000,1.283636,1.998963
29.190774,-82.344400,-263.000000,1.298700,1.999465
29.710774,-82.344400,-263.000000,1.258654,2.014108
30.230774,-82.344400,-263.000000,1.259626,1.991169
30.750774,-82.344400,-263.000000,1.249175,2.009162
31.270774,-82.344400,-263.000000,1.253372,1.983096
31.790774,-82.344400,-263.000000,1.317508,1.998230
32.310774,-82.344400,-263.000000,1.256156,2.022330
32.830774,-82.344400,-263.000000,1.352160,2.007513
33.350774,-82.344400,-263.000000,1.261410,1.996517
33.870774,-82.344400,-263.000000,1.296658,2.012314
34.390774,-82.344400,-263.000000,1.337073,2.009388
34.910774,-82.344400,-263.000000,1.235087,2.000595
35.430774,-82.344400,-263.000000,1.257933,2.010348
35.950774,-82.344400,-263.000000,1.257325,2.001151
36.470774,-82.344400,-263.000000,1.248379,2.008686
36.990774,-82.344400,-263.000000,1.251141,1.985445
37.510774,-82.344400,-263.000000,1.237108,1.992200
38.030774,-82.344400,-263.000000,1.330518,2.020829
38.550774,-82.344400,-263.000000,1.258306,2.001927
39.070774,-82.344400,-263.000000,1.233866,1.986633
39.590774,-82.344400,-263.000000,1.245871,2.004592
40.110774,-82.344400,-263.000000,1.283531,1.994836
40.630774,-82.344400,-263.000000,1.327167,2.021222
41.150774,-82.344400,-263.000000,1.339271,2.017783
41.670774,-82.344400,-263.000000,1.317566,1.998003
42.190774,-82.344400,-263.000000,1.237983,1.997140
42.710774,-82.344400,-263.000000,1.321954,1.991252
43.230774,-82.344400,-263.000000,1.257851,1.996754
43.750774,-82.344400,-263.000000,1.268664,2.021188
44.270774,-82.344400,-263.000000,1.347991,1.999439
44.790774,-82.344400,-263.000000,1.243769,2.014654
45.310774,-82.344400,-263.000000,1.296096,2.008682
45.830774,-82.344400,-263.000000,1.294757,2.004487
46.350774,-82.344400,-263.000000,1.253800,2.007502
46.870774,-82.344400,-263.000000,1.264319,2.008831
47.390774,-82.344400,-263.000000,1.278783,2.027688
47.910774,-82.344400,-263.000000,1.289501,1.994874
48.430774,-82.344400,-263.000000,1.363668,1.999011
48.950774,-82.344400,-263.000000,1.272551,2.002187
49.470774,-82.344400,-263.000000,1.228079,2.006531
49.990774,-82.344400,-263.000000,1.265553,1.991939
50.510774,-82.344400,-263.000000,1.269708,1.988940
51.030774,-82.344400,-263.000000,1.288634,1.979166
51.550774,-82.344400,-263.000000,1.223504,2.005612
52.070774,-82.344400,-263.000000,1.213486,2.004831
52.590774,-82.344400,-263.000000,1.243344,1.993997
53.110774,-82.344400,-263.000000,1.260582,2.030115
53.630774,-82.344400,-263.000000,1.297598,2.002500
54.150774,-82.344400,-263.000000,1.235160,1.993848
54.670774,-82.344400,-263.000000,1.268174,2.004668
55.190774,-82.344400,-263.000000,1.250136,1.995440
55.710774,-82.344400,-263.000000,1.269225,2.006578
56.230774,-82.344400,-263.000000,1.272340,1.984189
56.750774,-82.344400,-263.000000,1.285972,2.000896
57.270774,-82.344400,-263.000000,1.221582,1.998230
57.790774,-82.344400,-263.000000,1.229327,1.990560
58.310774,-82.344400,-263.000000,1.291885,1.982568
58.830774,-82.344400,-263.000000,1.249163,1.979993
59.350774,-82.344400,-263.000000,1.291127,1.993064
59.870774,-82.344400,-263.000000,1.302513,2.006569
60.390774,-82.344400,-263.000000,1.259888,2.021691
60.910774,-82.344400,-263.000000,1.202957,2.026642
61.430774,-82.344400,-263.000000,1.224687,2.005424
61.950774,-82.344400,-263.000000,1.278832,2.010460
62.470774,-82.344400,-263.000000,1.309637,1.994077
62.990774,-82.344400,-263.000000,1.353687,1.991974
63.510774,-82.344400,-263.000000,1.249824,2.018666
64.030774,-82.344400,-263.000000,1.253216,1.998912
64.550774,-82.344400,-263.000000,1.262360,1.994514
65.070774,-82.344400,-263.000000,1.243246,1.998571
65.590774,-82.344400,-263.000000,1.251511,1.993214
66.110774,-82.344400,-263.000000,1.264231,1.996542
66.630774,-82.344400,-263.000000,1.223961,1.994545
67.150774,-82.344400,-263.000000,1.296852,1.996027
67.670774,-82.344400,-263.000000,1.239814,1.992703
68.190774,-82.344400,-263.000000,1.294643,2.006443
68.710774,-82.344400,-263.000000,1.254696,1.994699
69.230774,-82.344400,-263.000000,1.237220,2.021235
69.750774,-82.344400,-263.000000,1.284625,1.991808
70.270774,-82.344400,-263.000000,1.265829,2.010082
70.790774,-82.344400,-263.000000,1.279184,1.996693
71.310774,-82.344400,-263.000000,1.224396,2.012279
71.830774,-82.344400,-263.000000,1.240710,2.012263
72.350774,-82.344400,-263.000000,1.276988,1.998193
72.870774,-82.344400,-263.000000,1.324624,2.003518
73.390774,-82.344400,-263.000000,1.299863,1.992746
73.910774,-82.344400,-263.000000,1.251102,1.982653
74.430774,-82.344400,-263.000000,1.278994,1.987030
74.950774,-82.344400,-263.000000,1.299289,1.977615
75.470774,-82.344400,-263.000000,1.232040,1.998188
75.990774,-82.344400,-263.000000,1.221950,1.995147
13.070774,-81.824400,-263.000000,1.274909,1.988335
13.590774,-81.824400,-263.000000,1.226229,1.964240
14.110774,-81.824400,-263.000000,1.279311,1.972384
14.630774,-81.824400,-263.000000,1.283721,1.996190
15.150774,-81.824400,-263.000000,1.282797,1.973514
15.670774,-81.824400,-263.000000,1.270713,1.992939
16.190774,-81.824400,-263.000000,1.222542,1.982584
16.710774,-81.824400,-263.000000,1.249962,1.993791
17.230774,-81.824400,-263.000000,1.253116,1.991938
17.750774,-81.824400,-263.000000,1.328002,2.011571
18.270774,-81.824400,-263.000000,1.313228,2.005664
18.790774,-81.824400,-263.000000,1.256328,1.984638
19.310774,-81.824400,-263.000000,1.197474,1.979260
19.830774,-81.824400,-263.000000,1.249886,1.992236
20.350774,-81.824400,-263.000000,1.296174,1.992627
20.870774,-81.824400,-263.000000,1.252970,1.991738
21.390774,-81.824400,-263.000000,1.319482,2.003286
21.910774,-81.824400,-263.000000,1.304578,2.009556
22.430774,-81.824400,-263.000000,1.258764,2.023880
22.950774,-81.824400,-263.000000,1.278664,1.998521
23.470774,-81.824400,-263.000000,1.267090,2.020157
23.990774,-81.824400,-263.000000,1.259294,1.998200
24.510774,-81.824400,-263.000000,1.253698,1.989097
25.030774,-81.824400,-263.000000,1.263846,2.002246
25.550774,-81.824400,-263.000000,1.283736,2.013437
26.070774,-81.824400,-263.000000,1.341389,2.014501
26.590774,-81.824400,-263.000000,1.241508,2.008901
27.110774,-81.824400,-263.000000,1.218601,2.002222
27.630774,-81.824400,-263.000000,1.281528,1.997375
28.150774,-81.824400,-263.000000,1.184439,2.004253
28.670774,-81.824400,-263.000000,1.275896,2.002285
29.190774,-81.824400,-263.000000,1.264225,2.010706
29.710774,-81.824400,-263.000000,1.271232,2.000099
30.230774,-81.824400,-263.000000,1.226655,1.990190
30.750774,-81.824400,-263.000000,1.282603,2.009658
31.270774,-81.824400,-263.000000,1.276356,1.987267
31.790774,-81.824400,-263.000000,1.269351,1.997952
32.310774,-81.824400,-263.000000,1.258352,2.019597
32.830774,-81.824400,-263.000000,1.254136,1.997594
33.350774,-81.824400,-263.000000,1.264585,1.998500
33.870774,-81.824400,-263.000000,1.281232,2.016070
34.390774,-81.824400,-263.000000,1.235432,2.002155
34.910774,-81.824400,-263.000000,1.270232,2.000610
35.430774,-81.824400,-263.000000,1.249093,2.008047
35.950774,-81.824400,-263.000000,1.254540,1.999724
36.470774,-81.824400,-263.000000,1.248387,1.998146
36.990774,-81.824400,-263.000000,1.255354,2.010820
37.510774,-81.824400,-263.000000,1.201924,1.993242
38.030774,-81.824400,-263.000000,1.328081,2.014565
38.550774,-81.824400,-263.000000,1.243678,2.013232
39.070774,-81.824400,-263.000000,1.238388,1.989388
39.590774,-81.824400,-263.000000,1.265682,2.006593
40.110774,-81.824400,-263.000000,1.303219,2.007317
40.630774,-81.824400,-263.000000,1.311098,2.014716
41.150774,-81.824400,-263.000000,1.284255,2.018183
41.670774,-81.824400,-263.000000,1.285406,1.995914
42.190774,-81.824400,-263.000000,1.316874,2.006436
42.710774,-81.824400,-263.000000,1.334112,2.004111
43.230774,-81.824400,-263.000000,1.260999,1.995293
43.750774,-81.824400,-263.000000,1.229864,2.014832
44.270774,-81.824400,-263.000000,1.273691,2.003199
44.790774,-81.824400,-263.000000,1.210868,2.006401
45.310774,-81.824400,-263.000000,1.301154,2.012323
45.830774,-81.824400,-263.000000,1.241493,2.003181
46.350774,-81.824400,-263.000000,1.280327,1.991693
46.870774,-81.824400,-263.000000,1.276516,2.005973
47.390774,-81.824400,-263.000000,1.310941,2.036407
47.910774,-81.824400,-263.000000,1.244048,2.013839
48.430774,-81.824400,-263.000000,1.229372,2.014595
48.950774,-81.824400,-263.000000,1.227570,1.995718
49.470774,-81.824400,-263.000000,1.226482,2.007173
49.990774,-81.824400,-263.000000,1.272476,1.986881
50.510774,-81.824400,-263.000000,1.257678,1.997522
51.030774,-81.824400,-263.000000,1.240569,1.974862
51.550774,-81.824400,-263.000000,1.254479,2.001458
52.070774,-81.824400,-263.000000,1.241182,2.008460
52.590774,-81.824400,-263.000000,1.260290,1.991217
53.110774,-81.824400,-263.000000,1.303099,2.008200
53.630774,-81.824400,-263.000000,1.290904,2.003872
54.150774,-81.824400,-263.000000,1.271887,2.006139
54.670774,-81.824400,-263.000000,1.255142,2.020424
55.190774,-81.824400,-263.000000,1.256036,1.992305
55.710774,-81.824400,-263.000000,1.251881,2.025213
56.230774,-81.824400,-263.000000,1.257119,1.990046
56.750774,-81.824400,-263.000000,1.265586,1.987054
57.270774,-81.824400,-263.000000,1.243448,2.000371
57.790774,-81.824400,-263.000000,1.280006,2.020944
58.310774,-81.824400,-263.000000,1.299111,1.987818
58.830774,-81.824400,-263.000000,1.254441,1.997431
59.350774,-81.824400,-263.000000,1.275134,1.986222
59.870774,-81.824400,-263.000000,1.303627,2.002324
60.390774,-81.824400,-263.000000,1.263848,2.006654
60.910774,-81.824400,-263.000000,1.218639,2.015466
61.430774,-81.824400,-263.000000,1.219146,1.998636
61.950774,-81.824400,-263.000000,1.347580,2.024255
62.470774,-81.824400,-263.000000,1.329308,2.000914
62.990774,-81.824400,-263.000000,1.290112,1.987599
63.510774,-81.824400,-263.000000,1.333923,2.016795
64.030774,-81.824400,-263.000000,1.303321,2.010708
64.550774,-81.824400,-263.000000,1.274486,2.001298
65.070774,-81.824400,-263.000000,1.223997,1.991771
65.590774,-81.824400,-263.000000,1.225336,2.011695
66.110774,-81.824400,-263.000000,1.214990,2.000261
66.630774,-81.824400,-263.000000,1.265844,1.995902
67.150774,-81.824400,-263.000000,1.286961,2.005971
67.670774,-81.824400,-263.000000,1.230072,1.997399
68.190774,-81.824400,-263.000000,1.293000,2.014514
68.710774,-81.824400,-263.000000,1.256837,1.995414
69.230774,-81.824400,-263.000000,1.223911,2.009474
69.750774,-81.824400,-263.000000,1.302723,2.001034
70.270774,-81.824400,-263.000000,1.264673,2.008179
70.790774,-81.824400,-263.000000,1.238823,1.991655
71.310774,-81.824400,-263.000000,1.260189,2.001778
71.830774,-81.824400,-263.000000,1.288628,2.023966
72.350774,-81.824400,-263.000000,1.307728,2.001083
72.870774,-81.824400,-263.000000,1.302253,2.009678
73.390774,-81.824400,-263.000000,1.333708,1.988239
73.910774,-81.824400,-263.000000,1.313002,1.994243
74.430774,-81.824400,-263.000000,1.259322,1.993007
74.950774,-81.824400,-263.000000,1.273899,1.975869
75.470774,-81.824400,-263.000000,1.214643,2.002533
75.990774,-81.824400,-263.000000,1.253182,1.998877
75.990774,-81.304400,-263.000000,1.236701,2.010824
13.070774,-82.344400,-262.000000,1.276947,1.975226
13.590774,-82.344400,-262.000000,1.283973,1.971807
14.110774,-82.344400,-262.000000,1.241005,1.976492
14.630774,-82.344400,-262.000000,1.247230,1.972338
15.150774,-82.344400,-262.000000,1.298246,1.991103
15.670774,-82.344400,-262.000000,1.276644,1.971221
16.190774,-82.344400,-262.000000,1.273139,1.997624
16.710774,-82.344400,-262.000000,1.246910,1.986838
17.230774,-82.344400,-262.000000,1.251157,1.980112
17.750774,-82.344400,-262.000000,1.271970,2.005544
18.270774,-82.344400,-262.000000,1.238157,2.000231
18.790774,-82.344400,-262.000000,1.327391,1.999969
19.310774,-82.344400,-262.000000,1.247620,2.002613
19.830774,-82.344400,-262.000000,1.257566,1.997066
20.350774,-82.344400,-262.000000,1.247309,1.989242
20.870774,-82.344400,-262.000000,1.215832,2.009290
21.390774,-82.344400,-262.000000,1.256123,2.012450
21.910774,-82.344400,-262.000000,1.204821,1.987953
22.430774,-82.344400,-262.000000,1.254010,2.005579
22.950774,-82.344400,-262.000000,1.267074,1.986586
23.470774,-82.344400,-262.000000,1.248281,1.995591
23.990774,-82.344400,-262.000000,1.270572,1.991750
24.510774,-82.344400,-262.000000,1.249300,1.990465
25.030774,-82.344400,-262.000000,1.240550,1.998536
25.550774,-82.344400,-262.000000,1.254656,1.986624
26.070774,-82.344400,-262.000000,1.294826,2.009853
26.590774,-82.344400,-262.000000,1.290020,1.988161
27.110774,-82.344400,-262.000000,1.224399,2.001540
27.630774,-82.344400,-262.000000,1.217058,1.990645
28.150774,-82.344400,-262.000000,1.251095,1.991166
28.670774,-82.344400,-262.000000,1.243900,2.010716
29.190774,-82.344400,-262.000000,1.233243,1.997234
29.710774,-82.344400,-262.000000,1.262517,1.999115
30.230774,-82.344400,-262.000000,1.327089,2.000774
30.750774,-82.344400,-262.000000,1.282989,1.985285
31.270774,-82.344400,-262.000000,1.256685,1.996939
31.790774,-82.344400,-262.000000,1.223381,2.008251
32.310774,-82.344400,-262.000000,1.218619,1.996338
32.830774,-82.344400,-262.000000,1.283255,1.993613
33.350774,-82.344400,-262.000000,1.264711,2.006137
33.870774,-82.344400,-262.000000,1.312085,1.985946
34.390774,-82.344400,-262.000000,1.299445,1.980648
34.910774,-82.344400,-262.000000,1.278145,2.007439
35.430774,-82.344400,-262.000000,1.268732,1.995726
35.950774,-82.344400,-262.000000,1.274368,1.986869
36.470774,-82.344400,-262.000000,1.270473,2.018651
36.990774,-82.344400,-262.000000,1.275283,2.001047
37.510774,-82.344400,-262.000000,1.282972,2.013416
38.030774,-82.344400,-262.000000,1.264629,2.005008
38.550774,-82.344400,-262.000000,1.249319,2.006094
39.070774,-82.344400,-262.000000,1.276388,1.997654
39.590774,-82.344400,-262.000000,1.327467,2.026930
40.110774,-82.344400,-262.000000,1.294955,1.997384
40.630774,-82.344400,-262.000000,1.312984,2.026182
41.150774,-82.344400,-262.000000,1.264849,2.005101
41.670774,-82.344400,-262.000000,1.279806,1.995851
42.190774,-82.344400,-262.000000,1.290439,1.988678
42.710774,-82.344400,-262.000000,1.280309,2.007160
43.230774,-82.344400,-262.000000,1.247180,2.012073
43.750774,-82.344400,-262.000000,1.270016,1.990652
44.270774,-82.344400,-262.000000,1.263774,1.999320
44.790774,-82.344400,-262.000000,1.203665,1.999155
45.310774,-82.344400,-262.000000,1.223581,1.988736
45.830774,-82.344400,-262.000000,1.256388,2.008756
46.350774,-82.344400,-262.000000,1.258649,1.991672
46.870774,-82.344400,-262.000000,1.246243,1.996543
47.390774,-82.344400,-262.000000,1.316078,1.999192
47.910774,-82.344400,-262.000000,1.237935,1.977549
48.430774,-82.344400,-262.000000,1.246028,1.994126
48.950774,-82.344400,-262.000000,1.310754,2.001096
49.470774,-82.344400,-262.000000,1.251101,1.989052
49.990774,-82.344400,-262.000000,1.256228,1.984247
50.510774,-82.344400,-262.000000,1.305015,2.000708
51.030774,-82.344400,-262.000000,1.266496,2.003364
51.550774,-82.344400,-262.000000,1.268438,1.998742
52.070774,-82.344400,-262.000000,1.272303,1.991580
52.590774,-82.344400,-262.000000,1.252523,1.977904
53.110774,-82.344400,-262.000000,1.272727,2.005177
53.630774,-82.344400,-262.000000,1.262404,2.007216
54.150774,-82.344400,-262.000000,1.261475,1.996896
54.670774,-82.344400,-262.000000,1.320795,2.006163
55.190774,-82.344400,-262.000000,1.340041,1.987597
55.710774,-82.344400,-262.000000,1.301206,2.005375
56.230774,-82.344400,-262.000000,1.296326,1.993154
56.750774,-82.344400,-262.000000,1.314545,2.001261
57.270774,-82.344400,-262.000000,1.231773,1.998092
57.790774,-82.344400,-262.000000,1.269137,1.988016
58.310774,-82.344400,-262.000000,1.254442,1.989675
58.830774,-82.344400,-262.000000,1.280695,1.992552
59.350774,-82.344400,-262.000000,1.300204,2.002436
59.870774,-82.344400,-262.000000,1.305981,2.008314
60.390774,-82.344400,-262.000000,1.226211,1.984493
60.910774,-82.344400,-262.000000,1.268538,2.004420
61.430774,-82.344400,-262.000000,1.251502,2.006235
61.950774,-82.344400,-262.000000,1.282135,2.001756
62.470774,-82.344400,-262.000000,1.223559,1.998271
62.990774,-82.344400,-262.000000,1.268854,1.994152
63.510774,-82.344400,-262.000000,1.285323,2.000702
64.030774,-82.344400,-262.000000,1.231585,1.986539
64.550774,-82.344400,-262.000000,1.243142,2.005593
65.070774,-82.344400,-262.000000,1.207235,1.994480
65.590774,-82.344400,-262.000000,1.286978,2.015435
66.110774,-82.344400,-262.000000,1.252707,1.994719
66.630774,-82.344400,-262.000000,1.285561,2.028551
67.150774,-82.344400,-262.000000,1.256797,2.000267
67.670774,-82.344400,-262.000000,1.264315,1.999674
68.190774,-82.344400,-262.000000,1.288860,2.005461
68.710774,-82.344400,-262.000000,1.264773,2.003731
69.230774,-82.344400,-262.000000,1.294968,2.001339
69.750774,-82.344400,-262.000000,1.246807,2.004543
70.270774,-82.344400,-262.000000,1.307337,2.003994
70.790774,-82.344400,-262.000000,1.285517,2.003608
71.310774,-82.344400,-262.000000,1.232191,1.996574
71.830774,-82.344400,-262.000000,1.228067,1.995416
72.350774,-82.344400,-262.000000,1.266179,1.991291
72.870774,-82.344400,-262.000000,1.251663,1.995115
73.390774,-82.344400,-262.000000,1.280947,2.001191
73.910774,-82.344400,-262.000000,1.287301,2.010915
74.430774,-82.344400,-262.000000,1.239814,2.003529
74.950774,-82.344400,-262.000000,1.286870,1.994057
75.470774,-82.344400,-262.000000,1.299596,2.000301
75.990774,-82.344400,-262.000000,1.238076,2.009367
13.070774,-81.824400,-262.000000,1.335098,1.985596
13.590774,-81.824400,-262.000000,1.288576,1.963790
14.110774,-81.824400,-262.000000,1.239885,1.983116
14.630774,-81.824400,-262.000000,1.245555,1.969417
15.150774,-81.824400,-262.000000,1.252964,1.994428
15.670774,-81.824400,-262.000000,1.207377,1.972427
16.190774,-81.824400,-262.000000,1.302461,2.007435
16.710774,-81.824400,-262.000000,1.278204,1.989155
17.230774,-81.824400,-262.000000,1.289418,1.994068
17.750774,-81.824400,-262.000000,1.254872,2.001590
18.270774,-81.824400,-262.000000,1.312678,2.011362
18.790774,-81.824400,-262.000000,1.295076,1.998007
19.310774,-81.824400,-262.000000,1.247276,2.005479
19.830774,-81.824400,-262.000000,1.238172,2.003221
20.350774,-81.824400,-262.000000,1.240772,1.992489
20.870774,-81.824400,-262.000000,1.305124,2.017637
21.390774,-81.824400,-262.000000,1.314168,2.018938
21.910774,-81.824400,-262.000000,1.208301,1.994505
22.430774,-81.824400,-262.000000,1.263261,2.008443
22.950774,-81.824400,-262.000000,1.290625,1.987572
23.470774,-81.824400,-262.000000,1.274541,2.004375
23.990774,-81.824400,-262.000000,1.270840,1.992308
24.510774,-81.824400,-262.000000,1.273615,1.991489
25.030774,-81.824400,-262.000000,1.302726,1.999445
25.550774,-81.824400,-262.000000,1.242705,1.990967
26.070774,-81.824400,-262.000000,1.281155,2.007072
26.590774,-81.824400,-262.000000,1.250198,1.983787
27.110774,-81.824400,-262.000000,1.270420,2.007141
27.630774,-81.824400,-262.000000,1.268828,1.995509
28.150774,-81.824400,-262.000000,1.222640,1.993347
28.670774,-81.824400,-262.000000,1.252582,2.004527
29.190774,-81.824400,-262.000000,1.255765,2.002181
29.710774,-81.824400,-262.000000,1.215266,1.990961
30.230774,-81.824400,-262.000000,1.303703,2.002582
30.750774,-81.824400,-262.000000,1.326120,1.992019
31.270774,-81.824400,-262.000000,1.267471,1.987949
31.790774,-81.824400,-262.000000,1.280678,1.992352
32.310774,-81.824400,-262.000000,1.255247,2.001935
32.830774,-81.824400,-262.000000,1.291572,1.998614
33.350774,-81.824400,-262.000000,1.262450,1.999693
33.870774,-81.824400,-262.000000,1.280247,1.988486
34.390774,-81.824400,-262.000000,1.377173,1.996981
34.910774,-81.824400,-262.000000,1.266610,2.003416
35.430774,-81.824400,-262.000000,1.254719,1.997574
35.950774,-81.824400,-262.000000,1.309511,1.993587
36.470774,-81.824400,-262.000000,1.279219,2.021150
36.990774,-81.824400,-262.000000,1.242159,1.997457
37.510774,-81.824400,-262.000000,1.231384,2.024014
38.030774,-81.824400,-262.000000,1.338314,2.001832
38.550774,-81.824400,-262.000000,1.262648,2.017094
39.070774,-81.824400,-262.000000,1.260702,1.999032
39.590774,-81.824400,-262.000000,1.365338,2.031691
40.110774,-81.824400,-262.000000,1.256608,2.006684
40.630774,-81.824400,-262.000000,1.288519,2.027689
41.150774,-81.824400,-262.000000,1.312289,2.008235
41.670774,-81.824400,-262.000000,1.329165,2.001859
42.190774,-81.824400,-262.000000,1.300539,1.998561
42.710774,-81.824400,-262.000000,1.240951,2.001958
43.230774,-81.824400,-262.000000,1.241377,2.009946
43.750774,-81.824400,-262.000000,1.255504,1.983910
44.270774,-81.824400,-262.000000,1.311549,2.010852
44.790774,-81.824400,-262.000000,1.219380,2.003031
45.310774,-81.824400,-262.000000,1.217763,2.015575
45.830774,-81.824400,-262.000000,1.222080,2.000026
46.350774,-81.824400,-262.000000,1.232586,2.002473
46.870774,-81.824400,-262.000000,1.234797,1.993756
47.390774,-81.824400,-262.000000,1.303426,2.001493
47.910774,-81.824400,-262.000000,1.262304,1.989662
48.430774,-81.824400,-262.000000,1.263212,1.983856
48.950774,-81.824400,-262.000000,1.280996,1.985110
49.470774,-81.824400,-262.000000,1.272892,1.996916
49.990774,-81.824400,-262.000000,1.293915,1.999986
50.510774,-81.824400,-262.000000,1.294688,2.004152
51.030774,-81.824400,-262.000000,1.292859,2.001767
51.550774,-81.824400,-262.000000,1.270417,2.002090
52.070774,-81.824400,-262.000000,1.247796,2.008785
52.590774,-81.824400,-262.000000,1.300958,1.994220
53.110774,-81.824400,-262.000000,1.266217,2.003484
53.630774,-81.824400,-262.000000,1.273352,2.007485
54.150774,-81.824400,-262.000000,1.304616,2.013344
54.670774,-81.824400,-262.000000,1.235304,2.006158
55.190774,-81.824400,-262.000000,1.264121,1.998170
55.710774,-81.824400,-262.000000,1.244213,2.018621
56.230774,-81.824400,-262.000000,1.261853,1.998020
56.750774,-81.824400,-262.000000,1.287328,2.001861
57.270774,-81.824400,-262.000000,1.267838,2.009619
57.790774,-81.824400,-262.000000,1.285232,1.984984
58.310774,-81.824400,-262.000000,1.238973,1.996068
58.830774,-81.824400,-262.000000,1.251178,1.995107
59.350774,-81.824400,-262.000000,1.301918,2.007152
59.870774,-81.824400,-262.000000,1.304852,2.000275
60.390774,-81.824400,-262.000000,1.263887,1.979119
60.910774,-81.824400,-262.000000,1.270288,2.002393
61.430774,-81.824400,-262.000000,1.246222,1.992217
61.950774,-81.824400,-262.000000,1.274096,2.000429
62.470774,-81.824400,-262.000000,1.248195,2.034307
62.990774,-81.824400,-262.000000,1.235265,1.996554
63.510774,-81.824400,-262.000000,1.319173,2.006912
64.030774,-81.824400,-262.000000,1.252889,1.988691
64.550774,-81.824400,-262.000000,1.252281,2.004756
65.070774,-81.824400,-262.000000,1.223921,2.001270
65.590774,-81.824400,-262.000000,1.265331,2.019028
66.110774,-81.824400,-262.000000,1.250430,1.986204
66.630774,-81.824400,-262.000000,1.290098,2.016975
67.150774,-81.824400,-262.000000,1.285793,1.995263
67.670774,-81.824400,-262.000000,1.281862,2.021553
68.190774,-81.824400,-262.000000,1.237964,2.003867
68.710774,-81.824400,-262.000000,1.249049,1.996475
69.230774,-81.824400,-262.000000,1.327784,2.007466
69.750774,-81.824400,-262.000000,1.270773,2.002869
70.270774,-81.824400,-262.000000,1.330742,2.007866
70.790774,-81.824400,-262.000000,1.305885,2.017783
71.310774,-81.824400,-262.000000,1.264593,1.991826
71.830774,-81.824400,-262.000000,1.245492,1.983593
72.350774,-81.824400,-262.000000,1.256978,1.996277
72.870774,-81.824400,-262.000000,1.362660,1.998528
73.390774,-81.824400,-262.000000,1.286004,2.007217
73.910774,-81.824400,-262.000000,1.271472,2.011811
74.430774,-81.824400,-262.000000,1.289140,2.013976
74.950774,-81.824400,-262.000000,1.258449,1.994483
75.470774,-81.824400,-262.000000,1.257135,1.999452
75.990774,-81.824400,-262.000000,1.307413,2.029265
75.990774,-81.304400,-262.000000,1.253284,2.007966
13.070774,-82.344400,-261.000000,1.246181,1.979150
13.590774,-82.344400,-261.000000,1.253942,1.991726
14.110774,-82.344400,-261.000000,1.245750,1.973467
14.630774,-82.344400,-261.000000,1.240297,1.996733
15.150774,-82.344400,-261.000000,1.246069,1.972624
15.670774,-82.344400,-261.000000,1.241256,1.995337
16.190774,-82.344400,-261.000000,1.248625,2.018192
16.710774,-82.344400,-261.000000,1.263246,2.009747
17.230774,-82.344400,-261.000000,1.250538,1.989686
17.750774,-82.344400,-261.000000,1.265397,2.023529
18.270774,-82.344400,-261.000000,1.263469,2.019229
18.790774,-82.344400,-261.000000,1.316150,2.003549
19.310774,-82.344400,-261.000000,1.250968,1.990240
19.830774,-82.344400,-261.000000,1.263233,1.991078
20.350774,-82.344400,-261.000000,1.246667,1.984068
20.870774,-82.344400,-261.000000,1.261284,2.011644
21.390774,-82.344400,-261.000000,1.253692,1.991092
21.910774,-82.344400,-261.000000,1.240961,1.991141
22.430774,-82.344400,-261.000000,1.228016,1.996889
22.950774,-82.344400,-261.000000,1.282001,1.994948
23.470774,-82.344400,-261.000000,1.260044,2.003814
23.990774,-82.344400,-261.000000,1.331801,1.996709
24.510774,-82.344400,-261.000000,1.245533,1.986079
25.030774,-82.344400,-261.000000,1.280244,2.009543
25.550774,-82.344400,-261.000000,1.249111,2.008373
26.070774,-82.344400,-261.000000,1.248695,2.003712
26.590774,-82.344400,-261.000000,1.244533,2.010230
27.110774,-82.344400,-261.000000,1.211638,1.981686
27.630774,-82.344400,-261.000000,1.270682,2.002828
28.150774,-82.344400,-261.000000,1.302010,2.004056
28.670774,-82.344400,-261.000000,1.323449,2.002188
29.190774,-82.344400,-261.000000,1.284471,1.997951
29.710774,-82.344400,-261.000000,1.249148,2.003896
30.230774,-82.344400,-261.000000,1.310282,1.999748
30.750774,-82.344400,-261.000000,1.260212,1.995904
31.270774,-82.344400,-261.000000,1.281756,1.987460
31.790774,-82.344400,-261.000000,1.267012,2.001835
32.310774,-82.344400,-261.000000,1.238277,1.999429
32.830774,-82.344400,-261.000000,1.223666,1.984032
33.350774,-82.344400,-261.000000,1.275103,1.992690
33.870774,-82.344400,-261.000000,1.278069,1.989934
34.390774,-82.344400,-261.000000,1.289022,2.015158
34.910774,-82.344400,-261.000000,1.238655,1.990760
35.430774,-82.344400,-261.000000,1.248046,1.996213
35.950774,-82.344400,-261.000000,1.285598,2.001424
36.470774,-82.344400,-261.000000,1.257897,1.993961
36.990774,-82.344400,-261.000000,1.238122,1.996283
37.510774,-82.344400,-261.000000,1.229845,1.981791
38.030774,-82.344400,-261.000000,1.279349,1.978907
38.550774,-82.344400,-261.000000,1.262491,1.998639
39.070774,-82.344400,-261.000000,1.262280,2.019285
39.590774,-82.344400,-261.000000,1.309361,1.992251
40.110774,-82.344400,-261.000000,1.246659,2.001670
40.630774,-82.344400,-261.000000,1.266309,2.008106
41.150774,-82.344400,-261.000000,1.323329,2.003104
41.670774,-82.344400,-261.000000,1.375008,2.013682
42.190774,-82.344400,-261.000000,1.252288,2.005128
42.710774,-82.344400,-261.000000,1.258392,1.993974
43.230774,-82.344400,-261.000000,1.242513,1.985311
43.750774,-82.344400,-261.000000,1.262291,1.991983
44.270774,-82.344400,-261.000000,1.221066,1.995200
44.790774,-82.344400,-261.000000,1.242508,1.987829
45.310774,-82.344400,-261.000000,1.279482,2.008465
45.830774,-82.344400,-261.000000,1.266572,1.992828
46.350774,-82.344400,-261.000000,1.214437,1.983482
46.870774,-82.344400,-261.000000,1.245495,2.008536
47.390774,-82.344400,-261.000000,1.210104,2.001759
47.910774,-82.344400,-261.000000,1.235320,1.991287
48.430774,-82.344400,-261.000000,1.272802,2.002180
48.950774,-82.344400,-261.000000,1.236177,2.004966
49.470774,-82.344400,-261.000000,1.315467,2.013274
49.990774,-82.344400,-261.000000,1.240289,2.011281
50.510774,-82.344400,-261.000000,1.264679,1.994287
51.030774,-82.344400,-261.000000,1.272281,2.023549
51.550774,-82.344400,-261.000000,1.267935,2.008909
52.070774,-82.344400,-261.000000,1.305942,2.007002
52.590774,-82.344400,-261.000000,1.244644,2.000344
53.110774,-82.344400,-261.000000,1.244740,2.001636
53.630774,-82.344400,-261.000000,1.229720,1.996484
54.150774,-82.344400,-261.000000,1.223089,2.005663
54.670774,-82.344400,-261.000000,1.270817,2.003978
55.190774,-82.344400,-261.000000,1.247416,1.997437
55.710774,-82.344400,-261.000000,1.269747,2.015387
56.230774,-82.344400,-261.000000,1.261169,2.010062
56.750774,-82.344400,-261.000000,1.283141,2.010451
57.270774,-82.344400,-261.000000,1.315460,2.000712
57.790774,-82.344400,-261.000000,1.327587,1.992119
58.310774,-82.344400,-261.000000,1.259720,1.996579
58.830774,-82.344400,-261.000000,1.295760,2.011568
59.350774,-82.344400,-261.000000,1.196147,1.989881
59.870774,-82.344400,-261.000000,1.224095,1.981477
60.390774,-82.344400,-261.000000,1.209097,2.018538
60.910774,-82.344400,-261.000000,1.271181,2.013741
61.430774,-82.344400,-261.000000,1.240895,2.025126
61.950774,-82.344400,-261.000000,1.276963,2.007361
62.470774,-82.344400,-261.000000,1.301581,1.989120
62.990774,-82.344400,-261.000000,1.258057,2.027167
63.510774,-82.344400,-261.000000,1.278818,1.993406
64.030774,-82.344400,-261.000000,1.224338,2.014150
64.550774,-82.344400,-261.000000,1.346279,1.993395
65.070774,-82.344400,-261.000000,1.260078,2.018613
65.590774,-82.344400,-261.000000,1.275774,2.014775
66.110774,-82.344400,-261.000000,1.224619,2.001992
66.630774,-82.344400,-261.000000,1.233864,2.017813
67.150774,-82.344400,-261.000000,1.243274,1.990824
67.670774,-82.344400,-261.000000,1.296919,2.009077
68.190774,-82.344400,-261.000000,1.278735,1.996681
68.710774,-82.344400,-261.000000,1.203619,2.013318
69.230774,-82.344400,-261.000000,1.311504,2.033884
69.750774,-82.344400,-261.000000,1.274634,2.000751
70.270774,-82.344400,-261.000000,1.331230,2.000955
70.790774,-82.344400,-261.000000,1.277200,2.022885
71.310774,-82.344400,-261.000000,1.295923,1.995336
71.830774,-82.344400,-261.000000,1.263481,2.020364
72.350774,-82.344400,-261.000000,1.248306,2.014095
72.870774,-82.344400,-261.000000,1.236702,2.014715
73.390774,-82.344400,-261.000000,1.266446,1.992261
73.910774,-82.344400,-261.000000,1.240974,1.998676
74.430774,-82.344400,-261.000000,1.252294,1.989347
74.950774,-82.344400,-261.000000,1.263304,2.004515
75.470774,-82.344400,-261.000000,1.266220,2.011475
75.990774,-82.344400,-261.000000,1.250675,1.997149
13.070774,-81.824400,-261.000000,1.253794,1.977264
13.590774,-81.824400,-261.000000,1.227208,2.001981
14.110774,-81.824400,-261.000000,1.274546,1.981815
14.630774,-81.824400,-261.000000,1.267823,1.999152
15.150774,-81.824400,-261.000000,1.308332,1.977175
15.670774,-81.824400,-261.000000,1.312418,1.984781
16.190774,-81.824400,-261.000000,1.251882,2.000555
16.710774,-81.824400,-261.000000,1.308016,1.999584
17.230774,-81.824400,-261.000000,1.250606,2.000536
17.750774,-81.824400,-261.000000,1.220033,1.997837
18.270774,-81.824400,-261.000000,1.279216,2.021732
18.790774,-81.824400,-261.000000,1.274797,2.000581
19.310774,-81.824400,-261.000000,1.265784,1.994393
19.830774,-81.824400,-261.000000,1.301337,1.993274
20.350774,-81.824400,-261.000000,1.244128,1.995980
20.870774,-81.824400,-261.000000,1.263939,2.004898
21.390774,-81.824400,-261.000000,1.278706,1.996355
21.910774,-81.824400,-261.000000,1.262557,2.004245
22.430774,-81.824400,-261.000000,1.283225,2.002772
22.950774,-81.824400,-261.000000,1.291848,2.003900
23.470774,-81.824400,-261.000000,1.269258,2.008849
23.990774,-81.824400,-261.000000,1.267351,1.997649
24.510774,-81.824400,-261.000000,1.279824,2.024210
25.030774,-81.824400,-261.000000,1.272494,2.003071
25.550774,-81.824400,-261.000000,1.277374,2.020438
26.070774,-81.824400,-261.000000,1.255549,2.007102
26.590774,-81.824400,-261.000000,1.226844,2.001378
27.110774,-81.824400,-261.000000,1.251691,1.990008
27.630774,-81.824400,-261.000000,1.251473,2.014791
28.150774,-81.824400,-261.000000,1.251454,2.001022
28.670774,-81.824400,-261.000000,1.283860,2.000763
29.190774,-81.824400,-261.000000,1.281212,2.009825
29.710774,-81.824400,-261.000000,1.331411,2.018605
30.230774,-81.824400,-261.000000,1.280938,1.998038
30.750774,-81.824400,-261.000000,1.259809,1.996177
31.270774,-81.824400,-261.000000,1.312378,1.990130
31.790774,-81.824400,-261.000000,1.254413,1.999336
32.310774,-81.824400,-261.000000,1.242579,1.999231
32.830774,-81.824400,-261.000000,1.205909,1.989806
33.350774,-81.824400,-261.000000,1.255058,1.992452
33.870774,-81.824400,-261.000000,1.297541,1.987980
34.390774,-81.824400,-261.000000,1.303176,2.022367
34.910774,-81.824400,-261.000000,1.223864,1.991326
35.430774,-81.824400,-261.000000,1.234693,1.998781
35.950774,-81.824400,-261.000000,1.273866,1.998051
36.470774,-81.824400,-261.000000,1.298032,2.010657
36.990774,-81.824400,-261.000000,1.252450,1.996973
37.510774,-81.824400,-261.000000,1.325485,1.995671
38.030774,-81.824400,-261.000000,1.278067,1.982115
38.550774,-81.824400,-261.000000,1.328351,2.009835
39.070774,-81.824400,-261.000000,1.298099,2.033842
39.590774,-81.824400,-261.000000,1.306008,2.000328
40.110774,-81.824400,-261.000000,1.317788,2.000884
40.630774,-81.824400,-261.000000,1.329794,2.011779
41.150774,-81.824400,-261.000000,1.222291,2.008606
41.670774,-81.824400,-261.000000,1.280073,2.017892
42.190774,-81.824400,-261.000000,1.279065,2.002970
42.710774,-81.824400,-261.000000,1.250903,2.001034
43.230774,-81.824400,-261.000000,1.250477,1.998514
43.750774,-81.824400,-261.000000,1.292994,1.988930
44.270774,-81.824400,-261.000000,1.227208,1.997015
44.790774,-81.824400,-261.000000,1.304487,1.993653
45.310774,-81.824400,-261.000000,1.260990,2.002488
45.830774,-81.824400,-261.000000,1.257479,2.001396
46.350774,-81.824400,-261.000000,1.250646,1.991256
46.870774,-81.824400,-261.000000,1.241599,2.011162
47.390774,-81.824400,-261.000000,1.208298,1.997715
47.910774,-81.824400,-261.000000,1.278533,1.993915
48.430774,-81.824400,-261.000000,1.251581,2.000520
48.950774,-81.824400,-261.000000,1.322856,2.010495
49.470774,-81.824400,-261.000000,1.240390,2.013786
49.990774,-81.824400,-261.000000,1.320697,2.020642
50.510774,-81.824400,-261.000000,1.258215,1.998268
51.030774,-81.824400,-261.000000,1.291092,2.002748
51.550774,-81.824400,-261.000000,1.249315,2.007698
52.070774,-81.824400,-261.000000,1.257618,2.004268
52.590774,-81.824400,-261.000000,1.220404,2.005737
53.110774,-81.824400,-261.000000,1.227828,1.985164
53.630774,-81.824400,-261.000000,1.271895,2.001211
54.150774,-81.824400,-261.000000,1.293034,2.015318
54.670774,-81.824400,-261.000000,1.237360,2.002887
55.190774,-81.824400,-261.000000,1.287662,2.005052
55.710774,-81.824400,-261.000000,1.322992,2.007131
56.230774,-81.824400,-261.000000,1.390205,2.020208
56.750774,-81.824400,-261.000000,1.345192,2.013676
57.270774,-81.824400,-261.000000,1.219535,1.992486
57.790774,-81.824400,-261.000000,1.309223,2.015262
58.310774,-81.824400,-261.000000,1.264972,1.994009
58.830774,-81.824400,-261.000000,1.258931,2.009905
59.350774,-81.824400,-261.000000,1.191292,1.993587
59.870774,-81.824400,-261.000000,1.223291,1.991197
60.390774,-81.824400,-261.000000,1.226180,2.014600
60.910774,-81.824400,-261.000000,1.251098,2.014783
61.430774,-81.824400,-261.000000,1.245027,2.020453
61.950774,-81.824400,-261.000000,1.299186,2.013530
62.470774,-81.824400,-261.000000,1.275315,1.992920
62.990774,-81.824400,-261.000000,1.283109,2.024650
63.510774,-81.824400,-261.000000,1.278476,1.983406
64.030774,-81.824400,-261.000000,1.262784,2.007665
64.550774,-81.824400,-261.000000,1.352334,2.008186
65.070774,-81.824400,-261.000000,1.280919,2.004755
65.590774,-81.824400,-261.000000,1.322471,2.013363
66.110774,-81.824400,-261.000000,1.293674,2.014080
66.630774,-81.824400,-261.000000,1.240788,2.018214
67.150774,-81.824400,-261.000000,1.241492,2.000020
67.670774,-81.824400,-261.000000,1.267045,2.015222
68.190774,-81.824400,-261.000000,1.296268,2.013495
68.710774,-81.824400,-261.000000,1.229756,2.030815
69.230774,-81.824400,-261.000000,1.237384,2.028146
69.750774,-81.824400,-261.000000,1.309853,2.015971
70.270774,-81.824400,-261.000000,1.340778,2.007800
70.790774,-81.824400,-261.000000,1.227818,2.002515
71.310774,-81.824400,-261.000000,1.277155,1.998562
71.830774,-81.824400,-261.000000,1.292084,2.018075
72.350774,-81.824400,-261.000000,1.265240,2.035798
72.870774,-81.824400,-261.000000,1.293716,2.021354
73.390774,-81.824400,-261.000000,1.239308,1.995456
73.910774,-81.824400,-261.000000,1.232275,1.991753
74.430774,-81.824400,-261.000000,1.254875,1.995073
74.950774,-81.824400,-261.000000,1.248598,2.009120
75.470774,-81.824400,-261.000000,1.246022,1.994069
75.990774,-81.824400,-261.000000,1.304449,2.007522
13.070774,-81.304400,-261.000000,1.257396,1.987193
13.070774,-82.344400,-260.000000,1.266018,1.994661
13.590774,-82.344400,-260.000000,1.244590,1.973496
14.110774,-82.344400,-260.000000,1.237012,1.971969
14.630774,-82.344400,-260.000000,1.254220,1.983383
15.150774,-82.344400,-260.000000,1.252541,1.989923
15.670774,-82.344400,-260.000000,1.246045,1.990642
16.190774,-82.344400,-260.000000,1.245962,1.986349
16.710774,-82.344400,-260.000000,1.286817,1.990871
17.230774,-82.344400,-260.000000,1.217460,1.988417
17.750774,-82.344400,-260.000000,1.284312,1.994130
18.270774,-82.344400,-260.000000,1.252407,1.990518
18.790774,-82.344400,-260.000000,1.275659,1.998937
19.310774,-82.344400,-260.000000,1.279866,2.001711
19.830774,-82.344400,-260.000000,1.302839,2.002224
20.350774,-82.344400,-260.000000,1.280493,1.997046
20.870774,-82.344400,-260.000000,1.250343,2.003994
21.390774,-82.344400,-260.000000,1.252399,2.020539
21.910774,-82.344400,-260.000000,1.237947,1.989089
22.430774,-82.344400,-260.000000,1.234254,1.996549
22.950774,-82.344400,-260.000000,1.228994,1.974887
23.470774,-82.344400,-260.000000,1.289160,2.011626
23.990774,-82.344400,-260.000000,1.258608,2.012170
24.510774,-82.344400,-260.000000,1.237736,2.013031
25.030774,-82.344400,-260.000000,1.262614,2.004289
25.550774,-82.344400,-260.000000,1.295858,2.012203
26.070774,-82.344400,-260.000000,1.268872,2.000316
26.590774,-82.344400,-260.000000,1.260999,2.026700
27.110774,-82.344400,-260.000000,1.255294,1.992882
27.630774,-82.344400,-260.000000,1.270403,2.005253
28.150774,-82.344400,-260.000000,1.251034,2.009058
28.670774,-82.344400,-260.000000,1.210695,1.992893
29.190774,-82.344400,-260.000000,1.257250,1.993405
29.710774,-82.344400,-260.000000,1.275183,1.999100
30.230774,-82.344400,-260.000000,1.312499,2.009152
30.750774,-82.344400,-260.000000,1.310896,2.003743
31.270774,-82.344400,-260.000000,1.240527,1.980575
31.790774,-82.344400,-260.000000,1.373278,2.033874
32.310774,-82.344400,-260.000000,1.249028,1.997257
32.830774,-82.344400,-260.000000,1.225924,1.995197
33.350774,-82.344400,-260.000000,1.265795,2.003324
33.870774,-82.344400,-260.000000,1.250321,2.004507
34.390774,-82.344400,-260.000000,1.211591,2.021024
34.910774,-82.344400,-260.000000,1.248104,2.019922
35.430774,-82.344400,-260.000000,1.320320,2.014219
35.950774,-82.344400,-260.000000,1.260739,2.014551
36.470774,-82.344400,-260.000000,1.321516,2.005613
36.990774,-82.344400,-260.000000,1.292169,2.016622
37.510774,-82.344400,-260.000000,1.298792,2.005487
38.030774,-82.344400,-260.000000,1.237655,1.982959
38.550774,-82.344400,-260.000000,1.340983,1.999503
39.070774,-82.344400,-260.000000,1.302986,2.000893
39.590774,-82.344400,-260.000000,1.310081,2.005050
40.110774,-82.344400,-260.000000,1.245065,2.008107
40.630774,-82.344400,-260.000000,1.222795,1.994343
41.150774,-82.344400,-260.000000,1.282549,2.007441
41.670774,-82.344400,-260.000000,1.268980,1.998099
42.190774,-82.344400,-260.000000,1.229043,2.024084
42.710774,-82.344400,-260.000000,1.284279,2.011928
43.230774,-82.344400,-260.000000,1.253533,1.993822
43.750774,-82.344400,-260.000000,1.288943,2.002082
44.270774,-82.344400,-260.000000,1.236253,1.985427
44.790774,-82.344400,-260.000000,1.221293,1.990301
45.310774,-82.344400,-260.000000,1.294720,1.998956
45.830774,-82.344400,-260.000000,1.280527,2.015072
46.350774,-82.344400,-260.000000,1.348567,2.006231
46.870774,-82.344400,-260.000000,1.273262,1.995368
47.390774,-82.344400,-260.000000,1.248526,1.999859
47.910774,-82.344400,-260.000000,1.237954,1.995940
48.430774,-82.344400,-260.000000,1.230125,1.993418
48.950774,-82.344400,-260.000000,1.264696,2.004054
49.470774,-82.344400,-260.000000,1.249859,1.998628
49.990774,-82.344400,-260.000000,1.270819,2.005901
50.510774,-82.344400,-260.000000,1.234017,1.992195
51.030774,-82.344400,-260.000000,1.300667,2.007396
51.550774,-82.344400,-260.000000,1.246027,1.981342
52.070774,-82.344400,-260.000000,1.210970,2.011953
52.590774,-82.344400,-260.000000,1.278274,2.011824
53.110774,-82.344400,-260.000000,1.262083,1.999091
53.630774,-82.344400,-260.000000,1.318411,2.001912
54.150774,-82.344400,-260.000000,1.318903,2.011114
54.670774,-82.344400,-260.000000,1.242817,2.008386
55.190774,-82.344400,-260.000000,1.224520,1.991728
55.710774,-82.344400,-260.000000,1.262457,1.992383
56.230774,-82.344400,-260.000000,1.264761,2.002546
56.750774,-82.344400,-260.000000,1.267131,2.008574
57.270774,-82.344400,-260.000000,1.277914,1.988729
57.790774,-82.344400,-260.000000,1.323776,2.005298
58.310774,-82.344400,-260.000000,1.255878,2.017271
58.830774,-82.344400,-260.000000,1.256008,2.017691
59.350774,-82.344400,-260.000000,1.245391,2.017047
59.870774,-82.344400,-260.000000,1.272883,1.997060
60.390774,-82.344400,-260.000000,1.280333,2.007092
60.910774,-82.344400,-260.000000,1.227720,2.000823
61.430774,-82.344400,-260.000000,1.300382,2.004652
61.950774,-82.344400,-260.000000,1.346626,1.994752
62.470774,-82.344400,-260.000000,1.280874,1.989740
62.990774,-82.344400,-260.000000,1.221407,2.001411
63.510774,-82.344400,-260.000000,1.255261,2.013123
64.030774,-82.344400,-260.000000,1.246354,1.997355
64.550774,-82.344400,-260.000000,1.232450,2.020416
65.070774,-82.344400,-260.000000,1.263347,1.998490
65.590774,-82.344400,-260.000000,1.291528,1.993640
66.110774,-82.344400,-260.000000,1.220742,1.995279
66.630774,-82.344400,-260.000000,1.261740,2.009405
67.150774,-82.344400,-260.000000,1.372564,2.024022
67.670774,-82.344400,-260.000000,1.319277,2.041922
68.190774,-82.344400,-260.000000,1.285848,2.013555
68.710774,-82.344400,-260.000000,1.284142,2.005706
69.230774,-82.344400,-260.000000,1.253775,2.000576
69.750774,-82.344400,-260.000000,1.282804,1.994406
70.270774,-82.344400,-260.000000,1.324542,2.028181
70.790774,-82.344400,-260.000000,1.247217,2.028394
71.310774,-82.344400,-260.000000,1.310727,2.024197
71.830774,-82.344400,-260.000000,1.312242,2.014030
72.350774,-82.344400,-260.000000,1.277462,1.997536
72.870774,-82.344400,-260.000000,1.298102,1.992944
73.390774,-82.344400,-260.000000,1.299850,2.013056
73.910774,-82.344400,-260.000000,1.287085,1.998430
74.430774,-82.344400,-260.000000,1.261007,1.980249
74.950774,-82.344400,-260.000000,1.305877,2.020223
75.470774,-82.344400,-260.000000,1.339120,2.004976
75.990774,-82.344400,-260.000000,1.224953,1.994361
13.070774,-81.824400,-260.000000,1.262823,1.994285
13.590774,-81.824400,-260.000000,1.227369,1.989009
14.110774,-81.824400,-260.000000,1.267745,1.969790
14.630774,-81.824400,-260.000000,1.274096,1.969329
15.150774,-81.824400,-260.000000,1.296125,1.995533
15.670774,-81.824400,-260.000000,1.296263,1.991106
16.190774,-81.824400,-260.000000,1.250621,1.990007
16.710774,-81.824400,-260.000000,1.254165,1.998677
17.230774,-81.824400,-260.000000,1.211911,1.998563
17.750774,-81.824400,-260.000000,1.300350,1.994582
18.270774,-81.824400,-260.000000,1.236184,1.989691
18.790774,-81.824400,-260.000000,1.291289,2.009367
19.310774,-81.824400,-260.000000,1.287240,2.007750
19.830774,-81.824400,-260.000000,1.265562,2.008152
20.350774,-81.824400,-260.000000,1.251514,1.996336
20.870774,-81.824400,-260.000000,1.226877,2.000765
21.390774,-81.824400,-260.000000,1.235928,2.012182
21.910774,-81.824400,-260.000000,1.213731,2.012640
22.430774,-81.824400,-260.000000,1.250012,2.001838
22.950774,-81.824400,-260.000000,1.250475,1.981327
23.470774,-81.824400,-260.000000,1.286596,2.004822
23.990774,-81.824400,-260.000000,1.233803,2.029982
24.510774,-81.824400,-260.000000,1.299176,2.011712
25.030774,-81.824400,-260.000000,1.263257,2.014971
25.550774,-81.824400,-260.000000,1.253520,2.013560
26.070774,-81.824400,-260.000000,1.256439,2.011281
26.590774,-81.824400,-260.000000,1.319072,2.011595
27.110774,-81.824400,-260.000000,1.263608,1.986781
27.630774,-81.824400,-260.000000,1.229631,2.001609
28.150774,-81.824400,-260.000000,1.200168,1.993508
28.670774,-81.824400,-260.000000,1.275316,1.987924
29.190774,-81.824400,-260.000000,1.340667,1.985751
29.710774,-81.824400,-260.000000,1.334624,2.015650
30.230774,-81.824400,-260.000000,1.335501,2.013360
30.750774,-81.824400,-260.000000,1.258833,1.999671
31.270774,-81.824400,-260.000000,1.243163,1.985269
31.790774,-81.824400,-260.000000,1.283119,2.023510
32.310774,-81.824400,-260.000000,1.227918,1.988699
32.830774,-81.824400,-260.000000,1.197004,2.000787
33.350774,-81.824400,-260.000000,1.252727,2.008441
33.870774,-81.824400,-260.000000,1.281084,2.010772
34.390774,-81.824400,-260.000000,1.249655,2.028188
34.910774,-81.824400,-260.000000,1.255954,2.011292
35.430774,-81.824400,-260.000000,1.283777,2.025248
35.950774,-81.824400,-260.000000,1.268582,2.013363
36.470774,-81.824400,-260.000000,1.353416,2.018921
36.990774,-81.824400,-260.000000,1.312000,2.008508
37.510774,-81.824400,-260.000000,1.267439,1.999365
38.030774,-81.824400,-260.000000,1.227907,1.991513
38.550774,-81.824400,-260.000000,1.279308,2.011955
39.070774,-81.824400,-260.000000,1.360075,1.999924
39.590774,-81.824400,-260.000000,1.274780,2.012329
40.110774,-81.824400,-260.000000,1.286342,2.007437
40.630774,-81.824400,-260.000000,1.228130,1.995534
41.150774,-81.824400,-260.000000,1.250874,2.013871
41.670774,-81.824400,-260.000000,1.282078,2.003464
42.190774,-81.824400,-260.000000,1.277064,2.016117
42.710774,-81.824400,-260.000000,1.262770,2.024605
43.230774,-81.824400,-260.000000,1.190885,2.001236
43.750774,-81.824400,-260.000000,1.229276,2.018271
44.270774,-81.824400,-260.000000,1.248596,1.995193
44.790774,-81.824400,-260.000000,1.245605,1.988172
45.310774,-81.824400,-260.000000,1.337107,1.998779
45.830774,-81.824400,-260.000000,1.266753,1.999730
46.350774,-81.824400,-260.000000,1.258213,1.997296
46.870774,-81.824400,-260.000000,1.269690,1.995566
47.390774,-81.824400,-260.000000,1.284115,2.004942
47.910774,-81.824400,-260.000000,1.274097,2.003229
48.430774,-81.824400,-260.000000,1.224352,2.002109
48.950774,-81.824400,-260.000000,1.223291,1.992452
49.470774,-81.824400,-260.000000,1.239185,1.999541
49.990774,-81.824400,-260.000000,1.266865,2.001949
50.510774,-81.824400,-260.000000,1.232760,1.990181
51.030774,-81.824400,-260.000000,1.264524,2.000851
51.550774,-81.824400,-260.000000,1.311854,1.984924
52.070774,-81.824400,-260.000000,1.259023,2.013221
52.590774,-81.824400,-260.000000,1.268845,2.002375
53.110774,-81.824400,-260.000000,1.267436,2.003939
53.630774,-81.824400,-260.000000,1.310577,2.003841
54.150774,-81.824400,-260.000000,1.271246,2.035301
54.670774,-81.824400,-260.000000,1.227877,2.011250
55.190774,-81.824400,-260.000000,1.223656,1.995437
55.710774,-81.824400,-260.000000,1.313405,1.996906
56.230774,-81.824400,-260.000000,1.290149,2.009982
56.750774,-81.824400,-260.000000,1.279496,2.015359
57.270774,-81.824400,-260.000000,1.258920,1.998170
57.790774,-81.824400,-260.000000,1.289183,2.015365
58.310774,-81.824400,-260.000000,1.290803,2.025677
58.830774,-81.824400,-260.000000,1.324101,2.024388
59.350774,-81.824400,-260.000000,1.275181,2.013864
59.870774,-81.824400,-260.000000,1.247262,2.007660
60.390774,-81.824400,-260.000000,1.271485,2.014035
60.910774,-81.824400,-260.000000,1.269031,2.005658
61.430774,-81.824400,-260.000000,1.252785,2.008406
61.950774,-81.824400,-260.000000,1.275041,1.983658
62.470774,-81.824400,-260.000000,1.323084,1.987857
62.990774,-81.824400,-260.000000,1.241144,2.009073
63.510774,-81.824400,-260.000000,1.232733,2.007362
64.030774,-81.824400,-260.000000,1.209661,1.997481
64.550774,-81.824400,-260.000000,1.242121,2.009776
65.070774,-81.824400,-260.000000,1.214409,1.995175
65.590774,-81.824400,-260.000000,1.257884,2.000506
66.110774,-81.824400,-260.000000,1.287024,1.998827
66.630774,-81.824400,-260.000000,1.297837,2.013090
67.150774,-81.824400,-260.000000,1.315494,2.022985
67.670774,-81.824400,-260.000000,1.340371,2.055740
68.190774,-81.824400,-260.000000,1.314780,2.026172
68.710774,-81.824400,-260.000000,1.315633,1.999909
69.230774,-81.824400,-260.000000,1.292064,2.003994
69.750774,-81.824400,-260.000000,1.237028,2.006343
70.270774,-81.824400,-260.000000,1.306242,2.009412
70.790774,-81.824400,-260.000000,1.285839,2.038239
71.310774,-81.824400,-260.000000,1.286245,2.022101
71.830774,-81.824400,-260.000000,1.235506,2.021063
72.350774,-81.824400,-260.000000,1.278029,1.992449
72.870774,-81.824400,-260.000000,1.275562,2.006330
73.390774,-81.824400,-260.000000,1.277095,2.016459
73.910774,-81.824400,-260.000000,1.328781,1.995903
74.430774,-81.824400,-260.000000,1.285461,1.990321
74.950774,-81.824400,-260.000000,1.324050,2.023360
75.470774,-81.824400,-260.000000,1.249739,2.015056
75.990774,-81.824400,-260.000000,1.260777,2.000546
13.070774,-81.304400,-260.000000,1.284600,1.994677
75.990774,-81.304400,-260.000000,1.277576,2.002505
13.070774,-82.344400,-259.000000,1.246949,1.970227
13.590774,-82.344400,-259.000000,1.248342,1.988958
14.110774,-82.344400,-259.000000,1.287207,1.982675
14.630774,-82.344400,-259.000000,1.325211,1.997686
15.150774,-82.344400,-259.000000,1.298105,1.986348
15.670774,-82.344400,-259.000000,1.238987,1.997716
16.190774,-82.344400,-259.000000,1.268235,1.998136
16.710774,-82.344400,-259.000000,1.244287,1.996010
17.230774,-82.344400,-259.000000,1.222419,2.000083
17.750774,-82.344400,-259.000000,1.317207,1.981970
18.270774,-82.344400,-259.000000,1.235764,2.007609
18.790774,-82.344400,-259.000000,1.275242,1.996604
19.310774,-82.344400,-259.000000,1.332137,2.009866
19.830774,-82.344400,-259.000000,1.241120,1.992880
20.350774,-82.344400,-259.000000,1.219025,1.995175
20.870774,-82.344400,-259.000000,1.267950,1.998384
21.390774,-82.344400,-259.000000,1.251417,1.999752
21.910774,-82.344400,-259.000000,1.257828,1.997626
22.430774,-82.344400,-259.000000,1.235360,1.986052
22.950774,-82.344400,-259.000000,1.236126,1.979596
23.470774,-82.344400,-259.000000,1.257071,1.997081
23.990774,-82.344400,-259.000000,1.256675,1.999133
24.510774,-82.344400,-259.000000,1.259541,1.989962
25.030774,-82.344400,-259.000000,1.222498,2.003182
25.550774,-82.344400,-259.000000,1.271882,1.988333
26.070774,-82.344400,-259.000000,1.222215,2.007372
26.590774,-82.344400,-259.000000,1.289471,1.983254
27.110774,-82.344400,-259.000000,1.282187,1.999915
27.630774,-82.344400,-259.000000,1.271343,2.024281
28.150774,-82.344400,-259.000000,1.296669,1.994845
28.670774,-82.344400,-259.000000,1.258412,2.003573
29.190774,-82.344400,-259.000000,1.296378,2.012822
29.710774,-82.344400,-259.000000,1.357502,2.011582
30.230774,-82.344400,-259.000000,1.320156,2.015720
30.750774,-82.344400,-259.000000,1.234618,2.002368
31.270774,-82.344400,-259.000000,1.267132,1.993828
31.790774,-82.344400,-259.000000,1.265182,2.017387
32.310774,-82.344400,-259.000000,1.266458,2.014878
32.830774,-82.344400,-259.000000,1.274664,2.007718
33.350774,-82.344400,-259.000000,1.258329,2.015291
33.870774,-82.344400,-259.000000,1.233375,2.002740
34.390774,-82.344400,-259.000000,1.239778,2.005997
34.910774,-82.344400,-259.000000,1.255922,2.007851
35.430774,-82.344400,-259.000000,1.251708,1.994799
35.950774,-82.344400,-259.000000,1.244226,2.012574
36.470774,-82.344400,-259.000000,1.267472,1.983568
36.990774,-82.344400,-259.000000,1.256405,1.997403
37.510774,-82.344400,-259.000000,1.268589,2.004489
38.030774,-82.344400,-259.000000,1.235526,2.034065
38.550774,-82.344400,-259.000000,1.367611,1.995277
39.070774,-82.344400,-259.000000,1.317970,2.006509
39.590774,-82.344400,-259.000000,1.265380,1.991021
40.110774,-82.344400,-259.000000,1.242761,2.019639
40.630774,-82.344400,-259.000000,1.279189,1.995488
41.150774,-82.344400,-259.000000,1.228885,1.979618
41.670774,-82.344400,-259.000000,1.228838,1.984735
42.190774,-82.344400,-259.000000,1.251136,1.989666
42.710774,-82.344400,-259.000000,1.237568,1.986302
43.230774,-82.344400,-259.000000,1.236725,2.010229
43.750774,-82.344400,-259.000000,1.224645,2.006106
44.270774,-82.344400,-259.000000,1.254331,2.009002
44.790774,-82.344400,-259.000000,1.278694,2.012096
45.310774,-82.344400,-259.000000,1.286022,2.013470
45.830774,-82.344400,-259.000000,1.271974,2.007015
46.350774,-82.344400,-259.000000,1.244710,2.001023
46.870774,-82.344400,-259.000000,1.313160,2.002724
47.390774,-82.344400,-259.000000,1.267409,1.992444
47.910774,-82.344400,-259.000000,1.219898,1.991406
48.430774,-82.344400,-259.000000,1.226922,2.006566
48.950774,-82.344400,-259.000000,1.248876,1.992532
49.470774,-82.344400,-259.000000,1.283720,2.012201
49.990774,-82.344400,-259.000000,1.298218,2.007917
50.510774,-82.344400,-259.000000,1.251627,2.008208
51.030774,-82.344400,-259.000000,1.281307,2.009389
51.550774,-82.344400,-259.000000,1.240981,2.004409
52.070774,-82.344400,-259.000000,1.221253,1.987522
52.590774,-82.344400,-259.000000,1.216818,2.000362
53.110774,-82.344400,-259.000000,1.240314,1.999648
53.630774,-82.344400,-259.000000,1.286852,2.002395
54.150774,-82.344400,-259.000000,1.256508,1.992464
54.670774,-82.344400,-259.000000,1.288854,1.986955
55.190774,-82.344400,-259.000000,1.283791,1.992758
55.710774,-82.344400,-259.000000,1.356120,2.044758
56.230774,-82.344400,-259.000000,1.274244,2.002601
56.750774,-82.344400,-259.000000,1.260034,2.016147
57.270774,-82.344400,-259.000000,1.241475,2.016646
57.790774,-82.344400,-259.000000,1.243514,1.992936
58.310774,-82.344400,-259.000000,1.289498,1.995058
58.830774,-82.344400,-259.000000,1.279878,2.031683
59.350774,-82.344400,-259.000000,1.277377,2.006795
59.870774,-82.344400,-259.000000,1.293337,2.008954
60.390774,-82.344400,-259.000000,1.300547,2.013324
60.910774,-82.344400,-259.000000,1.258579,2.005190
61.430774,-82.344400,-259.000000,1.281036,1.996776
61.950774,-82.344400,-259.000000,1.243010,2.000353
62.470774,-82.344400,-259.000000,1.264424,2.021214
62.990774,-82.344400,-259.000000,1.228062,2.011440
63.510774,-82.344400,-259.000000,1.242853,2.033982
64.030774,-82.344400,-259.000000,1.250055,2.009640
64.550774,-82.344400,-259.000000,1.262809,2.012325
65.070774,-82.344400,-259.000000,1.255954,2.014727
65.590774,-82.344400,-259.000000,1.243268,2.020214
66.110774,-82.344400,-259.000000,1.286348,1.994599
66.630774,-82.344400,-259.000000,1.231557,2.019425
67.150774,-82.344400,-259.000000,1.259069,1.989144
67.670774,-82.344400,-259.000000,1.230176,1.998912
68.190774,-82.344400,-259.000000,1.268464,1.990981
68.710774,-82.344400,-259.000000,1.270100,2.009978
69.230774,-82.344400,-259.000000,1.208063,1.997659
69.750774,-82.344400,-259.000000,1.227383,2.011214
70.270774,-82.344400,-259.000000,1.251632,2.016871
70.790774,-82.344400,-259.000000,1.247088,2.003762
71.310774,-82.344400,-259.000000,1.317130,2.014691
71.830774,-82.344400,-259.000000,1.340520,1.995996
72.350774,-82.344400,-259.000000,1.286553,2.017589
72.870774,-82.344400,-259.000000,1.233129,2.016425
73.390774,-82.344400,-259.000000,1.317712,1.974973
73.910774,-82.344400,-259.000000,1.255557,2.007650
74.430774,-82.344400,-259.000000,1.240425,2.011990
74.950774,-82.344400,-259.000000,1.285626,1.993724
75.470774,-82.344400,-259.000000,1.268977,2.011893
75.990774,-82.344400,-259.000000,1.344556,1.994249
13.070774,-81.824400,-259.000000,1.229792,1.964467
13.590774,-81.824400,-259.000000,1.280244,1.980187
14.110774,-81.824400,-259.000000,1.253899,1.974112
14.630774,-81.824400,-259.000000,1.287892,1.989794
15.150774,-81.824400,-259.000000,1.272787,1.990807
15.670774,-81.824400,-259.000000,1.236579,1.985206
16.190774,-81.824400,-259.000000,1.281112,1.999741
16.710774,-81.824400,-259.000000,1.249303,2.001417
17.230774,-81.824400,-259.000000,1.253264,2.010249
17.750774,-81.824400,-259.000000,1.263616,1.980022
18.270774,-81.824400,-259.000000,1.280251,2.008066
18.790774,-81.824400,-259.000000,1.275097,1.996758
19.310774,-81.824400,-259.000000,1.238660,2.000346
19.830774,-81.824400,-259.000000,1.240013,2.014858
20.350774,-81.824400,-259.000000,1.237182,1.996929
20.870774,-81.824400,-259.000000,1.249692,1.999517
21.390774,-81.824400,-259.000000,1.189007,2.002961
21.910774,-81.824400,-259.000000,1.321270,1.997949
22.430774,-81.824400,-259.000000,1.217413,1.989798
22.950774,-81.824400,-259.000000,1.214712,1.984959
23.470774,-81.824400,-259.000000,1.238089,2.021276
23.990774,-81.824400,-259.000000,1.233845,2.007879
24.510774,-81.824400,-259.000000,1.252982,1.994528
25.030774,-81.824400,-259.000000,1.289468,2.012738
25.550774,-81.824400,-259.000000,1.280315,1.995091
26.070774,-81.824400,-259.000000,1.286989,2.008894
26.590774,-81.824400,-259.000000,1.232763,1.988195
27.110774,-81.824400,-259.000000,1.269337,1.994238
27.630774,-81.824400,-259.000000,1.237280,2.021562
28.150774,-81.824400,-259.000000,1.253791,1.994311
28.670774,-81.824400,-259.000000,1.266880,2.003280
29.190774,-81.824400,-259.000000,1.304285,2.012592
29.710774,-81.824400,-259.000000,1.367859,2.018659
30.230774,-81.824400,-259.000000,1.287650,2.019369
30.750774,-81.824400,-259.000000,1.281892,2.004607
31.270774,-81.824400,-259.000000,1.296223,2.001069
31.790774,-81.824400,-259.000000,1.304137,2.012506
32.310774,-81.824400,-259.000000,1.282703,2.031660
32.830774,-81.824400,-259.000000,1.263064,2.007630
33.350774,-81.824400,-259.000000,1.262043,2.021984
33.870774,-81.824400,-259.000000,1.202333,1.995379
34.390774,-81.824400,-259.000000,1.225933,2.004869
34.910774,-81.824400,-259.000000,1.263406,2.015698
35.430774,-81.824400,-259.000000,1.202952,2.004893
35.950774,-81.824400,-259.000000,1.232493,2.011538
36.470774,-81.824400,-259.000000,1.294438,1.989929
36.990774,-81.824400,-259.000000,1.335303,1.996518
37.510774,-81.824400,-259.000000,1.286617,2.007592
38.030774,-81.824400,-259.000000,1.235127,2.022112
38.550774,-81.824400,-259.000000,1.299830,1.989223
39.070774,-81.824400,-259.000000,1.293616,2.002572
39.590774,-81.824400,-259.000000,1.262786,1.990387
40.110774,-81.824400,-259.000000,1.267753,2.018059
40.630774,-81.824400,-259.000000,1.239239,1.992923
41.150774,-81.824400,-259.000000,1.239742,1.982893
41.670774,-81.824400,-259.000000,1.249213,1.998839
42.190774,-81.824400,-259.000000,1.234605,1.993901
42.710774,-81.824400,-259.000000,1.240191,1.999002
43.230774,-81.824400,-259.000000,1.220277,2.002139
43.750774,-81.824400,-259.000000,1.248263,2.004339
44.270774,-81.824400,-259.000000,1.282798,2.011545
44.790774,-81.824400,-259.000000,1.273338,2.011650
45.310774,-81.824400,-259.000000,1.280548,2.026926
45.830774,-81.824400,-259.000000,1.284887,2.021141
46.350774,-81.824400,-259.000000,1.275359,2.000232
46.870774,-81.824400,-259.000000,1.302615,2.006017
47.390774,-81.824400,-259.000000,1.270860,1.998102
47.910774,-81.824400,-259.000000,1.290847,2.001849
48.430774,-81.824400,-259.000000,1.258432,2.004139
48.950774,-81.824400,-259.000000,1.202614,1.990791
49.470774,-81.824400,-259.000000,1.301484,2.007572
49.990774,-81.824400,-259.000000,1.254491,2.003540
50.510774,-81.824400,-259.000000,1.277282,2.001559
51.030774,-81.824400,-259.000000,1.248571,2.016977
51.550774,-81.824400,-259.000000,1.224573,2.018542
52.070774,-81.824400,-259.000000,1.200793,1.990547
52.590774,-81.824400,-259.000000,1.241145,2.007726
53.110774,-81.824400,-259.000000,1.304114,2.006179
53.630774,-81.824400,-259.000000,1.307610,2.008975
54.150774,-81.824400,-259.000000,1.269060,2.000223
54.670774,-81.824400,-259.000000,1.210378,2.007464
55.190774,-81.824400,-259.000000,1.278487,1.999544
55.710774,-81.824400,-259.000000,1.323691,2.046156
56.230774,-81.824400,-259.000000,1.258447,1.991727
56.750774,-81.824400,-259.000000,1.237273,2.010546
57.270774,-81.824400,-259.000000,1.293912,2.018087
57.790774,-81.824400,-259.000000,1.258845,1.993390
58.310774,-81.824400,-259.000000,1.320186,1.994967
58.830774,-81.824400,-259.000000,1.295887,2.042566
59.350774,-81.824400,-259.000000,1.200174,2.006900
59.870774,-81.824400,-259.000000,1.240341,2.011938
60.390774,-81.824400,-259.000000,1.265577,2.007507
60.910774,-81.824400,-259.000000,1.288957,2.005862
61.430774,-81.824400,-259.000000,1.271115,1.998786
61.950774,-81.824400,-259.000000,1.233367,2.005517
62.470774,-81.824400,-259.000000,1.257164,1.999321
62.990774,-81.824400,-259.000000,1.237134,2.031292
63.510774,-81.824400,-259.000000,1.244267,2.035716
64.030774,-81.824400,-259.000000,1.260101,2.006762
64.550774,-81.824400,-259.000000,1.228068,2.013336
65.070774,-81.824400,-259.000000,1.268003,2.011328
65.590774,-81.824400,-259.000000,1.358793,2.018433
66.110774,-81.824400,-259.000000,1.268859,1.998992
66.630774,-81.824400,-259.000000,1.253279,2.021262
67.150774,-81.824400,-259.000000,1.229200,1.992344
67.670774,-81.824400,-259.000000,1.256163,2.015644
68.190774,-81.824400,-259.000000,1.273400,2.002656
68.710774,-81.824400,-259.000000,1.293798,2.017761
69.230774,-81.824400,-259.000000,1.239977,2.002478
69.750774,-81.824400,-259.000000,1.241541,2.011030
70.270774,-81.824400,-259.000000,1.245491,2.017518
70.790774,-81.824400,-259.000000,1.260184,2.005259
71.310774,-81.824400,-259.000000,1.284870,2.004684
71.830774,-81.824400,-259.000000,1.241016,1.997666
72.350774,-81.824400,-259.000000,1.308197,2.017248
72.870774,-81.824400,-259.000000,1.278119,2.023928
73.390774,-81.824400,-259.000000,1.241933,1.983825
73.910774,-81.824400,-259.000000,1.303830,2.028417
74.430774,-81.824400,-259.000000,1.290382,2.012274
74.950774,-81.824400,-259.000000,1.233049,1.998199
75.470774,-81.824400,-259.000000,1.274923,2.019245
75.990774,-81.824400,-259.000000,1.354768,1.999514
13.070774,-81.304400,-259.000000,1.267845,1.959901
75.990774,-81.304400,-259.000000,1.297259,2.002377
13.070774,-82.344400,-258.000000,1.246834,1.971974
13.590774,-82.344400,-258.000000,1.292267,1.964556
14.110774,-82.344400,-258.000000,1.292084,1.989079
14.630774,-82.344400,-258.000000,1.259250,1.981019
15.150774,-82.344400,-258.000000,1.230104,2.018259
15.670774,-82.344400,-258.000000,1.291875,1.992125
16.190774,-82.344400,-258.000000,1.212522,1.971016
16.710774,-82.344400,-258.000000,1.272684,1.999943
17.230774,-82.344400,-258.000000,1.325342,1.997196
17.750774,-82.344400,-258.000000,1.234566,2.001725
18.270774,-82.344400,-258.000000,1.237079,2.001925
18.790774,-82.344400,-258.000000,1.224618,1.983249
19.310774,-82.344400,-258.000000,1.245018,1.996341
19.830774,-82.344400,-258.000000,1.256479,1.994022
20.350774,-82.344400,-258.000000,1.260552,1.983440
20.870774,-82.344400,-258.000000,1.279813,2.015931
21.390774,-82.344400,-258.000000,1.245956,2.001031
21.910774,-82.344400,-258.000000,1.264369,1.993154
22.430774,-82.344400,-258.000000,1.218966,2.007765
22.950774,-82.344400,-258.000000,1.232975,2.019536
23.470774,-82.344400,-258.000000,1.249491,2.000078
23.990774,-82.344400,-258.000000,1.253955,1.991843
24.510774,-82.344400,-258.000000,1.254293,2.004325
25.030774,-82.344400,-258.000000,1.289163,1.997848
25.550774,-82.344400,-258.000000,1.267412,2.006014
26.070774,-82.344400,-258.000000,1.305507,2.010774
26.590774,-82.344400,-258.000000,1.218480,1.989608
27.110774,-82.344400,-258.000000,1.229582,1.989606
27.630774,-82.344400,-258.000000,1.245682,1.982905
28.150774,-82.344400,-258.000000,1.253362,1.993206
28.670774,-82.344400,-258.000000,1.236739,2.000813
29.190774,-82.344400,-258.000000,1.289729,2.005047
29.710774,-82.344400,-258.000000,1.309815,2.034008
30.230774,-82.344400,-258.000000,1.308907,1.997804
30.750774,-82.344400,-258.000000,1.300500,1.998711
31.270774,-82.344400,-258.000000,1.309344,2.005624
31.790774,-82.344400,-258.000000,1.276824,1.999991
32.310774,-82.344400,-258.000000,1.257293,1.997362
32.830774,-82.344400,-258.000000,1.235631,2.009495
33.350774,-82.344400,-258.000000,1.226768,1.990593
33.870774,-82.344400,-258.000000,1.246939,1.999843
34.390774,-82.344400,-258.000000,1.219113,1.995567
34.910774,-82.344400,-258.000000,1.293892,2.014014
35.430774,-82.344400,-258.000000,1.216455,2.017846
35.950774,-82.344400,-258.000000,1.238737,1.979780
36.470774,-82.344400,-258.000000,1.248917,1.976781
36.990774,-82.344400,-258.000000,1.232246,1.997416
37.510774,-82.344400,-258.000000,1.233932,2.046031
38.030774,-82.344400,-258.000000,1.264328,2.007898
38.550774,-82.344400,-258.000000,1.332171,1.999878
39.070774,-82.344400,-258.000000,1.239592,2.003060
39.590774,-82.344400,-258.000000,1.265786,2.002896
40.110774,-82.344400,-258.000000,1.280123,2.006078
40.630774,-82.344400,-258.000000,1.314586,1.995900
41.150774,-82.344400,-258.000000,1.287563,2.016419
41.670774,-82.344400,-258.000000,1.250774,1.998720
42.190774,-82.344400,-258.000000,1.240045,2.009871
42.710774,-82.344400,-258.000000,1.251497,2.010006
43.230774,-82.344400,-258.000000,1.285313,2.010509
43.750774,-82.344400,-258.000000,1.252759,2.004381
44.270774,-82.344400,-258.000000,1.240986,2.000391
44.790774,-82.344400,-258.000000,1.264567,1.999639
45.310774,-82.344400,-258.000000,1.279557,2.000850
45.830774,-82.344400,-258.000000,1.255603,2.015774
46.350774,-82.344400,-258.000000,1.262408,2.010633
46.870774,-82.344400,-258.000000,1.259944,2.014945
47.390774,-82.344400,-258.000000,1.319777,2.025019
47.910774,-82.344400,-258.000000,1.277933,1.993810
48.430774,-82.344400,-258.000000,1.294845,2.008836
48.950774,-82.344400,-258.000000,1.251287,2.005384
49.470774,-82.344400,-258.000000,1.249056,2.002760
49.990774,-82.344400,-258.000000,1.310069,2.018096
50.510774,-82.344400,-258.000000,1.302225,2.006344
51.030774,-82.344400,-258.000000,1.310945,2.004600
51.550774,-82.344400,-258.000000,1.252218,2.002998
52.070774,-82.344400,-258.000000,1.231309,2.001091
52.590774,-82.344400,-258.000000,1.248682,1.996804
53.110774,-82.344400,-258.000000,1.241053,2.023578
53.630774,-82.344400,-258.000000,1.337388,2.003755
54.150774,-82.344400,-258.000000,1.350424,2.007071
54.670774,-82.344400,-258.000000,1.245449,1.987435
55.190774,-82.344400,-258.000000,1.238149,1.999348
55.710774,-82.344400,-258.000000,1.225973,1.990381
56.230774,-82.344400,-258.000000,1.209855,2.004528
56.750774,-82.344400,-258.000000,1.232377,1.983571
57.270774,-82.344400,-258.000000,1.243140,1.997121
57.790774,-82.344400,-258.000000,1.228786,1.995058
58.310774,-82.344400,-258.000000,1.221504,1.994917
58.830774,-82.344400,-258.000000,1.238993,1.992432
59.350774,-82.344400,-258.000000,1.276178,2.011694
59.870774,-82.344400,-258.000000,1.280116,1.999436
60.390774,-82.344400,-258.000000,1.226919,2.015643
60.910774,-82.344400,-258.000000,1.284176,2.015933
61.430774,-82.344400,-258.000000,1.265745,2.003786
61.950774,-82.344400,-258.000000,1.275200,1.991786
62.470774,-82.344400,-258.000000,1.247414,2.014107
62.990774,-82.344400,-258.000000,1.212162,2.006782
63.510774,-82.344400,-258.000000,1.234980,2.023624
64.030774,-82.344400,-258.000000,1.244489,2.000535
64.550774,-82.344400,-258.000000,1.207239,1.988142
65.070774,-82.344400,-258.000000,1.239878,1.971567
65.590774,-82.344400,-258.000000,1.310285,1.999588
66.110774,-82.344400,-258.000000,1.238565,2.002189
66.630774,-82.344400,-258.000000,1.242138,2.000263
67.150774,-82.344400,-258.000000,1.241383,1.991205
67.670774,-82.344400,-258.000000,1.240326,2.005389
68.190774,-82.344400,-258.000000,1.279327,2.005597
68.710774,-82.344400,-258.000000,1.285323,1.988630
69.230774,-82.344400,-258.000000,1.255163,1.985057
69.750774,-82.344400,-258.000000,1.288768,2.006368
70.270774,-82.344400,-258.000000,1.267184,2.005110
70.790774,-82.344400,-258.000000,1.255476,1.997826
71.310774,-82.344400,-258.000000,1.265078,2.008100
71.830774,-82.344400,-258.000000,1.346537,1.996822
72.350774,-82.344400,-258.000000,1.293500,1.996190
72.870774,-82.344400,-258.000000,1.215233,1.989688
73.390774,-82.344400,-258.000000,1.220621,1.977941
73.910774,-82.344400,-258.000000,1.239590,1.994623
74.430774,-82.344400,-258.000000,1.244889,1.995466
74.950774,-82.344400,-258.000000,1.271115,1.992894
75.470774,-82.344400,-258.000000,1.285893,2.005311
75.990774,-82.344400,-258.000000,1.286255,1.987073
13.070774,-81.824400,-258.000000,1.246087,1.977793
13.590774,-81.824400,-258.000000,1.221346,1.966470
14.110774,-81.824400,-258.000000,1.305621,1.976322
14.630774,-81.824400,-258.000000,1.251366,1.988576
15.150774,-81.824400,-258.000000,1.246862,2.035388
15.670774,-81.824400,-258.000000,1.272544,1.995497
16.190774,-81.824400,-258.000000,1.251019,1.978060
16.710774,-81.824400,-258.000000,1.240222,1.987513
17.230774,-81.824400,-258.000000,1.253728,2.008613
17.750774,-81.824400,-258.000000,1.226443,2.004549
18.270774,-81.824400,-258.000000,1.237051,2.009004
18.790774,-81.824400,-258.000000,1.238414,1.988350
19.310774,-81.824400,-258.000000,1.345676,2.013073
19.830774,-81.824400,-258.000000,1.293726,2.010017
20.350774,-81.824400,-258.000000,1.299794,1.986762
20.870774,-81.824400,-258.000000,1.237911,2.000452
21.390774,-81.824400,-258.000000,1.215806,2.000849
21.910774,-81.824400,-258.000000,1.273089,1.997245
22.430774,-81.824400,-258.000000,1.243201,2.000374
22.950774,-81.824400,-258.000000,1.272751,2.017237
23.470774,-81.824400,-258.000000,1.224320,2.002968
23.990774,-81.824400,-258.000000,1.247793,2.010803
24.510774,-81.824400,-258.000000,1.235290,1.995463
25.030774,-81.824400,-258.000000,1.278708,1.988155
25.550774,-81.824400,-258.000000,1.255663,2.005352
26.070774,-81.824400,-258.000000,1.270083,2.010416
26.590774,-81.824400,-258.000000,1.233693,1.993110
27.110774,-81.824400,-258.000000,1.202105,1.989815
27.630774,-81.824400,-258.000000,1.228893,1.983104
28.150774,-81.824400,-258.000000,1.209895,1.995142
28.670774,-81.824400,-258.000000,1.283956,2.000703
29.190774,-81.824400,-258.000000,1.279950,2.005244
29.710774,-81.824400,-258.000000,1.302389,2.022803
30.230774,-81.824400,-258.000000,1.342004,1.999126
30.750774,-81.824400,-258.000000,1.262999,1.993825
31.270774,-81.824400,-258.000000,1.251280,2.009824
31.790774,-81.824400,-258.000000,1.312863,2.008100
32.310774,-81.824400,-258.000000,1.260059,1.993155
32.830774,-81.824400,-258.000000,1.265086,2.008275
33.350774,-81.824400,-258.000000,1.248837,2.006861
33.870774,-81.824400,-258.000000,1.246890,2.001997
34.390774,-81.824400,-258.000000,1.267956,2.016709
34.910774,-81.824400,-258.000000,1.249115,2.002601
35.430774,-81.824400,-258.000000,1.217245,2.029864
35.950774,-81.824400,-258.000000,1.234614,1.982795
36.470774,-81.824400,-258.000000,1.259113,1.981273
36.990774,-81.824400,-258.000000,1.223459,1.994142
37.510774,-81.824400,-258.000000,1.251833,2.027685
38.030774,-81.824400,-258.000000,1.241795,2.009715
38.550774,-81.824400,-258.000000,1.294236,2.002543
39.070774,-81.824400,-258.000000,1.294483,2.006333
39.590774,-81.824400,-258.000000,1.249604,2.002077
40.110774,-81.824400,-258.000000,1.285756,2.010529
40.630774,-81.824400,-258.000000,1.270163,1.996861
41.150774,-81.824400,-258.000000,1.237133,2.016216
41.670774,-81.824400,-258.000000,1.278055,1.990627
42.190774,-81.824400,-258.000000,1.277438,1.999506
42.710774,-81.824400,-258.000000,1.235301,2.022648
43.230774,-81.824400,-258.000000,1.252492,1.997110
43.750774,-81.824400,-258.000000,1.276186,2.013700
44.270774,-81.824400,-258.000000,1.285635,2.004014
44.790774,-81.824400,-258.000000,1.271678,1.994344
45.310774,-81.824400,-258.000000,1.311403,2.003402
45.830774,-81.824400,-258.000000,1.264424,2.003270
46.350774,-81.824400,-258.000000,1.236163,2.011603
46.870774,-81.824400,-258.000000,1.261855,2.004547
47.390774,-81.824400,-258.000000,1.315903,2.038197
47.910774,-81.824400,-258.000000,1.258393,1.990231
48.430774,-81.824400,-258.000000,1.276928,2.010915
48.950774,-81.824400,-258.000000,1.289192,1.999946
49.470774,-81.824400,-258.000000,1.336323,2.010961
49.990774,-81.824400,-258.000000,1.241293,2.016453
50.510774,-81.824400,-258.000000,1.298527,2.009631
51.030774,-81.824400,-258.000000,1.256350,2.002071
51.550774,-81.824400,-258.000000,1.291650,2.018992
52.070774,-81.824400,-258.000000,1.259461,2.007288
52.590774,-81.824400,-258.000000,1.252834,2.001997
53.110774,-81.824400,-258.000000,1.245859,2.018430
53.630774,-81.824400,-258.000000,1.332821,1.997300
54.150774,-81.824400,-258.000000,1.300901,2.002583
54.670774,-81.824400,-258.000000,1.274243,1.987390
55.190774,-81.824400,-258.000000,1.240912,2.000478
55.710774,-81.824400,-258.000000,1.233215,1.990283
56.230774,-81.824400,-258.000000,1.264780,2.013375
56.750774,-81.824400,-258.000000,1.251458,1.994932
57.270774,-81.824400,-258.000000,1.227542,1.988352
57.790774,-81.824400,-258.000000,1.217783,1.991140
58.310774,-81.824400,-258.000000,1.258630,2.005471
58.830774,-81.824400,-258.000000,1.297317,1.994140
59.350774,-81.824400,-258.000000,1.298877,2.010459
59.870774,-81.824400,-258.000000,1.286511,2.013872
60.390774,-81.824400,-258.000000,1.308224,2.018054
60.910774,-81.824400,-258.000000,1.289407,2.017622
61.430774,-81.824400,-258.000000,1.238714,2.024312
61.950774,-81.824400,-258.000000,1.228434,1.994676
62.470774,-81.824400,-258.000000,1.262530,2.009597
62.990774,-81.824400,-258.000000,1.226320,2.022396
63.510774,-81.824400,-258.000000,1.258775,2.011488
64.030774,-81.824400,-258.000000,1.262023,1.996597
64.550774,-81.824400,-258.000000,1.235654,2.009590
65.070774,-81.824400,-258.000000,1.233634,1.985678
65.590774,-81.824400,-258.000000,1.236632,1.986634
66.110774,-81.824400,-258.000000,1.274145,1.996686
66.630774,-81.824400,-258.000000,1.244046,1.996995
67.150774,-81.824400,-258.000000,1.285792,2.001279
67.670774,-81.824400,-258.000000,1.250479,2.001570
68.190774,-81.824400,-258.000000,1.311431,2.013698
68.710774,-81.824400,-258.000000,1.290072,1.995997
69.230774,-81.824400,-258.000000,1.255024,1.984689
69.750774,-81.824400,-258.000000,1.323730,2.014171
70.270774,-81.824400,-258.000000,1.280149,2.008149
70.790774,-81.824400,-258.000000,1.271037,1.998512
71.310774,-81.824400,-258.000000,1.400478,2.020280
71.830774,-81.824400,-258.000000,1.232588,1.997473
72.350774,-81.824400,-258.000000,1.304843,2.001976
72.870774,-81.824400,-258.000000,1.285482,1.992579
73.390774,-81.824400,-258.000000,1.210389,1.988143
73.910774,-81.824400,-258.000000,1.251488,2.011617
74.430774,-81.824400,-258.000000,1.277943,2.000798
74.950774,-81.824400,-258.000000,1.288186,2.004282
75.470774,-81.824400,-258.000000,1.245058,2.004742
75.990774,-81.824400,-258.000000,1.281320,1.988877
13.070774,-81.304400,-258.000000,1.234089,1.968651
75.990774,-81.304400,-258.000000,1.242484,1.990313
13.070774,-82.344400,-257.000000,1.258902,1.980006
13.590774,-82.344400,-257.000000,1.247594,1.980924
14.110774,-82.344400,-257.000000,1.291839,2.002097
14.630774,-82.344400,-257.000000,1.259199,2.000969
15.150774,-82.344400,-257.000000,1.240521,1.975475
15.670774,-82.344400,-257.000000,1.243101,1.984601
16.190774,-82.344400,-257.000000,1.206231,2.000647
16.710774,-82.344400,-257.000000,1.259298,2.010289
17.230774,-82.344400,-257.000000,1.258063,1.993161
17.750774,-82.344400,-257.000000,1.242879,2.004287
18.270774,-82.344400,-257.000000,1.208513,1.988408
18.790774,-82.344400,-257.000000,1.292653,2.005424
19.310774,-82.344400,-257.000000,1.225325,1.984660
19.830774,-82.344400,-257.000000,1.249820,1.995491
20.350774,-82.344400,-257.000000,1.231747,1.974156
20.870774,-82.344400,-257.000000,1.255016,2.005201
21.390774,-82.344400,-257.000000,1.229870,2.037438
21.910774,-82.344400,-257.000000,1.224381,1.980094
22.430774,-82.344400,-257.000000,1.253809,1.995628
22.950774,-82.344400,-257.000000,1.255656,2.000709
23.470774,-82.344400,-257.000000,1.243704,2.009007
23.990774,-82.344400,-257.000000,1.275932,2.000844
24.510774,-82.344400,-257.000000,1.234475,2.006818
25.030774,-82.344400,-257.000000,1.269907,1.993399
25.550774,-82.344400,-257.000000,1.254840,1.996003
26.070774,-82.344400,-257.000000,1.254098,1.987654
26.590774,-82.344400,-257.000000,1.274295,1.991204
27.110774,-82.344400,-257.000000,1.238031,1.997959
27.630774,-82.344400,-257.000000,1.239723,1.995059
28.150774,-82.344400,-257.000000,1.229158,1.993362
28.670774,-82.344400,-257.000000,1.254537,1.998414
29.190774,-82.344400,-257.000000,1.237425,2.010900
29.710774,-82.344400,-257.000000,1.249509,1.999688
30.230774,-82.344400,-257.000000,1.304082,1.986440
30.750774,-82.344400,-257.000000,1.306128,2.016080
31.270774,-82.344400,-257.000000,1.261126,1.988459
31.790774,-82.344400,-257.000000,1.251086,1.993891
32.310774,-82.344400,-257.000000,1.204219,1.996569
32.830774,-82.344400,-257.000000,1.243219,1.991316
33.350774,-82.344400,-257.000000,1.223025,2.009618
33.870774,-82.344400,-257.000000,1.234646,2.013117
34.390774,-82.344400,-257.000000,1.260721,1.994779
34.910774,-82.344400,-257.000000,1.225394,1.999439
35.430774,-82.344400,-257.000000,1.308587,2.004277
35.950774,-82.344400,-257.000000,1.269693,2.007301
36.470774,-82.344400,-257.000000,1.247246,2.010963
36.990774,-82.344400,-257.000000,1.270338,1.990944
37.510774,-82.344400,-257.000000,1.287270,2.008359
38.030774,-82.344400,-257.000000,1.327176,1.987998
38.550774,-82.344400,-257.000000,1.266565,1.991112
39.070774,-82.344400,-257.000000,1.240991,2.018078
39.590774,-82.344400,-257.000000,1.250628,1.990988
40.110774,-82.344400,-257.000000,1.219594,2.003834
40.630774,-82.344400,-257.000000,1.264339,2.015325
41.150774,-82.344400,-257.000000,1.316533,2.011269
41.670774,-82.344400,-257.000000,1.263339,1.996638
42.190774,-82.344400,-257.000000,1.310715,1.993149
42.710774,-82.344400,-257.000000,1.306870,2.002591
43.230774,-82.344400,-257.000000,1.290140,2.010317
43.750774,-82.344400,-257.000000,1.267488,2.013493
44.270774,-82.344400,-257.000000,1.284168,2.004083
44.790774,-82.344400,-257.000000,1.295734,1.996417
45.310774,-82.344400,-257.000000,1.369494,1.990349
45.830774,-82.344400,-257.000000,1.263896,2.012359
46.350774,-82.344400,-257.000000,1.240909,2.000580
46.870774,-82.344400,-257.000000,1.278671,1.994722
47.390774,-82.344400,-257.000000,1.281455,2.018978
47.910774,-82.344400,-257.000000,1.226428,2.017162
48.430774,-82.344400,-257.000000,1.234125,2.001768
48.950774,-82.344400,-257.000000,1.336344,1.998631
49.470774,-82.344400,-257.000000,1.251597,2.002671
49.990774,-82.344400,-257.000000,1.298269,1.991541
50.510774,-82.344400,-257.000000,1.361223,1.994036
51.030774,-82.344400,-257.000000,1.273158,2.009930
51.550774,-82.344400,-257.000000,1.328638,2.022281
52.070774,-82.344400,-257.000000,1.281449,1.994117
52.590774,-82.344400,-257.000000,1.276809,2.004995
53.110774,-82.344400,-257.000000,1.268150,2.006289
53.630774,-82.344400,-257.000000,1.250032,2.005033
54.150774,-82.344400,-257.000000,1.204149,1.999345
54.670774,-82.344400,-257.000000,1.246854,2.009134
55.190774,-82.344400,-257.000000,1.277431,2.004643
55.710774,-82.344400,-257.000000,1.287898,2.012146
56.230774,-82.344400,-257.000000,1.258179,1.984981
56.750774,-82.344400,-257.000000,1.247470,2.013113
57.270774,-82.344400,-257.000000,1.261507,2.008088
57.790774,-82.344400,-257.000000,1.256088,2.014568
58.310774,-82.344400,-257.000000,1.246956,2.001653
58.830774,-82.344400,-257.000000,1.310509,1.996925
59.350774,-82.344400,-257.000000,1.301922,2.003675
59.870774,-82.344400,-257.000000,1.292589,2.011850
60.390774,-82.344400,-257.000000,1.257153,1.988009
60.910774,-82.344400,-257.000000,1.235881,2.016270
61.430774,-82.344400,-257.000000,1.249132,2.010929
61.950774,-82.344400,-257.000000,1.226780,1.991184
62.470774,-82.344400,-257.000000,1.247105,1.997761
62.990774,-82.344400,-257.000000,1.295017,1.992991
63.510774,-82.344400,-257.000000,1.343477,2.002308
64.030774,-82.344400,-257.000000,1.254407,1.999949
64.550774,-82.344400,-257.000000,1.243239,2.011875
65.070774,-82.344400,-257.000000,1.271097,2.015583
65.590774,-82.344400,-257.000000,1.240622,2.000239
66.110774,-82.344400,-257.000000,1.254666,1.990865
66.630774,-82.344400,-257.000000,1.230185,2.005672
67.150774,-82.344400,-257.000000,1.272089,2.008859
67.670774,-82.344400,-257.000000,1.317876,1.996256
68.190774,-82.344400,-257.000000,1.265618,2.001318
68.710774,-82.344400,-257.000000,1.250702,2.028380
69.230774,-82.344400,-257.000000,1.284444,2.002414
69.750774,-82.344400,-257.000000,1.216031,1.996618
70.270774,-82.344400,-257.000000,1.235376,1.995179
70.790774,-82.344400,-257.000000,1.206777,2.006945
71.310774,-82.344400,-257.000000,1.237286,2.008261
71.830774,-82.344400,-257.000000,1.241761,2.007721
72.350774,-82.344400,-257.000000,1.241868,2.005141
72.870774,-82.344400,-257.000000,1.354313,2.000259
73.390774,-82.344400,-257.000000,1.230928,2.004668
73.910774,-82.344400,-257.000000,1.308947,2.011565
74.430774,-82.344400,-257.000000,1.264496,2.000673
74.950774,-82.344400,-257.000000,1.280414,1.999334
75.470774,-82.344400,-257.000000,1.259750,2.000935
75.990774,-82.344400,-257.000000,1.236238,2.000078
13.070774,-81.824400,-257.000000,1.220461,1.977945
13.590774,-81.824400,-257.000000,1.237276,1.981857
14.110774,-81.824400,-257.000000,1.248933,1.995015
14.630774,-81.824400,-257.000000,1.306672,1.995807
15.150774,-81.824400,-257.000000,1.274660,1.985657
15.670774,-81.824400,-257.000000,1.249055,1.977588
16.190774,-81.824400,-257.000000,1.223042,2.011376
16.710774,-81.824400,-257.000000,1.257250,1.991588
17.230774,-81.824400,-257.000000,1.252359,1.998891
17.750774,-81.824400,-257.000000,1.244309,2.024074
18.270774,-81.824400,-257.000000,1.259444,1.997841
18.790774,-81.824400,-257.000000,1.211582,1.985507
19.310774,-81.824400,-257.000000,1.270908,2.000074
19.830774,-81.824400,-257.000000,1.283471,2.002468
20.350774,-81.824400,-257.000000,1.272877,1.972831
20.870774,-81.824400,-257.000000,1.254294,1.993425
21.390774,-81.824400,-257.000000,1.271868,2.026136
21.910774,-81.824400,-257.000000,1.269511,2.000985
22.430774,-81.824400,-257.000000,1.251963,2.000100
22.950774,-81.824400,-257.000000,1.265554,1.996258
23.470774,-81.824400,-257.000000,1.231052,2.015033
23.990774,-81.824400,-257.000000,1.246976,2.006117
24.510774,-81.824400,-257.000000,1.276362,2.012497
25.030774,-81.824400,-257.000000,1.242689,1.989202
25.550774,-81.824400,-257.000000,1.243493,2.003647
26.070774,-81.824400,-257.000000,1.246407,1.998940
26.590774,-81.824400,-257.000000,1.251578,1.992358
27.110774,-81.824400,-257.000000,1.270808,1.993744
27.630774,-81.824400,-257.000000,1.233973,1.988096
28.150774,-81.824400,-257.000000,1.246243,1.999064
28.670774,-81.824400,-257.000000,1.269320,2.000624
29.190774,-81.824400,-257.000000,1.210936,2.020525
29.710774,-81.824400,-257.000000,1.253171,2.007622
30.230774,-81.824400,-257.000000,1.300124,1.989681
30.750774,-81.824400,-257.000000,1.239598,2.006923
31.270774,-81.824400,-257.000000,1.255875,1.984240
31.790774,-81.824400,-257.000000,1.216924,2.005382
32.310774,-81.824400,-257.000000,1.222803,2.043987
32.830774,-81.824400,-257.000000,1.284705,2.003622
33.350774,-81.824400,-257.000000,1.245355,2.021880
33.870774,-81.824400,-257.000000,1.219784,2.022486
34.390774,-81.824400,-257.000000,1.228548,1.983514
34.910774,-81.824400,-257.000000,1.217146,2.004436
35.430774,-81.824400,-257.000000,1.278900,2.008996
35.950774,-81.824400,-257.000000,1.268010,2.001169
36.470774,-81.824400,-257.000000,1.267302,1.998129
36.990774,-81.824400,-257.000000,1.307660,1.994568
37.510774,-81.824400,-257.000000,1.348964,2.018319
38.030774,-81.824400,-257.000000,1.233653,1.980664
38.550774,-81.824400,-257.000000,1.318195,1.990868
39.070774,-81.824400,-257.000000,1.279067,2.011115
39.590774,-81.824400,-257.000000,1.303054,2.018273
40.110774,-81.824400,-257.000000,1.235395,2.026974
40.630774,-81.824400,-257.000000,1.290384,2.024848
41.150774,-81.824400,-257.000000,1.288414,2.006746
41.670774,-81.824400,-257.000000,1.258217,1.992349
42.190774,-81.824400,-257.000000,1.233956,2.007287
42.710774,-81.824400,-257.000000,1.296030,2.008136
43.230774,-81.824400,-257.000000,1.250486,2.013846
43.750774,-81.824400,-257.000000,1.270058,2.011936
44.270774,-81.824400,-257.000000,1.298652,2.006850
44.790774,-81.824400,-257.000000,1.320627,1.995483
45.310774,-81.824400,-257.000000,1.317538,2.000468
45.830774,-81.824400,-257.000000,1.310481,2.015357
46.350774,-81.824400,-257.000000,1.243746,2.008861
46.870774,-81.824400,-257.000000,1.278124,2.007075
47.390774,-81.824400,-257.000000,1.231286,2.022396
47.910774,-81.824400,-257.000000,1.241223,2.023095
48.430774,-81.824400,-257.000000,1.288336,2.002850
48.950774,-81.824400,-257.000000,1.310619,1.996342
49.470774,-81.824400,-257.000000,1.340299,2.003719
49.990774,-81.824400,-257.000000,1.232484,1.992963
50.510774,-81.824400,-257.000000,1.248216,1.988996
51.030774,-81.824400,-257.000000,1.283155,2.002847
51.550774,-81.824400,-257.000000,1.269807,2.017974
52.070774,-81.824400,-257.000000,1.306407,1.999483
52.590774,-81.824400,-257.000000,1.293701,2.002657
53.110774,-81.824400,-257.000000,1.231280,1.998208
53.630774,-81.824400,-257.000000,1.225374,2.004808
54.150774,-81.824400,-257.000000,1.275171,2.010007
54.670774,-81.824400,-257.000000,1.258659,2.006698
55.190774,-81.824400,-257.000000,1.294923,2.014345
55.710774,-81.824400,-257.000000,1.259561,2.010084
56.230774,-81.824400,-257.000000,1.232376,1.992477
56.750774,-81.824400,-257.000000,1.262292,2.014807
57.270774,-81.824400,-257.000000,1.266565,2.006985
57.790774,-81.824400,-257.000000,1.235435,2.021784
58.310774,-81.824400,-257.000000,1.254810,2.008394
58.830774,-81.824400,-257.000000,1.243040,1.988692
59.350774,-81.824400,-257.000000,1.283858,1.995047
59.870774,-81.824400,-257.000000,1.290148,2.012848
60.390774,-81.824400,-257.000000,1.272046,2.000416
60.910774,-81.824400,-257.000000,1.257698,2.006575
61.430774,-81.824400,-257.000000,1.232515,2.019005
61.950774,-81.824400,-257.000000,1.267549,2.006391
62.470774,-81.824400,-257.000000,1.298492,2.017261
62.990774,-81.824400,-257.000000,1.251505,2.004688
63.510774,-81.824400,-257.000000,1.315023,1.993823
64.030774,-81.824400,-257.000000,1.271505,2.004939
64.550774,-81.824400,-257.000000,1.238013,2.008636
65.070774,-81.824400,-257.000000,1.209621,2.015060
65.590774,-81.824400,-257.000000,1.221199,1.992568
66.110774,-81.824400,-257.000000,1.303257,2.000971
66.630774,-81.824400,-257.000000,1.242706,2.010727
67.150774,-81.824400,-257.000000,1.263402,2.016466
67.670774,-81.824400,-257.000000,1.282884,1.996398
68.190774,-81.824400,-257.000000,1.252780,2.006895
68.710774,-81.824400,-257.000000,1.306014,2.024301
69.230774,-81.824400,-257.000000,1.248077,2.007402
69.750774,-81.824400,-257.000000,1.209787,1.999952
70.270774,-81.824400,-257.000000,1.242651,1.998674
70.790774,-81.824400,-257.000000,1.274423,2.023388
71.310774,-81.824400,-257.000000,1.274011,2.010405
71.830774,-81.824400,-257.000000,1.250043,2.014273
72.350774,-81.824400,-257.000000,1.239019,2.011157
72.870774,-81.824400,-257.000000,1.240602,1.989966
73.390774,-81.824400,-257.000000,1.231389,2.006628
73.910774,-81.824400,-257.000000,1.200264,2.010124
74.430774,-81.824400,-257.000000,1.255019,2.004911
74.950774,-81.824400,-257.000000,1.222771,2.008028
75.470774,-81.824400,-257.000000,1.250429,1.990782
75.990774,-81.824400,-257.000000,1.230976,1.999907
13.070774,-81.304400,-257.000000,1.203094,1.978132
75.990774,-81.304400,-257.000000,1.239143,2.005360
13.070774,-82.344400,-256.000000,1.244400,1.970169
13.590774,-82.344400,-256.000000,1.225420,1.988247
14.110774,-82.344400,-256.000000,1.282127,1.969029
14.630774,-82.344400,-256.000000,1.222253,1.985203
15.150774,-82.344400,-256.000000,1.225515,1.991230
15.670774,-82.344400,-256.000000,1.244573,1.999872
16.190774,-82.344400,-256.000000,1.208866,2.011159
16.710774,-82.344400,-256.000000,1.189186,1.977855
17.230774,-82.344400,-256.000000,1.249253,1.998227
17.750774,-82.344400,-256.000000,1.214436,1.988800
18.270774,-82.344400,-256.000000,1.316303,2.010541
18.790774,-82.344400,-256.000000,1.252038,1.984910
19.310774,-82.344400,-256.000000,1.278020,2.015388
19.830774,-82.344400,-256.000000,1.294387,1.997415
20.350774,-82.344400,-256.000000,1.254189,2.013778
20.870774,-82.344400,-256.000000,1.302709,1.992642
21.390774,-82.344400,-256.000000,1.230145,2.003591
21.910774,-82.344400,-256.000000,1.234239,1.989724
22.430774,-82.344400,-256.000000,1.217881,1.995023
22.950774,-82.344400,-256.000000,1.254259,2.003451
23.470774,-82.344400,-256.000000,1.211212,2.000196
23.990774,-82.344400,-256.000000,1.248946,2.000792
24.510774,-82.344400,-256.000000,1.260349,2.010997
25.030774,-82.344400,-256.000000,1.252198,2.001329
25.550774,-82.344400,-256.000000,1.260745,2.005297
26.070774,-82.344400,-256.000000,1.260835,1.988634
26.590774,-82.344400,-256.000000,1.262426,2.016073
27.110774,-82.344400,-256.000000,1.314869,2.001123
27.630774,-82.344400,-256.000000,1.263718,2.009347
28.150774,-82.344400,-256.000000,1.201244,2.006099
28.670774,-82.344400,-256.000000,1.280702,2.000835
29.190774,-82.344400,-256.000000,1.260942,2.003396
29.710774,-82.344400,-256.000000,1.315445,1.993300
30.230774,-82.344400,-256.000000,1.218926,1.997323
30.750774,-82.344400,-256.000000,1.284887,2.013062
31.270774,-82.344400,-256.000000,1.287880,2.005329
31.790774,-82.344400,-256.000000,1.286855,1.991224
32.310774,-82.344400,-256.000000,1.240297,1.990240
32.830774,-82.344400,-256.000000,1.256785,2.005153
33.350774,-82.344400,-256.000000,1.303339,2.015607
33.870774,-82.344400,-256.000000,1.246130,2.012341
34.390774,-82.344400,-256.000000,1.208764,2.008265
34.910774,-82.344400,-256.000000,1.252859,1.988718
35.430774,-82.344400,-256.000000,1.229013,1.997195
35.950774,-82.344400,-256.000000,1.211776,1.990483
36.470774,-82.344400,-256.000000,1.237778,2.012129
36.990774,-82.344400,-256.000000,1.234270,2.002133
37.510774,-82.344400,-256.000000,1.236742,1.991540
38.030774,-82.344400,-256.000000,1.234151,1.994202
38.550774,-82.344400,-256.000000,1.241811,2.015243
39.070774,-82.344400,-256.000000,1.266713,1.993406
39.590774,-82.344400,-256.000000,1.271605,2.004892
40.110774,-82.344400,-256.000000,1.301947,2.003764
40.630774,-82.344400,-256.000000,1.316409,1.992372
41.150774,-82.344400,-256.000000,1.263123,1.999805
41.670774,-82.344400,-256.000000,1.223294,2.007328
42.190774,-82.344400,-256.000000,1.285410,2.010370
42.710774,-82.344400,-256.000000,1.294219,2.008936
43.230774,-82.344400,-256.000000,1.301300,2.010171
43.750774,-82.344400,-256.000000,1.220162,1.996190
44.270774,-82.344400,-256.000000,1.253954,1.998768
44.790774,-82.344400,-256.000000,1.291133,1.996061
45.310774,-82.344400,-256.000000,1.296730,2.002913
45.830774,-82.344400,-256.000000,1.238150,2.002867
46.350774,-82.344400,-256.000000,1.277068,2.010643
46.870774,-82.344400,-256.000000,1.247063,2.002124
47.390774,-82.344400,-256.000000,1.266890,2.003044
47.910774,-82.344400,-256.000000,1.303268,2.004808
48.430774,-82.344400,-256.000000,1.251722,1.993296
48.950774,-82.344400,-256.000000,1.353629,2.019479
49.470774,-82.344400,-256.000000,1.255274,1.993359
49.990774,-82.344400,-256.000000,1.281442,2.011361
50.510774,-82.344400,-256.000000,1.278921,2.001073
51.030774,-82.344400,-256.000000,1.263528,2.006380
51.550774,-82.344400,-256.000000,1.257853,1.995249
52.070774,-82.344400,-256.000000,1.230353,2.009022
52.590774,-82.344400,-256.000000,1.260246,2.014448
53.110774,-82.344400,-256.000000,1.232761,2.008745
53.630774,-82.344400,-256.000000,1.267404,2.008755
54.150774,-82.344400,-256.000000,1.257357,2.000401
54.670774,-82.344400,-256.000000,1.256867,2.006990
55.190774,-82.344400,-256.000000,1.231282,1.994201
55.710774,-82.344400,-256.000000,1.254506,2.008552
56.230774,-82.344400,-256.000000,1.243825,1.991500
56.750774,-82.344400,-256.000000,1.260771,2.010485
57.270774,-82.344400,-256.000000,1.208674,2.030695
57.790774,-82.344400,-256.000000,1.289311,2.003532
58.310774,-82.344400,-256.000000,1.255492,1.994601
58.830774,-82.344400,-256.000000,1.266794,2.004750
59.350774,-82.344400,-256.000000,1.275694,2.007133
59.870774,-82.344400,-256.000000,1.282236,1.989196
60.390774,-82.344400,-256.000000,1.275983,1.999937
60.910774,-82.344400,-256.000000,1.243418,2.005337
61.430774,-82.344400,-256.000000,1.276588,2.017257
61.950774,-82.344400,-256.000000,1.241264,2.001255
62.470774,-82.344400,-256.000000,1.271097,2.003404
62.990774,-82.344400,-256.000000,1.311018,1.993159
63.510774,-82.344400,-256.000000,1.254136,1.995758
64.030774,-82.344400,-256.000000,1.264339,2.010176
64.550774,-82.344400,-256.000000,1.228025,2.007853
65.070774,-82.344400,-256.000000,1.252624,2.010341
65.590774,-82.344400,-256.000000,1.335590,1.998125
66.110774,-82.344400,-256.000000,1.253112,2.002074
66.630774,-82.344400,-256.000000,1.248207,2.012377
67.150774,-82.344400,-256.000000,1.260466,2.003916
67.670774,-82.344400,-256.000000,1.282692,2.005053
68.190774,-82.344400,-256.000000,1.260472,2.013277
68.710774,-82.344400,-256.000000,1.310541,1.999747
69.230774,-82.344400,-256.000000,1.220882,1.995059
69.750774,-82.344400,-256.000000,1.284482,1.998814
70.270774,-82.344400,-256.000000,1.265620,2.005914
70.790774,-82.344400,-256.000000,1.254976,1.997366
71.310774,-82.344400,-256.000000,1.255584,2.005483
71.830774,-82.344400,-256.000000,1.235860,2.000220
72.350774,-82.344400,-256.000000,1.237793,1.985830
72.870774,-82.344400,-256.000000,1.296663,1.994596
73.390774,-82.344400,-256.000000,1.296437,2.005911
73.910774,-82.344400,-256.000000,1.229620,2.002645
74.430774,-82.344400,-256.000000,1.305007,1.976502
74.950774,-82.344400,-256.000000,1.247914,1.991656
75.470774,-82.344400,-256.000000,1.243892,2.006848
75.990774,-82.344400,-256.000000,1.277132,2.001392
13.070774,-81.824400,-256.000000,1.269734,1.986083
13.590774,-81.824400,-256.000000,1.233013,1.981506
14.110774,-81.824400,-256.000000,1.243641,1.967523
14.630774,-81.824400,-256.000000,1.288821,1.997057
15.150774,-81.824400,-256.000000,1.222518,1.991699
15.670774,-81.824400,-256.000000,1.238650,2.007876
16.190774,-81.824400,-256.000000,1.254458,2.006224
16.710774,-81.824400,-256.000000,1.221466,1.991546
17.230774,-81.824400,-256.000000,1.262809,1.998879
17.750774,-81.824400,-256.000000,1.210902,1.998034
18.270774,-81.824400,-256.000000,1.264784,2.010217
18.790774,-81.824400,-256.000000,1.275499,1.988593
19.310774,-81.824400,-256.000000,1.259235,2.005164
19.830774,-81.824400,-256.000000,1.319571,2.002095
20.350774,-81.824400,-256.000000,1.301324,2.012515
20.870774,-81.824400,-256.000000,1.264347,1.995245
21.390774,-81.824400,-256.000000,1.251082,2.009963
21.910774,-81.824400,-256.000000,1.258416,2.001743
22.430774,-81.824400,-256.000000,1.290576,2.006953
22.950774,-81.824400,-256.000000,1.244170,1.998284
23.470774,-81.824400,-256.000000,1.233448,2.005340
23.990774,-81.824400,-256.000000,1.288852,2.022515
24.510774,-81.824400,-256.000000,1.237068,2.009695
25.030774,-81.824400,-256.000000,1.210584,2.001014
25.550774,-81.824400,-256.000000,1.232460,2.001076
26.070774,-81.824400,-256.000000,1.293564,1.981451
26.590774,-81.824400,-256.000000,1.320668,2.006526
27.110774,-81.824400,-256.000000,1.243325,2.001612
27.630774,-81.824400,-256.000000,1.247412,2.009595
28.150774,-81.824400,-256.000000,1.252175,2.010075
28.670774,-81.824400,-256.000000,1.288103,2.008154
29.190774,-81.824400,-256.000000,1.315600,2.006036
29.710774,-81.824400,-256.000000,1.343667,1.998100
30.230774,-81.824400,-256.000000,1.269372,2.002507
30.750774,-81.824400,-256.000000,1.316900,2.019158
31.270774,-81.824400,-256.000000,1.224425,1.994436
31.790774,-81.824400,-256.000000,1.269473,1.993740
32.310774,-81.824400,-256.000000,1.266736,1.994311
32.830774,-81.824400,-256.000000,1.264325,2.004348
33.350774,-81.824400,-256.000000,1.263178,2.014538
33.870774,-81.824400,-256.000000,1.210310,2.010118
34.390774,-81.824400,-256.000000,1.215533,2.010994
34.910774,-81.824400,-256.000000,1.267257,2.032073
35.430774,-81.824400,-256.000000,1.243923,2.005977
35.950774,-81.824400,-256.000000,1.249100,1.995358
36.470774,-81.824400,-256.000000,1.223246,2.005622
36.990774,-81.824400,-256.000000,1.258977,1.994959
37.510774,-81.824400,-256.000000,1.243138,1.992745
38.030774,-81.824400,-256.000000,1.203771,1.989164
38.550774,-81.824400,-256.000000,1.264268,2.022375
39.070774,-81.824400,-256.000000,1.227346,1.981976
39.590774,-81.824400,-256.000000,1.255836,2.011871
40.110774,-81.824400,-256.000000,1.290585,2.009786
40.630774,-81.824400,-256.000000,1.226494,1.990115
41.150774,-81.824400,-256.000000,1.281424,2.001494
41.670774,-81.824400,-256.000000,1.232174,2.002201
42.190774,-81.824400,-256.000000,1.272706,2.004612
42.710774,-81.824400,-256.000000,1.285084,2.004132
43.230774,-81.824400,-256.000000,1.334569,2.012181
43.750774,-81.824400,-256.000000,1.252515,2.005875
44.270774,-81.824400,-256.000000,1.271051,2.002219
44.790774,-81.824400,-256.000000,1.306424,2.004930
45.310774,-81.824400,-256.000000,1.256176,1.990381
45.830774,-81.824400,-256.000000,1.267985,2.021188
46.350774,-81.824400,-256.000000,1.309187,2.007701
46.870774,-81.824400,-256.000000,1.233761,1.997982
47.390774,-81.824400,-256.000000,1.255829,1.990147
47.910774,-81.824400,-256.000000,1.274347,1.994370
48.430774,-81.824400,-256.000000,1.247771,1.993615
48.950774,-81.824400,-256.000000,1.231565,2.006196
49.470774,-81.824400,-256.000000,1.286113,1.999007
49.990774,-81.824400,-256.000000,1.323238,2.012315
50.510774,-81.824400,-256.000000,1.293378,2.005140
51.030774,-81.824400,-256.000000,1.260236,1.999902
51.550774,-81.824400,-256.000000,1.282512,1.998709
52.070774,-81.824400,-256.000000,1.251865,2.004916
52.590774,-81.824400,-256.000000,1.262564,2.017561
53.110774,-81.824400,-256.000000,1.261824,1.997993
53.630774,-81.824400,-256.000000,1.247931,2.004323
54.150774,-81.824400,-256.000000,1.217698,1.996875
54.670774,-81.824400,-256.000000,1.234865,2.002582
55.190774,-81.824400,-256.000000,1.237931,1.994274
55.710774,-81.824400,-256.000000,1.232853,2.005161
56.230774,-81.824400,-256.000000,1.241435,1.999901
56.750774,-81.824400,-256.000000,1.284276,2.023939
57.270774,-81.824400,-256.000000,1.262194,2.016102
57.790774,-81.824400,-256.000000,1.253103,1.999038
58.310774,-81.824400,-256.000000,1.287211,2.008213
58.830774,-81.824400,-256.000000,1.223249,2.003391
59.350774,-81.824400,-256.000000,1.335605,2.006770
59.870774,-81.824400,-256.000000,1.304921,1.988835
60.390774,-81.824400,-256.000000,1.220533,1.998034
60.910774,-81.824400,-256.000000,1.227305,1.997126
61.430774,-81.824400,-256.000000,1.224857,2.013586
61.950774,-81.824400,-256.000000,1.270790,1.992005
62.470774,-81.824400,-256.000000,1.261985,1.990480
62.990774,-81.824400,-256.000000,1.262924,1.998377
63.510774,-81.824400,-256.000000,1.254640,2.017862
64.030774,-81.824400,-256.000000,1.246157,1.995177
64.550774,-81.824400,-256.000000,1.235756,2.008016
65.070774,-81.824400,-256.000000,1.314241,2.018330
65.590774,-81.824400,-256.000000,1.283589,1.996890
66.110774,-81.824400,-256.000000,1.231844,2.008509
66.630774,-81.824400,-256.000000,1.209219,2.006843
67.150774,-81.824400,-256.000000,1.241434,2.001551
67.670774,-81.824400,-256.000000,1.240434,2.007072
68.190774,-81.824400,-256.000000,1.278723,2.021302
68.710774,-81.824400,-256.000000,1.299624,2.000788
69.230774,-81.824400,-256.000000,1.243518,2.000574
69.750774,-81.824400,-256.000000,1.205834,1.994770
70.270774,-81.824400,-256.000000,1.257502,2.000496
70.790774,-81.824400,-256.000000,1.213582,1.993808
71.310774,-81.824400,-256.000000,1.258482,2.017846
71.830774,-81.824400,-256.000000,1.245572,2.000749
72.350774,-81.824400,-256.000000,1.246885,1.989938
72.870774,-81.824400,-256.000000,1.290319,1.996164
73.390774,-81.824400,-256.000000,1.276778,2.018799
73.910774,-81.824400,-256.000000,1.239966,2.000926
74.430774,-81.824400,-256.000000,1.351138,1.981305
74.950774,-81.824400,-256.000000,1.279369,1.992300
75.470774,-81.824400,-256.000000,1.302015,2.004658
75.990774,-81.824400,-256.000000,1.337197,2.003049
13.070774,-81.304400,-256.000000,1.240006,1.948966
75.990774,-81.304400,-256.000000,1.241796,2.004211
13.070774,-82.344400,-255.000000,1.261672,1.983703
13.590774,-82.344400,-255.000000,1.241691,1.973859
14.110774,-82.344400,-255.000000,1.268164,1.971654
14.630774,-82.344400,-255.000000,1.287776,1.987732
15.150774,-82.344400,-255.000000,1.248169,1.975068
15.670774,-82.344400,-255.000000,1.221188,1.996781
16.190774,-82.344400,-255.000000,1.230860,1.998189
16.710774,-82.344400,-255.000000,1.270002,1.989882
17.230774,-82.344400,-255.000000,1.254955,1.997143
17.750774,-82.344400,-255.000000,1.232243,1.977574
18.270774,-82.344400,-255.000000,1.210723,2.007742
18.790774,-82.344400,-255.000000,1.296601,1.990678
19.310774,-82.344400,-255.000000,1.251333,2.015048
19.830774,-82.344400,-255.000000,1.300734,2.017388
20.350774,-82.344400,-255.000000,1.330486,2.025799
20.870774,-82.344400,-255.000000,1.319390,2.007912
21.390774,-82.344400,-255.000000,1.285116,1.987335
21.910774,-82.344400,-255.000000,1.245206,1.996413
22.430774,-82.344400,-255.000000,1.242038,2.008841
22.950774,-82.344400,-255.000000,1.224541,1.997035
23.470774,-82.344400,-255.000000,1.292534,1.994202
23.990774,-82.344400,-255.000000,1.264305,2.011512
24.510774,-82.344400,-255.000000,1.268153,1.997582
25.030774,-82.344400,-255.000000,1.251332,1.998094
25.550774,-82.344400,-255.000000,1.277716,2.006762
26.070774,-82.344400,-255.000000,1.252767,1.995847
26.590774,-82.344400,-255.000000,1.258596,2.007332
27.110774,-82.344400,-255.000000,1.298317,2.007183
27.630774,-82.344400,-255.000000,1.285979,1.995519
28.150774,-82.344400,-255.000000,1.314895,1.993954
28.670774,-82.344400,-255.000000,1.289356,1.991355
29.190774,-82.344400,-255.000000,1.282682,2.012096
29.710774,-82.344400,-255.000000,1.315177,2.004921
30.230774,-82.344400,-255.000000,1.288195,2.013610
30.750774,-82.344400,-255.000000,1.258371,2.000610
31.270774,-82.344400,-255.000000,1.293901,2.013326
31.790774,-82.344400,-255.000000,1.310596,1.988640
32.310774,-82.344400,-255.000000,1.272317,2.012803
32.830774,-82.344400,-255.000000,1.258030,1.998557
33.350774,-82.344400,-255.000000,1.271947,2.016211
33.870774,-82.344400,-255.000000,1.239212,2.003012
34.390774,-82.344400,-255.000000,1.245483,1.998968
34.910774,-82.344400,-255.000000,1.274346,1.986634
35.430774,-82.344400,-255.000000,1.230349,2.003490
35.950774,-82.344400,-255.000000,1.252895,1.991428
36.470774,-82.344400,-255.000000,1.277055,1.993572
36.990774,-82.344400,-255.000000,1.224897,1.986091
37.510774,-82.344400,-255.000000,1.269578,2.017040
38.030774,-82.344400,-255.000000,1.233323,2.026671
38.550774,-82.344400,-255.000000,1.232967,1.993373
39.070774,-82.344400,-255.000000,1.252516,1.993521
39.590774,-82.344400,-255.000000,1.264089,1.993825
40.110774,-82.344400,-255.000000,1.255918,1.993651
40.630774,-82.344400,-255.000000,1.263664,2.011658
41.150774,-82.344400,-255.000000,1.258886,1.991938
41.670774,-82.344400,-255.000000,1.263838,2.009971
42.190774,-82.344400,-255.000000,1.255142,1.992405
42.710774,-82.344400,-255.000000,1.292596,1.997967
43.230774,-82.344400,-255.000000,1.243927,1.990669
43.750774,-82.344400,-255.000000,1.267378,1.999563
44.270774,-82.344400,-255.000000,1.310699,2.011261
44.790774,-82.344400,-255.000000,1.281366,2.002061
45.310774,-82.344400,-255.000000,1.227481,2.016099
45.830774,-82.344400,-255.000000,1.261280,2.014282
46.350774,-82.344400,-255.000000,1.255185,2.023945
46.870774,-82.344400,-255.000000,1.282143,1.992417
47.390774,-82.344400,-255.000000,1.300831,2.053362
47.910774,-82.344400,-255.000000,1.253543,2.003807
48.430774,-82.344400,-255.000000,1.297033,1.993387
48.950774,-82.344400,-255.000000,1.265775,1.998720
49.470774,-82.344400,-255.000000,1.247731,2.020393
49.990774,-82.344400,-255.000000,1.252235,1.998806
50.510774,-82.344400,-255.000000,1.274760,2.009055
51.030774,-82.344400,-255.000000,1.312322,2.018293
51.550774,-82.344400,-255.000000,1.220051,1.982668
52.070774,-82.344400,-255.000000,1.275259,1.999101
52.590774,-82.344400,-255.000000,1.354413,2.002164
53.110774,-82.344400,-255.000000,1.231509,2.008154
53.630774,-82.344400,-255.000000,1.235420,1.990481
54.150774,-82.344400,-255.000000,1.249112,2.000749
54.670774,-82.344400,-255.000000,1.235503,1.989320
55.190774,-82.344400,-255.000000,1.255311,2.009958
55.710774,-82.344400,-255.000000,1.291173,2.020715
56.230774,-82.344400,-255.000000,1.273776,2.002478
56.750774,-82.344400,-255.000000,1.220298,1.997467
57.270774,-82.344400,-255.000000,1.211430,1.990717
57.790774,-82.344400,-255.000000,1.254439,1.992587
58.310774,-82.344400,-255.000000,1.260698,2.022736
58.830774,-82.344400,-255.000000,1.223678,1.982112
59.350774,-82.344400,-255.000000,1.335636,1.995876
59.870774,-82.344400,-255.000000,1.318371,2.015017
60.390774,-82.344400,-255.000000,1.281459,2.015097
60.910774,-82.344400,-255.000000,1.282685,1.999169
61.430774,-82.344400,-255.000000,1.284752,2.007978
61.950774,-82.344400,-255.000000,1.276875,2.006917
62.470774,-82.344400,-255.000000,1.292357,2.005699
62.990774,-82.344400,-255.000000,1.201827,1.989690
63.510774,-82.344400,-255.000000,1.233832,1.992561
64.030774,-82.344400,-255.000000,1.234643,2.011161
64.550774,-82.344400,-255.000000,1.286818,1.985784
65.070774,-82.344400,-255.000000,1.273291,2.002088
65.590774,-82.344400,-255.000000,1.250213,2.019539
66.110774,-82.344400,-255.000000,1.255022,1.989075
66.630774,-82.344400,-255.000000,1.251257,1.995039
67.150774,-82.344400,-255.000000,1.249071,1.984594
67.670774,-82.344400,-255.000000,1.235115,1.992166
68.190774,-82.344400,-255.000000,1.276324,2.009824
68.710774,-82.344400,-255.000000,1.243221,2.006806
69.230774,-82.344400,-255.000000,1.216293,1.991318
69.750774,-82.344400,-255.000000,1.264542,2.000525
70.270774,-82.344400,-255.000000,1.254511,2.002020
70.790774,-82.344400,-255.000000,1.235507,2.010887
71.310774,-82.344400,-255.000000,1.252966,1.992221
71.830774,-82.344400,-255.000000,1.212406,2.010730
72.350774,-82.344400,-255.000000,1.292744,2.020419
72.870774,-82.344400,-255.000000,1.299307,2.006603
73.390774,-82.344400,-255.000000,1.316592,1.984623
73.910774,-82.344400,-255.000000,1.271830,2.018376
74.430774,-82.344400,-255.000000,1.230145,2.001012
74.950774,-82.344400,-255.000000,1.190359,1.990953
75.470774,-82.344400,-255.000000,1.304130,1.991389
75.990774,-82.344400,-255.000000,1.260977,1.997613
13.070774,-81.824400,-255.000000,1.283170,1.987558
13.590774,-81.824400,-255.000000,1.225165,1.984071
14.110774,-81.824400,-255.000000,1.220874,1.973848
14.630774,-81.824400,-255.000000,1.232803,2.012646
15.150774,-81.824400,-255.000000,1.252469,1.984825
15.670774,-81.824400,-255.000000,1.215178,1.991010
16.190774,-81.824400,-255.000000,1.233211,1.999867
16.710774,-81.824400,-255.000000,1.283879,1.996064
17.230774,-81.824400,-255.000000,1.280064,1.991594
17.750774,-81.824400,-255.000000,1.245614,1.990405
18.270774,-81.824400,-255.000000,1.289961,2.010402
18.790774,-81.824400,-255.000000,1.216988,2.000237
19.310774,-81.824400,-255.000000,1.240041,1.995150
19.830774,-81.824400,-255.000000,1.255766,2.020461
20.350774,-81.824400,-255.000000,1.283978,2.023845
20.870774,-81.824400,-255.000000,1.279246,2.003488
21.390774,-81.824400,-255.000000,1.251175,1.979303
21.910774,-81.824400,-255.000000,1.243343,1.996395
22.430774,-81.824400,-255.000000,1.231986,1.999934
22.950774,-81.824400,-255.000000,1.272424,1.995557
23.470774,-81.824400,-255.000000,1.262460,1.991971
23.990774,-81.824400,-255.000000,1.233053,2.021279
24.510774,-81.824400,-255.000000,1.241939,2.000192
25.030774,-81.824400,-255.000000,1.230086,1.990849
25.550774,-81.824400,-255.000000,1.252097,2.016589
26.070774,-81.824400,-255.000000,1.261240,2.002856
26.590774,-81.824400,-255.000000,1.238546,2.002146
27.110774,-81.824400,-255.000000,1.307601,2.006168
27.630774,-81.824400,-255.000000,1.274692,2.008347
28.150774,-81.824400,-255.000000,1.229682,1.994809
28.670774,-81.824400,-255.000000,1.296865,1.994000
29.190774,-81.824400,-255.000000,1.308197,2.005932
29.710774,-81.824400,-255.000000,1.334860,2.005685
30.230774,-81.824400,-255.000000,1.264284,2.011592
30.750774,-81.824400,-255.000000,1.238739,1.991762
31.270774,-81.824400,-255.000000,1.237843,2.007223
31.790774,-81.824400,-255.000000,1.230877,1.992375
32.310774,-81.824400,-255.000000,1.263327,2.012034
32.830774,-81.824400,-255.000000,1.266819,1.994481
33.350774,-81.824400,-255.000000,1.216296,2.015983
33.870774,-81.824400,-255.000000,1.220316,2.004913
34.390774,-81.824400,-255.000000,1.232952,2.001442
34.910774,-81.824400,-255.000000,1.257008,1.979885
35.430774,-81.824400,-255.000000,1.212660,2.013234
35.950774,-81.824400,-255.000000,1.250792,1.995905
36.470774,-81.824400,-255.000000,1.257654,2.020996
36.990774,-81.824400,-255.000000,1.246889,1.991578
37.510774,-81.824400,-255.000000,1.249802,2.005577
38.030774,-81.824400,-255.000000,1.207682,2.002691
38.550774,-81.824400,-255.000000,1.227490,1.995336
39.070774,-81.824400,-255.000000,1.251881,2.013372
39.590774,-81.824400,-255.000000,1.234566,1.993939
40.110774,-81.824400,-255.000000,1.210657,1.988411
40.630774,-81.824400,-255.000000,1.274101,2.003853
41.150774,-81.824400,-255.000000,1.293058,1.998870
41.670774,-81.824400,-255.000000,1.260316,1.998288
42.190774,-81.824400,-255.000000,1.250618,1.985651
42.710774,-81.824400,-255.000000,1.288337,1.998796
43.230774,-81.824400,-255.000000,1.238271,1.980873
43.750774,-81.824400,-255.000000,1.256709,2.011591
44.270774,-81.824400,-255.000000,1.296762,2.018183
44.790774,-81.824400,-255.000000,1.246575,2.000026
45.310774,-81.824400,-255.000000,1.220571,2.001315
45.830774,-81.824400,-255.000000,1.252510,2.006723
46.350774,-81.824400,-255.000000,1.245683,2.026834
46.870774,-81.824400,-255.000000,1.291787,2.026958
47.390774,-81.824400,-255.000000,1.281685,2.026299
47.910774,-81.824400,-255.000000,1.274142,1.994550
48.430774,-81.824400,-255.000000,1.313479,2.005585
48.950774,-81.824400,-255.000000,1.297770,2.007404
49.470774,-81.824400,-255.000000,1.284299,2.007973
49.990774,-81.824400,-255.000000,1.243278,2.006815
50.510774,-81.824400,-255.000000,1.243929,2.002600
51.030774,-81.824400,-255.000000,1.264416,2.008036
51.550774,-81.824400,-255.000000,1.295302,1.987203
52.070774,-81.824400,-255.000000,1.232388,2.000430
52.590774,-81.824400,-255.000000,1.330531,2.006130
53.110774,-81.824400,-255.000000,1.290151,2.011639
53.630774,-81.824400,-255.000000,1.274158,1.989812
54.150774,-81.824400,-255.000000,1.280269,2.000192
54.670774,-81.824400,-255.000000,1.246725,1.984836
55.190774,-81.824400,-255.000000,1.231750,2.016424
55.710774,-81.824400,-255.000000,1.241376,2.019690
56.230774,-81.824400,-255.000000,1.285074,2.018203
56.750774,-81.824400,-255.000000,1.252562,2.008991
57.270774,-81.824400,-255.000000,1.239732,2.003520
57.790774,-81.824400,-255.000000,1.214795,1.999301
58.310774,-81.824400,-255.000000,1.275034,2.018463
58.830774,-81.824400,-255.000000,1.231326,1.992485
59.350774,-81.824400,-255.000000,1.316944,2.006613
59.870774,-81.824400,-255.000000,1.265360,2.003490
60.390774,-81.824400,-255.000000,1.314695,2.014077
60.910774,-81.824400,-255.000000,1.300747,2.001390
61.430774,-81.824400,-255.000000,1.263917,2.018435
61.950774,-81.824400,-255.000000,1.279856,2.001022
62.470774,-81.824400,-255.000000,1.222304,1.997049
62.990774,-81.824400,-255.000000,1.259670,1.989062
63.510774,-81.824400,-255.000000,1.284278,1.990799
64.030774,-81.824400,-255.000000,1.226424,2.018253
64.550774,-81.824400,-255.000000,1.295752,1.996132
65.070774,-81.824400,-255.000000,1.283030,2.014832
65.590774,-81.824400,-255.000000,1.209592,2.010754
66.110774,-81.824400,-255.000000,1.237131,1.994192
66.630774,-81.824400,-255.000000,1.274510,1.997373
67.150774,-81.824400,-255.000000,1.262797,1.981541
67.670774,-81.824400,-255.000000,1.248716,2.016710
68.190774,-81.824400,-255.000000,1.223853,2.004046
68.710774,-81.824400,-255.000000,1.255011,2.004221
69.230774,-81.824400,-255.000000,1.257859,1.989368
69.750774,-81.824400,-255.000000,1.229732,1.992975
70.270774,-81.824400,-255.000000,1.263749,2.007328
70.790774,-81.824400,-255.000000,1.281749,2.015447
71.310774,-81.824400,-255.000000,1.234036,1.987347
71.830774,-81.824400,-255.000000,1.217747,2.017353
72.350774,-81.824400,-255.000000,1.310325,2.014269
72.870774,-81.824400,-255.000000,1.297585,1.994551
73.390774,-81.824400,-255.000000,1.299544,1.990409
73.910774,-81.824400,-255.000000,1.314337,2.031019
74.430774,-81.824400,-255.000000,1.251261,2.004951
74.950774,-81.824400,-255.000000,1.240907,1.988074
75.470774,-81.824400,-255.000000,1.287703,1.989282
75.990774,-81.824400,-255.000000,1.287899,1.993085
13.070774,-81.304400,-255.000000,1.285806,2.000075
75.990774,-81.304400,-255.000000,1.324304,1.997816
13.070774,-82.344400,-254.000000,1.242389,1.974012
13.590774,-82.344400,-254.000000,1.254797,1.964781
14.110774,-82.344400,-254.000000,1.248650,1.980800
14.630774,-82.344400,-254.000000,1.241302,1.974781
15.150774,-82.344400,-254.000000,1.270120,1.983842
15.670774,-82.344400,-254.000000,1.213303,1.982821
16.190774,-82.344400,-254.000000,1.259925,1.981517
16.710774,-82.344400,-254.000000,1.210717,1.997489
17.230774,-82.344400,-254.000000,1.239214,1.994186
17.750774,-82.344400,-254.000000,1.224932,1.996610
18.270774,-82.344400,-254.000000,1.235241,2.001521
18.790774,-82.344400,-254.000000,1.273614,2.001423
19.310774,-82.344400,-254.000000,1.224623,1.989007
19.830774,-82.344400,-254.000000,1.296264,1.988781
20.350774,-82.344400,-254.000000,1.238763,1.994541
20.870774,-82.344400,-254.000000,1.283244,1.996525
21.390774,-82.344400,-254.000000,1.293508,1.995599
21.910774,-82.344400,-254.000000,1.243174,1.982770
22.430774,-82.344400,-254.000000,1.205441,1.995729
22.950774,-82.344400,-254.000000,1.244664,2.004283
23.470774,-82.344400,-254.000000,1.269632,2.004612
23.990774,-82.344400,-254.000000,1.266749,1.995140
24.510774,-82.344400,-254.000000,1.262560,1.990696
25.030774,-82.344400,-254.000000,1.233714,2.005958
25.550774,-82.344400,-254.000000,1.216328,2.000596
26.070774,-82.344400,-254.000000,1.247793,1.989912
26.590774,-82.344400,-254.000000,1.359129,1.989770
27.110774,-82.344400,-254.000000,1.292792,1.994290
27.630774,-82.344400,-254.000000,1.232816,1.982365
28.150774,-82.344400,-254.000000,1.239351,1.993190
28.670774,-82.344400,-254.000000,1.251215,1.992345
29.190774,-82.344400,-254.000000,1.298748,2.002531
29.710774,-82.344400,-254.000000,1.241942,1.978196
30.230774,-82.344400,-254.000000,1.259596,1.984340
30.750774,-82.344400,-254.000000,1.276696,2.008413
31.270774,-82.344400,-254.000000,1.261497,1.982886
31.790774,-82.344400,-254.000000,1.258253,1.985959
32.310774,-82.344400,-254.000000,1.269395,1.997008
32.830774,-82.344400,-254.000000,1.245059,1.989478
33.350774,-82.344400,-254.000000,1.304263,1.998873
33.870774,-82.344400,-254.000000,1.249015,2.000746
34.390774,-82.344400,-254.000000,1.263174,2.004274
34.910774,-82.344400,-254.000000,1.214861,1.996360
35.430774,-82.344400,-254.000000,1.209069,2.015299
35.950774,-82.344400,-254.000000,1.208182,2.000135
36.470774,-82.344400,-254.000000,1.242513,1.989891
36.990774,-82.344400,-254.000000,1.208379,1.990648
37.510774,-82.344400,-254.000000,1.243076,1.990508
38.030774,-82.344400,-254.000000,1.273456,2.017929
38.550774,-82.344400,-254.000000,1.251176,1.990760
39.070774,-82.344400,-254.000000,1.203387,1.990246
39.590774,-82.344400,-254.000000,1.261170,2.020785
40.110774,-82.344400,-254.000000,1.215228,2.010699
40.630774,-82.344400,-254.000000,1.216160,1.999641
41.150774,-82.344400,-254.000000,1.252061,1.998607
41.670774,-82.344400,-254.000000,1.283042,1.999665
42.190774,-82.344400,-254.000000,1.336776,2.008007
42.710774,-82.344400,-254.000000,1.223201,1.997027
43.230774,-82.344400,-254.000000,1.242208,2.008610
43.750774,-82.344400,-254.000000,1.220622,1.986887
44.270774,-82.344400,-254.000000,1.239206,1.995106
44.790774,-82.344400,-254.000000,1.297621,2.017611
45.310774,-82.344400,-254.000000,1.260687,1.996358
45.830774,-82.344400,-254.000000,1.297029,2.018667
46.350774,-82.344400,-254.000000,1.288673,1.993363
46.870774,-82.344400,-254.000000,1.264681,1.992750
47.390774,-82.344400,-254.000000,1.262982,2.002849
47.910774,-82.344400,-254.000000,1.226218,2.001281
48.430774,-82.344400,-254.000000,1.258263,1.997265
48.950774,-82.344400,-254.000000,1.227332,2.002329
49.470774,-82.344400,-254.000000,1.282296,2.016031
49.990774,-82.344400,-254.000000,1.292924,2.008053
50.510774,-82.344400,-254.000000,1.282154,1.987541
51.030774,-82.344400,-254.000000,1.307892,2.000821
51.550774,-82.344400,-254.000000,1.256198,1.992330
52.070774,-82.344400,-254.000000,1.244099,1.994832
52.590774,-82.344400,-254.000000,1.268578,2.001879
53.110774,-82.344400,-254.000000,1.202644,1.990294
53.630774,-82.344400,-254.000000,1.285747,2.018813
54.150774,-82.344400,-254.000000,1.260730,1.996923
54.670774,-82.344400,-254.000000,1.270831,1.991945
55.190774,-82.344400,-254.000000,1.291520,2.012421
55.710774,-82.344400,-254.000000,1.264482,1.997347
56.230774,-82.344400,-254.000000,1.307364,2.012233
56.750774,-82.344400,-254.000000,1.251976,1.997331
57.270774,-82.344400,-254.000000,1.224458,1.983248
57.790774,-82.344400,-254.000000,1.249004,2.004383
58.310774,-82.344400,-254.000000,1.268765,2.001046
58.830774,-82.344400,-254.000000,1.245632,2.005519
59.350774,-82.344400,-254.000000,1.258379,2.005290
59.870774,-82.344400,-254.000000,1.265055,2.005482
60.390774,-82.344400,-254.000000,1.321474,1.994609
60.910774,-82.344400,-254.000000,1.225039,1.997464
61.430774,-82.344400,-254.000000,1.204480,1.996854
61.950774,-82.344400,-254.000000,1.312287,1.989346
62.470774,-82.344400,-254.000000,1.258186,2.016761
62.990774,-82.344400,-254.000000,1.247423,1.998112
63.510774,-82.344400,-254.000000,1.209586,2.008532
64.030774,-82.344400,-254.000000,1.234777,2.005926
64.550774,-82.344400,-254.000000,1.206399,2.018288
65.070774,-82.344400,-254.000000,1.258866,1.999503
65.590774,-82.344400,-254.000000,1.265787,1.993147
66.110774,-82.344400,-254.000000,1.245244,1.992875
66.630774,-82.344400,-254.000000,1.244161,1.990157
67.150774,-82.344400,-254.000000,1.284312,2.006021
67.670774,-82.344400,-254.000000,1.282694,1.991934
68.190774,-82.344400,-254.000000,1.233087,2.018131
68.710774,-82.344400,-254.000000,1.216562,1.981306
69.230774,-82.344400,-254.000000,1.281588,1.994254
69.750774,-82.344400,-254.000000,1.221041,2.011002
70.270774,-82.344400,-254.000000,1.262025,1.999834
70.790774,-82.344400,-254.000000,1.285070,2.027969
71.310774,-82.344400,-254.000000,1.253681,1.991820
71.830774,-82.344400,-254.000000,1.262709,2.001333
72.350774,-82.344400,-254.000000,1.385798,2.008230
72.870774,-82.344400,-254.000000,1.314886,1.993893
73.390774,-82.344400,-254.000000,1.274365,1.989495
73.910774,-82.344400,-254.000000,1.289175,1.995751
74.430774,-82.344400,-254.000000,1.216107,1.999948
74.950774,-82.344400,-254.000000,1.220803,2.024632
75.470774,-82.344400,-254.000000,1.246311,1.990476
75.990774,-82.344400,-254.000000,1.224377,1.996673
13.070774,-81.824400,-254.000000,1.280303,1.995029
13.590774,-81.824400,-254.000000,1.285935,1.973858
14.110774,-81.824400,-254.000000,1.298360,1.980496
14.630774,-81.824400,-254.000000,1.281835,1.986863
15.150774,-81.824400,-254.000000,1.272790,1.981431
15.670774,-81.824400,-254.000000,1.228420,1.985308
16.190774,-81.824400,-254.000000,1.229949,1.982209
16.710774,-81.824400,-254.000000,1.208334,1.999795
17.230774,-81.824400,-254.000000,1.262381,1.999425
17.750774,-81.824400,-254.000000,1.207467,2.001551
18.270774,-81.824400,-254.000000,1.252978,2.015672
18.790774,-81.824400,-254.000000,1.260630,2.003139
19.310774,-81.824400,-254.000000,1.216101,1.987855
19.830774,-81.824400,-254.000000,1.320805,2.002360
20.350774,-81.824400,-254.000000,1.300492,2.012280
20.870774,-81.824400,-254.000000,1.246115,2.004485
21.390774,-81.824400,-254.000000,1.219099,1.992603
21.910774,-81.824400,-254.000000,1.233889,1.983142
22.430774,-81.824400,-254.000000,1.235037,1.984368
22.950774,-81.824400,-254.000000,1.235995,2.015300
23.470774,-81.824400,-254.000000,1.288139,2.016540
23.990774,-81.824400,-254.000000,1.229399,1.998095
24.510774,-81.824400,-254.000000,1.270366,1.992720
25.030774,-81.824400,-254.000000,1.230273,1.994758
25.550774,-81.824400,-254.000000,1.246704,2.006421
26.070774,-81.824400,-254.000000,1.261737,1.997708
26.590774,-81.824400,-254.000000,1.228035,1.981919
27.110774,-81.824400,-254.000000,1.285082,2.026673
27.630774,-81.824400,-254.000000,1.333391,1.987608
28.150774,-81.824400,-254.000000,1.232157,1.995693
28.670774,-81.824400,-254.000000,1.268112,1.982582
29.190774,-81.824400,-254.000000,1.253961,1.992237
29.710774,-81.824400,-254.000000,1.218019,2.000073
30.230774,-81.824400,-254.000000,1.374644,1.987906
30.750774,-81.824400,-254.000000,1.242219,2.010899
31.270774,-81.824400,-254.000000,1.256323,1.992634
31.790774,-81.824400,-254.000000,1.278421,1.988500
32.310774,-81.824400,-254.000000,1.323294,1.998363
32.830774,-81.824400,-254.000000,1.273753,1.988306
33.350774,-81.824400,-254.000000,1.265029,1.993876
33.870774,-81.824400,-254.000000,1.221543,2.002441
34.390774,-81.824400,-254.000000,1.294891,2.010167
34.910774,-81.824400,-254.000000,1.224871,2.000098
35.430774,-81.824400,-254.000000,1.228434,2.013807
35.950774,-81.824400,-254.000000,1.246664,2.002878
36.470774,-81.824400,-254.000000,1.289032,1.995726
36.990774,-81.824400,-254.000000,1.212880,1.994978
37.510774,-81.824400,-254.000000,1.275467,1.998501
38.030774,-81.824400,-254.000000,1.272790,2.017086
38.550774,-81.824400,-254.000000,1.253673,2.010099
39.070774,-81.824400,-254.000000,1.215736,1.988525
39.590774,-81.824400,-254.000000,1.246159,2.029626
40.110774,-81.824400,-254.000000,1.252964,2.016215
40.630774,-81.824400,-254.000000,1.210613,1.999810
41.150774,-81.824400,-254.000000,1.210054,1.993737
41.670774,-81.824400,-254.000000,1.232732,1.991427
42.190774,-81.824400,-254.000000,1.245348,1.995792
42.710774,-81.824400,-254.000000,1.269186,2.006987
43.230774,-81.824400,-254.000000,1.230389,2.006453
43.750774,-81.824400,-254.000000,1.236291,2.004840
44.270774,-81.824400,-254.000000,1.234008,1.995572
44.790774,-81.824400,-254.000000,1.327414,2.008657
45.310774,-81.824400,-254.000000,1.282420,1.994131
45.830774,-81.824400,-254.000000,1.250148,2.015525
46.350774,-81.824400,-254.000000,1.300201,1.993024
46.870774,-81.824400,-254.000000,1.276040,1.995066
47.390774,-81.824400,-254.000000,1.222472,1.997854
47.910774,-81.824400,-254.000000,1.270608,2.001273
48.430774,-81.824400,-254.000000,1.251531,1.999031
48.950774,-81.824400,-254.000000,1.255730,2.012293
49.470774,-81.824400,-254.000000,1.261508,2.007076
49.990774,-81.824400,-254.000000,1.334639,2.018346
50.510774,-81.824400,-254.000000,1.233054,1.994788
51.030774,-81.824400,-254.000000,1.282971,2.001456
51.550774,-81.824400,-254.000000,1.250195,2.002766
52.070774,-81.824400,-254.000000,1.270424,2.006477
52.590774,-81.824400,-254.000000,1.291805,2.019919
53.110774,-81.824400,-254.000000,1.223279,1.993215
53.630774,-81.824400,-254.000000,1.276984,2.013531
54.150774,-81.824400,-254.000000,1.257790,1.994783
54.670774,-81.824400,-254.000000,1.273726,1.998767
55.190774,-81.824400,-254.000000,1.258559,2.000479
55.710774,-81.824400,-254.000000,1.249391,1.998357
56.230774,-81.824400,-254.000000,1.291993,2.015893
56.750774,-81.824400,-254.000000,1.285513,2.018618
57.270774,-81.824400,-254.000000,1.293998,1.985032
57.790774,-81.824400,-254.000000,1.240354,2.001374
58.310774,-81.824400,-254.000000,1.291142,1.998187
58.830774,-81.824400,-254.000000,1.223057,1.992267
59.350774,-81.824400,-254.000000,1.247486,1.998925
59.870774,-81.824400,-254.000000,1.221708,2.007561
60.390774,-81.824400,-254.000000,1.341564,2.005155
60.910774,-81.824400,-254.000000,1.230732,1.998283
61.430774,-81.824400,-254.000000,1.212174,2.001282
61.950774,-81.824400,-254.000000,1.252402,1.991215
62.470774,-81.824400,-254.000000,1.282920,2.019415
62.990774,-81.824400,-254.000000,1.268886,1.994810
63.510774,-81.824400,-254.000000,1.269609,2.013133
64.030774,-81.824400,-254.000000,1.263700,1.999408
64.550774,-81.824400,-254.000000,1.265814,2.013626
65.070774,-81.824400,-254.000000,1.312430,2.004781
65.590774,-81.824400,-254.000000,1.290022,1.997622
66.110774,-81.824400,-254.000000,1.235854,1.993192
66.630774,-81.824400,-254.000000,1.244581,1.998717
67.150774,-81.824400,-254.000000,1.246752,2.004059
67.670774,-81.824400,-254.000000,1.243249,1.986727
68.190774,-81.824400,-254.000000,1.271507,2.021035
68.710774,-81.824400,-254.000000,1.249688,2.004765
69.230774,-81.824400,-254.000000,1.248141,1.996607
69.750774,-81.824400,-254.000000,1.232826,2.005949
70.270774,-81.824400,-254.000000,1.275408,2.001011
70.790774,-81.824400,-254.000000,1.282871,2.017990
71.310774,-81.824400,-254.000000,1.266366,1.994626
71.830774,-81.824400,-254.000000,1.220232,2.004372
72.350774,-81.824400,-254.000000,1.278709,2.003768
72.870774,-81.824400,-254.000000,1.287610,1.994498
73.390774,-81.824400,-254.000000,1.271701,1.991002
73.910774,-81.824400,-254.000000,1.294015,1.999799
74.430774,-81.824400,-254.000000,1.218430,1.997652
74.950774,-81.824400,-254.000000,1.239508,2.002050
75.470774,-81.824400,-254.000000,1.259592,1.992494
75.990774,-81.824400,-254.000000,1.261551,2.002168
13.070774,-81.304400,-254.000000,1.247019,1.992573
13.070774,-82.344400,-253.000000,1.236939,1.962265
13.590774,-82.344400,-253.000000,1.263299,1.979124
14.110774,-82.344400,-253.000000,1.307842,1.991619
14.630774,-82.344400,-253.000000,1.289659,1.983440
15.150774,-82.344400,-253.000000,1.308920,2.004365
15.670774,-82.344400,-253.000000,1.236916,1.986973
16.190774,-82.344400,-253.000000,1.281122,2.011561
16.710774,-82.344400,-253.000000,1.252571,1.983430
17.230774,-82.344400,-253.000000,1.325810,2.028252
17.750774,-82.344400,-253.000000,1.274315,2.008111
18.270774,-82.344400,-253.000000,1.277655,2.002902
18.790774,-82.344400,-253.000000,1.249777,1.993476
19.310774,-82.344400,-253.000000,1.309499,2.022317
19.830774,-82.344400,-253.000000,1.275169,1.997990
20.350774,-82.344400,-253.000000,1.262585,1.992176
20.870774,-82.344400,-253.000000,1.230609,2.000558
21.390774,-82.344400,-253.000000,1.254793,1.985482
21.910774,-82.344400,-253.000000,1.227294,2.010758
22.430774,-82.344400,-253.000000,1.226249,2.019252
22.950774,-82.344400,-253.000000,1.222813,1.995179
23.470774,-82.344400,-253.000000,1.243622,2.010358
23.990774,-82.344400,-253.000000,1.284774,2.002172
24.510774,-82.344400,-253.000000,1.279823,2.018358
25.030774,-82.344400,-253.000000,1.262429,1.990269
25.550774,-82.344400,-253.000000,1.257838,2.004650
26.070774,-82.344400,-253.000000,1.280709,2.006049
26.590774,-82.344400,-253.000000,1.230238,2.012813
27.110774,-82.344400,-253.000000,1.270513,1.987994
27.630774,-82.344400,-253.000000,1.281184,2.027328
28.150774,-82.344400,-253.000000,1.265482,1.983534
28.670774,-82.344400,-253.000000,1.245438,2.010252
29.190774,-82.344400,-253.000000,1.220461,1.996253
29.710774,-82.344400,-253.000000,1.257022,2.018689
30.230774,-82.344400,-253.000000,1.280092,1.993483
30.750774,-82.344400,-253.000000,1.263026,1.995393
31.270774,-82.344400,-253.000000,1.282437,2.004687
31.790774,-82.344400,-253.000000,1.255403,2.005971
32.310774,-82.344400,-253.000000,1.264754,2.004080
32.830774,-82.344400,-253.000000,1.297885,2.000256
33.350774,-82.344400,-253.000000,1.242330,1.978737
33.870774,-82.344400,-253.000000,1.273189,2.027621
34.390774,-82.344400,-253.000000,1.285300,1.988544
34.910774,-82.344400,-253.000000,1.253325,1.993944
35.430774,-82.344400,-253.000000,1.268983,2.023909
35.950774,-82.344400,-253.000000,1.299453,2.000576
36.470774,-82.344400,-253.000000,1.240592,1.987855
36.990774,-82.344400,-253.000000,1.301142,1.999271
37.510774,-82.344400,-253.000000,1.256321,2.001639
38.030774,-82.344400,-253.000000,1.267934,1.996917
38.550774,-82.344400,-253.000000,1.250767,2.019356
39.070774,-82.344400,-253.000000,1.257001,1.998589
39.590774,-82.344400,-253.000000,1.259642,1.997262
40.110774,-82.344400,-253.000000,1.208940,1.989525
40.630774,-82.344400,-253.000000,1.199892,2.032182
41.150774,-82.344400,-253.000000,1.250646,2.009111
41.670774,-82.344400,-253.000000,1.311894,1.999617
42.190774,-82.344400,-253.000000,1.266680,1.988522
42.710774,-82.344400,-253.000000,1.214455,2.015772
43.230774,-82.344400,-253.000000,1.263449,1.987832
43.750774,-82.344400,-253.000000,1.247766,1.999850
44.270774,-82.344400,-253.000000,1.236201,2.002633
44.790774,-82.344400,-253.000000,1.261552,2.014947
45.310774,-82.344400,-253.000000,1.244934,2.014648
45.830774,-82.344400,-253.000000,1.184281,2.002730
46.350774,-82.344400,-253.000000,1.275919,1.988364
46.870774,-82.344400,-253.000000,1.259382,2.016289
47.390774,-82.344400,-253.000000,1.250034,2.002016
47.910774,-82.344400,-253.000000,1.219500,2.006597
48.430774,-82.344400,-253.000000,1.257560,2.012676
48.950774,-82.344400,-253.000000,1.232192,1.994738
49.470774,-82.344400,-253.000000,1.243774,1.999374
49.990774,-82.344400,-253.000000,1.277131,1.998295
50.510774,-82.344400,-253.000000,1.242988,1.981938
51.030774,-82.344400,-253.000000,1.322814,1.995117
51.550774,-82.344400,-253.000000,1.292136,2.003581
52.070774,-82.344400,-253.000000,1.280201,1.998757
52.590774,-82.344400,-253.000000,1.260534,1.994028
53.110774,-82.344400,-253.000000,1.295003,2.012208
53.630774,-82.344400,-253.000000,1.256974,1.999196
54.150774,-82.344400,-253.000000,1.239045,1.998033
54.670774,-82.344400,-253.000000,1.226572,1.998466
55.190774,-82.344400,-253.000000,1.201409,1.999617
55.710774,-82.344400,-253.000000,1.244869,1.994710
56.230774,-82.344400,-253.000000,1.203586,2.019806
56.750774,-82.344400,-253.000000,1.222491,2.017262
57.270774,-82.344400,-253.000000,1.316395,1.993317
57.790774,-82.344400,-253.000000,1.242662,1.993370
58.310774,-82.344400,-253.000000,1.303428,1.995667
58.830774,-82.344400,-253.000000,1.261120,1.996281
59.350774,-82.344400,-253.000000,1.278440,1.989429
59.870774,-82.344400,-253.000000,1.269375,2.005949
60.390774,-82.344400,-253.000000,1.249305,2.003293
60.910774,-82.344400,-253.000000,1.228417,1.993543
61.430774,-82.344400,-253.000000,1.220135,2.000452
61.950774,-82.344400,-253.000000,1.235517,2.015540
62.470774,-82.344400,-253.000000,1.234499,1.981336
62.990774,-82.344400,-253.000000,1.274286,2.001419
63.510774,-82.344400,-253.000000,1.264027,1.985749
64.030774,-82.344400,-253.000000,1.207895,2.002035
64.550774,-82.344400,-253.000000,1.271071,1.995108
65.070774,-82.344400,-253.000000,1.210938,1.997800
65.590774,-82.344400,-253.000000,1.242369,2.004893
66.110774,-82.344400,-253.000000,1.272726,1.998225
66.630774,-82.344400,-253.000000,1.255073,2.007302
67.150774,-82.344400,-253.000000,1.274651,2.005036
67.670774,-82.344400,-253.000000,1.298966,2.008363
68.190774,-82.344400,-253.000000,1.232329,1.976250
68.710774,-82.344400,-253.000000,1.237722,2.005393
69.230774,-82.344400,-253.000000,1.259988,2.019655
69.750774,-82.344400,-253.000000,1.254186,2.029168
70.270774,-82.344400,-253.000000,1.270512,2.011058
70.790774,-82.344400,-253.000000,1.306456,2.001946
71.310774,-82.344400,-253.000000,1.250545,2.008244
71.830774,-82.344400,-253.000000,1.304741,2.011283
72.350774,-82.344400,-253.000000,1.367743,1.993450
72.870774,-82.344400,-253.000000,1.239748,2.009716
73.390774,-82.344400,-253.000000,1.300290,2.000573
73.910774,-82.344400,-253.000000,1.246470,1.984293
74.430774,-82.344400,-253.000000,1.239481,1.992245
74.950774,-82.344400,-253.000000,1.265345,1.999038
75.470774,-82.344400,-253.000000,1.230950,2.023817
75.990774,-82.344400,-253.000000,1.276398,2.030388
13.070774,-81.824400,-253.000000,1.223356,1.968104
13.590774,-81.824400,-253.000000,1.235457,1.980009
14.110774,-81.824400,-253.000000,1.270894,1.996688
14.630774,-81.824400,-253.000000,1.265224,1.991486
15.150774,-81.824400,-253.000000,1.288654,1.994755
15.670774,-81.824400,-253.000000,1.321077,1.990730
16.190774,-81.824400,-253.000000,1.335257,2.011157
16.710774,-81.824400,-253.000000,1.328541,1.989338
17.230774,-81.824400,-253.000000,1.277959,2.030861
17.750774,-81.824400,-253.000000,1.316422,2.014012
18.270774,-81.824400,-253.000000,1.288240,2.003498
18.790774,-81.824400,-253.000000,1.218513,1.997508
19.310774,-81.824400,-253.000000,1.335988,2.022274
19.830774,-81.824400,-253.000000,1.261674,2.008536
20.350774,-81.824400,-253.000000,1.249490,1.989208
20.870774,-81.824400,-253.000000,1.264244,1.990043
21.390774,-81.824400,-253.000000,1.231481,1.984171
21.910774,-81.824400,-253.000000,1.254612,2.002856
22.430774,-81.824400,-253.000000,1.220760,1.994865
22.950774,-81.824400,-253.000000,1.235775,1.995126
23.470774,-81.824400,-253.000000,1.288115,2.016304
23.990774,-81.824400,-253.000000,1.277643,2.016771
24.510774,-81.824400,-253.000000,1.250340,2.024881
25.030774,-81.824400,-253.000000,1.239691,2.008152
25.550774,-81.824400,-253.000000,1.275684,2.002410
26.070774,-81.824400,-253.000000,1.245103,2.004033
26.590774,-81.824400,-253.000000,1.204437,2.022947
27.110774,-81.824400,-253.000000,1.288875,1.986415
27.630774,-81.824400,-253.000000,1.284229,1.996184
28.150774,-81.824400,-253.000000,1.272621,1.988778
28.670774,-81.824400,-253.000000,1.277238,2.002930
29.190774,-81.824400,-253.000000,1.302630,2.006185
29.710774,-81.824400,-253.000000,1.269849,2.003078
30.230774,-81.824400,-253.000000,1.273022,2.000942
30.750774,-81.824400,-253.000000,1.245109,1.996661
31.270774,-81.824400,-253.000000,1.222825,2.003771
31.790774,-81.824400,-253.000000,1.224147,1.997515
32.310774,-81.824400,-253.000000,1.257033,2.008767
32.830774,-81.824400,-253.000000,1.318543,1.990711
33.350774,-81.824400,-253.000000,1.251214,1.982326
33.870774,-81.824400,-253.000000,1.256555,2.009488
34.390774,-81.824400,-253.000000,1.286620,1.992087
34.910774,-81.824400,-253.000000,1.263024,1.998390
35.430774,-81.824400,-253.000000,1.283494,2.029202
35.950774,-81.824400,-253.000000,1.344132,2.014412
36.470774,-81.824400,-253.000000,1.250485,1.990164
36.990774,-81.824400,-253.000000,1.223492,2.001722
37.510774,-81.824400,-253.000000,1.298175,2.006335
38.030774,-81.824400,-253.000000,1.227270,1.988254
38.550774,-81.824400,-253.000000,1.273467,2.008163
39.070774,-81.824400,-253.000000,1.267960,2.001144
39.590774,-81.824400,-253.000000,1.240530,1.986637
40.110774,-81.824400,-253.000000,1.214280,1.973169
40.630774,-81.824400,-253.000000,1.219844,1.988424
41.150774,-81.824400,-253.000000,1.227898,1.995828
41.670774,-81.824400,-253.000000,1.310842,2.015426
42.190774,-81.824400,-253.000000,1.294097,1.999643
42.710774,-81.824400,-253.000000,1.255409,2.017295
43.230774,-81.824400,-253.000000,1.210243,1.994766
43.750774,-81.824400,-253.000000,1.238788,1.999092
44.270774,-81.824400,-253.000000,1.272102,2.004798
44.790774,-81.824400,-253.000000,1.280167,2.009569
45.310774,-81.824400,-253.000000,1.271832,2.018373
45.830774,-81.824400,-253.000000,1.259937,2.017956
46.350774,-81.824400,-253.000000,1.270271,1.989886
46.870774,-81.824400,-253.000000,1.275111,2.008798
47.390774,-81.824400,-253.000000,1.273084,2.005507
47.910774,-81.824400,-253.000000,1.278276,1.998922
48.430774,-81.824400,-253.000000,1.246777,2.011009
48.950774,-81.824400,-253.000000,1.224859,1.997978
49.470774,-81.824400,-253.000000,1.227798,2.013314
49.990774,-81.824400,-253.000000,1.328157,2.000513
50.510774,-81.824400,-253.000000,1.243109,1.988696
51.030774,-81.824400,-253.000000,1.297525,1.997508
51.550774,-81.824400,-253.000000,1.278551,1.995667
52.070774,-81.824400,-253.000000,1.247338,2.000921
52.590774,-81.824400,-253.000000,1.246845,2.008067
53.110774,-81.824400,-253.000000,1.303843,2.017844
53.630774,-81.824400,-253.000000,1.215941,1.997475
54.150774,-81.824400,-253.000000,1.231216,2.000608
54.670774,-81.824400,-253.000000,1.208047,1.999038
55.190774,-81.824400,-253.000000,1.213177,2.008192
55.710774,-81.824400,-253.000000,1.236731,1.985596
56.230774,-81.824400,-253.000000,1.251752,2.006795
56.750774,-81.824400,-253.000000,1.251604,1.997044
57.270774,-81.824400,-253.000000,1.287082,2.002355
57.790774,-81.824400,-253.000000,1.274569,1.996036
58.310774,-81.824400,-253.000000,1.243771,1.999313
58.830774,-81.824400,-253.000000,1.262173,1.999529
59.350774,-81.824400,-253.000000,1.320393,1.983078
59.870774,-81.824400,-253.000000,1.293521,1.998679
60.390774,-81.824400,-253.000000,1.248659,2.036035
60.910774,-81.824400,-253.000000,1.237310,1.995954
61.430774,-81.824400,-253.000000,1.255696,1.994143
61.950774,-81.824400,-253.000000,1.235496,2.015945
62.470774,-81.824400,-253.000000,1.219715,1.987160
62.990774,-81.824400,-253.000000,1.282573,1.998204
63.510774,-81.824400,-253.000000,1.298225,1.988005
64.030774,-81.824400,-253.000000,1.291255,2.006858
64.550774,-81.824400,-253.000000,1.283713,1.988813
65.070774,-81.824400,-253.000000,1.275261,2.004685
65.590774,-81.824400,-253.000000,1.269930,2.026882
66.110774,-81.824400,-253.000000,1.247794,1.993029
66.630774,-81.824400,-253.000000,1.270535,2.009623
67.150774,-81.824400,-253.000000,1.326955,2.004193
67.670774,-81.824400,-253.000000,1.278169,1.990047
68.190774,-81.824400,-253.000000,1.220923,1.987604
68.710774,-81.824400,-253.000000,1.247307,2.013268
69.230774,-81.824400,-253.000000,1.265786,2.013555
69.750774,-81.824400,-253.000000,1.314326,2.043819
70.270774,-81.824400,-253.000000,1.289735,2.000321
70.790774,-81.824400,-253.000000,1.245202,2.004549
71.310774,-81.824400,-253.000000,1.279620,2.012681
71.830774,-81.824400,-253.000000,1.296571,2.029252
72.350774,-81.824400,-253.000000,1.281051,2.001941
72.870774,-81.824400,-253.000000,1.308586,2.007843
73.390774,-81.824400,-253.000000,1.286727,2.001051
73.910774,-81.824400,-253.000000,1.275851,1.996587
74.430774,-81.824400,-253.000000,1.212512,1.991129
74.950774,-81.824400,-253.000000,1.272347,1.993363
75.470774,-81.824400,-253.000000,1.224430,2.013361
75.990774,-81.824400,-253.000000,1.223065,2.005222
13.070774,-81.304400,-253.000000,1.265221,1.972548
75.990774,-81.304400,-253.000000,1.229947,2.000250
13.070774,-82.344400,-252.000000,1.212531,1.986621
13.590774,-82.344400,-252.000000,1.221187,1.965478
14.110774,-82.344400,-252.000000,1.234089,1.992882
14.630774,-82.344400,-252.000000,1.219138,1.967362
15.150774,-82.344400,-252.000000,1.261820,1.993398
15.670774,-82.344400,-252.000000,1.245187,1.993856
16.190774,-82.344400,-252.000000,1.276065,1.982046
16.710774,-82.344400,-252.000000,1.290367,1.986699
17.230774,-82.344400,-252.000000,1.245344,1.992153
17.750774,-82.344400,-252.000000,1.294150,1.988971
18.270774,-82.344400,-252.000000,1.222979,1.993605
18.790774,-82.344400,-252.000000,1.237996,1.998937
19.310774,-82.344400,-252.000000,1.219968,2.008425
19.830774,-82.344400,-252.000000,1.311682,2.009135
20.350774,-82.344400,-252.000000,1.245895,1.995050
20.870774,-82.344400,-252.000000,1.222533,1.983035
21.390774,-82.344400,-252.000000,1.280977,1.990001
21.910774,-82.344400,-252.000000,1.281247,1.996124
22.430774,-82.344400,-252.000000,1.254935,1.991434
22.950774,-82.344400,-252.000000,1.266691,1.989216
23.470774,-82.344400,-252.000000,1.253284,1.986742
23.990774,-82.344400,-252.000000,1.247200,2.004121
24.510774,-82.344400,-252.000000,1.208944,1.988707
25.030774,-82.344400,-252.000000,1.296880,2.004205
25.550774,-82.344400,-252.000000,1.328875,2.017520
26.070774,-82.344400,-252.000000,1.225832,2.004814
26.590774,-82.344400,-252.000000,1.208740,1.974732
27.110774,-82.344400,-252.000000,1.239665,1.989411
27.630774,-82.344400,-252.000000,1.306264,2.003945
28.150774,-82.344400,-252.000000,1.296162,1.991765
28.670774,-82.344400,-252.000000,1.252407,2.024125
29.190774,-82.344400,-252.000000,1.291067,2.014588
29.710774,-82.344400,-252.000000,1.329939,1.985188
30.230774,-82.344400,-252.000000,1.288545,2.009544
30.750774,-82.344400,-252.000000,1.263566,2.000656
31.270774,-82.344400,-252.000000,1.289169,1.995565
31.790774,-82.344400,-252.000000,1.260265,2.011108
32.310774,-82.344400,-252.000000,1.243834,2.008257
32.830774,-82.344400,-252.000000,1.243597,1.996118
33.350774,-82.344400,-252.000000,1.280432,2.015167
33.870774,-82.344400,-252.000000,1.324663,1.983910
34.390774,-82.344400,-252.000000,1.281103,2.003570
34.910774,-82.344400,-252.000000,1.305007,2.002513
35.430774,-82.344400,-252.000000,1.355980,2.007082
35.950774,-82.344400,-252.000000,1.348946,1.990274
36.470774,-82.344400,-252.000000,1.340553,2.004413
36.990774,-82.344400,-252.000000,1.236794,1.981540
37.510774,-82.344400,-252.000000,1.268560,1.994772
38.030774,-82.344400,-252.000000,1.363401,2.013544
38.550774,-82.344400,-252.000000,1.283390,2.003021
39.070774,-82.344400,-252.000000,1.241644,2.008951
39.590774,-82.344400,-252.000000,1.210614,1.993187
40.110774,-82.344400,-252.000000,1.225143,1.999311
40.630774,-82.344400,-252.000000,1.235294,2.000817
41.150774,-82.344400,-252.000000,1.237640,2.016434
41.670774,-82.344400,-252.000000,1.243352,1.996928
42.190774,-82.344400,-252.000000,1.213397,2.000421
42.710774,-82.344400,-252.000000,1.260806,2.004266
43.230774,-82.344400,-252.000000,1.326558,2.004290
43.750774,-82.344400,-252.000000,1.294348,1.983225
44.270774,-82.344400,-252.000000,1.318987,1.997905
44.790774,-82.344400,-252.000000,1.286951,1.997450
45.310774,-82.344400,-252.000000,1.309173,1.998237
45.830774,-82.344400,-252.000000,1.240584,1.993459
46.350774,-82.344400,-252.000000,1.276312,1.989203
46.870774,-82.344400,-252.000000,1.351763,1.986461
47.390774,-82.344400,-252.000000,1.231165,1.998521
47.910774,-82.344400,-252.000000,1.255819,1.999605
48.430774,-82.344400,-252.000000,1.253495,1.991769
48.950774,-82.344400,-252.000000,1.278545,2.007797
49.470774,-82.344400,-252.000000,1.286144,1.991593
49.990774,-82.344400,-252.000000,1.280818,2.005722
50.510774,-82.344400,-252.000000,1.251904,2.011555
51.030774,-82.344400,-252.000000,1.285689,2.001900
51.550774,-82.344400,-252.000000,1.276112,1.996334
52.070774,-82.344400,-252.000000,1.287837,1.996219
52.590774,-82.344400,-252.000000,1.250818,2.007931
53.110774,-82.344400,-252.000000,1.265734,2.002373
53.630774,-82.344400,-252.000000,1.273736,1.995732
54.150774,-82.344400,-252.000000,1.235329,1.999237
54.670774,-82.344400,-252.000000,1.229164,2.007288
55.190774,-82.344400,-252.000000,1.221277,2.026024
55.710774,-82.344400,-252.000000,1.267386,1.987781
56.230774,-82.344400,-252.000000,1.245157,1.991134
56.750774,-82.344400,-252.000000,1.269076,1.997475
57.270774,-82.344400,-252.000000,1.222809,1.988284
57.790774,-82.344400,-252.000000,1.222966,1.995383
58.310774,-82.344400,-252.000000,1.224214,1.990389
58.830774,-82.344400,-252.000000,1.267508,1.994693
59.350774,-82.344400,-252.000000,1.247498,2.001159
59.870774,-82.344400,-252.000000,1.309961,2.010689
60.390774,-82.344400,-252.000000,1.305623,2.009619
60.910774,-82.344400,-252.000000,1.344342,1.990375
61.430774,-82.344400,-252.000000,1.259994,2.008475
61.950774,-82.344400,-252.000000,1.220103,1.991644
62.470774,-82.344400,-252.000000,1.253563,2.009659
62.990774,-82.344400,-252.000000,1.218501,2.002933
63.510774,-82.344400,-252.000000,1.231145,1.982013
64.030774,-82.344400,-252.000000,1.212077,1.980495
64.550774,-82.344400,-252.000000,1.261047,1.989871
65.070774,-82.344400,-252.000000,1.275314,2.005681
65.590774,-82.344400,-252.000000,1.261119,2.007607
66.110774,-82.344400,-252.000000,1.293290,1.999966
66.630774,-82.344400,-252.000000,1.241888,2.016917
67.150774,-82.344400,-252.000000,1.274337,1.983486
67.670774,-82.344400,-252.000000,1.253367,1.988574
68.190774,-82.344400,-252.000000,1.292436,1.990306
68.710774,-82.344400,-252.000000,1.281667,1.984512
69.230774,-82.344400,-252.000000,1.241803,2.026239
69.750774,-82.344400,-252.000000,1.218219,1.999340
70.270774,-82.344400,-252.000000,1.269608,1.993958
70.790774,-82.344400,-252.000000,1.280354,2.018189
71.310774,-82.344400,-252.000000,1.278409,2.015893
71.830774,-82.344400,-252.000000,1.226537,2.003281
72.350774,-82.344400,-252.000000,1.268146,1.985794
72.870774,-82.344400,-252.000000,1.282338,1.988906
73.390774,-82.344400,-252.000000,1.313634,2.006248
73.910774,-82.344400,-252.000000,1.198728,2.005805
74.430774,-82.344400,-252.000000,1.263278,1.993545
74.950774,-82.344400,-252.000000,1.315965,2.002248
75.470774,-82.344400,-252.000000,1.268131,1.982641
75.990774,-82.344400,-252.000000,1.257512,2.006495
13.070774,-81.824400,-252.000000,1.249716,1.993697
13.590774,-81.824400,-252.000000,1.237794,1.972795
14.110774,-81.824400,-252.000000,1.212447,1.980838
14.630774,-81.824400,-252.000000,1.235111,2.012776
15.150774,-81.824400,-252.000000,1.228052,1.996736
15.670774,-81.824400,-252.000000,1.318130,2.005918
16.190774,-81.824400,-252.000000,1.260880,1.980210
16.710774,-81.824400,-252.000000,1.244546,1.997167
17.230774,-81.824400,-252.000000,1.290436,1.996163
17.750774,-81.824400,-252.000000,1.270496,1.986665
18.270774,-81.824400,-252.000000,1.225163,1.987047
18.790774,-81.824400,-252.000000,1.225874,2.005279
19.310774,-81.824400,-252.000000,1.260069,2.015061
19.830774,-81.824400,-252.000000,1.297307,2.015671
20.350774,-81.824400,-252.000000,1.221202,1.997797
20.870774,-81.824400,-252.000000,1.243552,1.988058
21.390774,-81.824400,-252.000000,1.339019,1.993625
21.910774,-81.824400,-252.000000,1.239553,1.995996
22.430774,-81.824400,-252.000000,1.230438,1.991202
22.950774,-81.824400,-252.000000,1.206703,1.984766
23.470774,-81.824400,-252.000000,1.250298,1.994514
23.990774,-81.824400,-252.000000,1.267669,2.005884
24.510774,-81.824400,-252.000000,1.267256,2.004635
25.030774,-81.824400,-252.000000,1.302324,2.011912
25.550774,-81.824400,-252.000000,1.266501,2.014150
26.070774,-81.824400,-252.000000,1.254373,2.017703
26.590774,-81.824400,-252.000000,1.231661,1.974244
27.110774,-81.824400,-252.000000,1.313664,1.994925
27.630774,-81.824400,-252.000000,1.286065,2.003647
28.150774,-81.824400,-252.000000,1.376081,1.998650
28.670774,-81.824400,-252.000000,1.254282,1.998653
29.190774,-81.824400,-252.000000,1.269492,2.039867
29.710774,-81.824400,-252.000000,1.306785,1.981996
30.230774,-81.824400,-252.000000,1.228211,2.012662
30.750774,-81.824400,-252.000000,1.243344,2.000541
31.270774,-81.824400,-252.000000,1.284636,2.004768
31.790774,-81.824400,-252.000000,1.274548,2.008904
32.310774,-81.824400,-252.000000,1.270312,1.998730
32.830774,-81.824400,-252.000000,1.234483,2.012501
33.350774,-81.824400,-252.000000,1.203132,2.011472
33.870774,-81.824400,-252.000000,1.262369,1.984863
34.390774,-81.824400,-252.000000,1.240572,1.989116
34.910774,-81.824400,-252.000000,1.305960,2.022460
35.430774,-81.824400,-252.000000,1.308532,2.005557
35.950774,-81.824400,-252.000000,1.239277,1.992867
36.470774,-81.824400,-252.000000,1.210614,2.007450
36.990774,-81.824400,-252.000000,1.253605,1.986382
37.510774,-81.824400,-252.000000,1.219905,1.991836
38.030774,-81.824400,-252.000000,1.295187,2.000510
38.550774,-81.824400,-252.000000,1.283036,2.010895
39.070774,-81.824400,-252.000000,1.303033,2.007039
39.590774,-81.824400,-252.000000,1.231951,1.995820
40.110774,-81.824400,-252.000000,1.254458,2.018317
40.630774,-81.824400,-252.000000,1.247800,1.992709
41.150774,-81.824400,-252.000000,1.285867,2.007499
41.670774,-81.824400,-252.000000,1.327731,2.004033
42.190774,-81.824400,-252.000000,1.241814,2.013638
42.710774,-81.824400,-252.000000,1.275109,2.028841
43.230774,-81.824400,-252.000000,1.240308,1.987023
43.750774,-81.824400,-252.000000,1.243925,1.995573
44.270774,-81.824400,-252.000000,1.287445,2.012842
44.790774,-81.824400,-252.000000,1.243377,1.998959
45.310774,-81.824400,-252.000000,1.298199,1.997854
45.830774,-81.824400,-252.000000,1.293800,2.018024
46.350774,-81.824400,-252.000000,1.242896,1.983366
46.870774,-81.824400,-252.000000,1.252077,1.981278
47.390774,-81.824400,-252.000000,1.252016,2.001952
47.910774,-81.824400,-252.000000,1.285468,2.011501
48.430774,-81.824400,-252.000000,1.297829,1.996756
48.950774,-81.824400,-252.000000,1.303072,2.006336
49.470774,-81.824400,-252.000000,1.263493,1.994031
49.990774,-81.824400,-252.000000,1.225118,1.997072
50.510774,-81.824400,-252.000000,1.260552,2.010057
51.030774,-81.824400,-252.000000,1.313345,2.011730
51.550774,-81.824400,-252.000000,1.293388,2.010888
52.070774,-81.824400,-252.000000,1.267037,2.009275
52.590774,-81.824400,-252.000000,1.261750,2.003900
53.110774,-81.824400,-252.000000,1.232477,2.003538
53.630774,-81.824400,-252.000000,1.273890,1.992223
54.150774,-81.824400,-252.000000,1.244627,1.995534
54.670774,-81.824400,-252.000000,1.215476,2.006206
55.190774,-81.824400,-252.000000,1.225199,2.017557
55.710774,-81.824400,-252.000000,1.278474,1.992837
56.230774,-81.824400,-252.000000,1.213243,2.005357
56.750774,-81.824400,-252.000000,1.271985,2.001562
57.270774,-81.824400,-252.000000,1.195785,1.998168
57.790774,-81.824400,-252.000000,1.252489,1.998558
58.310774,-81.824400,-252.000000,1.245120,1.997067
58.830774,-81.824400,-252.000000,1.287433,2.006054
59.350774,-81.824400,-252.000000,1.271161,2.001338
59.870774,-81.824400,-252.000000,1.297247,2.020146
60.390774,-81.824400,-252.000000,1.258803,2.001556
60.910774,-81.824400,-252.000000,1.301389,1.998250
61.430774,-81.824400,-252.000000,1.249450,2.009094
61.950774,-81.824400,-252.000000,1.255844,1.998878
62.470774,-81.824400,-252.000000,1.224110,2.020601
62.990774,-81.824400,-252.000000,1.250085,2.009448
63.510774,-81.824400,-252.000000,1.287225,2.001247
64.030774,-81.824400,-252.000000,1.295961,1.988285
64.550774,-81.824400,-252.000000,1.222233,1.980636
65.070774,-81.824400,-252.000000,1.281685,2.007015
65.590774,-81.824400,-252.000000,1.251966,2.008416
66.110774,-81.824400,-252.000000,1.278791,1.993148
66.630774,-81.824400,-252.000000,1.247853,2.011952
67.150774,-81.824400,-252.000000,1.282884,1.984045
67.670774,-81.824400,-252.000000,1.270527,1.994555
68.190774,-81.824400,-252.000000,1.289165,1.998432
68.710774,-81.824400,-252.000000,1.276613,1.989777
69.230774,-81.824400,-252.000000,1.270188,2.011669
69.750774,-81.824400,-252.000000,1.254449,1.994949
70.270774,-81.824400,-252.000000,1.216260,1.995242
70.790774,-81.824400,-252.000000,1.263628,2.006613
71.310774,-81.824400,-252.000000,1.271838,2.014924
71.830774,-81.824400,-252.000000,1.274279,1.988269
72.350774,-81.824400,-252.000000,1.298060,1.994868
72.870774,-81.824400,-252.000000,1.324917,1.987329
73.390774,-81.824400,-252.000000,1.311378,2.008826
73.910774,-81.824400,-252.000000,1.271893,2.007742
74.430774,-81.824400,-252.000000,1.229280,1.987534
74.950774,-81.824400,-252.000000,1.237671,1.997780
75.470774,-81.824400,-252.000000,1.282038,1.988391
75.990774,-81.824400,-252.000000,1.257985,1.988285
13.070774,-81.304400,-252.000000,1.222718,1.980887
75.990774,-81.304400,-252.000000,1.244462,1.991875
13.070774,-82.344400,-251.000000,1.225287,1.966038
13.590774,-82.344400,-251.000000,1.220765,1.960311
14.110774,-82.344400,-251.000000,1.229635,1.962623
14.630774,-82.344400,-251.000000,1.270765,1.979646
15.150774,-82.344400,-251.000000,1.226352,1.978573
15.670774,-82.344400,-251.000000,1.239131,1.975082
16.190774,-82.344400,-251.000000,1.278491,1.991685
16.710774,-82.344400,-251.000000,1.276163,2.013443
17.230774,-82.344400,-251.000000,1.302811,1.999084
17.750774,-82.344400,-251.000000,1.271176,1.995916
18.270774,-82.344400,-251.000000,1.210194,2.004419
18.790774,-82.344400,-251.000000,1.242685,1.982385
19.310774,-82.344400,-251.000000,1.201609,1.989646
19.830774,-82.344400,-251.000000,1.224935,2.002856
20.350774,-82.344400,-251.000000,1.238529,2.002829
20.870774,-82.344400,-251.000000,1.272775,1.987113
21.390774,-82.344400,-251.000000,1.266373,2.010286
21.910774,-82.344400,-251.000000,1.287154,1.994610
22.430774,-82.344400,-251.000000,1.345173,1.992752
22.950774,-82.344400,-251.000000,1.263042,2.003188
23.470774,-82.344400,-251.000000,1.239888,2.000587
23.990774,-82.344400,-251.000000,1.286192,1.999218
24.510774,-82.344400,-251.000000,1.293053,2.005044
25.030774,-82.344400,-251.000000,1.218943,2.006162
25.550774,-82.344400,-251.000000,1.224669,2.008296
26.070774,-82.344400,-251.000000,1.238513,2.026375
26.590774,-82.344400,-251.000000,1.217000,2.016853
27.110774,-82.344400,-251.000000,1.267684,2.008601
27.630774,-82.344400,-251.000000,1.329854,2.009083
28.150774,-82.344400,-251.000000,1.294897,1.994414
28.670774,-82.344400,-251.000000,1.239524,1.996353
29.190774,-82.344400,-251.000000,1.229621,2.000339
29.710774,-82.344400,-251.000000,1.218656,2.010648
30.230774,-82.344400,-251.000000,1.316125,2.015404
30.750774,-82.344400,-251.000000,1.303824,2.045947
31.270774,-82.344400,-251.000000,1.213725,1.999932
31.790774,-82.344400,-251.000000,1.258410,1.996338
32.310774,-82.344400,-251.000000,1.317212,2.006212
32.830774,-82.344400,-251.000000,1.278036,2.020194
33.350774,-82.344400,-251.000000,1.329238,2.011683
33.870774,-82.344400,-251.000000,1.247130,2.009829
34.390774,-82.344400,-251.000000,1.238509,2.015691
34.910774,-82.344400,-251.000000,1.210696,2.019079
35.430774,-82.344400,-251.000000,1.298478,2.007523
35.950774,-82.344400,-251.000000,1.280500,1.992313
36.470774,-82.344400,-251.000000,1.232033,2.000398
36.990774,-82.344400,-251.000000,1.334656,2.007462
37.510774,-82.344400,-251.000000,1.255188,1.996934
38.030774,-82.344400,-251.000000,1.265080,2.013548
38.550774,-82.344400,-251.000000,1.219115,2.023185
39.070774,-82.344400,-251.000000,1.269050,2.007895
39.590774,-82.344400,-251.000000,1.266727,2.013949
40.110774,-82.344400,-251.000000,1.256720,1.997054
40.630774,-82.344400,-251.000000,1.248287,1.994269
41.150774,-82.344400,-251.000000,1.209072,1.994058
41.670774,-82.344400,-251.000000,1.237164,2.007407
42.190774,-82.344400,-251.000000,1.243691,2.025673
42.710774,-82.344400,-251.000000,1.303298,1.994951
43.230774,-82.344400,-251.000000,1.284197,2.032256
43.750774,-82.344400,-251.000000,1.249491,2.000288
44.270774,-82.344400,-251.000000,1.235305,2.003275
44.790774,-82.344400,-251.000000,1.294359,1.997066
45.310774,-82.344400,-251.000000,1.227951,1.994307
45.830774,-82.344400,-251.000000,1.248679,2.004359
46.350774,-82.344400,-251.000000,1.283919,1.989653
46.870774,-82.344400,-251.000000,1.276938,2.019352
47.390774,-82.344400,-251.000000,1.261000,2.005900
47.910774,-82.344400,-251.000000,1.243779,1.991601
48.430774,-82.344400,-251.000000,1.241683,1.991782
48.950774,-82.344400,-251.000000,1.239575,1.982260
49.470774,-82.344400,-251.000000,1.295202,1.989793
49.990774,-82.344400,-251.000000,1.304291,1.983728
50.510774,-82.344400,-251.000000,1.266749,2.003611
51.030774,-82.344400,-251.000000,1.235814,2.001807
51.550774,-82.344400,-251.000000,1.262572,1.986558
52.070774,-82.344400,-251.000000,1.273425,1.994271
52.590774,-82.344400,-251.000000,1.241091,2.030943
53.110774,-82.344400,-251.000000,1.234709,2.023760
53.630774,-82.344400,-251.000000,1.227314,1.994584
54.150774,-82.344400,-251.000000,1.231639,2.002757
54.670774,-82.344400,-251.000000,1.252365,1.994667
55.190774,-82.344400,-251.000000,1.276486,1.996270
55.710774,-82.344400,-251.000000,1.282393,1.975518
56.230774,-82.344400,-251.000000,1.250983,2.013911
56.750774,-82.344400,-251.000000,1.258303,1.990725
57.270774,-82.344400,-251.000000,1.269757,1.997013
57.790774,-82.344400,-251.000000,1.218819,1.981310
58.310774,-82.344400,-251.000000,1.204610,1.993348
58.830774,-82.344400,-251.000000,1.261746,2.012337
59.350774,-82.344400,-251.000000,1.250295,2.002750
59.870774,-82.344400,-251.000000,1.226177,1.996269
60.390774,-82.344400,-251.000000,1.249545,1.990369
60.910774,-82.344400,-251.000000,1.268329,2.002848
61.430774,-82.344400,-251.000000,1.290707,1.994640
61.950774,-82.344400,-251.000000,1.268438,1.985257
62.470774,-82.344400,-251.000000,1.277678,2.001492
62.990774,-82.344400,-251.000000,1.286224,1.988086
63.510774,-82.344400,-251.000000,1.271914,2.003956
64.030774,-82.344400,-251.000000,1.289437,2.014370
64.550774,-82.344400,-251.000000,1.308962,2.009646
65.070774,-82.344400,-251.000000,1.211630,2.016391
65.590774,-82.344400,-251.000000,1.261645,1.997431
66.110774,-82.344400,-251.000000,1.287945,2.009016
66.630774,-82.344400,-251.000000,1.312289,1.986889
67.150774,-82.344400,-251.000000,1.320328,1.997364
67.670774,-82.344400,-251.000000,1.310299,2.004081
68.190774,-82.344400,-251.000000,1.258951,1.996441
68.710774,-82.344400,-251.000000,1.240202,2.014536
69.230774,-82.344400,-251.000000,1.261770,2.017804
69.750774,-82.344400,-251.000000,1.233370,2.002677
70.270774,-82.344400,-251.000000,1.230607,2.026265
70.790774,-82.344400,-251.000000,1.242487,1.993734
71.310774,-82.344400,-251.000000,1.253864,1.996350
71.830774,-82.344400,-251.000000,1.223523,1.982679
72.350774,-82.344400,-251.000000,1.228697,1.993354
72.870774,-82.344400,-251.000000,1.277640,2.019704
73.390774,-82.344400,-251.000000,1.232958,1.993492
73.910774,-82.344400,-251.000000,1.257620,1.978684
74.430774,-82.344400,-251.000000,1.255329,2.009910
74.950774,-82.344400,-251.000000,1.225676,2.004621
75.470774,-82.344400,-251.000000,1.243923,2.003449
13.070774,-81.824400,-251.000000,1.230155,1.963605
13.590774,-81.824400,-251.000000,1.184374,1.952572
14.110774,-81.824400,-251.000000,1.202509,1.967806
14.630774,-81.824400,-251.000000,1.293126,1.986612
15.150774,-81.824400,-251.000000,1.285639,1.979856
15.670774,-81.824400,-251.000000,1.223385,1.977255
16.190774,-81.824400,-251.000000,1.270248,1.992140
16.710774,-81.824400,-251.000000,1.306161,2.009222
17.230774,-81.824400,-251.000000,1.315899,1.996267
17.750774,-81.824400,-251.000000,1.301053,2.004065
18.270774,-81.824400,-251.000000,1.231888,1.997814
18.790774,-81.824400,-251.000000,1.222155,1.980383
19.310774,-81.824400,-251.000000,1.225644,1.984857
19.830774,-81.824400,-251.000000,1.249939,2.005008
20.350774,-81.824400,-251.000000,1.201318,2.000411
20.870774,-81.824400,-251.000000,1.250923,1.994151
21.390774,-81.824400,-251.000000,1.294272,2.001525
21.910774,-81.824400,-251.000000,1.239162,1.993926
22.430774,-81.824400,-251.000000,1.255492,1.990532
22.950774,-81.824400,-251.000000,1.237075,2.010012
23.470774,-81.824400,-251.000000,1.253316,1.999272
23.990774,-81.824400,-251.000000,1.321782,2.007034
24.510774,-81.824400,-251.000000,1.268732,2.017324
25.030774,-81.824400,-251.000000,1.289114,2.013800
25.550774,-81.824400,-251.000000,1.289044,2.027905
26.070774,-81.824400,-251.000000,1.261849,2.011016
26.590774,-81.824400,-251.000000,1.239817,2.034335
27.110774,-81.824400,-251.000000,1.262235,1.998313
27.630774,-81.824400,-251.000000,1.323190,2.010990
28.150774,-81.824400,-251.000000,1.277768,2.004376
28.670774,-81.824400,-251.000000,1.264369,1.996579
29.190774,-81.824400,-251.000000,1.251289,2.008062
29.710774,-81.824400,-251.000000,1.253497,2.000399
30.230774,-81.824400,-251.000000,1.220440,2.000016
30.750774,-81.824400,-251.000000,1.268163,2.043585
31.270774,-81.824400,-251.000000,1.242034,1.993236
31.790774,-81.824400,-251.000000,1.215662,2.001962
32.310774,-81.824400,-251.000000,1.242607,2.001967
32.830774,-81.824400,-251.000000,1.303820,2.009837
33.350774,-81.824400,-251.000000,1.246403,1.988654
33.870774,-81.824400,-251.000000,1.277590,2.003979
34.390774,-81.824400,-251.000000,1.269752,2.017284
34.910774,-81.824400,-251.000000,1.271369,2.027162
35.430774,-81.824400,-251.000000,1.320622,2.004138
35.950774,-81.824400,-251.000000,1.258013,2.003711
36.470774,-81.824400,-251.000000,1.244195,2.002599
36.990774,-81.824400,-251.000000,1.275103,2.007295
37.510774,-81.824400,-251.000000,1.313413,1.996971
38.030774,-81.824400,-251.000000,1.278953,2.023356
38.550774,-81.824400,-251.000000,1.242956,2.029962
39.070774,-81.824400,-251.000000,1.221191,2.007535
39.590774,-81.824400,-251.000000,1.261954,2.004486
40.110774,-81.824400,-251.000000,1.272387,1.993820
40.630774,-81.824400,-251.000000,1.233838,1.992761
41.150774,-81.824400,-251.000000,1.215863,2.001352
41.670774,-81.824400,-251.000000,1.259495,2.004055
42.190774,-81.824400,-251.000000,1.248118,2.008413
42.710774,-81.824400,-251.000000,1.293149,1.999940
43.230774,-81.824400,-251.000000,1.272662,2.018070
43.750774,-81.824400,-251.000000,1.223660,2.006801
44.270774,-81.824400,-251.000000,1.227602,1.999306
44.790774,-81.824400,-251.000000,1.292507,1.998760
45.310774,-81.824400,-251.000000,1.239960,1.993143
45.830774,-81.824400,-251.000000,1.234592,1.998275
46.350774,-81.824400,-251.000000,1.229377,1.997805
46.870774,-81.824400,-251.000000,1.229670,2.017073
47.390774,-81.824400,-251.000000,1.259792,2.012294
47.910774,-81.824400,-251.000000,1.271666,1.992411
48.430774,-81.824400,-251.000000,1.209975,1.998873
48.950774,-81.824400,-251.000000,1.245069,1.981822
49.470774,-81.824400,-251.000000,1.271046,1.999940
49.990774,-81.824400,-251.000000,1.272950,1.988132
50.510774,-81.824400,-251.000000,1.288382,2.022959
51.030774,-81.824400,-251.000000,1.269743,1.999239
51.550774,-81.824400,-251.000000,1.265182,2.026047
52.070774,-81.824400,-251.000000,1.257530,1.999355
52.590774,-81.824400,-251.000000,1.262573,2.033274
53.110774,-81.824400,-251.000000,1.252958,2.020425
53.630774,-81.824400,-251.000000,1.256745,1.997051
54.150774,-81.824400,-251.000000,1.269494,2.005487
54.670774,-81.824400,-251.000000,1.325288,2.010360
55.190774,-81.824400,-251.000000,1.253170,1.986067
55.710774,-81.824400,-251.000000,1.266773,1.981841
56.230774,-81.824400,-251.000000,1.325937,2.018036
56.750774,-81.824400,-251.000000,1.309577,1.990601
57.270774,-81.824400,-251.000000,1.220325,1.998549
57.790774,-81.824400,-251.000000,1.223362,1.983932
58.310774,-81.824400,-251.000000,1.211906,2.012116
58.830774,-81.824400,-251.000000,1.216109,2.011635
59.350774,-81.824400,-251.000000,1.228311,2.005802
59.870774,-81.824400,-251.000000,1.254167,1.998881
60.390774,-81.824400,-251.000000,1.244430,1.991396
60.910774,-81.824400,-251.000000,1.270065,1.995022
61.430774,-81.824400,-251.000000,1.295712,1.995726
61.950774,-81.824400,-251.000000,1.259409,1.975019
62.470774,-81.824400,-251.000000,1.241702,1.994939
62.990774,-81.824400,-251.000000,1.245157,1.976104
63.510774,-81.824400,-251.000000,1.267031,1.994057
64.030774,-81.824400,-251.000000,1.267950,2.012888
64.550774,-81.824400,-251.000000,1.289613,2.011498
65.070774,-81.824400,-251.000000,1.254508,2.006727
65.590774,-81.824400,-251.000000,1.258548,1.988173
66.110774,-81.824400,-251.000000,1.238333,2.003631
66.630774,-81.824400,-251.000000,1.227363,1.991582
67.150774,-81.824400,-251.000000,1.243301,1.997151
67.670774,-81.824400,-251.000000,1.249638,1.998800
68.190774,-81.824400,-251.000000,1.249329,1.993282
68.710774,-81.824400,-251.000000,1.222928,2.012810
69.230774,-81.824400,-251.000000,1.222005,2.004412
69.750774,-81.824400,-251.000000,1.215572,1.996714
70.270774,-81.824400,-251.000000,1.230973,2.005129
70.790774,-81.824400,-251.000000,1.215471,2.009968
71.310774,-81.824400,-251.000000,1.276235,2.006718
71.830774,-81.824400,-251.000000,1.237196,1.982130
72.350774,-81.824400,-251.000000,1.228190,1.990433
72.870774,-81.824400,-251.000000,1.221986,2.017190
73.390774,-81.824400,-251.000000,1.257017,2.013192
73.910774,-81.824400,-251.000000,1.241438,1.984693
74.430774,-81.824400,-251.000000,1.244028,2.009004
74.950774,-81.824400,-251.000000,1.236261,1.989968
75.470774,-81.824400,-251.000000,1.266166,2.006656
75.990774,-81.824400,-251.000000,1.260831,1.987086
74.430774,-81.304400,-251.000000,1.296462,2.016640
74.950774,-81.304400,-251.000000,1.309049,1.995689
75.470774,-81.304400,-251.000000,1.322208,2.014945
13.070774,-82.344400,-250.000000,1.244626,1.967442
13.590774,-82.344400,-250.000000,1.222233,1.971634
14.110774,-82.344400,-250.000000,1.218801,1.973719
14.630774,-82.344400,-250.000000,1.251015,1.978877
15.150774,-82.344400,-250.000000,1.269261,1.969122
15.670774,-82.344400,-250.000000,1.214525,1.991951
16.190774,-82.344400,-250.000000,1.259267,1.996295
16.710774,-82.344400,-250.000000,1.295064,1.990633
17.230774,-82.344400,-250.000000,1.253199,1.988694
17.750774,-82.344400,-250.000000,1.226154,1.987869
18.270774,-82.344400,-250.000000,1.224701,1.994687
18.790774,-82.344400,-250.000000,1.239175,1.995109
19.310774,-82.344400,-250.000000,1.227272,1.979554
19.830774,-82.344400,-250.000000,1.248342,2.002162
20.350774,-82.344400,-250.000000,1.241435,1.984622
20.870774,-82.344400,-250.000000,1.292864,2.010809
21.390774,-82.344400,-250.000000,1.259300,1.993934
21.910774,-82.344400,-250.000000,1.236712,1.994655
22.430774,-82.344400,-250.000000,1.244530,1.984834
22.950774,-82.344400,-250.000000,1.324764,1.997904
23.470774,-82.344400,-250.000000,1.294213,2.014119
23.990774,-82.344400,-250.000000,1.289208,1.994329
24.510774,-82.344400,-250.000000,1.262026,1.989074
25.030774,-82.344400,-250.000000,1.279806,2.000681
25.550774,-82.344400,-250.000000,1.250446,2.000485
26.070774,-82.344400,-250.000000,1.269353,1.988508
26.590774,-82.344400,-250.000000,1.275903,1.983645
27.110774,-82.344400,-250.000000,1.215885,1.994305
27.630774,-82.344400,-250.000000,1.222774,2.009897
28.150774,-82.344400,-250.000000,1.270757,2.006180
28.670774,-82.344400,-250.000000,1.267273,1.995247
29.190774,-82.344400,-250.000000,1.225194,1.991167
29.710774,-82.344400,-250.000000,1.273976,2.010950
30.230774,-82.344400,-250.000000,1.280344,2.006198
30.750774,-82.344400,-250.000000,1.317355,1.990018
31.270774,-82.344400,-250.000000,1.294045,2.001604
31.790774,-82.344400,-250.000000,1.209478,2.004509
32.310774,-82.344400,-250.000000,1.239502,2.007006
32.830774,-82.344400,-250.000000,1.334310,1.996013
33.350774,-82.344400,-250.000000,1.269640,1.989972
33.870774,-82.344400,-250.000000,1.247522,2.008169
34.390774,-82.344400,-250.000000,1.187842,1.985408
34.910774,-82.344400,-250.000000,1.217778,1.996148
35.430774,-82.344400,-250.000000,1.247616,2.000355
35.950774,-82.344400,-250.000000,1.257566,1.997606
36.470774,-82.344400,-250.000000,1.271277,2.019913
36.990774,-82.344400,-250.000000,1.249588,1.994123
37.510774,-82.344400,-250.000000,1.235287,2.002133
38.030774,-82.344400,-250.000000,1.297206,2.005356
38.550774,-82.344400,-250.000000,1.260120,2.017536
39.070774,-82.344400,-250.000000,1.238535,1.991941
39.590774,-82.344400,-250.000000,1.247003,2.002281
40.110774,-82.344400,-250.000000,1.280596,2.002472
40.630774,-82.344400,-250.000000,1.235063,2.017723
41.150774,-82.344400,-250.000000,1.251352,2.000163
41.670774,-82.344400,-250.000000,1.225953,2.006193
42.190774,-82.344400,-250.000000,1.256162,1.995288
42.710774,-82.344400,-250.000000,1.277778,2.003359
43.230774,-82.344400,-250.000000,1.255902,1.988689
43.750774,-82.344400,-250.000000,1.273401,1.998679
44.270774,-82.344400,-250.000000,1.243252,1.988619
44.790774,-82.344400,-250.000000,1.231090,2.017855
45.310774,-82.344400,-250.000000,1.230736,2.005347
45.830774,-82.344400,-250.000000,1.257066,1.992285
46.350774,-82.344400,-250.000000,1.298307,1.992024
46.870774,-82.344400,-250.000000,1.222523,2.008749
47.390774,-82.344400,-250.000000,1.274897,2.020780
47.910774,-82.344400,-250.000000,1.249176,2.011355
48.430774,-82.344400,-250.000000,1.209556,1.983618
48.950774,-82.344400,-250.000000,1.271057,2.012323
49.470774,-82.344400,-250.000000,1.243880,2.007223
49.990774,-82.344400,-250.000000,1.309548,2.007533
50.510774,-82.344400,-250.000000,1.282841,2.001108
51.030774,-82.344400,-250.000000,1.220341,1.992741
51.550774,-82.344400,-250.000000,1.257925,1.986990
52.070774,-82.344400,-250.000000,1.261147,1.977930
52.590774,-82.344400,-250.000000,1.249653,2.021210
53.110774,-82.344400,-250.000000,1.327813,1.994904
53.630774,-82.344400,-250.000000,1.279660,1.995630
54.150774,-82.344400,-250.000000,1.261068,1.985878
54.670774,-82.344400,-250.000000,1.240332,1.996013
55.190774,-82.344400,-250.000000,1.224173,1.990809
55.710774,-82.344400,-250.000000,1.287680,2.015356
56.230774,-82.344400,-250.000000,1.265077,1.994750
56.750774,-82.344400,-250.000000,1.251465,1.996891
57.270774,-82.344400,-250.000000,1.250674,1.985143
57.790774,-82.344400,-250.000000,1.282484,1.999332
58.310774,-82.344400,-250.000000,1.240918,1.990120
58.830774,-82.344400,-250.000000,1.260185,1.996396
59.350774,-82.344400,-250.000000,1.248096,1.990344
59.870774,-82.344400,-250.000000,1.205443,2.015145
60.390774,-82.344400,-250.000000,1.212959,1.976814
60.910774,-82.344400,-250.000000,1.254159,1.995873
61.430774,-82.344400,-250.000000,1.250792,1.997068
61.950774,-82.344400,-250.000000,1.291893,1.989461
62.470774,-82.344400,-250.000000,1.242959,1.997110
62.990774,-82.344400,-250.000000,1.219357,1.992121
63.510774,-82.344400,-250.000000,1.295056,2.014794
64.030774,-82.344400,-250.000000,1.230827,1.998892
64.550774,-82.344400,-250.000000,1.197239,2.007666
65.070774,-82.344400,-250.000000,1.203812,1.998553
65.590774,-82.344400,-250.000000,1.207595,1.980636
66.110774,-82.344400,-250.000000,1.239493,1.985364
66.630774,-82.344400,-250.000000,1.274814,1.994479
67.150774,-82.344400,-250.000000,1.230617,1.989573
67.670774,-82.344400,-250.000000,1.251360,1.997289
68.190774,-82.344400,-250.000000,1.309143,2.010504
68.710774,-82.344400,-250.000000,1.254792,2.000548
69.230774,-82.344400,-250.000000,1.262485,2.002979
69.750774,-82.344400,-250.000000,1.271269,2.008421
70.270774,-82.344400,-250.000000,1.234996,2.007477
70.790774,-82.344400,-250.000000,1.265787,2.003676
71.310774,-82.344400,-250.000000,1.267428,1.986903
71.830774,-82.344400,-250.000000,1.303938,1.987577
72.350774,-82.344400,-250.000000,1.298408,1.982377
72.870774,-82.344400,-250.000000,1.280845,2.021939
13.070774,-81.824400,-250.000000,1.215025,1.970705
13.590774,-81.824400,-250.000000,1.227698,1.982141
14.110774,-81.824400,-250.000000,1.228851,1.982322
14.630774,-81.824400,-250.000000,1.287950,1.982896
15.150774,-81.824400,-250.000000,1.206519,1.962368
15.670774,-81.824400,-250.000000,1.241647,1.993249
16.190774,-81.824400,-250.000000,1.259507,1.989686
16.710774,-81.824400,-250.000000,1.253520,1.989232
17.230774,-81.824400,-250.000000,1.282468,1.987149
17.750774,-81.824400,-250.000000,1.320866,1.992172
18.270774,-81.824400,-250.000000,1.210602,1.999670
18.790774,-81.824400,-250.000000,1.194420,1.991747
19.310774,-81.824400,-250.000000,1.220665,2.000313
19.830774,-81.824400,-250.000000,1.290563,2.018230
20.350774,-81.824400,-250.000000,1.260627,1.989163
20.870774,-81.824400,-250.000000,1.273718,2.012383
21.390774,-81.824400,-250.000000,1.267300,1.995591
21.910774,-81.824400,-250.000000,1.289949,1.997476
22.430774,-81.824400,-250.000000,1.232636,1.987267
22.950774,-81.824400,-250.000000,1.301117,2.010221
23.470774,-81.824400,-250.000000,1.280440,2.022453
23.990774,-81.824400,-250.000000,1.295654,1.999352
24.510774,-81.824400,-250.000000,1.293696,1.986783
25.030774,-81.824400,-250.000000,1.262040,1.993825
25.550774,-81.824400,-250.000000,1.237643,2.014165
26.070774,-81.824400,-250.000000,1.252145,1.993867
26.590774,-81.824400,-250.000000,1.244757,1.975569
27.110774,-81.824400,-250.000000,1.234030,1.995210
27.630774,-81.824400,-250.000000,1.238610,2.009358
28.150774,-81.824400,-250.000000,1.280334,2.007246
28.670774,-81.824400,-250.000000,1.275852,2.012543
29.190774,-81.824400,-250.000000,1.250299,1.985936
29.710774,-81.824400,-250.000000,1.271058,1.998242
30.230774,-81.824400,-250.000000,1.286612,2.011541
30.750774,-81.824400,-250.000000,1.267392,1.997038
31.270774,-81.824400,-250.000000,1.350559,2.002479
31.790774,-81.824400,-250.000000,1.233928,1.995611
32.310774,-81.824400,-250.000000,1.259183,2.011027
32.830774,-81.824400,-250.000000,1.316821,1.995483
33.350774,-81.824400,-250.000000,1.312911,2.000104
33.870774,-81.824400,-250.000000,1.281768,2.010081
34.390774,-81.824400,-250.000000,1.270126,1.988524
34.910774,-81.824400,-250.000000,1.255904,2.006371
35.430774,-81.824400,-250.000000,1.267615,2.000118
35.950774,-81.824400,-250.000000,1.266841,1.998556
36.470774,-81.824400,-250.000000,1.243581,2.031299
36.990774,-81.824400,-250.000000,1.268203,2.017094
37.510774,-81.824400,-250.000000,1.214960,1.987478
38.030774,-81.824400,-250.000000,1.272401,2.011389
38.550774,-81.824400,-250.000000,1.245101,2.016144
39.070774,-81.824400,-250.000000,1.241188,1.988246
39.590774,-81.824400,-250.000000,1.229579,1.995910
40.110774,-81.824400,-250.000000,1.302157,1.998157
40.630774,-81.824400,-250.000000,1.264179,2.022172
41.150774,-81.824400,-250.000000,1.238533,2.005872
41.670774,-81.824400,-250.000000,1.256090,2.006843
42.190774,-81.824400,-250.000000,1.265357,2.012206
42.710774,-81.824400,-250.000000,1.240534,2.002363
43.230774,-81.824400,-250.000000,1.255104,2.003301
43.750774,-81.824400,-250.000000,1.230334,2.007798
44.270774,-81.824400,-250.000000,1.269526,1.983117
44.790774,-81.824400,-250.000000,1.260754,2.006877
45.310774,-81.824400,-250.000000,1.220519,2.007835
45.830774,-81.824400,-250.000000,1.267534,1.995847
46.350774,-81.824400,-250.000000,1.268312,2.009750
46.870774,-81.824400,-250.000000,1.263851,2.007571
47.390774,-81.824400,-250.000000,1.246973,2.007336
47.910774,-81.824400,-250.000000,1.269276,2.008589
48.430774,-81.824400,-250.000000,1.229951,1.980599
48.950774,-81.824400,-250.000000,1.241296,2.011758
49.470774,-81.824400,-250.000000,1.313180,2.024622
49.990774,-81.824400,-250.000000,1.298450,2.000771
50.510774,-81.824400,-250.000000,1.277099,2.004184
51.030774,-81.824400,-250.000000,1.268306,1.991710
51.550774,-81.824400,-250.000000,1.277048,1.991961
52.070774,-81.824400,-250.000000,1.240023,1.993531
52.590774,-81.824400,-250.000000,1.237139,2.007892
53.110774,-81.824400,-250.000000,1.285912,1.993725
53.630774,-81.824400,-250.000000,1.282654,1.995596
54.150774,-81.824400,-250.000000,1.227456,1.988779
54.670774,-81.824400,-250.000000,1.236963,1.995551
55.190774,-81.824400,-250.000000,1.263958,1.998439
55.710774,-81.824400,-250.000000,1.265306,2.012845
56.230774,-81.824400,-250.000000,1.248416,1.998025
56.750774,-81.824400,-250.000000,1.256739,1.995822
57.270774,-81.824400,-250.000000,1.291756,1.995562
57.790774,-81.824400,-250.000000,1.242678,2.006544
58.310774,-81.824400,-250.000000,1.254718,2.003474
58.830774,-81.824400,-250.000000,1.262129,2.008153
59.350774,-81.824400,-250.000000,1.242131,1.992163
59.870774,-81.824400,-250.000000,1.205580,2.017114
60.390774,-81.824400,-250.000000,1.263338,1.992687
60.910774,-81.824400,-250.000000,1.252755,1.997475
61.430774,-81.824400,-250.000000,1.310605,2.000314
61.950774,-81.824400,-250.000000,1.297926,2.002114
62.470774,-81.824400,-250.000000,1.305514,1.995131
62.990774,-81.824400,-250.000000,1.294072,2.004951
63.510774,-81.824400,-250.000000,1.265568,2.011587
64.030774,-81.824400,-250.000000,1.243937,1.996118
64.550774,-81.824400,-250.000000,1.248744,2.012813
65.070774,-81.824400,-250.000000,1.244564,1.996781
65.590774,-81.824400,-250.000000,1.210214,1.990332
66.110774,-81.824400,-250.000000,1.238675,1.985189
66.630774,-81.824400,-250.000000,1.261431,1.993991
67.150774,-81.824400,-250.000000,1.263090,1.987741
67.670774,-81.824400,-250.000000,1.270203,1.993842
68.190774,-81.824400,-250.000000,1.318315,2.018125
68.710774,-81.824400,-250.000000,1.196183,2.002788
69.230774,-81.824400,-250.000000,1.253288,1.994220
69.750774,-81.824400,-250.000000,1.216083,2.010747
70.270774,-81.824400,-250.000000,1.246239,2.009522
70.790774,-81.824400,-250.000000,1.320790,2.010961
71.310774,-81.824400,-250.000000,1.274664,1.991386
71.830774,-81.824400,-250.000000,1.323485,1.979745
72.350774,-81.824400,-250.000000,1.271667,1.990603
72.870774,-81.824400,-250.000000,1.267250,2.024215
73.390774,-81.824400,-250.000000,1.312692,2.007128
73.910774,-81.824400,-250.000000,1.307558,1.999586
13.070774,-81.304400,-250.000000,1.239990,1.977164
71.830774,-81.304400,-250.000000,1.268148,1.986339
72.870774,-81.304400,-250.000000,1.267911,2.019461
13.070774,-82.344400,-249.000000,1.281217,1.969907
13.590774,-82.344400,-249.000000,1.255984,1.987870
14.110774,-82.344400,-249.000000,1.217548,1.968467
14.630774,-82.344400,-249.000000,1.311758,2.004016
15.150774,-82.344400,-249.000000,1.245517,2.013595
15.670774,-82.344400,-249.000000,1.244985,2.003576
16.190774,-82.344400,-249.000000,1.270286,1.999673
16.710774,-82.344400,-249.000000,1.275185,1.999543
17.230774,-82.344400,-249.000000,1.236076,1.984876
17.750774,-82.344400,-249.000000,1.250905,1.997410
18.270774,-82.344400,-249.000000,1.204134,2.008610
18.790774,-82.344400,-249.000000,1.225430,1.984375
19.310774,-82.344400,-249.000000,1.249038,2.002099
19.830774,-82.344400,-249.000000,1.222153,2.028875
20.350774,-82.344400,-249.000000,1.253174,1.991307
20.870774,-82.344400,-249.000000,1.264564,2.000551
21.390774,-82.344400,-249.000000,1.291967,2.005223
21.910774,-82.344400,-249.000000,1.243199,2.017782
22.430774,-82.344400,-249.000000,1.233881,1.991011
22.950774,-82.344400,-249.000000,1.240427,1.990527
23.470774,-82.344400,-249.000000,1.287358,1.989079
23.990774,-82.344400,-249.000000,1.238843,1.982550
24.510774,-82.344400,-249.000000,1.229547,2.000324
25.030774,-82.344400,-249.000000,1.253594,1.997163
25.550774,-82.344400,-249.000000,1.271135,1.994127
26.070774,-82.344400,-249.000000,1.264921,1.994871
26.590774,-82.344400,-249.000000,1.220247,1.991855
27.110774,-82.344400,-249.000000,1.270957,1.981446
27.630774,-82.344400,-249.000000,1.334580,1.990678
28.150774,-82.344400,-249.000000,1.233002,2.005052
28.670774,-82.344400,-249.000000,1.249371,2.007261
29.190774,-82.344400,-249.000000,1.260833,1.996230
29.710774,-82.344400,-249.000000,1.335140,1.993631
30.230774,-82.344400,-249.000000,1.304613,1.983939
30.750774,-82.344400,-249.000000,1.247553,2.024522
31.270774,-82.344400,-249.000000,1.266181,1.999221
31.790774,-82.344400,-249.000000,1.268910,1.998232
32.310774,-82.344400,-249.000000,1.250868,1.989147
32.830774,-82.344400,-249.000000,1.268836,1.988214
33.350774,-82.344400,-249.000000,1.266013,1.983390
33.870774,-82.344400,-249.000000,1.277877,1.981434
34.390774,-82.344400,-249.000000,1.262895,2.010992
34.910774,-82.344400,-249.000000,1.260620,1.992379
35.430774,-82.344400,-249.000000,1.230726,1.997609
35.950774,-82.344400,-249.000000,1.237488,1.987721
36.470774,-82.344400,-249.000000,1.317889,2.001233
36.990774,-82.344400,-249.000000,1.293034,2.002987
37.510774,-82.344400,-249.000000,1.229089,2.016860
38.030774,-82.344400,-249.000000,1.258284,2.012945
38.550774,-82.344400,-249.000000,1.288020,2.010974
39.070774,-82.344400,-249.000000,1.260628,2.002094
39.590774,-82.344400,-249.000000,1.243955,2.000054
40.110774,-82.344400,-249.000000,1.250786,2.002164
40.630774,-82.344400,-249.000000,1.221382,1.982251
41.150774,-82.344400,-249.000000,1.219073,1.986994
41.670774,-82.344400,-249.000000,1.204552,1.982150
42.190774,-82.344400,-249.000000,1.216410,2.000149
42.710774,-82.344400,-249.000000,1.223613,1.993556
43.230774,-82.344400,-249.000000,1.246831,1.991097
43.750774,-82.344400,-249.000000,1.278274,2.007477
44.270774,-82.344400,-249.000000,1.288304,1.997221
44.790774,-82.344400,-249.000000,1.223790,2.021471
45.310774,-82.344400,-249.000000,1.269332,1.990726
45.830774,-82.344400,-249.000000,1.233713,1.997581
46.350774,-82.344400,-249.000000,1.263397,1.988016
46.870774,-82.344400,-249.000000,1.213241,2.016125
47.390774,-82.344400,-249.000000,1.261559,2.012204
47.910774,-82.344400,-249.000000,1.278862,2.009864
48.430774,-82.344400,-249.000000,1.257987,2.018937
48.950774,-82.344400,-249.000000,1.252415,2.006572
49.470774,-82.344400,-249.000000,1.238443,2.002015
49.990774,-82.344400,-249.000000,1.244834,1.989080
50.510774,-82.344400,-249.000000,1.282541,2.002008
51.030774,-82.344400,-249.000000,1.291273,1.985569
51.550774,-82.344400,-249.000000,1.211056,1.989883
52.070774,-82.344400,-249.000000,1.228774,1.980200
52.590774,-82.344400,-249.000000,1.235399,2.013216
53.110774,-82.344400,-249.000000,1.259199,1.991500
53.630774,-82.344400,-249.000000,1.269781,2.015211
54.150774,-82.344400,-249.000000,1.253115,1.997021
54.670774,-82.344400,-249.000000,1.256276,1.996479
55.190774,-82.344400,-249.000000,1.235790,1.993718
55.710774,-82.344400,-249.000000,1.258753,2.000281
56.230774,-82.344400,-249.000000,1.233643,2.014467
56.750774,-82.344400,-249.000000,1.217348,1.997568
57.270774,-82.344400,-249.000000,1.258754,2.011424
57.790774,-82.344400,-249.000000,1.237793,2.002562
58.310774,-82.344400,-249.000000,1.232000,2.000013
58.830774,-82.344400,-249.000000,1.220553,2.004448
59.350774,-82.344400,-249.000000,1.293722,2.008743
59.870774,-82.344400,-249.000000,1.262466,1.995435
60.390774,-82.344400,-249.000000,1.217595,2.002745
60.910774,-82.344400,-249.000000,1.263396,1.997296
61.430774,-82.344400,-249.000000,1.350971,1.997656
61.950774,-82.344400,-249.000000,1.294049,1.989486
62.470774,-82.344400,-249.000000,1.263272,2.017974
62.990774,-82.344400,-249.000000,1.209234,1.992923
63.510774,-82.344400,-249.000000,1.302743,1.997890
64.030774,-82.344400,-249.000000,1.250481,2.009457
64.550774,-82.344400,-249.000000,1.218359,1.994251
65.070774,-82.344400,-249.000000,1.234339,1.985306
65.590774,-82.344400,-249.000000,1.230183,2.001828
66.110774,-82.344400,-249.000000,1.212588,2.005260
66.630774,-82.344400,-249.000000,1.252553,2.018923
67.150774,-82.344400,-249.000000,1.275435,2.005337
67.670774,-82.344400,-249.000000,1.259663,1.991370
68.190774,-82.344400,-249.000000,1.281320,1.997906
68.710774,-82.344400,-249.000000,1.212181,2.014631
69.230774,-82.344400,-249.000000,1.258497,1.995493
69.750774,-82.344400,-249.000000,1.282826,1.991344
70.270774,-82.344400,-249.000000,1.295112,1.999431
70.790774,-82.344400,-249.000000,1.314839,2.004162
13.070774,-81.824400,-249.000000,1.318238,1.977258
13.590774,-81.824400,-249.000000,1.237901,1.960228
14.110774,-81.824400,-249.000000,1.278827,1.972973
14.630774,-81.824400,-249.000000,1.321094,1.991942
15.150774,-81.824400,-249.000000,1.240641,1.980489
15.670774,-81.824400,-249.000000,1.265048,2.008595
16.190774,-81.824400,-249.000000,1.304235,1.987199
16.710774,-81.824400,-249.000000,1.199802,1.984868
17.230774,-81.824400,-249.000000,1.245577,1.977943
17.750774,-81.824400,-249.000000,1.212547,1.998065
18.270774,-81.824400,-249.000000,1.269287,2.026147
18.790774,-81.824400,-249.000000,1.270499,2.002856
19.310774,-81.824400,-249.000000,1.225935,1.998674
19.830774,-81.824400,-249.000000,1.252728,2.006864
20.350774,-81.824400,-249.000000,1.226340,2.028579
20.870774,-81.824400,-249.000000,1.240979,2.005598
21.390774,-81.824400,-249.000000,1.227108,2.000829
21.910774,-81.824400,-249.000000,1.266879,2.020285
22.430774,-81.824400,-249.000000,1.241484,1.996799
22.950774,-81.824400,-249.000000,1.247890,1.993105
23.470774,-81.824400,-249.000000,1.297832,1.992546
23.990774,-81.824400,-249.000000,1.267979,1.980440
24.510774,-81.824400,-249.000000,1.230528,1.996974
25.030774,-81.824400,-249.000000,1.236846,2.000664
25.550774,-81.824400,-249.000000,1.310686,2.027347
26.070774,-81.824400,-249.000000,1.263141,1.997917
26.590774,-81.824400,-249.000000,1.229617,1.998705
27.110774,-81.824400,-249.000000,1.252269,1.979169
27.630774,-81.824400,-249.000000,1.282204,1.983939
28.150774,-81.824400,-249.000000,1.257579,2.017578
28.670774,-81.824400,-249.000000,1.227157,2.003828
29.190774,-81.824400,-249.000000,1.270359,1.988580
29.710774,-81.824400,-249.000000,1.402930,2.006142
30.230774,-81.824400,-249.000000,1.271824,1.995053
30.750774,-81.824400,-249.000000,1.285727,2.030224
31.270774,-81.824400,-249.000000,1.225327,2.000627
31.790774,-81.824400,-249.000000,1.262807,1.998127
32.310774,-81.824400,-249.000000,1.229479,1.988529
32.830774,-81.824400,-249.000000,1.242043,1.986865
33.350774,-81.824400,-249.000000,1.277545,1.992249
33.870774,-81.824400,-249.000000,1.264288,1.983543
34.390774,-81.824400,-249.000000,1.287770,2.018228
34.910774,-81.824400,-249.000000,1.222123,1.991171
35.430774,-81.824400,-249.000000,1.229280,2.005234
35.950774,-81.824400,-249.000000,1.227366,1.995803
36.470774,-81.824400,-249.000000,1.270558,1.999330
36.990774,-81.824400,-249.000000,1.297470,2.004535
37.510774,-81.824400,-249.000000,1.306205,2.009909
38.030774,-81.824400,-249.000000,1.307114,2.003294
38.550774,-81.824400,-249.000000,1.296188,2.005396
39.070774,-81.824400,-249.000000,1.271301,2.004541
39.590774,-81.824400,-249.000000,1.292218,2.014755
40.110774,-81.824400,-249.000000,1.259034,2.007211
40.630774,-81.824400,-249.000000,1.235319,1.989207
41.150774,-81.824400,-249.000000,1.232026,2.001510
41.670774,-81.824400,-249.000000,1.235311,1.996110
42.190774,-81.824400,-249.000000,1.229677,1.998091
42.710774,-81.824400,-249.000000,1.284254,2.013911
43.230774,-81.824400,-249.000000,1.223498,1.999306
43.750774,-81.824400,-249.000000,1.230704,2.006611
44.270774,-81.824400,-249.000000,1.255181,1.999321
44.790774,-81.824400,-249.000000,1.254911,2.002277
45.310774,-81.824400,-249.000000,1.295737,1.997575
45.830774,-81.824400,-249.000000,1.221797,1.998028
46.350774,-81.824400,-249.000000,1.210810,1.977110
46.870774,-81.824400,-249.000000,1.234129,2.003924
47.390774,-81.824400,-249.000000,1.296192,2.008821
47.910774,-81.824400,-249.000000,1.277463,2.014645
48.430774,-81.824400,-249.000000,1.307275,2.028715
48.950774,-81.824400,-249.000000,1.254573,2.010736
49.470774,-81.824400,-249.000000,1.330402,2.001639
49.990774,-81.824400,-249.000000,1.274401,1.992006
50.510774,-81.824400,-249.000000,1.365152,2.010482
51.030774,-81.824400,-249.000000,1.318433,1.990555
51.550774,-81.824400,-249.000000,1.237330,1.993911
52.070774,-81.824400,-249.000000,1.222685,1.984739
52.590774,-81.824400,-249.000000,1.249697,2.007449
53.110774,-81.824400,-249.000000,1.248470,1.991002
53.630774,-81.824400,-249.000000,1.289311,2.018919
54.150774,-81.824400,-249.000000,1.255279,1.999440
54.670774,-81.824400,-249.000000,1.262145,1.995556
55.190774,-81.824400,-249.000000,1.254833,2.007999
55.710774,-81.824400,-249.000000,1.270256,2.017805
56.230774,-81.824400,-249.000000,1.239642,2.013831
56.750774,-81.824400,-249.000000,1.234591,2.004666
57.270774,-81.824400,-249.000000,1.235221,2.000805
57.790774,-81.824400,-249.000000,1.273861,2.006637
58.310774,-81.824400,-249.000000,1.270661,2.001943
58.830774,-81.824400,-249.000000,1.269729,1.995420
59.350774,-81.824400,-249.000000,1.297921,2.010652
59.870774,-81.824400,-249.000000,1.245333,1.985713
60.390774,-81.824400,-249.000000,1.228275,1.998674
60.910774,-81.824400,-249.000000,1.274124,1.996573
61.430774,-81.824400,-249.000000,1.252061,1.995981
61.950774,-81.824400,-249.000000,1.245762,1.977711
62.470774,-81.824400,-249.000000,1.294881,2.021946
62.990774,-81.824400,-249.000000,1.266992,1.999255
63.510774,-81.824400,-249.000000,1.238775,1.984673
64.030774,-81.824400,-249.000000,1.240424,2.025600
64.550774,-81.824400,-249.000000,1.225185,1.991376
65.070774,-81.824400,-249.000000,1.190662,1.981637
65.590774,-81.824400,-249.000000,1.245003,2.016419
66.110774,-81.824400,-249.000000,1.277585,2.013905
66.630774,-81.824400,-249.000000,1.209632,2.017616
67.150774,-81.824400,-249.000000,1.218325,1.993730
67.670774,-81.824400,-249.000000,1.241722,1.997042
68.190774,-81.824400,-249.000000,1.238299,1.994265
68.710774,-81.824400,-249.000000,1.291480,2.020938
69.230774,-81.824400,-249.000000,1.263195,1.984606
69.750774,-81.824400,-249.000000,1.254253,1.993171
70.270774,-81.824400,-249.000000,1.241810,1.999471
70.790774,-81.824400,-249.000000,1.278868,2.006567
71.310774,-81.824400,-249.000000,1.282660,2.015147
13.070774,-81.304400,-249.000000,1.305199,1.980423
69.750774,-81.304400,-249.000000,1.257194,2.006838
70.790774,-81.304400,-249.000000,1.263824,2.006913
13.070774,-82.344400,-248.000000,1.226366,1.957562
13.590774,-82.344400,-248.000000,1.228240,1.964988
14.110774,-82.344400,-248.000000,1.246542,1.959740
14.630774,-82.344400,-248.000000,1.304082,1.982328
15.150774,-82.344400,-248.000000,1.280037,1.971358
15.670774,-82.344400,-248.000000,1.336416,2.002368
16.190774,-82.344400,-248.000000,1.208369,1.997465
16.710774,-82.344400,-248.000000,1.207128,1.987640
17.230774,-82.344400,-248.000000,1.235790,2.015410
17.750774,-82.344400,-248.000000,1.221878,2.000700
18.270774,-82.344400,-248.000000,1.190392,1.992548
18.790774,-82.344400,-248.000000,1.232686,1.990620
19.310774,-82.344400,-248.000000,1.283837,1.994776
19.830774,-82.344400,-248.000000,1.290213,1.986504
20.350774,-82.344400,-248.000000,1.234657,1.978048
20.870774,-82.344400,-248.000000,1.233756,1.978371
21.390774,-82.344400,-248.000000,1.226771,2.005837
21.910774,-82.344400,-248.000000,1.278278,2.006819
22.430774,-82.344400,-248.000000,1.218803,1.992861
22.950774,-82.344400,-248.000000,1.202302,2.004802
23.470774,-82.344400,-248.000000,1.265223,2.006618
23.990774,-82.344400,-248.000000,1.248445,1.979485
24.510774,-82.344400,-248.000000,1.237843,2.001973
25.030774,-82.344400,-248.000000,1.217268,1.976396
25.550774,-82.344400,-248.000000,1.245234,2.025804
26.070774,-82.344400,-248.000000,1.230797,2.002850
26.590774,-82.344400,-248.000000,1.214082,2.004555
27.110774,-82.344400,-248.000000,1.257351,1.995613
27.630774,-82.344400,-248.000000,1.218418,1.989842
28.150774,-82.344400,-248.000000,1.255112,1.997103
28.670774,-82.344400,-248.000000,1.208175,1.997780
29.190774,-82.344400,-248.000000,1.267496,1.998113
29.710774,-82.344400,-248.000000,1.317950,1.994319
30.230774,-82.344400,-248.000000,1.246295,1.998481
30.750774,-82.344400,-248.000000,1.277242,2.001728
31.270774,-82.344400,-248.000000,1.236104,1.993742
31.790774,-82.344400,-248.000000,1.276603,2.014936
32.310774,-82.344400,-248.000000,1.267287,2.000894
32.830774,-82.344400,-248.000000,1.250743,2.024673
33.350774,-82.344400,-248.000000,1.285903,2.010120
33.870774,-82.344400,-248.000000,1.259443,2.004835
34.390774,-82.344400,-248.000000,1.266727,1.999905
34.910774,-82.344400,-248.000000,1.213545,1.996258
35.430774,-82.344400,-248.000000,1.198467,1.980686
35.950774,-82.344400,-248.000000,1.252914,2.004265
36.470774,-82.344400,-248.000000,1.264726,2.012039
36.990774,-82.344400,-248.000000,1.277805,2.009118
37.510774,-82.344400,-248.000000,1.227277,2.019590
38.030774,-82.344400,-248.000000,1.222907,2.003864
38.550774,-82.344400,-248.000000,1.236369,1.995645
39.070774,-82.344400,-248.000000,1.221552,1.984914
39.590774,-82.344400,-248.000000,1.299110,2.002936
40.110774,-82.344400,-248.000000,1.272753,1.987954
40.630774,-82.344400,-248.000000,1.254726,2.004544
41.150774,-82.344400,-248.000000,1.284252,1.986922
41.670774,-82.344400,-248.000000,1.217520,1.988065
42.190774,-82.344400,-248.000000,1.224952,2.000476
42.710774,-82.344400,-248.000000,1.243974,1.999524
43.230774,-82.344400,-248.000000,1.278159,2.004609
43.750774,-82.344400,-248.000000,1.234216,1.998851
44.270774,-82.344400,-248.000000,1.239178,1.992471
44.790774,-82.344400,-248.000000,1.233589,1.990293
45.310774,-82.344400,-248.000000,1.248075,2.014982
45.830774,-82.344400,-248.000000,1.231861,2.014609
46.350774,-82.344400,-248.000000,1.248698,2.000978
46.870774,-82.344400,-248.000000,1.305457,2.006759
47.390774,-82.344400,-248.000000,1.245035,1.996971
47.910774,-82.344400,-248.000000,1.196653,1.984385
48.430774,-82.344400,-248.000000,1.236511,1.995486
48.950774,-82.344400,-248.000000,1.254843,1.985866
49.470774,-82.344400,-248.000000,1.222863,1.991225
49.990774,-82.344400,-248.000000,1.265993,1.996933
50.510774,-82.344400,-248.000000,1.273070,2.000593
51.030774,-82.344400,-248.000000,1.346474,2.013007
51.550774,-82.344400,-248.000000,1.236604,1.996051
52.070774,-82.344400,-248.000000,1.252515,2.006550
52.590774,-82.344400,-248.000000,1.242455,2.002893
53.110774,-82.344400,-248.000000,1.254630,1.996952
53.630774,-82.344400,-248.000000,1.208785,2.002178
54.150774,-82.344400,-248.000000,1.221743,1.984443
54.670774,-82.344400,-248.000000,1.229558,1.989310
55.190774,-82.344400,-248.000000,1.295235,2.014657
55.710774,-82.344400,-248.000000,1.306070,2.005161
56.230774,-82.344400,-248.000000,1.240739,1.991370
56.750774,-82.344400,-248.000000,1.261644,1.989336
57.270774,-82.344400,-248.000000,1.291974,2.007062
57.790774,-82.344400,-248.000000,1.242587,1.988037
58.310774,-82.344400,-248.000000,1.268022,1.997933
58.830774,-82.344400,-248.000000,1.307780,2.011550
59.350774,-82.344400,-248.000000,1.265555,2.000237
59.870774,-82.344400,-248.000000,1.266435,1.993387
60.390774,-82.344400,-248.000000,1.269899,2.004539
60.910774,-82.344400,-248.000000,1.283761,1.988582
61.430774,-82.344400,-248.000000,1.292810,1.999004
61.950774,-82.344400,-248.000000,1.301061,1.986445
62.470774,-82.344400,-248.000000,1.253567,2.001637
62.990774,-82.344400,-248.000000,1.237772,1.991233
63.510774,-82.344400,-248.000000,1.228051,2.000842
64.030774,-82.344400,-248.000000,1.223389,1.991530
64.550774,-82.344400,-248.000000,1.232335,1.987574
65.070774,-82.344400,-248.000000,1.233709,1.986032
65.590774,-82.344400,-248.000000,1.252896,2.020378
66.110774,-82.344400,-248.000000,1.238319,1.991291
66.630774,-82.344400,-248.000000,1.260547,2.000236
67.150774,-82.344400,-248.000000,1.258954,2.016091
67.670774,-82.344400,-248.000000,1.242386,1.993934
68.190774,-82.344400,-248.000000,1.245533,1.998909
13.070774,-81.824400,-248.000000,1.249893,1.970740
13.590774,-81.824400,-248.000000,1.254026,1.973597
14.110774,-81.824400,-248.000000,1.239705,1.961979
14.630774,-81.824400,-248.000000,1.235543,1.986187
15.150774,-81.824400,-248.000000,1.289266,1.966522
15.670774,-81.824400,-248.000000,1.278004,2.011930
16.190774,-81.824400,-248.000000,1.228280,1.988187
16.710774,-81.824400,-248.000000,1.226950,1.990871
17.230774,-81.824400,-248.000000,1.299893,2.021384
17.750774,-81.824400,-248.000000,1.266548,1.997633
18.270774,-81.824400,-248.000000,1.254867,2.008024
18.790774,-81.824400,-248.000000,1.220627,1.996257
19.310774,-81.824400,-248.000000,1.255979,1.995734
19.830774,-81.824400,-248.000000,1.269586,1.991115
20.350774,-81.824400,-248.000000,1.219893,1.985035
20.870774,-81.824400,-248.000000,1.279387,1.987707
21.390774,-81.824400,-248.000000,1.266096,1.995668
21.910774,-81.824400,-248.000000,1.245320,1.996474
22.430774,-81.824400,-248.000000,1.221887,2.006494
22.950774,-81.824400,-248.000000,1.243725,2.014786
23.470774,-81.824400,-248.000000,1.309984,2.002191
23.990774,-81.824400,-248.000000,1.241417,1.983208
24.510774,-81.824400,-248.000000,1.238712,2.008428
25.030774,-81.824400,-248.000000,1.245626,1.981696
25.550774,-81.824400,-248.000000,1.236251,2.025018
26.070774,-81.824400,-248.000000,1.222968,2.001894
26.590774,-81.824400,-248.000000,1.246408,2.024576
27.110774,-81.824400,-248.000000,1.243642,1.997271
27.630774,-81.824400,-248.000000,1.205114,2.005400
28.150774,-81.824400,-248.000000,1.258635,2.001868
28.670774,-81.824400,-248.000000,1.252533,2.000161
29.190774,-81.824400,-248.000000,1.264246,1.999228
29.710774,-81.824400,-248.000000,1.248632,1.987758
30.230774,-81.824400,-248.000000,1.228201,2.000730
30.750774,-81.824400,-248.000000,1.267898,1.997312
31.270774,-81.824400,-248.000000,1.254708,2.007698
31.790774,-81.824400,-248.000000,1.272298,2.017028
32.310774,-81.824400,-248.000000,1.234987,2.002341
32.830774,-81.824400,-248.000000,1.245902,2.012679
33.350774,-81.824400,-248.000000,1.257687,2.018428
33.870774,-81.824400,-248.000000,1.233751,2.010892
34.390774,-81.824400,-248.000000,1.233541,2.001145
34.910774,-81.824400,-248.000000,1.249226,1.997303
35.430774,-81.824400,-248.000000,1.192363,1.979554
35.950774,-81.824400,-248.000000,1.240654,1.986814
36.470774,-81.824400,-248.000000,1.345410,2.014796
36.990774,-81.824400,-248.000000,1.251320,2.001191
37.510774,-81.824400,-248.000000,1.205465,2.012434
38.030774,-81.824400,-248.000000,1.204244,1.992274
38.550774,-81.824400,-248.000000,1.259256,1.994711
39.070774,-81.824400,-248.000000,1.206117,1.996633
39.590774,-81.824400,-248.000000,1.291805,2.005731
40.110774,-81.824400,-248.000000,1.256284,1.995981
40.630774,-81.824400,-248.000000,1.246231,1.997598
41.150774,-81.824400,-248.000000,1.306944,2.000046
41.670774,-81.824400,-248.000000,1.225925,1.988898
42.190774,-81.824400,-248.000000,1.247417,1.994986
42.710774,-81.824400,-248.000000,1.275618,2.000140
43.230774,-81.824400,-248.000000,1.214448,2.007925
43.750774,-81.824400,-248.000000,1.242047,1.993497
44.270774,-81.824400,-248.000000,1.290703,1.998629
44.790774,-81.824400,-248.000000,1.263883,1.991639
45.310774,-81.824400,-248.000000,1.216965,2.006247
45.830774,-81.824400,-248.000000,1.224168,2.028161
46.350774,-81.824400,-248.000000,1.256587,2.009038
46.870774,-81.824400,-248.000000,1.262893,2.005691
47.390774,-81.824400,-248.000000,1.250244,2.002111
47.910774,-81.824400,-248.000000,1.228786,2.003360
48.430774,-81.824400,-248.000000,1.238462,1.998132
48.950774,-81.824400,-248.000000,1.265462,1.990796
49.470774,-81.824400,-248.000000,1.275518,2.000678
49.990774,-81.824400,-248.000000,1.267319,2.004592
50.510774,-81.824400,-248.000000,1.289185,2.012639
51.030774,-81.824400,-248.000000,1.297012,1.999673
51.550774,-81.824400,-248.000000,1.232204,2.002699
52.070774,-81.824400,-248.000000,1.220234,1.999128
52.590774,-81.824400,-248.000000,1.266505,1.994930
53.110774,-81.824400,-248.000000,1.224712,1.985866
53.630774,-81.824400,-248.000000,1.246310,2.013470
54.150774,-81.824400,-248.000000,1.197464,1.986235
54.670774,-81.824400,-248.000000,1.229897,1.984904
55.190774,-81.824400,-248.000000,1.236274,2.002629
55.710774,-81.824400,-248.000000,1.237304,2.011913
56.230774,-81.824400,-248.000000,1.245398,2.001472
56.750774,-81.824400,-248.000000,1.269132,1.993621
57.270774,-81.824400,-248.000000,1.268045,1.989568
57.790774,-81.824400,-248.000000,1.276271,1.987701
58.310774,-81.824400,-248.000000,1.231348,1.980408
58.830774,-81.824400,-248.000000,1.291119,2.023916
59.350774,-81.824400,-248.000000,1.267876,2.000653
59.870774,-81.824400,-248.000000,1.302841,1.988847
60.390774,-81.824400,-248.000000,1.282958,2.000429
60.910774,-81.824400,-248.000000,1.255960,1.991395
61.430774,-81.824400,-248.000000,1.209502,1.996042
61.950774,-81.824400,-248.000000,1.289479,1.995616
62.470774,-81.824400,-248.000000,1.274466,2.003963
62.990774,-81.824400,-248.000000,1.220254,2.002419
63.510774,-81.824400,-248.000000,1.256895,2.007213
64.030774,-81.824400,-248.000000,1.253872,1.988157
64.550774,-81.824400,-248.000000,1.239527,1.989929
65.070774,-81.824400,-248.000000,1.244899,1.989284
65.590774,-81.824400,-248.000000,1.268970,2.013252
66.110774,-81.824400,-248.000000,1.239728,1.989134
66.630774,-81.824400,-248.000000,1.240535,1.999188
67.150774,-81.824400,-248.000000,1.304807,2.012339
67.670774,-81.824400,-248.000000,1.212818,2.006105
68.190774,-81.824400,-248.000000,1.227037,2.004415
68.710774,-81.824400,-248.000000,1.256329,2.002996
69.230774,-81.824400,-248.000000,1.249980,2.015720
13.070774,-81.304400,-248.000000,1.281347,1.967779
67.150774,-81.304400,-248.000000,1.277293,2.010211
68.190774,-81.304400,-248.000000,1.231241,2.007391
13.070774,-82.344400,-247.000000,1.209634,1.962239
13.590774,-82.344400,-247.000000,1.239375,1.971471
14.110774,-82.344400,-247.000000,1.196256,1.964088
14.630774,-82.344400,-247.000000,1.218062,1.966977
15.150774,-82.344400,-247.000000,1.260065,1.990646
15.670774,-82.344400,-247.000000,1.272651,2.009149
16.190774,-82.344400,-247.000000,1.201159,1.976387
16.710774,-82.344400,-247.000000,1.249018,2.006516
17.230774,-82.344400,-247.000000,1.273226,2.009345
17.750774,-82.344400,-247.000000,1.228091,1.998369
18.270774,-82.344400,-247.000000,1.229172,1.988455
18.790774,-82.344400,-247.000000,1.246944,1.996127
19.310774,-82.344400,-247.000000,1.269031,1.986450
19.830774,-82.344400,-247.000000,1.219123,1.993522
20.350774,-82.344400,-247.000000,1.254159,1.995116
20.870774,-82.344400,-247.000000,1.225522,1.994526
21.390774,-82.344400,-247.000000,1.252148,1.984422
21.910774,-82.344400,-247.000000,1.298422,1.990946
22.430774,-82.344400,-247.000000,1.245215,1.995902
22.950774,-82.344400,-247.000000,1.269782,1.991749
23.470774,-82.344400,-247.000000,1.287690,1.982621
23.990774,-82.344400,-247.000000,1.311624,1.988310
24.510774,-82.344400,-247.000000,1.288950,2.012594
25.030774,-82.344400,-247.000000,1.216107,1.995562
25.550774,-82.344400,-247.000000,1.225441,1.975965
26.070774,-82.344400,-247.000000,1.210364,2.006718
26.590774,-82.344400,-247.000000,1.190465,2.009849
27.110774,-82.344400,-247.000000,1.204308,1.981393
27.630774,-82.344400,-247.000000,1.261982,2.012117
28.150774,-82.344400,-247.000000,1.243957,2.007979
28.670774,-82.344400,-247.000000,1.228565,2.003822
29.190774,-82.344400,-247.000000,1.250039,1.986100
29.710774,-82.344400,-247.000000,1.223783,2.015282
30.230774,-82.344400,-247.000000,1.270533,1.985614
30.750774,-82.344400,-247.000000,1.223404,2.024046
31.270774,-82.344400,-247.000000,1.238949,2.002730
31.790774,-82.344400,-247.000000,1.203629,1.999734
32.310774,-82.344400,-247.000000,1.199882,1.986411
32.830774,-82.344400,-247.000000,1.202024,1.988101
33.350774,-82.344400,-247.000000,1.199169,1.986712
33.870774,-82.344400,-247.000000,1.238560,1.993894
34.390774,-82.344400,-247.000000,1.215457,1.978705
34.910774,-82.344400,-247.000000,1.201665,1.998590
35.430774,-82.344400,-247.000000,1.228803,1.994837
35.950774,-82.344400,-247.000000,1.265105,1.995137
36.470774,-82.344400,-247.000000,1.319769,1.985599
36.990774,-82.344400,-247.000000,1.285764,2.007359
37.510774,-82.344400,-247.000000,1.250091,1.995271
38.030774,-82.344400,-247.000000,1.286378,1.981056
38.550774,-82.344400,-247.000000,1.265408,1.987368
39.070774,-82.344400,-247.000000,1.281676,2.017755
39.590774,-82.344400,-247.000000,1.306816,2.001900
40.110774,-82.344400,-247.000000,1.292043,2.050558
40.630774,-82.344400,-247.000000,1.246723,2.002066
41.150774,-82.344400,-247.000000,1.260051,1.999805
41.670774,-82.344400,-247.000000,1.220536,1.985446
42.190774,-82.344400,-247.000000,1.219512,2.004633
42.710774,-82.344400,-247.000000,1.263465,1.993376
43.230774,-82.344400,-247.000000,1.237441,2.009720
43.750774,-82.344400,-247.000000,1.250572,2.025212
44.270774,-82.344400,-247.000000,1.244059,2.003573
44.790774,-82.344400,-247.000000,1.244078,1.998652
45.310774,-82.344400,-247.000000,1.244390,2.002918
45.830774,-82.344400,-247.000000,1.267590,1.992915
46.350774,-82.344400,-247.000000,1.250746,1.986507
46.870774,-82.344400,-247.000000,1.234403,1.993759
47.390774,-82.344400,-247.000000,1.306707,1.996631
47.910774,-82.344400,-247.000000,1.237322,1.978419
48.430774,-82.344400,-247.000000,1.231772,1.997756
48.950774,-82.344400,-247.000000,1.228521,1.995529
49.470774,-82.344400,-247.000000,1.242017,2.005314
49.990774,-82.344400,-247.000000,1.240119,2.018686
50.510774,-82.344400,-247.000000,1.232256,2.024197
51.030774,-82.344400,-247.000000,1.229201,1.987820
51.550774,-82.344400,-247.000000,1.224247,1.981641
52.070774,-82.344400,-247.000000,1.213466,1.990643
52.590774,-82.344400,-247.000000,1.289663,1.986688
53.110774,-82.344400,-247.000000,1.265055,1.999031
53.630774,-82.344400,-247.000000,1.277081,1.990231
54.150774,-82.344400,-247.000000,1.230214,1.990562
54.670774,-82.344400,-247.000000,1.240420,1.987420
55.190774,-82.344400,-247.000000,1.313210,2.001016
55.710774,-82.344400,-247.000000,1.200109,1.995607
56.230774,-82.344400,-247.000000,1.225765,2.014995
56.750774,-82.344400,-247.000000,1.257861,2.007467
57.270774,-82.344400,-247.000000,1.248117,1.985155
57.790774,-82.344400,-247.000000,1.246895,1.995968
58.310774,-82.344400,-247.000000,1.200788,1.977813
58.830774,-82.344400,-247.000000,1.221255,1.993082
59.350774,-82.344400,-247.000000,1.229483,1.981507
59.870774,-82.344400,-247.000000,1.243952,1.989103
60.390774,-82.344400,-247.000000,1.255196,1.990163
60.910774,-82.344400,-247.000000,1.307249,2.013590
61.430774,-82.344400,-247.000000,1.252199,1.998480
61.950774,-82.344400,-247.000000,1.265309,2.006334
62.470774,-82.344400,-247.000000,1.250019,1.979530
62.990774,-82.344400,-247.000000,1.278306,1.994774
63.510774,-82.344400,-247.000000,1.286295,2.007875
64.030774,-82.344400,-247.000000,1.226674,1.992800
64.550774,-82.344400,-247.000000,1.211898,1.984482
65.070774,-82.344400,-247.000000,1.224365,1.976938
65.590774,-82.344400,-247.000000,1.241024,2.015821
66.110774,-82.344400,-247.000000,1.237903,1.978490
13.070774,-81.824400,-247.000000,1.250758,1.955892
13.590774,-81.824400,-247.000000,1.221775,1.970712
14.110774,-81.824400,-247.000000,1.241330,1.973362
14.630774,-81.824400,-247.000000,1.291875,1.975098
15.150774,-81.824400,-247.000000,1.250371,1.982564
15.670774,-81.824400,-247.000000,1.273616,1.997969
16.190774,-81.824400,-247.000000,1.272579,1.981867
16.710774,-81.824400,-247.000000,1.276817,2.005789
17.230774,-81.824400,-247.000000,1.267075,2.005574
17.750774,-81.824400,-247.000000,1.211143,2.007056
18.270774,-81.824400,-247.000000,1.185638,1.987903
18.790774,-81.824400,-247.000000,1.211424,1.992406
19.310774,-81.824400,-247.000000,1.232480,1.978150
19.830774,-81.824400,-247.000000,1.245273,1.997225
20.350774,-81.824400,-247.000000,1.228645,1.992200
20.870774,-81.824400,-247.000000,1.254238,1.999916
21.390774,-81.824400,-247.000000,1.288607,1.994423
21.910774,-81.824400,-247.000000,1.251715,1.993032
22.430774,-81.824400,-247.000000,1.253272,1.997022
22.950774,-81.824400,-247.000000,1.267489,2.017252
23.470774,-81.824400,-247.000000,1.244199,1.980745
23.990774,-81.824400,-247.000000,1.287399,1.988726
24.510774,-81.824400,-247.000000,1.240672,2.009574
25.030774,-81.824400,-247.000000,1.231497,1.999704
25.550774,-81.824400,-247.000000,1.232466,1.971766
26.070774,-81.824400,-247.000000,1.227281,2.027784
26.590774,-81.824400,-247.000000,1.225606,1.997637
27.110774,-81.824400,-247.000000,1.250894,1.995303
27.630774,-81.824400,-247.000000,1.226511,2.012357
28.150774,-81.824400,-247.000000,1.237761,2.017276
28.670774,-81.824400,-247.000000,1.226299,1.998604
29.190774,-81.824400,-247.000000,1.257262,1.996751
29.710774,-81.824400,-247.000000,1.216545,2.016661
30.230774,-81.824400,-247.000000,1.239756,1.990350
30.750774,-81.824400,-247.000000,1.252062,2.020343
31.270774,-81.824400,-247.000000,1.243434,1.997391
31.790774,-81.824400,-247.000000,1.223251,2.005419
32.310774,-81.824400,-247.000000,1.243051,2.002857
32.830774,-81.824400,-247.000000,1.252253,2.022405
33.350774,-81.824400,-247.000000,1.283876,1.992414
33.870774,-81.824400,-247.000000,1.209360,2.002319
34.390774,-81.824400,-247.000000,1.245262,1.978406
34.910774,-81.824400,-247.000000,1.253899,2.000023
35.430774,-81.824400,-247.000000,1.254313,1.990164
35.950774,-81.824400,-247.000000,1.311517,2.000437
36.470774,-81.824400,-247.000000,1.288979,1.989873
36.990774,-81.824400,-247.000000,1.295931,2.000550
37.510774,-81.824400,-247.000000,1.262744,1.991329
38.030774,-81.824400,-247.000000,1.297675,1.992729
38.550774,-81.824400,-247.000000,1.315097,1.991034
39.070774,-81.824400,-247.000000,1.231996,2.023409
39.590774,-81.824400,-247.000000,1.280816,2.007249
40.110774,-81.824400,-247.000000,1.280868,2.022865
40.630774,-81.824400,-247.000000,1.252148,1.994755
41.150774,-81.824400,-247.000000,1.253101,1.995931
41.670774,-81.824400,-247.000000,1.267873,1.994014
42.190774,-81.824400,-247.000000,1.236924,1.995072
42.710774,-81.824400,-247.000000,1.216631,1.983486
43.230774,-81.824400,-247.000000,1.233873,2.003791
43.750774,-81.824400,-247.000000,1.223805,2.016783
44.270774,-81.824400,-247.000000,1.240309,2.004616
44.790774,-81.824400,-247.000000,1.224849,2.006959
45.310774,-81.824400,-247.000000,1.263124,2.005873
45.830774,-81.824400,-247.000000,1.217440,2.006304
46.350774,-81.824400,-247.000000,1.191530,1.987861
46.870774,-81.824400,-247.000000,1.234329,1.987401
47.390774,-81.824400,-247.000000,1.290661,2.005952
47.910774,-81.824400,-247.000000,1.245242,1.976916
48.430774,-81.824400,-247.000000,1.223499,1.993466
48.950774,-81.824400,-247.000000,1.220484,1.997266
49.470774,-81.824400,-247.000000,1.241211,2.003577
49.990774,-81.824400,-247.000000,1.259421,2.008492
50.510774,-81.824400,-247.000000,1.241052,2.005447
51.030774,-81.824400,-247.000000,1.281666,1.991196
51.550774,-81.824400,-247.000000,1.249910,1.976732
52.070774,-81.824400,-247.000000,1.221700,1.982577
52.590774,-81.824400,-247.000000,1.271935,1.990486
53.110774,-81.824400,-247.000000,1.265369,1.993216
53.630774,-81.824400,-247.000000,1.231876,1.988486
54.150774,-81.824400,-247.000000,1.254653,1.990562
54.670774,-81.824400,-247.000000,1.242991,2.004608
55.190774,-81.824400,-247.000000,1.274591,2.006462
55.710774,-81.824400,-247.000000,1.232834,1.997869
56.230774,-81.824400,-247.000000,1.270196,2.000437
56.750774,-81.824400,-247.000000,1.289544,1.987874
57.270774,-81.824400,-247.000000,1.280083,1.990265
57.790774,-81.824400,-247.000000,1.254884,1.994634
58.310774,-81.824400,-247.000000,1.236442,1.977628
58.830774,-81.824400,-247.000000,1.240642,1.988409
59.350774,-81.824400,-247.000000,1.232328,1.991341
59.870774,-81.824400,-247.000000,1.229478,1.983572
60.390774,-81.824400,-247.000000,1.255459,1.995912
60.910774,-81.824400,-247.000000,1.253117,2.006903
61.430774,-81.824400,-247.000000,1.310149,1.995497
61.950774,-81.824400,-247.000000,1.266408,2.007619
62.470774,-81.824400,-247.000000,1.254174,1.982095
62.990774,-81.824400,-247.000000,1.271281,1.996256
63.510774,-81.824400,-247.000000,1.250993,2.013956
64.030774,-81.824400,-247.000000,1.235512,1.988423
64.550774,-81.824400,-247.000000,1.248270,1.986388
65.070774,-81.824400,-247.000000,1.252242,1.987227
65.590774,-81.824400,-247.000000,1.211317,2.011212
66.110774,-81.824400,-247.000000,1.220082,1.976940
66.630774,-81.824400,-247.000000,1.236599,2.000284
67.150774,-81.824400,-247.000000,1.250709,1.996244
65.070774,-81.304400,-247.000000,1.261733,1.980925
66.110774,-81.304400,-247.000000,1.276747,1.974868
13.070774,-82.344400,-246.000000,1.219172,1.950251
13.590774,-82.344400,-246.000000,1.231557,1.974399
14.110774,-82.344400,-246.000000,1.257625,1.981243
14.630774,-82.344400,-246.000000,1.230105,1.977022
15.150774,-82.344400,-246.000000,1.186602,1.982010
15.670774,-82.344400,-246.000000,1.204715,1.971853
16.190774,-82.344400,-246.000000,1.198722,1.978668
16.710774,-82.344400,-246.000000,1.246749,2.000937
17.230774,-82.344400,-246.000000,1.237956,2.000394
17.750774,-82.344400,-246.000000,1.237744,1.998916
18.270774,-82.344400,-246.000000,1.230065,1.983031
18.790774,-82.344400,-246.000000,1.217830,1.981817
19.310774,-82.344400,-246.000000,1.216319,1.986686
19.830774,-82.344400,-246.000000,1.171666,2.003323
20.350774,-82.344400,-246.000000,1.235033,1.993274
20.870774,-82.344400,-246.000000,1.195450,1.986964
21.390774,-82.344400,-246.000000,1.264145,1.990771
21.910774,-82.344400,-246.000000,1.219736,1.979695
22.430774,-82.344400,-246.000000,1.265782,2.001736
22.950774,-82.344400,-246.000000,1.263258,1.995794
23.470774,-82.344400,-246.000000,1.203059,2.011001
23.990774,-82.344400,-246.000000,1.220940,1.984567
24.510774,-82.344400,-246.000000,1.234638,2.003931
25.030774,-82.344400,-246.000000,1.209767,2.003449
25.550774,-82.344400,-246.000000,1.234022,1.998130
26.070774,-82.344400,-246.000000,1.262310,2.002129
26.590774,-82.344400,-246.000000,1.260214,1.988887
27.110774,-82.344400,-246.000000,1.277017,1.987096
27.630774,-82.344400,-246.000000,1.239300,1.974208
28.150774,-82.344400,-246.000000,1.231994,1.999255
28.670774,-82.344400,-246.000000,1.275690,1.985926
29.190774,-82.344400,-246.000000,1.252061,1.990736
29.710774,-82.344400,-246.000000,1.237634,1.997593
30.230774,-82.344400,-246.000000,1.234795,2.008014
30.750774,-82.344400,-246.000000,1.246367,1.992047
31.270774,-82.344400,-246.000000,1.273675,1.970663
31.790774,-82.344400,-246.000000,1.218946,1.966133
32.310774,-82.344400,-246.000000,1.292339,1.986574
32.830774,-82.344400,-246.000000,1.262865,2.001043
33.350774,-82.344400,-246.000000,1.234028,1.987230
33.870774,-82.344400,-246.000000,1.321066,1.988384
34.390774,-82.344400,-246.000000,1.213024,2.007094
34.910774,-82.344400,-246.000000,1.215468,2.020443
35.430774,-82.344400,-246.000000,1.196873,1.996789
35.950774,-82.344400,-246.000000,1.245829,1.989277
36.470774,-82.344400,-246.000000,1.248509,2.006119
36.990774,-82.344400,-246.000000,1.297092,1.995539
37.510774,-82.344400,-246.000000,1.232969,1.988286
38.030774,-82.344400,-246.000000,1.318516,1.991174
38.550774,-82.344400,-246.000000,1.258899,1.993760
39.070774,-82.344400,-246.000000,1.247306,1.986900
39.590774,-82.344400,-246.000000,1.229179,2.014175
40.110774,-82.344400,-246.000000,1.205080,1.986157
40.630774,-82.344400,-246.000000,1.226567,1.976275
41.150774,-82.344400,-246.000000,1.249993,2.006441
41.670774,-82.344400,-246.000000,1.186729,1.978762
42.190774,-82.344400,-246.000000,1.219466,2.003210
42.710774,-82.344400,-246.000000,1.225925,2.003963
43.230774,-82.344400,-246.000000,1.199151,1.972438
43.750774,-82.344400,-246.000000,1.250057,1.989924
44.270774,-82.344400,-246.000000,1.265722,1.993031
44.790774,-82.344400,-246.000000,1.232530,1.982648
45.310774,-82.344400,-246.000000,1.247941,1.975934
45.830774,-82.344400,-246.000000,1.250867,1.988746
46.350774,-82.344400,-246.000000,1.214324,1.981367
46.870774,-82.344400,-246.000000,1.223753,1.985240
47.390774,-82.344400,-246.000000,1.202850,1.977134
47.910774,-82.344400,-246.000000,1.206314,1.991217
48.430774,-82.344400,-246.000000,1.229498,1.976941
48.950774,-82.344400,-246.000000,1.299473,2.000359
49.470774,-82.344400,-246.000000,1.258506,2.000908
49.990774,-82.344400,-246.000000,1.282258,2.031560
50.510774,-82.344400,-246.000000,1.284753,1.999796
51.030774,-82.344400,-246.000000,1.253782,1.981136
51.550774,-82.344400,-246.000000,1.248624,1.986476
52.070774,-82.344400,-246.000000,1.262886,1.985739
52.590774,-82.344400,-246.000000,1.271688,2.003424
53.110774,-82.344400,-246.000000,1.237763,2.007582
53.630774,-82.344400,-246.000000,1.245300,2.000598
54.150774,-82.344400,-246.000000,1.205392,1.991700
54.670774,-82.344400,-246.000000,1.225106,1.987950
55.190774,-82.344400,-246.000000,1.237347,2.002462
55.710774,-82.344400,-246.000000,1.296476,2.013528
56.230774,-82.344400,-246.000000,1.220752,2.014188
56.750774,-82.344400,-246.000000,1.285686,1.998628
57.270774,-82.344400,-246.000000,1.266026,2.009129
57.790774,-82.344400,-246.000000,1.220467,1.988589
58.310774,-82.344400,-246.000000,1.216182,2.019043
58.830774,-82.344400,-246.000000,1.212621,1.988158
59.350774,-82.344400,-246.000000,1.223622,1.992989
59.870774,-82.344400,-246.000000,1.227262,1.981400
60.390774,-82.344400,-246.000000,1.194766,1.990070
60.910774,-82.344400,-246.000000,1.245488,1.996550
61.430774,-82.344400,-246.000000,1.236714,1.996973
61.950774,-82.344400,-246.000000,1.184339,1.980658
62.470774,-82.344400,-246.000000,1.199114,1.998564
62.990774,-82.344400,-246.000000,1.277038,1.993688
63.510774,-82.344400,-246.000000,1.261361,1.989668
64.030774,-82.344400,-246.000000,1.306899,1.992078
13.070774,-81.824400,-246.000000,1.197292,1.955675
13.590774,-81.824400,-246.000000,1.215077,1.973931
14.110774,-81.824400,-246.000000,1.257957,1.989926
14.630774,-81.824400,-246.000000,1.245670,1.975733
15.150774,-81.824400,-246.000000,1.226418,1.984821
15.670774,-81.824400,-246.000000,1.248004,1.971495
16.190774,-81.824400,-246.000000,1.229400,1.981356
16.710774,-81.824400,-246.000000,1.212670,2.006872
17.230774,-81.824400,-246.000000,1.259640,1.989393
17.750774,-81.824400,-246.000000,1.287319,2.002698
18.270774,-81.824400,-246.000000,1.245830,1.992543
18.790774,-81.824400,-246.000000,1.248127,1.986882
19.310774,-81.824400,-246.000000,1.235702,1.988547
19.830774,-81.824400,-246.000000,1.192924,2.004427
20.350774,-81.824400,-246.000000,1.222630,1.984381
20.870774,-81.824400,-246.000000,1.196598,1.987147
21.390774,-81.824400,-246.000000,1.244066,2.002617
21.910774,-81.824400,-246.000000,1.210325,1.994218
22.430774,-81.824400,-246.000000,1.235696,1.994791
22.950774,-81.824400,-246.000000,1.283864,1.997470
23.470774,-81.824400,-246.000000,1.272229,1.981280
23.990774,-81.824400,-246.000000,1.285404,1.990619
24.510774,-81.824400,-246.000000,1.248937,2.014582
25.030774,-81.824400,-246.000000,1.249028,2.010584
25.550774,-81.824400,-246.000000,1.239873,2.002751
26.070774,-81.824400,-246.000000,1.222465,2.000207
26.590774,-81.824400,-246.000000,1.247922,1.994936
27.110774,-81.824400,-246.000000,1.318856,1.997673
27.630774,-81.824400,-246.000000,1.256149,1.975893
28.150774,-81.824400,-246.000000,1.237092,1.999781
28.670774,-81.824400,-246.000000,1.276121,1.992772
29.190774,-81.824400,-246.000000,1.258228,2.004744
29.710774,-81.824400,-246.000000,1.237326,1.997918
30.230774,-81.824400,-246.000000,1.267317,2.023045
30.750774,-81.824400,-246.000000,1.256616,1.989808
31.270774,-81.824400,-246.000000,1.213466,1.985015
31.790774,-81.824400,-246.000000,1.264674,1.969115
32.310774,-81.824400,-246.000000,1.277782,1.984528
32.830774,-81.824400,-246.000000,1.281847,2.007593
33.350774,-81.824400,-246.000000,1.229250,1.993961
33.870774,-81.824400,-246.000000,1.240614,1.984372
34.390774,-81.824400,-246.000000,1.241726,1.993783
34.910774,-81.824400,-246.000000,1.223004,2.010608
35.430774,-81.824400,-246.000000,1.263351,2.009485
35.950774,-81.824400,-246.000000,1.252434,2.018419
36.470774,-81.824400,-246.000000,1.242291,2.006469
36.990774,-81.824400,-246.000000,1.261730,1.994770
37.510774,-81.824400,-246.000000,1.214039,1.989084
38.030774,-81.824400,-246.000000,1.283756,1.990832
38.550774,-81.824400,-246.000000,1.298893,1.994611
39.070774,-81.824400,-246.000000,1.230951,1.994402
39.590774,-81.824400,-246.000000,1.215035,2.008128
40.110774,-81.824400,-246.000000,1.206483,1.980857
40.630774,-81.824400,-246.000000,1.263890,1.986961
41.150774,-81.824400,-246.000000,1.267021,2.014901
41.670774,-81.824400,-246.000000,1.208096,1.988500
42.190774,-81.824400,-246.000000,1.190019,1.995869
42.710774,-81.824400,-246.000000,1.194616,2.006444
43.230774,-81.824400,-246.000000,1.239218,1.975735
43.750774,-81.824400,-246.000000,1.241413,2.000461
44.270774,-81.824400,-246.000000,1.247931,1.994712
44.790774,-81.824400,-246.000000,1.283039,1.990618
45.310774,-81.824400,-246.000000,1.336981,1.986963
45.830774,-81.824400,-246.000000,1.311774,1.991134
46.350774,-81.824400,-246.000000,1.256506,1.982926
46.870774,-81.824400,-246.000000,1.219437,1.989702
47.390774,-81.824400,-246.000000,1.216734,1.983118
47.910774,-81.824400,-246.000000,1.237277,2.005363
48.430774,-81.824400,-246.000000,1.247755,1.978581
48.950774,-81.824400,-246.000000,1.245685,1.992415
49.470774,-81.824400,-246.000000,1.302138,2.004552
49.990774,-81.824400,-246.000000,1.268219,2.023417
50.510774,-81.824400,-246.000000,1.256724,2.002655
51.030774,-81.824400,-246.000000,1.281313,1.981215
51.550774,-81.824400,-246.000000,1.257164,1.991330
52.070774,-81.824400,-246.000000,1.219437,2.002072
52.590774,-81.824400,-246.000000,1.210316,1.992581
53.110774,-81.824400,-246.000000,1.269706,1.998863
53.630774,-81.824400,-246.000000,1.253091,1.997470
54.150774,-81.824400,-246.000000,1.251157,1.991434
54.670774,-81.824400,-246.000000,1.257419,1.987132
55.190774,-81.824400,-246.000000,1.286255,2.010059
55.710774,-81.824400,-246.000000,1.284033,2.011533
56.230774,-81.824400,-246.000000,1.212290,2.018658
56.750774,-81.824400,-246.000000,1.244031,1.994114
57.270774,-81.824400,-246.000000,1.225181,2.017013
57.790774,-81.824400,-246.000000,1.192514,2.001252
58.310774,-81.824400,-246.000000,1.216562,2.029978
58.830774,-81.824400,-246.000000,1.204668,1.985813
59.350774,-81.824400,-246.000000,1.225333,1.988364
59.870774,-81.824400,-246.000000,1.198524,1.978892
60.390774,-81.824400,-246.000000,1.194401,1.989390
60.910774,-81.824400,-246.000000,1.207977,2.000842
61.430774,-81.824400,-246.000000,1.245644,2.001485
61.950774,-81.824400,-246.000000,1.206811,1.989832
62.470774,-81.824400,-246.000000,1.269637,1.991987
62.990774,-81.824400,-246.000000,1.232134,1.989746
63.510774,-81.824400,-246.000000,1.241193,1.980275
64.030774,-81.824400,-246.000000,1.271000,1.985217
64.550774,-81.824400,-246.000000,1.212317,2.007127
13.070774,-81.304400,-246.000000,1.233888,1.962477
62.470774,-81.304400,-246.000000,1.273048,1.999937
13.070774,-82.344400,-245.000000,1.219333,1.967916
13.590774,-82.344400,-245.000000,1.242013,1.986688
14.110774,-82.344400,-245.000000,1.183963,1.963858
14.630774,-82.344400,-245.000000,1.190882,1.996192
15.150774,-82.344400,-245.000000,1.209764,1.965561
15.670774,-82.344400,-245.000000,1.233101,1.991517
16.190774,-82.344400,-245.000000,1.250879,1.993658
16.710774,-82.344400,-245.000000,1.192627,1.981830
17.230774,-82.344400,-245.000000,1.253811,1.993852
17.750774,-82.344400,-245.000000,1.233703,1.996567
18.270774,-82.344400,-245.000000,1.204802,1.997739
18.790774,-82.344400,-245.000000,1.180999,1.987993
19.310774,-82.344400,-245.000000,1.204910,1.983552
19.830774,-82.344400,-245.000000,1.208209,1.980099
20.350774,-82.344400,-245.000000,1.224700,1.970737
20.870774,-82.344400,-245.000000,1.262523,1.989937
21.390774,-82.344400,-245.000000,1.227435,1.973125
21.910774,-82.344400,-245.000000,1.213910,1.994660
22.430774,-82.344400,-245.000000,1.242081,1.984615
22.950774,-82.344400,-245.000000,1.243649,1.996134
23.470774,-82.344400,-245.000000,1.221768,1.988245
23.990774,-82.344400,-245.000000,1.274268,2.006680
24.510774,-82.344400,-245.000000,1.218303,1.994369
25.030774,-82.344400,-245.000000,1.196130,1.989737
25.550774,-82.344400,-245.000000,1.299761,1.992907
26.070774,-82.344400,-245.000000,1.209391,1.977969
26.590774,-82.344400,-245.000000,1.263385,1.989860
27.110774,-82.344400,-245.000000,1.286597,2.006693
27.630774,-82.344400,-245.000000,1.258402,1.985155
28.150774,-82.344400,-245.000000,1.234699,2.012324
28.670774,-82.344400,-245.000000,1.210562,1.988341
29.190774,-82.344400,-245.000000,1.227457,1.987769
29.710774,-82.344400,-245.000000,1.283736,1.994089
30.230774,-82.344400,-245.000000,1.264155,1.981408
30.750774,-82.344400,-245.000000,1.209239,1.994324
31.270774,-82.344400,-245.000000,1.207263,1.987727
31.790774,-82.344400,-245.000000,1.239913,1.990191
32.310774,-82.344400,-245.000000,1.260117,1.983062
32.830774,-82.344400,-245.000000,1.226827,1.993149
33.350774,-82.344400,-245.000000,1.211186,1.981132
33.870774,-82.344400,-245.000000,1.241515,1.987144
34.390774,-82.344400,-245.000000,1.196140,1.986476
34.910774,-82.344400,-245.000000,1.183467,1.986383
35.430774,-82.344400,-245.000000,1.175719,1.976759
35.950774,-82.344400,-245.000000,1.256116,2.015361
36.470774,-82.344400,-245.000000,1.282984,2.011404
36.990774,-82.344400,-245.000000,1.246397,2.001070
37.510774,-82.344400,-245.000000,1.183750,1.992371
38.030774,-82.344400,-245.000000,1.197611,2.049382
38.550774,-82.344400,-245.000000,1.244198,1.985451
39.070774,-82.344400,-245.000000,1.238720,1.999274
39.590774,-82.344400,-245.000000,1.221275,2.001319
40.110774,-82.344400,-245.000000,1.213513,1.983925
40.630774,-82.344400,-245.000000,1.217077,1.992940
41.150774,-82.344400,-245.000000,1.206695,1.989417
41.670774,-82.344400,-245.000000,1.231520,1.988422
42.190774,-82.344400,-245.000000,1.226900,1.987186
42.710774,-82.344400,-245.000000,1.221373,1.975307
43.230774,-82.344400,-245.000000,1.254830,1.995255
43.750774,-82.344400,-245.000000,1.239641,2.003186
44.270774,-82.344400,-245.000000,1.217122,2.014347
44.790774,-82.344400,-245.000000,1.273612,2.010690
45.310774,-82.344400,-245.000000,1.261769,1.988619
45.830774,-82.344400,-245.000000,1.260645,1.997154
46.350774,-82.344400,-245.000000,1.267322,1.984934
46.870774,-82.344400,-245.000000,1.210926,1.976078
47.390774,-82.344400,-245.000000,1.246516,1.985562
47.910774,-82.344400,-245.000000,1.243895,2.004706
48.430774,-82.344400,-245.000000,1.232197,1.995916
48.950774,-82.344400,-245.000000,1.264520,1.994579
49.470774,-82.344400,-245.000000,1.225907,2.001913
49.990774,-82.344400,-245.000000,1.259411,1.996039
50.510774,-82.344400,-245.000000,1.224473,1.987021
51.030774,-82.344400,-245.000000,1.186972,1.977605
51.550774,-82.344400,-245.000000,1.248818,1.995127
52.070774,-82.344400,-245.000000,1.263947,2.013213
52.590774,-82.344400,-245.000000,1.212996,2.001522
53.110774,-82.344400,-245.000000,1.240065,1.983074
53.630774,-82.344400,-245.000000,1.219854,1.974790
54.150774,-82.344400,-245.000000,1.214079,2.003719
54.670774,-82.344400,-245.000000,1.244552,1.997416
55.190774,-82.344400,-245.000000,1.225202,1.986881
55.710774,-82.344400,-245.000000,1.221366,2.000738
56.230774,-82.344400,-245.000000,1.231040,1.990565
56.750774,-82.344400,-245.000000,1.223950,1.995281
57.270774,-82.344400,-245.000000,1.247366,2.011952
57.790774,-82.344400,-245.000000,1.283276,1.988703
58.310774,-82.344400,-245.000000,1.205552,1.989288
58.830774,-82.344400,-245.000000,1.208167,1.987057
59.350774,-82.344400,-245.000000,1.193643,1.995405
59.870774,-82.344400,-245.000000,1.238887,1.985674
60.390774,-82.344400,-245.000000,1.226652,1.996205
60.910774,-82.344400,-245.000000,1.260972,1.989207
61.430774,-82.344400,-245.000000,1.286379,1.994559
13.070774,-81.824400,-245.000000,1.220848,1.983840
13.590774,-81.824400,-245.000000,1.223155,2.017226
14.110774,-81.824400,-245.000000,1.234367,1.965741
14.630774,-81.824400,-245.000000,1.253980,2.002323
15.150774,-81.824400,-245.000000,1.200560,1.965417
15.670774,-81.824400,-245.000000,1.218229,1.978843
16.190774,-81.824400,-245.000000,1.225151,2.003872
16.710774,-81.824400,-245.000000,1.239659,1.982213
17.230774,-81.824400,-245.000000,1.225918,1.986670
17.750774,-81.824400,-245.000000,1.242367,1.998722
18.270774,-81.824400,-245.000000,1.191965,1.990014
18.790774,-81.824400,-245.000000,1.183757,1.991053
19.310774,-81.824400,-245.000000,1.185783,1.979537
19.830774,-81.824400,-245.000000,1.224476,1.978157
20.350774,-81.824400,-245.000000,1.185346,1.977904
20.870774,-81.824400,-245.000000,1.235006,1.984982
21.390774,-81.824400,-245.000000,1.241525,1.973786
21.910774,-81.824400,-245.000000,1.251773,2.018090
22.430774,-81.824400,-245.000000,1.228489,1.984841
22.950774,-81.824400,-245.000000,1.251608,2.000622
23.470774,-81.824400,-245.000000,1.252155,1.991765
23.990774,-81.824400,-245.000000,1.231167,2.000460
24.510774,-81.824400,-245.000000,1.218876,1.993138
25.030774,-81.824400,-245.000000,1.247334,1.989238
25.550774,-81.824400,-245.000000,1.276326,2.003060
26.070774,-81.824400,-245.000000,1.211823,1.983261
26.590774,-81.824400,-245.000000,1.264493,1.981035
27.110774,-81.824400,-245.000000,1.257589,1.999205
27.630774,-81.824400,-245.000000,1.228285,1.981523
28.150774,-81.824400,-245.000000,1.274068,1.991005
28.670774,-81.824400,-245.000000,1.234067,1.981994
29.190774,-81.824400,-245.000000,1.261198,1.990173
29.710774,-81.824400,-245.000000,1.263704,2.006648
30.230774,-81.824400,-245.000000,1.261787,1.986495
30.750774,-81.824400,-245.000000,1.235672,2.001236
31.270774,-81.824400,-245.000000,1.212985,1.985636
31.790774,-81.824400,-245.000000,1.200347,1.992684
32.310774,-81.824400,-245.000000,1.240155,1.988224
32.830774,-81.824400,-245.000000,1.252580,1.990663
33.350774,-81.824400,-245.000000,1.225025,1.981534
33.870774,-81.824400,-245.000000,1.274573,1.987522
34.390774,-81.824400,-245.000000,1.216431,1.998404
34.910774,-81.824400,-245.000000,1.196082,1.992772
35.430774,-81.824400,-245.000000,1.228597,1.990469
35.950774,-81.824400,-245.000000,1.258316,2.013077
36.470774,-81.824400,-245.000000,1.272323,2.011045
36.990774,-81.824400,-245.000000,1.236770,1.995860
37.510774,-81.824400,-245.000000,1.229165,1.982469
38.030774,-81.824400,-245.000000,1.235699,2.002471
38.550774,-81.824400,-245.000000,1.277035,1.987787
39.070774,-81.824400,-245.000000,1.259478,2.002308
39.590774,-81.824400,-245.000000,1.212921,1.989509
40.110774,-81.824400,-245.000000,1.218037,1.999846
40.630774,-81.824400,-245.000000,1.236907,2.020018
41.150774,-81.824400,-245.000000,1.179544,1.993394
41.670774,-81.824400,-245.000000,1.263844,1.989509
42.190774,-81.824400,-245.000000,1.227756,1.989858
42.710774,-81.824400,-245.000000,1.238691,1.987434
43.230774,-81.824400,-245.000000,1.260416,1.993605
43.750774,-81.824400,-245.000000,1.333182,2.004124
44.270774,-81.824400,-245.000000,1.280770,2.016062
44.790774,-81.824400,-245.000000,1.310817,1.993201
45.310774,-81.824400,-245.000000,1.245550,1.999216
45.830774,-81.824400,-245.000000,1.254494,1.999008
46.350774,-81.824400,-245.000000,1.226622,1.986370
46.870774,-81.824400,-245.000000,1.279559,1.974039
47.390774,-81.824400,-245.000000,1.212722,1.979074
47.910774,-81.824400,-245.000000,1.266295,1.995824
48.430774,-81.824400,-245.000000,1.304320,2.000171
48.950774,-81.824400,-245.000000,1.259066,2.005718
49.470774,-81.824400,-245.000000,1.242061,1.997617
49.990774,-81.824400,-245.000000,1.259786,2.006673
50.510774,-81.824400,-245.000000,1.209394,1.984576
51.030774,-81.824400,-245.000000,1.222045,1.982993
51.550774,-81.824400,-245.000000,1.264345,2.008745
52.070774,-81.824400,-245.000000,1.242068,1.997673
52.590774,-81.824400,-245.000000,1.194023,1.986970
53.110774,-81.824400,-245.000000,1.219958,1.986790
53.630774,-81.824400,-245.000000,1.256361,1.982685
54.150774,-81.824400,-245.000000,1.236048,2.026251
54.670774,-81.824400,-245.000000,1.264880,2.012959
55.190774,-81.824400,-245.000000,1.267034,1.989356
55.710774,-81.824400,-245.000000,1.255933,2.003631
56.230774,-81.824400,-245.000000,1.261049,1.986899
56.750774,-81.824400,-245.000000,1.236895,1.993693
57.270774,-81.824400,-245.000000,1.232086,1.998266
57.790774,-81.824400,-245.000000,1.232019,1.996329
58.310774,-81.824400,-245.000000,1.195142,1.987399
58.830774,-81.824400,-245.000000,1.225032,1.988601
59.350774,-81.824400,-245.000000,1.267607,1.990509
59.870774,-81.824400,-245.000000,1.247616,1.988849
60.390774,-81.824400,-245.000000,1.233171,2.003818
60.910774,-81.824400,-245.000000,1.202692,2.007582
61.430774,-81.824400,-245.000000,1.261260,2.009519
61.950774,-81.824400,-245.000000,1.205896,2.014021
62.470774,-81.824400,-245.000000,1.226336,1.991702
13.070774,-81.304400,-245.000000,1.234884,1.987852
60.390774,-81.304400,-245.000000,1.233840,2.002621
61.430774,-81.304400,-245.000000,1.258550,2.025750
13.070774,-82.344400,-244.000000,1.244822,1.958434
13.590774,-82.344400,-244.000000,1.218751,1.975430
14.110774,-82.344400,-244.000000,1.173832,1.977884
14.630774,-82.344400,-244.000000,1.193117,1.973935
15.150774,-82.344400,-244.000000,1.233216,1.994501
15.670774,-82.344400,-244.000000,1.220991,1.981762
16.190774,-82.344400,-244.000000,1.233033,1.980791
16.710774,-82.344400,-244.000000,1.209273,1.995757
17.230774,-82.344400,-244.000000,1.280615,1.970703
17.750774,-82.344400,-244.000000,1.224283,1.972322
18.270774,-82.344400,-244.000000,1.228033,1.997215
18.790774,-82.344400,-244.000000,1.222445,1.997566
19.310774,-82.344400,-244.000000,1.210713,1.984550
19.830774,-82.344400,-244.000000,1.184622,1.979534
20.350774,-82.344400,-244.000000,1.232417,1.989863
20.870774,-82.344400,-244.000000,1.233668,1.991155
21.390774,-82.344400,-244.000000,1.199996,1.996266
21.910774,-82.344400,-244.000000,1.209488,1.995752
22.430774,-82.344400,-244.000000,1.199450,2.016516
22.950774,-82.344400,-244.000000,1.202348,2.008685
23.470774,-82.344400,-244.000000,1.205675,1.993386
23.990774,-82.344400,-244.000000,1.189197,1.980339
24.510774,-82.344400,-244.000000,1.181231,1.987868
25.030774,-82.344400,-244.000000,1.195114,2.006047
25.550774,-82.344400,-244.000000,1.216477,1.981546
26.070774,-82.344400,-244.000000,1.235351,1.996830
26.590774,-82.344400,-244.000000,1.285711,1.994750
27.110774,-82.344400,-244.000000,1.262851,1.974815
27.630774,-82.344400,-244.000000,1.244446,1.992771
28.150774,-82.344400,-244.000000,1.226965,1.991493
28.670774,-82.344400,-244.000000,1.243422,1.996621
29.190774,-82.344400,-244.000000,1.234451,1.972811
29.710774,-82.344400,-244.000000,1.237486,1.999452
30.230774,-82.344400,-244.000000,1.272530,2.004741
30.750774,-82.344400,-244.000000,1.296573,2.029104
31.270774,-82.344400,-244.000000,1.227464,1.999098
31.790774,-82.344400,-244.000000,1.207169,1.983346
32.310774,-82.344400,-244.000000,1.210836,1.983554
32.830774,-82.344400,-244.000000,1.246167,1.974454
33.350774,-82.344400,-244.000000,1.221293,1.988914
33.870774,-82.344400,-244.000000,1.246230,1.993197
34.390774,-82.344400,-244.000000,1.223127,1.978180
34.910774,-82.344400,-244.000000,1.211923,1.978131
35.430774,-82.344400,-244.000000,1.261148,1.994365
35.950774,-82.344400,-244.000000,1.229432,2.025168
36.470774,-82.344400,-244.000000,1.201158,2.010098
36.990774,-82.344400,-244.000000,1.253087,1.998101
37.510774,-82.344400,-244.000000,1.231473,1.988195
38.030774,-82.344400,-244.000000,1.229411,1.982649
38.550774,-82.344400,-244.000000,1.274231,1.988639
39.070774,-82.344400,-244.000000,1.241238,1.993075
39.590774,-82.344400,-244.000000,1.253908,1.985780
40.110774,-82.344400,-244.000000,1.255511,1.989883
40.630774,-82.344400,-244.000000,1.242044,1.989884
41.150774,-82.344400,-244.000000,1.226256,1.986776
41.670774,-82.344400,-244.000000,1.227111,1.971373
42.190774,-82.344400,-244.000000,1.240683,2.018047
42.710774,-82.344400,-244.000000,1.253262,1.999934
43.230774,-82.344400,-244.000000,1.255465,1.991797
43.750774,-82.344400,-244.000000,1.248001,1.993712
44.270774,-82.344400,-244.000000,1.259632,1.989644
44.790774,-82.344400,-244.000000,1.266516,1.994192
45.310774,-82.344400,-244.000000,1.271843,2.000747
45.830774,-82.344400,-244.000000,1.262448,1.984395
46.350774,-82.344400,-244.000000,1.278521,1.985880
46.870774,-82.344400,-244.000000,1.198985,1.985831
47.390774,-82.344400,-244.000000,1.196132,1.996834
47.910774,-82.344400,-244.000000,1.287601,1.978412
48.430774,-82.344400,-244.000000,1.318363,1.991502
48.950774,-82.344400,-244.000000,1.252066,2.010774
49.470774,-82.344400,-244.000000,1.246722,2.030966
49.990774,-82.344400,-244.000000,1.251367,1.998475
50.510774,-82.344400,-244.000000,1.253370,1.983893
51.030774,-82.344400,-244.000000,1.244720,1.992986
51.550774,-82.344400,-244.000000,1.225399,2.003365
52.070774,-82.344400,-244.000000,1.242514,2.016282
52.590774,-82.344400,-244.000000,1.209840,1.995027
53.110774,-82.344400,-244.000000,1.281865,1.978112
53.630774,-82.344400,-244.000000,1.330494,1.991191
54.150774,-82.344400,-244.000000,1.208479,1.990558
54.670774,-82.344400,-244.000000,1.198554,1.993863
55.190774,-82.344400,-244.000000,1.235449,1.979317
55.710774,-82.344400,-244.000000,1.209526,1.985516
56.230774,-82.344400,-244.000000,1.230599,1.981659
56.750774,-82.344400,-244.000000,1.223408,1.981088
57.270774,-82.344400,-244.000000,1.239262,1.989379
57.790774,-82.344400,-244.000000,1.192290,2.000571
58.310774,-82.344400,-244.000000,1.214836,1.996430
58.830774,-82.344400,-244.000000,1.261130,2.026806
59.350774,-82.344400,-244.000000,1.227726,1.986701
13.070774,-81.824400,-244.000000,1.195966,1.950309
13.590774,-81.824400,-244.000000,1.246282,1.986397
14.110774,-81.824400,-244.000000,1.198707,1.979352
14.630774,-81.824400,-244.000000,1.232340,1.995126
15.150774,-81.824400,-244.000000,1.240853,1.978830
15.670774,-81.824400,-244.000000,1.209563,1.995402
16.190774,-81.824400,-244.000000,1.233128,1.982959
16.710774,-81.824400,-244.000000,1.240518,1.994935
17.230774,-81.824400,-244.000000,1.250681,1.975986
17.750774,-81.824400,-244.000000,1.248707,1.975717
18.270774,-81.824400,-244.000000,1.212024,1.974254
18.790774,-81.824400,-244.000000,1.265403,2.009215
19.310774,-81.824400,-244.000000,1.209068,1.983223
19.830774,-81.824400,-244.000000,1.186529,1.982511
20.350774,-81.824400,-244.000000,1.201399,1.986401
20.870774,-81.824400,-244.000000,1.222556,1.987364
21.390774,-81.824400,-244.000000,1.215067,1.996801
21.910774,-81.824400,-244.000000,1.205163,1.988531
22.430774,-81.824400,-244.000000,1.188146,2.005545
22.950774,-81.824400,-244.000000,1.215921,2.013912
23.470774,-81.824400,-244.000000,1.195700,1.999690
23.990774,-81.824400,-244.000000,1.222370,1.989844
24.510774,-81.824400,-244.000000,1.210007,1.994795
25.030774,-81.824400,-244.000000,1.213245,2.007728
25.550774,-81.824400,-244.000000,1.271186,1.983461
26.070774,-81.824400,-244.000000,1.295525,2.010845
26.590774,-81.824400,-244.000000,1.279711,1.992365
27.110774,-81.824400,-244.000000,1.237579,1.981591
27.630774,-81.824400,-244.000000,1.245204,1.999997
28.150774,-81.824400,-244.000000,1.239123,1.992103
28.670774,-81.824400,-244.000000,1.220695,2.008568
29.190774,-81.824400,-244.000000,1.229028,1.974707
29.710774,-81.824400,-244.000000,1.249493,1.993043
30.230774,-81.824400,-244.000000,1.221090,2.019480
30.750774,-81.824400,-244.000000,1.249891,2.006971
31.270774,-81.824400,-244.000000,1.308756,1.990389
31.790774,-81.824400,-244.000000,1.221169,1.984202
32.310774,-81.824400,-244.000000,1.245425,1.983203
32.830774,-81.824400,-244.000000,1.260315,1.982294
33.350774,-81.824400,-244.000000,1.232708,1.999219
33.870774,-81.824400,-244.000000,1.279693,1.993587
34.390774,-81.824400,-244.000000,1.185377,1.998811
34.910774,-81.824400,-244.000000,1.224828,1.977773
35.430774,-81.824400,-244.000000,1.247274,1.988048
35.950774,-81.824400,-244.000000,1.225129,1.989889
36.470774,-81.824400,-244.000000,1.240485,2.005365
36.990774,-81.824400,-244.000000,1.247832,1.992080
37.510774,-81.824400,-244.000000,1.205253,1.989984
38.030774,-81.824400,-244.000000,1.191059,1.979743
38.550774,-81.824400,-244.000000,1.209709,1.997724
39.070774,-81.824400,-244.000000,1.234089,1.995338
39.590774,-81.824400,-244.000000,1.273953,1.989723
40.110774,-81.824400,-244.000000,1.219060,1.996490
40.630774,-81.824400,-244.000000,1.318362,1.985138
41.150774,-81.824400,-244.000000,1.245707,1.991775
41.670774,-81.824400,-244.000000,1.218851,1.975734
42.190774,-81.824400,-244.000000,1.249253,2.032777
42.710774,-81.824400,-244.000000,1.194899,1.992283
43.230774,-81.824400,-244.000000,1.248343,1.999254
43.750774,-81.824400,-244.000000,1.256427,2.000219
44.270774,-81.824400,-244.000000,1.281419,2.002264
44.790774,-81.824400,-244.000000,1.238894,1.989542
45.310774,-81.824400,-244.000000,1.273557,2.006000
45.830774,-81.824400,-244.000000,1.260096,1.995336
46.350774,-81.824400,-244.000000,1.267296,1.986874
46.870774,-81.824400,-244.000000,1.238199,1.989768
47.390774,-81.824400,-244.000000,1.231278,2.021282
47.910774,-81.824400,-244.000000,1.267400,1.997730
48.430774,-81.824400,-244.000000,1.329971,1.990686
48.950774,-81.824400,-244.000000,1.243439,2.015746
49.470774,-81.824400,-244.000000,1.244497,1.998455
49.990774,-81.824400,-244.000000,1.229071,2.008630
50.510774,-81.824400,-244.000000,1.223743,1.986482
51.030774,-81.824400,-244.000000,1.340660,1.999529
51.550774,-81.824400,-244.000000,1.257978,1.998220
52.070774,-81.824400,-244.000000,1.218997,1.992759
52.590774,-81.824400,-244.000000,1.186527,1.986457
53.110774,-81.824400,-244.000000,1.230143,1.993551
53.630774,-81.824400,-244.000000,1.332752,2.002509
54.150774,-81.824400,-244.000000,1.278752,2.003788
54.670774,-81.824400,-244.000000,1.225396,1.996617
55.190774,-81.824400,-244.000000,1.219840,1.973213
55.710774,-81.824400,-244.000000,1.248552,1.976974
56.230774,-81.824400,-244.000000,1.231828,2.005734
56.750774,-81.824400,-244.000000,1.208238,1.999478
57.270774,-81.824400,-244.000000,1.228663,2.001563
57.790774,-81.824400,-244.000000,1.233193,1.996735
58.310774,-81.824400,-244.000000,1.203782,1.996442
58.830774,-81.824400,-244.000000,1.194308,2.007861
59.350774,-81.824400,-244.000000,1.204111,1.987139
59.870774,-81.824400,-244.000000,1.236017,1.981105
57.790774,-81.304400,-244.000000,1.226131,1.993062
59.350774,-81.304400,-244.000000,1.201097,1.990429
13.070774,-82.344400,-243.000000,1.255535,1.957081
13.590774,-82.344400,-243.000000,1.232228,1.970736
14.110774,-82.344400,-243.000000,1.199523,1.951895
14.630774,-82.344400,-243.000000,1.220810,1.984147
15.150774,-82.344400,-243.000000,1.209050,1.964189
15.670774,-82.344400,-243.000000,1.200793,1.978686
16.190774,-82.344400,-243.000000,1.205823,1.994620
16.710774,-82.344400,-243.000000,1.222694,1.980257
17.230774,-82.344400,-243.000000,1.221977,1.974849
17.750774,-82.344400,-243.000000,1.217076,1.989758
18.270774,-82.344400,-243.000000,1.205312,1.985379
18.790774,-82.344400,-243.000000,1.271280,1.980334
19.310774,-82.344400,-243.000000,1.197934,1.989141
19.830774,-82.344400,-243.000000,1.197204,1.971248
20.350774,-82.344400,-243.000000,1.195745,2.008498
20.870774,-82.344400,-243.000000,1.225290,1.964924
21.390774,-82.344400,-243.000000,1.226176,1.995903
21.910774,-82.344400,-243.000000,1.240673,1.987092
22.430774,-82.344400,-243.000000,1.303055,1.986675
22.950774,-82.344400,-243.000000,1.208800,2.006664
23.470774,-82.344400,-243.000000,1.172406,1.980769
23.990774,-82.344400,-243.000000,1.220052,1.988850
24.510774,-82.344400,-243.000000,1.224309,1.970494
25.030774,-82.344400,-243.000000,1.246866,1.991726
25.550774,-82.344400,-243.000000,1.246529,1.977481
26.070774,-82.344400,-243.000000,1.279932,1.984085
26.590774,-82.344400,-243.000000,1.204638,1.983535
27.110774,-82.344400,-243.000000,1.233479,1.988268
27.630774,-82.344400,-243.000000,1.214372,1.978006
28.150774,-82.344400,-243.000000,1.203210,1.981763
28.670774,-82.344400,-243.000000,1.275990,1.979552
29.190774,-82.344400,-243.000000,1.290015,1.981345
29.710774,-82.344400,-243.000000,1.264737,1.984630
30.230774,-82.344400,-243.000000,1.266984,1.996255
30.750774,-82.344400,-243.000000,1.240594,1.998283
31.270774,-82.344400,-243.000000,1.234622,2.006604
31.790774,-82.344400,-243.000000,1.265509,1.981538
32.310774,-82.344400,-243.000000,1.219007,1.975249
32.830774,-82.344400,-243.000000,1.207979,1.986202
33.350774,-82.344400,-243.000000,1.246814,1.977633
33.870774,-82.344400,-243.000000,1.207315,1.980085
34.390774,-82.344400,-243.000000,1.247484,1.980795
34.910774,-82.344400,-243.000000,1.241968,1.988240
35.430774,-82.344400,-243.000000,1.210083,2.006934
35.950774,-82.344400,-243.000000,1.197725,1.979835
36.470774,-82.344400,-243.000000,1.216335,1.993128
36.990774,-82.344400,-243.000000,1.228023,1.989220
37.510774,-82.344400,-243.000000,1.216391,1.984833
38.030774,-82.344400,-243.000000,1.237307,1.991751
38.550774,-82.344400,-243.000000,1.246988,1.983946
39.070774,-82.344400,-243.000000,1.222286,1.986309
39.590774,-82.344400,-243.000000,1.238342,1.970858
40.110774,-82.344400,-243.000000,1.287663,1.978664
40.630774,-82.344400,-243.000000,1.237695,1.991113
41.150774,-82.344400,-243.000000,1.269417,2.005796
41.670774,-82.344400,-243.000000,1.218833,1.985744
42.190774,-82.344400,-243.000000,1.273204,2.006371
42.710774,-82.344400,-243.000000,1.224012,1.987105
43.230774,-82.344400,-243.000000,1.284299,1.983874
43.750774,-82.344400,-243.000000,1.265240,2.007589
44.270774,-82.344400,-243.000000,1.252576,1.997164
44.790774,-82.344400,-243.000000,1.258518,1.995727
45.310774,-82.344400,-243.000000,1.288025,1.999375
45.830774,-82.344400,-243.000000,1.192721,1.995377
46.350774,-82.344400,-243.000000,1.215760,1.991095
46.870774,-82.344400,-243.000000,1.206300,1.970491
47.390774,-82.344400,-243.000000,1.281359,1.976748
47.910774,-82.344400,-243.000000,1.193650,1.956245
48.430774,-82.344400,-243.000000,1.194626,1.986932
48.950774,-82.344400,-243.000000,1.211970,1.984737
49.470774,-82.344400,-243.000000,1.226204,1.985738
49.990774,-82.344400,-243.000000,1.224187,1.989464
50.510774,-82.344400,-243.000000,1.272983,2.002358
51.030774,-82.344400,-243.000000,1.306736,1.972063
51.550774,-82.344400,-243.000000,1.292953,1.989495
52.070774,-82.344400,-243.000000,1.251888,1.979842
52.590774,-82.344400,-243.000000,1.243275,1.988065
53.110774,-82.344400,-243.000000,1.231972,1.986691
53.630774,-82.344400,-243.000000,1.251360,1.977758
54.150774,-82.344400,-243.000000,1.253594,1.985155
54.670774,-82.344400,-243.000000,1.265910,1.988174
55.190774,-82.344400,-243.000000,1.295777,1.999518
55.710774,-82.344400,-243.000000,1.228453,1.991738
56.230774,-82.344400,-243.000000,1.196107,1.988360
56.750774,-82.344400,-243.000000,1.248393,1.987339
13.070774,-81.824400,-243.000000,1.205006,1.951064
13.590774,-81.824400,-243.000000,1.256135,1.982894
14.110774,-81.824400,-243.000000,1.197444,1.965102
14.630774,-81.824400,-243.000000,1.228615,1.971682
15.150774,-81.824400,-243.000000,1.187667,1.975716
15.670774,-81.824400,-243.000000,1.205900,1.979128
16.190774,-81.824400,-243.000000,1.228666,2.017246
16.710774,-81.824400,-243.000000,1.219760,1.982034
17.230774,-81.824400,-243.000000,1.196616,1.977957
17.750774,-81.824400,-243.000000,1.210560,1.990206
18.270774,-81.824400,-243.000000,1.225567,1.993085
18.790774,-81.824400,-243.000000,1.264950,1.985025
19.310774,-81.824400,-243.000000,1.218414,2.001454
19.830774,-81.824400,-243.000000,1.237476,1.984273
20.350774,-81.824400,-243.000000,1.206727,1.998302
20.870774,-81.824400,-243.000000,1.242929,1.974552
21.390774,-81.824400,-243.000000,1.252020,2.015747
21.910774,-81.824400,-243.000000,1.239418,1.992137
22.430774,-81.824400,-243.000000,1.270689,1.997861
22.950774,-81.824400,-243.000000,1.237831,1.992623
23.470774,-81.824400,-243.000000,1.227867,1.993357
23.990774,-81.824400,-243.000000,1.226508,1.987416
24.510774,-81.824400,-243.000000,1.200594,1.981404
25.030774,-81.824400,-243.000000,1.274688,1.991925
25.550774,-81.824400,-243.000000,1.208957,1.981518
26.070774,-81.824400,-243.000000,1.289687,1.994582
26.590774,-81.824400,-243.000000,1.202281,1.988484
27.110774,-81.824400,-243.000000,1.212776,1.993149
27.630774,-81.824400,-243.000000,1.249852,1.986010
28.150774,-81.824400,-243.000000,1.229610,1.984230
28.670774,-81.824400,-243.000000,1.285801,1.976124
29.190774,-81.824400,-243.000000,1.237774,1.979929
29.710774,-81.824400,-243.000000,1.245339,1.997254
30.230774,-81.824400,-243.000000,1.209659,1.986094
30.750774,-81.824400,-243.000000,1.222092,1.987303
31.270774,-81.824400,-243.000000,1.234025,1.995428
31.790774,-81.824400,-243.000000,1.244112,1.980403
32.310774,-81.824400,-243.000000,1.264968,1.974101
32.830774,-81.824400,-243.000000,1.243214,1.981185
33.350774,-81.824400,-243.000000,1.205986,1.972901
33.870774,-81.824400,-243.000000,1.185593,1.983541
34.390774,-81.824400,-243.000000,1.238253,1.990540
34.910774,-81.824400,-243.000000,1.232587,1.989174
35.430774,-81.824400,-243.000000,1.245499,2.006591
35.950774,-81.824400,-243.000000,1.229962,1.977447
36.470774,-81.824400,-243.000000,1.206493,1.995076
36.990774,-81.824400,-243.000000,1.203053,1.987714
37.510774,-81.824400,-243.000000,1.245256,1.986968
38.030774,-81.824400,-243.000000,1.198066,1.993254
38.550774,-81.824400,-243.000000,1.222461,1.981836
39.070774,-81.824400,-243.000000,1.289243,1.995774
39.590774,-81.824400,-243.000000,1.210343,1.980150
40.110774,-81.824400,-243.000000,1.287257,1.987707
40.630774,-81.824400,-243.000000,1.253201,1.995051
41.150774,-81.824400,-243.000000,1.256078,2.009287
41.670774,-81.824400,-243.000000,1.239658,1.981211
42.190774,-81.824400,-243.000000,1.255884,2.013328
42.710774,-81.824400,-243.000000,1.247361,1.993128
43.230774,-81.824400,-243.000000,1.279351,1.983448
43.750774,-81.824400,-243.000000,1.227486,1.997001
44.270774,-81.824400,-243.000000,1.235178,1.998461
44.790774,-81.824400,-243.000000,1.285451,1.990662
45.310774,-81.824400,-243.000000,1.230703,2.006358
45.830774,-81.824400,-243.000000,1.255297,2.001607
46.350774,-81.824400,-243.000000,1.225031,1.978492
46.870774,-81.824400,-243.000000,1.185056,1.973309
47.390774,-81.824400,-243.000000,1.208404,1.977744
47.910774,-81.824400,-243.000000,1.221324,1.966004
48.430774,-81.824400,-243.000000,1.261332,1.984114
48.950774,-81.824400,-243.000000,1.210128,1.998468
49.470774,-81.824400,-243.000000,1.286410,2.001137
49.990774,-81.824400,-243.000000,1.320032,1.986453
50.510774,-81.824400,-243.000000,1.313328,2.000309
51.030774,-81.824400,-243.000000,1.299280,1.982720
51.550774,-81.824400,-243.000000,1.265132,1.991549
52.070774,-81.824400,-243.000000,1.267703,1.984102
52.590774,-81.824400,-243.000000,1.234641,1.992272
53.110774,-81.824400,-243.000000,1.256711,2.006080
53.630774,-81.824400,-243.000000,1.294450,1.986114
54.150774,-81.824400,-243.000000,1.257921,1.989962
54.670774,-81.824400,-243.000000,1.250745,1.990034
55.190774,-81.824400,-243.000000,1.225077,1.997583
55.710774,-81.824400,-243.000000,1.198035,1.991475
56.230774,-81.824400,-243.000000,1.187468,1.986731
56.750774,-81.824400,-243.000000,1.243702,1.985207
57.270774,-81.824400,-243.000000,1.274321,1.984776
57.790774,-81.824400,-243.000000,1.206266,1.985369
13.070774,-81.304400,-243.000000,1.205350,1.951039
55.710774,-81.304400,-243.000000,1.237768,1.992298
56.750774,-81.304400,-243.000000,1.264883,1.984607
13.070774,-82.344400,-242.000000,1.209643,1.950928
13.590774,-82.344400,-242.000000,1.208212,1.958061
14.110774,-82.344400,-242.000000,1.199840,1.973316
14.630774,-82.344400,-242.000000,1.203768,1.997989
15.150774,-82.344400,-242.000000,1.193983,1.958871
15.670774,-82.344400,-242.000000,1.205449,1.970225
16.190774,-82.344400,-242.000000,1.190605,1.980026
16.710774,-82.344400,-242.000000,1.210946,1.983816
17.230774,-82.344400,-242.000000,1.218427,1.977010
17.750774,-82.344400,-242.000000,1.223979,1.969580
18.270774,-82.344400,-242.000000,1.225297,1.997158
18.790774,-82.344400,-242.000000,1.203915,1.991542
19.310774,-82.344400,-242.000000,1.192966,1.977870
19.830774,-82.344400,-242.000000,1.186995,1.975087
20.350774,-82.344400,-242.000000,1.181767,1.971293
20.870774,-82.344400,-242.000000,1.213910,1.974965
21.390774,-82.344400,-242.000000,1.215319,1.980614
21.910774,-82.344400,-242.000000,1.252816,1.969790
22.430774,-82.344400,-242.000000,1.219348,1.994004
22.950774,-82.344400,-242.000000,1.246626,1.983584
23.470774,-82.344400,-242.000000,1.199483,1.992894
23.990774,-82.344400,-242.000000,1.201319,1.995264
24.510774,-82.344400,-242.000000,1.201208,1.987419
25.030774,-82.344400,-242.000000,1.223500,1.994931
25.550774,-82.344400,-242.000000,1.274014,2.001819
26.070774,-82.344400,-242.000000,1.221535,1.984568
26.590774,-82.344400,-242.000000,1.196839,1.986839
27.110774,-82.344400,-242.000000,1.205163,1.975732
27.630774,-82.344400,-242.000000,1.256351,1.988788
28.150774,-82.344400,-242.000000,1.180219,1.979265
28.670774,-82.344400,-242.000000,1.245821,1.980655
29.190774,-82.344400,-242.000000,1.258314,1.995515
29.710774,-82.344400,-242.000000,1.249316,1.981112
30.230774,-82.344400,-242.000000,1.228154,1.992165
30.750774,-82.344400,-242.000000,1.255616,1.966718
31.270774,-82.344400,-242.000000,1.196327,1.969219
31.790774,-82.344400,-242.000000,1.205355,2.000440
32.310774,-82.344400,-242.000000,1.191655,1.981710
32.830774,-82.344400,-242.000000,1.227668,1.974442
33.350774,-82.344400,-242.000000,1.205286,1.972566
33.870774,-82.344400,-242.000000,1.250503,1.977126
34.390774,-82.344400,-242.000000,1.216377,1.975706
34.910774,-82.344400,-242.000000,1.196734,1.978610
35.430774,-82.344400,-242.000000,1.215906,1.991219
35.950774,-82.344400,-242.000000,1.257149,2.000441
36.470774,-82.344400,-242.000000,1.261920,1.995576
36.990774,-82.344400,-242.000000,1.292309,2.000303
37.510774,-82.344400,-242.000000,1.179825,1.996031
38.030774,-82.344400,-242.000000,1.192792,1.984908
38.550774,-82.344400,-242.000000,1.209618,1.982595
39.070774,-82.344400,-242.000000,1.227224,1.992703
39.590774,-82.344400,-242.000000,1.181031,1.967720
40.110774,-82.344400,-242.000000,1.206417,1.962238
40.630774,-82.344400,-242.000000,1.188423,1.993337
41.150774,-82.344400,-242.000000,1.253832,1.987390
41.670774,-82.344400,-242.000000,1.189180,1.985917
42.190774,-82.344400,-242.000000,1.190869,2.007653
42.710774,-82.344400,-242.000000,1.201645,1.980494
43.230774,-82.344400,-242.000000,1.229679,1.969913
43.750774,-82.344400,-242.000000,1.232511,1.984588
44.270774,-82.344400,-242.000000,1.220699,1.980577
44.790774,-82.344400,-242.000000,1.258237,1.993991
45.310774,-82.344400,-242.000000,1.229072,1.974846
45.830774,-82.344400,-242.000000,1.192311,1.978750
46.350774,-82.344400,-242.000000,1.261863,1.997635
46.870774,-82.344400,-242.000000,1.259097,1.981573
47.390774,-82.344400,-242.000000,1.216824,1.978829
47.910774,-82.344400,-242.000000,1.247545,1.988183
48.430774,-82.344400,-242.000000,1.206927,1.983777
48.950774,-82.344400,-242.000000,1.196237,1.986578
49.470774,-82.344400,-242.000000,1.193952,1.989485
49.990774,-82.344400,-242.000000,1.196754,1.973235
50.510774,-82.344400,-242.000000,1.246594,1.997954
51.030774,-82.344400,-242.000000,1.283061,2.012943
51.550774,-82.344400,-242.000000,1.315989,1.991737
52.070774,-82.344400,-242.000000,1.229124,1.973985
52.590774,-82.344400,-242.000000,1.230177,1.988426
53.110774,-82.344400,-242.000000,1.181796,1.977591
53.630774,-82.344400,-242.000000,1.210812,1.979730
54.150774,-82.344400,-242.000000,1.207926,1.994255
54.670774,-82.344400,-242.000000,1.229813,1.984749
13.070774,-81.824400,-242.000000,1.208471,1.958209
13.590774,-81.824400,-242.000000,1.198979,1.969275
14.110774,-81.824400,-242.000000,1.190237,1.977609
14.630774,-81.824400,-242.000000,1.190357,1.972562
15.150774,-81.824400,-242.000000,1.241735,1.960306
15.670774,-81.824400,-242.000000,1.207417,1.981382
16.190774,-81.824400,-242.000000,1.221321,1.982430
16.710774,-81.824400,-242.000000,1.270165,1.984402
17.230774,-81.824400,-242.000000,1.207905,1.984512
17.750774,-81.824400,-242.000000,1.204509,1.968227
18.270774,-81.824400,-242.000000,1.184518,1.997868
18.790774,-81.824400,-242.000000,1.209503,1.985620
19.310774,-81.824400,-242.000000,1.205134,1.968446
19.830774,-81.824400,-242.000000,1.202017,1.981359
20.350774,-81.824400,-242.000000,1.194044,1.974763
20.870774,-81.824400,-242.000000,1.208249,1.971663
21.390774,-81.824400,-242.000000,1.244536,1.982792
21.910774,-81.824400,-242.000000,1.220480,1.968321
22.430774,-81.824400,-242.000000,1.279327,1.993851
22.950774,-81.824400,-242.000000,1.226848,1.987534
23.470774,-81.824400,-242.000000,1.269721,1.997054
23.990774,-81.824400,-242.000000,1.215785,2.005123
24.510774,-81.824400,-242.000000,1.192212,1.984799
25.030774,-81.824400,-242.000000,1.288702,1.990263
25.550774,-81.824400,-242.000000,1.229876,1.997926
26.070774,-81.824400,-242.000000,1.238438,2.004671
26.590774,-81.824400,-242.000000,1.267867,1.978985
27.110774,-81.824400,-242.000000,1.244453,1.986127
27.630774,-81.824400,-242.000000,1.243132,1.990396
28.150774,-81.824400,-242.000000,1.215242,1.982691
28.670774,-81.824400,-242.000000,1.269438,1.987107
29.190774,-81.824400,-242.000000,1.192770,1.991109
29.710774,-81.824400,-242.000000,1.246623,1.984185
30.230774,-81.824400,-242.000000,1.222376,1.998872
30.750774,-81.824400,-242.000000,1.218204,1.971009
31.270774,-81.824400,-242.000000,1.229178,1.970747
31.790774,-81.824400,-242.000000,1.229502,1.993468
32.310774,-81.824400,-242.000000,1.203689,1.980561
32.830774,-81.824400,-242.000000,1.226413,1.981318
33.350774,-81.824400,-242.000000,1.241010,1.982567
33.870774,-81.824400,-242.000000,1.273122,1.983229
34.390774,-81.824400,-242.000000,1.196342,1.977900
34.910774,-81.824400,-242.000000,1.222228,1.985153
35.430774,-81.824400,-242.000000,1.220214,1.987510
35.950774,-81.824400,-242.000000,1.211761,1.991228
36.470774,-81.824400,-242.000000,1.240334,1.989562
36.990774,-81.824400,-242.000000,1.285639,2.002789
37.510774,-81.824400,-242.000000,1.243229,2.009144
38.030774,-81.824400,-242.000000,1.227950,1.982478
38.550774,-81.824400,-242.000000,1.196159,1.974325
39.070774,-81.824400,-242.000000,1.226583,1.984256
39.590774,-81.824400,-242.000000,1.187668,1.971643
40.110774,-81.824400,-242.000000,1.214680,1.972400
40.630774,-81.824400,-242.000000,1.164882,1.994045
41.150774,-81.824400,-242.000000,1.229733,1.982224
41.670774,-81.824400,-242.000000,1.210240,1.987252
42.190774,-81.824400,-242.000000,1.192827,1.974860
42.710774,-81.824400,-242.000000,1.205779,1.979467
43.230774,-81.824400,-242.000000,1.224132,2.014983
43.750774,-81.824400,-242.000000,1.236811,1.982833
44.270774,-81.824400,-242.000000,1.237363,1.986423
44.790774,-81.824400,-242.000000,1.266527,2.005629
45.310774,-81.824400,-242.000000,1.259685,1.978503
45.830774,-81.824400,-242.000000,1.241143,1.985537
46.350774,-81.824400,-242.000000,1.233198,1.992386
46.870774,-81.824400,-242.000000,1.222137,1.979645
47.390774,-81.824400,-242.000000,1.181214,1.977246
47.910774,-81.824400,-242.000000,1.233654,2.007504
48.430774,-81.824400,-242.000000,1.246697,1.983549
48.950774,-81.824400,-242.000000,1.260385,1.997541
49.470774,-81.824400,-242.000000,1.222232,1.996849
49.990774,-81.824400,-242.000000,1.239344,1.984222
50.510774,-81.824400,-242.000000,1.248567,1.987926
51.030774,-81.824400,-242.000000,1.225660,1.987813
51.550774,-81.824400,-242.000000,1.303504,1.988866
52.070774,-81.824400,-242.000000,1.236782,1.975156
52.590774,-81.824400,-242.000000,1.205402,1.993421
53.110774,-81.824400,-242.000000,1.216296,1.983624
53.630774,-81.824400,-242.000000,1.222312,1.988705
54.150774,-81.824400,-242.000000,1.180089,1.979491
54.670774,-81.824400,-242.000000,1.272025,1.986214
55.190774,-81.824400,-242.000000,1.204653,1.981796
13.070774,-81.304400,-242.000000,1.222806,1.952574
13.590774,-81.304400,-242.000000,1.246597,1.965895
14.110774,-81.304400,-242.000000,1.203163,1.980494
14.630774,-81.304400,-242.000000,1.178069,1.984182
16.710774,-81.304400,-242.000000,1.240483,1.992796
26.070774,-81.304400,-242.000000,1.224105,2.000651
26.590774,-81.304400,-242.000000,1.227358,1.977003
27.110774,-81.304400,-242.000000,1.246479,1.992779
27.630774,-81.304400,-242.000000,1.234819,1.988343
28.150774,-81.304400,-242.000000,1.292292,2.003661
28.670774,-81.304400,-242.000000,1.315465,1.992352
29.710774,-81.304400,-242.000000,1.185857,1.986067
30.230774,-81.304400,-242.000000,1.236156,1.997537
30.750774,-81.304400,-242.000000,1.226984,1.971994
33.350774,-81.304400,-242.000000,1.253844,1.993914
53.110774,-81.304400,-242.000000,1.197023,1.982709
54.670774,-81.304400,-242.000000,1.266198,1.983131
42.190774,-82.344400,-241.000000,1.191408,1.998702
42.710774,-82.344400,-241.000000,1.219071,1.978763
43.230774,-82.344400,-241.000000,1.235465,1.969445
43.750774,-82.344400,-241.000000,1.286531,1.974531
44.270774,-82.344400,-241.000000,1.208865,1.989676
44.790774,-82.344400,-241.000000,1.191717,1.971284
45.310774,-82.344400,-241.000000,1.216319,1.991953
45.830774,-82.344400,-241.000000,1.216073,2.004962
46.350774,-82.344400,-241.000000,1.240598,1.984598
46.870774,-82.344400,-241.000000,1.216362,1.990029
47.390774,-82.344400,-241.000000,1.206918,1.988079
47.910774,-82.344400,-241.000000,1.223554,1.982203
48.430774,-82.344400,-241.000000,1.208207,1.964874
48.950774,-82.344400,-241.000000,1.231620,1.989036
49.470774,-82.344400,-241.000000,1.246603,1.971829
49.990774,-82.344400,-241.000000,1.220274,1.983153
50.510774,-82.344400,-241.000000,1.188802,1.984001
51.030774,-82.344400,-241.000000,1.217593,1.973851
51.550774,-82.344400,-241.000000,1.229975,1.967090
52.070774,-82.344400,-241.000000,1.175453,1.964190
33.870774,-81.824400,-241.000000,1.195519,1.970212
34.390774,-81.824400,-241.000000,1.188461,1.969220
34.910774,-81.824400,-241.000000,1.225075,1.974978
35.430774,-81.824400,-241.000000,1.247831,1.990211
35.950774,-81.824400,-241.000000,1.205615,1.983068
36.470774,-81.824400,-241.000000,1.225776,1.972197
36.990774,-81.824400,-241.000000,1.200910,2.009254
37.510774,-81.824400,-241.000000,1.187319,1.975029
38.030774,-81.824400,-241.000000,1.184281,1.968630
38.550774,-81.824400,-241.000000,1.226800,1.996068
39.070774,-81.824400,-241.000000,1.195920,1.968970
39.590774,-81.824400,-241.000000,1.193166,1.970346
40.110774,-81.824400,-241.000000,1.189319,1.991320
40.630774,-81.824400,-241.000000,1.193194,1.987988
41.150774,-81.824400,-241.000000,1.180734,1.959146
41.670774,-81.824400,-241.000000,1.236572,1.965815
42.190774,-81.824400,-241.000000,1.254932,2.004585
42.710774,-81.824400,-241.000000,1.199565,1.983576
43.230774,-81.824400,-241.000000,1.205207,1.975033
43.750774,-81.824400,-241.000000,1.193008,1.962761
44.270774,-81.824400,-241.000000,1.227035,1.991686
44.790774,-81.824400,-241.000000,1.190470,1.977167
45.310774,-81.824400,-241.000000,1.199881,1.988395
45.830774,-81.824400,-241.000000,1.216030,1.998694
46.350774,-81.824400,-241.000000,1.218407,1.980910
46.870774,-81.824400,-241.000000,1.192300,1.990068
47.390774,-81.824400,-241.000000,1.201888,1.991991
47.910774,-81.824400,-241.000000,1.214385,1.985458
48.430774,-81.824400,-241.000000,1.197745,1.975918
48.950774,-81.824400,-241.000000,1.226124,1.999979
49.470774,-81.824400,-241.000000,1.228840,1.980156
49.990774,-81.824400,-241.000000,1.212493,1.992876
50.510774,-81.824400,-241.000000,1.189947,1.987015
51.030774,-81.824400,-241.000000,1.167942,1.979972
51.550774,-81.824400,-241.000000,1.228369,1.972550
52.070774,-81.824400,-241.000000,1.234947,1.977513
52.590774,-81.824400,-241.000000,1.256547,1.972696
53.110774,-81.824400,-241.000000,1.237033,2.001675
42.710774,-81.304400,-241.000000,1.204123,1.980546
43.230774,-81.304400,-241.000000,1.188602,1.967726
43.750774,-81.304400,-241.000000,1.198835,1.970617
44.270774,-81.304400,-241.000000,1.243342,1.983127
44.790774,-81.304400,-241.000000,1.209087,1.970863
45.310774,-81.304400,-241.000000,1.252532,1.977061
46.350774,-81.304400,-241.000000,1.257075,1.984858
46.870774,-81.304400,-241.000000,1.201180,1.986718
47.390774,-81.304400,-241.000000,1.193823,1.996266
47.910774,-81.304400,-241.000000,1.221939,1.997424
52.070774,-81.304400,-241.000000,1.218661,1.986534
