x_mm,y_mm,z_mm,LET_keV_per_um,Physical_dose
13.590774,-82.344400,-284.000000,12.185187,4.667417
14.110774,-82.344400,-284.000000,11.997222,4.632080
14.630774,-82.344400,-284.000000,12.124308,4.665135
15.150774,-82.344400,-284.000000,12.158007,4.672945
15.670774,-82.344400,-284.000000,12.131943,4.707459
16.190774,-82.344400,-284.000000,12.135810,4.732689
16.710774,-82.344400,-284.000000,12.030191,4.728682
17.230774,-82.344400,-284.000000,11.982795,4.695473
17.750774,-82.344400,-284.000000,12.171473,4.774428
18.270774,-82.344400,-284.000000,12.042747,4.753000
18.790774,-82.344400,-284.000000,12.243132,4.750438
19.310774,-82.344400,-284.000000,11.869803,4.670958
19.830774,-82.344400,-284.000000,11.986244,4.770515
20.350774,-82.344400,-284.000000,12.207503,4.823454
20.870774,-82.344400,-284.000000,11.838537,4.786981
21.390774,-82.344400,-284.000000,11.956685,4.822207
21.910774,-82.344400,-284.000000,11.986460,4.832069
22.430774,-82.344400,-284.000000,12.220063,4.868883
22.950774,-82.344400,-284.000000,12.189430,4.796029
23.470774,-82.344400,-284.000000,12.186145,4.809426
23.990774,-82.344400,-284.000000,12.029719,4.755524
24.510774,-82.344400,-284.000000,12.084043,4.820271
25.030774,-82.344400,-284.000000,11.980788,4.844213
25.550774,-82.344400,-284.000000,12.170397,4.828402
26.070774,-82.344400,-284.000000,12.014971,4.816783
26.590774,-82.344400,-284.000000,12.183331,4.826548
27.110774,-82.344400,-284.000000,11.976008,4.824439
27.630774,-82.344400,-284.000000,12.251009,4.835650
28.150774,-82.344400,-284.000000,12.181025,4.812189
28.670774,-82.344400,-284.000000,12.258635,4.828552
29.190774,-82.344400,-284.000000,11.871553,4.805021
29.710774,-82.344400,-284.000000,12.051006,4.827789
30.230774,-82.344400,-284.000000,11.938340,4.856873
30.750774,-82.344400,-284.000000,11.747795,4.843808
31.270774,-82.344400,-284.000000,12.127705,4.854115
31.790774,-82.344400,-284.000000,12.198805,4.845422
32.310774,-82.344400,-284.000000,11.973378,4.789172
32.830774,-82.344400,-284.000000,12.162620,4.758685
33.350774,-82.344400,-284.000000,12.054523,4.837335
33.870774,-82.344400,-284.000000,12.057554,4.809737
34.390774,-82.344400,-284.000000,11.941960,4.835465
34.910774,-82.344400,-284.000000,12.121428,4.842802
35.430774,-82.344400,-284.000000,12.048162,4.865245
35.950774,-82.344400,-284.000000,12.108665,4.828490
36.470774,-82.344400,-284.000000,12.224314,4.795193
36.990774,-82.344400,-284.000000,12.054713,4.851346
37.510774,-82.344400,-284.000000,12.002972,4.823504
38.030774,-82.344400,-284.000000,12.074375,4.814431
38.550774,-82.344400,-284.000000,11.978603,4.805300
39.070774,-82.344400,-284.000000,12.059380,4.805244
39.590774,-82.344400,-284.000000,11.833508,4.756952
40.110774,-82.344400,-284.000000,11.952042,4.864486
40.630774,-82.344400,-284.000000,11.988605,4.844441
41.150774,-82.344400,-284.000000,12.055820,4.829089
41.670774,-82.344400,-284.000000,12.106494,4.852285
42.190774,-82.344400,-284.000000,12.044600,4.823484
42.710774,-82.344400,-284.000000,12.123311,4.850654
43.230774,-82.344400,-284.000000,12.114511,4.806044
43.750774,-82.344400,-284.000000,12.019571,4.844279
44.270774,-82.344400,-284.000000,12.284932,4.807566
44.790774,-82.344400,-284.000000,12.126624,4.890994
45.310774,-82.344400,-284.000000,11.838634,4.791150
45.830774,-82.344400,-284.000000,12.043907,4.829596
46.350774,-82.344400,-284.000000,11.992919,4.846402
46.870774,-82.344400,-284.000000,12.104469,4.805430
47.390774,-82.344400,-284.000000,11.987988,4.827672
47.910774,-82.344400,-284.000000,12.102939,4.866256
48.430774,-82.344400,-284.000000,11.921678,4.822244
48.950774,-82.344400,-284.000000,11.997891,4.847380
49.470774,-82.344400,-284.000000,12.193325,4.844573
49.990774,-82.344400,-284.000000,12.135327,4.859873
50.510774,-82.344400,-284.000000,12.036923,4.789999
51.030774,-82.344400,-284.000000,12.010633,4.828810
13.070774,-81.824400,-284.000000,12.188700,4.636994
13.590774,-81.824400,-284.000000,12.183435,4.669693
14.110774,-81.824400,-284.000000,11.948677,4.644676
14.630774,-81.824400,-284.000000,12.112133,4.678448
15.150774,-81.824400,-284.000000,12.168513,4.682816
15.670774,-81.824400,-284.000000,12.036147,4.731783
16.190774,-81.824400,-284.000000,12.091340,4.742514
16.710774,-81.824400,-284.000000,12.050412,4.727116
17.230774,-81.824400,-284.000000,12.028380,4.718581
17.750774,-81.824400,-284.000000,12.217443,4.781722
18.270774,-81.824400,-284.000000,12.022799,4.760598
18.790774,-81.824400,-284.000000,12.241618,4.768147
19.310774,-81.824400,-284.000000,11.904174,4.691322
19.830774,-81.824400,-284.000000,11.959127,4.766527
20.350774,-81.824400,-284.000000,12.181751,4.849571
20.870774,-81.824400,-284.000000,11.911103,4.789514
21.390774,-81.824400,-284.000000,11.833783,4.824559
21.910774,-81.824400,-284.000000,12.037028,4.853714
22.430774,-81.824400,-284.000000,12.260032,4.884951
22.950774,-81.824400,-284.000000,12.228750,4.809678
23.470774,-81.824400,-284.000000,12.117484,4.831118
23.990774,-81.824400,-284.000000,12.027699,4.759539
24.510774,-81.824400,-284.000000,12.047168,4.832613
25.030774,-81.824400,-284.000000,11.984467,4.877135
25.550774,-81.824400,-284.000000,12.119208,4.820765
26.070774,-81.824400,-284.000000,12.019921,4.821042
26.590774,-81.824400,-284.000000,12.144897,4.851149
27.110774,-81.824400,-284.000000,11.979118,4.827206
27.630774,-81.824400,-284.000000,12.192630,4.841712
28.150774,-81.824400,-284.000000,12.165009,4.816913
28.670774,-81.824400,-284.000000,12.265685,4.857388
29.190774,-81.824400,-284.000000,11.878573,4.809369
29.710774,-81.824400,-284.000000,12.022021,4.834724
30.230774,-81.824400,-284.000000,11.917438,4.869504
30.750774,-81.824400,-284.000000,11.733509,4.830385
31.270774,-81.824400,-284.000000,12.093251,4.847602
31.790774,-81.824400,-284.000000,12.191321,4.839624
32.310774,-81.824400,-284.000000,11.995872,4.790622
32.830774,-81.824400,-284.000000,12.100405,4.761704
33.350774,-81.824400,-284.000000,12.044440,4.867675
33.870774,-81.824400,-284.000000,12.063899,4.796968
34.390774,-81.824400,-284.000000,11.910515,4.845445
34.910774,-81.824400,-284.000000,12.090316,4.865269
35.430774,-81.824400,-284.000000,12.016565,4.877670
35.950774,-81.824400,-284.000000,12.024283,4.830218
36.470774,-81.824400,-284.000000,12.227557,4.805957
36.990774,-81.824400,-284.000000,12.146335,4.865385
37.510774,-81.824400,-284.000000,11.970184,4.807969
38.030774,-81.824400,-284.000000,12.079719,4.843316
38.550774,-81.824400,-284.000000,11.970181,4.820676
39.070774,-81.824400,-284.000000,12.083769,4.816440
39.590774,-81.824400,-284.000000,11.846736,4.760756
40.110774,-81.824400,-284.000000,11.982855,4.874968
40.630774,-81.824400,-284.000000,11.958616,4.840832
41.150774,-81.824400,-284.000000,11.992293,4.843820
41.670774,-81.824400,-284.000000,12.139248,4.874301
42.190774,-81.824400,-284.000000,11.975387,4.847256
42.710774,-81.824400,-284.000000,12.166413,4.847685
43.230774,-81.824400,-284.000000,12.112710,4.826301
43.750774,-81.824400,-284.000000,11.961305,4.832038
44.270774,-81.824400,-284.000000,12.357475,4.846580
44.790774,-81.824400,-284.000000,12.081085,4.893112
45.310774,-81.824400,-284.000000,11.894143,4.814135
45.830774,-81.824400,-284.000000,11.986850,4.842533
46.350774,-81.824400,-284.000000,12.049188,4.861059
46.870774,-81.824400,-284.000000,12.098157,4.801229
47.390774,-81.824400,-284.000000,12.038070,4.863070
47.910774,-81.824400,-284.000000,12.019011,4.866832
48.430774,-81.824400,-284.000000,11.913797,4.828539
48.950774,-81.824400,-284.000000,11.981457,4.845959
49.470774,-81.824400,-284.000000,12.163298,4.857554
49.990774,-81.824400,-284.000000,12.076086,4.883227
50.510774,-81.824400,-284.000000,11.936299,4.794958
51.030774,-81.824400,-284.000000,11.989847,4.841182
51.550774,-81.824400,-284.000000,12.184473,4.820639
52.070774,-81.824400,-284.000000,11.983146,4.853084
52.590774,-81.824400,-284.000000,11.987249,4.856038
53.110774,-81.824400,-284.000000,12.148895,4.877600
53.630774,-81.824400,-284.000000,11.970048,4.851459
54.150774,-81.824400,-284.000000,11.881145,4.817804
14.630774,-81.304400,-284.000000,12.006877,4.695816
15.150774,-81.304400,-284.000000,12.203219,4.695635
15.670774,-81.304400,-284.000000,12.000795,4.745391
16.190774,-81.304400,-284.000000,12.060908,4.740043
16.710774,-81.304400,-284.000000,12.029516,4.731102
17.230774,-81.304400,-284.000000,12.039320,4.733128
17.750774,-81.304400,-284.000000,12.286517,4.812223
18.270774,-81.304400,-284.000000,12.003846,4.770002
18.790774,-81.304400,-284.000000,12.243303,4.804203
19.310774,-81.304400,-284.000000,11.939692,4.689671
42.710774,-81.304400,-284.000000,12.165864,4.856569
43.230774,-81.304400,-284.000000,12.104323,4.852804
43.750774,-81.304400,-284.000000,11.853993,4.821572
44.270774,-81.304400,-284.000000,12.407576,4.871702
44.790774,-81.304400,-284.000000,12.016458,4.886383
45.310774,-81.304400,-284.000000,11.978559,4.825550
45.830774,-81.304400,-284.000000,11.924010,4.861438
46.350774,-81.304400,-284.000000,12.091586,4.854335
46.870774,-81.304400,-284.000000,12.111305,4.820414
47.390774,-81.304400,-284.000000,12.079782,4.874603
47.910774,-81.304400,-284.000000,12.043666,4.889402
48.430774,-81.304400,-284.000000,11.930439,4.834027
48.950774,-81.304400,-284.000000,11.889584,4.854025
13.590774,-82.344400,-283.000000,12.199218,4.732328
14.110774,-82.344400,-283.000000,12.128709,4.756368
14.630774,-82.344400,-283.000000,12.371360,4.786574
15.150774,-82.344400,-283.000000,11.957732,4.754869
15.670774,-82.344400,-283.000000,12.295388,4.768736
16.190774,-82.344400,-283.000000,12.280624,4.791229
16.710774,-82.344400,-283.000000,12.186748,4.775838
17.230774,-82.344400,-283.000000,12.109192,4.865510
17.750774,-82.344400,-283.000000,12.215734,4.832923
18.270774,-82.344400,-283.000000,11.963587,4.834985
18.790774,-82.344400,-283.000000,12.271453,4.870116
19.310774,-82.344400,-283.000000,12.217514,4.830564
19.830774,-82.344400,-283.000000,12.022455,4.894122
20.350774,-82.344400,-283.000000,12.252824,4.892645
20.870774,-82.344400,-283.000000,12.376462,4.919765
21.390774,-82.344400,-283.000000,12.165718,4.916038
21.910774,-82.344400,-283.000000,12.171210,4.868771
22.430774,-82.344400,-283.000000,12.262423,4.878121
22.950774,-82.344400,-283.000000,12.036660,4.864103
23.470774,-82.344400,-283.000000,12.286990,4.897521
23.990774,-82.344400,-283.000000,12.195361,4.912360
24.510774,-82.344400,-283.000000,12.260815,4.910948
25.030774,-82.344400,-283.000000,12.069601,4.906183
25.550774,-82.344400,-283.000000,12.251035,4.924788
26.070774,-82.344400,-283.000000,12.053950,4.853229
26.590774,-82.344400,-283.000000,12.183610,4.905804
27.110774,-82.344400,-283.000000,12.188040,4.869655
27.630774,-82.344400,-283.000000,12.153996,4.890137
28.150774,-82.344400,-283.000000,12.113735,4.877299
28.670774,-82.344400,-283.000000,12.318336,4.924562
29.190774,-82.344400,-283.000000,12.152438,4.907381
29.710774,-82.344400,-283.000000,12.108192,4.882804
30.230774,-82.344400,-283.000000,12.174066,4.885811
30.750774,-82.344400,-283.000000,12.141179,4.866434
31.270774,-82.344400,-283.000000,12.110190,4.828880
31.790774,-82.344400,-283.000000,12.015932,4.884910
32.310774,-82.344400,-283.000000,12.292720,4.889656
32.830774,-82.344400,-283.000000,12.303748,4.921976
33.350774,-82.344400,-283.000000,12.143111,4.923756
33.870774,-82.344400,-283.000000,12.317039,4.882370
34.390774,-82.344400,-283.000000,12.115499,4.924417
34.910774,-82.344400,-283.000000,12.340308,4.913181
35.430774,-82.344400,-283.000000,12.297980,4.982196
35.950774,-82.344400,-283.000000,11.958775,4.945915
36.470774,-82.344400,-283.000000,11.953158,4.892865
36.990774,-82.344400,-283.000000,12.058167,4.943412
37.510774,-82.344400,-283.000000,12.248998,4.908827
38.030774,-82.344400,-283.000000,12.078188,4.928076
38.550774,-82.344400,-283.000000,12.215994,4.944146
39.070774,-82.344400,-283.000000,12.109838,4.916328
39.590774,-82.344400,-283.000000,11.836903,4.857405
40.110774,-82.344400,-283.000000,12.268878,4.915775
40.630774,-82.344400,-283.000000,12.216833,4.931210
41.150774,-82.344400,-283.000000,12.228194,4.901969
41.670774,-82.344400,-283.000000,12.141442,4.943489
42.190774,-82.344400,-283.000000,12.247789,4.931642
42.710774,-82.344400,-283.000000,11.912187,4.934211
43.230774,-82.344400,-283.000000,12.471747,4.917334
43.750774,-82.344400,-283.000000,12.050079,4.921475
44.270774,-82.344400,-283.000000,12.242695,4.947838
44.790774,-82.344400,-283.000000,12.099555,4.920428
45.310774,-82.344400,-283.000000,12.245878,4.922864
45.830774,-82.344400,-283.000000,12.160747,4.901417
46.350774,-82.344400,-283.000000,12.371583,4.958762
46.870774,-82.344400,-283.000000,12.174552,4.900798
47.390774,-82.344400,-283.000000,12.050326,4.947520
47.910774,-82.344400,-283.000000,11.840564,4.861613
48.430774,-82.344400,-283.000000,12.082401,4.919961
48.950774,-82.344400,-283.000000,12.217950,4.998656
49.470774,-82.344400,-283.000000,12.322137,4.984852
49.990774,-82.344400,-283.000000,12.506817,4.960808
50.510774,-82.344400,-283.000000,12.094384,4.889850
51.030774,-82.344400,-283.000000,12.170500,4.986936
51.550774,-82.344400,-283.000000,12.236530,4.877882
52.070774,-82.344400,-283.000000,12.099700,4.908496
52.590774,-82.344400,-283.000000,12.268332,4.973439
53.110774,-82.344400,-283.000000,12.263918,4.842214
53.630774,-82.344400,-283.000000,12.281154,4.918380
54.150774,-82.344400,-283.000000,12.145964,4.909831
54.670774,-82.344400,-283.000000,12.133976,4.966298
55.190774,-82.344400,-283.000000,11.983557,4.918356
55.710774,-82.344400,-283.000000,12.005146,4.892978
13.070774,-81.824400,-283.000000,12.415275,4.676126
13.590774,-81.824400,-283.000000,12.183242,4.731881
14.110774,-81.824400,-283.000000,12.118892,4.765265
14.630774,-81.824400,-283.000000,12.360153,4.804110
15.150774,-81.824400,-283.000000,12.007235,4.769136
15.670774,-81.824400,-283.000000,12.277789,4.757238
16.190774,-81.824400,-283.000000,12.216063,4.803165
16.710774,-81.824400,-283.000000,12.190821,4.800733
17.230774,-81.824400,-283.000000,12.104144,4.857835
17.750774,-81.824400,-283.000000,12.203599,4.840339
18.270774,-81.824400,-283.000000,11.918696,4.829944
18.790774,-81.824400,-283.000000,12.285953,4.882365
19.310774,-81.824400,-283.000000,12.184425,4.825424
19.830774,-81.824400,-283.000000,12.002535,4.898428
20.350774,-81.824400,-283.000000,12.295608,4.890389
20.870774,-81.824400,-283.000000,12.366897,4.926770
21.390774,-81.824400,-283.000000,12.195472,4.929060
21.910774,-81.824400,-283.000000,12.115732,4.858076
22.430774,-81.824400,-283.000000,12.218417,4.882856
22.950774,-81.824400,-283.000000,12.050849,4.887425
23.470774,-81.824400,-283.000000,12.209092,4.897315
23.990774,-81.824400,-283.000000,12.280451,4.915659
24.510774,-81.824400,-283.000000,12.256763,4.921239
25.030774,-81.824400,-283.000000,12.021073,4.883996
25.550774,-81.824400,-283.000000,12.213248,4.930745
26.070774,-81.824400,-283.000000,12.105294,4.860927
26.590774,-81.824400,-283.000000,12.173919,4.903774
27.110774,-81.824400,-283.000000,12.199903,4.894408
27.630774,-81.824400,-283.000000,12.119824,4.903912
28.150774,-81.824400,-283.000000,12.095296,4.897109
28.670774,-81.824400,-283.000000,12.321536,4.943642
29.190774,-81.824400,-283.000000,12.134735,4.926019
29.710774,-81.824400,-283.000000,12.114058,4.890917
30.230774,-81.824400,-283.000000,12.154669,4.884579
30.750774,-81.824400,-283.000000,12.164514,4.890440
31.270774,-81.824400,-283.000000,12.070910,4.840432
31.790774,-81.824400,-283.000000,12.073550,4.903166
32.310774,-81.824400,-283.000000,12.323294,4.886979
32.830774,-81.824400,-283.000000,12.311081,4.927842
33.350774,-81.824400,-283.000000,12.167442,4.921274
33.870774,-81.824400,-283.000000,12.296123,4.890199
34.390774,-81.824400,-283.000000,12.181707,4.940392
34.910774,-81.824400,-283.000000,12.411395,4.924744
35.430774,-81.824400,-283.000000,12.246984,4.961580
35.950774,-81.824400,-283.000000,11.987571,4.967141
36.470774,-81.824400,-283.000000,11.957713,4.900497
36.990774,-81.824400,-283.000000,12.099029,4.946237
37.510774,-81.824400,-283.000000,12.188566,4.917055
38.030774,-81.824400,-283.000000,12.061908,4.935086
38.550774,-81.824400,-283.000000,12.191004,4.943512
39.070774,-81.824400,-283.000000,12.113566,4.911862
39.590774,-81.824400,-283.000000,11.860768,4.877536
40.110774,-81.824400,-283.000000,12.161372,4.909098
40.630774,-81.824400,-283.000000,12.175764,4.935974
41.150774,-81.824400,-283.000000,12.240714,4.893502
41.670774,-81.824400,-283.000000,12.197482,4.938831
42.190774,-81.824400,-283.000000,12.227611,4.941799
42.710774,-81.824400,-283.000000,11.904441,4.941437
43.230774,-81.824400,-283.000000,12.446970,4.922584
43.750774,-81.824400,-283.000000,12.059970,4.916591
44.270774,-81.824400,-283.000000,12.115323,4.958796
44.790774,-81.824400,-283.000000,12.074394,4.929680
45.310774,-81.824400,-283.000000,12.326159,4.957479
45.830774,-81.824400,-283.000000,12.132840,4.896166
46.350774,-81.824400,-283.000000,12.199233,4.945266
46.870774,-81.824400,-283.000000,12.276084,4.938846
47.390774,-81.824400,-283.000000,12.026157,4.923271
47.910774,-81.824400,-283.000000,11.866014,4.867355
48.430774,-81.824400,-283.000000,12.058358,4.937901
48.950774,-81.824400,-283.000000,12.207030,5.000208
49.470774,-81.824400,-283.000000,12.293517,4.984282
49.990774,-81.824400,-283.000000,12.470846,4.940053
50.510774,-81.824400,-283.000000,12.112850,4.894141
51.030774,-81.824400,-283.000000,12.179836,5.006736
51.550774,-81.824400,-283.000000,12.242323,4.879859
52.070774,-81.824400,-283.000000,12.122244,4.924850
52.590774,-81.824400,-283.000000,12.245044,4.953181
53.110774,-81.824400,-283.000000,12.241934,4.843395
53.630774,-81.824400,-283.000000,12.384849,4.910404
54.150774,-81.824400,-283.000000,12.215110,4.930233
54.670774,-81.824400,-283.000000,12.121140,4.979735
55.190774,-81.824400,-283.000000,11.977866,4.909375
55.710774,-81.824400,-283.000000,12.056004,4.886811
56.230774,-81.824400,-283.000000,12.282474,4.926600
13.590774,-81.304400,-283.000000,12.168494,4.729321
55.710774,-81.304400,-283.000000,12.026748,4.886706
13.590774,-82.344400,-282.000000,12.313546,4.808544
14.110774,-82.344400,-282.000000,12.092669,4.735784
14.630774,-82.344400,-282.000000,12.361191,4.847024
15.150774,-82.344400,-282.000000,12.264846,4.786083
15.670774,-82.344400,-282.000000,12.156603,4.800589
16.190774,-82.344400,-282.000000,12.467166,4.915424
16.710774,-82.344400,-282.000000,12.255532,4.841008
17.230774,-82.344400,-282.000000,12.185287,4.879786
17.750774,-82.344400,-282.000000,12.308219,4.866454
18.270774,-82.344400,-282.000000,12.060132,4.858547
18.790774,-82.344400,-282.000000,12.371795,4.928064
19.310774,-82.344400,-282.000000,12.327201,4.846893
19.830774,-82.344400,-282.000000,12.429540,4.926991
20.350774,-82.344400,-282.000000,12.360885,4.897899
20.870774,-82.344400,-282.000000,11.936195,4.941639
21.390774,-82.344400,-282.000000,12.212708,4.954976
21.910774,-82.344400,-282.000000,11.943330,4.913626
22.430774,-82.344400,-282.000000,12.497885,4.909455
22.950774,-82.344400,-282.000000,12.284061,4.888883
23.470774,-82.344400,-282.000000,12.328998,4.887092
23.990774,-82.344400,-282.000000,12.495448,4.919368
24.510774,-82.344400,-282.000000,12.429647,4.987045
25.030774,-82.344400,-282.000000,12.315188,4.936954
25.550774,-82.344400,-282.000000,12.382364,4.897990
26.070774,-82.344400,-282.000000,12.511902,5.022538
26.590774,-82.344400,-282.000000,12.352550,4.929186
27.110774,-82.344400,-282.000000,12.335298,4.911856
27.630774,-82.344400,-282.000000,12.374104,4.965913
28.150774,-82.344400,-282.000000,12.129151,4.912607
28.670774,-82.344400,-282.000000,12.073686,4.926481
29.190774,-82.344400,-282.000000,12.347407,4.954828
29.710774,-82.344400,-282.000000,12.156932,4.944588
30.230774,-82.344400,-282.000000,12.460799,5.002893
30.750774,-82.344400,-282.000000,12.139631,4.902773
31.270774,-82.344400,-282.000000,12.415467,4.968304
31.790774,-82.344400,-282.000000,12.020354,4.902480
32.310774,-82.344400,-282.000000,12.105773,4.981363
32.830774,-82.344400,-282.000000,12.387761,4.945731
33.350774,-82.344400,-282.000000,12.508631,4.980599
33.870774,-82.344400,-282.000000,12.181678,4.958281
34.390774,-82.344400,-282.000000,12.124232,4.963347
34.910774,-82.344400,-282.000000,12.376082,4.950298
35.430774,-82.344400,-282.000000,12.440193,4.919627
35.950774,-82.344400,-282.000000,12.173186,4.954545
36.470774,-82.344400,-282.000000,12.203021,4.934093
36.990774,-82.344400,-282.000000,12.298465,4.927427
37.510774,-82.344400,-282.000000,11.915334,4.932148
38.030774,-82.344400,-282.000000,12.148041,4.984270
38.550774,-82.344400,-282.000000,12.397956,4.970562
39.070774,-82.344400,-282.000000,12.407516,4.981789
39.590774,-82.344400,-282.000000,12.210718,4.956282
40.110774,-82.344400,-282.000000,12.110368,4.945102
40.630774,-82.344400,-282.000000,12.471069,4.967574
41.150774,-82.344400,-282.000000,12.035039,4.900755
41.670774,-82.344400,-282.000000,12.115780,4.866922
42.190774,-82.344400,-282.000000,12.129733,4.952495
42.710774,-82.344400,-282.000000,12.263095,4.938525
43.230774,-82.344400,-282.000000,12.246322,5.013348
43.750774,-82.344400,-282.000000,12.154106,4.936203
44.270774,-82.344400,-282.000000,12.124482,4.930771
44.790774,-82.344400,-282.000000,12.189319,4.968851
45.310774,-82.344400,-282.000000,12.227910,4.932692
45.830774,-82.344400,-282.000000,12.058311,4.941484
46.350774,-82.344400,-282.000000,12.097625,4.926329
46.870774,-82.344400,-282.000000,12.309623,4.985332
47.390774,-82.344400,-282.000000,12.079417,4.993083
47.910774,-82.344400,-282.000000,12.196616,4.951173
48.430774,-82.344400,-282.000000,12.325967,4.920382
48.950774,-82.344400,-282.000000,12.145818,4.931086
49.470774,-82.344400,-282.000000,12.090452,5.031665
49.990774,-82.344400,-282.000000,12.335898,5.000661
50.510774,-82.344400,-282.000000,12.387786,4.996694
51.030774,-82.344400,-282.000000,12.180469,4.954894
51.550774,-82.344400,-282.000000,12.401414,5.006210
52.070774,-82.344400,-282.000000,12.265773,4.955825
52.590774,-82.344400,-282.000000,12.366963,4.945323
53.110774,-82.344400,-282.000000,12.316436,4.957140
53.630774,-82.344400,-282.000000,12.249272,4.984466
54.150774,-82.344400,-282.000000,12.316531,5.016264
54.670774,-82.344400,-282.000000,12.354442,5.050367
55.190774,-82.344400,-282.000000,12.123084,5.001982
55.710774,-82.344400,-282.000000,12.169920,4.978464
56.230774,-82.344400,-282.000000,12.304481,4.912441
56.750774,-82.344400,-282.000000,12.282288,4.972288
57.270774,-82.344400,-282.000000,12.178496,4.965060
13.070774,-81.824400,-282.000000,12.364262,4.764538
13.590774,-81.824400,-282.000000,12.236427,4.800259
14.110774,-81.824400,-282.000000,12.117488,4.747363
14.630774,-81.824400,-282.000000,12.347369,4.845829
15.150774,-81.824400,-282.000000,12.380429,4.819382
15.670774,-81.824400,-282.000000,12.081079,4.799582
16.190774,-81.824400,-282.000000,12.436960,4.931035
16.710774,-81.824400,-282.000000,12.135825,4.806064
17.230774,-81.824400,-282.000000,12.169838,4.875874
17.750774,-81.824400,-282.000000,12.407264,4.880759
18.270774,-81.824400,-282.000000,12.062576,4.863242
18.790774,-81.824400,-282.000000,12.354282,4.928669
19.310774,-81.824400,-282.000000,12.232425,4.857944
19.830774,-81.824400,-282.000000,12.440747,4.942644
20.350774,-81.824400,-282.000000,12.308537,4.920130
20.870774,-81.824400,-282.000000,11.977881,4.932559
21.390774,-81.824400,-282.000000,12.163185,4.952814
21.910774,-81.824400,-282.000000,11.939164,4.940582
22.430774,-81.824400,-282.000000,12.498322,4.898735
22.950774,-81.824400,-282.000000,12.278372,4.899196
23.470774,-81.824400,-282.000000,12.271861,4.897567
23.990774,-81.824400,-282.000000,12.564841,4.931059
24.510774,-81.824400,-282.000000,12.327259,4.969934
25.030774,-81.824400,-282.000000,12.399499,4.952884
25.550774,-81.824400,-282.000000,12.398308,4.911113
26.070774,-81.824400,-282.000000,12.460025,5.031442
26.590774,-81.824400,-282.000000,12.399741,4.947970
27.110774,-81.824400,-282.000000,12.315126,4.934597
27.630774,-81.824400,-282.000000,12.317837,4.957543
28.150774,-81.824400,-282.000000,12.127691,4.939148
28.670774,-81.824400,-282.000000,12.063640,4.918711
29.190774,-81.824400,-282.000000,12.348432,4.963311
29.710774,-81.824400,-282.000000,12.122467,4.938105
30.230774,-81.824400,-282.000000,12.386651,5.014292
30.750774,-81.824400,-282.000000,12.203319,4.924426
31.270774,-81.824400,-282.000000,12.411883,4.956827
31.790774,-81.824400,-282.000000,11.932853,4.901037
32.310774,-81.824400,-282.000000,12.088743,4.990135
32.830774,-81.824400,-282.000000,12.378153,4.952866
33.350774,-81.824400,-282.000000,12.529635,4.994895
33.870774,-81.824400,-282.000000,12.213986,4.976133
34.390774,-81.824400,-282.000000,12.067811,4.944241
34.910774,-81.824400,-282.000000,12.402877,4.969999
35.430774,-81.824400,-282.000000,12.441908,4.944426
35.950774,-81.824400,-282.000000,12.162382,4.939380
36.470774,-81.824400,-282.000000,12.223985,4.948973
36.990774,-81.824400,-282.000000,12.259012,4.938395
37.510774,-81.824400,-282.000000,11.914138,4.936829
38.030774,-81.824400,-282.000000,12.044870,4.997541
38.550774,-81.824400,-282.000000,12.373492,4.986097
39.070774,-81.824400,-282.000000,12.420096,4.983562
39.590774,-81.824400,-282.000000,12.141394,4.944347
40.110774,-81.824400,-282.000000,12.101161,4.955131
40.630774,-81.824400,-282.000000,12.480369,4.976233
41.150774,-81.824400,-282.000000,12.018687,4.911986
41.670774,-81.824400,-282.000000,12.107089,4.894016
42.190774,-81.824400,-282.000000,12.225327,4.978537
42.710774,-81.824400,-282.000000,12.169038,4.942474
43.230774,-81.824400,-282.000000,12.260408,5.015665
43.750774,-81.824400,-282.000000,12.102736,4.928020
44.270774,-81.824400,-282.000000,12.151589,4.943369
44.790774,-81.824400,-282.000000,12.247197,4.990604
45.310774,-81.824400,-282.000000,12.217464,4.925638
45.830774,-81.824400,-282.000000,12.064387,4.940577
46.350774,-81.824400,-282.000000,12.025034,4.928617
46.870774,-81.824400,-282.000000,12.297383,4.988159
47.390774,-81.824400,-282.000000,12.069042,5.014660
47.910774,-81.824400,-282.000000,12.202221,4.957163
48.430774,-81.824400,-282.000000,12.385167,4.939377
48.950774,-81.824400,-282.000000,12.143296,4.938001
49.470774,-81.824400,-282.000000,12.155646,5.051389
49.990774,-81.824400,-282.000000,12.356175,5.019886
50.510774,-81.824400,-282.000000,12.261853,5.002817
51.030774,-81.824400,-282.000000,12.277713,4.975475
51.550774,-81.824400,-282.000000,12.278781,4.983278
52.070774,-81.824400,-282.000000,12.274823,4.956702
52.590774,-81.824400,-282.000000,12.341836,4.945184
53.110774,-81.824400,-282.000000,12.333655,4.981171
53.630774,-81.824400,-282.000000,12.207934,4.989043
54.150774,-81.824400,-282.000000,12.329879,5.019605
54.670774,-81.824400,-282.000000,12.284511,5.051643
55.190774,-81.824400,-282.000000,12.149360,5.019377
55.710774,-81.824400,-282.000000,12.104723,4.969100
56.230774,-81.824400,-282.000000,12.344913,4.939648
56.750774,-81.824400,-282.000000,12.210121,4.998102
57.270774,-81.824400,-282.000000,12.216109,4.964958
57.790774,-81.824400,-282.000000,12.134029,4.935290
13.590774,-82.344400,-281.000000,12.141025,4.759784
14.110774,-82.344400,-281.000000,12.310213,4.809896
14.630774,-82.344400,-281.000000,12.253922,4.789167
15.150774,-82.344400,-281.000000,12.134612,4.840869
15.670774,-82.344400,-281.000000,12.451171,4.858593
16.190774,-82.344400,-281.000000,12.259855,4.843332
16.710774,-82.344400,-281.000000,12.261683,4.889784
17.230774,-82.344400,-281.000000,12.290182,4.925297
17.750774,-82.344400,-281.000000,12.273601,4.913750
18.270774,-82.344400,-281.000000,12.449052,4.878830
18.790774,-82.344400,-281.000000,12.528159,4.977882
19.310774,-82.344400,-281.000000,12.197174,4.913045
19.830774,-82.344400,-281.000000,11.986528,4.854416
20.350774,-82.344400,-281.000000,12.288688,4.895548
20.870774,-82.344400,-281.000000,12.293128,4.934325
21.390774,-82.344400,-281.000000,12.241071,4.924962
21.910774,-82.344400,-281.000000,12.230507,4.971356
22.430774,-82.344400,-281.000000,12.297907,4.947896
22.950774,-82.344400,-281.000000,12.279704,4.921744
23.470774,-82.344400,-281.000000,12.234282,4.934630
23.990774,-82.344400,-281.000000,12.360731,4.992877
24.510774,-82.344400,-281.000000,12.145115,4.904368
25.030774,-82.344400,-281.000000,12.422187,4.987469
25.550774,-82.344400,-281.000000,12.440991,4.990135
26.070774,-82.344400,-281.000000,12.461147,5.031045
26.590774,-82.344400,-281.000000,12.034348,4.935948
27.110774,-82.344400,-281.000000,12.287086,4.969624
27.630774,-82.344400,-281.000000,12.403876,4.946053
28.150774,-82.344400,-281.000000,12.387797,4.941023
28.670774,-82.344400,-281.000000,12.292459,4.959643
29.190774,-82.344400,-281.000000,12.373926,5.011606
29.710774,-82.344400,-281.000000,12.426989,5.011788
30.230774,-82.344400,-281.000000,12.475241,5.034411
30.750774,-82.344400,-281.000000,12.361294,5.007055
31.270774,-82.344400,-281.000000,12.260695,4.967215
31.790774,-82.344400,-281.000000,12.318297,5.002190
32.310774,-82.344400,-281.000000,12.244171,4.979312
32.830774,-82.344400,-281.000000,12.355956,4.973316
33.350774,-82.344400,-281.000000,12.222998,4.919351
33.870774,-82.344400,-281.000000,12.450853,5.055585
34.390774,-82.344400,-281.000000,12.206740,4.978498
34.910774,-82.344400,-281.000000,12.359747,4.969132
35.430774,-82.344400,-281.000000,12.310572,5.037455
35.950774,-82.344400,-281.000000,12.415658,5.012166
36.470774,-82.344400,-281.000000,12.355707,4.968562
36.990774,-82.344400,-281.000000,12.231600,4.968449
37.510774,-82.344400,-281.000000,12.056674,4.908368
38.030774,-82.344400,-281.000000,12.161487,4.957457
38.550774,-82.344400,-281.000000,12.376847,5.014653
39.070774,-82.344400,-281.000000,12.384908,4.978072
39.590774,-82.344400,-281.000000,12.221465,5.014699
40.110774,-82.344400,-281.000000,12.260755,4.959224
40.630774,-82.344400,-281.000000,12.326040,4.982993
41.150774,-82.344400,-281.000000,12.305007,5.014121
41.670774,-82.344400,-281.000000,12.412803,5.005516
42.190774,-82.344400,-281.000000,12.141620,4.989283
42.710774,-82.344400,-281.000000,12.456002,5.056161
43.230774,-82.344400,-281.000000,12.265838,4.996730
43.750774,-82.344400,-281.000000,12.313390,4.996317
44.270774,-82.344400,-281.000000,12.451949,5.003981
44.790774,-82.344400,-281.000000,12.405202,4.968432
45.310774,-82.344400,-281.000000,12.335405,4.999102
45.830774,-82.344400,-281.000000,12.316989,5.048409
46.350774,-82.344400,-281.000000,12.204135,4.962366
46.870774,-82.344400,-281.000000,12.268280,5.011307
47.390774,-82.344400,-281.000000,12.451458,4.996858
47.910774,-82.344400,-281.000000,12.179891,4.933519
48.430774,-82.344400,-281.000000,12.236358,5.013188
48.950774,-82.344400,-281.000000,12.099029,4.942258
49.470774,-82.344400,-281.000000,12.436292,4.989060
49.990774,-82.344400,-281.000000,12.184800,5.009060
50.510774,-82.344400,-281.000000,11.876641,4.939822
51.030774,-82.344400,-281.000000,12.041041,4.994467
51.550774,-82.344400,-281.000000,12.257282,4.943010
52.070774,-82.344400,-281.000000,11.916918,4.915994
52.590774,-82.344400,-281.000000,12.363376,5.024626
53.110774,-82.344400,-281.000000,12.380698,5.028661
53.630774,-82.344400,-281.000000,12.379221,4.987834
54.150774,-82.344400,-281.000000,12.333822,4.993722
54.670774,-82.344400,-281.000000,12.282742,4.958533
55.190774,-82.344400,-281.000000,12.118677,4.903659
55.710774,-82.344400,-281.000000,12.211822,5.050293
56.230774,-82.344400,-281.000000,12.733063,5.032664
56.750774,-82.344400,-281.000000,12.254985,5.021074
57.270774,-82.344400,-281.000000,12.280372,5.028153
57.790774,-82.344400,-281.000000,12.544269,4.987152
58.310774,-82.344400,-281.000000,12.115595,4.994950
58.830774,-82.344400,-281.000000,12.212787,4.961026
13.070774,-81.824400,-281.000000,11.964628,4.708903
13.590774,-81.824400,-281.000000,12.103229,4.755016
14.110774,-81.824400,-281.000000,12.273616,4.822406
14.630774,-81.824400,-281.000000,12.233279,4.803848
15.150774,-81.824400,-281.000000,12.104828,4.825051
15.670774,-81.824400,-281.000000,12.507215,4.871887
16.190774,-81.824400,-281.000000,12.301533,4.843490
16.710774,-81.824400,-281.000000,12.223320,4.914441
17.230774,-81.824400,-281.000000,12.345372,4.942793
17.750774,-81.824400,-281.000000,12.203571,4.909256
18.270774,-81.824400,-281.000000,12.414816,4.899521
18.790774,-81.824400,-281.000000,12.576122,4.984152
19.310774,-81.824400,-281.000000,12.230935,4.920921
19.830774,-81.824400,-281.000000,11.983195,4.858933
20.350774,-81.824400,-281.000000,12.323550,4.889549
20.870774,-81.824400,-281.000000,12.179150,4.938388
21.390774,-81.824400,-281.000000,12.336087,4.953112
21.910774,-81.824400,-281.000000,12.293591,4.958336
22.430774,-81.824400,-281.000000,12.251998,4.967741
22.950774,-81.824400,-281.000000,12.277809,4.914087
23.470774,-81.824400,-281.000000,12.263994,4.950449
23.990774,-81.824400,-281.000000,12.377557,5.019672
24.510774,-81.824400,-281.000000,12.104048,4.917633
25.030774,-81.824400,-281.000000,12.398351,4.983935
25.550774,-81.824400,-281.000000,12.413542,4.989841
26.070774,-81.824400,-281.000000,12.426098,5.033786
26.590774,-81.824400,-281.000000,11.988662,4.936397
27.110774,-81.824400,-281.000000,12.360649,4.983317
27.630774,-81.824400,-281.000000,12.391309,4.940277
28.150774,-81.824400,-281.000000,12.388726,4.956252
28.670774,-81.824400,-281.000000,12.309038,4.948586
29.190774,-81.824400,-281.000000,12.375030,5.005750
29.710774,-81.824400,-281.000000,12.426474,5.027823
30.230774,-81.824400,-281.000000,12.478084,5.029437
30.750774,-81.824400,-281.000000,12.375008,5.034125
31.270774,-81.824400,-281.000000,12.247242,4.975001
31.790774,-81.824400,-281.000000,12.265442,5.015746
32.310774,-81.824400,-281.000000,12.323360,4.980741
32.830774,-81.824400,-281.000000,12.330684,4.983228
33.350774,-81.824400,-281.000000,12.159614,4.915959
33.870774,-81.824400,-281.000000,12.497414,5.064816
34.390774,-81.824400,-281.000000,12.128371,4.968398
34.910774,-81.824400,-281.000000,12.356154,4.978444
35.430774,-81.824400,-281.000000,12.282875,5.031938
35.950774,-81.824400,-281.000000,12.429095,5.015198
36.470774,-81.824400,-281.000000,12.404939,4.992247
36.990774,-81.824400,-281.000000,12.177909,4.965401
37.510774,-81.824400,-281.000000,12.076392,4.940468
38.030774,-81.824400,-281.000000,12.102879,4.958551
38.550774,-81.824400,-281.000000,12.334799,5.005936
39.070774,-81.824400,-281.000000,12.383958,5.018810
39.590774,-81.824400,-281.000000,12.206569,5.013718
40.110774,-81.824400,-281.000000,12.249646,4.950863
40.630774,-81.824400,-281.000000,12.361316,5.006434
41.150774,-81.824400,-281.000000,12.248321,5.010991
41.670774,-81.824400,-281.000000,12.352344,5.006632
42.190774,-81.824400,-281.000000,12.079978,4.993919
42.710774,-81.824400,-281.000000,12.438155,5.053250
43.230774,-81.824400,-281.000000,12.268663,4.993996
43.750774,-81.824400,-281.000000,12.325484,5.008525
44.270774,-81.824400,-281.000000,12.435508,5.013781
44.790774,-81.824400,-281.000000,12.383574,4.963386
45.310774,-81.824400,-281.000000,12.329903,5.000966
45.830774,-81.824400,-281.000000,12.273279,5.043151
46.350774,-81.824400,-281.000000,12.209141,4.979082
46.870774,-81.824400,-281.000000,12.210046,5.024287
47.390774,-81.824400,-281.000000,12.465484,4.997783
47.910774,-81.824400,-281.000000,12.092209,4.944386
48.430774,-81.824400,-281.000000,12.239306,5.011543
48.950774,-81.824400,-281.000000,12.185059,4.979490
49.470774,-81.824400,-281.000000,12.384325,5.000218
49.990774,-81.824400,-281.000000,12.207549,5.015068
50.510774,-81.824400,-281.000000,11.956771,4.942483
51.030774,-81.824400,-281.000000,11.961876,5.000183
51.550774,-81.824400,-281.000000,12.260365,4.954494
52.070774,-81.824400,-281.000000,11.941606,4.919431
52.590774,-81.824400,-281.000000,12.331835,5.017838
53.110774,-81.824400,-281.000000,12.360256,5.035800
53.630774,-81.824400,-281.000000,12.212382,4.984361
54.150774,-81.824400,-281.000000,12.482834,5.009917
54.670774,-81.824400,-281.000000,12.220980,4.964736
55.190774,-81.824400,-281.000000,12.056376,4.911480
55.710774,-81.824400,-281.000000,12.291702,5.070261
56.230774,-81.824400,-281.000000,12.709950,5.036774
56.750774,-81.824400,-281.000000,12.222701,4.994823
57.270774,-81.824400,-281.000000,12.333928,5.042174
57.790774,-81.824400,-281.000000,12.522396,5.003908
58.310774,-81.824400,-281.000000,12.118342,4.996477
58.830774,-81.824400,-281.000000,12.240252,4.960721
59.350774,-81.824400,-281.000000,12.043008,4.994315
58.310774,-81.304400,-281.000000,12.140112,4.999553
13.590774,-82.344400,-280.000000,12.313079,4.828036
14.110774,-82.344400,-280.000000,12.351887,4.821449
14.630774,-82.344400,-280.000000,12.279943,4.842965
15.150774,-82.344400,-280.000000,12.249850,4.853207
15.670774,-82.344400,-280.000000,12.422317,4.861999
16.190774,-82.344400,-280.000000,12.598000,4.900993
16.710774,-82.344400,-280.000000,12.356744,4.866877
17.230774,-82.344400,-280.000000,12.501420,4.963611
17.750774,-82.344400,-280.000000,12.305997,4.895967
18.270774,-82.344400,-280.000000,12.212625,4.874934
18.790774,-82.344400,-280.000000,12.211504,4.884459
19.310774,-82.344400,-280.000000,12.353999,4.949861
19.830774,-82.344400,-280.000000,12.284451,4.994080
20.350774,-82.344400,-280.000000,12.374148,5.005186
20.870774,-82.344400,-280.000000,12.338772,4.933763
21.390774,-82.344400,-280.000000,12.255216,4.971748
21.910774,-82.344400,-280.000000,12.067332,4.954607
22.430774,-82.344400,-280.000000,12.605849,4.920199
22.950774,-82.344400,-280.000000,12.423615,4.963411
23.470774,-82.344400,-280.000000,12.425777,4.955933
23.990774,-82.344400,-280.000000,12.364454,5.068553
24.510774,-82.344400,-280.000000,12.547029,5.023029
25.030774,-82.344400,-280.000000,12.654895,4.989885
25.550774,-82.344400,-280.000000,12.510863,4.946511
26.070774,-82.344400,-280.000000,12.033461,4.920787
26.590774,-82.344400,-280.000000,12.362182,4.976552
27.110774,-82.344400,-280.000000,12.479738,5.004683
27.630774,-82.344400,-280.000000,12.363673,4.972528
28.150774,-82.344400,-280.000000,12.262471,4.943824
28.670774,-82.344400,-280.000000,12.319470,4.996881
29.190774,-82.344400,-280.000000,12.555324,4.972085
29.710774,-82.344400,-280.000000,12.699158,5.047591
30.230774,-82.344400,-280.000000,12.504332,5.047756
30.750774,-82.344400,-280.000000,12.474010,4.995355
31.270774,-82.344400,-280.000000,12.288733,4.954037
31.790774,-82.344400,-280.000000,12.238548,4.922882
32.310774,-82.344400,-280.000000,12.254786,4.989179
32.830774,-82.344400,-280.000000,12.302855,5.015084
33.350774,-82.344400,-280.000000,12.388318,5.007100
33.870774,-82.344400,-280.000000,12.429255,5.046844
34.390774,-82.344400,-280.000000,12.315234,4.983433
34.910774,-82.344400,-280.000000,12.194935,4.958655
35.430774,-82.344400,-280.000000,12.574916,5.018323
35.950774,-82.344400,-280.000000,12.255754,4.953837
36.470774,-82.344400,-280.000000,12.207079,5.000965
36.990774,-82.344400,-280.000000,12.291384,5.012972
37.510774,-82.344400,-280.000000,12.377090,5.024469
38.030774,-82.344400,-280.000000,12.352147,4.951228
38.550774,-82.344400,-280.000000,12.290732,4.981841
39.070774,-82.344400,-280.000000,12.227052,5.014497
39.590774,-82.344400,-280.000000,12.023173,4.970303
40.110774,-82.344400,-280.000000,12.215672,4.965264
40.630774,-82.344400,-280.000000,12.542062,5.066174
41.150774,-82.344400,-280.000000,12.255992,5.009633
41.670774,-82.344400,-280.000000,12.421008,5.022609
42.190774,-82.344400,-280.000000,12.058673,4.943285
42.710774,-82.344400,-280.000000,12.493182,4.946108
43.230774,-82.344400,-280.000000,12.080129,5.001483
43.750774,-82.344400,-280.000000,12.194747,5.020805
44.270774,-82.344400,-280.000000,12.330768,4.998216
44.790774,-82.344400,-280.000000,12.289822,4.978460
45.310774,-82.344400,-280.000000,12.291457,5.015799
45.830774,-82.344400,-280.000000,12.384665,5.040761
46.350774,-82.344400,-280.000000,12.253049,4.995435
46.870774,-82.344400,-280.000000,12.138671,5.037671
47.390774,-82.344400,-280.000000,12.129323,4.993439
47.910774,-82.344400,-280.000000,12.439578,5.044838
48.430774,-82.344400,-280.000000,12.200139,5.005548
48.950774,-82.344400,-280.000000,12.209579,4.958530
49.470774,-82.344400,-280.000000,12.033606,4.931166
49.990774,-82.344400,-280.000000,12.424503,4.996512
50.510774,-82.344400,-280.000000,12.300473,5.047173
51.030774,-82.344400,-280.000000,12.161304,5.014251
51.550774,-82.344400,-280.000000,12.300603,4.972117
52.070774,-82.344400,-280.000000,12.244593,4.956903
52.590774,-82.344400,-280.000000,12.430886,5.082712
53.110774,-82.344400,-280.000000,12.378463,4.982973
53.630774,-82.344400,-280.000000,12.293830,4.979186
54.150774,-82.344400,-280.000000,12.524257,5.053959
54.670774,-82.344400,-280.000000,12.550987,5.026391
55.190774,-82.344400,-280.000000,12.221632,4.977780
55.710774,-82.344400,-280.000000,12.408025,5.077980
56.230774,-82.344400,-280.000000,12.298245,5.010225
56.750774,-82.344400,-280.000000,12.298677,5.051542
57.270774,-82.344400,-280.000000,12.163210,5.027436
57.790774,-82.344400,-280.000000,12.048117,4.982184
58.310774,-82.344400,-280.000000,12.446952,5.043196
58.830774,-82.344400,-280.000000,12.159717,4.987874
59.350774,-82.344400,-280.000000,12.241655,5.014517
59.870774,-82.344400,-280.000000,11.944616,4.878642
60.390774,-82.344400,-280.000000,12.251120,4.981214
60.910774,-82.344400,-280.000000,12.358299,4.980110
13.070774,-81.824400,-280.000000,12.332447,4.762517
13.590774,-81.824400,-280.000000,12.261981,4.839224
14.110774,-81.824400,-280.000000,12.340674,4.821397
14.630774,-81.824400,-280.000000,12.249938,4.850307
15.150774,-81.824400,-280.000000,12.274184,4.842743
15.670774,-81.824400,-280.000000,12.370170,4.880829
16.190774,-81.824400,-280.000000,12.650260,4.934884
16.710774,-81.824400,-280.000000,12.324649,4.862990
17.230774,-81.824400,-280.000000,12.457627,4.950070
17.750774,-81.824400,-280.000000,12.306618,4.917199
18.270774,-81.824400,-280.000000,12.234752,4.888322
18.790774,-81.824400,-280.000000,12.155302,4.893985
19.310774,-81.824400,-280.000000,12.300518,4.948450
19.830774,-81.824400,-280.000000,12.315835,5.001445
20.350774,-81.824400,-280.000000,12.378074,5.018803
20.870774,-81.824400,-280.000000,12.286319,4.940713
21.390774,-81.824400,-280.000000,12.174258,4.945950
21.910774,-81.824400,-280.000000,12.045012,4.960600
22.430774,-81.824400,-280.000000,12.621649,4.913121
22.950774,-81.824400,-280.000000,12.320857,4.964500
23.470774,-81.824400,-280.000000,12.388857,4.954880
23.990774,-81.824400,-280.000000,12.315560,5.078441
24.510774,-81.824400,-280.000000,12.532360,5.018653
25.030774,-81.824400,-280.000000,12.598047,4.992105
25.550774,-81.824400,-280.000000,12.491685,4.952322
26.070774,-81.824400,-280.000000,12.008269,4.909871
26.590774,-81.824400,-280.000000,12.392712,4.988050
27.110774,-81.824400,-280.000000,12.435304,4.970293
27.630774,-81.824400,-280.000000,12.358771,4.971041
28.150774,-81.824400,-280.000000,12.205523,4.952623
28.670774,-81.824400,-280.000000,12.344075,5.013165
29.190774,-81.824400,-280.000000,12.569232,5.003100
29.710774,-81.824400,-280.000000,12.658875,5.042811
30.230774,-81.824400,-280.000000,12.521891,5.063848
30.750774,-81.824400,-280.000000,12.397448,4.979870
31.270774,-81.824400,-280.000000,12.317520,4.975137
31.790774,-81.824400,-280.000000,12.249698,4.919903
32.310774,-81.824400,-280.000000,12.282321,5.008238
32.830774,-81.824400,-280.000000,12.311029,5.001092
33.350774,-81.824400,-280.000000,12.436476,5.028552
33.870774,-81.824400,-280.000000,12.363565,5.032050
34.390774,-81.824400,-280.000000,12.330028,5.000946
34.910774,-81.824400,-280.000000,12.239660,4.962963
35.430774,-81.824400,-280.000000,12.572124,5.033953
35.950774,-81.824400,-280.000000,12.246103,4.961780
36.470774,-81.824400,-280.000000,12.245787,5.027975
36.990774,-81.824400,-280.000000,12.382501,5.006613
37.510774,-81.824400,-280.000000,12.324383,5.022632
38.030774,-81.824400,-280.000000,12.329947,4.959059
38.550774,-81.824400,-280.000000,12.328358,5.011527
39.070774,-81.824400,-280.000000,12.233607,4.997846
39.590774,-81.824400,-280.000000,12.038854,4.982611
40.110774,-81.824400,-280.000000,12.251620,4.985803
40.630774,-81.824400,-280.000000,12.476089,5.061851
41.150774,-81.824400,-280.000000,12.354506,5.004262
41.670774,-81.824400,-280.000000,12.347861,5.036835
42.190774,-81.824400,-280.000000,12.082253,4.956948
42.710774,-81.824400,-280.000000,12.449635,4.945642
43.230774,-81.824400,-280.000000,12.099303,5.018649
43.750774,-81.824400,-280.000000,12.191062,5.018260
44.270774,-81.824400,-280.000000,12.335148,4.999437
44.790774,-81.824400,-280.000000,12.263201,4.999547
45.310774,-81.824400,-280.000000,12.282774,5.022648
45.830774,-81.824400,-280.000000,12.356203,5.021683
46.350774,-81.824400,-280.000000,12.295509,5.028369
46.870774,-81.824400,-280.000000,12.094755,5.020162
47.390774,-81.824400,-280.000000,12.153339,5.013141
47.910774,-81.824400,-280.000000,12.418909,5.046268
48.430774,-81.824400,-280.000000,12.219953,5.022655
48.950774,-81.824400,-280.000000,12.153776,4.967847
49.470774,-81.824400,-280.000000,12.135203,4.952878
49.990774,-81.824400,-280.000000,12.366195,4.976764
50.510774,-81.824400,-280.000000,12.328558,5.038602
51.030774,-81.824400,-280.000000,12.112918,5.021021
51.550774,-81.824400,-280.000000,12.286105,4.966806
52.070774,-81.824400,-280.000000,12.308844,4.953137
52.590774,-81.824400,-280.000000,12.392887,5.083823
53.110774,-81.824400,-280.000000,12.476947,5.019186
53.630774,-81.824400,-280.000000,12.296662,4.975267
54.150774,-81.824400,-280.000000,12.559443,5.063948
54.670774,-81.824400,-280.000000,12.491145,5.014331
55.190774,-81.824400,-280.000000,12.274375,4.999130
55.710774,-81.824400,-280.000000,12.416826,5.061797
56.230774,-81.824400,-280.000000,12.293226,5.021373
56.750774,-81.824400,-280.000000,12.237902,5.058639
57.270774,-81.824400,-280.000000,12.133117,5.020676
57.790774,-81.824400,-280.000000,12.037864,4.992070
58.310774,-81.824400,-280.000000,12.374885,5.039413
58.830774,-81.824400,-280.000000,12.171164,5.006202
59.350774,-81.824400,-280.000000,12.148416,5.003710
59.870774,-81.824400,-280.000000,11.951684,4.899898
60.390774,-81.824400,-280.000000,12.264616,5.005302
60.910774,-81.824400,-280.000000,12.355122,4.977853
61.430774,-81.824400,-280.000000,12.336879,5.029767
60.910774,-81.304400,-280.000000,12.272721,4.975529
13.590774,-82.344400,-279.000000,12.354909,4.786973
14.110774,-82.344400,-279.000000,12.360301,4.841829
14.630774,-82.344400,-279.000000,12.499819,4.853885
15.150774,-82.344400,-279.000000,12.395562,4.860833
15.670774,-82.344400,-279.000000,12.623858,4.928288
16.190774,-82.344400,-279.000000,12.332891,4.886636
16.710774,-82.344400,-279.000000,12.108154,4.900087
17.230774,-82.344400,-279.000000,12.346397,4.939050
17.750774,-82.344400,-279.000000,12.412903,4.967465
18.270774,-82.344400,-279.000000,12.304519,4.905858
18.790774,-82.344400,-279.000000,12.202363,4.935125
19.310774,-82.344400,-279.000000,12.268067,4.937007
19.830774,-82.344400,-279.000000,12.271399,4.938002
20.350774,-82.344400,-279.000000,12.353141,4.971919
20.870774,-82.344400,-279.000000,12.354821,5.025283
21.390774,-82.344400,-279.000000,12.252510,4.928824
21.910774,-82.344400,-279.000000,12.359870,5.017691
22.430774,-82.344400,-279.000000,12.186078,4.924983
22.950774,-82.344400,-279.000000,12.478503,5.009279
23.470774,-82.344400,-279.000000,12.370010,4.952214
23.990774,-82.344400,-279.000000,12.140475,4.939969
24.510774,-82.344400,-279.000000,12.377784,4.977188
25.030774,-82.344400,-279.000000,12.205218,4.957355
25.550774,-82.344400,-279.000000,12.315622,5.042920
26.070774,-82.344400,-279.000000,12.264620,5.011889
26.590774,-82.344400,-279.000000,12.118595,5.013005
27.110774,-82.344400,-279.000000,12.475315,5.013228
27.630774,-82.344400,-279.000000,12.463742,5.091011
28.150774,-82.344400,-279.000000,12.156257,4.898754
28.670774,-82.344400,-279.000000,12.129226,5.028079
29.190774,-82.344400,-279.000000,12.360033,5.054721
29.710774,-82.344400,-279.000000,12.492138,5.040180
30.230774,-82.344400,-279.000000,12.142303,4.958406
30.750774,-82.344400,-279.000000,12.387683,5.003654
31.270774,-82.344400,-279.000000,12.566410,5.036304
31.790774,-82.344400,-279.000000,12.246511,4.981769
32.310774,-82.344400,-279.000000,12.487221,5.028183
32.830774,-82.344400,-279.000000,12.193341,5.019119
33.350774,-82.344400,-279.000000,12.386832,5.055535
33.870774,-82.344400,-279.000000,12.281998,5.001219
34.390774,-82.344400,-279.000000,12.347526,4.956922
34.910774,-82.344400,-279.000000,12.350268,5.007675
35.430774,-82.344400,-279.000000,12.342860,5.066915
35.950774,-82.344400,-279.000000,12.196012,4.966660
36.470774,-82.344400,-279.000000,12.547816,4.999649
36.990774,-82.344400,-279.000000,12.200004,5.008711
37.510774,-82.344400,-279.000000,12.242506,5.006825
38.030774,-82.344400,-279.000000,12.195861,5.017009
38.550774,-82.344400,-279.000000,12.370208,5.013411
39.070774,-82.344400,-279.000000,12.075263,4.974733
39.590774,-82.344400,-279.000000,12.202065,4.980360
40.110774,-82.344400,-279.000000,12.296187,4.996770
40.630774,-82.344400,-279.000000,12.456222,4.986104
41.150774,-82.344400,-279.000000,12.530407,5.078821
41.670774,-82.344400,-279.000000,12.151884,4.969008
42.190774,-82.344400,-279.000000,12.484984,5.002857
42.710774,-82.344400,-279.000000,12.075753,4.991119
43.230774,-82.344400,-279.000000,12.364497,5.015825
43.750774,-82.344400,-279.000000,12.417617,5.005517
44.270774,-82.344400,-279.000000,12.272576,4.986076
44.790774,-82.344400,-279.000000,12.513050,5.024349
45.310774,-82.344400,-279.000000,12.138526,5.032385
45.830774,-82.344400,-279.000000,12.157359,4.934803
46.350774,-82.344400,-279.000000,12.296064,5.012059
46.870774,-82.344400,-279.000000,12.281993,5.041989
47.390774,-82.344400,-279.000000,12.280669,4.998913
47.910774,-82.344400,-279.000000,12.585883,5.042198
48.430774,-82.344400,-279.000000,12.240536,4.994546
48.950774,-82.344400,-279.000000,12.288956,4.981571
49.470774,-82.344400,-279.000000,12.200923,5.020662
49.990774,-82.344400,-279.000000,12.301743,4.994390
50.510774,-82.344400,-279.000000,12.220832,5.057001
51.030774,-82.344400,-279.000000,12.088082,5.033564
51.550774,-82.344400,-279.000000,12.176473,5.036835
52.070774,-82.344400,-279.000000,12.316154,5.003521
52.590774,-82.344400,-279.000000,12.389501,4.977284
53.110774,-82.344400,-279.000000,12.339797,4.991602
53.630774,-82.344400,-279.000000,12.362578,5.010532
54.150774,-82.344400,-279.000000,12.123952,5.019650
54.670774,-82.344400,-279.000000,11.941081,4.995294
55.190774,-82.344400,-279.000000,12.152844,5.007407
55.710774,-82.344400,-279.000000,12.219680,5.032250
56.230774,-82.344400,-279.000000,12.305469,4.999199
56.750774,-82.344400,-279.000000,12.105876,5.019734
57.270774,-82.344400,-279.000000,12.350345,5.018433
57.790774,-82.344400,-279.000000,12.272648,5.001031
58.310774,-82.344400,-279.000000,12.251462,5.000215
58.830774,-82.344400,-279.000000,12.408654,5.017084
59.350774,-82.344400,-279.000000,12.304216,5.022804
59.870774,-82.344400,-279.000000,12.224404,5.015399
60.390774,-82.344400,-279.000000,12.360826,4.983757
60.910774,-82.344400,-279.000000,12.307192,5.013867
61.430774,-82.344400,-279.000000,12.293689,4.979514
61.950774,-82.344400,-279.000000,12.360568,4.995035
62.470774,-82.344400,-279.000000,12.291839,4.979451
13.070774,-81.824400,-279.000000,12.378878,4.755136
13.590774,-81.824400,-279.000000,12.297303,4.818710
14.110774,-81.824400,-279.000000,12.400630,4.858959
14.630774,-81.824400,-279.000000,12.488555,4.864484
15.150774,-81.824400,-279.000000,12.382008,4.864984
15.670774,-81.824400,-279.000000,12.589403,4.930720
16.190774,-81.824400,-279.000000,12.354042,4.890167
16.710774,-81.824400,-279.000000,12.140926,4.905547
17.230774,-81.824400,-279.000000,12.349508,4.958923
17.750774,-81.824400,-279.000000,12.352339,4.962274
18.270774,-81.824400,-279.000000,12.285812,4.915059
18.790774,-81.824400,-279.000000,12.259532,4.952727
19.310774,-81.824400,-279.000000,12.313561,4.943331
19.830774,-81.824400,-279.000000,12.251772,4.949049
20.350774,-81.824400,-279.000000,12.404628,4.966347
20.870774,-81.824400,-279.000000,12.329964,5.023959
21.390774,-81.824400,-279.000000,12.268538,4.957480
21.910774,-81.824400,-279.000000,12.346515,5.012605
22.430774,-81.824400,-279.000000,12.257438,4.950373
22.950774,-81.824400,-279.000000,12.380664,4.983356
23.470774,-81.824400,-279.000000,12.369617,4.978631
23.990774,-81.824400,-279.000000,12.089847,4.922670
24.510774,-81.824400,-279.000000,12.385376,4.980291
25.030774,-81.824400,-279.000000,12.168399,4.958793
25.550774,-81.824400,-279.000000,12.299026,5.029137
26.070774,-81.824400,-279.000000,12.340610,5.030967
26.590774,-81.824400,-279.000000,12.091471,5.030604
27.110774,-81.824400,-279.000000,12.475859,5.006979
27.630774,-81.824400,-279.000000,12.426222,5.097062
28.150774,-81.824400,-279.000000,12.122377,4.908186
28.670774,-81.824400,-279.000000,12.074142,5.035855
29.190774,-81.824400,-279.000000,12.355330,5.046716
29.710774,-81.824400,-279.000000,12.514857,5.058882
30.230774,-81.824400,-279.000000,12.148559,4.951062
30.750774,-81.824400,-279.000000,12.415114,5.029216
31.270774,-81.824400,-279.000000,12.553438,5.047209
31.790774,-81.824400,-279.000000,12.160548,4.974114
32.310774,-81.824400,-279.000000,12.498994,5.058313
32.830774,-81.824400,-279.000000,12.202552,5.003866
33.350774,-81.824400,-279.000000,12.321982,5.054455
33.870774,-81.824400,-279.000000,12.383188,5.009832
34.390774,-81.824400,-279.000000,12.282367,4.957472
34.910774,-81.824400,-279.000000,12.367488,5.020306
35.430774,-81.824400,-279.000000,12.337489,5.064789
35.950774,-81.824400,-279.000000,12.282408,4.976241
36.470774,-81.824400,-279.000000,12.447855,5.019856
36.990774,-81.824400,-279.000000,12.191327,5.022193
37.510774,-81.824400,-279.000000,12.217083,5.005820
38.030774,-81.824400,-279.000000,12.281348,5.028841
38.550774,-81.824400,-279.000000,12.334493,5.007001
39.070774,-81.824400,-279.000000,12.068000,4.990592
39.590774,-81.824400,-279.000000,12.227527,4.963293
40.110774,-81.824400,-279.000000,12.313744,4.996319
40.630774,-81.824400,-279.000000,12.518163,5.014975
41.150774,-81.824400,-279.000000,12.363580,5.052301
41.670774,-81.824400,-279.000000,12.129844,4.988259
42.190774,-81.824400,-279.000000,12.437532,5.007316
42.710774,-81.824400,-279.000000,12.136474,5.025997
43.230774,-81.824400,-279.000000,12.324576,5.022961
43.750774,-81.824400,-279.000000,12.398706,4.998619
44.270774,-81.824400,-279.000000,12.266862,5.009915
44.790774,-81.824400,-279.000000,12.451313,5.009452
45.310774,-81.824400,-279.000000,12.125426,5.054336
45.830774,-81.824400,-279.000000,12.129915,4.948126
46.350774,-81.824400,-279.000000,12.251613,5.020752
46.870774,-81.824400,-279.000000,12.301054,5.037750
47.390774,-81.824400,-279.000000,12.284125,5.010595
47.910774,-81.824400,-279.000000,12.585177,5.045840
48.430774,-81.824400,-279.000000,12.128791,4.993664
48.950774,-81.824400,-279.000000,12.277596,4.961228
49.470774,-81.824400,-279.000000,12.136508,5.024024
49.990774,-81.824400,-279.000000,12.364977,5.017894
50.510774,-81.824400,-279.000000,12.187259,5.038498
51.030774,-81.824400,-279.000000,12.235431,5.036342
51.550774,-81.824400,-279.000000,12.080871,5.037997
52.070774,-81.824400,-279.000000,12.223508,5.012006
52.590774,-81.824400,-279.000000,12.459861,4.985132
53.110774,-81.824400,-279.000000,12.299332,5.007777
53.630774,-81.824400,-279.000000,12.340351,5.009754
54.150774,-81.824400,-279.000000,12.088091,5.016877
54.670774,-81.824400,-279.000000,12.003459,5.017932
55.190774,-81.824400,-279.000000,12.243649,5.011817
55.710774,-81.824400,-279.000000,12.152599,5.026660
56.230774,-81.824400,-279.000000,12.315049,5.010752
56.750774,-81.824400,-279.000000,12.136651,5.033502
57.270774,-81.824400,-279.000000,12.306059,5.009119
57.790774,-81.824400,-279.000000,12.294423,5.006941
58.310774,-81.824400,-279.000000,12.278890,5.014739
58.830774,-81.824400,-279.000000,12.426038,5.001154
59.350774,-81.824400,-279.000000,12.265212,5.020401
59.870774,-81.824400,-279.000000,12.248992,5.035185
60.390774,-81.824400,-279.000000,12.269189,4.983913
60.910774,-81.824400,-279.000000,12.328717,5.008340
61.430774,-81.824400,-279.000000,12.290580,4.983846
61.950774,-81.824400,-279.000000,12.308284,5.003611
62.470774,-81.824400,-279.000000,12.269069,4.988277
62.990774,-81.824400,-279.000000,12.405751,4.988605
61.430774,-81.304400,-279.000000,12.244449,4.969640
13.590774,-82.344400,-278.000000,12.396014,4.793010
14.110774,-82.344400,-278.000000,12.362586,4.833411
14.630774,-82.344400,-278.000000,12.561000,4.912079
15.150774,-82.344400,-278.000000,12.176581,4.855677
15.670774,-82.344400,-278.000000,12.376848,4.869692
16.190774,-82.344400,-278.000000,12.423478,4.929483
16.710774,-82.344400,-278.000000,12.316257,4.855678
17.230774,-82.344400,-278.000000,12.496975,4.902652
17.750774,-82.344400,-278.000000,12.650002,4.969115
18.270774,-82.344400,-278.000000,12.253572,4.939774
18.790774,-82.344400,-278.000000,12.254358,4.983358
19.310774,-82.344400,-278.000000,12.436455,4.971484
19.830774,-82.344400,-278.000000,12.394063,4.973877
20.350774,-82.344400,-278.000000,12.387042,4.901009
20.870774,-82.344400,-278.000000,12.266585,4.961490
21.390774,-82.344400,-278.000000,12.293108,4.924757
21.910774,-82.344400,-278.000000,12.268059,4.968429
22.430774,-82.344400,-278.000000,12.405799,4.961387
22.950774,-82.344400,-278.000000,12.143732,4.946756
23.470774,-82.344400,-278.000000,12.244758,4.929925
23.990774,-82.344400,-278.000000,12.528212,4.967100
24.510774,-82.344400,-278.000000,12.471175,5.050842
25.030774,-82.344400,-278.000000,12.469258,5.037300
25.550774,-82.344400,-278.000000,12.263829,4.987966
26.070774,-82.344400,-278.000000,12.187347,4.948825
26.590774,-82.344400,-278.000000,12.276217,5.033185
27.110774,-82.344400,-278.000000,12.310120,4.980904
27.630774,-82.344400,-278.000000,12.434504,4.990915
28.150774,-82.344400,-278.000000,12.428599,5.039473
28.670774,-82.344400,-278.000000,12.343209,5.054921
29.190774,-82.344400,-278.000000,12.468747,5.023079
29.710774,-82.344400,-278.000000,12.495746,4.998521
30.230774,-82.344400,-278.000000,12.197301,4.979964
30.750774,-82.344400,-278.000000,12.287774,4.957162
31.270774,-82.344400,-278.000000,12.263500,5.032002
31.790774,-82.344400,-278.000000,12.320075,5.020523
32.310774,-82.344400,-278.000000,12.111841,5.037572
32.830774,-82.344400,-278.000000,12.242353,4.980124
33.350774,-82.344400,-278.000000,12.389236,4.987376
33.870774,-82.344400,-278.000000,12.223060,5.012537
34.390774,-82.344400,-278.000000,12.344974,4.980053
34.910774,-82.344400,-278.000000,12.186908,4.967047
35.430774,-82.344400,-278.000000,12.469637,5.061421
35.950774,-82.344400,-278.000000,12.457580,5.029250
36.470774,-82.344400,-278.000000,12.702033,5.065613
36.990774,-82.344400,-278.000000,12.429006,5.049015
37.510774,-82.344400,-278.000000,12.346346,5.027007
38.030774,-82.344400,-278.000000,12.270352,5.020648
38.550774,-82.344400,-278.000000,12.370231,5.015599
39.070774,-82.344400,-278.000000,12.330620,5.038112
39.590774,-82.344400,-278.000000,12.221568,5.029050
40.110774,-82.344400,-278.000000,12.510651,5.029578
40.630774,-82.344400,-278.000000,12.491555,5.042877
41.150774,-82.344400,-278.000000,12.171431,5.023658
41.670774,-82.344400,-278.000000,12.343979,5.000324
42.190774,-82.344400,-278.000000,12.314911,4.942590
42.710774,-82.344400,-278.000000,12.404185,4.981047
43.230774,-82.344400,-278.000000,12.447852,5.057917
43.750774,-82.344400,-278.000000,12.418891,4.978991
44.270774,-82.344400,-278.000000,12.255973,5.011729
44.790774,-82.344400,-278.000000,12.221387,5.023386
45.310774,-82.344400,-278.000000,12.478241,5.063924
45.830774,-82.344400,-278.000000,12.385392,4.965394
46.350774,-82.344400,-278.000000,12.391601,5.052999
46.870774,-82.344400,-278.000000,12.167620,5.049270
47.390774,-82.344400,-278.000000,12.514319,5.077693
47.910774,-82.344400,-278.000000,12.383361,5.060445
48.430774,-82.344400,-278.000000,12.244529,5.065585
48.950774,-82.344400,-278.000000,12.382636,5.044432
49.470774,-82.344400,-278.000000,12.209121,5.003165
49.990774,-82.344400,-278.000000,12.281179,4.983465
50.510774,-82.344400,-278.000000,12.408704,5.091782
51.030774,-82.344400,-278.000000,12.459121,4.997387
51.550774,-82.344400,-278.000000,12.373576,5.035785
52.070774,-82.344400,-278.000000,12.497417,5.063816
52.590774,-82.344400,-278.000000,12.279914,5.063086
53.110774,-82.344400,-278.000000,12.315339,5.025093
53.630774,-82.344400,-278.000000,12.315950,5.042914
54.150774,-82.344400,-278.000000,12.348287,5.010985
54.670774,-82.344400,-278.000000,12.449794,5.034711
55.190774,-82.344400,-278.000000,12.019792,5.005188
55.710774,-82.344400,-278.000000,12.228225,5.023247
56.230774,-82.344400,-278.000000,12.318508,5.037135
56.750774,-82.344400,-278.000000,12.104304,4.999804
57.270774,-82.344400,-278.000000,12.220205,5.050132
57.790774,-82.344400,-278.000000,12.557832,5.037970
58.310774,-82.344400,-278.000000,12.529107,5.084836
58.830774,-82.344400,-278.000000,12.266567,4.992673
59.350774,-82.344400,-278.000000,12.263751,4.999809
59.870774,-82.344400,-278.000000,12.283145,5.018133
60.390774,-82.344400,-278.000000,12.266015,5.042342
60.910774,-82.344400,-278.000000,12.495012,5.036235
61.430774,-82.344400,-278.000000,12.386794,5.017570
61.950774,-82.344400,-278.000000,12.352885,4.938280
62.470774,-82.344400,-278.000000,12.267158,5.032350
62.990774,-82.344400,-278.000000,12.637892,5.090408
63.510774,-82.344400,-278.000000,12.385058,5.042116
64.030774,-82.344400,-278.000000,12.321087,5.006061
13.070774,-81.824400,-278.000000,12.269422,4.808960
13.590774,-81.824400,-278.000000,12.327307,4.794463
14.110774,-81.824400,-278.000000,12.359012,4.846409
14.630774,-81.824400,-278.000000,12.587519,4.908587
15.150774,-81.824400,-278.000000,12.172047,4.864126
15.670774,-81.824400,-278.000000,12.343825,4.875118
16.190774,-81.824400,-278.000000,12.365413,4.903276
16.710774,-81.824400,-278.000000,12.297256,4.864001
17.230774,-81.824400,-278.000000,12.492672,4.903451
17.750774,-81.824400,-278.000000,12.686992,4.973169
18.270774,-81.824400,-278.000000,12.252830,4.954623
18.790774,-81.824400,-278.000000,12.165627,4.959057
19.310774,-81.824400,-278.000000,12.447214,4.989161
19.830774,-81.824400,-278.000000,12.301970,4.964810
20.350774,-81.824400,-278.000000,12.336814,4.885931
20.870774,-81.824400,-278.000000,12.261030,4.967257
21.390774,-81.824400,-278.000000,12.320842,4.929370
21.910774,-81.824400,-278.000000,12.254969,5.000348
22.430774,-81.824400,-278.000000,12.398612,4.963348
22.950774,-81.824400,-278.000000,12.123756,4.949573
23.470774,-81.824400,-278.000000,12.221106,4.922716
23.990774,-81.824400,-278.000000,12.619777,4.986191
24.510774,-81.824400,-278.000000,12.425599,5.062886
25.030774,-81.824400,-278.000000,12.421942,5.040641
25.550774,-81.824400,-278.000000,12.268274,4.996048
26.070774,-81.824400,-278.000000,12.124310,4.965275
26.590774,-81.824400,-278.000000,12.248096,5.019635
27.110774,-81.824400,-278.000000,12.310093,5.008991
27.630774,-81.824400,-278.000000,12.437089,4.993001
28.150774,-81.824400,-278.000000,12.417010,5.047349
28.670774,-81.824400,-278.000000,12.317225,5.035733
29.190774,-81.824400,-278.000000,12.440104,5.026885
29.710774,-81.824400,-278.000000,12.426688,4.985663
30.230774,-81.824400,-278.000000,12.181740,4.979071
30.750774,-81.824400,-278.000000,12.310871,4.974823
31.270774,-81.824400,-278.000000,12.283670,5.028223
31.790774,-81.824400,-278.000000,12.360522,5.013624
32.310774,-81.824400,-278.000000,12.089072,5.040207
32.830774,-81.824400,-278.000000,12.243876,4.987797
33.350774,-81.824400,-278.000000,12.423461,5.015235
33.870774,-81.824400,-278.000000,12.163312,4.996907
34.390774,-81.824400,-278.000000,12.392686,4.986831
34.910774,-81.824400,-278.000000,12.161614,4.960705
35.430774,-81.824400,-278.000000,12.478809,5.047900
35.950774,-81.824400,-278.000000,12.437296,5.023141
36.470774,-81.824400,-278.000000,12.704137,5.060912
36.990774,-81.824400,-278.000000,12.458835,5.046733
37.510774,-81.824400,-278.000000,12.224992,5.024208
38.030774,-81.824400,-278.000000,12.204081,5.027823
38.550774,-81.824400,-278.000000,12.355884,5.023706
39.070774,-81.824400,-278.000000,12.287739,5.058617
39.590774,-81.824400,-278.000000,12.155784,5.033511
40.110774,-81.824400,-278.000000,12.529376,5.046427
40.630774,-81.824400,-278.000000,12.406294,5.036547
41.150774,-81.824400,-278.000000,12.223419,5.026509
41.670774,-81.824400,-278.000000,12.371089,5.017507
42.190774,-81.824400,-278.000000,12.330330,4.968957
42.710774,-81.824400,-278.000000,12.368884,4.974951
43.230774,-81.824400,-278.000000,12.420497,5.046928
43.750774,-81.824400,-278.000000,12.416621,4.996974
44.270774,-81.824400,-278.000000,12.338455,5.025411
44.790774,-81.824400,-278.000000,12.179729,5.025344
45.310774,-81.824400,-278.000000,12.413751,5.036391
45.830774,-81.824400,-278.000000,12.439535,4.986837
46.350774,-81.824400,-278.000000,12.375884,5.057752
46.870774,-81.824400,-278.000000,12.141438,5.069002
47.390774,-81.824400,-278.000000,12.508265,5.079809
47.910774,-81.824400,-278.000000,12.265282,5.072157
48.430774,-81.824400,-278.000000,12.305443,5.063497
48.950774,-81.824400,-278.000000,12.317028,5.052011
49.470774,-81.824400,-278.000000,12.182119,5.012479
49.990774,-81.824400,-278.000000,12.224739,4.989864
50.510774,-81.824400,-278.000000,12.445391,5.095117
51.030774,-81.824400,-278.000000,12.469937,5.021854
51.550774,-81.824400,-278.000000,12.346595,5.044784
52.070774,-81.824400,-278.000000,12.452759,5.058928
52.590774,-81.824400,-278.000000,12.346741,5.068917
53.110774,-81.824400,-278.000000,12.352012,5.043173
53.630774,-81.824400,-278.000000,12.285748,5.039499
54.150774,-81.824400,-278.000000,12.316352,5.012167
54.670774,-81.824400,-278.000000,12.424065,5.047392
55.190774,-81.824400,-278.000000,12.055777,5.018318
55.710774,-81.824400,-278.000000,12.219997,5.008626
56.230774,-81.824400,-278.000000,12.356745,5.049833
56.750774,-81.824400,-278.000000,12.131545,4.999681
57.270774,-81.824400,-278.000000,12.198075,5.073417
57.790774,-81.824400,-278.000000,12.556464,5.056418
58.310774,-81.824400,-278.000000,12.505415,5.063860
58.830774,-81.824400,-278.000000,12.257323,5.011399
59.350774,-81.824400,-278.000000,12.164625,4.999488
59.870774,-81.824400,-278.000000,12.318986,5.028430
60.390774,-81.824400,-278.000000,12.234686,5.049061
60.910774,-81.824400,-278.000000,12.412105,5.029842
61.430774,-81.824400,-278.000000,12.408359,5.021014
61.950774,-81.824400,-278.000000,12.333365,4.958893
62.470774,-81.824400,-278.000000,12.281447,5.038374
62.990774,-81.824400,-278.000000,12.643443,5.081439
63.510774,-81.824400,-278.000000,12.342390,5.024168
64.030774,-81.824400,-278.000000,12.361754,5.001756
64.550774,-81.824400,-278.000000,12.362586,5.026636
65.070774,-81.824400,-278.000000,12.416467,5.033778
63.510774,-81.304400,-278.000000,12.349563,5.038182
13.590774,-82.344400,-277.000000,12.210068,4.766068
14.110774,-82.344400,-277.000000,12.332778,4.860269
14.630774,-82.344400,-277.000000,12.501226,4.835775
15.150774,-82.344400,-277.000000,12.266402,4.807945
15.670774,-82.344400,-277.000000,12.429566,4.864567
16.190774,-82.344400,-277.000000,12.174543,4.862562
16.710774,-82.344400,-277.000000,12.371521,5.002658
17.230774,-82.344400,-277.000000,12.675616,4.962983
17.750774,-82.344400,-277.000000,12.593658,4.928337
18.270774,-82.344400,-277.000000,12.223674,4.950605
18.790774,-82.344400,-277.000000,12.484655,4.977428
19.310774,-82.344400,-277.000000,12.501848,4.957043
19.830774,-82.344400,-277.000000,12.578055,4.989771
20.350774,-82.344400,-277.000000,12.302893,4.921851
20.870774,-82.344400,-277.000000,12.555487,4.946487
21.390774,-82.344400,-277.000000,12.280078,4.965746
21.910774,-82.344400,-277.000000,12.389421,4.992648
22.430774,-82.344400,-277.000000,12.334186,5.036306
22.950774,-82.344400,-277.000000,12.306514,4.908298
23.470774,-82.344400,-277.000000,12.419447,5.020025
23.990774,-82.344400,-277.000000,12.079402,4.952354
24.510774,-82.344400,-277.000000,12.381145,5.017967
25.030774,-82.344400,-277.000000,12.433041,5.026867
25.550774,-82.344400,-277.000000,12.454514,4.981710
26.070774,-82.344400,-277.000000,12.435386,5.028414
26.590774,-82.344400,-277.000000,12.294276,4.982129
27.110774,-82.344400,-277.000000,12.206462,5.001899
27.630774,-82.344400,-277.000000,12.194201,4.994404
28.150774,-82.344400,-277.000000,12.213945,4.944932
28.670774,-82.344400,-277.000000,12.422988,4.961932
29.190774,-82.344400,-277.000000,12.316492,5.029678
29.710774,-82.344400,-277.000000,12.264015,5.014688
30.230774,-82.344400,-277.000000,12.406019,4.942313
30.750774,-82.344400,-277.000000,12.458364,5.000922
31.270774,-82.344400,-277.000000,12.306258,5.005910
31.790774,-82.344400,-277.000000,12.200477,4.973519
32.310774,-82.344400,-277.000000,12.496333,4.994699
32.830774,-82.344400,-277.000000,12.509469,5.081765
33.350774,-82.344400,-277.000000,12.498303,5.039178
33.870774,-82.344400,-277.000000,12.389098,5.019866
34.390774,-82.344400,-277.000000,12.171641,5.031063
34.910774,-82.344400,-277.000000,12.314007,4.997080
35.430774,-82.344400,-277.000000,12.286780,4.964439
35.950774,-82.344400,-277.000000,12.425176,5.035005
36.470774,-82.344400,-277.000000,12.445312,5.022104
36.990774,-82.344400,-277.000000,12.456283,4.984683
37.510774,-82.344400,-277.000000,12.204577,5.014620
38.030774,-82.344400,-277.000000,12.321042,5.026624
38.550774,-82.344400,-277.000000,12.070528,4.954543
39.070774,-82.344400,-277.000000,12.241110,4.996794
39.590774,-82.344400,-277.000000,12.469253,5.021466
40.110774,-82.344400,-277.000000,12.269559,4.978043
40.630774,-82.344400,-277.000000,12.223720,5.033400
41.150774,-82.344400,-277.000000,12.325592,5.017863
41.670774,-82.344400,-277.000000,12.382983,5.021588
42.190774,-82.344400,-277.000000,12.541271,5.047602
42.710774,-82.344400,-277.000000,12.431281,5.010522
43.230774,-82.344400,-277.000000,12.266163,4.958366
43.750774,-82.344400,-277.000000,12.486761,5.058407
44.270774,-82.344400,-277.000000,12.230594,5.012081
44.790774,-82.344400,-277.000000,12.368677,4.967430
45.310774,-82.344400,-277.000000,12.497264,5.063856
45.830774,-82.344400,-277.000000,12.507256,5.032850
46.350774,-82.344400,-277.000000,12.334567,4.946136
46.870774,-82.344400,-277.000000,12.287223,5.025150
47.390774,-82.344400,-277.000000,12.352012,5.051108
47.910774,-82.344400,-277.000000,12.386285,5.012866
48.430774,-82.344400,-277.000000,12.417611,5.027430
48.950774,-82.344400,-277.000000,12.168429,5.036140
49.470774,-82.344400,-277.000000,12.313993,5.092911
49.990774,-82.344400,-277.000000,12.159456,5.039479
50.510774,-82.344400,-277.000000,12.286713,5.017111
51.030774,-82.344400,-277.000000,12.458706,5.065295
51.550774,-82.344400,-277.000000,12.304265,4.983808
52.070774,-82.344400,-277.000000,12.350131,5.006930
52.590774,-82.344400,-277.000000,12.325651,5.033385
53.110774,-82.344400,-277.000000,12.430556,5.011991
53.630774,-82.344400,-277.000000,12.053561,4.970370
54.150774,-82.344400,-277.000000,12.474174,5.034962
54.670774,-82.344400,-277.000000,12.372128,5.052982
55.190774,-82.344400,-277.000000,12.708739,5.074621
55.710774,-82.344400,-277.000000,12.530219,5.037240
56.230774,-82.344400,-277.000000,12.364422,5.025918
56.750774,-82.344400,-277.000000,12.214660,5.020851
57.270774,-82.344400,-277.000000,12.154641,4.982654
57.790774,-82.344400,-277.000000,12.401369,5.036155
58.310774,-82.344400,-277.000000,12.324835,5.050697
58.830774,-82.344400,-277.000000,12.251571,4.976281
59.350774,-82.344400,-277.000000,12.290697,5.037999
59.870774,-82.344400,-277.000000,12.382983,4.994136
60.390774,-82.344400,-277.000000,12.181444,5.029474
60.910774,-82.344400,-277.000000,12.292893,4.995193
61.430774,-82.344400,-277.000000,12.412873,5.029355
61.950774,-82.344400,-277.000000,12.442228,4.969966
62.470774,-82.344400,-277.000000,12.249766,4.999202
62.990774,-82.344400,-277.000000,12.434256,5.019057
63.510774,-82.344400,-277.000000,12.378074,5.036217
64.030774,-82.344400,-277.000000,12.211982,5.050177
64.550774,-82.344400,-277.000000,12.361986,4.993529
65.070774,-82.344400,-277.000000,12.361686,4.996431
65.590774,-82.344400,-277.000000,12.192790,4.981351
66.110774,-82.344400,-277.000000,12.378383,5.068589
13.070774,-81.824400,-277.000000,12.157056,4.857294
13.590774,-81.824400,-277.000000,12.219314,4.768606
14.110774,-81.824400,-277.000000,12.326194,4.870911
14.630774,-81.824400,-277.000000,12.476966,4.844004
15.150774,-81.824400,-277.000000,12.283360,4.800635
15.670774,-81.824400,-277.000000,12.410276,4.889882
16.190774,-81.824400,-277.000000,12.178591,4.861176
16.710774,-81.824400,-277.000000,12.412769,5.009982
17.230774,-81.824400,-277.000000,12.605117,4.966770
17.750774,-81.824400,-277.000000,12.518648,4.930942
18.270774,-81.824400,-277.000000,12.253845,4.991150
18.790774,-81.824400,-277.000000,12.478529,4.989295
19.310774,-81.824400,-277.000000,12.391352,4.944112
19.830774,-81.824400,-277.000000,12.517299,5.004664
20.350774,-81.824400,-277.000000,12.292782,4.935321
20.870774,-81.824400,-277.000000,12.498946,4.942290
21.390774,-81.824400,-277.000000,12.274638,4.961023
21.910774,-81.824400,-277.000000,12.404587,5.004495
22.430774,-81.824400,-277.000000,12.347388,5.044804
22.950774,-81.824400,-277.000000,12.268830,4.917530
23.470774,-81.824400,-277.000000,12.425311,5.028453
23.990774,-81.824400,-277.000000,12.075467,4.965165
24.510774,-81.824400,-277.000000,12.438518,5.002078
25.030774,-81.824400,-277.000000,12.455326,5.040491
25.550774,-81.824400,-277.000000,12.383408,4.984172
26.070774,-81.824400,-277.000000,12.433932,5.037493
26.590774,-81.824400,-277.000000,12.337196,4.984628
27.110774,-81.824400,-277.000000,12.202374,5.018321
27.630774,-81.824400,-277.000000,12.217412,5.006978
28.150774,-81.824400,-277.000000,12.158416,4.949708
28.670774,-81.824400,-277.000000,12.462953,4.968466
29.190774,-81.824400,-277.000000,12.195069,5.017844
29.710774,-81.824400,-277.000000,12.354219,5.039145
30.230774,-81.824400,-277.000000,12.316459,4.950106
30.750774,-81.824400,-277.000000,12.465146,4.996012
31.270774,-81.824400,-277.000000,12.369830,5.008241
31.790774,-81.824400,-277.000000,12.162441,4.967180
32.310774,-81.824400,-277.000000,12.433571,4.998724
32.830774,-81.824400,-277.000000,12.499133,5.097148
33.350774,-81.824400,-277.000000,12.464131,5.029383
33.870774,-81.824400,-277.000000,12.434590,5.034677
34.390774,-81.824400,-277.000000,12.123396,5.021877
34.910774,-81.824400,-277.000000,12.371350,5.024594
35.430774,-81.824400,-277.000000,12.250916,4.972297
35.950774,-81.824400,-277.000000,12.391555,5.058657
36.470774,-81.824400,-277.000000,12.401668,5.017820
36.990774,-81.824400,-277.000000,12.460855,4.996528
37.510774,-81.824400,-277.000000,12.218340,5.018899
38.030774,-81.824400,-277.000000,12.297469,5.014286
38.550774,-81.824400,-277.000000,12.109480,4.973086
39.070774,-81.824400,-277.000000,12.249168,5.002164
39.590774,-81.824400,-277.000000,12.402732,5.014180
40.110774,-81.824400,-277.000000,12.281764,4.983516
40.630774,-81.824400,-277.000000,12.205609,5.043369
41.150774,-81.824400,-277.000000,12.372487,5.030451
41.670774,-81.824400,-277.000000,12.361310,5.039671
42.190774,-81.824400,-277.000000,12.532817,5.038690
42.710774,-81.824400,-277.000000,12.329217,5.017868
43.230774,-81.824400,-277.000000,12.262667,4.965525
43.750774,-81.824400,-277.000000,12.496057,5.047965
44.270774,-81.824400,-277.000000,12.180999,5.014189
44.790774,-81.824400,-277.000000,12.392476,4.965583
45.310774,-81.824400,-277.000000,12.430136,5.092792
45.830774,-81.824400,-277.000000,12.409328,5.013468
46.350774,-81.824400,-277.000000,12.326275,4.953197
46.870774,-81.824400,-277.000000,12.251793,5.025404
47.390774,-81.824400,-277.000000,12.381362,5.047818
47.910774,-81.824400,-277.000000,12.324024,5.017190
48.430774,-81.824400,-277.000000,12.450290,5.037600
48.950774,-81.824400,-277.000000,12.283539,5.030009
49.470774,-81.824400,-277.000000,12.291493,5.096285
49.990774,-81.824400,-277.000000,12.201094,5.049417
50.510774,-81.824400,-277.000000,12.178544,5.026124
51.030774,-81.824400,-277.000000,12.446814,5.063052
51.550774,-81.824400,-277.000000,12.256359,4.982859
52.070774,-81.824400,-277.000000,12.361383,5.012304
52.590774,-81.824400,-277.000000,12.319237,5.043211
53.110774,-81.824400,-277.000000,12.443332,5.011586
53.630774,-81.824400,-277.000000,12.044370,4.974980
54.150774,-81.824400,-277.000000,12.399158,5.022256
54.670774,-81.824400,-277.000000,12.401251,5.060236
55.190774,-81.824400,-277.000000,12.652820,5.070274
55.710774,-81.824400,-277.000000,12.455386,5.027496
56.230774,-81.824400,-277.000000,12.405723,5.044183
56.750774,-81.824400,-277.000000,12.143537,5.025418
57.270774,-81.824400,-277.000000,12.019612,4.955519
57.790774,-81.824400,-277.000000,12.380433,5.037778
58.310774,-81.824400,-277.000000,12.328968,5.077345
58.830774,-81.824400,-277.000000,12.235658,4.988986
59.350774,-81.824400,-277.000000,12.313994,5.021009
59.870774,-81.824400,-277.000000,12.359534,5.013448
60.390774,-81.824400,-277.000000,12.261207,5.035214
60.910774,-81.824400,-277.000000,12.253741,4.992009
61.430774,-81.824400,-277.000000,12.492765,5.053801
61.950774,-81.824400,-277.000000,12.409328,4.972607
62.470774,-81.824400,-277.000000,12.219304,4.995147
62.990774,-81.824400,-277.000000,12.382428,5.037040
63.510774,-81.824400,-277.000000,12.408515,5.028531
64.030774,-81.824400,-277.000000,12.303824,5.085400
64.550774,-81.824400,-277.000000,12.306083,4.983556
65.070774,-81.824400,-277.000000,12.366469,5.010715
65.590774,-81.824400,-277.000000,12.113805,4.968421
66.110774,-81.824400,-277.000000,12.308543,5.066256
66.630774,-81.824400,-277.000000,12.271654,4.974478
66.110774,-81.304400,-277.000000,12.231372,5.061864
13.590774,-82.344400,-276.000000,12.356120,4.801109
14.110774,-82.344400,-276.000000,12.264657,4.801493
14.630774,-82.344400,-276.000000,12.409495,4.833769
15.150774,-82.344400,-276.000000,12.174850,4.820535
15.670774,-82.344400,-276.000000,12.239496,4.856166
16.190774,-82.344400,-276.000000,12.313239,4.905918
16.710774,-82.344400,-276.000000,12.509233,4.952681
17.230774,-82.344400,-276.000000,12.220808,4.928903
17.750774,-82.344400,-276.000000,12.459755,4.957808
18.270774,-82.344400,-276.000000,12.207275,4.956310
18.790774,-82.344400,-276.000000,12.355332,4.936198
19.310774,-82.344400,-276.000000,12.340832,4.923318
19.830774,-82.344400,-276.000000,12.233854,4.965768
20.350774,-82.344400,-276.000000,12.524406,4.990561
20.870774,-82.344400,-276.000000,12.455882,4.938787
21.390774,-82.344400,-276.000000,12.312663,4.965774
21.910774,-82.344400,-276.000000,12.357360,4.956864
22.430774,-82.344400,-276.000000,12.424259,4.949148
22.950774,-82.344400,-276.000000,12.486720,5.017315
23.470774,-82.344400,-276.000000,12.446926,4.987827
23.990774,-82.344400,-276.000000,12.375946,4.981366
24.510774,-82.344400,-276.000000,12.677310,5.021389
25.030774,-82.344400,-276.000000,12.325107,4.980507
25.550774,-82.344400,-276.000000,12.404533,4.992642
26.070774,-82.344400,-276.000000,12.457259,5.024038
26.590774,-82.344400,-276.000000,12.643617,4.998495
27.110774,-82.344400,-276.000000,12.216461,5.030046
27.630774,-82.344400,-276.000000,12.203773,4.963497
28.150774,-82.344400,-276.000000,12.526306,5.003998
28.670774,-82.344400,-276.000000,12.180573,5.023691
29.190774,-82.344400,-276.000000,12.217050,4.983026
29.710774,-82.344400,-276.000000,12.317129,5.080554
30.230774,-82.344400,-276.000000,11.931217,4.964005
30.750774,-82.344400,-276.000000,12.430192,5.060623
31.270774,-82.344400,-276.000000,12.508475,5.057557
31.790774,-82.344400,-276.000000,12.235717,4.963025
32.310774,-82.344400,-276.000000,12.335396,4.993805
32.830774,-82.344400,-276.000000,12.470443,5.062041
33.350774,-82.344400,-276.000000,12.190877,5.042713
33.870774,-82.344400,-276.000000,12.238747,5.007819
34.390774,-82.344400,-276.000000,12.345840,5.032962
34.910774,-82.344400,-276.000000,12.254603,5.023578
35.430774,-82.344400,-276.000000,12.413267,5.051859
35.950774,-82.344400,-276.000000,12.235839,4.996474
36.470774,-82.344400,-276.000000,12.294917,5.036675
36.990774,-82.344400,-276.000000,12.303492,4.994821
37.510774,-82.344400,-276.000000,12.607337,5.090934
38.030774,-82.344400,-276.000000,12.207145,4.940361
38.550774,-82.344400,-276.000000,12.291512,5.060021
39.070774,-82.344400,-276.000000,12.337197,4.968550
39.590774,-82.344400,-276.000000,12.290976,4.999466
40.110774,-82.344400,-276.000000,12.490297,5.073738
40.630774,-82.344400,-276.000000,12.403033,5.004813
41.150774,-82.344400,-276.000000,12.300611,4.993765
41.670774,-82.344400,-276.000000,12.377997,5.018766
42.190774,-82.344400,-276.000000,12.369235,5.075951
42.710774,-82.344400,-276.000000,12.220786,4.990750
43.230774,-82.344400,-276.000000,12.334721,5.020703
43.750774,-82.344400,-276.000000,12.408361,5.055213
44.270774,-82.344400,-276.000000,12.489830,5.051040
44.790774,-82.344400,-276.000000,12.227151,4.991902
45.310774,-82.344400,-276.000000,12.416918,4.984049
45.830774,-82.344400,-276.000000,12.460515,5.065928
46.350774,-82.344400,-276.000000,12.505722,5.069194
46.870774,-82.344400,-276.000000,12.208250,4.973555
47.390774,-82.344400,-276.000000,12.131785,4.960981
47.910774,-82.344400,-276.000000,12.144034,5.064368
48.430774,-82.344400,-276.000000,12.368987,5.012719
48.950774,-82.344400,-276.000000,12.417909,5.044595
49.470774,-82.344400,-276.000000,12.294904,5.007202
49.990774,-82.344400,-276.000000,12.389044,4.974304
50.510774,-82.344400,-276.000000,12.537845,5.030787
51.030774,-82.344400,-276.000000,12.251118,5.069491
51.550774,-82.344400,-276.000000,12.457200,5.029731
52.070774,-82.344400,-276.000000,12.285995,5.029004
52.590774,-82.344400,-276.000000,12.395771,5.021208
53.110774,-82.344400,-276.000000,12.456687,5.025377
53.630774,-82.344400,-276.000000,12.268311,5.021507
54.150774,-82.344400,-276.000000,12.463294,5.004450
54.670774,-82.344400,-276.000000,12.290862,5.073831
55.190774,-82.344400,-276.000000,12.338049,5.035583
55.710774,-82.344400,-276.000000,12.368477,5.005420
56.230774,-82.344400,-276.000000,12.272780,4.976850
56.750774,-82.344400,-276.000000,12.309432,5.007087
57.270774,-82.344400,-276.000000,12.283932,5.040831
57.790774,-82.344400,-276.000000,12.416827,5.040890
58.310774,-82.344400,-276.000000,12.473034,5.034172
58.830774,-82.344400,-276.000000,12.321419,5.039877
59.350774,-82.344400,-276.000000,12.291039,5.033015
59.870774,-82.344400,-276.000000,12.626233,5.091794
60.390774,-82.344400,-276.000000,12.369579,5.014769
60.910774,-82.344400,-276.000000,12.485365,5.056952
61.430774,-82.344400,-276.000000,12.302492,5.034159
61.950774,-82.344400,-276.000000,12.367896,5.022613
62.470774,-82.344400,-276.000000,12.405698,5.036297
62.990774,-82.344400,-276.000000,12.324360,5.045157
63.510774,-82.344400,-276.000000,12.161505,5.014358
64.030774,-82.344400,-276.000000,12.335395,5.006685
64.550774,-82.344400,-276.000000,12.357744,5.035711
65.070774,-82.344400,-276.000000,12.319856,5.003139
65.590774,-82.344400,-276.000000,12.203803,5.008389
66.110774,-82.344400,-276.000000,12.392463,4.983777
66.630774,-82.344400,-276.000000,12.101400,4.942209
67.150774,-82.344400,-276.000000,12.367308,4.985125
67.670774,-82.344400,-276.000000,12.178229,5.054277
13.070774,-81.824400,-276.000000,12.241519,4.738749
13.590774,-81.824400,-276.000000,12.330574,4.802063
14.110774,-81.824400,-276.000000,12.277263,4.814673
14.630774,-81.824400,-276.000000,12.457649,4.840174
15.150774,-81.824400,-276.000000,12.196829,4.840681
15.670774,-81.824400,-276.000000,12.215564,4.833517
16.190774,-81.824400,-276.000000,12.309021,4.906104
16.710774,-81.824400,-276.000000,12.448290,4.942834
17.230774,-81.824400,-276.000000,12.231838,4.965053
17.750774,-81.824400,-276.000000,12.500375,4.966948
18.270774,-81.824400,-276.000000,12.229917,4.967941
18.790774,-81.824400,-276.000000,12.339851,4.939513
19.310774,-81.824400,-276.000000,12.390618,4.915463
19.830774,-81.824400,-276.000000,12.254326,4.984619
20.350774,-81.824400,-276.000000,12.544074,4.983893
20.870774,-81.824400,-276.000000,12.419964,4.943847
21.390774,-81.824400,-276.000000,12.344676,4.963467
21.910774,-81.824400,-276.000000,12.294593,4.950766
22.430774,-81.824400,-276.000000,12.401861,4.975186
22.950774,-81.824400,-276.000000,12.479472,5.000737
23.470774,-81.824400,-276.000000,12.400168,4.983604
23.990774,-81.824400,-276.000000,12.408587,4.995539
24.510774,-81.824400,-276.000000,12.560684,5.016542
25.030774,-81.824400,-276.000000,12.332743,5.001657
25.550774,-81.824400,-276.000000,12.393282,4.991371
26.070774,-81.824400,-276.000000,12.406646,5.015170
26.590774,-81.824400,-276.000000,12.628819,4.987512
27.110774,-81.824400,-276.000000,12.263289,5.028034
27.630774,-81.824400,-276.000000,12.161166,4.987831
28.150774,-81.824400,-276.000000,12.484290,5.013875
28.670774,-81.824400,-276.000000,12.134875,5.029253
29.190774,-81.824400,-276.000000,12.208858,4.993696
29.710774,-81.824400,-276.000000,12.360834,5.058479
30.230774,-81.824400,-276.000000,11.981893,4.983721
30.750774,-81.824400,-276.000000,12.352127,5.056273
31.270774,-81.824400,-276.000000,12.512041,5.070812
31.790774,-81.824400,-276.000000,12.250041,4.970025
32.310774,-81.824400,-276.000000,12.333494,5.014989
32.830774,-81.824400,-276.000000,12.342527,5.035169
33.350774,-81.824400,-276.000000,12.264336,5.053406
33.870774,-81.824400,-276.000000,12.272663,5.011602
34.390774,-81.824400,-276.000000,12.326648,5.034920
34.910774,-81.824400,-276.000000,12.247430,5.015559
35.430774,-81.824400,-276.000000,12.298949,5.047401
35.950774,-81.824400,-276.000000,12.253257,5.006013
36.470774,-81.824400,-276.000000,12.247141,5.025792
36.990774,-81.824400,-276.000000,12.320701,5.015482
37.510774,-81.824400,-276.000000,12.576163,5.092440
38.030774,-81.824400,-276.000000,12.207496,4.938277
38.550774,-81.824400,-276.000000,12.232101,5.062570
39.070774,-81.824400,-276.000000,12.367960,4.984550
39.590774,-81.824400,-276.000000,12.252212,5.018318
40.110774,-81.824400,-276.000000,12.521527,5.052141
40.630774,-81.824400,-276.000000,12.362135,5.024925
41.150774,-81.824400,-276.000000,12.295280,4.992554
41.670774,-81.824400,-276.000000,12.382743,5.028655
42.190774,-81.824400,-276.000000,12.467816,5.102233
42.710774,-81.824400,-276.000000,12.201192,4.982975
43.230774,-81.824400,-276.000000,12.275630,5.024148
43.750774,-81.824400,-276.000000,12.323497,5.035868
44.270774,-81.824400,-276.000000,12.527315,5.059065
44.790774,-81.824400,-276.000000,12.229401,5.010596
45.310774,-81.824400,-276.000000,12.383608,4.986952
45.830774,-81.824400,-276.000000,12.457924,5.064206
46.350774,-81.824400,-276.000000,12.537475,5.067887
46.870774,-81.824400,-276.000000,12.231003,4.979608
47.390774,-81.824400,-276.000000,12.152919,4.991953
47.910774,-81.824400,-276.000000,12.042422,5.049769
48.430774,-81.824400,-276.000000,12.387575,5.034725
48.950774,-81.824400,-276.000000,12.363620,5.051985
49.470774,-81.824400,-276.000000,12.240758,5.004796
49.990774,-81.824400,-276.000000,12.420337,4.983665
50.510774,-81.824400,-276.000000,12.442214,5.013566
51.030774,-81.824400,-276.000000,12.322314,5.062704
51.550774,-81.824400,-276.000000,12.479241,5.028705
52.070774,-81.824400,-276.000000,12.203025,5.032645
52.590774,-81.824400,-276.000000,12.392570,5.012451
53.110774,-81.824400,-276.000000,12.386004,5.017731
53.630774,-81.824400,-276.000000,12.219370,5.022482
54.150774,-81.824400,-276.000000,12.471281,5.026970
54.670774,-81.824400,-276.000000,12.143712,5.048937
55.190774,-81.824400,-276.000000,12.342010,5.035488
55.710774,-81.824400,-276.000000,12.411509,5.017178
56.230774,-81.824400,-276.000000,12.241027,4.980183
56.750774,-81.824400,-276.000000,12.339184,5.022386
57.270774,-81.824400,-276.000000,12.290336,5.039552
57.790774,-81.824400,-276.000000,12.416780,5.036877
58.310774,-81.824400,-276.000000,12.451547,5.035989
58.830774,-81.824400,-276.000000,12.293128,5.044198
59.350774,-81.824400,-276.000000,12.284656,5.047641
59.870774,-81.824400,-276.000000,12.594789,5.112238
60.390774,-81.824400,-276.000000,12.331748,5.022067
60.910774,-81.824400,-276.000000,12.446982,5.052355
61.430774,-81.824400,-276.000000,12.292855,5.031152
61.950774,-81.824400,-276.000000,12.325171,5.032306
62.470774,-81.824400,-276.000000,12.413486,5.033912
62.990774,-81.824400,-276.000000,12.358895,5.071030
63.510774,-81.824400,-276.000000,12.079929,5.006719
64.030774,-81.824400,-276.000000,12.275002,5.001866
64.550774,-81.824400,-276.000000,12.314311,5.062737
65.070774,-81.824400,-276.000000,12.378196,5.013056
65.590774,-81.824400,-276.000000,12.189334,5.001967
66.110774,-81.824400,-276.000000,12.388768,4.987191
66.630774,-81.824400,-276.000000,12.133299,4.961546
67.150774,-81.824400,-276.000000,12.338229,4.980425
67.670774,-81.824400,-276.000000,12.227975,5.065934
68.190774,-81.824400,-276.000000,12.207747,4.987981
13.590774,-82.344400,-275.000000,12.473121,4.814975
14.110774,-82.344400,-275.000000,12.199736,4.821438
14.630774,-82.344400,-275.000000,12.476668,4.861562
15.150774,-82.344400,-275.000000,12.493931,4.893991
15.670774,-82.344400,-275.000000,12.398192,4.905805
16.190774,-82.344400,-275.000000,12.323106,4.893726
16.710774,-82.344400,-275.000000,12.177507,4.968815
17.230774,-82.344400,-275.000000,12.271079,4.883476
17.750774,-82.344400,-275.000000,12.291510,4.964258
18.270774,-82.344400,-275.000000,12.473184,4.995509
18.790774,-82.344400,-275.000000,12.385081,4.918001
19.310774,-82.344400,-275.000000,12.438405,4.938095
19.830774,-82.344400,-275.000000,12.344960,4.978318
20.350774,-82.344400,-275.000000,12.227269,4.963680
20.870774,-82.344400,-275.000000,12.655101,5.000165
21.390774,-82.344400,-275.000000,12.433619,4.992199
21.910774,-82.344400,-275.000000,12.339750,4.992393
22.430774,-82.344400,-275.000000,12.291106,4.963261
22.950774,-82.344400,-275.000000,12.464957,4.974959
23.470774,-82.344400,-275.000000,12.587501,5.012037
23.990774,-82.344400,-275.000000,12.446116,4.966072
24.510774,-82.344400,-275.000000,12.290347,4.933835
25.030774,-82.344400,-275.000000,12.290392,4.983498
25.550774,-82.344400,-275.000000,12.481710,4.945067
26.070774,-82.344400,-275.000000,12.336772,5.021485
26.590774,-82.344400,-275.000000,12.300197,4.983230
27.110774,-82.344400,-275.000000,12.383626,5.019197
27.630774,-82.344400,-275.000000,12.413579,5.021529
28.150774,-82.344400,-275.000000,12.452013,5.031600
28.670774,-82.344400,-275.000000,12.247280,5.030357
29.190774,-82.344400,-275.000000,12.602605,5.034321
29.710774,-82.344400,-275.000000,12.443406,5.034549
30.230774,-82.344400,-275.000000,12.295093,4.975117
30.750774,-82.344400,-275.000000,12.234625,5.043246
31.270774,-82.344400,-275.000000,12.518304,5.008885
31.790774,-82.344400,-275.000000,12.486593,5.042634
32.310774,-82.344400,-275.000000,12.227796,5.015992
32.830774,-82.344400,-275.000000,12.321613,5.015957
33.350774,-82.344400,-275.000000,12.450866,5.017721
33.870774,-82.344400,-275.000000,12.136299,4.971729
34.390774,-82.344400,-275.000000,12.239490,5.018811
34.910774,-82.344400,-275.000000,12.328007,5.028329
35.430774,-82.344400,-275.000000,12.171584,5.048232
35.950774,-82.344400,-275.000000,12.104270,4.991037
36.470774,-82.344400,-275.000000,12.162797,5.046907
36.990774,-82.344400,-275.000000,11.963748,4.976896
37.510774,-82.344400,-275.000000,12.204189,5.057738
38.030774,-82.344400,-275.000000,12.619327,5.065855
38.550774,-82.344400,-275.000000,12.566388,5.021409
39.070774,-82.344400,-275.000000,12.342388,5.008604
39.590774,-82.344400,-275.000000,12.421522,5.039120
40.110774,-82.344400,-275.000000,12.280064,4.932591
40.630774,-82.344400,-275.000000,12.299885,5.007454
41.150774,-82.344400,-275.000000,12.289118,5.025904
41.670774,-82.344400,-275.000000,12.414337,5.046921
42.190774,-82.344400,-275.000000,12.494955,5.024001
42.710774,-82.344400,-275.000000,12.375384,5.047793
43.230774,-82.344400,-275.000000,12.534179,5.065942
43.750774,-82.344400,-275.000000,12.333249,4.986548
44.270774,-82.344400,-275.000000,12.230867,5.040755
44.790774,-82.344400,-275.000000,12.376319,5.074106
45.310774,-82.344400,-275.000000,12.186419,5.006496
45.830774,-82.344400,-275.000000,12.075057,4.998518
46.350774,-82.344400,-275.000000,12.122115,5.086382
46.870774,-82.344400,-275.000000,12.239333,5.019141
47.390774,-82.344400,-275.000000,12.307654,5.015845
47.910774,-82.344400,-275.000000,12.338057,5.038182
48.430774,-82.344400,-275.000000,12.194503,4.992148
48.950774,-82.344400,-275.000000,12.367988,5.007329
49.470774,-82.344400,-275.000000,12.330409,5.002158
49.990774,-82.344400,-275.000000,12.359959,5.078134
50.510774,-82.344400,-275.000000,12.574340,5.027011
51.030774,-82.344400,-275.000000,12.419811,4.992871
51.550774,-82.344400,-275.000000,12.515951,5.078743
52.070774,-82.344400,-275.000000,12.321516,5.010059
52.590774,-82.344400,-275.000000,12.157920,4.986334
53.110774,-82.344400,-275.000000,12.288028,5.011720
53.630774,-82.344400,-275.000000,12.311934,5.017229
54.150774,-82.344400,-275.000000,12.247599,5.006128
54.670774,-82.344400,-275.000000,12.497665,5.057534
55.190774,-82.344400,-275.000000,12.295427,5.019136
55.710774,-82.344400,-275.000000,12.482623,5.018131
56.230774,-82.344400,-275.000000,12.245234,4.957974
56.750774,-82.344400,-275.000000,12.458807,5.068188
57.270774,-82.344400,-275.000000,12.208839,5.002307
57.790774,-82.344400,-275.000000,12.503526,5.059957
58.310774,-82.344400,-275.000000,12.266620,5.079288
58.830774,-82.344400,-275.000000,12.377195,5.060338
59.350774,-82.344400,-275.000000,12.189105,5.035938
59.870774,-82.344400,-275.000000,12.439475,5.000081
60.390774,-82.344400,-275.000000,12.390513,5.051944
60.910774,-82.344400,-275.000000,12.517844,5.072919
61.430774,-82.344400,-275.000000,12.392916,5.009369
61.950774,-82.344400,-275.000000,12.390661,5.017940
62.470774,-82.344400,-275.000000,12.479838,5.025170
62.990774,-82.344400,-275.000000,12.503704,4.989976
63.510774,-82.344400,-275.000000,12.335672,5.020219
64.030774,-82.344400,-275.000000,12.251103,5.054965
64.550774,-82.344400,-275.000000,12.373975,5.015169
65.070774,-82.344400,-275.000000,12.309855,5.018121
65.590774,-82.344400,-275.000000,12.486931,5.056322
66.110774,-82.344400,-275.000000,12.434973,5.055897
66.630774,-82.344400,-275.000000,12.077959,5.045718
67.150774,-82.344400,-275.000000,12.372125,5.022184
67.670774,-82.344400,-275.000000,12.315570,4.993219
68.190774,-82.344400,-275.000000,12.466236,5.051733
68.710774,-82.344400,-275.000000,12.389668,5.053995
69.230774,-82.344400,-275.000000,12.214232,4.993138
13.070774,-81.824400,-275.000000,12.387533,4.725920
13.590774,-81.824400,-275.000000,12.377524,4.816040
14.110774,-81.824400,-275.000000,12.190843,4.834158
14.630774,-81.824400,-275.000000,12.469264,4.867656
15.150774,-81.824400,-275.000000,12.446951,4.891967
15.670774,-81.824400,-275.000000,12.388945,4.908582
16.190774,-81.824400,-275.000000,12.312209,4.889205
16.710774,-81.824400,-275.000000,12.117742,4.987575
17.230774,-81.824400,-275.000000,12.283751,4.875398
17.750774,-81.824400,-275.000000,12.274684,4.987839
18.270774,-81.824400,-275.000000,12.504409,4.992251
18.790774,-81.824400,-275.000000,12.306187,4.937133
19.310774,-81.824400,-275.000000,12.394519,4.928841
19.830774,-81.824400,-275.000000,12.336375,4.975784
20.350774,-81.824400,-275.000000,12.215228,4.977116
20.870774,-81.824400,-275.000000,12.594504,4.998471
21.390774,-81.824400,-275.000000,12.410724,5.012855
21.910774,-81.824400,-275.000000,12.342852,4.981234
22.430774,-81.824400,-275.000000,12.332169,4.992197
22.950774,-81.824400,-275.000000,12.344334,4.969226
23.470774,-81.824400,-275.000000,12.615008,5.028436
23.990774,-81.824400,-275.000000,12.426411,4.951379
24.510774,-81.824400,-275.000000,12.295488,4.960852
25.030774,-81.824400,-275.000000,12.266257,4.973135
25.550774,-81.824400,-275.000000,12.404235,4.937388
26.070774,-81.824400,-275.000000,12.299400,5.022933
26.590774,-81.824400,-275.000000,12.349266,4.993540
27.110774,-81.824400,-275.000000,12.365731,5.017553
27.630774,-81.824400,-275.000000,12.373798,5.023039
28.150774,-81.824400,-275.000000,12.490066,5.059393
28.670774,-81.824400,-275.000000,12.246908,5.030403
29.190774,-81.824400,-275.000000,12.517955,5.035206
29.710774,-81.824400,-275.000000,12.460068,5.046687
30.230774,-81.824400,-275.000000,12.179914,4.974639
30.750774,-81.824400,-275.000000,12.276302,5.046504
31.270774,-81.824400,-275.000000,12.507765,5.028291
31.790774,-81.824400,-275.000000,12.370578,5.011052
32.310774,-81.824400,-275.000000,12.258311,5.041561
32.830774,-81.824400,-275.000000,12.284921,5.015398
33.350774,-81.824400,-275.000000,12.350866,5.013758
33.870774,-81.824400,-275.000000,12.166629,4.981032
34.390774,-81.824400,-275.000000,12.260558,5.031719
34.910774,-81.824400,-275.000000,12.279902,5.025070
35.430774,-81.824400,-275.000000,12.114016,5.055660
35.950774,-81.824400,-275.000000,12.088969,4.999222
36.470774,-81.824400,-275.000000,12.178750,5.046580
36.990774,-81.824400,-275.000000,11.972034,4.991405
37.510774,-81.824400,-275.000000,12.200334,5.065520
38.030774,-81.824400,-275.000000,12.586997,5.069846
38.550774,-81.824400,-275.000000,12.577979,5.010921
39.070774,-81.824400,-275.000000,12.302872,5.004408
39.590774,-81.824400,-275.000000,12.381117,5.048266
40.110774,-81.824400,-275.000000,12.319512,4.963361
40.630774,-81.824400,-275.000000,12.309516,5.021866
41.150774,-81.824400,-275.000000,12.210376,5.041042
41.670774,-81.824400,-275.000000,12.421769,5.035954
42.190774,-81.824400,-275.000000,12.456293,5.038577
42.710774,-81.824400,-275.000000,12.400911,5.044949
43.230774,-81.824400,-275.000000,12.520827,5.068248
43.750774,-81.824400,-275.000000,12.321535,4.995867
44.270774,-81.824400,-275.000000,12.241824,5.045801
44.790774,-81.824400,-275.000000,12.294660,5.070794
45.310774,-81.824400,-275.000000,12.139713,5.001805
45.830774,-81.824400,-275.000000,12.113036,5.018963
46.350774,-81.824400,-275.000000,12.235020,5.105960
46.870774,-81.824400,-275.000000,12.180199,5.023756
47.390774,-81.824400,-275.000000,12.242846,4.991968
47.910774,-81.824400,-275.000000,12.328752,5.067277
48.430774,-81.824400,-275.000000,12.217339,4.999324
48.950774,-81.824400,-275.000000,12.353278,5.012587
49.470774,-81.824400,-275.000000,12.348709,4.977546
49.990774,-81.824400,-275.000000,12.372855,5.090192
50.510774,-81.824400,-275.000000,12.571676,5.048723
51.030774,-81.824400,-275.000000,12.405947,5.007628
51.550774,-81.824400,-275.000000,12.522537,5.102060
52.070774,-81.824400,-275.000000,12.288252,5.009698
52.590774,-81.824400,-275.000000,12.177215,4.990991
53.110774,-81.824400,-275.000000,12.252574,5.003368
53.630774,-81.824400,-275.000000,12.295363,5.023761
54.150774,-81.824400,-275.000000,12.197709,5.005682
54.670774,-81.824400,-275.000000,12.495868,5.042950
55.190774,-81.824400,-275.000000,12.403667,5.046745
55.710774,-81.824400,-275.000000,12.454126,5.020209
56.230774,-81.824400,-275.000000,12.114059,4.954679
56.750774,-81.824400,-275.000000,12.442756,5.066010
57.270774,-81.824400,-275.000000,12.218393,4.998549
57.790774,-81.824400,-275.000000,12.505664,5.080026
58.310774,-81.824400,-275.000000,12.275055,5.076730
58.830774,-81.824400,-275.000000,12.392556,5.057401
59.350774,-81.824400,-275.000000,12.213826,5.041311
59.870774,-81.824400,-275.000000,12.364865,5.023723
60.390774,-81.824400,-275.000000,12.386661,5.054152
60.910774,-81.824400,-275.000000,12.566047,5.090391
61.430774,-81.824400,-275.000000,12.353821,5.009132
61.950774,-81.824400,-275.000000,12.394164,5.023952
62.470774,-81.824400,-275.000000,12.494218,5.021349
62.990774,-81.824400,-275.000000,12.453304,4.993972
63.510774,-81.824400,-275.000000,12.320682,5.010240
64.030774,-81.824400,-275.000000,12.342962,5.072796
64.550774,-81.824400,-275.000000,12.333934,5.011228
65.070774,-81.824400,-275.000000,12.298005,5.028879
65.590774,-81.824400,-275.000000,12.449885,5.044002
66.110774,-81.824400,-275.000000,12.452137,5.053379
66.630774,-81.824400,-275.000000,12.022041,5.049541
67.150774,-81.824400,-275.000000,12.350276,5.029944
67.670774,-81.824400,-275.000000,12.260371,5.000068
68.190774,-81.824400,-275.000000,12.447251,5.055127
68.710774,-81.824400,-275.000000,12.290183,5.057470
69.230774,-81.824400,-275.000000,12.214841,5.007128
69.750774,-81.824400,-275.000000,12.452064,5.038113
70.270774,-81.824400,-275.000000,12.254232,5.020974
68.710774,-81.304400,-275.000000,12.272351,5.056571
69.230774,-81.304400,-275.000000,12.156785,5.028619
13.590774,-82.344400,-274.000000,12.291610,4.805480
14.110774,-82.344400,-274.000000,12.446034,4.835016
14.630774,-82.344400,-274.000000,12.171290,4.809927
15.150774,-82.344400,-274.000000,12.511386,4.967570
15.670774,-82.344400,-274.000000,12.605931,4.935612
16.190774,-82.344400,-274.000000,12.534423,4.922224
16.710774,-82.344400,-274.000000,12.298662,4.910953
17.230774,-82.344400,-274.000000,12.383543,4.895792
17.750774,-82.344400,-274.000000,12.148075,4.918310
18.270774,-82.344400,-274.000000,12.270569,4.908725
18.790774,-82.344400,-274.000000,12.107885,4.932629
19.310774,-82.344400,-274.000000,12.548068,4.958896
19.830774,-82.344400,-274.000000,12.485277,5.001773
20.350774,-82.344400,-274.000000,12.726127,5.017248
20.870774,-82.344400,-274.000000,12.274501,4.948075
21.390774,-82.344400,-274.000000,12.259280,4.971576
21.910774,-82.344400,-274.000000,12.405756,5.038113
22.430774,-82.344400,-274.000000,12.402265,5.021309
22.950774,-82.344400,-274.000000,12.424647,5.018247
23.470774,-82.344400,-274.000000,12.557846,5.002847
23.990774,-82.344400,-274.000000,12.112404,4.930785
24.510774,-82.344400,-274.000000,12.333782,5.002679
25.030774,-82.344400,-274.000000,12.364065,4.975610
25.550774,-82.344400,-274.000000,12.448585,5.069103
26.070774,-82.344400,-274.000000,12.318143,5.048700
26.590774,-82.344400,-274.000000,12.282962,5.048015
27.110774,-82.344400,-274.000000,12.518842,4.985067
27.630774,-82.344400,-274.000000,12.294219,4.981321
28.150774,-82.344400,-274.000000,12.408386,5.034505
28.670774,-82.344400,-274.000000,12.273133,4.984547
29.190774,-82.344400,-274.000000,12.273999,5.040499
29.710774,-82.344400,-274.000000,12.329871,5.011350
30.230774,-82.344400,-274.000000,12.290475,4.992583
30.750774,-82.344400,-274.000000,12.473863,5.004218
31.270774,-82.344400,-274.000000,12.485217,5.008042
31.790774,-82.344400,-274.000000,12.252072,4.972992
32.310774,-82.344400,-274.000000,12.553591,5.069186
32.830774,-82.344400,-274.000000,12.550653,5.027212
33.350774,-82.344400,-274.000000,12.343475,5.040926
33.870774,-82.344400,-274.000000,12.366313,5.072403
34.390774,-82.344400,-274.000000,12.396239,5.029245
34.910774,-82.344400,-274.000000,12.294750,5.038716
35.430774,-82.344400,-274.000000,12.085036,4.992166
35.950774,-82.344400,-274.000000,12.046463,4.997027
36.470774,-82.344400,-274.000000,12.392489,4.994710
36.990774,-82.344400,-274.000000,12.356843,5.046410
37.510774,-82.344400,-274.000000,12.383706,5.046667
38.030774,-82.344400,-274.000000,12.416413,5.031730
38.550774,-82.344400,-274.000000,12.254973,5.004968
39.070774,-82.344400,-274.000000,12.450851,5.064068
39.590774,-82.344400,-274.000000,12.249422,5.048709
40.110774,-82.344400,-274.000000,12.459580,5.056087
40.630774,-82.344400,-274.000000,12.241930,5.016797
41.150774,-82.344400,-274.000000,12.367401,5.013992
41.670774,-82.344400,-274.000000,12.227612,4.951108
42.190774,-82.344400,-274.000000,12.464613,5.134132
42.710774,-82.344400,-274.000000,12.415504,5.039026
43.230774,-82.344400,-274.000000,12.324839,5.001300
43.750774,-82.344400,-274.000000,12.240307,4.999650
44.270774,-82.344400,-274.000000,12.239675,4.988153
44.790774,-82.344400,-274.000000,12.432788,5.027684
45.310774,-82.344400,-274.000000,12.338962,5.091290
45.830774,-82.344400,-274.000000,12.410471,5.035519
46.350774,-82.344400,-274.000000,12.488524,5.034501
46.870774,-82.344400,-274.000000,12.343169,4.985810
47.390774,-82.344400,-274.000000,12.477082,5.052653
47.910774,-82.344400,-274.000000,12.445473,5.044903
48.430774,-82.344400,-274.000000,12.522223,5.088689
48.950774,-82.344400,-274.000000,12.649980,5.069099
49.470774,-82.344400,-274.000000,12.346801,5.016047
49.990774,-82.344400,-274.000000,12.480861,5.077037
50.510774,-82.344400,-274.000000,12.307640,5.060883
51.030774,-82.344400,-274.000000,12.256273,5.019163
51.550774,-82.344400,-274.000000,12.239657,5.080568
52.070774,-82.344400,-274.000000,12.297341,5.089298
52.590774,-82.344400,-274.000000,12.204049,5.038983
53.110774,-82.344400,-274.000000,12.474678,5.082405
53.630774,-82.344400,-274.000000,12.390325,5.046258
54.150774,-82.344400,-274.000000,12.190330,5.037017
54.670774,-82.344400,-274.000000,12.222098,5.024961
55.190774,-82.344400,-274.000000,12.554403,4.999780
55.710774,-82.344400,-274.000000,12.138015,5.058391
56.230774,-82.344400,-274.000000,12.281492,5.042110
56.750774,-82.344400,-274.000000,12.390153,5.072812
57.270774,-82.344400,-274.000000,12.500998,5.068038
57.790774,-82.344400,-274.000000,12.360553,5.040873
58.310774,-82.344400,-274.000000,12.407870,5.042303
58.830774,-82.344400,-274.000000,12.207927,4.976830
59.350774,-82.344400,-274.000000,12.394378,5.040889
59.870774,-82.344400,-274.000000,12.502758,5.041052
60.390774,-82.344400,-274.000000,12.263741,5.018904
60.910774,-82.344400,-274.000000,12.383880,5.045693
61.430774,-82.344400,-274.000000,12.407149,5.034889
61.950774,-82.344400,-274.000000,12.258245,5.019248
62.470774,-82.344400,-274.000000,12.363589,5.045275
62.990774,-82.344400,-274.000000,12.427029,5.074677
63.510774,-82.344400,-274.000000,12.288367,5.042509
64.030774,-82.344400,-274.000000,12.824702,5.073456
64.550774,-82.344400,-274.000000,12.199563,4.994414
65.070774,-82.344400,-274.000000,12.560898,5.057506
65.590774,-82.344400,-274.000000,12.274725,5.033372
66.110774,-82.344400,-274.000000,12.348338,5.023834
66.630774,-82.344400,-274.000000,12.290748,5.020484
67.150774,-82.344400,-274.000000,12.454781,5.042015
67.670774,-82.344400,-274.000000,12.384246,4.994355
68.190774,-82.344400,-274.000000,12.343380,5.032854
68.710774,-82.344400,-274.000000,12.422450,4.994020
69.230774,-82.344400,-274.000000,12.338460,5.018844
69.750774,-82.344400,-274.000000,12.169048,4.979663
70.270774,-82.344400,-274.000000,12.370247,4.981528
70.790774,-82.344400,-274.000000,12.574861,5.044106
71.310774,-82.344400,-274.000000,12.338030,4.990159
13.070774,-81.824400,-274.000000,12.515470,4.784477
13.590774,-81.824400,-274.000000,12.299460,4.839191
14.110774,-81.824400,-274.000000,12.517231,4.835916
14.630774,-81.824400,-274.000000,12.138648,4.818698
15.150774,-81.824400,-274.000000,12.536302,4.967376
15.670774,-81.824400,-274.000000,12.618961,4.962706
16.190774,-81.824400,-274.000000,12.565560,4.940789
16.710774,-81.824400,-274.000000,12.214746,4.898415
17.230774,-81.824400,-274.000000,12.357851,4.898455
17.750774,-81.824400,-274.000000,12.117855,4.928487
18.270774,-81.824400,-274.000000,12.311304,4.912667
18.790774,-81.824400,-274.000000,12.097211,4.949246
19.310774,-81.824400,-274.000000,12.609288,4.974975
19.830774,-81.824400,-274.000000,12.407735,4.999691
20.350774,-81.824400,-274.000000,12.693521,5.013382
20.870774,-81.824400,-274.000000,12.322284,4.951752
21.390774,-81.824400,-274.000000,12.236243,4.969863
21.910774,-81.824400,-274.000000,12.394645,5.059554
22.430774,-81.824400,-274.000000,12.455158,5.027766
22.950774,-81.824400,-274.000000,12.418520,5.020904
23.470774,-81.824400,-274.000000,12.559463,5.011329
23.990774,-81.824400,-274.000000,12.195578,4.959046
24.510774,-81.824400,-274.000000,12.309117,4.997828
25.030774,-81.824400,-274.000000,12.358203,4.993418
25.550774,-81.824400,-274.000000,12.416100,5.059547
26.070774,-81.824400,-274.000000,12.271655,5.061879
26.590774,-81.824400,-274.000000,12.311119,5.054155
27.110774,-81.824400,-274.000000,12.467994,4.981756
27.630774,-81.824400,-274.000000,12.290205,4.984622
28.150774,-81.824400,-274.000000,12.371119,5.024497
28.670774,-81.824400,-274.000000,12.286335,4.991508
29.190774,-81.824400,-274.000000,12.260826,5.048404
29.710774,-81.824400,-274.000000,12.299508,5.006647
30.230774,-81.824400,-274.000000,12.268491,4.990999
30.750774,-81.824400,-274.000000,12.493475,5.011508
31.270774,-81.824400,-274.000000,12.486327,5.013869
31.790774,-81.824400,-274.000000,12.258474,4.974824
32.310774,-81.824400,-274.000000,12.538173,5.061012
32.830774,-81.824400,-274.000000,12.537292,5.040473
33.350774,-81.824400,-274.000000,12.406985,5.046435
33.870774,-81.824400,-274.000000,12.362271,5.087712
34.390774,-81.824400,-274.000000,12.347091,5.036670
34.910774,-81.824400,-274.000000,12.347470,5.037506
35.430774,-81.824400,-274.000000,12.092441,4.996528
35.950774,-81.824400,-274.000000,12.039085,5.004458
36.470774,-81.824400,-274.000000,12.307558,4.977367
36.990774,-81.824400,-274.000000,12.342613,5.045531
37.510774,-81.824400,-274.000000,12.400322,5.081709
38.030774,-81.824400,-274.000000,12.397271,5.043349
38.550774,-81.824400,-274.000000,12.210322,5.015846
39.070774,-81.824400,-274.000000,12.462688,5.051141
39.590774,-81.824400,-274.000000,12.220019,5.042250
40.110774,-81.824400,-274.000000,12.471605,5.056988
40.630774,-81.824400,-274.000000,12.214099,5.027600
41.150774,-81.824400,-274.000000,12.320115,5.034566
41.670774,-81.824400,-274.000000,12.237265,4.947444
42.190774,-81.824400,-274.000000,12.424045,5.116493
42.710774,-81.824400,-274.000000,12.350780,5.027194
43.230774,-81.824400,-274.000000,12.407310,5.032673
43.750774,-81.824400,-274.000000,12.210134,5.023696
44.270774,-81.824400,-274.000000,12.215083,4.981491
44.790774,-81.824400,-274.000000,12.475284,5.038719
45.310774,-81.824400,-274.000000,12.373281,5.098022
45.830774,-81.824400,-274.000000,12.423368,5.036022
46.350774,-81.824400,-274.000000,12.386124,5.028480
46.870774,-81.824400,-274.000000,12.412204,4.990961
47.390774,-81.824400,-274.000000,12.463384,5.058970
47.910774,-81.824400,-274.000000,12.468611,5.027252
48.430774,-81.824400,-274.000000,12.456905,5.086890
48.950774,-81.824400,-274.000000,12.601399,5.081717
49.470774,-81.824400,-274.000000,12.385141,5.024374
49.990774,-81.824400,-274.000000,12.459011,5.078518
50.510774,-81.824400,-274.000000,12.263184,5.047647
51.030774,-81.824400,-274.000000,12.206617,4.996581
51.550774,-81.824400,-274.000000,12.227686,5.089001
52.070774,-81.824400,-274.000000,12.243503,5.093321
52.590774,-81.824400,-274.000000,12.229473,5.047403
53.110774,-81.824400,-274.000000,12.508455,5.090509
53.630774,-81.824400,-274.000000,12.397771,5.057913
54.150774,-81.824400,-274.000000,12.183117,5.048068
54.670774,-81.824400,-274.000000,12.256637,5.025116
55.190774,-81.824400,-274.000000,12.504048,5.010386
55.710774,-81.824400,-274.000000,12.181952,5.071617
56.230774,-81.824400,-274.000000,12.291197,5.047559
56.750774,-81.824400,-274.000000,12.342958,5.066113
57.270774,-81.824400,-274.000000,12.404151,5.056608
57.790774,-81.824400,-274.000000,12.383731,5.051346
58.310774,-81.824400,-274.000000,12.388128,5.034452
58.830774,-81.824400,-274.000000,12.223587,5.004580
59.350774,-81.824400,-274.000000,12.358386,5.051725
59.870774,-81.824400,-274.000000,12.446589,5.036222
60.390774,-81.824400,-274.000000,12.275765,5.025610
60.910774,-81.824400,-274.000000,12.345768,5.056305
61.430774,-81.824400,-274.000000,12.351639,5.037291
61.950774,-81.824400,-274.000000,12.314610,5.047986
62.470774,-81.824400,-274.000000,12.331892,5.039691
62.990774,-81.824400,-274.000000,12.378343,5.082649
63.510774,-81.824400,-274.000000,12.308455,5.053294
64.030774,-81.824400,-274.000000,12.738692,5.064896
64.550774,-81.824400,-274.000000,12.250514,5.002691
65.070774,-81.824400,-274.000000,12.498468,5.056823
65.590774,-81.824400,-274.000000,12.305814,5.039911
66.110774,-81.824400,-274.000000,12.288008,5.012162
66.630774,-81.824400,-274.000000,12.310048,5.025488
67.150774,-81.824400,-274.000000,12.487810,5.053322
67.670774,-81.824400,-274.000000,12.355906,4.994911
68.190774,-81.824400,-274.000000,12.311570,5.046036
68.710774,-81.824400,-274.000000,12.387870,4.994437
69.230774,-81.824400,-274.000000,12.303946,5.014320
69.750774,-81.824400,-274.000000,12.135395,4.962934
70.270774,-81.824400,-274.000000,12.390620,4.987250
70.790774,-81.824400,-274.000000,12.502860,5.032919
71.310774,-81.824400,-274.000000,12.365709,5.003368
71.830774,-81.824400,-274.000000,12.324381,4.985187
71.310774,-81.304400,-274.000000,12.303977,4.994340
13.590774,-82.344400,-273.000000,12.397582,4.862580
14.110774,-82.344400,-273.000000,12.366192,4.879293
14.630774,-82.344400,-273.000000,12.165753,4.805117
15.150774,-82.344400,-273.000000,12.562048,4.861338
15.670774,-82.344400,-273.000000,12.395598,4.864482
16.190774,-82.344400,-273.000000,12.235043,4.922266
16.710774,-82.344400,-273.000000,12.307971,4.949088
17.230774,-82.344400,-273.000000,12.324656,4.949128
17.750774,-82.344400,-273.000000,12.542994,4.960414
18.270774,-82.344400,-273.000000,12.322182,4.960256
18.790774,-82.344400,-273.000000,12.374232,4.980958
19.310774,-82.344400,-273.000000,12.457948,4.971809
19.830774,-82.344400,-273.000000,12.155279,4.943387
20.350774,-82.344400,-273.000000,12.523133,5.034548
20.870774,-82.344400,-273.000000,12.626924,5.006280
21.390774,-82.344400,-273.000000,12.271632,5.028463
21.910774,-82.344400,-273.000000,12.343160,5.017533
22.430774,-82.344400,-273.000000,12.390925,5.026453
22.950774,-82.344400,-273.000000,12.299294,4.996864
23.470774,-82.344400,-273.000000,12.107787,4.982326
23.990774,-82.344400,-273.000000,12.244197,4.978238
24.510774,-82.344400,-273.000000,12.493694,5.012129
25.030774,-82.344400,-273.000000,12.189595,4.942956
25.550774,-82.344400,-273.000000,12.431940,5.012236
26.070774,-82.344400,-273.000000,12.222941,4.992819
26.590774,-82.344400,-273.000000,12.285941,5.001190
27.110774,-82.344400,-273.000000,12.441115,5.032506
27.630774,-82.344400,-273.000000,12.315308,5.014256
28.150774,-82.344400,-273.000000,12.296877,4.982108
28.670774,-82.344400,-273.000000,12.553492,5.116275
29.190774,-82.344400,-273.000000,12.439544,5.041623
29.710774,-82.344400,-273.000000,12.331036,5.045684
30.230774,-82.344400,-273.000000,12.557288,5.065029
30.750774,-82.344400,-273.000000,12.457981,5.006947
31.270774,-82.344400,-273.000000,12.550118,5.035060
31.790774,-82.344400,-273.000000,12.488626,5.091867
32.310774,-82.344400,-273.000000,12.396750,5.059257
32.830774,-82.344400,-273.000000,12.295266,5.035481
33.350774,-82.344400,-273.000000,12.552585,5.016437
33.870774,-82.344400,-273.000000,12.427402,5.007410
34.390774,-82.344400,-273.000000,12.581912,5.041085
34.910774,-82.344400,-273.000000,12.354831,5.006871
35.430774,-82.344400,-273.000000,12.773102,5.128276
35.950774,-82.344400,-273.000000,12.407164,5.050993
36.470774,-82.344400,-273.000000,12.335990,5.019430
36.990774,-82.344400,-273.000000,12.371593,5.001093
37.510774,-82.344400,-273.000000,12.481557,5.002907
38.030774,-82.344400,-273.000000,12.371524,5.032740
38.550774,-82.344400,-273.000000,12.420361,5.050577
39.070774,-82.344400,-273.000000,12.378410,5.028739
39.590774,-82.344400,-273.000000,12.295600,5.048264
40.110774,-82.344400,-273.000000,12.443423,5.060853
40.630774,-82.344400,-273.000000,12.404414,5.045157
41.150774,-82.344400,-273.000000,12.242155,4.963103
41.670774,-82.344400,-273.000000,12.569377,5.106936
42.190774,-82.344400,-273.000000,12.070109,4.988997
42.710774,-82.344400,-273.000000,12.271734,5.025570
43.230774,-82.344400,-273.000000,12.386707,5.070712
43.750774,-82.344400,-273.000000,12.521876,5.059770
44.270774,-82.344400,-273.000000,12.384088,5.070272
44.790774,-82.344400,-273.000000,12.297992,5.020826
45.310774,-82.344400,-273.000000,12.431939,5.061195
45.830774,-82.344400,-273.000000,12.528738,5.021690
46.350774,-82.344400,-273.000000,12.375513,4.981444
46.870774,-82.344400,-273.000000,12.257176,5.043040
47.390774,-82.344400,-273.000000,12.250245,4.987113
47.910774,-82.344400,-273.000000,12.444095,5.063806
48.430774,-82.344400,-273.000000,12.374309,5.029584
48.950774,-82.344400,-273.000000,12.235427,4.983294
49.470774,-82.344400,-273.000000,12.351279,5.036079
49.990774,-82.344400,-273.000000,12.395801,5.060379
50.510774,-82.344400,-273.000000,12.259150,5.107247
51.030774,-82.344400,-273.000000,12.312753,5.043289
51.550774,-82.344400,-273.000000,12.283006,5.044203
52.070774,-82.344400,-273.000000,12.458205,5.038871
52.590774,-82.344400,-273.000000,12.258674,5.063477
53.110774,-82.344400,-273.000000,12.534316,5.066363
53.630774,-82.344400,-273.000000,12.344382,5.038412
54.150774,-82.344400,-273.000000,12.366572,5.034190
54.670774,-82.344400,-273.000000,12.511004,5.077637
55.190774,-82.344400,-273.000000,12.494674,5.033523
55.710774,-82.344400,-273.000000,12.465264,5.027878
56.230774,-82.344400,-273.000000,12.646678,5.063632
56.750774,-82.344400,-273.000000,12.158684,5.016599
57.270774,-82.344400,-273.000000,12.539775,5.050849
57.790774,-82.344400,-273.000000,12.389144,5.063992
58.310774,-82.344400,-273.000000,12.372989,5.050280
58.830774,-82.344400,-273.000000,12.354844,5.010900
59.350774,-82.344400,-273.000000,12.304699,5.039510
59.870774,-82.344400,-273.000000,12.401077,4.993666
60.390774,-82.344400,-273.000000,12.265079,4.993758
60.910774,-82.344400,-273.000000,12.326704,5.017684
61.430774,-82.344400,-273.000000,12.267397,4.973393
61.950774,-82.344400,-273.000000,12.500759,5.080307
62.470774,-82.344400,-273.000000,12.467254,5.035840
62.990774,-82.344400,-273.000000,12.487683,5.009914
63.510774,-82.344400,-273.000000,12.385592,5.041501
64.030774,-82.344400,-273.000000,12.321629,5.031790
64.550774,-82.344400,-273.000000,12.434196,5.076622
65.070774,-82.344400,-273.000000,12.300464,5.063461
65.590774,-82.344400,-273.000000,12.369110,5.041946
66.110774,-82.344400,-273.000000,12.432040,5.043599
66.630774,-82.344400,-273.000000,12.323543,5.057565
67.150774,-82.344400,-273.000000,12.508595,5.082439
67.670774,-82.344400,-273.000000,12.533877,5.101466
68.190774,-82.344400,-273.000000,12.465219,5.049713
68.710774,-82.344400,-273.000000,12.363912,4.987933
69.230774,-82.344400,-273.000000,12.460740,5.040187
69.750774,-82.344400,-273.000000,12.423926,5.008554
70.270774,-82.344400,-273.000000,12.455376,5.055113
70.790774,-82.344400,-273.000000,12.246730,5.023028
71.310774,-82.344400,-273.000000,12.549946,5.029414
71.830774,-82.344400,-273.000000,12.410220,5.032289
72.350774,-82.344400,-273.000000,12.309424,5.014319
72.870774,-82.344400,-273.000000,12.246491,4.992597
13.070774,-81.824400,-273.000000,12.417784,4.836044
13.590774,-81.824400,-273.000000,12.356120,4.870230
14.110774,-81.824400,-273.000000,12.329547,4.869916
14.630774,-81.824400,-273.000000,12.174562,4.792597
15.150774,-81.824400,-273.000000,12.600153,4.873961
15.670774,-81.824400,-273.000000,12.357432,4.878925
16.190774,-81.824400,-273.000000,12.203582,4.911985
16.710774,-81.824400,-273.000000,12.317631,4.965646
17.230774,-81.824400,-273.000000,12.406501,4.953381
17.750774,-81.824400,-273.000000,12.414497,4.947336
18.270774,-81.824400,-273.000000,12.382666,4.978940
18.790774,-81.824400,-273.000000,12.397894,4.976815
19.310774,-81.824400,-273.000000,12.415340,4.970612
19.830774,-81.824400,-273.000000,12.191175,4.961945
20.350774,-81.824400,-273.000000,12.470330,5.031572
20.870774,-81.824400,-273.000000,12.634555,5.043722
21.390774,-81.824400,-273.000000,12.278601,5.034722
21.910774,-81.824400,-273.000000,12.283304,5.032157
22.430774,-81.824400,-273.000000,12.416400,5.015996
22.950774,-81.824400,-273.000000,12.188686,5.008632
23.470774,-81.824400,-273.000000,12.192177,4.989462
23.990774,-81.824400,-273.000000,12.175769,4.965803
24.510774,-81.824400,-273.000000,12.493136,5.034976
25.030774,-81.824400,-273.000000,12.156337,4.937605
25.550774,-81.824400,-273.000000,12.389503,5.022106
26.070774,-81.824400,-273.000000,12.310023,4.991570
26.590774,-81.824400,-273.000000,12.299159,5.007133
27.110774,-81.824400,-273.000000,12.413061,5.035379
27.630774,-81.824400,-273.000000,12.286345,5.024365
28.150774,-81.824400,-273.000000,12.265609,4.971213
28.670774,-81.824400,-273.000000,12.500888,5.107500
29.190774,-81.824400,-273.000000,12.376849,5.051557
29.710774,-81.824400,-273.000000,12.349384,5.056088
30.230774,-81.824400,-273.000000,12.541686,5.065928
30.750774,-81.824400,-273.000000,12.452964,5.040273
31.270774,-81.824400,-273.000000,12.565112,5.052675
31.790774,-81.824400,-273.000000,12.438356,5.071236
32.310774,-81.824400,-273.000000,12.380881,5.059543
32.830774,-81.824400,-273.000000,12.266547,5.035742
33.350774,-81.824400,-273.000000,12.501143,5.024877
33.870774,-81.824400,-273.000000,12.388431,5.003888
34.390774,-81.824400,-273.000000,12.534583,5.025217
34.910774,-81.824400,-273.000000,12.309964,5.004768
35.430774,-81.824400,-273.000000,12.739085,5.133421
35.950774,-81.824400,-273.000000,12.442149,5.069460
36.470774,-81.824400,-273.000000,12.304656,5.008214
36.990774,-81.824400,-273.000000,12.468311,5.035359
37.510774,-81.824400,-273.000000,12.433990,4.970911
38.030774,-81.824400,-273.000000,12.362967,5.050621
38.550774,-81.824400,-273.000000,12.437268,5.034410
39.070774,-81.824400,-273.000000,12.287133,5.025516
39.590774,-81.824400,-273.000000,12.281759,5.055736
40.110774,-81.824400,-273.000000,12.434150,5.041014
40.630774,-81.824400,-273.000000,12.378386,5.068721
41.150774,-81.824400,-273.000000,12.161319,4.961175
41.670774,-81.824400,-273.000000,12.548921,5.086247
42.190774,-81.824400,-273.000000,12.065780,5.000582
42.710774,-81.824400,-273.000000,12.275544,5.048889
43.230774,-81.824400,-273.000000,12.327292,5.075223
43.750774,-81.824400,-273.000000,12.500537,5.049497
44.270774,-81.824400,-273.000000,12.342031,5.077196
44.790774,-81.824400,-273.000000,12.332381,5.027348
45.310774,-81.824400,-273.000000,12.425891,5.082570
45.830774,-81.824400,-273.000000,12.506414,5.012325
46.350774,-81.824400,-273.000000,12.310434,4.980539
46.870774,-81.824400,-273.000000,12.243425,5.028316
47.390774,-81.824400,-273.000000,12.172890,4.993093
47.910774,-81.824400,-273.000000,12.435061,5.079967
48.430774,-81.824400,-273.000000,12.361691,5.048737
48.950774,-81.824400,-273.000000,12.250749,4.997528
49.470774,-81.824400,-273.000000,12.365950,5.021524
49.990774,-81.824400,-273.000000,12.429325,5.080020
50.510774,-81.824400,-273.000000,12.279222,5.116517
51.030774,-81.824400,-273.000000,12.328136,5.052532
51.550774,-81.824400,-273.000000,12.290160,5.049303
52.070774,-81.824400,-273.000000,12.419440,5.033554
52.590774,-81.824400,-273.000000,12.285021,5.069685
53.110774,-81.824400,-273.000000,12.428333,5.062688
53.630774,-81.824400,-273.000000,12.338154,5.055561
54.150774,-81.824400,-273.000000,12.399808,5.054612
54.670774,-81.824400,-273.000000,12.478984,5.074865
55.190774,-81.824400,-273.000000,12.448465,5.039916
55.710774,-81.824400,-273.000000,12.430672,5.060615
56.230774,-81.824400,-273.000000,12.576397,5.060176
56.750774,-81.824400,-273.000000,12.297879,5.031577
57.270774,-81.824400,-273.000000,12.478179,5.062545
57.790774,-81.824400,-273.000000,12.437591,5.070764
58.310774,-81.824400,-273.000000,12.397128,5.059442
58.830774,-81.824400,-273.000000,12.356200,5.008551
59.350774,-81.824400,-273.000000,12.406309,5.068945
59.870774,-81.824400,-273.000000,12.352501,4.978220
60.390774,-81.824400,-273.000000,12.297824,4.998084
60.910774,-81.824400,-273.000000,12.325353,5.012577
61.430774,-81.824400,-273.000000,12.233948,4.967457
61.950774,-81.824400,-273.000000,12.426736,5.068306
62.470774,-81.824400,-273.000000,12.484717,5.031176
62.990774,-81.824400,-273.000000,12.461256,5.016975
63.510774,-81.824400,-273.000000,12.419025,5.055505
64.030774,-81.824400,-273.000000,12.319893,5.047559
64.550774,-81.824400,-273.000000,12.309840,5.063274
65.070774,-81.824400,-273.000000,12.326647,5.067184
65.590774,-81.824400,-273.000000,12.446039,5.043749
66.110774,-81.824400,-273.000000,12.381898,5.050709
66.630774,-81.824400,-273.000000,12.333298,5.042535
67.150774,-81.824400,-273.000000,12.493678,5.077163
67.670774,-81.824400,-273.000000,12.483815,5.107472
68.190774,-81.824400,-273.000000,12.501421,5.068323
68.710774,-81.824400,-273.000000,12.391383,4.998963
69.230774,-81.824400,-273.000000,12.530860,5.066519
69.750774,-81.824400,-273.000000,12.412823,5.013707
70.270774,-81.824400,-273.000000,12.432420,5.068425
70.790774,-81.824400,-273.000000,12.252216,5.024290
71.310774,-81.824400,-273.000000,12.482276,5.033989
71.830774,-81.824400,-273.000000,12.358282,5.036222
72.350774,-81.824400,-273.000000,12.341809,5.028047
72.870774,-81.824400,-273.000000,12.300081,5.002867
73.390774,-81.824400,-273.000000,12.105895,4.931136
72.870774,-81.304400,-273.000000,12.261073,4.994092
13.590774,-82.344400,-272.000000,12.364409,4.852641
14.110774,-82.344400,-272.000000,12.279930,4.845935
14.630774,-82.344400,-272.000000,12.503519,4.914777
15.150774,-82.344400,-272.000000,12.523918,4.893562
15.670774,-82.344400,-272.000000,12.591462,4.944192
16.190774,-82.344400,-272.000000,12.239881,4.864175
16.710774,-82.344400,-272.000000,12.298003,4.928103
17.230774,-82.344400,-272.000000,12.283582,4.946976
17.750774,-82.344400,-272.000000,12.220665,4.939888
18.270774,-82.344400,-272.000000,12.283816,4.894367
18.790774,-82.344400,-272.000000,12.520398,4.984612
19.310774,-82.344400,-272.000000,12.344174,4.928221
19.830774,-82.344400,-272.000000,12.288426,4.982142
20.350774,-82.344400,-272.000000,12.105329,4.890910
20.870774,-82.344400,-272.000000,12.571707,5.025423
21.390774,-82.344400,-272.000000,12.619609,4.987751
21.910774,-82.344400,-272.000000,12.320150,4.986264
22.430774,-82.344400,-272.000000,12.200015,4.973651
22.950774,-82.344400,-272.000000,12.218653,5.000266
23.470774,-82.344400,-272.000000,12.300394,4.949641
23.990774,-82.344400,-272.000000,12.305923,4.952582
24.510774,-82.344400,-272.000000,12.326054,4.954840
25.030774,-82.344400,-272.000000,12.271673,5.024255
25.550774,-82.344400,-272.000000,12.667076,5.092154
26.070774,-82.344400,-272.000000,12.512301,5.064921
26.590774,-82.344400,-272.000000,12.272482,4.989470
27.110774,-82.344400,-272.000000,12.255909,5.047268
27.630774,-82.344400,-272.000000,12.415415,5.008377
28.150774,-82.344400,-272.000000,12.331000,4.998513
28.670774,-82.344400,-272.000000,12.371140,5.036752
29.190774,-82.344400,-272.000000,12.386104,4.972217
29.710774,-82.344400,-272.000000,12.452170,5.034307
30.230774,-82.344400,-272.000000,12.263436,5.011871
30.750774,-82.344400,-272.000000,12.354701,5.020451
31.270774,-82.344400,-272.000000,12.333950,5.063118
31.790774,-82.344400,-272.000000,12.488680,5.055292
32.310774,-82.344400,-272.000000,12.367949,4.996614
32.830774,-82.344400,-272.000000,12.227947,5.028854
33.350774,-82.344400,-272.000000,12.207393,5.034973
33.870774,-82.344400,-272.000000,12.300756,5.024086
34.390774,-82.344400,-272.000000,12.347857,4.999228
34.910774,-82.344400,-272.000000,12.313853,5.045903
35.430774,-82.344400,-272.000000,12.323695,5.050553
35.950774,-82.344400,-272.000000,12.376484,4.985841
36.470774,-82.344400,-272.000000,12.346153,5.008509
36.990774,-82.344400,-272.000000,12.511409,4.994760
37.510774,-82.344400,-272.000000,12.436223,5.026737
38.030774,-82.344400,-272.000000,12.261155,5.044512
38.550774,-82.344400,-272.000000,12.316260,5.037541
39.070774,-82.344400,-272.000000,12.363338,5.061946
39.590774,-82.344400,-272.000000,12.504683,5.039609
40.110774,-82.344400,-272.000000,12.271394,5.065532
40.630774,-82.344400,-272.000000,12.247491,4.981696
41.150774,-82.344400,-272.000000,12.397418,5.004660
41.670774,-82.344400,-272.000000,12.340901,5.011196
42.190774,-82.344400,-272.000000,12.291581,5.013395
42.710774,-82.344400,-272.000000,12.132376,5.001207
43.230774,-82.344400,-272.000000,12.084416,5.003803
43.750774,-82.344400,-272.000000,12.395728,5.026478
44.270774,-82.344400,-272.000000,12.374953,5.071788
44.790774,-82.344400,-272.000000,12.400438,5.073794
45.310774,-82.344400,-272.000000,12.383854,5.061067
45.830774,-82.344400,-272.000000,12.459217,4.958044
46.350774,-82.344400,-272.000000,12.179015,4.985236
46.870774,-82.344400,-272.000000,12.071373,5.019129
47.390774,-82.344400,-272.000000,12.491731,5.031110
47.910774,-82.344400,-272.000000,12.351564,5.040973
48.430774,-82.344400,-272.000000,12.364712,5.033292
48.950774,-82.344400,-272.000000,12.464477,5.046679
49.470774,-82.344400,-272.000000,12.422429,5.068035
49.990774,-82.344400,-272.000000,12.307408,4.980068
50.510774,-82.344400,-272.000000,12.321989,4.982771
51.030774,-82.344400,-272.000000,12.272151,5.020981
51.550774,-82.344400,-272.000000,12.386405,5.069762
52.070774,-82.344400,-272.000000,12.461665,5.025558
52.590774,-82.344400,-272.000000,12.401350,5.006946
53.110774,-82.344400,-272.000000,12.427054,5.065251
53.630774,-82.344400,-272.000000,12.429205,5.043150
54.150774,-82.344400,-272.000000,12.437568,5.048063
54.670774,-82.344400,-272.000000,12.432392,4.980322
55.190774,-82.344400,-272.000000,12.193197,5.040090
55.710774,-82.344400,-272.000000,12.520573,5.093434
56.230774,-82.344400,-272.000000,12.282574,5.016593
56.750774,-82.344400,-272.000000,12.462416,5.077572
57.270774,-82.344400,-272.000000,12.173559,5.009866
57.790774,-82.344400,-272.000000,12.396600,5.050606
58.310774,-82.344400,-272.000000,12.252481,5.004660
58.830774,-82.344400,-272.000000,12.387438,5.000393
59.350774,-82.344400,-272.000000,12.415879,5.040187
59.870774,-82.344400,-272.000000,11.984689,5.047653
60.390774,-82.344400,-272.000000,12.366302,5.028224
60.910774,-82.344400,-272.000000,12.353116,5.030986
61.430774,-82.344400,-272.000000,12.454669,5.067932
61.950774,-82.344400,-272.000000,12.169977,5.033267
62.470774,-82.344400,-272.000000,12.256854,5.035251
62.990774,-82.344400,-272.000000,12.337893,5.019160
63.510774,-82.344400,-272.000000,12.183753,5.063118
64.030774,-82.344400,-272.000000,12.488330,5.071133
64.550774,-82.344400,-272.000000,12.264433,5.034989
65.070774,-82.344400,-272.000000,12.767709,5.081459
65.590774,-82.344400,-272.000000,12.380793,5.025973
66.110774,-82.344400,-272.000000,12.171039,5.053889
66.630774,-82.344400,-272.000000,12.425439,5.015538
67.150774,-82.344400,-272.000000,12.239893,5.015952
67.670774,-82.344400,-272.000000,12.330981,5.035873
68.190774,-82.344400,-272.000000,12.385073,5.033768
68.710774,-82.344400,-272.000000,12.482577,5.074745
69.230774,-82.344400,-272.000000,12.382151,4.995457
69.750774,-82.344400,-272.000000,12.412833,4.996315
70.270774,-82.344400,-272.000000,12.275889,5.016860
70.790774,-82.344400,-272.000000,12.277914,5.012037
71.310774,-82.344400,-272.000000,12.341647,4.996194
71.830774,-82.344400,-272.000000,12.453116,5.035915
72.350774,-82.344400,-272.000000,12.297320,5.010466
72.870774,-82.344400,-272.000000,12.268655,5.037023
73.390774,-82.344400,-272.000000,12.508378,5.014712
73.910774,-82.344400,-272.000000,12.229457,4.943765
74.430774,-82.344400,-272.000000,12.343814,5.028424
13.070774,-81.824400,-272.000000,12.635889,4.838068
13.590774,-81.824400,-272.000000,12.348286,4.838287
14.110774,-81.824400,-272.000000,12.287515,4.867124
14.630774,-81.824400,-272.000000,12.502443,4.905067
15.150774,-81.824400,-272.000000,12.513770,4.913518
15.670774,-81.824400,-272.000000,12.566845,4.924885
16.190774,-81.824400,-272.000000,12.291820,4.891525
16.710774,-81.824400,-272.000000,12.299250,4.932085
17.230774,-81.824400,-272.000000,12.311168,4.958705
17.750774,-81.824400,-272.000000,12.218626,4.940103
18.270774,-81.824400,-272.000000,12.233848,4.903491
18.790774,-81.824400,-272.000000,12.442217,4.956803
19.310774,-81.824400,-272.000000,12.384920,4.954065
19.830774,-81.824400,-272.000000,12.234553,4.954842
20.350774,-81.824400,-272.000000,12.173121,4.900417
20.870774,-81.824400,-272.000000,12.574771,5.029318
21.390774,-81.824400,-272.000000,12.522456,4.970421
21.910774,-81.824400,-272.000000,12.361071,5.001248
22.430774,-81.824400,-272.000000,12.165667,4.972920
22.950774,-81.824400,-272.000000,12.228618,4.985605
23.470774,-81.824400,-272.000000,12.239287,4.938594
23.990774,-81.824400,-272.000000,12.295187,4.971864
24.510774,-81.824400,-272.000000,12.394069,4.981530
25.030774,-81.824400,-272.000000,12.279207,5.041024
25.550774,-81.824400,-272.000000,12.574146,5.091745
26.070774,-81.824400,-272.000000,12.467952,5.082715
26.590774,-81.824400,-272.000000,12.251264,4.986323
27.110774,-81.824400,-272.000000,12.273864,5.075495
27.630774,-81.824400,-272.000000,12.370597,5.011434
28.150774,-81.824400,-272.000000,12.388343,5.006281
28.670774,-81.824400,-272.000000,12.360895,5.057642
29.190774,-81.824400,-272.000000,12.316213,4.965509
29.710774,-81.824400,-272.000000,12.360152,5.033766
30.230774,-81.824400,-272.000000,12.381527,5.029668
30.750774,-81.824400,-272.000000,12.216087,5.008533
31.270774,-81.824400,-272.000000,12.346671,5.090270
31.790774,-81.824400,-272.000000,12.504118,5.078344
32.310774,-81.824400,-272.000000,12.298197,5.011197
32.830774,-81.824400,-272.000000,12.172716,5.019953
33.350774,-81.824400,-272.000000,12.265135,5.053988
33.870774,-81.824400,-272.000000,12.292890,5.047461
34.390774,-81.824400,-272.000000,12.370249,5.008119
34.910774,-81.824400,-272.000000,12.365871,5.056575
35.430774,-81.824400,-272.000000,12.307071,5.040671
35.950774,-81.824400,-272.000000,12.353787,4.995475
36.470774,-81.824400,-272.000000,12.264140,5.002831
36.990774,-81.824400,-272.000000,12.435805,4.997161
37.510774,-81.824400,-272.000000,12.469428,5.019774
38.030774,-81.824400,-272.000000,12.301643,5.054254
38.550774,-81.824400,-272.000000,12.226026,5.029886
39.070774,-81.824400,-272.000000,12.344646,5.084284
39.590774,-81.824400,-272.000000,12.572689,5.061371
40.110774,-81.824400,-272.000000,12.214095,5.059517
40.630774,-81.824400,-272.000000,12.250906,4.980954
41.150774,-81.824400,-272.000000,12.360351,5.006196
41.670774,-81.824400,-272.000000,12.321075,5.025432
42.190774,-81.824400,-272.000000,12.281897,5.014771
42.710774,-81.824400,-272.000000,12.058472,5.004818
43.230774,-81.824400,-272.000000,12.122715,5.005876
43.750774,-81.824400,-272.000000,12.404219,5.033871
44.270774,-81.824400,-272.000000,12.397403,5.077530
44.790774,-81.824400,-272.000000,12.403764,5.066041
45.310774,-81.824400,-272.000000,12.447723,5.056841
45.830774,-81.824400,-272.000000,12.366061,4.961696
46.350774,-81.824400,-272.000000,12.184354,5.013103
46.870774,-81.824400,-272.000000,12.022937,4.996254
47.390774,-81.824400,-272.000000,12.475085,5.019603
47.910774,-81.824400,-272.000000,12.327891,5.067822
48.430774,-81.824400,-272.000000,12.323217,5.045803
48.950774,-81.824400,-272.000000,12.541142,5.064494
49.470774,-81.824400,-272.000000,12.362889,5.083920
49.990774,-81.824400,-272.000000,12.268766,4.981068
50.510774,-81.824400,-272.000000,12.319685,4.972351
51.030774,-81.824400,-272.000000,12.242426,5.017262
51.550774,-81.824400,-272.000000,12.363585,5.068655
52.070774,-81.824400,-272.000000,12.443491,5.038107
52.590774,-81.824400,-272.000000,12.375938,5.009105
53.110774,-81.824400,-272.000000,12.500086,5.067444
53.630774,-81.824400,-272.000000,12.358199,5.043491
54.150774,-81.824400,-272.000000,12.428814,5.033908
54.670774,-81.824400,-272.000000,12.403399,4.993650
55.190774,-81.824400,-272.000000,12.243488,5.063344
55.710774,-81.824400,-272.000000,12.549163,5.076315
56.230774,-81.824400,-272.000000,12.211360,5.018625
56.750774,-81.824400,-272.000000,12.410295,5.071990
57.270774,-81.824400,-272.000000,12.242825,5.037655
57.790774,-81.824400,-272.000000,12.405909,5.054458
58.310774,-81.824400,-272.000000,12.196172,5.010798
58.830774,-81.824400,-272.000000,12.351274,5.016986
59.350774,-81.824400,-272.000000,12.418022,5.056698
59.870774,-81.824400,-272.000000,12.001829,5.077138
60.390774,-81.824400,-272.000000,12.348590,5.020203
60.910774,-81.824400,-272.000000,12.321609,5.023813
61.430774,-81.824400,-272.000000,12.525441,5.099440
61.950774,-81.824400,-272.000000,12.189894,5.040274
62.470774,-81.824400,-272.000000,12.251273,5.028879
62.990774,-81.824400,-272.000000,12.298319,5.007824
63.510774,-81.824400,-272.000000,12.119633,5.057949
64.030774,-81.824400,-272.000000,12.415280,5.079759
64.550774,-81.824400,-272.000000,12.262531,5.059500
65.070774,-81.824400,-272.000000,12.660052,5.069780
65.590774,-81.824400,-272.000000,12.355020,5.031257
66.110774,-81.824400,-272.000000,12.195572,5.065109
66.630774,-81.824400,-272.000000,12.370590,5.027362
67.150774,-81.824400,-272.000000,12.269718,5.030539
67.670774,-81.824400,-272.000000,12.313766,5.037177
68.190774,-81.824400,-272.000000,12.334834,5.040800
68.710774,-81.824400,-272.000000,12.494729,5.064320
69.230774,-81.824400,-272.000000,12.422157,5.000409
69.750774,-81.824400,-272.000000,12.457760,5.014923
70.270774,-81.824400,-272.000000,12.273864,5.032332
70.790774,-81.824400,-272.000000,12.241092,4.989493
71.310774,-81.824400,-272.000000,12.401153,5.036589
71.830774,-81.824400,-272.000000,12.385338,5.031009
72.350774,-81.824400,-272.000000,12.284565,5.017021
72.870774,-81.824400,-272.000000,12.270260,5.043695
73.390774,-81.824400,-272.000000,12.433929,5.013094
73.910774,-81.824400,-272.000000,12.168118,4.941436
74.430774,-81.824400,-272.000000,12.313951,5.021173
74.950774,-81.824400,-272.000000,12.423363,5.019461
73.910774,-81.304400,-272.000000,12.223404,4.969119
74.430774,-81.304400,-272.000000,12.305490,5.023785
13.590774,-82.344400,-271.000000,12.462863,4.910639
14.110774,-82.344400,-271.000000,12.355942,4.845053
14.630774,-82.344400,-271.000000,12.779770,4.855844
15.150774,-82.344400,-271.000000,12.222430,4.915648
15.670774,-82.344400,-271.000000,12.628146,4.917350
16.190774,-82.344400,-271.000000,12.406249,4.964050
16.710774,-82.344400,-271.000000,12.368528,4.911127
17.230774,-82.344400,-271.000000,12.250399,4.896145
17.750774,-82.344400,-271.000000,12.458977,4.976839
18.270774,-82.344400,-271.000000,12.309683,4.930231
18.790774,-82.344400,-271.000000,12.294771,4.929637
19.310774,-82.344400,-271.000000,12.433205,4.950655
19.830774,-82.344400,-271.000000,12.245734,4.980606
20.350774,-82.344400,-271.000000,12.453623,4.968777
20.870774,-82.344400,-271.000000,12.333303,4.973289
21.390774,-82.344400,-271.000000,12.200489,4.973688
21.910774,-82.344400,-271.000000,12.323383,4.966800
22.430774,-82.344400,-271.000000,12.341059,4.960402
22.950774,-82.344400,-271.000000,12.674472,4.975798
23.470774,-82.344400,-271.000000,12.146857,4.921578
23.990774,-82.344400,-271.000000,12.474305,5.048348
24.510774,-82.344400,-271.000000,12.453728,5.024197
25.030774,-82.344400,-271.000000,12.331950,5.007104
25.550774,-82.344400,-271.000000,12.331294,5.029611
26.070774,-82.344400,-271.000000,12.473214,5.014542
26.590774,-82.344400,-271.000000,12.386545,5.020089
27.110774,-82.344400,-271.000000,12.334347,5.045589
27.630774,-82.344400,-271.000000,12.512996,5.043098
28.150774,-82.344400,-271.000000,12.374252,5.081762
28.670774,-82.344400,-271.000000,12.323415,5.039211
29.190774,-82.344400,-271.000000,12.414704,5.031087
29.710774,-82.344400,-271.000000,12.278179,4.989133
30.230774,-82.344400,-271.000000,12.384548,5.062402
30.750774,-82.344400,-271.000000,12.364342,5.013999
31.270774,-82.344400,-271.000000,12.208259,5.000338
31.790774,-82.344400,-271.000000,12.255627,5.042595
32.310774,-82.344400,-271.000000,12.139538,5.025829
32.830774,-82.344400,-271.000000,12.306470,4.956357
33.350774,-82.344400,-271.000000,12.410900,5.058403
33.870774,-82.344400,-271.000000,12.289743,4.975839
34.390774,-82.344400,-271.000000,12.577535,5.073785
34.910774,-82.344400,-271.000000,12.633834,5.086891
35.430774,-82.344400,-271.000000,12.358733,5.120605
35.950774,-82.344400,-271.000000,12.312947,5.026289
36.470774,-82.344400,-271.000000,12.616277,5.036460
36.990774,-82.344400,-271.000000,12.251044,5.001441
37.510774,-82.344400,-271.000000,12.210693,5.036473
38.030774,-82.344400,-271.000000,12.315548,5.082404
38.550774,-82.344400,-271.000000,12.384635,5.058958
39.070774,-82.344400,-271.000000,12.340352,5.067458
39.590774,-82.344400,-271.000000,12.463107,5.069420
40.110774,-82.344400,-271.000000,12.493447,5.021241
40.630774,-82.344400,-271.000000,12.369745,5.040956
41.150774,-82.344400,-271.000000,12.530590,5.091581
41.670774,-82.344400,-271.000000,12.310786,5.037147
42.190774,-82.344400,-271.000000,12.408982,5.000718
42.710774,-82.344400,-271.000000,12.414035,5.056269
43.230774,-82.344400,-271.000000,12.657031,5.059880
43.750774,-82.344400,-271.000000,12.685061,5.070984
44.270774,-82.344400,-271.000000,12.457969,5.107296
44.790774,-82.344400,-271.000000,12.324310,5.056657
45.310774,-82.344400,-271.000000,12.356562,5.025908
45.830774,-82.344400,-271.000000,12.465566,5.052938
46.350774,-82.344400,-271.000000,12.245654,5.048036
46.870774,-82.344400,-271.000000,12.741058,5.139463
47.390774,-82.344400,-271.000000,12.235015,5.050066
47.910774,-82.344400,-271.000000,12.334496,5.049683
48.430774,-82.344400,-271.000000,12.530200,5.009509
48.950774,-82.344400,-271.000000,12.660019,5.079608
49.470774,-82.344400,-271.000000,12.246160,5.016283
49.990774,-82.344400,-271.000000,12.416259,5.047456
50.510774,-82.344400,-271.000000,12.335861,5.016774
51.030774,-82.344400,-271.000000,12.354687,5.059102
51.550774,-82.344400,-271.000000,12.232118,5.102375
52.070774,-82.344400,-271.000000,12.460958,5.053459
52.590774,-82.344400,-271.000000,12.186668,5.065154
53.110774,-82.344400,-271.000000,12.294943,5.063513
53.630774,-82.344400,-271.000000,12.285192,5.036842
54.150774,-82.344400,-271.000000,12.258018,5.006855
54.670774,-82.344400,-271.000000,12.271091,5.032278
55.190774,-82.344400,-271.000000,12.469011,5.025950
55.710774,-82.344400,-271.000000,12.329202,4.996602
56.230774,-82.344400,-271.000000,12.234980,5.042705
56.750774,-82.344400,-271.000000,12.086022,5.034163
57.270774,-82.344400,-271.000000,12.462859,5.074382
57.790774,-82.344400,-271.000000,12.279468,4.988931
58.310774,-82.344400,-271.000000,12.314701,5.032537
58.830774,-82.344400,-271.000000,12.400314,5.052003
59.350774,-82.344400,-271.000000,12.296464,5.056391
59.870774,-82.344400,-271.000000,12.134124,5.025413
60.390774,-82.344400,-271.000000,12.438321,5.070589
60.910774,-82.344400,-271.000000,12.537860,5.080334
61.430774,-82.344400,-271.000000,12.423160,5.093764
61.950774,-82.344400,-271.000000,12.250716,4.971983
62.470774,-82.344400,-271.000000,12.248523,5.019598
62.990774,-82.344400,-271.000000,12.459846,5.053145
63.510774,-82.344400,-271.000000,12.282895,5.052935
64.030774,-82.344400,-271.000000,12.433130,5.027713
64.550774,-82.344400,-271.000000,12.315027,5.042356
65.070774,-82.344400,-271.000000,12.442198,5.055038
65.590774,-82.344400,-271.000000,12.374299,4.949226
66.110774,-82.344400,-271.000000,12.406774,5.102115
66.630774,-82.344400,-271.000000,12.448909,4.985532
67.150774,-82.344400,-271.000000,12.350669,5.013617
67.670774,-82.344400,-271.000000,12.450880,5.019835
68.190774,-82.344400,-271.000000,12.388839,5.064138
68.710774,-82.344400,-271.000000,12.242669,5.010770
69.230774,-82.344400,-271.000000,12.350347,5.036780
69.750774,-82.344400,-271.000000,12.340509,5.062644
70.270774,-82.344400,-271.000000,12.173025,4.963236
70.790774,-82.344400,-271.000000,12.211676,4.995279
71.310774,-82.344400,-271.000000,12.427547,4.997817
71.830774,-82.344400,-271.000000,12.341975,5.042734
72.350774,-82.344400,-271.000000,12.332520,5.022945
72.870774,-82.344400,-271.000000,12.374038,4.983046
73.390774,-82.344400,-271.000000,12.262081,4.990648
73.910774,-82.344400,-271.000000,12.285741,4.956437
74.430774,-82.344400,-271.000000,12.454784,5.008204
74.950774,-82.344400,-271.000000,12.127307,4.982223
75.470774,-82.344400,-271.000000,12.536128,4.991950
75.990774,-82.344400,-271.000000,12.360833,4.999002
13.070774,-81.824400,-271.000000,12.429467,4.786512
13.590774,-81.824400,-271.000000,12.486662,4.923285
14.110774,-81.824400,-271.000000,12.302020,4.845541
14.630774,-81.824400,-271.000000,12.735168,4.850255
15.150774,-81.824400,-271.000000,12.199859,4.934683
15.670774,-81.824400,-271.000000,12.623425,4.925665
16.190774,-81.824400,-271.000000,12.382567,4.950214
16.710774,-81.824400,-271.000000,12.400506,4.922115
17.230774,-81.824400,-271.000000,12.212337,4.903997
17.750774,-81.824400,-271.000000,12.418960,4.961370
18.270774,-81.824400,-271.000000,12.417854,4.944028
18.790774,-81.824400,-271.000000,12.233266,4.937585
19.310774,-81.824400,-271.000000,12.373115,4.945313
19.830774,-81.824400,-271.000000,12.255022,4.975660
20.350774,-81.824400,-271.000000,12.485884,4.994833
20.870774,-81.824400,-271.000000,12.221392,4.951641
21.390774,-81.824400,-271.000000,12.195752,4.981746
21.910774,-81.824400,-271.000000,12.254163,4.945393
22.430774,-81.824400,-271.000000,12.356051,4.970021
22.950774,-81.824400,-271.000000,12.674828,4.979390
23.470774,-81.824400,-271.000000,12.148271,4.908611
23.990774,-81.824400,-271.000000,12.436957,5.055390
24.510774,-81.824400,-271.000000,12.486852,5.022029
25.030774,-81.824400,-271.000000,12.264261,5.005661
25.550774,-81.824400,-271.000000,12.351837,5.006323
26.070774,-81.824400,-271.000000,12.451846,5.026196
26.590774,-81.824400,-271.000000,12.390583,5.031275
27.110774,-81.824400,-271.000000,12.305183,5.058321
27.630774,-81.824400,-271.000000,12.450840,5.048021
28.150774,-81.824400,-271.000000,12.321243,5.074491
28.670774,-81.824400,-271.000000,12.338962,5.071551
29.190774,-81.824400,-271.000000,12.304992,5.005705
29.710774,-81.824400,-271.000000,12.258858,4.990456
30.230774,-81.824400,-271.000000,12.397769,5.054443
30.750774,-81.824400,-271.000000,12.261399,5.005264
31.270774,-81.824400,-271.000000,12.226873,5.028766
31.790774,-81.824400,-271.000000,12.332997,5.051170
32.310774,-81.824400,-271.000000,12.190593,5.017672
32.830774,-81.824400,-271.000000,12.321887,4.978031
33.350774,-81.824400,-271.000000,12.333117,5.047074
33.870774,-81.824400,-271.000000,12.390985,4.986876
34.390774,-81.824400,-271.000000,12.457454,5.054503
34.910774,-81.824400,-271.000000,12.633792,5.094124
35.430774,-81.824400,-271.000000,12.370009,5.132566
35.950774,-81.824400,-271.000000,12.282561,5.033615
36.470774,-81.824400,-271.000000,12.661361,5.056902
36.990774,-81.824400,-271.000000,12.224704,5.002852
37.510774,-81.824400,-271.000000,12.191912,5.047427
38.030774,-81.824400,-271.000000,12.338537,5.111199
38.550774,-81.824400,-271.000000,12.376637,5.051026
39.070774,-81.824400,-271.000000,12.447264,5.095642
39.590774,-81.824400,-271.000000,12.421976,5.065757
40.110774,-81.824400,-271.000000,12.554328,5.041539
40.630774,-81.824400,-271.000000,12.311398,5.034560
41.150774,-81.824400,-271.000000,12.556602,5.083597
41.670774,-81.824400,-271.000000,12.317461,5.036407
42.190774,-81.824400,-271.000000,12.390897,5.017142
42.710774,-81.824400,-271.000000,12.411399,5.058171
43.230774,-81.824400,-271.000000,12.628936,5.057536
43.750774,-81.824400,-271.000000,12.570224,5.092204
44.270774,-81.824400,-271.000000,12.464634,5.100367
44.790774,-81.824400,-271.000000,12.360082,5.060610
45.310774,-81.824400,-271.000000,12.329360,5.028551
45.830774,-81.824400,-271.000000,12.432055,5.059169
46.350774,-81.824400,-271.000000,12.323709,5.056270
46.870774,-81.824400,-271.000000,12.715785,5.155862
47.390774,-81.824400,-271.000000,12.242030,5.052282
47.910774,-81.824400,-271.000000,12.256862,5.051829
48.430774,-81.824400,-271.000000,12.502086,5.017259
48.950774,-81.824400,-271.000000,12.688945,5.109156
49.470774,-81.824400,-271.000000,12.167087,5.020671
49.990774,-81.824400,-271.000000,12.399358,5.052601
50.510774,-81.824400,-271.000000,12.352302,5.036790
51.030774,-81.824400,-271.000000,12.307062,5.052234
51.550774,-81.824400,-271.000000,12.160460,5.105076
52.070774,-81.824400,-271.000000,12.519135,5.056936
52.590774,-81.824400,-271.000000,12.137533,5.065268
53.110774,-81.824400,-271.000000,12.296203,5.084564
53.630774,-81.824400,-271.000000,12.227592,5.035567
54.150774,-81.824400,-271.000000,12.191073,5.004511
54.670774,-81.824400,-271.000000,12.331837,5.042571
55.190774,-81.824400,-271.000000,12.453994,5.044715
55.710774,-81.824400,-271.000000,12.339507,5.006506
56.230774,-81.824400,-271.000000,12.205573,5.031421
56.750774,-81.824400,-271.000000,12.139792,5.026481
57.270774,-81.824400,-271.000000,12.409955,5.080421
57.790774,-81.824400,-271.000000,12.210612,4.985610
58.310774,-81.824400,-271.000000,12.322944,5.016280
58.830774,-81.824400,-271.000000,12.429789,5.066312
59.350774,-81.824400,-271.000000,12.244796,5.057976
59.870774,-81.824400,-271.000000,12.126660,5.015601
60.390774,-81.824400,-271.000000,12.534411,5.077399
60.910774,-81.824400,-271.000000,12.537268,5.092842
61.430774,-81.824400,-271.000000,12.366534,5.087487
61.950774,-81.824400,-271.000000,12.243854,4.966737
62.470774,-81.824400,-271.000000,12.248977,5.032608
62.990774,-81.824400,-271.000000,12.554062,5.066486
63.510774,-81.824400,-271.000000,12.226439,5.043147
64.030774,-81.824400,-271.000000,12.431792,5.052999
64.550774,-81.824400,-271.000000,12.358489,5.054287
65.070774,-81.824400,-271.000000,12.370294,5.034026
65.590774,-81.824400,-271.000000,12.309810,4.921869
66.110774,-81.824400,-271.000000,12.466571,5.104276
66.630774,-81.824400,-271.000000,12.401137,5.003864
67.150774,-81.824400,-271.000000,12.275924,5.011931
67.670774,-81.824400,-271.000000,12.443262,5.022560
68.190774,-81.824400,-271.000000,12.351665,5.064535
68.710774,-81.824400,-271.000000,12.226007,5.027676
69.230774,-81.824400,-271.000000,12.317119,5.059204
69.750774,-81.824400,-271.000000,12.300340,5.050960
70.270774,-81.824400,-271.000000,12.120891,4.954351
70.790774,-81.824400,-271.000000,12.226481,5.021156
71.310774,-81.824400,-271.000000,12.518184,5.026553
71.830774,-81.824400,-271.000000,12.295383,5.028706
72.350774,-81.824400,-271.000000,12.374005,5.016137
72.870774,-81.824400,-271.000000,12.372278,4.998433
73.390774,-81.824400,-271.000000,12.208320,4.995938
73.910774,-81.824400,-271.000000,12.264316,4.959581
74.430774,-81.824400,-271.000000,12.451023,5.021524
74.950774,-81.824400,-271.000000,12.145333,4.995300
75.470774,-81.824400,-271.000000,12.553332,4.995134
75.990774,-81.824400,-271.000000,12.377495,4.998248
13.590774,-82.344400,-270.000000,12.396091,4.816088
14.110774,-82.344400,-270.000000,12.724587,4.863013
14.630774,-82.344400,-270.000000,12.397905,4.796363
15.150774,-82.344400,-270.000000,12.329146,4.893068
15.670774,-82.344400,-270.000000,12.468529,4.889413
16.190774,-82.344400,-270.000000,12.298499,4.941272
16.710774,-82.344400,-270.000000,12.260234,4.926542
17.230774,-82.344400,-270.000000,12.249022,4.939517
17.750774,-82.344400,-270.000000,12.382033,4.952585
18.270774,-82.344400,-270.000000,12.315763,4.959546
18.790774,-82.344400,-270.000000,12.607364,4.928713
19.310774,-82.344400,-270.000000,12.345527,4.948413
19.830774,-82.344400,-270.000000,12.443075,5.046865
20.350774,-82.344400,-270.000000,12.399369,4.976793
20.870774,-82.344400,-270.000000,12.360486,4.951269
21.390774,-82.344400,-270.000000,12.209628,4.964715
21.910774,-82.344400,-270.000000,12.301306,4.967475
22.430774,-82.344400,-270.000000,12.372551,4.960557
22.950774,-82.344400,-270.000000,12.428782,4.993155
23.470774,-82.344400,-270.000000,12.366504,4.982611
23.990774,-82.344400,-270.000000,12.516526,5.059886
24.510774,-82.344400,-270.000000,12.356627,5.002693
25.030774,-82.344400,-270.000000,12.458371,5.033078
25.550774,-82.344400,-270.000000,12.296827,4.996473
26.070774,-82.344400,-270.000000,12.834081,5.101958
26.590774,-82.344400,-270.000000,12.530911,5.025228
27.110774,-82.344400,-270.000000,12.246840,5.008371
27.630774,-82.344400,-270.000000,12.452099,5.025928
28.150774,-82.344400,-270.000000,12.374454,5.040349
28.670774,-82.344400,-270.000000,12.309658,5.002738
29.190774,-82.344400,-270.000000,12.595972,5.038930
29.710774,-82.344400,-270.000000,12.291858,5.007337
30.230774,-82.344400,-270.000000,12.301250,4.995347
30.750774,-82.344400,-270.000000,12.502887,5.004596
31.270774,-82.344400,-270.000000,12.501731,5.010448
31.790774,-82.344400,-270.000000,12.555069,5.097777
32.310774,-82.344400,-270.000000,12.501958,5.028174
32.830774,-82.344400,-270.000000,12.194638,4.977161
33.350774,-82.344400,-270.000000,12.208663,5.003575
33.870774,-82.344400,-270.000000,12.418958,5.050824
34.390774,-82.344400,-270.000000,12.518591,5.044373
34.910774,-82.344400,-270.000000,12.392249,5.020198
35.430774,-82.344400,-270.000000,12.429260,4.999115
35.950774,-82.344400,-270.000000,12.335969,5.030298
36.470774,-82.344400,-270.000000,12.202909,5.041073
36.990774,-82.344400,-270.000000,12.476682,5.101526
37.510774,-82.344400,-270.000000,12.389099,5.043689
38.030774,-82.344400,-270.000000,12.393229,5.076996
38.550774,-82.344400,-270.000000,12.202606,5.015756
39.070774,-82.344400,-270.000000,12.229501,5.002198
39.590774,-82.344400,-270.000000,12.370377,5.018167
40.110774,-82.344400,-270.000000,12.360635,5.035969
40.630774,-82.344400,-270.000000,12.284551,5.032528
41.150774,-82.344400,-270.000000,12.494322,5.070856
41.670774,-82.344400,-270.000000,12.319579,5.018923
42.190774,-82.344400,-270.000000,12.437264,5.080588
42.710774,-82.344400,-270.000000,12.268855,5.017198
43.230774,-82.344400,-270.000000,12.462482,5.063419
43.750774,-82.344400,-270.000000,12.192634,5.024206
44.270774,-82.344400,-270.000000,12.419377,5.105008
44.790774,-82.344400,-270.000000,12.452330,5.083142
45.310774,-82.344400,-270.000000,12.333808,5.035244
45.830774,-82.344400,-270.000000,12.446267,5.050344
46.350774,-82.344400,-270.000000,12.358234,5.049787
46.870774,-82.344400,-270.000000,12.340470,5.019052
47.390774,-82.344400,-270.000000,12.239768,5.037497
47.910774,-82.344400,-270.000000,12.344954,5.033115
48.430774,-82.344400,-270.000000,12.219640,5.033747
48.950774,-82.344400,-270.000000,12.280686,5.047676
49.470774,-82.344400,-270.000000,12.409678,5.056271
49.990774,-82.344400,-270.000000,12.380605,5.054839
50.510774,-82.344400,-270.000000,12.437652,5.071286
51.030774,-82.344400,-270.000000,12.298880,5.026959
51.550774,-82.344400,-270.000000,12.343244,5.092484
52.070774,-82.344400,-270.000000,12.409029,5.089274
52.590774,-82.344400,-270.000000,12.358279,5.027862
53.110774,-82.344400,-270.000000,12.389989,5.022974
53.630774,-82.344400,-270.000000,12.253010,5.044841
54.150774,-82.344400,-270.000000,12.292139,5.016292
54.670774,-82.344400,-270.000000,12.273961,5.027524
55.190774,-82.344400,-270.000000,12.606082,5.098926
55.710774,-82.344400,-270.000000,12.600020,5.099218
56.230774,-82.344400,-270.000000,12.413360,4.988594
56.750774,-82.344400,-270.000000,12.405795,5.021013
57.270774,-82.344400,-270.000000,12.431208,5.037397
57.790774,-82.344400,-270.000000,12.341390,5.046534
58.310774,-82.344400,-270.000000,12.412594,5.012246
58.830774,-82.344400,-270.000000,12.525889,5.085644
59.350774,-82.344400,-270.000000,12.240989,5.010699
59.870774,-82.344400,-270.000000,12.302060,5.029993
60.390774,-82.344400,-270.000000,11.961994,4.944724
60.910774,-82.344400,-270.000000,12.287666,4.993567
61.430774,-82.344400,-270.000000,12.284827,5.029914
61.950774,-82.344400,-270.000000,12.266596,5.042087
62.470774,-82.344400,-270.000000,12.422026,5.034877
62.990774,-82.344400,-270.000000,12.371345,5.053010
63.510774,-82.344400,-270.000000,12.415356,5.089242
64.030774,-82.344400,-270.000000,12.355258,5.026883
64.550774,-82.344400,-270.000000,12.285608,4.977527
65.070774,-82.344400,-270.000000,12.262444,5.047835
65.590774,-82.344400,-270.000000,12.333233,5.003274
66.110774,-82.344400,-270.000000,12.331508,5.006921
66.630774,-82.344400,-270.000000,12.484867,5.086669
67.150774,-82.344400,-270.000000,12.435293,5.017096
67.670774,-82.344400,-270.000000,12.190760,5.016949
68.190774,-82.344400,-270.000000,12.423810,5.009868
68.710774,-82.344400,-270.000000,12.309621,5.037672
69.230774,-82.344400,-270.000000,12.265076,5.028728
69.750774,-82.344400,-270.000000,12.475837,5.064505
70.270774,-82.344400,-270.000000,12.199067,4.995817
70.790774,-82.344400,-270.000000,12.216890,5.027357
71.310774,-82.344400,-270.000000,12.328424,5.058598
71.830774,-82.344400,-270.000000,12.294955,4.928440
72.350774,-82.344400,-270.000000,12.313381,4.989882
72.870774,-82.344400,-270.000000,12.215018,4.999096
73.390774,-82.344400,-270.000000,12.301696,5.009395
73.910774,-82.344400,-270.000000,12.338540,5.048622
74.430774,-82.344400,-270.000000,12.442225,4.998906
74.950774,-82.344400,-270.000000,12.166133,5.027168
75.470774,-82.344400,-270.000000,12.243300,4.960877
75.990774,-82.344400,-270.000000,12.362136,4.948802
13.070774,-81.824400,-270.000000,12.292136,4.772841
13.590774,-81.824400,-270.000000,12.408143,4.823737
14.110774,-81.824400,-270.000000,12.621428,4.845591
14.630774,-81.824400,-270.000000,12.418208,4.798353
15.150774,-81.824400,-270.000000,12.227601,4.882889
15.670774,-81.824400,-270.000000,12.453704,4.902361
16.190774,-81.824400,-270.000000,12.334486,4.935503
16.710774,-81.824400,-270.000000,12.276240,4.945186
17.230774,-81.824400,-270.000000,12.230789,4.930549
17.750774,-81.824400,-270.000000,12.302704,4.949312
18.270774,-81.824400,-270.000000,12.317976,4.942628
18.790774,-81.824400,-270.000000,12.531197,4.932809
19.310774,-81.824400,-270.000000,12.410662,4.976783
19.830774,-81.824400,-270.000000,12.418293,5.027481
20.350774,-81.824400,-270.000000,12.357112,4.988748
20.870774,-81.824400,-270.000000,12.400233,4.976707
21.390774,-81.824400,-270.000000,12.209284,4.979384
21.910774,-81.824400,-270.000000,12.249947,4.966146
22.430774,-81.824400,-270.000000,12.425052,4.980978
22.950774,-81.824400,-270.000000,12.409288,5.005130
23.470774,-81.824400,-270.000000,12.343804,4.987362
23.990774,-81.824400,-270.000000,12.459870,5.043200
24.510774,-81.824400,-270.000000,12.418756,5.011797
25.030774,-81.824400,-270.000000,12.384933,5.036777
25.550774,-81.824400,-270.000000,12.321047,4.999331
26.070774,-81.824400,-270.000000,12.763900,5.112169
26.590774,-81.824400,-270.000000,12.483861,5.015878
27.110774,-81.824400,-270.000000,12.372309,5.015391
27.630774,-81.824400,-270.000000,12.379609,5.050972
28.150774,-81.824400,-270.000000,12.409953,5.032086
28.670774,-81.824400,-270.000000,12.299355,5.015177
29.190774,-81.824400,-270.000000,12.567405,5.058673
29.710774,-81.824400,-270.000000,12.324139,4.996808
30.230774,-81.824400,-270.000000,12.368385,5.002534
30.750774,-81.824400,-270.000000,12.474619,5.019461
31.270774,-81.824400,-270.000000,12.486946,5.026465
31.790774,-81.824400,-270.000000,12.528634,5.116920
32.310774,-81.824400,-270.000000,12.477320,5.017031
32.830774,-81.824400,-270.000000,12.179090,4.969687
33.350774,-81.824400,-270.000000,12.201572,5.010251
33.870774,-81.824400,-270.000000,12.346057,5.058948
34.390774,-81.824400,-270.000000,12.517609,5.037547
34.910774,-81.824400,-270.000000,12.407790,5.024015
35.430774,-81.824400,-270.000000,12.389889,4.982792
35.950774,-81.824400,-270.000000,12.320446,5.048896
36.470774,-81.824400,-270.000000,12.222212,5.048396
36.990774,-81.824400,-270.000000,12.457633,5.091450
37.510774,-81.824400,-270.000000,12.318482,5.046183
38.030774,-81.824400,-270.000000,12.364506,5.074350
38.550774,-81.824400,-270.000000,12.177726,5.032574
39.070774,-81.824400,-270.000000,12.187847,5.006963
39.590774,-81.824400,-270.000000,12.380095,5.016935
40.110774,-81.824400,-270.000000,12.290609,5.030876
40.630774,-81.824400,-270.000000,12.302967,5.026296
41.150774,-81.824400,-270.000000,12.455523,5.075992
41.670774,-81.824400,-270.000000,12.406212,5.040665
42.190774,-81.824400,-270.000000,12.348327,5.089657
42.710774,-81.824400,-270.000000,12.253905,5.016965
43.230774,-81.824400,-270.000000,12.503749,5.076950
43.750774,-81.824400,-270.000000,12.181649,5.034789
44.270774,-81.824400,-270.000000,12.434317,5.082050
44.790774,-81.824400,-270.000000,12.385810,5.080668
45.310774,-81.824400,-270.000000,12.435455,5.066175
45.830774,-81.824400,-270.000000,12.404576,5.052153
46.350774,-81.824400,-270.000000,12.346616,5.055651
46.870774,-81.824400,-270.000000,12.335305,5.037100
47.390774,-81.824400,-270.000000,12.285445,5.035964
47.910774,-81.824400,-270.000000,12.308240,5.015229
48.430774,-81.824400,-270.000000,12.145688,5.047711
48.950774,-81.824400,-270.000000,12.295815,5.036598
49.470774,-81.824400,-270.000000,12.423119,5.059869
49.990774,-81.824400,-270.000000,12.327717,5.057626
50.510774,-81.824400,-270.000000,12.446820,5.061972
51.030774,-81.824400,-270.000000,12.315964,5.023275
51.550774,-81.824400,-270.000000,12.363008,5.108139
52.070774,-81.824400,-270.000000,12.395379,5.086257
52.590774,-81.824400,-270.000000,12.337810,5.039164
53.110774,-81.824400,-270.000000,12.340017,5.033637
53.630774,-81.824400,-270.000000,12.247255,5.031998
54.150774,-81.824400,-270.000000,12.224487,5.012653
54.670774,-81.824400,-270.000000,12.250583,5.027084
55.190774,-81.824400,-270.000000,12.631606,5.106705
55.710774,-81.824400,-270.000000,12.549209,5.095511
56.230774,-81.824400,-270.000000,12.436621,4.989667
56.750774,-81.824400,-270.000000,12.318696,5.009915
57.270774,-81.824400,-270.000000,12.408875,5.031811
57.790774,-81.824400,-270.000000,12.305490,5.086021
58.310774,-81.824400,-270.000000,12.441688,4.990775
58.830774,-81.824400,-270.000000,12.518392,5.084210
59.350774,-81.824400,-270.000000,12.252823,5.033011
59.870774,-81.824400,-270.000000,12.289917,5.034071
60.390774,-81.824400,-270.000000,11.947346,4.944505
60.910774,-81.824400,-270.000000,12.319405,5.011142
61.430774,-81.824400,-270.000000,12.296719,5.040332
61.950774,-81.824400,-270.000000,12.211452,5.027813
62.470774,-81.824400,-270.000000,12.437442,5.049579
62.990774,-81.824400,-270.000000,12.348563,5.050862
63.510774,-81.824400,-270.000000,12.403398,5.112213
64.030774,-81.824400,-270.000000,12.428316,5.045336
64.550774,-81.824400,-270.000000,12.188995,4.972476
65.070774,-81.824400,-270.000000,12.379558,5.071564
65.590774,-81.824400,-270.000000,12.337138,5.007653
66.110774,-81.824400,-270.000000,12.284465,4.996556
66.630774,-81.824400,-270.000000,12.438348,5.087373
67.150774,-81.824400,-270.000000,12.454439,5.005848
67.670774,-81.824400,-270.000000,12.196720,5.027228
68.190774,-81.824400,-270.000000,12.427894,5.017159
68.710774,-81.824400,-270.000000,12.348188,5.043571
69.230774,-81.824400,-270.000000,12.220129,5.015613
69.750774,-81.824400,-270.000000,12.439540,5.065394
70.270774,-81.824400,-270.000000,12.166083,5.008824
70.790774,-81.824400,-270.000000,12.124816,5.012399
71.310774,-81.824400,-270.000000,12.330600,5.062326
71.830774,-81.824400,-270.000000,12.267206,4.929380
72.350774,-81.824400,-270.000000,12.272863,4.992308
72.870774,-81.824400,-270.000000,12.246919,5.004446
73.390774,-81.824400,-270.000000,12.242772,5.005860
73.910774,-81.824400,-270.000000,12.359605,5.053339
74.430774,-81.824400,-270.000000,12.387273,4.995512
74.950774,-81.824400,-270.000000,12.187206,5.052072
75.470774,-81.824400,-270.000000,12.114641,4.955883
75.990774,-81.824400,-270.000000,12.414775,4.961831
13.590774,-82.344400,-269.000000,12.243037,4.795317
14.110774,-82.344400,-269.000000,12.479684,4.855750
14.630774,-82.344400,-269.000000,12.568614,4.897644
15.150774,-82.344400,-269.000000,12.155670,4.903439
15.670774,-82.344400,-269.000000,12.527739,4.960422
16.190774,-82.344400,-269.000000,12.452946,4.935879
16.710774,-82.344400,-269.000000,12.381442,4.930057
17.230774,-82.344400,-269.000000,12.523473,4.969007
17.750774,-82.344400,-269.000000,12.454440,4.913801
18.270774,-82.344400,-269.000000,12.430882,4.918108
18.790774,-82.344400,-269.000000,12.456073,5.001884
19.310774,-82.344400,-269.000000,12.310056,4.924339
19.830774,-82.344400,-269.000000,12.357539,4.951968
20.350774,-82.344400,-269.000000,12.323608,5.016803
20.870774,-82.344400,-269.000000,12.343204,4.993207
21.390774,-82.344400,-269.000000,12.315534,4.969715
21.910774,-82.344400,-269.000000,12.399526,4.983039
22.430774,-82.344400,-269.000000,12.510253,5.018294
22.950774,-82.344400,-269.000000,12.523670,5.008000
23.470774,-82.344400,-269.000000,12.683672,4.969505
23.990774,-82.344400,-269.000000,12.451291,4.969542
24.510774,-82.344400,-269.000000,12.267022,4.994723
25.030774,-82.344400,-269.000000,12.305533,5.029501
25.550774,-82.344400,-269.000000,12.398424,5.001714
26.070774,-82.344400,-269.000000,12.448892,5.019941
26.590774,-82.344400,-269.000000,12.446754,5.050295
27.110774,-82.344400,-269.000000,12.352095,5.056221
27.630774,-82.344400,-269.000000,12.376519,5.077027
28.150774,-82.344400,-269.000000,12.297156,4.973088
28.670774,-82.344400,-269.000000,12.321307,5.030826
29.190774,-82.344400,-269.000000,12.410428,5.056165
29.710774,-82.344400,-269.000000,12.352397,5.042058
30.230774,-82.344400,-269.000000,12.442698,5.031418
30.750774,-82.344400,-269.000000,12.385964,5.053596
31.270774,-82.344400,-269.000000,12.337417,4.969246
31.790774,-82.344400,-269.000000,12.285491,5.036819
32.310774,-82.344400,-269.000000,12.539394,5.048637
32.830774,-82.344400,-269.000000,12.507374,5.078182
33.350774,-82.344400,-269.000000,12.282676,5.019019
33.870774,-82.344400,-269.000000,12.130407,5.033141
34.390774,-82.344400,-269.000000,12.225388,5.026753
34.910774,-82.344400,-269.000000,12.325541,4.956912
35.430774,-82.344400,-269.000000,12.404352,5.025672
35.950774,-82.344400,-269.000000,12.223212,4.990637
36.470774,-82.344400,-269.000000,12.178267,5.003356
36.990774,-82.344400,-269.000000,12.393168,5.104706
37.510774,-82.344400,-269.000000,12.281264,4.993969
38.030774,-82.344400,-269.000000,12.370043,4.954209
38.550774,-82.344400,-269.000000,12.424928,5.076444
39.070774,-82.344400,-269.000000,12.500422,5.099699
39.590774,-82.344400,-269.000000,12.221892,5.021895
40.110774,-82.344400,-269.000000,12.383528,5.063232
40.630774,-82.344400,-269.000000,12.437168,5.077372
41.150774,-82.344400,-269.000000,12.338624,5.035376
41.670774,-82.344400,-269.000000,12.139958,5.080014
42.190774,-82.344400,-269.000000,12.480800,5.081873
42.710774,-82.344400,-269.000000,12.369593,4.999823
43.230774,-82.344400,-269.000000,12.262408,5.058344
43.750774,-82.344400,-269.000000,12.395360,5.038810
44.270774,-82.344400,-269.000000,12.458159,5.037741
44.790774,-82.344400,-269.000000,12.240143,5.042650
45.310774,-82.344400,-269.000000,12.440107,5.060520
45.830774,-82.344400,-269.000000,12.533657,5.047260
46.350774,-82.344400,-269.000000,12.302815,5.044548
46.870774,-82.344400,-269.000000,12.248996,5.032838
47.390774,-82.344400,-269.000000,12.447552,5.045314
47.910774,-82.344400,-269.000000,12.466821,5.036366
48.430774,-82.344400,-269.000000,12.250030,5.039737
48.950774,-82.344400,-269.000000,12.238232,5.069826
49.470774,-82.344400,-269.000000,12.341765,4.986124
49.990774,-82.344400,-269.000000,12.479044,5.068751
50.510774,-82.344400,-269.000000,12.234058,5.014024
51.030774,-82.344400,-269.000000,12.457530,5.078703
51.550774,-82.344400,-269.000000,12.439009,5.103496
52.070774,-82.344400,-269.000000,12.360380,5.019623
52.590774,-82.344400,-269.000000,12.497586,5.008388
53.110774,-82.344400,-269.000000,12.567172,5.066969
53.630774,-82.344400,-269.000000,12.443267,5.078527
54.150774,-82.344400,-269.000000,12.358882,4.991861
54.670774,-82.344400,-269.000000,12.516563,5.028674
55.190774,-82.344400,-269.000000,12.590051,5.098857
55.710774,-82.344400,-269.000000,12.298972,5.038368
56.230774,-82.344400,-269.000000,12.467761,5.069501
56.750774,-82.344400,-269.000000,12.254839,5.017447
57.270774,-82.344400,-269.000000,12.454160,5.016844
57.790774,-82.344400,-269.000000,12.310754,5.059181
58.310774,-82.344400,-269.000000,12.461348,5.071968
58.830774,-82.344400,-269.000000,12.438046,5.050942
59.350774,-82.344400,-269.000000,12.515843,5.063313
59.870774,-82.344400,-269.000000,12.368705,5.065218
60.390774,-82.344400,-269.000000,12.477343,5.090601
60.910774,-82.344400,-269.000000,12.428688,5.029790
61.430774,-82.344400,-269.000000,12.483620,5.051671
61.950774,-82.344400,-269.000000,12.316385,5.036321
62.470774,-82.344400,-269.000000,12.440814,5.103291
62.990774,-82.344400,-269.000000,12.499783,5.056278
63.510774,-82.344400,-269.000000,12.537688,5.069803
64.030774,-82.344400,-269.000000,12.214665,4.978022
64.550774,-82.344400,-269.000000,12.461764,5.016768
65.070774,-82.344400,-269.000000,12.658867,5.036000
65.590774,-82.344400,-269.000000,12.298930,5.021791
66.110774,-82.344400,-269.000000,12.404532,5.032151
66.630774,-82.344400,-269.000000,12.026294,5.013044
67.150774,-82.344400,-269.000000,12.385361,4.997231
67.670774,-82.344400,-269.000000,12.138442,5.047159
68.190774,-82.344400,-269.000000,12.325508,4.991119
68.710774,-82.344400,-269.000000,12.285697,5.079458
69.230774,-82.344400,-269.000000,12.524192,5.041110
69.750774,-82.344400,-269.000000,12.359365,5.050714
70.270774,-82.344400,-269.000000,12.348534,5.085673
70.790774,-82.344400,-269.000000,12.459310,5.029168
71.310774,-82.344400,-269.000000,12.589926,5.020398
71.830774,-82.344400,-269.000000,12.455054,5.005314
72.350774,-82.344400,-269.000000,12.081797,4.965163
72.870774,-82.344400,-269.000000,12.328452,4.967594
73.390774,-82.344400,-269.000000,12.523603,5.020597
73.910774,-82.344400,-269.000000,12.628733,5.016438
74.430774,-82.344400,-269.000000,12.397357,4.998782
74.950774,-82.344400,-269.000000,12.420503,5.021414
75.470774,-82.344400,-269.000000,12.410861,5.046770
75.990774,-82.344400,-269.000000,12.515059,5.036182
13.070774,-81.824400,-269.000000,12.337570,4.785222
13.590774,-81.824400,-269.000000,12.237642,4.806070
14.110774,-81.824400,-269.000000,12.460383,4.853013
14.630774,-81.824400,-269.000000,12.565877,4.902577
15.150774,-81.824400,-269.000000,12.208542,4.937273
15.670774,-81.824400,-269.000000,12.559595,4.969883
16.190774,-81.824400,-269.000000,12.387248,4.937706
16.710774,-81.824400,-269.000000,12.446648,4.953159
17.230774,-81.824400,-269.000000,12.438996,4.977226
17.750774,-81.824400,-269.000000,12.483045,4.907922
18.270774,-81.824400,-269.000000,12.350123,4.906461
18.790774,-81.824400,-269.000000,12.458797,5.010247
19.310774,-81.824400,-269.000000,12.305315,4.930638
19.830774,-81.824400,-269.000000,12.377159,4.963178
20.350774,-81.824400,-269.000000,12.373809,5.022254
20.870774,-81.824400,-269.000000,12.248195,5.005249
21.390774,-81.824400,-269.000000,12.319020,4.946295
21.910774,-81.824400,-269.000000,12.410706,4.989607
22.430774,-81.824400,-269.000000,12.449050,5.013953
22.950774,-81.824400,-269.000000,12.565382,5.020844
23.470774,-81.824400,-269.000000,12.642809,4.976224
23.990774,-81.824400,-269.000000,12.447326,4.965092
24.510774,-81.824400,-269.000000,12.250525,5.002226
25.030774,-81.824400,-269.000000,12.251403,5.039790
25.550774,-81.824400,-269.000000,12.399907,5.017762
26.070774,-81.824400,-269.000000,12.453810,5.029168
26.590774,-81.824400,-269.000000,12.413144,5.037396
27.110774,-81.824400,-269.000000,12.338132,5.051608
27.630774,-81.824400,-269.000000,12.345903,5.073796
28.150774,-81.824400,-269.000000,12.282992,4.993019
28.670774,-81.824400,-269.000000,12.374916,5.013455
29.190774,-81.824400,-269.000000,12.347831,5.037673
29.710774,-81.824400,-269.000000,12.349608,5.068199
30.230774,-81.824400,-269.000000,12.430418,5.021306
30.750774,-81.824400,-269.000000,12.347514,5.053000
31.270774,-81.824400,-269.000000,12.399800,4.980155
31.790774,-81.824400,-269.000000,12.318958,5.048598
32.310774,-81.824400,-269.000000,12.470430,5.057920
32.830774,-81.824400,-269.000000,12.588881,5.095984
33.350774,-81.824400,-269.000000,12.211936,5.012631
33.870774,-81.824400,-269.000000,12.162783,5.037181
34.390774,-81.824400,-269.000000,12.272561,5.037281
34.910774,-81.824400,-269.000000,12.258855,4.967457
35.430774,-81.824400,-269.000000,12.339414,5.023673
35.950774,-81.824400,-269.000000,12.199866,4.995009
36.470774,-81.824400,-269.000000,12.218859,5.022572
36.990774,-81.824400,-269.000000,12.345259,5.085363
37.510774,-81.824400,-269.000000,12.296031,5.008481
38.030774,-81.824400,-269.000000,12.326989,4.950847
38.550774,-81.824400,-269.000000,12.429694,5.086992
39.070774,-81.824400,-269.000000,12.406497,5.096712
39.590774,-81.824400,-269.000000,12.227443,5.028224
40.110774,-81.824400,-269.000000,12.499569,5.090320
40.630774,-81.824400,-269.000000,12.394570,5.076001
41.150774,-81.824400,-269.000000,12.389424,5.054170
41.670774,-81.824400,-269.000000,12.170002,5.098138
42.190774,-81.824400,-269.000000,12.489930,5.086356
42.710774,-81.824400,-269.000000,12.346143,5.009151
43.230774,-81.824400,-269.000000,12.158837,5.056409
43.750774,-81.824400,-269.000000,12.372957,5.050074
44.270774,-81.824400,-269.000000,12.447707,5.046466
44.790774,-81.824400,-269.000000,12.327572,5.087941
45.310774,-81.824400,-269.000000,12.365134,5.058735
45.830774,-81.824400,-269.000000,12.517638,5.047473
46.350774,-81.824400,-269.000000,12.314010,5.037474
46.870774,-81.824400,-269.000000,12.223570,5.037245
47.390774,-81.824400,-269.000000,12.344000,5.027230
47.910774,-81.824400,-269.000000,12.582068,5.040210
48.430774,-81.824400,-269.000000,12.202762,5.054478
48.950774,-81.824400,-269.000000,12.300963,5.066336
49.470774,-81.824400,-269.000000,12.274338,4.965115
49.990774,-81.824400,-269.000000,12.514422,5.082805
50.510774,-81.824400,-269.000000,12.152716,5.000822
51.030774,-81.824400,-269.000000,12.480555,5.098142
51.550774,-81.824400,-269.000000,12.380053,5.097143
52.070774,-81.824400,-269.000000,12.445315,5.036699
52.590774,-81.824400,-269.000000,12.475125,5.015638
53.110774,-81.824400,-269.000000,12.531384,5.064296
53.630774,-81.824400,-269.000000,12.451793,5.072499
54.150774,-81.824400,-269.000000,12.333901,4.994144
54.670774,-81.824400,-269.000000,12.574534,5.063698
55.190774,-81.824400,-269.000000,12.551922,5.082723
55.710774,-81.824400,-269.000000,12.270061,5.080213
56.230774,-81.824400,-269.000000,12.457916,5.061452
56.750774,-81.824400,-269.000000,12.329320,5.047188
57.270774,-81.824400,-269.000000,12.443684,5.032173
57.790774,-81.824400,-269.000000,12.399020,5.071331
58.310774,-81.824400,-269.000000,12.438358,5.077334
58.830774,-81.824400,-269.000000,12.393570,5.051930
59.350774,-81.824400,-269.000000,12.477715,5.064883
59.870774,-81.824400,-269.000000,12.325016,5.071086
60.390774,-81.824400,-269.000000,12.410385,5.079487
60.910774,-81.824400,-269.000000,12.486402,5.048378
61.430774,-81.824400,-269.000000,12.501687,5.053148
61.950774,-81.824400,-269.000000,12.308617,5.029552
62.470774,-81.824400,-269.000000,12.464336,5.088283
62.990774,-81.824400,-269.000000,12.348066,5.032269
63.510774,-81.824400,-269.000000,12.572154,5.071693
64.030774,-81.824400,-269.000000,12.210224,4.998906
64.550774,-81.824400,-269.000000,12.473872,5.013537
65.070774,-81.824400,-269.000000,12.621601,5.031794
65.590774,-81.824400,-269.000000,12.325660,5.038815
66.110774,-81.824400,-269.000000,12.344419,5.020765
66.630774,-81.824400,-269.000000,12.060969,5.022003
67.150774,-81.824400,-269.000000,12.356359,5.026478
67.670774,-81.824400,-269.000000,12.137421,5.035859
68.190774,-81.824400,-269.000000,12.313872,5.001038
68.710774,-81.824400,-269.000000,12.290144,5.086117
69.230774,-81.824400,-269.000000,12.480632,5.034753
69.750774,-81.824400,-269.000000,12.365097,5.042311
70.270774,-81.824400,-269.000000,12.325507,5.094655
70.790774,-81.824400,-269.000000,12.486507,5.029545
71.310774,-81.824400,-269.000000,12.522574,5.022990
71.830774,-81.824400,-269.000000,12.424823,5.005126
72.350774,-81.824400,-269.000000,12.111743,4.967660
72.870774,-81.824400,-269.000000,12.289355,4.983237
73.390774,-81.824400,-269.000000,12.614929,5.034070
73.910774,-81.824400,-269.000000,12.573654,5.025998
74.430774,-81.824400,-269.000000,12.349786,4.990555
74.950774,-81.824400,-269.000000,12.358401,5.036407
75.470774,-81.824400,-269.000000,12.388950,5.024464
75.990774,-81.824400,-269.000000,12.602239,5.059712
13.590774,-82.344400,-268.000000,12.437221,4.830342
14.110774,-82.344400,-268.000000,12.535953,4.867786
14.630774,-82.344400,-268.000000,12.547225,4.908661
15.150774,-82.344400,-268.000000,12.598083,4.960049
15.670774,-82.344400,-268.000000,12.173157,4.925830
16.190774,-82.344400,-268.000000,12.336776,4.918913
16.710774,-82.344400,-268.000000,12.496864,4.929980
17.230774,-82.344400,-268.000000,12.253839,4.975020
17.750774,-82.344400,-268.000000,12.493573,4.971994
18.270774,-82.344400,-268.000000,12.368677,4.974018
18.790774,-82.344400,-268.000000,12.509458,4.942056
19.310774,-82.344400,-268.000000,12.308237,4.970122
19.830774,-82.344400,-268.000000,12.207279,4.977794
20.350774,-82.344400,-268.000000,12.409083,4.953425
20.870774,-82.344400,-268.000000,12.322901,4.961470
21.390774,-82.344400,-268.000000,12.459438,5.093622
21.910774,-82.344400,-268.000000,12.512128,5.036889
22.430774,-82.344400,-268.000000,12.314423,4.947665
22.950774,-82.344400,-268.000000,12.341742,5.013232
23.470774,-82.344400,-268.000000,12.493352,4.991971
23.990774,-82.344400,-268.000000,12.450046,5.001480
24.510774,-82.344400,-268.000000,12.578854,4.981690
25.030774,-82.344400,-268.000000,12.321284,4.999046
25.550774,-82.344400,-268.000000,12.163477,4.980059
26.070774,-82.344400,-268.000000,12.433585,5.018992
26.590774,-82.344400,-268.000000,12.406877,4.983758
27.110774,-82.344400,-268.000000,12.266528,5.038531
27.630774,-82.344400,-268.000000,12.156708,4.989501
28.150774,-82.344400,-268.000000,12.554893,5.020506
28.670774,-82.344400,-268.000000,12.424356,5.045074
29.190774,-82.344400,-268.000000,12.422636,5.030385
29.710774,-82.344400,-268.000000,12.592339,5.050274
30.230774,-82.344400,-268.000000,12.373674,5.037267
30.750774,-82.344400,-268.000000,12.284099,5.035295
31.270774,-82.344400,-268.000000,12.298288,4.996665
31.790774,-82.344400,-268.000000,12.391826,4.973002
32.310774,-82.344400,-268.000000,12.397734,4.969174
32.830774,-82.344400,-268.000000,12.150707,5.005409
33.350774,-82.344400,-268.000000,12.228015,5.036273
33.870774,-82.344400,-268.000000,12.277446,5.050992
34.390774,-82.344400,-268.000000,12.424912,5.021658
34.910774,-82.344400,-268.000000,12.376287,5.010958
35.430774,-82.344400,-268.000000,12.358512,5.050907
35.950774,-82.344400,-268.000000,12.487062,5.016896
36.470774,-82.344400,-268.000000,12.297775,5.038089
36.990774,-82.344400,-268.000000,12.526214,5.044867
37.510774,-82.344400,-268.000000,12.318974,5.053328
38.030774,-82.344400,-268.000000,12.694248,5.068308
38.550774,-82.344400,-268.000000,12.525262,5.052188
39.070774,-82.344400,-268.000000,12.681616,5.080560
39.590774,-82.344400,-268.000000,12.581779,5.116055
40.110774,-82.344400,-268.000000,12.564602,5.083447
40.630774,-82.344400,-268.000000,12.110452,4.989454
41.150774,-82.344400,-268.000000,12.225689,5.004272
41.670774,-82.344400,-268.000000,12.278245,5.013483
42.190774,-82.344400,-268.000000,12.464050,5.054250
42.710774,-82.344400,-268.000000,12.172490,5.031968
43.230774,-82.344400,-268.000000,12.148101,5.014373
43.750774,-82.344400,-268.000000,12.371848,5.055944
44.270774,-82.344400,-268.000000,12.314626,4.983370
44.790774,-82.344400,-268.000000,12.610179,5.074877
45.310774,-82.344400,-268.000000,12.522141,5.065071
45.830774,-82.344400,-268.000000,12.501006,5.068783
46.350774,-82.344400,-268.000000,12.491366,5.120312
46.870774,-82.344400,-268.000000,12.427264,5.018976
47.390774,-82.344400,-268.000000,12.187439,5.034585
47.910774,-82.344400,-268.000000,12.223799,5.029606
48.430774,-82.344400,-268.000000,12.408587,5.061882
48.950774,-82.344400,-268.000000,12.383299,5.024627
49.470774,-82.344400,-268.000000,12.363686,5.072530
49.990774,-82.344400,-268.000000,12.396131,5.075282
50.510774,-82.344400,-268.000000,12.268718,5.049721
51.030774,-82.344400,-268.000000,12.542738,5.054666
51.550774,-82.344400,-268.000000,12.275615,4.984820
52.070774,-82.344400,-268.000000,12.457232,5.043010
52.590774,-82.344400,-268.000000,12.260223,5.042962
53.110774,-82.344400,-268.000000,12.364622,5.042975
53.630774,-82.344400,-268.000000,12.604690,5.079568
54.150774,-82.344400,-268.000000,12.297412,5.035778
54.670774,-82.344400,-268.000000,12.411922,5.093372
55.190774,-82.344400,-268.000000,12.738508,5.118577
55.710774,-82.344400,-268.000000,12.515464,5.010697
56.230774,-82.344400,-268.000000,12.218955,5.008569
56.750774,-82.344400,-268.000000,12.506126,5.070192
57.270774,-82.344400,-268.000000,12.420451,5.120534
57.790774,-82.344400,-268.000000,12.299258,5.032504
58.310774,-82.344400,-268.000000,12.386642,5.031447
58.830774,-82.344400,-268.000000,12.284490,5.020018
59.350774,-82.344400,-268.000000,12.263848,5.008136
59.870774,-82.344400,-268.000000,12.321918,5.010839
60.390774,-82.344400,-268.000000,12.306939,5.088263
60.910774,-82.344400,-268.000000,12.353520,5.037438
61.430774,-82.344400,-268.000000,12.426816,5.064921
61.950774,-82.344400,-268.000000,12.234218,4.980273
62.470774,-82.344400,-268.000000,12.568017,5.088836
62.990774,-82.344400,-268.000000,12.479526,5.096712
63.510774,-82.344400,-268.000000,12.292992,4.995004
64.030774,-82.344400,-268.000000,12.525589,5.039695
64.550774,-82.344400,-268.000000,12.281035,5.071625
65.070774,-82.344400,-268.000000,12.457627,5.051756
65.590774,-82.344400,-268.000000,12.345883,4.989202
66.110774,-82.344400,-268.000000,12.205708,5.031717
66.630774,-82.344400,-268.000000,12.389281,5.054377
67.150774,-82.344400,-268.000000,12.228641,4.997725
67.670774,-82.344400,-268.000000,12.346541,5.004975
68.190774,-82.344400,-268.000000,12.491728,5.112084
68.710774,-82.344400,-268.000000,12.291153,5.045403
69.230774,-82.344400,-268.000000,12.320974,5.067268
69.750774,-82.344400,-268.000000,12.390308,5.007556
70.270774,-82.344400,-268.000000,12.513270,5.005705
70.790774,-82.344400,-268.000000,12.330400,5.027682
71.310774,-82.344400,-268.000000,12.458343,5.032896
71.830774,-82.344400,-268.000000,12.219382,5.043150
72.350774,-82.344400,-268.000000,12.394228,5.020347
72.870774,-82.344400,-268.000000,12.200606,5.080860
73.390774,-82.344400,-268.000000,12.267398,4.991479
73.910774,-82.344400,-268.000000,12.412725,5.041142
74.430774,-82.344400,-268.000000,12.310423,4.992003
74.950774,-82.344400,-268.000000,12.222178,4.994405
75.470774,-82.344400,-268.000000,12.439186,5.022113
75.990774,-82.344400,-268.000000,12.353046,4.972720
13.070774,-81.824400,-268.000000,12.699504,4.816003
13.590774,-81.824400,-268.000000,12.332090,4.830159
14.110774,-81.824400,-268.000000,12.498706,4.854918
14.630774,-81.824400,-268.000000,12.556998,4.923386
15.150774,-81.824400,-268.000000,12.535857,4.939099
15.670774,-81.824400,-268.000000,12.226759,4.932604
16.190774,-81.824400,-268.000000,12.343368,4.918264
16.710774,-81.824400,-268.000000,12.450868,4.933569
17.230774,-81.824400,-268.000000,12.226349,4.974995
17.750774,-81.824400,-268.000000,12.498927,4.980886
18.270774,-81.824400,-268.000000,12.343765,4.968657
18.790774,-81.824400,-268.000000,12.547445,4.947124
19.310774,-81.824400,-268.000000,12.274071,4.972302
19.830774,-81.824400,-268.000000,12.172206,4.976524
20.350774,-81.824400,-268.000000,12.394808,4.948113
20.870774,-81.824400,-268.000000,12.352070,4.962590
21.390774,-81.824400,-268.000000,12.387634,5.058434
21.910774,-81.824400,-268.000000,12.487308,5.045671
22.430774,-81.824400,-268.000000,12.384613,4.974536
22.950774,-81.824400,-268.000000,12.343732,5.016223
23.470774,-81.824400,-268.000000,12.478145,4.993291
23.990774,-81.824400,-268.000000,12.473887,5.025974
24.510774,-81.824400,-268.000000,12.526176,4.997491
25.030774,-81.824400,-268.000000,12.436893,5.012251
25.550774,-81.824400,-268.000000,12.121247,4.975354
26.070774,-81.824400,-268.000000,12.416990,5.013402
26.590774,-81.824400,-268.000000,12.412396,4.980175
27.110774,-81.824400,-268.000000,12.275420,5.055778
27.630774,-81.824400,-268.000000,12.214564,4.984951
28.150774,-81.824400,-268.000000,12.412238,5.022948
28.670774,-81.824400,-268.000000,12.498806,5.061107
29.190774,-81.824400,-268.000000,12.467745,5.037463
29.710774,-81.824400,-268.000000,12.522589,5.033670
30.230774,-81.824400,-268.000000,12.421039,5.065534
30.750774,-81.824400,-268.000000,12.386851,5.046737
31.270774,-81.824400,-268.000000,12.257740,5.011531
31.790774,-81.824400,-268.000000,12.386570,4.964382
32.310774,-81.824400,-268.000000,12.419211,4.990897
32.830774,-81.824400,-268.000000,12.158134,5.034958
33.350774,-81.824400,-268.000000,12.276444,5.041875
33.870774,-81.824400,-268.000000,12.208923,5.065295
34.390774,-81.824400,-268.000000,12.458838,5.016212
34.910774,-81.824400,-268.000000,12.316450,5.005616
35.430774,-81.824400,-268.000000,12.263273,5.027092
35.950774,-81.824400,-268.000000,12.526607,5.036251
36.470774,-81.824400,-268.000000,12.316093,5.042103
36.990774,-81.824400,-268.000000,12.485476,5.044540
37.510774,-81.824400,-268.000000,12.368327,5.068472
38.030774,-81.824400,-268.000000,12.643117,5.067633
38.550774,-81.824400,-268.000000,12.477344,5.070378
39.070774,-81.824400,-268.000000,12.648978,5.097742
39.590774,-81.824400,-268.000000,12.565922,5.113342
40.110774,-81.824400,-268.000000,12.424813,5.083057
40.630774,-81.824400,-268.000000,12.135582,4.998883
41.150774,-81.824400,-268.000000,12.215089,5.007602
41.670774,-81.824400,-268.000000,12.240169,5.019473
42.190774,-81.824400,-268.000000,12.379172,5.065948
42.710774,-81.824400,-268.000000,12.137014,5.030824
43.230774,-81.824400,-268.000000,12.183802,5.021898
43.750774,-81.824400,-268.000000,12.362639,5.063725
44.270774,-81.824400,-268.000000,12.277846,4.986981
44.790774,-81.824400,-268.000000,12.586664,5.068316
45.310774,-81.824400,-268.000000,12.519278,5.048837
45.830774,-81.824400,-268.000000,12.470037,5.095548
46.350774,-81.824400,-268.000000,12.441857,5.108308
46.870774,-81.824400,-268.000000,12.385427,5.032878
47.390774,-81.824400,-268.000000,12.310199,5.052186
47.910774,-81.824400,-268.000000,12.153839,5.030876
48.430774,-81.824400,-268.000000,12.419044,5.067760
48.950774,-81.824400,-268.000000,12.332040,5.017795
49.470774,-81.824400,-268.000000,12.354339,5.080049
49.990774,-81.824400,-268.000000,12.413079,5.069977
50.510774,-81.824400,-268.000000,12.194168,5.057406
51.030774,-81.824400,-268.000000,12.601759,5.081411
51.550774,-81.824400,-268.000000,12.273170,4.983600
52.070774,-81.824400,-268.000000,12.403366,5.048782
52.590774,-81.824400,-268.000000,12.265053,5.058884
53.110774,-81.824400,-268.000000,12.410795,5.057644
53.630774,-81.824400,-268.000000,12.584694,5.074154
54.150774,-81.824400,-268.000000,12.264264,5.012088
54.670774,-81.824400,-268.000000,12.408668,5.078931
55.190774,-81.824400,-268.000000,12.676186,5.128692
55.710774,-81.824400,-268.000000,12.468397,5.003223
56.230774,-81.824400,-268.000000,12.274947,5.003752
56.750774,-81.824400,-268.000000,12.547129,5.096017
57.270774,-81.824400,-268.000000,12.384765,5.120563
57.790774,-81.824400,-268.000000,12.291229,5.039313
58.310774,-81.824400,-268.000000,12.368274,5.032301
58.830774,-81.824400,-268.000000,12.288498,5.037060
59.350774,-81.824400,-268.000000,12.331122,5.009682
59.870774,-81.824400,-268.000000,12.263254,5.029284
60.390774,-81.824400,-268.000000,12.306513,5.093519
60.910774,-81.824400,-268.000000,12.337131,5.034966
61.430774,-81.824400,-268.000000,12.434033,5.054056
61.950774,-81.824400,-268.000000,12.218960,4.996662
62.470774,-81.824400,-268.000000,12.540856,5.081958
62.990774,-81.824400,-268.000000,12.453231,5.098927
63.510774,-81.824400,-268.000000,12.260684,5.003850
64.030774,-81.824400,-268.000000,12.512691,5.055656
64.550774,-81.824400,-268.000000,12.296277,5.055396
65.070774,-81.824400,-268.000000,12.410028,5.033268
65.590774,-81.824400,-268.000000,12.396360,5.007334
66.110774,-81.824400,-268.000000,12.202789,5.032018
66.630774,-81.824400,-268.000000,12.384356,5.064804
67.150774,-81.824400,-268.000000,12.322297,5.005424
67.670774,-81.824400,-268.000000,12.314754,5.011691
68.190774,-81.824400,-268.000000,12.532274,5.129672
68.710774,-81.824400,-268.000000,12.301810,5.040668
69.230774,-81.824400,-268.000000,12.359983,5.083703
69.750774,-81.824400,-268.000000,12.344717,5.011268
70.270774,-81.824400,-268.000000,12.474959,5.017632
70.790774,-81.824400,-268.000000,12.358542,5.019284
71.310774,-81.824400,-268.000000,12.423107,5.037617
71.830774,-81.824400,-268.000000,12.199600,5.059381
72.350774,-81.824400,-268.000000,12.432549,5.037238
72.870774,-81.824400,-268.000000,12.172801,5.087467
73.390774,-81.824400,-268.000000,12.212322,4.994337
73.910774,-81.824400,-268.000000,12.345630,5.039691
74.430774,-81.824400,-268.000000,12.335118,4.995149
74.950774,-81.824400,-268.000000,12.252934,4.994979
75.470774,-81.824400,-268.000000,12.424914,5.029772
75.990774,-81.824400,-268.000000,12.310615,4.974403
75.990774,-81.304400,-268.000000,12.289090,4.972656
13.590774,-82.344400,-267.000000,12.148864,4.808540
14.110774,-82.344400,-267.000000,12.383708,4.879349
14.630774,-82.344400,-267.000000,12.108010,4.850571
15.150774,-82.344400,-267.000000,12.446582,4.925458
15.670774,-82.344400,-267.000000,12.310493,4.905706
16.190774,-82.344400,-267.000000,12.267219,4.967468
16.710774,-82.344400,-267.000000,12.402180,4.919262
17.230774,-82.344400,-267.000000,12.360583,4.956961
17.750774,-82.344400,-267.000000,12.476150,4.945993
18.270774,-82.344400,-267.000000,12.459736,4.972896
18.790774,-82.344400,-267.000000,12.653578,4.989767
19.310774,-82.344400,-267.000000,12.353761,4.943351
19.830774,-82.344400,-267.000000,12.376420,4.976593
20.350774,-82.344400,-267.000000,12.300540,4.994442
20.870774,-82.344400,-267.000000,12.357562,4.934007
21.390774,-82.344400,-267.000000,12.188201,4.974070
21.910774,-82.344400,-267.000000,12.410649,4.947651
22.430774,-82.344400,-267.000000,12.465544,5.058321
22.950774,-82.344400,-267.000000,12.427072,4.998342
23.470774,-82.344400,-267.000000,12.360823,5.019468
23.990774,-82.344400,-267.000000,12.343060,5.035269
24.510774,-82.344400,-267.000000,12.277987,4.975887
25.030774,-82.344400,-267.000000,12.185562,5.009436
25.550774,-82.344400,-267.000000,12.358645,5.020747
26.070774,-82.344400,-267.000000,12.383037,4.978272
26.590774,-82.344400,-267.000000,12.250068,4.968207
27.110774,-82.344400,-267.000000,12.498559,5.047186
27.630774,-82.344400,-267.000000,12.547507,4.991498
28.150774,-82.344400,-267.000000,12.250342,5.041121
28.670774,-82.344400,-267.000000,12.386921,4.992328
29.190774,-82.344400,-267.000000,12.437680,5.029848
29.710774,-82.344400,-267.000000,12.192023,4.977831
30.230774,-82.344400,-267.000000,12.564008,5.010310
30.750774,-82.344400,-267.000000,12.404226,5.023523
31.270774,-82.344400,-267.000000,12.488202,5.028778
31.790774,-82.344400,-267.000000,12.519322,5.069383
32.310774,-82.344400,-267.000000,12.433761,5.029918
32.830774,-82.344400,-267.000000,12.423497,5.021736
33.350774,-82.344400,-267.000000,12.397738,4.999442
33.870774,-82.344400,-267.000000,12.339814,4.987619
34.390774,-82.344400,-267.000000,12.658731,5.043196
34.910774,-82.344400,-267.000000,12.326888,5.043200
35.430774,-82.344400,-267.000000,12.297019,5.005284
35.950774,-82.344400,-267.000000,12.655902,5.113009
36.470774,-82.344400,-267.000000,12.371474,4.991618
36.990774,-82.344400,-267.000000,12.240132,5.028574
37.510774,-82.344400,-267.000000,12.343513,5.038082
38.030774,-82.344400,-267.000000,12.351778,5.052604
38.550774,-82.344400,-267.000000,12.525116,5.076086
39.070774,-82.344400,-267.000000,12.288777,5.020395
39.590774,-82.344400,-267.000000,12.221957,5.028460
40.110774,-82.344400,-267.000000,12.616455,5.050426
40.630774,-82.344400,-267.000000,12.340442,5.025426
41.150774,-82.344400,-267.000000,12.357921,5.098363
41.670774,-82.344400,-267.000000,12.493925,5.057356
42.190774,-82.344400,-267.000000,12.355128,5.031059
42.710774,-82.344400,-267.000000,12.279470,5.019897
43.230774,-82.344400,-267.000000,12.395873,5.005764
43.750774,-82.344400,-267.000000,12.454648,5.028533
44.270774,-82.344400,-267.000000,12.332074,5.072050
44.790774,-82.344400,-267.000000,12.273207,5.069343
45.310774,-82.344400,-267.000000,12.569128,5.108288
45.830774,-82.344400,-267.000000,12.685168,5.106157
46.350774,-82.344400,-267.000000,12.321665,5.088888
46.870774,-82.344400,-267.000000,12.228418,4.980691
47.390774,-82.344400,-267.000000,12.286519,5.018408
47.910774,-82.344400,-267.000000,12.411811,5.019604
48.430774,-82.344400,-267.000000,12.169982,5.041098
48.950774,-82.344400,-267.000000,12.350898,5.035748
49.470774,-82.344400,-267.000000,12.300317,5.056998
49.990774,-82.344400,-267.000000,12.633462,5.049162
50.510774,-82.344400,-267.000000,12.703795,5.086322
51.030774,-82.344400,-267.000000,12.562029,5.041526
51.550774,-82.344400,-267.000000,12.419475,5.010493
52.070774,-82.344400,-267.000000,12.491101,5.059510
52.590774,-82.344400,-267.000000,12.423798,5.059603
53.110774,-82.344400,-267.000000,12.568667,5.067171
53.630774,-82.344400,-267.000000,12.211514,5.028521
54.150774,-82.344400,-267.000000,12.398517,5.027446
54.670774,-82.344400,-267.000000,12.367920,5.053851
55.190774,-82.344400,-267.000000,12.411391,5.006556
55.710774,-82.344400,-267.000000,12.217598,5.077786
56.230774,-82.344400,-267.000000,12.441707,5.082015
56.750774,-82.344400,-267.000000,12.171890,5.011107
57.270774,-82.344400,-267.000000,12.181355,5.056334
57.790774,-82.344400,-267.000000,12.193159,4.992836
58.310774,-82.344400,-267.000000,12.443276,5.050491
58.830774,-82.344400,-267.000000,12.343772,5.049117
59.350774,-82.344400,-267.000000,12.689333,5.047724
59.870774,-82.344400,-267.000000,12.116245,5.018917
60.390774,-82.344400,-267.000000,12.480954,5.063909
60.910774,-82.344400,-267.000000,12.459178,4.978203
61.430774,-82.344400,-267.000000,12.368883,5.032120
61.950774,-82.344400,-267.000000,12.201877,5.033754
62.470774,-82.344400,-267.000000,12.340738,5.017410
62.990774,-82.344400,-267.000000,12.577151,5.053023
63.510774,-82.344400,-267.000000,12.461247,5.038742
64.030774,-82.344400,-267.000000,12.496535,5.077183
64.550774,-82.344400,-267.000000,12.123101,5.050705
65.070774,-82.344400,-267.000000,12.437868,5.085704
65.590774,-82.344400,-267.000000,12.682662,5.013133
66.110774,-82.344400,-267.000000,12.415614,5.060785
66.630774,-82.344400,-267.000000,12.198941,5.065288
67.150774,-82.344400,-267.000000,12.451225,5.056833
67.670774,-82.344400,-267.000000,12.276176,4.971704
68.190774,-82.344400,-267.000000,12.580567,5.067381
68.710774,-82.344400,-267.000000,12.574673,5.071080
69.230774,-82.344400,-267.000000,12.467243,5.068529
69.750774,-82.344400,-267.000000,12.521473,5.052539
70.270774,-82.344400,-267.000000,12.434863,5.064611
70.790774,-82.344400,-267.000000,12.469115,5.084364
71.310774,-82.344400,-267.000000,12.425600,5.059817
71.830774,-82.344400,-267.000000,12.307319,5.034128
72.350774,-82.344400,-267.000000,12.447390,5.000839
72.870774,-82.344400,-267.000000,12.427010,5.017689
73.390774,-82.344400,-267.000000,12.391360,5.054583
73.910774,-82.344400,-267.000000,12.366740,5.060584
74.430774,-82.344400,-267.000000,12.412588,5.050697
74.950774,-82.344400,-267.000000,12.370751,5.030832
75.470774,-82.344400,-267.000000,12.357447,4.994009
75.990774,-82.344400,-267.000000,12.475443,5.007614
13.070774,-81.824400,-267.000000,12.457202,4.816101
13.590774,-81.824400,-267.000000,12.174339,4.805156
14.110774,-81.824400,-267.000000,12.309392,4.879797
14.630774,-81.824400,-267.000000,12.060247,4.842773
15.150774,-81.824400,-267.000000,12.444390,4.928243
15.670774,-81.824400,-267.000000,12.300732,4.912134
16.190774,-81.824400,-267.000000,12.327539,4.974274
16.710774,-81.824400,-267.000000,12.427525,4.935459
17.230774,-81.824400,-267.000000,12.270834,4.947418
17.750774,-81.824400,-267.000000,12.426732,4.940009
18.270774,-81.824400,-267.000000,12.404555,4.981430
18.790774,-81.824400,-267.000000,12.599011,4.974269
19.310774,-81.824400,-267.000000,12.451696,4.982891
19.830774,-81.824400,-267.000000,12.400867,4.977800
20.350774,-81.824400,-267.000000,12.249442,4.986577
20.870774,-81.824400,-267.000000,12.318583,4.945390
21.390774,-81.824400,-267.000000,12.217447,5.006149
21.910774,-81.824400,-267.000000,12.308961,4.935889
22.430774,-81.824400,-267.000000,12.464894,5.056401
22.950774,-81.824400,-267.000000,12.456508,5.008017
23.470774,-81.824400,-267.000000,12.325877,5.019664
23.990774,-81.824400,-267.000000,12.377677,5.057989
24.510774,-81.824400,-267.000000,12.355052,4.968409
25.030774,-81.824400,-267.000000,12.149829,5.003891
25.550774,-81.824400,-267.000000,12.277758,5.026663
26.070774,-81.824400,-267.000000,12.350700,4.976356
26.590774,-81.824400,-267.000000,12.247484,4.999989
27.110774,-81.824400,-267.000000,12.529510,5.071051
27.630774,-81.824400,-267.000000,12.580260,4.997137
28.150774,-81.824400,-267.000000,12.284830,5.044426
28.670774,-81.824400,-267.000000,12.331525,4.986594
29.190774,-81.824400,-267.000000,12.368415,5.005167
29.710774,-81.824400,-267.000000,12.178258,4.985810
30.230774,-81.824400,-267.000000,12.551193,5.014614
30.750774,-81.824400,-267.000000,12.458999,5.023468
31.270774,-81.824400,-267.000000,12.372717,5.017350
31.790774,-81.824400,-267.000000,12.528210,5.085855
32.310774,-81.824400,-267.000000,12.357801,5.034101
32.830774,-81.824400,-267.000000,12.423984,5.010784
33.350774,-81.824400,-267.000000,12.353949,5.001078
33.870774,-81.824400,-267.000000,12.309097,5.021002
34.390774,-81.824400,-267.000000,12.704983,5.033519
34.910774,-81.824400,-267.000000,12.286410,5.059470
35.430774,-81.824400,-267.000000,12.294784,4.999752
35.950774,-81.824400,-267.000000,12.658779,5.119690
36.470774,-81.824400,-267.000000,12.342842,4.999283
36.990774,-81.824400,-267.000000,12.179169,5.018098
37.510774,-81.824400,-267.000000,12.325843,5.040285
38.030774,-81.824400,-267.000000,12.370732,5.071734
38.550774,-81.824400,-267.000000,12.480744,5.059625
39.070774,-81.824400,-267.000000,12.398347,5.032309
39.590774,-81.824400,-267.000000,12.198704,5.029326
40.110774,-81.824400,-267.000000,12.551482,5.049851
40.630774,-81.824400,-267.000000,12.301172,5.049946
41.150774,-81.824400,-267.000000,12.391232,5.090231
41.670774,-81.824400,-267.000000,12.423938,5.050742
42.190774,-81.824400,-267.000000,12.393016,5.045535
42.710774,-81.824400,-267.000000,12.302540,5.047489
43.230774,-81.824400,-267.000000,12.382209,4.999082
43.750774,-81.824400,-267.000000,12.409624,5.048630
44.270774,-81.824400,-267.000000,12.259563,5.048282
44.790774,-81.824400,-267.000000,12.247136,5.078830
45.310774,-81.824400,-267.000000,12.597021,5.111219
45.830774,-81.824400,-267.000000,12.629169,5.102120
46.350774,-81.824400,-267.000000,12.364058,5.088720
46.870774,-81.824400,-267.000000,12.183356,4.990922
47.390774,-81.824400,-267.000000,12.317057,5.043034
47.910774,-81.824400,-267.000000,12.317481,5.021601
48.430774,-81.824400,-267.000000,12.197800,5.049380
48.950774,-81.824400,-267.000000,12.342216,5.034670
49.470774,-81.824400,-267.000000,12.279064,5.069034
49.990774,-81.824400,-267.000000,12.579241,5.053904
50.510774,-81.824400,-267.000000,12.681396,5.095465
51.030774,-81.824400,-267.000000,12.459217,5.043200
51.550774,-81.824400,-267.000000,12.469793,4.996123
52.070774,-81.824400,-267.000000,12.482429,5.081258
52.590774,-81.824400,-267.000000,12.399815,5.057439
53.110774,-81.824400,-267.000000,12.471992,5.063310
53.630774,-81.824400,-267.000000,12.305110,5.049936
54.150774,-81.824400,-267.000000,12.310512,5.038504
54.670774,-81.824400,-267.000000,12.391349,5.073299
55.190774,-81.824400,-267.000000,12.406951,5.023082
55.710774,-81.824400,-267.000000,12.273093,5.081245
56.230774,-81.824400,-267.000000,12.381568,5.094537
56.750774,-81.824400,-267.000000,12.176185,5.011727
57.270774,-81.824400,-267.000000,12.226097,5.035797
57.790774,-81.824400,-267.000000,12.161961,5.010843
58.310774,-81.824400,-267.000000,12.419753,5.056078
58.830774,-81.824400,-267.000000,12.265826,5.046140
59.350774,-81.824400,-267.000000,12.627974,5.071467
59.870774,-81.824400,-267.000000,12.158986,5.012321
60.390774,-81.824400,-267.000000,12.430785,5.056515
60.910774,-81.824400,-267.000000,12.474932,5.018492
61.430774,-81.824400,-267.000000,12.305217,5.029977
61.950774,-81.824400,-267.000000,12.191230,5.035556
62.470774,-81.824400,-267.000000,12.334117,5.009861
62.990774,-81.824400,-267.000000,12.495286,5.057852
63.510774,-81.824400,-267.000000,12.571582,5.062366
64.030774,-81.824400,-267.000000,12.430238,5.045661
64.550774,-81.824400,-267.000000,12.131480,5.070270
65.070774,-81.824400,-267.000000,12.447936,5.089147
65.590774,-81.824400,-267.000000,12.633285,5.014886
66.110774,-81.824400,-267.000000,12.424094,5.089480
66.630774,-81.824400,-267.000000,12.209535,5.063870
67.150774,-81.824400,-267.000000,12.403389,5.066958
67.670774,-81.824400,-267.000000,12.330888,4.988654
68.190774,-81.824400,-267.000000,12.472735,5.060959
68.710774,-81.824400,-267.000000,12.569716,5.075613
69.230774,-81.824400,-267.000000,12.481086,5.057982
69.750774,-81.824400,-267.000000,12.504060,5.053235
70.270774,-81.824400,-267.000000,12.427474,5.060681
70.790774,-81.824400,-267.000000,12.427705,5.095447
71.310774,-81.824400,-267.000000,12.429049,5.067538
71.830774,-81.824400,-267.000000,12.251956,5.042213
72.350774,-81.824400,-267.000000,12.413061,4.989928
72.870774,-81.824400,-267.000000,12.419726,5.037731
73.390774,-81.824400,-267.000000,12.394189,5.068130
73.910774,-81.824400,-267.000000,12.332365,5.055495
74.430774,-81.824400,-267.000000,12.469751,5.073079
74.950774,-81.824400,-267.000000,12.337907,5.044740
75.470774,-81.824400,-267.000000,12.358962,5.003113
75.990774,-81.824400,-267.000000,12.411883,5.023510
75.990774,-81.304400,-267.000000,12.306567,5.010880
13.070774,-82.344400,-266.000000,12.663692,4.846006
13.590774,-82.344400,-266.000000,12.154620,4.793338
14.110774,-82.344400,-266.000000,12.291683,4.836752
14.630774,-82.344400,-266.000000,12.205711,4.852963
15.150774,-82.344400,-266.000000,12.524831,4.891735
15.670774,-82.344400,-266.000000,12.430760,4.875116
16.190774,-82.344400,-266.000000,12.291850,4.941453
16.710774,-82.344400,-266.000000,12.655743,5.005947
17.230774,-82.344400,-266.000000,12.572899,4.938853
17.750774,-82.344400,-266.000000,12.476615,4.957312
18.270774,-82.344400,-266.000000,12.244988,4.898472
18.790774,-82.344400,-266.000000,12.381332,4.957610
19.310774,-82.344400,-266.000000,12.360156,5.016754
19.830774,-82.344400,-266.000000,12.066616,4.902888
20.350774,-82.344400,-266.000000,12.601954,5.031771
20.870774,-82.344400,-266.000000,12.428058,4.971298
21.390774,-82.344400,-266.000000,12.377332,5.032496
21.910774,-82.344400,-266.000000,12.223519,4.968440
22.430774,-82.344400,-266.000000,12.292823,4.959976
22.950774,-82.344400,-266.000000,11.978232,4.988369
23.470774,-82.344400,-266.000000,12.253323,4.985674
23.990774,-82.344400,-266.000000,12.268129,5.000820
24.510774,-82.344400,-266.000000,12.444049,4.972005
25.030774,-82.344400,-266.000000,12.474559,5.005654
25.550774,-82.344400,-266.000000,12.441861,5.045474
26.070774,-82.344400,-266.000000,12.566333,5.033916
26.590774,-82.344400,-266.000000,12.289428,4.993586
27.110774,-82.344400,-266.000000,12.468472,4.996710
27.630774,-82.344400,-266.000000,12.314142,5.048336
28.150774,-82.344400,-266.000000,12.347179,5.067090
28.670774,-82.344400,-266.000000,12.430395,4.986830
29.190774,-82.344400,-266.000000,12.367594,5.001878
29.710774,-82.344400,-266.000000,12.537308,5.103315
30.230774,-82.344400,-266.000000,12.356608,4.937421
30.750774,-82.344400,-266.000000,12.447077,5.034764
31.270774,-82.344400,-266.000000,12.242723,4.979764
31.790774,-82.344400,-266.000000,12.326370,5.015241
32.310774,-82.344400,-266.000000,12.292676,5.029963
32.830774,-82.344400,-266.000000,12.283061,4.993774
33.350774,-82.344400,-266.000000,12.186599,4.985510
33.870774,-82.344400,-266.000000,12.477403,5.068867
34.390774,-82.344400,-266.000000,12.337832,5.080737
34.910774,-82.344400,-266.000000,12.514800,5.060430
35.430774,-82.344400,-266.000000,12.415462,5.017194
35.950774,-82.344400,-266.000000,12.457004,5.022304
36.470774,-82.344400,-266.000000,12.235769,5.056550
36.990774,-82.344400,-266.000000,12.140068,5.019767
37.510774,-82.344400,-266.000000,12.221526,5.019856
38.030774,-82.344400,-266.000000,12.315166,5.039359
38.550774,-82.344400,-266.000000,12.727691,5.118946
39.070774,-82.344400,-266.000000,12.441352,5.039858
39.590774,-82.344400,-266.000000,12.399634,5.055901
40.110774,-82.344400,-266.000000,12.434569,5.015978
40.630774,-82.344400,-266.000000,12.387117,5.042477
41.150774,-82.344400,-266.000000,12.219985,5.053764
41.670774,-82.344400,-266.000000,12.502340,5.054168
42.190774,-82.344400,-266.000000,12.183875,5.019757
42.710774,-82.344400,-266.000000,12.524520,5.094553
43.230774,-82.344400,-266.000000,12.322404,5.030740
43.750774,-82.344400,-266.000000,12.466653,5.079211
44.270774,-82.344400,-266.000000,12.483905,5.089552
44.790774,-82.344400,-266.000000,12.438673,5.097451
45.310774,-82.344400,-266.000000,12.608795,5.066718
45.830774,-82.344400,-266.000000,12.525438,5.066675
46.350774,-82.344400,-266.000000,12.301010,5.007090
46.870774,-82.344400,-266.000000,12.394004,5.087876
47.390774,-82.344400,-266.000000,12.244444,5.021441
47.910774,-82.344400,-266.000000,12.620664,5.052417
48.430774,-82.344400,-266.000000,12.292747,4.995070
48.950774,-82.344400,-266.000000,12.407167,5.042648
49.470774,-82.344400,-266.000000,12.407569,5.013067
49.990774,-82.344400,-266.000000,12.516105,5.055423
50.510774,-82.344400,-266.000000,12.486594,5.057666
51.030774,-82.344400,-266.000000,12.417684,5.039692
51.550774,-82.344400,-266.000000,12.551480,5.034173
52.070774,-82.344400,-266.000000,12.330080,5.011829
52.590774,-82.344400,-266.000000,12.271372,5.045967
53.110774,-82.344400,-266.000000,12.691311,5.058205
53.630774,-82.344400,-266.000000,12.343963,5.046314
54.150774,-82.344400,-266.000000,12.361112,5.078011
54.670774,-82.344400,-266.000000,12.530585,5.073441
55.190774,-82.344400,-266.000000,12.220019,5.045576
55.710774,-82.344400,-266.000000,12.221987,5.009616
56.230774,-82.344400,-266.000000,12.464347,5.039782
56.750774,-82.344400,-266.000000,12.392005,5.010342
57.270774,-82.344400,-266.000000,12.338889,5.006817
57.790774,-82.344400,-266.000000,12.555391,5.064889
58.310774,-82.344400,-266.000000,12.304778,5.041255
58.830774,-82.344400,-266.000000,12.351509,4.959518
59.350774,-82.344400,-266.000000,12.285144,5.046477
59.870774,-82.344400,-266.000000,12.314667,5.024133
60.390774,-82.344400,-266.000000,12.659223,5.024778
60.910774,-82.344400,-266.000000,12.555923,5.054988
61.430774,-82.344400,-266.000000,12.316442,5.064353
61.950774,-82.344400,-266.000000,12.493878,5.084662
62.470774,-82.344400,-266.000000,12.280604,4.988542
62.990774,-82.344400,-266.000000,12.197124,4.985071
63.510774,-82.344400,-266.000000,12.493399,5.044921
64.030774,-82.344400,-266.000000,12.528098,5.106337
64.550774,-82.344400,-266.000000,12.304572,5.018633
65.070774,-82.344400,-266.000000,12.344559,5.029199
65.590774,-82.344400,-266.000000,12.403675,5.074724
66.110774,-82.344400,-266.000000,12.506765,5.065480
66.630774,-82.344400,-266.000000,12.465517,5.117158
67.150774,-82.344400,-266.000000,12.519011,5.016418
67.670774,-82.344400,-266.000000,12.379605,5.011765
68.190774,-82.344400,-266.000000,12.479865,5.030294
68.710774,-82.344400,-266.000000,12.180404,5.009329
69.230774,-82.344400,-266.000000,12.613879,5.008356
69.750774,-82.344400,-266.000000,12.304558,4.998524
70.270774,-82.344400,-266.000000,12.415893,5.022850
70.790774,-82.344400,-266.000000,12.350123,4.992461
71.310774,-82.344400,-266.000000,12.265347,5.044576
71.830774,-82.344400,-266.000000,12.377810,5.027090
72.350774,-82.344400,-266.000000,12.191165,5.045900
72.870774,-82.344400,-266.000000,12.392097,5.058389
73.390774,-82.344400,-266.000000,12.430705,5.029436
73.910774,-82.344400,-266.000000,12.464401,5.048120
74.430774,-82.344400,-266.000000,12.369656,5.009223
74.950774,-82.344400,-266.000000,12.278710,4.951849
75.470774,-82.344400,-266.000000,12.434196,5.006582
75.990774,-82.344400,-266.000000,12.409723,5.082379
13.070774,-81.824400,-266.000000,12.708421,4.858021
13.590774,-81.824400,-266.000000,12.176251,4.793110
14.110774,-81.824400,-266.000000,12.302049,4.841080
14.630774,-81.824400,-266.000000,12.158697,4.863775
15.150774,-81.824400,-266.000000,12.499435,4.881206
15.670774,-81.824400,-266.000000,12.375097,4.891153
16.190774,-81.824400,-266.000000,12.233421,4.969551
16.710774,-81.824400,-266.000000,12.684819,4.992875
17.230774,-81.824400,-266.000000,12.550457,4.959915
17.750774,-81.824400,-266.000000,12.477948,4.936837
18.270774,-81.824400,-266.000000,12.314774,4.931157
18.790774,-81.824400,-266.000000,12.355308,4.949447
19.310774,-81.824400,-266.000000,12.263085,5.026587
19.830774,-81.824400,-266.000000,12.087274,4.902133
20.350774,-81.824400,-266.000000,12.597191,5.031433
20.870774,-81.824400,-266.000000,12.417568,5.009653
21.390774,-81.824400,-266.000000,12.336171,5.004591
21.910774,-81.824400,-266.000000,12.265923,4.970030
22.430774,-81.824400,-266.000000,12.253356,4.976712
22.950774,-81.824400,-266.000000,11.911837,4.968766
23.470774,-81.824400,-266.000000,12.296374,5.002397
23.990774,-81.824400,-266.000000,12.263010,5.012352
24.510774,-81.824400,-266.000000,12.416084,4.976523
25.030774,-81.824400,-266.000000,12.437293,4.992567
25.550774,-81.824400,-266.000000,12.511851,5.062662
26.070774,-81.824400,-266.000000,12.483378,5.048754
26.590774,-81.824400,-266.000000,12.309386,4.987815
27.110774,-81.824400,-266.000000,12.473463,5.001617
27.630774,-81.824400,-266.000000,12.266480,5.064950
28.150774,-81.824400,-266.000000,12.269903,5.044159
28.670774,-81.824400,-266.000000,12.442447,5.016877
29.190774,-81.824400,-266.000000,12.324351,4.988214
29.710774,-81.824400,-266.000000,12.497770,5.111748
30.230774,-81.824400,-266.000000,12.380288,4.958343
30.750774,-81.824400,-266.000000,12.336739,5.022552
31.270774,-81.824400,-266.000000,12.317071,5.000252
31.790774,-81.824400,-266.000000,12.276344,5.015885
32.310774,-81.824400,-266.000000,12.347942,5.039163
32.830774,-81.824400,-266.000000,12.237682,4.986030
33.350774,-81.824400,-266.000000,12.167175,4.978219
33.870774,-81.824400,-266.000000,12.331819,5.064692
34.390774,-81.824400,-266.000000,12.414783,5.094833
34.910774,-81.824400,-266.000000,12.465284,5.070884
35.430774,-81.824400,-266.000000,12.380095,5.039715
35.950774,-81.824400,-266.000000,12.427885,5.010015
36.470774,-81.824400,-266.000000,12.235251,5.070090
36.990774,-81.824400,-266.000000,12.067697,5.023946
37.510774,-81.824400,-266.000000,12.221220,5.012950
38.030774,-81.824400,-266.000000,12.338994,5.070709
38.550774,-81.824400,-266.000000,12.688485,5.113569
39.070774,-81.824400,-266.000000,12.414672,5.043063
39.590774,-81.824400,-266.000000,12.366004,5.066539
40.110774,-81.824400,-266.000000,12.456316,5.019487
40.630774,-81.824400,-266.000000,12.437185,5.054037
41.150774,-81.824400,-266.000000,12.188726,5.052516
41.670774,-81.824400,-266.000000,12.547834,5.075647
42.190774,-81.824400,-266.000000,12.176133,5.024045
42.710774,-81.824400,-266.000000,12.446490,5.088584
43.230774,-81.824400,-266.000000,12.384007,5.047022
43.750774,-81.824400,-266.000000,12.461524,5.075306
44.270774,-81.824400,-266.000000,12.518088,5.101929
44.790774,-81.824400,-266.000000,12.512804,5.104113
45.310774,-81.824400,-266.000000,12.497565,5.076378
45.830774,-81.824400,-266.000000,12.550918,5.070952
46.350774,-81.824400,-266.000000,12.242511,5.010817
46.870774,-81.824400,-266.000000,12.353459,5.073544
47.390774,-81.824400,-266.000000,12.219218,5.031119
47.910774,-81.824400,-266.000000,12.626571,5.053689
48.430774,-81.824400,-266.000000,12.239688,4.996112
48.950774,-81.824400,-266.000000,12.397590,5.045709
49.470774,-81.824400,-266.000000,12.407050,5.027461
49.990774,-81.824400,-266.000000,12.545176,5.039264
50.510774,-81.824400,-266.000000,12.397835,5.038907
51.030774,-81.824400,-266.000000,12.415595,5.030372
51.550774,-81.824400,-266.000000,12.499236,5.047515
52.070774,-81.824400,-266.000000,12.387852,5.020150
52.590774,-81.824400,-266.000000,12.263423,5.053702
53.110774,-81.824400,-266.000000,12.587157,5.042772
53.630774,-81.824400,-266.000000,12.341294,5.046585
54.150774,-81.824400,-266.000000,12.394483,5.092419
54.670774,-81.824400,-266.000000,12.546660,5.076180
55.190774,-81.824400,-266.000000,12.202338,5.051177
55.710774,-81.824400,-266.000000,12.205853,5.012593
56.230774,-81.824400,-266.000000,12.449825,5.036741
56.750774,-81.824400,-266.000000,12.389651,5.019042
57.270774,-81.824400,-266.000000,12.340075,5.022198
57.790774,-81.824400,-266.000000,12.483699,5.065501
58.310774,-81.824400,-266.000000,12.294566,5.052234
58.830774,-81.824400,-266.000000,12.352601,4.972304
59.350774,-81.824400,-266.000000,12.307291,5.043356
59.870774,-81.824400,-266.000000,12.333505,5.037339
60.390774,-81.824400,-266.000000,12.574180,5.017040
60.910774,-81.824400,-266.000000,12.536198,5.053773
61.430774,-81.824400,-266.000000,12.336456,5.077624
61.950774,-81.824400,-266.000000,12.479890,5.097405
62.470774,-81.824400,-266.000000,12.230927,4.992787
62.990774,-81.824400,-266.000000,12.281512,5.004471
63.510774,-81.824400,-266.000000,12.463525,5.039681
64.030774,-81.824400,-266.000000,12.534167,5.138584
64.550774,-81.824400,-266.000000,12.355712,5.010260
65.070774,-81.824400,-266.000000,12.304465,5.026312
65.590774,-81.824400,-266.000000,12.427188,5.088785
66.110774,-81.824400,-266.000000,12.412841,5.058683
66.630774,-81.824400,-266.000000,12.521204,5.122168
67.150774,-81.824400,-266.000000,12.508814,5.036002
67.670774,-81.824400,-266.000000,12.399942,5.012006
68.190774,-81.824400,-266.000000,12.478648,5.037430
68.710774,-81.824400,-266.000000,12.199740,5.014190
69.230774,-81.824400,-266.000000,12.523257,4.995805
69.750774,-81.824400,-266.000000,12.324936,5.005621
70.270774,-81.824400,-266.000000,12.489335,5.036995
70.790774,-81.824400,-266.000000,12.339175,5.001995
71.310774,-81.824400,-266.000000,12.253891,5.057379
71.830774,-81.824400,-266.000000,12.454402,5.020549
72.350774,-81.824400,-266.000000,12.180159,5.028074
72.870774,-81.824400,-266.000000,12.335013,5.042753
73.390774,-81.824400,-266.000000,12.420524,5.028808
73.910774,-81.824400,-266.000000,12.465770,5.062356
74.430774,-81.824400,-266.000000,12.386549,5.019602
74.950774,-81.824400,-266.000000,12.258468,4.935919
75.470774,-81.824400,-266.000000,12.351936,5.001715
75.990774,-81.824400,-266.000000,12.418468,5.091245
75.990774,-81.304400,-266.000000,12.421658,5.085867
13.070774,-82.344400,-265.000000,12.600237,4.806642
13.590774,-82.344400,-265.000000,12.395737,4.806319
14.110774,-82.344400,-265.000000,12.388188,4.888829
14.630774,-82.344400,-265.000000,12.447032,4.895632
15.150774,-82.344400,-265.000000,12.462836,4.916830
15.670774,-82.344400,-265.000000,12.285270,4.905106
16.190774,-82.344400,-265.000000,12.470534,4.986180
16.710774,-82.344400,-265.000000,12.324528,5.024209
17.230774,-82.344400,-265.000000,12.433131,4.956378
17.750774,-82.344400,-265.000000,12.277846,4.964710
18.270774,-82.344400,-265.000000,12.454227,4.892766
18.790774,-82.344400,-265.000000,12.358218,4.957781
19.310774,-82.344400,-265.000000,12.410704,4.954315
19.830774,-82.344400,-265.000000,12.386008,5.014648
20.350774,-82.344400,-265.000000,12.564475,5.006838
20.870774,-82.344400,-265.000000,12.628198,5.056377
21.390774,-82.344400,-265.000000,12.584536,5.021666
21.910774,-82.344400,-265.000000,12.415828,5.006674
22.430774,-82.344400,-265.000000,12.503386,5.047476
22.950774,-82.344400,-265.000000,12.200583,4.979321
23.470774,-82.344400,-265.000000,12.576072,5.022003
23.990774,-82.344400,-265.000000,12.320076,4.986910
24.510774,-82.344400,-265.000000,12.562289,5.011529
25.030774,-82.344400,-265.000000,12.499868,5.111662
25.550774,-82.344400,-265.000000,12.301585,5.026258
26.070774,-82.344400,-265.000000,12.413966,5.055537
26.590774,-82.344400,-265.000000,12.229110,4.991059
27.110774,-82.344400,-265.000000,12.410687,5.034226
27.630774,-82.344400,-265.000000,12.263387,4.989645
28.150774,-82.344400,-265.000000,12.452380,5.019900
28.670774,-82.344400,-265.000000,12.595516,5.078383
29.190774,-82.344400,-265.000000,12.309205,5.000514
29.710774,-82.344400,-265.000000,12.113456,4.988341
30.230774,-82.344400,-265.000000,12.283210,5.026924
30.750774,-82.344400,-265.000000,12.527350,5.059636
31.270774,-82.344400,-265.000000,12.415667,5.041860
31.790774,-82.344400,-265.000000,12.131092,4.987690
32.310774,-82.344400,-265.000000,12.132045,4.917119
32.830774,-82.344400,-265.000000,12.575370,5.054208
33.350774,-82.344400,-265.000000,12.205491,5.020875
33.870774,-82.344400,-265.000000,12.216170,5.000782
34.390774,-82.344400,-265.000000,12.410857,5.054064
34.910774,-82.344400,-265.000000,12.544486,5.031525
35.430774,-82.344400,-265.000000,12.321384,5.026360
35.950774,-82.344400,-265.000000,12.296801,5.040965
36.470774,-82.344400,-265.000000,12.298267,5.045290
36.990774,-82.344400,-265.000000,12.357591,5.094130
37.510774,-82.344400,-265.000000,12.368279,5.031124
38.030774,-82.344400,-265.000000,12.324761,5.135314
38.550774,-82.344400,-265.000000,12.423393,5.015773
39.070774,-82.344400,-265.000000,12.374609,5.087345
39.590774,-82.344400,-265.000000,12.292668,5.074948
40.110774,-82.344400,-265.000000,12.396697,5.135346
40.630774,-82.344400,-265.000000,12.476094,5.018247
41.150774,-82.344400,-265.000000,12.360713,5.054707
41.670774,-82.344400,-265.000000,12.238609,5.067744
42.190774,-82.344400,-265.000000,12.295707,5.026393
42.710774,-82.344400,-265.000000,12.493831,5.093219
43.230774,-82.344400,-265.000000,12.692447,5.083656
43.750774,-82.344400,-265.000000,12.261677,4.981810
44.270774,-82.344400,-265.000000,12.291373,5.024959
44.790774,-82.344400,-265.000000,12.231415,5.028918
45.310774,-82.344400,-265.000000,12.380886,5.044038
45.830774,-82.344400,-265.000000,12.741187,5.058307
46.350774,-82.344400,-265.000000,12.287069,5.047960
46.870774,-82.344400,-265.000000,12.394150,5.042399
47.390774,-82.344400,-265.000000,12.426052,5.032903
47.910774,-82.344400,-265.000000,12.362730,5.057166
48.430774,-82.344400,-265.000000,12.266593,4.986477
48.950774,-82.344400,-265.000000,12.317239,5.027256
49.470774,-82.344400,-265.000000,12.470954,5.040977
49.990774,-82.344400,-265.000000,12.196602,5.009475
50.510774,-82.344400,-265.000000,12.369746,5.026855
51.030774,-82.344400,-265.000000,12.389693,5.028084
51.550774,-82.344400,-265.000000,12.425061,5.074726
52.070774,-82.344400,-265.000000,12.318667,5.015199
52.590774,-82.344400,-265.000000,12.396418,5.061899
53.110774,-82.344400,-265.000000,12.551974,5.060132
53.630774,-82.344400,-265.000000,12.372273,5.082089
54.150774,-82.344400,-265.000000,12.408232,5.080709
54.670774,-82.344400,-265.000000,12.331310,5.054405
55.190774,-82.344400,-265.000000,12.599643,5.066052
55.710774,-82.344400,-265.000000,12.246057,5.033538
56.230774,-82.344400,-265.000000,12.490578,5.033570
56.750774,-82.344400,-265.000000,12.356219,5.027498
57.270774,-82.344400,-265.000000,12.380389,5.023382
57.790774,-82.344400,-265.000000,12.397282,5.023350
58.310774,-82.344400,-265.000000,12.310434,5.048479
58.830774,-82.344400,-265.000000,12.301289,5.010468
59.350774,-82.344400,-265.000000,12.538467,5.053644
59.870774,-82.344400,-265.000000,12.656083,5.121085
60.390774,-82.344400,-265.000000,12.380118,5.051307
60.910774,-82.344400,-265.000000,12.450438,5.072757
61.430774,-82.344400,-265.000000,12.189172,5.076657
61.950774,-82.344400,-265.000000,12.293258,4.971061
62.470774,-82.344400,-265.000000,12.371674,5.055976
62.990774,-82.344400,-265.000000,12.391899,5.001655
63.510774,-82.344400,-265.000000,12.372066,5.009074
64.030774,-82.344400,-265.000000,12.185398,5.045230
64.550774,-82.344400,-265.000000,12.400978,5.034760
65.070774,-82.344400,-265.000000,12.557695,5.036935
65.590774,-82.344400,-265.000000,12.546477,5.054277
66.110774,-82.344400,-265.000000,12.638026,5.093211
66.630774,-82.344400,-265.000000,12.395860,5.049172
67.150774,-82.344400,-265.000000,12.623305,5.081508
67.670774,-82.344400,-265.000000,12.445079,5.024918
68.190774,-82.344400,-265.000000,12.394113,5.061036
68.710774,-82.344400,-265.000000,12.478051,5.027347
69.230774,-82.344400,-265.000000,12.336813,5.097938
69.750774,-82.344400,-265.000000,12.356467,5.014754
70.270774,-82.344400,-265.000000,12.352080,5.031163
70.790774,-82.344400,-265.000000,12.367579,5.041597
71.310774,-82.344400,-265.000000,12.605774,5.044929
71.830774,-82.344400,-265.000000,12.169028,4.972594
72.350774,-82.344400,-265.000000,12.404613,5.019272
72.870774,-82.344400,-265.000000,12.376626,4.978475
73.390774,-82.344400,-265.000000,12.298941,5.021146
73.910774,-82.344400,-265.000000,12.473660,5.054909
74.430774,-82.344400,-265.000000,12.673814,5.086039
74.950774,-82.344400,-265.000000,12.421206,4.995659
75.470774,-82.344400,-265.000000,12.598744,5.045588
75.990774,-82.344400,-265.000000,12.296700,5.007876
13.070774,-81.824400,-265.000000,12.544933,4.808283
13.590774,-81.824400,-265.000000,12.427291,4.807235
14.110774,-81.824400,-265.000000,12.367700,4.897134
14.630774,-81.824400,-265.000000,12.521385,4.920455
15.150774,-81.824400,-265.000000,12.447013,4.908174
15.670774,-81.824400,-265.000000,12.257565,4.903940
16.190774,-81.824400,-265.000000,12.391151,4.969171
16.710774,-81.824400,-265.000000,12.358378,5.031741
17.230774,-81.824400,-265.000000,12.421794,4.970658
17.750774,-81.824400,-265.000000,12.324866,4.973092
18.270774,-81.824400,-265.000000,12.418311,4.902189
18.790774,-81.824400,-265.000000,12.388172,4.965102
19.310774,-81.824400,-265.000000,12.424887,4.973746
19.830774,-81.824400,-265.000000,12.378364,4.996281
20.350774,-81.824400,-265.000000,12.520836,4.998290
20.870774,-81.824400,-265.000000,12.625350,5.056155
21.390774,-81.824400,-265.000000,12.621425,5.057982
21.910774,-81.824400,-265.000000,12.405073,5.015954
22.430774,-81.824400,-265.000000,12.543021,5.045057
22.950774,-81.824400,-265.000000,12.266838,4.958321
23.470774,-81.824400,-265.000000,12.513990,5.021571
23.990774,-81.824400,-265.000000,12.447964,5.016832
24.510774,-81.824400,-265.000000,12.435404,5.002014
25.030774,-81.824400,-265.000000,12.499278,5.088171
25.550774,-81.824400,-265.000000,12.324511,5.040878
26.070774,-81.824400,-265.000000,12.403780,5.061316
26.590774,-81.824400,-265.000000,12.306930,5.007412
27.110774,-81.824400,-265.000000,12.290463,5.009789
27.630774,-81.824400,-265.000000,12.247242,4.988795
28.150774,-81.824400,-265.000000,12.500669,5.041306
28.670774,-81.824400,-265.000000,12.526351,5.052286
29.190774,-81.824400,-265.000000,12.282190,4.999034
29.710774,-81.824400,-265.000000,12.118454,4.987715
30.230774,-81.824400,-265.000000,12.278335,5.038945
30.750774,-81.824400,-265.000000,12.492586,5.052245
31.270774,-81.824400,-265.000000,12.448621,5.069181
31.790774,-81.824400,-265.000000,12.098258,4.990550
32.310774,-81.824400,-265.000000,12.187804,4.932093
32.830774,-81.824400,-265.000000,12.551959,5.068232
33.350774,-81.824400,-265.000000,12.244708,5.022669
33.870774,-81.824400,-265.000000,12.224405,5.014694
34.390774,-81.824400,-265.000000,12.346679,5.047184
34.910774,-81.824400,-265.000000,12.504704,5.029830
35.430774,-81.824400,-265.000000,12.366921,5.037871
35.950774,-81.824400,-265.000000,12.244154,5.026687
36.470774,-81.824400,-265.000000,12.344531,5.053229
36.990774,-81.824400,-265.000000,12.433900,5.102583
37.510774,-81.824400,-265.000000,12.284188,5.012667
38.030774,-81.824400,-265.000000,12.278965,5.144894
38.550774,-81.824400,-265.000000,12.352548,5.011373
39.070774,-81.824400,-265.000000,12.425364,5.104075
39.590774,-81.824400,-265.000000,12.219127,5.041004
40.110774,-81.824400,-265.000000,12.339396,5.137249
40.630774,-81.824400,-265.000000,12.489973,5.034404
41.150774,-81.824400,-265.000000,12.298922,5.038934
41.670774,-81.824400,-265.000000,12.297659,5.078754
42.190774,-81.824400,-265.000000,12.292660,5.034568
42.710774,-81.824400,-265.000000,12.512218,5.088910
43.230774,-81.824400,-265.000000,12.719942,5.111961
43.750774,-81.824400,-265.000000,12.248970,4.973702
44.270774,-81.824400,-265.000000,12.277725,5.033965
44.790774,-81.824400,-265.000000,12.217572,5.047203
45.310774,-81.824400,-265.000000,12.395658,5.045484
45.830774,-81.824400,-265.000000,12.737777,5.056219
46.350774,-81.824400,-265.000000,12.278375,5.043128
46.870774,-81.824400,-265.000000,12.408648,5.057224
47.390774,-81.824400,-265.000000,12.412520,5.027451
47.910774,-81.824400,-265.000000,12.375744,5.076056
48.430774,-81.824400,-265.000000,12.317029,4.992983
48.950774,-81.824400,-265.000000,12.242547,5.015605
49.470774,-81.824400,-265.000000,12.478148,5.055224
49.990774,-81.824400,-265.000000,12.189454,5.008092
50.510774,-81.824400,-265.000000,12.355691,5.022857
51.030774,-81.824400,-265.000000,12.337183,5.027747
51.550774,-81.824400,-265.000000,12.490205,5.089725
52.070774,-81.824400,-265.000000,12.292712,5.028358
52.590774,-81.824400,-265.000000,12.392861,5.074119
53.110774,-81.824400,-265.000000,12.548469,5.080027
53.630774,-81.824400,-265.000000,12.392406,5.097532
54.150774,-81.824400,-265.000000,12.354583,5.080481
54.670774,-81.824400,-265.000000,12.312995,5.072449
55.190774,-81.824400,-265.000000,12.496993,5.050617
55.710774,-81.824400,-265.000000,12.382144,5.062541
56.230774,-81.824400,-265.000000,12.400561,5.034612
56.750774,-81.824400,-265.000000,12.384219,5.037670
57.270774,-81.824400,-265.000000,12.393580,5.033983
57.790774,-81.824400,-265.000000,12.453697,5.048817
58.310774,-81.824400,-265.000000,12.200552,5.049506
58.830774,-81.824400,-265.000000,12.314944,5.010625
59.350774,-81.824400,-265.000000,12.568753,5.061267
59.870774,-81.824400,-265.000000,12.656283,5.110263
60.390774,-81.824400,-265.000000,12.281194,5.036683
60.910774,-81.824400,-265.000000,12.429854,5.102194
61.430774,-81.824400,-265.000000,12.198436,5.096917
61.950774,-81.824400,-265.000000,12.250722,4.958082
62.470774,-81.824400,-265.000000,12.382974,5.067065
62.990774,-81.824400,-265.000000,12.398136,5.011936
63.510774,-81.824400,-265.000000,12.329867,5.009663
64.030774,-81.824400,-265.000000,12.151792,5.032127
64.550774,-81.824400,-265.000000,12.320735,5.047550
65.070774,-81.824400,-265.000000,12.620330,5.052539
65.590774,-81.824400,-265.000000,12.415135,5.049388
66.110774,-81.824400,-265.000000,12.643950,5.088905
66.630774,-81.824400,-265.000000,12.363887,5.065473
67.150774,-81.824400,-265.000000,12.667193,5.078972
67.670774,-81.824400,-265.000000,12.425044,5.028793
68.190774,-81.824400,-265.000000,12.332882,5.058762
68.710774,-81.824400,-265.000000,12.480439,5.041830
69.230774,-81.824400,-265.000000,12.350444,5.098514
69.750774,-81.824400,-265.000000,12.406384,5.036895
70.270774,-81.824400,-265.000000,12.297191,5.041187
70.790774,-81.824400,-265.000000,12.381332,5.044906
71.310774,-81.824400,-265.000000,12.497355,5.035437
71.830774,-81.824400,-265.000000,12.221894,4.994916
72.350774,-81.824400,-265.000000,12.376801,5.026145
72.870774,-81.824400,-265.000000,12.421844,4.972111
73.390774,-81.824400,-265.000000,12.282660,5.035861
73.910774,-81.824400,-265.000000,12.411138,5.048405
74.430774,-81.824400,-265.000000,12.620449,5.080261
74.950774,-81.824400,-265.000000,12.466380,5.030947
75.470774,-81.824400,-265.000000,12.578385,5.045047
75.990774,-81.824400,-265.000000,12.297129,5.008250
13.070774,-82.344400,-264.000000,12.619149,4.784804
13.590774,-82.344400,-264.000000,12.470997,4.868222
14.110774,-82.344400,-264.000000,12.394046,4.860709
14.630774,-82.344400,-264.000000,12.512257,4.900959
15.150774,-82.344400,-264.000000,12.346080,4.863089
15.670774,-82.344400,-264.000000,12.485224,4.909738
16.190774,-82.344400,-264.000000,12.496144,4.927986
16.710774,-82.344400,-264.000000,12.273919,4.899921
17.230774,-82.344400,-264.000000,12.404253,4.934768
17.750774,-82.344400,-264.000000,12.321809,4.944336
18.270774,-82.344400,-264.000000,12.420345,4.955941
18.790774,-82.344400,-264.000000,12.441335,4.928358
19.310774,-82.344400,-264.000000,12.234181,4.980201
19.830774,-82.344400,-264.000000,12.444674,5.032649
20.350774,-82.344400,-264.000000,12.379750,4.996149
20.870774,-82.344400,-264.000000,12.056746,4.965961
21.390774,-82.344400,-264.000000,12.244655,4.910210
21.910774,-82.344400,-264.000000,12.326515,4.976279
22.430774,-82.344400,-264.000000,12.590537,5.078485
22.950774,-82.344400,-264.000000,12.243721,5.001079
23.470774,-82.344400,-264.000000,12.382389,5.026836
23.990774,-82.344400,-264.000000,12.292640,4.993262
24.510774,-82.344400,-264.000000,12.191734,5.039261
25.030774,-82.344400,-264.000000,12.364249,5.007577
25.550774,-82.344400,-264.000000,12.528336,5.063745
26.070774,-82.344400,-264.000000,12.823140,5.071866
26.590774,-82.344400,-264.000000,12.062208,5.022687
27.110774,-82.344400,-264.000000,12.156086,4.936648
27.630774,-82.344400,-264.000000,12.321113,5.042192
28.150774,-82.344400,-264.000000,12.212208,5.000903
28.670774,-82.344400,-264.000000,12.325768,4.993257
29.190774,-82.344400,-264.000000,12.403871,5.008544
29.710774,-82.344400,-264.000000,12.358221,5.042342
30.230774,-82.344400,-264.000000,12.435027,5.042974
30.750774,-82.344400,-264.000000,12.095921,5.023285
31.270774,-82.344400,-264.000000,12.231658,5.043293
31.790774,-82.344400,-264.000000,12.062858,5.065381
32.310774,-82.344400,-264.000000,12.400043,5.082329
32.830774,-82.344400,-264.000000,12.344245,5.027768
33.350774,-82.344400,-264.000000,12.445557,5.074528
33.870774,-82.344400,-264.000000,12.108144,4.982663
34.390774,-82.344400,-264.000000,12.203708,5.009139
34.910774,-82.344400,-264.000000,12.332091,5.043215
35.430774,-82.344400,-264.000000,12.399512,5.091605
35.950774,-82.344400,-264.000000,12.552130,5.074771
36.470774,-82.344400,-264.000000,12.529800,5.140471
36.990774,-82.344400,-264.000000,12.444663,5.083749
37.510774,-82.344400,-264.000000,12.437782,5.035038
38.030774,-82.344400,-264.000000,12.237853,5.034250
38.550774,-82.344400,-264.000000,12.331328,5.040287
39.070774,-82.344400,-264.000000,12.384541,5.037518
39.590774,-82.344400,-264.000000,12.436136,5.061491
40.110774,-82.344400,-264.000000,12.280589,5.049307
40.630774,-82.344400,-264.000000,12.498791,5.093643
41.150774,-82.344400,-264.000000,12.332812,5.068145
41.670774,-82.344400,-264.000000,12.284531,5.061111
42.190774,-82.344400,-264.000000,12.337787,5.026855
42.710774,-82.344400,-264.000000,12.517472,5.083279
43.230774,-82.344400,-264.000000,12.350712,5.033971
43.750774,-82.344400,-264.000000,12.113433,5.042901
44.270774,-82.344400,-264.000000,12.569201,5.098625
44.790774,-82.344400,-264.000000,12.322854,5.023096
45.310774,-82.344400,-264.000000,12.329995,5.048869
45.830774,-82.344400,-264.000000,12.462844,4.980247
46.350774,-82.344400,-264.000000,12.038711,4.964975
46.870774,-82.344400,-264.000000,12.376183,5.057224
47.390774,-82.344400,-264.000000,12.331042,5.017831
47.910774,-82.344400,-264.000000,12.326451,5.058339
48.430774,-82.344400,-264.000000,12.210498,5.009039
48.950774,-82.344400,-264.000000,12.401851,5.038578
49.470774,-82.344400,-264.000000,12.499483,5.096486
49.990774,-82.344400,-264.000000,12.254990,5.027621
50.510774,-82.344400,-264.000000,12.335707,5.003372
51.030774,-82.344400,-264.000000,12.424636,5.021120
51.550774,-82.344400,-264.000000,12.325972,5.071229
52.070774,-82.344400,-264.000000,12.204097,5.065797
52.590774,-82.344400,-264.000000,12.405894,5.036688
53.110774,-82.344400,-264.000000,12.602968,5.049342
53.630774,-82.344400,-264.000000,12.473351,5.034425
54.150774,-82.344400,-264.000000,12.365180,5.091996
54.670774,-82.344400,-264.000000,12.326568,5.053898
55.190774,-82.344400,-264.000000,12.237140,5.015597
55.710774,-82.344400,-264.000000,12.431908,4.961588
56.230774,-82.344400,-264.000000,12.280482,4.960356
56.750774,-82.344400,-264.000000,12.472374,5.051018
57.270774,-82.344400,-264.000000,12.192460,5.079844
57.790774,-82.344400,-264.000000,12.300326,5.070189
58.310774,-82.344400,-264.000000,12.400607,5.030173
58.830774,-82.344400,-264.000000,12.387938,5.028030
59.350774,-82.344400,-264.000000,12.431503,5.057891
59.870774,-82.344400,-264.000000,12.384843,5.096902
60.390774,-82.344400,-264.000000,12.412449,5.043555
60.910774,-82.344400,-264.000000,12.614148,5.099900
61.430774,-82.344400,-264.000000,12.384469,5.004123
61.950774,-82.344400,-264.000000,12.522452,5.060631
62.470774,-82.344400,-264.000000,12.442140,5.060471
62.990774,-82.344400,-264.000000,12.347702,5.053641
63.510774,-82.344400,-264.000000,12.451480,5.026084
64.030774,-82.344400,-264.000000,12.443140,5.026855
64.550774,-82.344400,-264.000000,12.513364,5.015083
65.070774,-82.344400,-264.000000,12.444270,5.065866
65.590774,-82.344400,-264.000000,12.394309,5.062941
66.110774,-82.344400,-264.000000,12.630542,5.024134
66.630774,-82.344400,-264.000000,12.248293,5.047259
67.150774,-82.344400,-264.000000,12.330425,5.029247
67.670774,-82.344400,-264.000000,12.452521,5.024293
68.190774,-82.344400,-264.000000,12.644547,5.039941
68.710774,-82.344400,-264.000000,12.334506,5.017877
69.230774,-82.344400,-264.000000,12.401785,5.025210
69.750774,-82.344400,-264.000000,12.331811,4.991611
70.270774,-82.344400,-264.000000,12.279554,5.021429
70.790774,-82.344400,-264.000000,12.604233,4.984326
71.310774,-82.344400,-264.000000,12.399055,5.058630
71.830774,-82.344400,-264.000000,12.651019,5.017354
72.350774,-82.344400,-264.000000,12.455100,5.047603
72.870774,-82.344400,-264.000000,12.445991,5.056680
73.390774,-82.344400,-264.000000,12.427196,4.974609
73.910774,-82.344400,-264.000000,12.176386,4.973954
74.430774,-82.344400,-264.000000,12.528834,5.035670
74.950774,-82.344400,-264.000000,12.224345,5.065000
75.470774,-82.344400,-264.000000,12.245780,5.027054
75.990774,-82.344400,-264.000000,12.469249,5.018581
13.070774,-81.824400,-264.000000,12.575679,4.790069
13.590774,-81.824400,-264.000000,12.477593,4.871598
14.110774,-81.824400,-264.000000,12.352718,4.865107
14.630774,-81.824400,-264.000000,12.584736,4.917231
15.150774,-81.824400,-264.000000,12.258993,4.867543
15.670774,-81.824400,-264.000000,12.511959,4.930602
16.190774,-81.824400,-264.000000,12.518748,4.934967
16.710774,-81.824400,-264.000000,12.195174,4.884552
17.230774,-81.824400,-264.000000,12.378311,4.958099
17.750774,-81.824400,-264.000000,12.296738,4.940361
18.270774,-81.824400,-264.000000,12.444605,4.983745
18.790774,-81.824400,-264.000000,12.374978,4.928782
19.310774,-81.824400,-264.000000,12.268698,4.982193
19.830774,-81.824400,-264.000000,12.404433,5.051136
20.350774,-81.824400,-264.000000,12.363018,4.995853
20.870774,-81.824400,-264.000000,11.924788,4.951218
21.390774,-81.824400,-264.000000,12.274310,4.912638
21.910774,-81.824400,-264.000000,12.353122,4.989398
22.430774,-81.824400,-264.000000,12.634629,5.089133
22.950774,-81.824400,-264.000000,12.113232,4.994352
23.470774,-81.824400,-264.000000,12.365489,5.034609
23.990774,-81.824400,-264.000000,12.214225,4.992201
24.510774,-81.824400,-264.000000,12.184155,5.019602
25.030774,-81.824400,-264.000000,12.384830,5.020477
25.550774,-81.824400,-264.000000,12.524978,5.072971
26.070774,-81.824400,-264.000000,12.812045,5.076535
26.590774,-81.824400,-264.000000,12.017631,5.033105
27.110774,-81.824400,-264.000000,12.225399,4.938830
27.630774,-81.824400,-264.000000,12.301748,5.056342
28.150774,-81.824400,-264.000000,12.218077,4.992913
28.670774,-81.824400,-264.000000,12.290585,4.978505
29.190774,-81.824400,-264.000000,12.367351,5.017922
29.710774,-81.824400,-264.000000,12.251849,5.030171
30.230774,-81.824400,-264.000000,12.507133,5.055080
30.750774,-81.824400,-264.000000,12.155593,5.064114
31.270774,-81.824400,-264.000000,12.180594,5.018193
31.790774,-81.824400,-264.000000,12.056153,5.065445
32.310774,-81.824400,-264.000000,12.260030,5.060241
32.830774,-81.824400,-264.000000,12.331658,5.026490
33.350774,-81.824400,-264.000000,12.436021,5.064705
33.870774,-81.824400,-264.000000,12.106335,5.007599
34.390774,-81.824400,-264.000000,12.160684,5.004721
34.910774,-81.824400,-264.000000,12.342587,5.039977
35.430774,-81.824400,-264.000000,12.325713,5.081419
35.950774,-81.824400,-264.000000,12.525463,5.072622
36.470774,-81.824400,-264.000000,12.437423,5.132855
36.990774,-81.824400,-264.000000,12.458403,5.097919
37.510774,-81.824400,-264.000000,12.404597,5.047050
38.030774,-81.824400,-264.000000,12.304152,5.032695
38.550774,-81.824400,-264.000000,12.279716,5.062894
39.070774,-81.824400,-264.000000,12.431880,5.048425
39.590774,-81.824400,-264.000000,12.412181,5.063667
40.110774,-81.824400,-264.000000,12.378418,5.060838
40.630774,-81.824400,-264.000000,12.426564,5.098892
41.150774,-81.824400,-264.000000,12.295196,5.074124
41.670774,-81.824400,-264.000000,12.264020,5.047823
42.190774,-81.824400,-264.000000,12.351661,5.030576
42.710774,-81.824400,-264.000000,12.454787,5.086511
43.230774,-81.824400,-264.000000,12.272035,5.013809
43.750774,-81.824400,-264.000000,12.099619,5.031744
44.270774,-81.824400,-264.000000,12.578446,5.107797
44.790774,-81.824400,-264.000000,12.281090,5.024212
45.310774,-81.824400,-264.000000,12.330099,5.042767
45.830774,-81.824400,-264.000000,12.433065,4.984375
46.350774,-81.824400,-264.000000,12.036144,4.987689
46.870774,-81.824400,-264.000000,12.343108,5.069103
47.390774,-81.824400,-264.000000,12.383307,5.031411
47.910774,-81.824400,-264.000000,12.347404,5.049813
48.430774,-81.824400,-264.000000,12.208266,5.008467
48.950774,-81.824400,-264.000000,12.393591,5.025857
49.470774,-81.824400,-264.000000,12.498610,5.129994
49.990774,-81.824400,-264.000000,12.225983,5.024884
50.510774,-81.824400,-264.000000,12.316826,5.002649
51.030774,-81.824400,-264.000000,12.451320,5.030081
51.550774,-81.824400,-264.000000,12.339388,5.086083
52.070774,-81.824400,-264.000000,12.155667,5.048491
52.590774,-81.824400,-264.000000,12.420374,5.043339
53.110774,-81.824400,-264.000000,12.510203,5.048743
53.630774,-81.824400,-264.000000,12.531142,5.050489
54.150774,-81.824400,-264.000000,12.388711,5.090893
54.670774,-81.824400,-264.000000,12.325094,5.052853
55.190774,-81.824400,-264.000000,12.210325,5.004246
55.710774,-81.824400,-264.000000,12.370923,4.960212
56.230774,-81.824400,-264.000000,12.278497,4.990260
56.750774,-81.824400,-264.000000,12.474519,5.045531
57.270774,-81.824400,-264.000000,12.160205,5.072105
57.790774,-81.824400,-264.000000,12.201990,5.080926
58.310774,-81.824400,-264.000000,12.498342,5.033188
58.830774,-81.824400,-264.000000,12.375281,5.023866
59.350774,-81.824400,-264.000000,12.396887,5.078688
59.870774,-81.824400,-264.000000,12.365005,5.081616
60.390774,-81.824400,-264.000000,12.374606,5.048088
60.910774,-81.824400,-264.000000,12.641824,5.103934
61.430774,-81.824400,-264.000000,12.330394,5.008260
61.950774,-81.824400,-264.000000,12.497982,5.070766
62.470774,-81.824400,-264.000000,12.538105,5.056537
62.990774,-81.824400,-264.000000,12.313266,5.051362
63.510774,-81.824400,-264.000000,12.436253,5.043271
64.030774,-81.824400,-264.000000,12.438586,5.039296
64.550774,-81.824400,-264.000000,12.440456,5.021183
65.070774,-81.824400,-264.000000,12.425736,5.048826
65.590774,-81.824400,-264.000000,12.461024,5.085550
66.110774,-81.824400,-264.000000,12.580859,5.012408
66.630774,-81.824400,-264.000000,12.273398,5.052096
67.150774,-81.824400,-264.000000,12.308427,5.022428
67.670774,-81.824400,-264.000000,12.436393,5.052251
68.190774,-81.824400,-264.000000,12.590063,5.035986
68.710774,-81.824400,-264.000000,12.290148,5.005441
69.230774,-81.824400,-264.000000,12.368446,5.030241
69.750774,-81.824400,-264.000000,12.233123,4.977814
70.270774,-81.824400,-264.000000,12.278875,5.029564
70.790774,-81.824400,-264.000000,12.540980,5.009637
71.310774,-81.824400,-264.000000,12.443002,5.049536
71.830774,-81.824400,-264.000000,12.600598,5.018790
72.350774,-81.824400,-264.000000,12.437736,5.058777
72.870774,-81.824400,-264.000000,12.476674,5.079472
73.390774,-81.824400,-264.000000,12.397514,4.988402
73.910774,-81.824400,-264.000000,12.214735,4.965252
74.430774,-81.824400,-264.000000,12.503943,5.050354
74.950774,-81.824400,-264.000000,12.270176,5.040355
75.470774,-81.824400,-264.000000,12.215592,5.025720
75.990774,-81.824400,-264.000000,12.401581,5.016725
75.990774,-81.304400,-264.000000,12.378912,5.017918
13.070774,-82.344400,-263.000000,12.457640,4.700887
13.590774,-82.344400,-263.000000,12.330794,4.836993
14.110774,-82.344400,-263.000000,12.457683,4.843169
14.630774,-82.344400,-263.000000,12.185691,4.842639
15.150774,-82.344400,-263.000000,12.352627,4.902501
15.670774,-82.344400,-263.000000,12.396138,4.901204
16.190774,-82.344400,-263.000000,12.537772,4.904749
16.710774,-82.344400,-263.000000,12.334353,4.940701
17.230774,-82.344400,-263.000000,12.386939,4.982619
17.750774,-82.344400,-263.000000,12.455711,4.940036
18.270774,-82.344400,-263.000000,12.452093,5.026196
18.790774,-82.344400,-263.000000,12.545815,5.020994
19.310774,-82.344400,-263.000000,12.546989,4.988647
19.830774,-82.344400,-263.000000,12.591823,4.994857
20.350774,-82.344400,-263.000000,12.385102,4.981285
20.870774,-82.344400,-263.000000,12.651960,5.072143
21.390774,-82.344400,-263.000000,12.371527,5.011722
21.910774,-82.344400,-263.000000,12.242155,4.946202
22.430774,-82.344400,-263.000000,12.505881,4.997998
22.950774,-82.344400,-263.000000,12.371997,4.969643
23.470774,-82.344400,-263.000000,12.296503,5.069711
23.990774,-82.344400,-263.000000,12.311132,5.004001
24.510774,-82.344400,-263.000000,12.190007,5.006431
25.030774,-82.344400,-263.000000,12.434539,5.020594
25.550774,-82.344400,-263.000000,12.279376,4.976254
26.070774,-82.344400,-263.000000,12.410807,5.001226
26.590774,-82.344400,-263.000000,12.155123,5.012934
27.110774,-82.344400,-263.000000,12.361211,5.020401
27.630774,-82.344400,-263.000000,12.551027,5.067112
28.150774,-82.344400,-263.000000,12.379622,5.094837
28.670774,-82.344400,-263.000000,12.346692,5.051137
29.190774,-82.344400,-263.000000,12.583030,5.090855
29.710774,-82.344400,-263.000000,12.577301,5.044312
30.230774,-82.344400,-263.000000,12.285663,4.982769
30.750774,-82.344400,-263.000000,12.301666,4.993177
31.270774,-82.344400,-263.000000,12.376078,5.027495
31.790774,-82.344400,-263.000000,12.469727,5.025675
32.310774,-82.344400,-263.000000,12.167259,5.008807
32.830774,-82.344400,-263.000000,12.564933,5.053293
33.350774,-82.344400,-263.000000,12.617142,5.057515
33.870774,-82.344400,-263.000000,12.564599,5.053273
34.390774,-82.344400,-263.000000,12.522555,5.049839
34.910774,-82.344400,-263.000000,12.169859,5.011311
35.430774,-82.344400,-263.000000,12.203523,4.996512
35.950774,-82.344400,-263.000000,12.250913,4.993606
36.470774,-82.344400,-263.000000,12.291965,5.083070
36.990774,-82.344400,-263.000000,12.576304,5.121151
37.510774,-82.344400,-263.000000,12.284736,5.021512
38.030774,-82.344400,-263.000000,12.244012,4.999237
38.550774,-82.344400,-263.000000,12.065508,5.010970
39.070774,-82.344400,-263.000000,12.258166,4.998635
39.590774,-82.344400,-263.000000,12.367953,5.078174
40.110774,-82.344400,-263.000000,12.285327,5.064491
40.630774,-82.344400,-263.000000,12.290107,5.063704
41.150774,-82.344400,-263.000000,12.616312,5.078339
41.670774,-82.344400,-263.000000,12.416512,5.007444
42.190774,-82.344400,-263.000000,12.399628,5.056107
42.710774,-82.344400,-263.000000,12.310081,5.029743
43.230774,-82.344400,-263.000000,12.532464,5.017623
43.750774,-82.344400,-263.000000,12.341651,5.030138
44.270774,-82.344400,-263.000000,12.212901,5.022359
44.790774,-82.344400,-263.000000,12.298755,5.055267
45.310774,-82.344400,-263.000000,12.143691,5.040941
45.830774,-82.344400,-263.000000,12.435477,5.087888
46.350774,-82.344400,-263.000000,12.158540,4.998250
46.870774,-82.344400,-263.000000,12.428050,5.105559
47.390774,-82.344400,-263.000000,12.199454,4.973663
47.910774,-82.344400,-263.000000,12.299979,5.053765
48.430774,-82.344400,-263.000000,12.424013,5.035751
48.950774,-82.344400,-263.000000,12.359558,5.040651
49.470774,-82.344400,-263.000000,12.276006,5.042917
49.990774,-82.344400,-263.000000,12.270558,5.039471
50.510774,-82.344400,-263.000000,12.293193,5.027483
51.030774,-82.344400,-263.000000,12.204394,5.030202
51.550774,-82.344400,-263.000000,12.577514,5.085997
52.070774,-82.344400,-263.000000,12.248330,5.009883
52.590774,-82.344400,-263.000000,12.477747,5.056054
53.110774,-82.344400,-263.000000,12.312464,5.057348
53.630774,-82.344400,-263.000000,12.397329,5.054367
54.150774,-82.344400,-263.000000,12.211516,5.048101
54.670774,-82.344400,-263.000000,12.500519,5.112714
55.190774,-82.344400,-263.000000,12.463880,5.081852
55.710774,-82.344400,-263.000000,12.449906,5.036524
56.230774,-82.344400,-263.000000,12.324162,5.053528
56.750774,-82.344400,-263.000000,12.293225,5.101231
57.270774,-82.344400,-263.000000,12.709682,5.143303
57.790774,-82.344400,-263.000000,12.288783,4.985309
58.310774,-82.344400,-263.000000,12.396373,5.091702
58.830774,-82.344400,-263.000000,12.608279,5.097713
59.350774,-82.344400,-263.000000,12.576835,4.983148
59.870774,-82.344400,-263.000000,12.430175,5.053505
60.390774,-82.344400,-263.000000,12.292179,5.028055
60.910774,-82.344400,-263.000000,12.256025,5.042520
61.430774,-82.344400,-263.000000,12.351545,5.086337
61.950774,-82.344400,-263.000000,12.556461,5.106627
62.470774,-82.344400,-263.000000,12.517051,5.004341
62.990774,-82.344400,-263.000000,12.373721,5.045729
63.510774,-82.344400,-263.000000,12.324311,5.006275
64.030774,-82.344400,-263.000000,12.505571,5.050058
64.550774,-82.344400,-263.000000,12.316312,5.059303
65.070774,-82.344400,-263.000000,12.434989,5.011645
65.590774,-82.344400,-263.000000,12.315088,5.077135
66.110774,-82.344400,-263.000000,12.340144,4.993793
66.630774,-82.344400,-263.000000,12.438617,5.072619
67.150774,-82.344400,-263.000000,12.376174,5.052505
67.670774,-82.344400,-263.000000,12.541646,5.052440
68.190774,-82.344400,-263.000000,12.407102,4.993007
68.710774,-82.344400,-263.000000,12.370078,5.041376
69.230774,-82.344400,-263.000000,12.440981,5.059649
69.750774,-82.344400,-263.000000,12.096537,4.978738
70.270774,-82.344400,-263.000000,12.267233,5.027385
70.790774,-82.344400,-263.000000,12.213575,4.992677
71.310774,-82.344400,-263.000000,12.267431,5.060808
71.830774,-82.344400,-263.000000,12.383060,5.077490
72.350774,-82.344400,-263.000000,12.418777,5.069927
72.870774,-82.344400,-263.000000,12.334151,5.083890
73.390774,-82.344400,-263.000000,12.480189,4.975316
73.910774,-82.344400,-263.000000,12.557667,5.027842
74.430774,-82.344400,-263.000000,12.314704,5.027739
74.950774,-82.344400,-263.000000,12.387866,5.017267
75.470774,-82.344400,-263.000000,12.347588,4.971964
75.990774,-82.344400,-263.000000,12.390229,4.979381
13.070774,-81.824400,-263.000000,12.453695,4.716936
13.590774,-81.824400,-263.000000,12.377635,4.853658
14.110774,-81.824400,-263.000000,12.395992,4.841449
14.630774,-81.824400,-263.000000,12.177958,4.843285
15.150774,-81.824400,-263.000000,12.391978,4.891285
15.670774,-81.824400,-263.000000,12.398208,4.910460
16.190774,-81.824400,-263.000000,12.455834,4.906855
16.710774,-81.824400,-263.000000,12.389380,4.958438
17.230774,-81.824400,-263.000000,12.437800,4.979070
17.750774,-81.824400,-263.000000,12.429356,4.950672
18.270774,-81.824400,-263.000000,12.425859,5.011789
18.790774,-81.824400,-263.000000,12.492434,5.023221
19.310774,-81.824400,-263.000000,12.629489,5.019944
19.830774,-81.824400,-263.000000,12.604449,5.004925
20.350774,-81.824400,-263.000000,12.378746,4.989493
20.870774,-81.824400,-263.000000,12.644752,5.068373
21.390774,-81.824400,-263.000000,12.401757,5.029440
21.910774,-81.824400,-263.000000,12.228927,4.953327
22.430774,-81.824400,-263.000000,12.475257,5.011139
22.950774,-81.824400,-263.000000,12.398666,4.971243
23.470774,-81.824400,-263.000000,12.250731,5.057227
23.990774,-81.824400,-263.000000,12.299070,5.011443
24.510774,-81.824400,-263.000000,12.159919,5.012853
25.030774,-81.824400,-263.000000,12.322433,5.001429
25.550774,-81.824400,-263.000000,12.235552,4.973711
26.070774,-81.824400,-263.000000,12.425249,5.019265
26.590774,-81.824400,-263.000000,12.140862,5.021108
27.110774,-81.824400,-263.000000,12.419008,5.044728
27.630774,-81.824400,-263.000000,12.545723,5.076236
28.150774,-81.824400,-263.000000,12.318086,5.079054
28.670774,-81.824400,-263.000000,12.373982,5.080760
29.190774,-81.824400,-263.000000,12.572089,5.089789
29.710774,-81.824400,-263.000000,12.554111,5.055956
30.230774,-81.824400,-263.000000,12.223174,4.998194
30.750774,-81.824400,-263.000000,12.159382,4.993950
31.270774,-81.824400,-263.000000,12.387866,5.037848
31.790774,-81.824400,-263.000000,12.444110,5.014107
32.310774,-81.824400,-263.000000,12.172220,5.020909
32.830774,-81.824400,-263.000000,12.519225,5.054597
33.350774,-81.824400,-263.000000,12.602919,5.054287
33.870774,-81.824400,-263.000000,12.544408,5.063851
34.390774,-81.824400,-263.000000,12.553710,5.054760
34.910774,-81.824400,-263.000000,12.191847,5.019962
35.430774,-81.824400,-263.000000,12.160522,5.004410
35.950774,-81.824400,-263.000000,12.291315,5.009408
36.470774,-81.824400,-263.000000,12.395266,5.102324
36.990774,-81.824400,-263.000000,12.556010,5.122557
37.510774,-81.824400,-263.000000,12.299802,5.033004
38.030774,-81.824400,-263.000000,12.178797,4.982889
38.550774,-81.824400,-263.000000,12.064714,5.012514
39.070774,-81.824400,-263.000000,12.207374,4.981285
39.590774,-81.824400,-263.000000,12.304707,5.071552
40.110774,-81.824400,-263.000000,12.275412,5.080554
40.630774,-81.824400,-263.000000,12.293501,5.065163
41.150774,-81.824400,-263.000000,12.547258,5.088850
41.670774,-81.824400,-263.000000,12.417539,5.006475
42.190774,-81.824400,-263.000000,12.438879,5.069755
42.710774,-81.824400,-263.000000,12.265677,5.020949
43.230774,-81.824400,-263.000000,12.578415,5.020250
43.750774,-81.824400,-263.000000,12.336860,5.059149
44.270774,-81.824400,-263.000000,12.172210,5.024218
44.790774,-81.824400,-263.000000,12.187928,5.057879
45.310774,-81.824400,-263.000000,12.249254,5.070603
45.830774,-81.824400,-263.000000,12.435719,5.086841
46.350774,-81.824400,-263.000000,12.161078,5.004291
46.870774,-81.824400,-263.000000,12.442688,5.113881
47.390774,-81.824400,-263.000000,12.164172,4.975941
47.910774,-81.824400,-263.000000,12.312392,5.067598
48.430774,-81.824400,-263.000000,12.402336,5.050044
48.950774,-81.824400,-263.000000,12.346015,5.039357
49.470774,-81.824400,-263.000000,12.247165,5.014768
49.990774,-81.824400,-263.000000,12.145980,5.062159
50.510774,-81.824400,-263.000000,12.270283,5.028006
51.030774,-81.824400,-263.000000,12.252946,5.054068
51.550774,-81.824400,-263.000000,12.536886,5.075784
52.070774,-81.824400,-263.000000,12.244746,5.020802
52.590774,-81.824400,-263.000000,12.412136,5.058012
53.110774,-81.824400,-263.000000,12.254901,5.055487
53.630774,-81.824400,-263.000000,12.344836,5.051257
54.150774,-81.824400,-263.000000,12.229748,5.063509
54.670774,-81.824400,-263.000000,12.456779,5.116885
55.190774,-81.824400,-263.000000,12.507818,5.078034
55.710774,-81.824400,-263.000000,12.476018,5.041518
56.230774,-81.824400,-263.000000,12.273285,5.040962
56.750774,-81.824400,-263.000000,12.361230,5.105469
57.270774,-81.824400,-263.000000,12.629823,5.140378
57.790774,-81.824400,-263.000000,12.357067,5.009052
58.310774,-81.824400,-263.000000,12.352874,5.089139
58.830774,-81.824400,-263.000000,12.573524,5.107744
59.350774,-81.824400,-263.000000,12.467770,4.983985
59.870774,-81.824400,-263.000000,12.454008,5.042901
60.390774,-81.824400,-263.000000,12.240508,5.031723
60.910774,-81.824400,-263.000000,12.327487,5.059035
61.430774,-81.824400,-263.000000,12.288882,5.086710
61.950774,-81.824400,-263.000000,12.574602,5.098888
62.470774,-81.824400,-263.000000,12.434578,4.997688
62.990774,-81.824400,-263.000000,12.422690,5.051052
63.510774,-81.824400,-263.000000,12.347636,5.042949
64.030774,-81.824400,-263.000000,12.459907,5.041533
64.550774,-81.824400,-263.000000,12.300509,5.078006
65.070774,-81.824400,-263.000000,12.373309,5.024689
65.590774,-81.824400,-263.000000,12.346766,5.070315
66.110774,-81.824400,-263.000000,12.280623,5.005640
66.630774,-81.824400,-263.000000,12.403010,5.086868
67.150774,-81.824400,-263.000000,12.398364,5.047196
67.670774,-81.824400,-263.000000,12.515316,5.063985
68.190774,-81.824400,-263.000000,12.422778,5.002143
68.710774,-81.824400,-263.000000,12.409858,5.046557
69.230774,-81.824400,-263.000000,12.473743,5.091683
69.750774,-81.824400,-263.000000,12.095035,4.974346
70.270774,-81.824400,-263.000000,12.258208,5.024417
70.790774,-81.824400,-263.000000,12.249041,4.998539
71.310774,-81.824400,-263.000000,12.246951,5.062485
71.830774,-81.824400,-263.000000,12.382116,5.075833
72.350774,-81.824400,-263.000000,12.306548,5.070810
72.870774,-81.824400,-263.000000,12.290184,5.067368
73.390774,-81.824400,-263.000000,12.466464,4.985976
73.910774,-81.824400,-263.000000,12.519774,5.032206
74.430774,-81.824400,-263.000000,12.340659,5.044106
74.950774,-81.824400,-263.000000,12.342724,5.012982
75.470774,-81.824400,-263.000000,12.347107,4.993125
75.990774,-81.824400,-263.000000,12.369137,4.972920
75.990774,-81.304400,-263.000000,12.301378,4.966015
13.070774,-82.344400,-262.000000,12.287845,4.760554
13.590774,-82.344400,-262.000000,12.495997,4.849262
14.110774,-82.344400,-262.000000,12.383358,4.938797
14.630774,-82.344400,-262.000000,12.395587,4.940715
15.150774,-82.344400,-262.000000,12.452556,4.905359
15.670774,-82.344400,-262.000000,12.252274,4.887323
16.190774,-82.344400,-262.000000,12.193328,4.907288
16.710774,-82.344400,-262.000000,12.461516,4.940740
17.230774,-82.344400,-262.000000,12.452947,4.946429
17.750774,-82.344400,-262.000000,12.298018,4.949525
18.270774,-82.344400,-262.000000,12.415683,5.041121
18.790774,-82.344400,-262.000000,12.553008,5.051232
19.310774,-82.344400,-262.000000,12.486157,4.991898
19.830774,-82.344400,-262.000000,12.281818,4.930355
20.350774,-82.344400,-262.000000,12.703986,5.004234
20.870774,-82.344400,-262.000000,12.230142,4.983647
21.390774,-82.344400,-262.000000,12.361079,5.022856
21.910774,-82.344400,-262.000000,12.432334,4.970999
22.430774,-82.344400,-262.000000,12.591558,4.989866
22.950774,-82.344400,-262.000000,12.356214,4.998239
23.470774,-82.344400,-262.000000,12.571422,5.056224
23.990774,-82.344400,-262.000000,12.554919,4.974514
24.510774,-82.344400,-262.000000,12.424876,5.024407
25.030774,-82.344400,-262.000000,12.332255,4.992044
25.550774,-82.344400,-262.000000,12.349521,5.017838
26.070774,-82.344400,-262.000000,12.355249,5.012390
26.590774,-82.344400,-262.000000,12.299568,4.989712
27.110774,-82.344400,-262.000000,12.516091,5.022726
27.630774,-82.344400,-262.000000,12.352701,5.056035
28.150774,-82.344400,-262.000000,12.447886,5.054085
28.670774,-82.344400,-262.000000,12.312715,5.044079
29.190774,-82.344400,-262.000000,12.342875,5.057086
29.710774,-82.344400,-262.000000,12.501337,5.027472
30.230774,-82.344400,-262.000000,12.340690,5.019705
30.750774,-82.344400,-262.000000,12.352756,4.949225
31.270774,-82.344400,-262.000000,12.293923,5.003561
31.790774,-82.344400,-262.000000,12.462687,5.028413
32.310774,-82.344400,-262.000000,12.136938,5.025264
32.830774,-82.344400,-262.000000,12.404467,5.028677
33.350774,-82.344400,-262.000000,12.616515,5.094476
33.870774,-82.344400,-262.000000,12.446202,5.071302
34.390774,-82.344400,-262.000000,12.406154,5.043848
34.910774,-82.344400,-262.000000,12.407441,5.035223
35.430774,-82.344400,-262.000000,12.255410,5.045857
35.950774,-82.344400,-262.000000,12.307142,5.057269
36.470774,-82.344400,-262.000000,12.322786,5.077798
36.990774,-82.344400,-262.000000,12.591749,5.064258
37.510774,-82.344400,-262.000000,12.563791,5.100393
38.030774,-82.344400,-262.000000,12.294657,5.053075
38.550774,-82.344400,-262.000000,12.276216,5.017388
39.070774,-82.344400,-262.000000,12.396725,5.084307
39.590774,-82.344400,-262.000000,12.320476,5.052936
40.110774,-82.344400,-262.000000,12.720079,5.076303
40.630774,-82.344400,-262.000000,12.397712,5.050809
41.150774,-82.344400,-262.000000,12.582938,5.055878
41.670774,-82.344400,-262.000000,12.553356,5.085973
42.190774,-82.344400,-262.000000,12.467971,5.063785
42.710774,-82.344400,-262.000000,12.240585,5.080251
43.230774,-82.344400,-262.000000,12.173053,5.031129
43.750774,-82.344400,-262.000000,12.181510,5.054930
44.270774,-82.344400,-262.000000,12.305984,5.022814
44.790774,-82.344400,-262.000000,12.246721,5.029715
45.310774,-82.344400,-262.000000,12.486670,5.083646
45.830774,-82.344400,-262.000000,12.477451,5.096128
46.350774,-82.344400,-262.000000,12.418220,5.056436
46.870774,-82.344400,-262.000000,12.317671,5.123610
47.390774,-82.344400,-262.000000,12.577009,5.099307
47.910774,-82.344400,-262.000000,12.246360,5.066318
48.430774,-82.344400,-262.000000,12.582198,5.041492
48.950774,-82.344400,-262.000000,12.436407,5.058778
49.470774,-82.344400,-262.000000,12.235422,5.072772
49.990774,-82.344400,-262.000000,12.446227,5.034138
50.510774,-82.344400,-262.000000,12.491856,5.064191
51.030774,-82.344400,-262.000000,12.606492,5.081750
51.550774,-82.344400,-262.000000,12.319495,4.987368
52.070774,-82.344400,-262.000000,12.602345,5.092401
52.590774,-82.344400,-262.000000,12.338264,5.044286
53.110774,-82.344400,-262.000000,12.384037,5.096095
53.630774,-82.344400,-262.000000,12.287306,5.079827
54.150774,-82.344400,-262.000000,12.369337,5.031853
54.670774,-82.344400,-262.000000,12.246133,5.005849
55.190774,-82.344400,-262.000000,12.668202,5.077899
55.710774,-82.344400,-262.000000,12.373210,5.070990
56.230774,-82.344400,-262.000000,12.312969,5.038572
56.750774,-82.344400,-262.000000,12.485008,5.055006
57.270774,-82.344400,-262.000000,12.413462,5.049326
57.790774,-82.344400,-262.000000,12.468613,5.136852
58.310774,-82.344400,-262.000000,12.427983,5.063989
58.830774,-82.344400,-262.000000,12.213399,5.036451
59.350774,-82.344400,-262.000000,12.484587,5.040027
59.870774,-82.344400,-262.000000,12.507526,5.066299
60.390774,-82.344400,-262.000000,12.158618,5.070227
60.910774,-82.344400,-262.000000,12.425780,5.016336
61.430774,-82.344400,-262.000000,12.294873,5.043493
61.950774,-82.344400,-262.000000,12.483405,5.039851
62.470774,-82.344400,-262.000000,12.339478,5.051955
62.990774,-82.344400,-262.000000,12.528097,5.018374
63.510774,-82.344400,-262.000000,12.163633,4.939182
64.030774,-82.344400,-262.000000,12.341228,5.051136
64.550774,-82.344400,-262.000000,12.263350,5.044189
65.070774,-82.344400,-262.000000,12.493377,5.013089
65.590774,-82.344400,-262.000000,12.232520,4.984149
66.110774,-82.344400,-262.000000,12.489555,5.031797
66.630774,-82.344400,-262.000000,12.304860,4.967119
67.150774,-82.344400,-262.000000,12.360912,5.063513
67.670774,-82.344400,-262.000000,12.312720,4.985092
68.190774,-82.344400,-262.000000,12.342686,4.996140
68.710774,-82.344400,-262.000000,12.647574,5.034180
69.230774,-82.344400,-262.000000,12.325442,5.030969
69.750774,-82.344400,-262.000000,12.276294,5.056671
70.270774,-82.344400,-262.000000,12.536600,4.971846
70.790774,-82.344400,-262.000000,12.356233,5.065821
71.310774,-82.344400,-262.000000,12.357383,4.981702
71.830774,-82.344400,-262.000000,12.617785,5.071191
72.350774,-82.344400,-262.000000,12.600770,5.070521
72.870774,-82.344400,-262.000000,12.368810,5.033383
73.390774,-82.344400,-262.000000,12.381560,5.010971
73.910774,-82.344400,-262.000000,12.510657,5.030118
74.430774,-82.344400,-262.000000,12.283614,5.033878
74.950774,-82.344400,-262.000000,12.408743,4.982335
75.470774,-82.344400,-262.000000,12.322785,5.029055
75.990774,-82.344400,-262.000000,12.390699,4.982459
13.070774,-81.824400,-262.000000,12.317056,4.781392
13.590774,-81.824400,-262.000000,12.470014,4.836781
14.110774,-81.824400,-262.000000,12.352427,4.944530
14.630774,-81.824400,-262.000000,12.441004,4.949461
15.150774,-81.824400,-262.000000,12.430351,4.913309
15.670774,-81.824400,-262.000000,12.161939,4.896437
16.190774,-81.824400,-262.000000,12.272415,4.922255
16.710774,-81.824400,-262.000000,12.424029,4.939904
17.230774,-81.824400,-262.000000,12.420205,4.949682
17.750774,-81.824400,-262.000000,12.190105,4.932358
18.270774,-81.824400,-262.000000,12.393704,5.045761
18.790774,-81.824400,-262.000000,12.543014,5.061604
19.310774,-81.824400,-262.000000,12.500697,4.997199
19.830774,-81.824400,-262.000000,12.290931,4.916329
20.350774,-81.824400,-262.000000,12.639732,5.008328
20.870774,-81.824400,-262.000000,12.309987,4.999759
21.390774,-81.824400,-262.000000,12.342439,5.033926
21.910774,-81.824400,-262.000000,12.402135,4.969609
22.430774,-81.824400,-262.000000,12.557734,4.998570
22.950774,-81.824400,-262.000000,12.382353,5.007303
23.470774,-81.824400,-262.000000,12.540465,5.049403
23.990774,-81.824400,-262.000000,12.510569,4.980500
24.510774,-81.824400,-262.000000,12.467671,5.010417
25.030774,-81.824400,-262.000000,12.373842,5.017424
25.550774,-81.824400,-262.000000,12.234734,5.018526
26.070774,-81.824400,-262.000000,12.462265,5.027736
26.590774,-81.824400,-262.000000,12.303126,4.988086
27.110774,-81.824400,-262.000000,12.489820,5.042003
27.630774,-81.824400,-262.000000,12.333259,5.037950
28.150774,-81.824400,-262.000000,12.437502,5.061435
28.670774,-81.824400,-262.000000,12.342195,5.037411
29.190774,-81.824400,-262.000000,12.287107,5.074191
29.710774,-81.824400,-262.000000,12.538261,5.015576
30.230774,-81.824400,-262.000000,12.303983,5.013205
30.750774,-81.824400,-262.000000,12.420181,4.974036
31.270774,-81.824400,-262.000000,12.290432,4.999048
31.790774,-81.824400,-262.000000,12.454551,5.037315
32.310774,-81.824400,-262.000000,12.147172,5.026381
32.830774,-81.824400,-262.000000,12.398153,5.041277
33.350774,-81.824400,-262.000000,12.557990,5.090069
33.870774,-81.824400,-262.000000,12.515976,5.075945
34.390774,-81.824400,-262.000000,12.343638,5.044327
34.910774,-81.824400,-262.000000,12.443501,5.049216
35.430774,-81.824400,-262.000000,12.187343,5.040616
35.950774,-81.824400,-262.000000,12.255440,5.067997
36.470774,-81.824400,-262.000000,12.226142,5.075015
36.990774,-81.824400,-262.000000,12.550955,5.070269
37.510774,-81.824400,-262.000000,12.548514,5.090101
38.030774,-81.824400,-262.000000,12.276160,5.068932
38.550774,-81.824400,-262.000000,12.350990,5.048937
39.070774,-81.824400,-262.000000,12.428560,5.107026
39.590774,-81.824400,-262.000000,12.335667,5.076329
40.110774,-81.824400,-262.000000,12.715388,5.065255
40.630774,-81.824400,-262.000000,12.309337,5.049560
41.150774,-81.824400,-262.000000,12.487617,5.069113
41.670774,-81.824400,-262.000000,12.569749,5.098908
42.190774,-81.824400,-262.000000,12.445731,5.058675
42.710774,-81.824400,-262.000000,12.223326,5.080046
43.230774,-81.824400,-262.000000,12.230173,5.055066
43.750774,-81.824400,-262.000000,12.101860,5.024020
44.270774,-81.824400,-262.000000,12.338817,5.050104
44.790774,-81.824400,-262.000000,12.299178,5.010909
45.310774,-81.824400,-262.000000,12.524695,5.087648
45.830774,-81.824400,-262.000000,12.407560,5.123207
46.350774,-81.824400,-262.000000,12.375183,5.059575
46.870774,-81.824400,-262.000000,12.252605,5.108394
47.390774,-81.824400,-262.000000,12.602200,5.087770
47.910774,-81.824400,-262.000000,12.203181,5.065686
48.430774,-81.824400,-262.000000,12.584557,5.058299
48.950774,-81.824400,-262.000000,12.405345,5.039806
49.470774,-81.824400,-262.000000,12.300552,5.084207
49.990774,-81.824400,-262.000000,12.396508,5.043642
50.510774,-81.824400,-262.000000,12.447642,5.070745
51.030774,-81.824400,-262.000000,12.499129,5.090051
51.550774,-81.824400,-262.000000,12.435769,5.006912
52.070774,-81.824400,-262.000000,12.610383,5.086248
52.590774,-81.824400,-262.000000,12.302080,5.065641
53.110774,-81.824400,-262.000000,12.389808,5.103199
53.630774,-81.824400,-262.000000,12.240482,5.078426
54.150774,-81.824400,-262.000000,12.406470,5.041135
54.670774,-81.824400,-262.000000,12.234775,5.002864
55.190774,-81.824400,-262.000000,12.643683,5.075809
55.710774,-81.824400,-262.000000,12.449435,5.063951
56.230774,-81.824400,-262.000000,12.273804,5.054592
56.750774,-81.824400,-262.000000,12.425750,5.068709
57.270774,-81.824400,-262.000000,12.438919,5.060413
57.790774,-81.824400,-262.000000,12.392211,5.125273
58.310774,-81.824400,-262.000000,12.431259,5.092740
58.830774,-81.824400,-262.000000,12.203487,5.023088
59.350774,-81.824400,-262.000000,12.549358,5.051246
59.870774,-81.824400,-262.000000,12.486490,5.071184
60.390774,-81.824400,-262.000000,12.139544,5.084016
60.910774,-81.824400,-262.000000,12.405200,5.021483
61.430774,-81.824400,-262.000000,12.319909,5.042537
61.950774,-81.824400,-262.000000,12.462214,5.036883
62.470774,-81.824400,-262.000000,12.363522,5.084974
62.990774,-81.824400,-262.000000,12.480567,5.020716
63.510774,-81.824400,-262.000000,12.158473,4.929981
64.030774,-81.824400,-262.000000,12.379338,5.091638
64.550774,-81.824400,-262.000000,12.251597,5.035748
65.070774,-81.824400,-262.000000,12.533284,5.014776
65.590774,-81.824400,-262.000000,12.284239,4.987856
66.110774,-81.824400,-262.000000,12.452947,5.042123
66.630774,-81.824400,-262.000000,12.379691,4.987039
67.150774,-81.824400,-262.000000,12.267062,5.050540
67.670774,-81.824400,-262.000000,12.364375,5.003255
68.190774,-81.824400,-262.000000,12.266006,4.988310
68.710774,-81.824400,-262.000000,12.549389,5.021578
69.230774,-81.824400,-262.000000,12.274522,5.036860
69.750774,-81.824400,-262.000000,12.320170,5.079043
70.270774,-81.824400,-262.000000,12.447129,4.998906
70.790774,-81.824400,-262.000000,12.333272,5.043746
71.310774,-81.824400,-262.000000,12.335928,4.988065
71.830774,-81.824400,-262.000000,12.607514,5.067298
72.350774,-81.824400,-262.000000,12.566955,5.084076
72.870774,-81.824400,-262.000000,12.332431,5.042372
73.390774,-81.824400,-262.000000,12.319758,5.007994
73.910774,-81.824400,-262.000000,12.468663,5.047329
74.430774,-81.824400,-262.000000,12.281939,5.014913
74.950774,-81.824400,-262.000000,12.407035,4.994678
75.470774,-81.824400,-262.000000,12.273252,5.024892
75.990774,-81.824400,-262.000000,12.354733,4.995381
75.990774,-81.304400,-262.000000,12.388381,5.040388
13.070774,-82.344400,-261.000000,12.189502,4.781104
13.590774,-82.344400,-261.000000,12.489209,4.835487
14.110774,-82.344400,-261.000000,12.762266,4.909286
14.630774,-82.344400,-261.000000,12.332746,4.888371
15.150774,-82.344400,-261.000000,12.520285,4.901566
15.670774,-82.344400,-261.000000,12.415751,4.906390
16.190774,-82.344400,-261.000000,12.071657,4.914814
16.710774,-82.344400,-261.000000,12.484324,4.905641
17.230774,-82.344400,-261.000000,12.460242,4.978165
17.750774,-82.344400,-261.000000,12.460306,4.975232
18.270774,-82.344400,-261.000000,12.396052,5.010410
18.790774,-82.344400,-261.000000,12.413565,4.959256
19.310774,-82.344400,-261.000000,12.221625,4.929926
19.830774,-82.344400,-261.000000,12.303751,4.985560
20.350774,-82.344400,-261.000000,12.438048,5.078841
20.870774,-82.344400,-261.000000,12.419978,4.979336
21.390774,-82.344400,-261.000000,12.252186,4.995868
21.910774,-82.344400,-261.000000,12.326575,5.004251
22.430774,-82.344400,-261.000000,12.242827,4.984581
22.950774,-82.344400,-261.000000,12.305800,5.013475
23.470774,-82.344400,-261.000000,12.302814,5.006581
23.990774,-82.344400,-261.000000,12.471060,4.982799
24.510774,-82.344400,-261.000000,12.409344,4.968812
25.030774,-82.344400,-261.000000,12.355475,5.021146
25.550774,-82.344400,-261.000000,12.408857,5.009343
26.070774,-82.344400,-261.000000,12.476130,5.052447
26.590774,-82.344400,-261.000000,12.675830,5.060603
27.110774,-82.344400,-261.000000,12.315238,5.017536
27.630774,-82.344400,-261.000000,12.446671,5.056393
28.150774,-82.344400,-261.000000,12.602374,5.075910
28.670774,-82.344400,-261.000000,12.467177,5.063184
29.190774,-82.344400,-261.000000,12.588431,5.002172
29.710774,-82.344400,-261.000000,12.362746,5.034314
30.230774,-82.344400,-261.000000,12.409422,5.057628
30.750774,-82.344400,-261.000000,12.673004,5.053958
31.270774,-82.344400,-261.000000,12.368897,5.013915
31.790774,-82.344400,-261.000000,12.371374,5.054081
32.310774,-82.344400,-261.000000,12.124908,5.022180
32.830774,-82.344400,-261.000000,12.472483,5.120426
33.350774,-82.344400,-261.000000,12.431804,5.046118
33.870774,-82.344400,-261.000000,12.497347,5.007947
34.390774,-82.344400,-261.000000,12.208148,5.027790
34.910774,-82.344400,-261.000000,12.411986,5.050866
35.430774,-82.344400,-261.000000,12.619486,5.056610
35.950774,-82.344400,-261.000000,12.262864,5.041369
36.470774,-82.344400,-261.000000,12.221734,5.072428
36.990774,-82.344400,-261.000000,12.465194,5.030729
37.510774,-82.344400,-261.000000,12.460687,5.051324
38.030774,-82.344400,-261.000000,12.547131,5.107690
38.550774,-82.344400,-261.000000,12.290456,5.059204
39.070774,-82.344400,-261.000000,12.292257,5.022543
39.590774,-82.344400,-261.000000,12.499689,5.082921
40.110774,-82.344400,-261.000000,12.507510,5.019736
40.630774,-82.344400,-261.000000,12.435966,5.050393
41.150774,-82.344400,-261.000000,12.384349,5.057358
41.670774,-82.344400,-261.000000,12.252431,5.050714
42.190774,-82.344400,-261.000000,12.241910,5.010499
42.710774,-82.344400,-261.000000,12.518342,5.097991
43.230774,-82.344400,-261.000000,12.431704,5.051215
43.750774,-82.344400,-261.000000,12.307288,5.015138
44.270774,-82.344400,-261.000000,12.502636,5.059457
44.790774,-82.344400,-261.000000,12.551236,5.051747
45.310774,-82.344400,-261.000000,12.217934,5.030765
45.830774,-82.344400,-261.000000,12.426955,5.039102
46.350774,-82.344400,-261.000000,12.271190,5.066337
46.870774,-82.344400,-261.000000,12.494617,5.037623
47.390774,-82.344400,-261.000000,12.467383,5.096280
47.910774,-82.344400,-261.000000,12.519741,5.066357
48.430774,-82.344400,-261.000000,12.412609,5.059460
48.950774,-82.344400,-261.000000,12.278139,5.054693
49.470774,-82.344400,-261.000000,12.301666,4.965896
49.990774,-82.344400,-261.000000,12.403128,5.017900
50.510774,-82.344400,-261.000000,12.372066,5.035344
51.030774,-82.344400,-261.000000,12.273965,5.068702
51.550774,-82.344400,-261.000000,12.282180,5.013330
52.070774,-82.344400,-261.000000,12.545681,5.063024
52.590774,-82.344400,-261.000000,12.561877,5.100921
53.110774,-82.344400,-261.000000,12.209954,5.063183
53.630774,-82.344400,-261.000000,12.328720,5.044491
54.150774,-82.344400,-261.000000,12.555771,5.075503
54.670774,-82.344400,-261.000000,12.658088,5.143279
55.190774,-82.344400,-261.000000,12.685225,5.100674
55.710774,-82.344400,-261.000000,12.288358,5.007560
56.230774,-82.344400,-261.000000,12.644352,5.091072
56.750774,-82.344400,-261.000000,12.433264,5.031769
57.270774,-82.344400,-261.000000,12.625827,5.068984
57.790774,-82.344400,-261.000000,12.312433,5.055699
58.310774,-82.344400,-261.000000,12.098514,5.032327
58.830774,-82.344400,-261.000000,12.357787,5.003332
59.350774,-82.344400,-261.000000,12.326839,5.040762
59.870774,-82.344400,-261.000000,12.451668,5.071441
60.390774,-82.344400,-261.000000,12.414989,5.029780
60.910774,-82.344400,-261.000000,12.167521,4.992037
61.430774,-82.344400,-261.000000,12.395868,5.030781
61.950774,-82.344400,-261.000000,12.482571,5.051913
62.470774,-82.344400,-261.000000,12.268443,5.027136
62.990774,-82.344400,-261.000000,12.308650,5.049887
63.510774,-82.344400,-261.000000,12.378873,5.065901
64.030774,-82.344400,-261.000000,12.116508,4.978732
64.550774,-82.344400,-261.000000,12.246487,4.988620
65.070774,-82.344400,-261.000000,12.427174,5.008714
65.590774,-82.344400,-261.000000,12.400176,5.097444
66.110774,-82.344400,-261.000000,12.521934,5.086525
66.630774,-82.344400,-261.000000,12.286075,5.082960
67.150774,-82.344400,-261.000000,12.302098,5.049298
67.670774,-82.344400,-261.000000,12.284003,5.026282
68.190774,-82.344400,-261.000000,12.399863,5.054997
68.710774,-82.344400,-261.000000,12.312668,4.997106
69.230774,-82.344400,-261.000000,12.591140,5.064954
69.750774,-82.344400,-261.000000,12.301970,5.058150
70.270774,-82.344400,-261.000000,12.419182,5.073658
70.790774,-82.344400,-261.000000,12.439259,5.053343
71.310774,-82.344400,-261.000000,12.153648,5.043242
71.830774,-82.344400,-261.000000,12.412353,4.958397
72.350774,-82.344400,-261.000000,12.600722,5.026641
72.870774,-82.344400,-261.000000,12.367720,5.003758
73.390774,-82.344400,-261.000000,12.468390,5.027693
73.910774,-82.344400,-261.000000,12.296659,5.008202
74.430774,-82.344400,-261.000000,12.373878,5.011313
74.950774,-82.344400,-261.000000,12.349062,5.007733
75.470774,-82.344400,-261.000000,12.467470,4.970407
75.990774,-82.344400,-261.000000,12.406436,4.984646
13.070774,-81.824400,-261.000000,12.185284,4.789133
13.590774,-81.824400,-261.000000,12.541055,4.851957
14.110774,-81.824400,-261.000000,12.772398,4.915572
14.630774,-81.824400,-261.000000,12.308187,4.887989
15.150774,-81.824400,-261.000000,12.458345,4.890598
15.670774,-81.824400,-261.000000,12.442618,4.910535
16.190774,-81.824400,-261.000000,12.071586,4.927221
16.710774,-81.824400,-261.000000,12.554749,4.922082
17.230774,-81.824400,-261.000000,12.391151,4.987744
17.750774,-81.824400,-261.000000,12.480589,4.987947
18.270774,-81.824400,-261.000000,12.335746,5.009577
18.790774,-81.824400,-261.000000,12.462280,4.969367
19.310774,-81.824400,-261.000000,12.262809,4.938094
19.830774,-81.824400,-261.000000,12.271976,4.985941
20.350774,-81.824400,-261.000000,12.493882,5.081778
20.870774,-81.824400,-261.000000,12.346940,4.982965
21.390774,-81.824400,-261.000000,12.243373,4.996064
21.910774,-81.824400,-261.000000,12.349345,5.013614
22.430774,-81.824400,-261.000000,12.280421,4.978713
22.950774,-81.824400,-261.000000,12.260083,5.043279
23.470774,-81.824400,-261.000000,12.302634,4.998541
23.990774,-81.824400,-261.000000,12.436457,4.988496
24.510774,-81.824400,-261.000000,12.419664,4.989704
25.030774,-81.824400,-261.000000,12.321164,5.012240
25.550774,-81.824400,-261.000000,12.440461,5.008462
26.070774,-81.824400,-261.000000,12.397923,5.054189
26.590774,-81.824400,-261.000000,12.677498,5.074973
27.110774,-81.824400,-261.000000,12.349597,5.013060
27.630774,-81.824400,-261.000000,12.403613,5.059215
28.150774,-81.824400,-261.000000,12.605442,5.096377
28.670774,-81.824400,-261.000000,12.359092,5.052645
29.190774,-81.824400,-261.000000,12.684360,5.032502
29.710774,-81.824400,-261.000000,12.345164,5.034760
30.230774,-81.824400,-261.000000,12.325686,5.060878
30.750774,-81.824400,-261.000000,12.600070,5.047480
31.270774,-81.824400,-261.000000,12.416544,5.024725
31.790774,-81.824400,-261.000000,12.370395,5.044291
32.310774,-81.824400,-261.000000,12.157610,5.041644
32.830774,-81.824400,-261.000000,12.424372,5.118864
33.350774,-81.824400,-261.000000,12.481341,5.052893
33.870774,-81.824400,-261.000000,12.440502,5.012810
34.390774,-81.824400,-261.000000,12.294417,5.042944
34.910774,-81.824400,-261.000000,12.379868,5.051472
35.430774,-81.824400,-261.000000,12.622627,5.059629
35.950774,-81.824400,-261.000000,12.333988,5.076674
36.470774,-81.824400,-261.000000,12.164156,5.054836
36.990774,-81.824400,-261.000000,12.433623,5.025999
37.510774,-81.824400,-261.000000,12.446397,5.070375
38.030774,-81.824400,-261.000000,12.430297,5.108305
38.550774,-81.824400,-261.000000,12.306750,5.044052
39.070774,-81.824400,-261.000000,12.319072,5.030254
39.590774,-81.824400,-261.000000,12.429046,5.080894
40.110774,-81.824400,-261.000000,12.521491,5.016925
40.630774,-81.824400,-261.000000,12.352420,5.045870
41.150774,-81.824400,-261.000000,12.436660,5.064597
41.670774,-81.824400,-261.000000,12.209193,5.044714
42.190774,-81.824400,-261.000000,12.220180,5.025961
42.710774,-81.824400,-261.000000,12.490184,5.093364
43.230774,-81.824400,-261.000000,12.305985,5.034842
43.750774,-81.824400,-261.000000,12.293088,5.036564
44.270774,-81.824400,-261.000000,12.480479,5.072323
44.790774,-81.824400,-261.000000,12.504864,5.042551
45.310774,-81.824400,-261.000000,12.236476,5.041484
45.830774,-81.824400,-261.000000,12.372137,5.004692
46.350774,-81.824400,-261.000000,12.246001,5.076196
46.870774,-81.824400,-261.000000,12.578293,5.055973
47.390774,-81.824400,-261.000000,12.435476,5.093180
47.910774,-81.824400,-261.000000,12.533038,5.065704
48.430774,-81.824400,-261.000000,12.346885,5.059712
48.950774,-81.824400,-261.000000,12.303123,5.077855
49.470774,-81.824400,-261.000000,12.355629,4.967167
49.990774,-81.824400,-261.000000,12.250846,5.023735
50.510774,-81.824400,-261.000000,12.405143,5.037321
51.030774,-81.824400,-261.000000,12.264777,5.057938
51.550774,-81.824400,-261.000000,12.168576,5.013767
52.070774,-81.824400,-261.000000,12.527627,5.077363
52.590774,-81.824400,-261.000000,12.473980,5.082049
53.110774,-81.824400,-261.000000,12.307902,5.078189
53.630774,-81.824400,-261.000000,12.317054,5.048735
54.150774,-81.824400,-261.000000,12.504388,5.078918
54.670774,-81.824400,-261.000000,12.607802,5.142286
55.190774,-81.824400,-261.000000,12.663695,5.091473
55.710774,-81.824400,-261.000000,12.311996,5.036131
56.230774,-81.824400,-261.000000,12.616404,5.092015
56.750774,-81.824400,-261.000000,12.429879,5.025459
57.270774,-81.824400,-261.000000,12.571517,5.076841
57.790774,-81.824400,-261.000000,12.327055,5.067920
58.310774,-81.824400,-261.000000,12.073456,5.015944
58.830774,-81.824400,-261.000000,12.333065,5.014081
59.350774,-81.824400,-261.000000,12.278539,5.039150
59.870774,-81.824400,-261.000000,12.408401,5.068640
60.390774,-81.824400,-261.000000,12.453252,5.033489
60.910774,-81.824400,-261.000000,12.099405,4.998747
61.430774,-81.824400,-261.000000,12.400504,5.036528
61.950774,-81.824400,-261.000000,12.451416,5.065849
62.470774,-81.824400,-261.000000,12.228208,5.026743
62.990774,-81.824400,-261.000000,12.266818,5.035495
63.510774,-81.824400,-261.000000,12.381741,5.067273
64.030774,-81.824400,-261.000000,12.118155,4.970051
64.550774,-81.824400,-261.000000,12.254809,4.987956
65.070774,-81.824400,-261.000000,12.389844,5.006125
65.590774,-81.824400,-261.000000,12.443213,5.111058
66.110774,-81.824400,-261.000000,12.513828,5.087895
66.630774,-81.824400,-261.000000,12.240146,5.093151
67.150774,-81.824400,-261.000000,12.318832,5.052986
67.670774,-81.824400,-261.000000,12.294998,5.027733
68.190774,-81.824400,-261.000000,12.300464,5.055874
68.710774,-81.824400,-261.000000,12.376986,5.021482
69.230774,-81.824400,-261.000000,12.508553,5.053268
69.750774,-81.824400,-261.000000,12.357872,5.064956
70.270774,-81.824400,-261.000000,12.449220,5.070343
70.790774,-81.824400,-261.000000,12.456528,5.077739
71.310774,-81.824400,-261.000000,12.146354,5.052813
71.830774,-81.824400,-261.000000,12.439472,4.963704
72.350774,-81.824400,-261.000000,12.625237,5.024669
72.870774,-81.824400,-261.000000,12.396710,5.024670
73.390774,-81.824400,-261.000000,12.478534,5.049698
73.910774,-81.824400,-261.000000,12.272427,5.000957
74.430774,-81.824400,-261.000000,12.449294,5.033966
74.950774,-81.824400,-261.000000,12.447993,5.025226
75.470774,-81.824400,-261.000000,12.461647,4.959675
75.990774,-81.824400,-261.000000,12.427080,5.005026
13.070774,-81.304400,-261.000000,12.197177,4.808082
13.070774,-82.344400,-260.000000,12.474286,4.812528
13.590774,-82.344400,-260.000000,12.256398,4.791745
14.110774,-82.344400,-260.000000,12.354172,4.871435
14.630774,-82.344400,-260.000000,12.356550,4.898108
15.150774,-82.344400,-260.000000,12.357606,4.891145
15.670774,-82.344400,-260.000000,12.647149,4.909828
16.190774,-82.344400,-260.000000,12.410903,4.921827
16.710774,-82.344400,-260.000000,12.375604,4.963430
17.230774,-82.344400,-260.000000,12.335421,4.931139
17.750774,-82.344400,-260.000000,12.052039,4.885381
18.270774,-82.344400,-260.000000,12.337607,4.974336
18.790774,-82.344400,-260.000000,12.427759,4.993416
19.310774,-82.344400,-260.000000,12.131961,4.933051
19.830774,-82.344400,-260.000000,12.364287,4.975769
20.350774,-82.344400,-260.000000,12.345086,4.985213
20.870774,-82.344400,-260.000000,12.342078,5.026288
21.390774,-82.344400,-260.000000,12.641673,4.967223
21.910774,-82.344400,-260.000000,12.431842,5.018833
22.430774,-82.344400,-260.000000,12.401835,5.012376
22.950774,-82.344400,-260.000000,12.397466,5.011772
23.470774,-82.344400,-260.000000,12.544333,5.015674
23.990774,-82.344400,-260.000000,12.338919,4.998337
24.510774,-82.344400,-260.000000,12.255683,4.968188
25.030774,-82.344400,-260.000000,12.559228,5.021870
25.550774,-82.344400,-260.000000,12.304001,4.962967
26.070774,-82.344400,-260.000000,12.293695,5.032354
26.590774,-82.344400,-260.000000,12.548481,5.043811
27.110774,-82.344400,-260.000000,12.606512,5.058870
27.630774,-82.344400,-260.000000,12.290001,5.000426
28.150774,-82.344400,-260.000000,12.306377,5.004325
28.670774,-82.344400,-260.000000,12.626220,5.085653
29.190774,-82.344400,-260.000000,12.328441,5.018833
29.710774,-82.344400,-260.000000,12.345748,4.993591
30.230774,-82.344400,-260.000000,12.299682,4.952659
30.750774,-82.344400,-260.000000,12.301803,5.005657
31.270774,-82.344400,-260.000000,12.525403,5.026534
31.790774,-82.344400,-260.000000,12.289186,5.058672
32.310774,-82.344400,-260.000000,12.450870,5.059095
32.830774,-82.344400,-260.000000,12.338358,4.961391
33.350774,-82.344400,-260.000000,12.388521,5.025619
33.870774,-82.344400,-260.000000,12.224200,4.947257
34.390774,-82.344400,-260.000000,12.284139,5.021240
34.910774,-82.344400,-260.000000,12.334033,5.048659
35.430774,-82.344400,-260.000000,12.270255,5.030527
35.950774,-82.344400,-260.000000,12.439903,5.040101
36.470774,-82.344400,-260.000000,12.499114,5.065291
36.990774,-82.344400,-260.000000,12.107396,4.986291
37.510774,-82.344400,-260.000000,12.394682,5.067383
38.030774,-82.344400,-260.000000,12.403329,5.036635
38.550774,-82.344400,-260.000000,12.567141,5.064799
39.070774,-82.344400,-260.000000,12.325011,5.011389
39.590774,-82.344400,-260.000000,12.336045,5.033145
40.110774,-82.344400,-260.000000,12.456095,5.021596
40.630774,-82.344400,-260.000000,12.566897,5.006940
41.150774,-82.344400,-260.000000,12.233088,5.031468
41.670774,-82.344400,-260.000000,12.256045,5.038821
42.190774,-82.344400,-260.000000,12.041125,4.995059
42.710774,-82.344400,-260.000000,12.417859,5.074468
43.230774,-82.344400,-260.000000,12.384184,5.078784
43.750774,-82.344400,-260.000000,12.242911,5.007416
44.270774,-82.344400,-260.000000,12.320495,5.035975
44.790774,-82.344400,-260.000000,12.383030,5.042087
45.310774,-82.344400,-260.000000,12.417654,5.103199
45.830774,-82.344400,-260.000000,12.547897,5.083261
46.350774,-82.344400,-260.000000,12.557192,5.054474
46.870774,-82.344400,-260.000000,12.643113,5.143894
47.390774,-82.344400,-260.000000,12.499588,5.045092
47.910774,-82.344400,-260.000000,12.415454,5.074724
48.430774,-82.344400,-260.000000,12.032992,5.028961
48.950774,-82.344400,-260.000000,12.369368,5.027709
49.470774,-82.344400,-260.000000,12.558341,5.061090
49.990774,-82.344400,-260.000000,12.615956,5.108922
50.510774,-82.344400,-260.000000,12.539736,5.040414
51.030774,-82.344400,-260.000000,12.441284,5.006569
51.550774,-82.344400,-260.000000,12.250634,4.993640
52.070774,-82.344400,-260.000000,12.635779,5.095082
52.590774,-82.344400,-260.000000,12.556314,5.064592
53.110774,-82.344400,-260.000000,12.389284,5.054934
53.630774,-82.344400,-260.000000,12.439939,4.998399
54.150774,-82.344400,-260.000000,12.372252,5.072031
54.670774,-82.344400,-260.000000,12.397882,5.055425
55.190774,-82.344400,-260.000000,12.304713,5.016013
55.710774,-82.344400,-260.000000,12.370444,4.979150
56.230774,-82.344400,-260.000000,12.488006,5.089889
56.750774,-82.344400,-260.000000,12.580544,5.066481
57.270774,-82.344400,-260.000000,12.440697,5.055392
57.790774,-82.344400,-260.000000,12.273726,5.013850
58.310774,-82.344400,-260.000000,12.475333,5.048617
58.830774,-82.344400,-260.000000,12.432291,5.025436
59.350774,-82.344400,-260.000000,12.344445,5.080127
59.870774,-82.344400,-260.000000,12.407414,5.058200
60.390774,-82.344400,-260.000000,12.497764,5.102356
60.910774,-82.344400,-260.000000,12.503768,5.074145
61.430774,-82.344400,-260.000000,12.490203,4.996877
61.950774,-82.344400,-260.000000,12.566415,5.041882
62.470774,-82.344400,-260.000000,12.437827,5.097730
62.990774,-82.344400,-260.000000,12.435767,5.036893
63.510774,-82.344400,-260.000000,12.407576,5.015819
64.030774,-82.344400,-260.000000,12.423974,5.058579
64.550774,-82.344400,-260.000000,12.327175,5.051829
65.070774,-82.344400,-260.000000,12.470405,5.053295
65.590774,-82.344400,-260.000000,12.334819,5.055305
66.110774,-82.344400,-260.000000,12.484274,5.037986
66.630774,-82.344400,-260.000000,12.326409,5.010338
67.150774,-82.344400,-260.000000,12.377975,5.019043
67.670774,-82.344400,-260.000000,12.386484,5.009529
68.190774,-82.344400,-260.000000,12.492393,5.026788
68.710774,-82.344400,-260.000000,12.361898,5.101340
69.230774,-82.344400,-260.000000,12.485151,5.060371
69.750774,-82.344400,-260.000000,12.567282,5.028412
70.270774,-82.344400,-260.000000,12.192828,5.005725
70.790774,-82.344400,-260.000000,12.417935,4.981582
71.310774,-82.344400,-260.000000,12.316520,5.051548
71.830774,-82.344400,-260.000000,12.392585,5.068932
72.350774,-82.344400,-260.000000,12.379776,5.031842
72.870774,-82.344400,-260.000000,12.653455,5.108136
73.390774,-82.344400,-260.000000,12.286574,4.987548
73.910774,-82.344400,-260.000000,12.520463,4.962389
74.430774,-82.344400,-260.000000,12.316078,4.990805
74.950774,-82.344400,-260.000000,12.496103,5.032145
75.470774,-82.344400,-260.000000,12.397170,5.035498
75.990774,-82.344400,-260.000000,12.331725,5.062351
13.070774,-81.824400,-260.000000,12.425052,4.793597
13.590774,-81.824400,-260.000000,12.312231,4.810579
14.110774,-81.824400,-260.000000,12.303237,4.871863
14.630774,-81.824400,-260.000000,12.356492,4.913497
15.150774,-81.824400,-260.000000,12.360972,4.904365
15.670774,-81.824400,-260.000000,12.573499,4.883152
16.190774,-81.824400,-260.000000,12.345220,4.916367
16.710774,-81.824400,-260.000000,12.312050,4.962389
17.230774,-81.824400,-260.000000,12.280520,4.934983
17.750774,-81.824400,-260.000000,12.118562,4.888153
18.270774,-81.824400,-260.000000,12.290744,4.974974
18.790774,-81.824400,-260.000000,12.420090,4.974303
19.310774,-81.824400,-260.000000,12.114879,4.949953
19.830774,-81.824400,-260.000000,12.343960,4.982239
20.350774,-81.824400,-260.000000,12.246654,4.985480
20.870774,-81.824400,-260.000000,12.293189,5.014745
21.390774,-81.824400,-260.000000,12.602828,4.991787
21.910774,-81.824400,-260.000000,12.406968,5.032954
22.430774,-81.824400,-260.000000,12.383706,4.996571
22.950774,-81.824400,-260.000000,12.463540,5.036143
23.470774,-81.824400,-260.000000,12.500553,5.011024
23.990774,-81.824400,-260.000000,12.339213,5.006750
24.510774,-81.824400,-260.000000,12.178809,4.961041
25.030774,-81.824400,-260.000000,12.592631,5.039173
25.550774,-81.824400,-260.000000,12.209481,4.966674
26.070774,-81.824400,-260.000000,12.398086,5.053779
26.590774,-81.824400,-260.000000,12.509647,5.037330
27.110774,-81.824400,-260.000000,12.549520,5.067286
27.630774,-81.824400,-260.000000,12.293447,5.002372
28.150774,-81.824400,-260.000000,12.321304,4.996390
28.670774,-81.824400,-260.000000,12.682821,5.104730
29.190774,-81.824400,-260.000000,12.274830,5.017678
29.710774,-81.824400,-260.000000,12.396174,5.001747
30.230774,-81.824400,-260.000000,12.299548,4.965441
30.750774,-81.824400,-260.000000,12.255699,4.991771
31.270774,-81.824400,-260.000000,12.543601,5.033916
31.790774,-81.824400,-260.000000,12.266067,5.046834
32.310774,-81.824400,-260.000000,12.359850,5.073160
32.830774,-81.824400,-260.000000,12.359025,4.966296
33.350774,-81.824400,-260.000000,12.382571,5.050303
33.870774,-81.824400,-260.000000,12.174021,4.941750
34.390774,-81.824400,-260.000000,12.303648,5.037182
34.910774,-81.824400,-260.000000,12.321071,5.044144
35.430774,-81.824400,-260.000000,12.314118,5.039807
35.950774,-81.824400,-260.000000,12.379475,5.052752
36.470774,-81.824400,-260.000000,12.501303,5.072726
36.990774,-81.824400,-260.000000,12.123931,5.013494
37.510774,-81.824400,-260.000000,12.389533,5.069149
38.030774,-81.824400,-260.000000,12.465376,5.051682
38.550774,-81.824400,-260.000000,12.568407,5.051802
39.070774,-81.824400,-260.000000,12.295508,5.028618
39.590774,-81.824400,-260.000000,12.289865,5.027995
40.110774,-81.824400,-260.000000,12.473917,5.051286
40.630774,-81.824400,-260.000000,12.638235,5.014080
41.150774,-81.824400,-260.000000,12.164868,5.025343
41.670774,-81.824400,-260.000000,12.304179,5.068419
42.190774,-81.824400,-260.000000,12.052990,5.011814
42.710774,-81.824400,-260.000000,12.443326,5.079525
43.230774,-81.824400,-260.000000,12.398906,5.097556
43.750774,-81.824400,-260.000000,12.169797,5.005907
44.270774,-81.824400,-260.000000,12.391580,5.029328
44.790774,-81.824400,-260.000000,12.382829,5.063323
45.310774,-81.824400,-260.000000,12.430879,5.090968
45.830774,-81.824400,-260.000000,12.529186,5.093993
46.350774,-81.824400,-260.000000,12.505061,5.063688
46.870774,-81.824400,-260.000000,12.612946,5.136565
47.390774,-81.824400,-260.000000,12.497466,5.042597
47.910774,-81.824400,-260.000000,12.382078,5.090472
48.430774,-81.824400,-260.000000,12.111650,5.034176
48.950774,-81.824400,-260.000000,12.312219,5.051384
49.470774,-81.824400,-260.000000,12.525962,5.061397
49.990774,-81.824400,-260.000000,12.641345,5.106359
50.510774,-81.824400,-260.000000,12.530371,5.045016
51.030774,-81.824400,-260.000000,12.475503,5.018066
51.550774,-81.824400,-260.000000,12.233291,5.003898
52.070774,-81.824400,-260.000000,12.678191,5.081160
52.590774,-81.824400,-260.000000,12.453261,5.078327
53.110774,-81.824400,-260.000000,12.399325,5.039545
53.630774,-81.824400,-260.000000,12.443089,5.005069
54.150774,-81.824400,-260.000000,12.343464,5.071147
54.670774,-81.824400,-260.000000,12.365497,5.061995
55.190774,-81.824400,-260.000000,12.258151,5.007259
55.710774,-81.824400,-260.000000,12.318198,4.992476
56.230774,-81.824400,-260.000000,12.503603,5.103209
56.750774,-81.824400,-260.000000,12.549802,5.074603
57.270774,-81.824400,-260.000000,12.457703,5.067171
57.790774,-81.824400,-260.000000,12.309330,5.037268
58.310774,-81.824400,-260.000000,12.360108,5.023184
58.830774,-81.824400,-260.000000,12.492334,5.039621
59.350774,-81.824400,-260.000000,12.349769,5.084102
59.870774,-81.824400,-260.000000,12.442023,5.064574
60.390774,-81.824400,-260.000000,12.518525,5.131429
60.910774,-81.824400,-260.000000,12.470619,5.068488
61.430774,-81.824400,-260.000000,12.499726,5.000026
61.950774,-81.824400,-260.000000,12.546522,5.035778
62.470774,-81.824400,-260.000000,12.440718,5.077498
62.990774,-81.824400,-260.000000,12.422928,5.052490
63.510774,-81.824400,-260.000000,12.452340,5.045847
64.030774,-81.824400,-260.000000,12.431476,5.071717
64.550774,-81.824400,-260.000000,12.412106,5.063282
65.070774,-81.824400,-260.000000,12.380837,5.074698
65.590774,-81.824400,-260.000000,12.301574,5.043847
66.110774,-81.824400,-260.000000,12.428206,5.038284
66.630774,-81.824400,-260.000000,12.303747,5.026739
67.150774,-81.824400,-260.000000,12.394922,5.036319
67.670774,-81.824400,-260.000000,12.390517,5.017200
68.190774,-81.824400,-260.000000,12.438889,5.030983
68.710774,-81.824400,-260.000000,12.376887,5.114859
69.230774,-81.824400,-260.000000,12.409775,5.024318
69.750774,-81.824400,-260.000000,12.551971,5.035935
70.270774,-81.824400,-260.000000,12.298414,5.026879
70.790774,-81.824400,-260.000000,12.346814,4.989150
71.310774,-81.824400,-260.000000,12.307525,5.067097
71.830774,-81.824400,-260.000000,12.359839,5.077473
72.350774,-81.824400,-260.000000,12.368812,5.044278
72.870774,-81.824400,-260.000000,12.669311,5.106373
73.390774,-81.824400,-260.000000,12.278145,4.986758
73.910774,-81.824400,-260.000000,12.491263,4.963333
74.430774,-81.824400,-260.000000,12.295259,4.997544
74.950774,-81.824400,-260.000000,12.385762,5.023098
75.470774,-81.824400,-260.000000,12.380916,5.044110
75.990774,-81.824400,-260.000000,12.287363,5.058592
13.070774,-81.304400,-260.000000,12.459015,4.800236
75.990774,-81.304400,-260.000000,12.288550,5.062977
13.070774,-82.344400,-259.000000,12.597239,4.812344
13.590774,-82.344400,-259.000000,12.384381,4.794993
14.110774,-82.344400,-259.000000,12.456660,4.849779
14.630774,-82.344400,-259.000000,12.168740,4.886216
15.150774,-82.344400,-259.000000,12.385278,4.888274
15.670774,-82.344400,-259.000000,12.191813,4.907132
16.190774,-82.344400,-259.000000,12.228968,4.924377
16.710774,-82.344400,-259.000000,12.416723,4.962256
17.230774,-82.344400,-259.000000,12.483576,4.944100
17.750774,-82.344400,-259.000000,12.341548,4.877637
18.270774,-82.344400,-259.000000,12.323015,4.913340
18.790774,-82.344400,-259.000000,12.589389,4.993319
19.310774,-82.344400,-259.000000,12.401340,4.960115
19.830774,-82.344400,-259.000000,12.298499,4.919994
20.350774,-82.344400,-259.000000,12.541261,4.928241
20.870774,-82.344400,-259.000000,12.301256,4.983794
21.390774,-82.344400,-259.000000,12.323970,4.957169
21.910774,-82.344400,-259.000000,12.435187,5.018088
22.430774,-82.344400,-259.000000,12.310702,4.957834
22.950774,-82.344400,-259.000000,12.221361,5.000968
23.470774,-82.344400,-259.000000,12.250751,4.985503
23.990774,-82.344400,-259.000000,12.354799,5.006565
24.510774,-82.344400,-259.000000,12.204628,4.963673
25.030774,-82.344400,-259.000000,12.605235,4.999125
25.550774,-82.344400,-259.000000,12.126668,4.971687
26.070774,-82.344400,-259.000000,12.242328,4.982502
26.590774,-82.344400,-259.000000,12.583095,5.114581
27.110774,-82.344400,-259.000000,12.469260,4.982305
27.630774,-82.344400,-259.000000,12.351261,5.022995
28.150774,-82.344400,-259.000000,12.425442,5.039380
28.670774,-82.344400,-259.000000,12.419489,5.032898
29.190774,-82.344400,-259.000000,12.194525,5.045075
29.710774,-82.344400,-259.000000,12.421500,4.993300
30.230774,-82.344400,-259.000000,12.274514,4.954772
30.750774,-82.344400,-259.000000,12.637418,5.074507
31.270774,-82.344400,-259.000000,12.297688,4.997136
31.790774,-82.344400,-259.000000,12.177849,5.041711
32.310774,-82.344400,-259.000000,12.477921,5.108574
32.830774,-82.344400,-259.000000,12.399528,5.033760
33.350774,-82.344400,-259.000000,12.200658,5.046220
33.870774,-82.344400,-259.000000,12.452851,5.046591
34.390774,-82.344400,-259.000000,12.598857,5.101127
34.910774,-82.344400,-259.000000,12.530488,5.067523
35.430774,-82.344400,-259.000000,12.465789,5.004890
35.950774,-82.344400,-259.000000,12.278309,5.018881
36.470774,-82.344400,-259.000000,12.641754,5.085023
36.990774,-82.344400,-259.000000,12.224546,5.052959
37.510774,-82.344400,-259.000000,12.397583,5.042875
38.030774,-82.344400,-259.000000,12.431361,5.043874
38.550774,-82.344400,-259.000000,12.527411,4.982019
39.070774,-82.344400,-259.000000,12.534388,5.071403
39.590774,-82.344400,-259.000000,12.285147,4.989752
40.110774,-82.344400,-259.000000,12.406116,5.041430
40.630774,-82.344400,-259.000000,12.430615,5.046628
41.150774,-82.344400,-259.000000,12.373310,5.030980
41.670774,-82.344400,-259.000000,12.474590,5.082089
42.190774,-82.344400,-259.000000,12.128284,4.997626
42.710774,-82.344400,-259.000000,12.305186,4.977533
43.230774,-82.344400,-259.000000,12.486917,5.097169
43.750774,-82.344400,-259.000000,12.330447,5.049368
44.270774,-82.344400,-259.000000,12.486808,5.033391
44.790774,-82.344400,-259.000000,12.400764,5.075556
45.310774,-82.344400,-259.000000,12.386189,5.064455
45.830774,-82.344400,-259.000000,12.270607,5.014735
46.350774,-82.344400,-259.000000,12.075524,5.019137
46.870774,-82.344400,-259.000000,12.319228,4.999379
47.390774,-82.344400,-259.000000,12.292787,5.054389
47.910774,-82.344400,-259.000000,12.485702,5.084592
48.430774,-82.344400,-259.000000,12.313840,5.017558
48.950774,-82.344400,-259.000000,12.439053,5.023085
49.470774,-82.344400,-259.000000,12.291811,5.002216
49.990774,-82.344400,-259.000000,12.310220,5.055586
50.510774,-82.344400,-259.000000,12.288358,5.004725
51.030774,-82.344400,-259.000000,12.531087,5.063328
51.550774,-82.344400,-259.000000,12.491227,5.106265
52.070774,-82.344400,-259.000000,12.473370,5.049215
52.590774,-82.344400,-259.000000,12.529399,5.067512
53.110774,-82.344400,-259.000000,12.228444,4.977499
53.630774,-82.344400,-259.000000,12.333044,5.038130
54.150774,-82.344400,-259.000000,12.300547,4.966640
54.670774,-82.344400,-259.000000,12.193159,5.028743
55.190774,-82.344400,-259.000000,12.497842,5.001999
55.710774,-82.344400,-259.000000,12.414955,5.104385
56.230774,-82.344400,-259.000000,12.394618,5.075189
56.750774,-82.344400,-259.000000,12.113416,4.963014
57.270774,-82.344400,-259.000000,12.234633,5.022606
57.790774,-82.344400,-259.000000,12.267908,5.003613
58.310774,-82.344400,-259.000000,12.522079,5.066535
58.830774,-82.344400,-259.000000,12.506357,5.048178
59.350774,-82.344400,-259.000000,12.304285,5.077458
59.870774,-82.344400,-259.000000,12.227302,5.012604
60.390774,-82.344400,-259.000000,12.393756,4.984138
60.910774,-82.344400,-259.000000,12.382254,5.074899
61.430774,-82.344400,-259.000000,12.339096,5.089870
61.950774,-82.344400,-259.000000,12.302972,4.995236
62.470774,-82.344400,-259.000000,12.502028,5.060052
62.990774,-82.344400,-259.000000,12.201491,4.995632
63.510774,-82.344400,-259.000000,12.379875,5.031554
64.030774,-82.344400,-259.000000,12.330229,5.085682
64.550774,-82.344400,-259.000000,12.343554,5.039265
65.070774,-82.344400,-259.000000,12.359408,5.076546
65.590774,-82.344400,-259.000000,12.271716,4.995409
66.110774,-82.344400,-259.000000,12.587450,5.073948
66.630774,-82.344400,-259.000000,12.504069,5.047310
67.150774,-82.344400,-259.000000,12.413946,5.044858
67.670774,-82.344400,-259.000000,12.131327,5.036633
68.190774,-82.344400,-259.000000,12.354109,5.039200
68.710774,-82.344400,-259.000000,12.582582,5.049039
69.230774,-82.344400,-259.000000,12.422094,5.019419
69.750774,-82.344400,-259.000000,12.183475,5.020317
70.270774,-82.344400,-259.000000,12.191167,5.011332
70.790774,-82.344400,-259.000000,12.373115,5.041690
71.310774,-82.344400,-259.000000,12.414687,5.011786
71.830774,-82.344400,-259.000000,12.265811,5.018365
72.350774,-82.344400,-259.000000,12.732627,5.096206
72.870774,-82.344400,-259.000000,12.397101,5.034734
73.390774,-82.344400,-259.000000,12.359611,4.985566
73.910774,-82.344400,-259.000000,12.468965,5.010950
74.430774,-82.344400,-259.000000,12.555744,5.070881
74.950774,-82.344400,-259.000000,12.444130,5.006567
75.470774,-82.344400,-259.000000,12.470118,4.984318
75.990774,-82.344400,-259.000000,12.454628,5.018228
13.070774,-81.824400,-259.000000,12.565375,4.820484
13.590774,-81.824400,-259.000000,12.403327,4.812348
14.110774,-81.824400,-259.000000,12.470307,4.847579
14.630774,-81.824400,-259.000000,12.141948,4.885708
15.150774,-81.824400,-259.000000,12.383043,4.893188
15.670774,-81.824400,-259.000000,12.243149,4.927200
16.190774,-81.824400,-259.000000,12.209352,4.929472
16.710774,-81.824400,-259.000000,12.480083,4.974948
17.230774,-81.824400,-259.000000,12.527564,4.945788
17.750774,-81.824400,-259.000000,12.354724,4.892474
18.270774,-81.824400,-259.000000,12.322066,4.918893
18.790774,-81.824400,-259.000000,12.601836,5.001474
19.310774,-81.824400,-259.000000,12.392535,4.967078
19.830774,-81.824400,-259.000000,12.332175,4.929715
20.350774,-81.824400,-259.000000,12.488840,4.937342
20.870774,-81.824400,-259.000000,12.385355,5.003551
21.390774,-81.824400,-259.000000,12.327033,4.938556
21.910774,-81.824400,-259.000000,12.409923,5.011118
22.430774,-81.824400,-259.000000,12.370585,4.972522
22.950774,-81.824400,-259.000000,12.165005,4.985953
23.470774,-81.824400,-259.000000,12.321577,5.008982
23.990774,-81.824400,-259.000000,12.302588,5.005450
24.510774,-81.824400,-259.000000,12.216148,4.967528
25.030774,-81.824400,-259.000000,12.535574,4.993787
25.550774,-81.824400,-259.000000,12.168489,4.972078
26.070774,-81.824400,-259.000000,12.295798,5.011319
26.590774,-81.824400,-259.000000,12.579110,5.117449
27.110774,-81.824400,-259.000000,12.456847,4.984495
27.630774,-81.824400,-259.000000,12.266730,5.020195
28.150774,-81.824400,-259.000000,12.453826,5.061284
28.670774,-81.824400,-259.000000,12.415446,5.047422
29.190774,-81.824400,-259.000000,12.207170,5.057981
29.710774,-81.824400,-259.000000,12.382965,5.008118
30.230774,-81.824400,-259.000000,12.322513,4.949405
30.750774,-81.824400,-259.000000,12.597010,5.083206
31.270774,-81.824400,-259.000000,12.258823,5.012695
31.790774,-81.824400,-259.000000,12.218511,5.065971
32.310774,-81.824400,-259.000000,12.465194,5.101859
32.830774,-81.824400,-259.000000,12.347244,5.024235
33.350774,-81.824400,-259.000000,12.197091,5.050258
33.870774,-81.824400,-259.000000,12.516616,5.050484
34.390774,-81.824400,-259.000000,12.633904,5.102899
34.910774,-81.824400,-259.000000,12.429420,5.054512
35.430774,-81.824400,-259.000000,12.386784,4.994876
35.950774,-81.824400,-259.000000,12.295547,5.015699
36.470774,-81.824400,-259.000000,12.650664,5.089900
36.990774,-81.824400,-259.000000,12.203666,5.054047
37.510774,-81.824400,-259.000000,12.363647,5.054152
38.030774,-81.824400,-259.000000,12.430259,5.069184
38.550774,-81.824400,-259.000000,12.514747,4.992286
39.070774,-81.824400,-259.000000,12.463218,5.078729
39.590774,-81.824400,-259.000000,12.244967,4.985309
40.110774,-81.824400,-259.000000,12.458127,5.059854
40.630774,-81.824400,-259.000000,12.326546,5.018384
41.150774,-81.824400,-259.000000,12.396955,5.045822
41.670774,-81.824400,-259.000000,12.475916,5.080432
42.190774,-81.824400,-259.000000,12.077971,5.000192
42.710774,-81.824400,-259.000000,12.282723,4.980774
43.230774,-81.824400,-259.000000,12.417796,5.093222
43.750774,-81.824400,-259.000000,12.319913,5.068454
44.270774,-81.824400,-259.000000,12.431283,5.050303
44.790774,-81.824400,-259.000000,12.353962,5.059263
45.310774,-81.824400,-259.000000,12.409492,5.058969
45.830774,-81.824400,-259.000000,12.308689,5.013761
46.350774,-81.824400,-259.000000,12.141624,5.016940
46.870774,-81.824400,-259.000000,12.295691,5.008216
47.390774,-81.824400,-259.000000,12.268914,5.069518
47.910774,-81.824400,-259.000000,12.510486,5.083575
48.430774,-81.824400,-259.000000,12.295829,5.010620
48.950774,-81.824400,-259.000000,12.397067,5.022646
49.470774,-81.824400,-259.000000,12.275290,5.009469
49.990774,-81.824400,-259.000000,12.331017,5.071448
50.510774,-81.824400,-259.000000,12.296700,5.021950
51.030774,-81.824400,-259.000000,12.473782,5.059309
51.550774,-81.824400,-259.000000,12.461433,5.104033
52.070774,-81.824400,-259.000000,12.428316,5.056982
52.590774,-81.824400,-259.000000,12.551967,5.071059
53.110774,-81.824400,-259.000000,12.185443,4.998065
53.630774,-81.824400,-259.000000,12.357244,5.030805
54.150774,-81.824400,-259.000000,12.204023,4.978557
54.670774,-81.824400,-259.000000,12.272857,5.043088
55.190774,-81.824400,-259.000000,12.481933,4.991185
55.710774,-81.824400,-259.000000,12.370700,5.083856
56.230774,-81.824400,-259.000000,12.330231,5.071408
56.750774,-81.824400,-259.000000,12.075915,4.974781
57.270774,-81.824400,-259.000000,12.207274,5.017484
57.790774,-81.824400,-259.000000,12.269831,5.011157
58.310774,-81.824400,-259.000000,12.513847,5.074030
58.830774,-81.824400,-259.000000,12.446612,5.044487
59.350774,-81.824400,-259.000000,12.294372,5.083273
59.870774,-81.824400,-259.000000,12.261271,5.022704
60.390774,-81.824400,-259.000000,12.349438,4.976048
60.910774,-81.824400,-259.000000,12.366286,5.076120
61.430774,-81.824400,-259.000000,12.335513,5.107546
61.950774,-81.824400,-259.000000,12.285026,5.001711
62.470774,-81.824400,-259.000000,12.462605,5.064503
62.990774,-81.824400,-259.000000,12.224211,4.997809
63.510774,-81.824400,-259.000000,12.318467,5.026349
64.030774,-81.824400,-259.000000,12.336173,5.090156
64.550774,-81.824400,-259.000000,12.299293,5.035751
65.070774,-81.824400,-259.000000,12.329671,5.082712
65.590774,-81.824400,-259.000000,12.302948,5.016699
66.110774,-81.824400,-259.000000,12.585831,5.064406
66.630774,-81.824400,-259.000000,12.452434,5.052341
67.150774,-81.824400,-259.000000,12.402848,5.047085
67.670774,-81.824400,-259.000000,12.141433,5.022690
68.190774,-81.824400,-259.000000,12.353316,5.058268
68.710774,-81.824400,-259.000000,12.564650,5.054959
69.230774,-81.824400,-259.000000,12.439341,5.025283
69.750774,-81.824400,-259.000000,12.170127,5.026754
70.270774,-81.824400,-259.000000,12.177524,5.008079
70.790774,-81.824400,-259.000000,12.364780,5.047619
71.310774,-81.824400,-259.000000,12.451110,4.999304
71.830774,-81.824400,-259.000000,12.239697,5.010190
72.350774,-81.824400,-259.000000,12.676553,5.089621
72.870774,-81.824400,-259.000000,12.295306,5.042119
73.390774,-81.824400,-259.000000,12.397520,4.989421
73.910774,-81.824400,-259.000000,12.499105,5.008788
74.430774,-81.824400,-259.000000,12.472808,5.060744
74.950774,-81.824400,-259.000000,12.462813,5.014953
75.470774,-81.824400,-259.000000,12.448360,4.982290
75.990774,-81.824400,-259.000000,12.442866,5.020561
13.070774,-81.304400,-259.000000,12.547506,4.830727
75.990774,-81.304400,-259.000000,12.399889,5.018065
13.070774,-82.344400,-258.000000,12.370896,4.829711
13.590774,-82.344400,-258.000000,12.421577,4.790790
14.110774,-82.344400,-258.000000,12.398741,4.863033
14.630774,-82.344400,-258.000000,12.205758,4.845253
15.150774,-82.344400,-258.000000,12.528125,4.917846
15.670774,-82.344400,-258.000000,12.349710,4.843863
16.190774,-82.344400,-258.000000,12.440575,4.894731
16.710774,-82.344400,-258.000000,12.556208,4.951182
17.230774,-82.344400,-258.000000,12.325355,4.934357
17.750774,-82.344400,-258.000000,12.317878,4.998583
18.270774,-82.344400,-258.000000,12.441658,4.982093
18.790774,-82.344400,-258.000000,12.574895,5.015862
19.310774,-82.344400,-258.000000,12.487693,4.998343
19.830774,-82.344400,-258.000000,12.471427,5.025387
20.350774,-82.344400,-258.000000,12.458944,4.986044
20.870774,-82.344400,-258.000000,12.471612,4.970743
21.390774,-82.344400,-258.000000,12.508569,5.000728
21.910774,-82.344400,-258.000000,12.337394,5.013849
22.430774,-82.344400,-258.000000,12.576514,5.046988
22.950774,-82.344400,-258.000000,12.455830,5.034196
23.470774,-82.344400,-258.000000,12.374022,4.971994
23.990774,-82.344400,-258.000000,12.613051,5.033223
24.510774,-82.344400,-258.000000,12.461584,5.013639
25.030774,-82.344400,-258.000000,12.424149,4.964098
25.550774,-82.344400,-258.000000,12.440542,5.059693
26.070774,-82.344400,-258.000000,12.441720,5.034385
26.590774,-82.344400,-258.000000,12.284180,4.981045
27.110774,-82.344400,-258.000000,12.203530,4.941445
27.630774,-82.344400,-258.000000,12.529347,5.025565
28.150774,-82.344400,-258.000000,12.204029,4.996523
28.670774,-82.344400,-258.000000,12.213598,5.044915
29.190774,-82.344400,-258.000000,12.323321,5.036243
29.710774,-82.344400,-258.000000,12.389812,5.041212
30.230774,-82.344400,-258.000000,12.150643,4.971130
30.750774,-82.344400,-258.000000,12.415338,5.036343
31.270774,-82.344400,-258.000000,12.127424,4.978459
31.790774,-82.344400,-258.000000,12.243896,5.061316
32.310774,-82.344400,-258.000000,12.460120,4.993598
32.830774,-82.344400,-258.000000,12.265804,5.083041
33.350774,-82.344400,-258.000000,12.078769,5.002202
33.870774,-82.344400,-258.000000,12.431098,5.094116
34.390774,-82.344400,-258.000000,12.359319,5.058939
34.910774,-82.344400,-258.000000,12.430462,5.115334
35.430774,-82.344400,-258.000000,12.466251,5.068830
35.950774,-82.344400,-258.000000,12.353976,5.043572
36.470774,-82.344400,-258.000000,12.462745,5.020871
36.990774,-82.344400,-258.000000,12.412296,5.036214
37.510774,-82.344400,-258.000000,12.455256,5.073218
38.030774,-82.344400,-258.000000,12.491488,4.991467
38.550774,-82.344400,-258.000000,12.584249,5.100073
39.070774,-82.344400,-258.000000,12.294679,4.978505
39.590774,-82.344400,-258.000000,12.276221,4.990192
40.110774,-82.344400,-258.000000,12.296818,5.075515
40.630774,-82.344400,-258.000000,12.281529,5.066759
41.150774,-82.344400,-258.000000,12.159354,5.042122
41.670774,-82.344400,-258.000000,12.524764,5.034337
42.190774,-82.344400,-258.000000,12.350928,5.013662
42.710774,-82.344400,-258.000000,12.486027,5.074832
43.230774,-82.344400,-258.000000,12.572115,5.077749
43.750774,-82.344400,-258.000000,12.168055,5.070442
44.270774,-82.344400,-258.000000,12.417531,5.077029
44.790774,-82.344400,-258.000000,12.352381,5.004757
45.310774,-82.344400,-258.000000,12.278548,5.027704
45.830774,-82.344400,-258.000000,12.401149,5.107945
46.350774,-82.344400,-258.000000,12.286386,5.032063
46.870774,-82.344400,-258.000000,12.278008,5.089298
47.390774,-82.344400,-258.000000,12.479570,5.036404
47.910774,-82.344400,-258.000000,12.465449,5.028071
48.430774,-82.344400,-258.000000,12.422954,5.006946
48.950774,-82.344400,-258.000000,12.470243,5.049400
49.470774,-82.344400,-258.000000,12.232076,5.041259
49.990774,-82.344400,-258.000000,12.466719,5.151638
50.510774,-82.344400,-258.000000,12.446975,5.068444
51.030774,-82.344400,-258.000000,12.170377,5.010805
51.550774,-82.344400,-258.000000,12.258968,5.047165
52.070774,-82.344400,-258.000000,12.477080,5.043234
52.590774,-82.344400,-258.000000,12.519977,5.043469
53.110774,-82.344400,-258.000000,12.414603,5.006454
53.630774,-82.344400,-258.000000,12.624258,5.031956
54.150774,-82.344400,-258.000000,12.330396,5.044828
54.670774,-82.344400,-258.000000,12.568500,5.021172
55.190774,-82.344400,-258.000000,12.404494,5.058837
55.710774,-82.344400,-258.000000,12.388753,5.051582
56.230774,-82.344400,-258.000000,12.267428,5.069090
56.750774,-82.344400,-258.000000,12.493510,5.058347
57.270774,-82.344400,-258.000000,12.473480,5.053622
57.790774,-82.344400,-258.000000,12.417140,5.028953
58.310774,-82.344400,-258.000000,12.298362,5.027970
58.830774,-82.344400,-258.000000,12.372425,5.035230
59.350774,-82.344400,-258.000000,12.324412,5.046650
59.870774,-82.344400,-258.000000,12.460693,5.056561
60.390774,-82.344400,-258.000000,12.213341,4.995992
60.910774,-82.344400,-258.000000,12.399016,5.069252
61.430774,-82.344400,-258.000000,12.241561,5.006682
61.950774,-82.344400,-258.000000,12.440514,5.064129
62.470774,-82.344400,-258.000000,12.377810,5.105991
62.990774,-82.344400,-258.000000,12.269007,5.057341
63.510774,-82.344400,-258.000000,12.515609,5.028761
64.030774,-82.344400,-258.000000,12.563891,5.054299
64.550774,-82.344400,-258.000000,12.402569,4.999139
65.070774,-82.344400,-258.000000,12.340366,5.034295
65.590774,-82.344400,-258.000000,12.555122,5.006784
66.110774,-82.344400,-258.000000,12.074603,5.028688
66.630774,-82.344400,-258.000000,12.233447,4.975691
67.150774,-82.344400,-258.000000,12.404117,5.041581
67.670774,-82.344400,-258.000000,12.300491,4.994096
68.190774,-82.344400,-258.000000,12.287124,4.982502
68.710774,-82.344400,-258.000000,12.227036,5.005305
69.230774,-82.344400,-258.000000,12.474564,5.112055
69.750774,-82.344400,-258.000000,12.332711,5.009929
70.270774,-82.344400,-258.000000,12.413907,4.992833
70.790774,-82.344400,-258.000000,12.523629,5.075085
71.310774,-82.344400,-258.000000,12.302775,4.991466
71.830774,-82.344400,-258.000000,12.384441,5.028195
72.350774,-82.344400,-258.000000,12.484186,5.016461
72.870774,-82.344400,-258.000000,12.503701,4.964395
73.390774,-82.344400,-258.000000,12.268797,4.948599
73.910774,-82.344400,-258.000000,12.543638,5.028013
74.430774,-82.344400,-258.000000,12.215514,4.984499
74.950774,-82.344400,-258.000000,12.265960,4.949066
75.470774,-82.344400,-258.000000,12.197987,4.985660
75.990774,-82.344400,-258.000000,12.321675,4.987103
13.070774,-81.824400,-258.000000,12.356853,4.841671
13.590774,-81.824400,-258.000000,12.386008,4.786473
14.110774,-81.824400,-258.000000,12.388201,4.886804
14.630774,-81.824400,-258.000000,12.273021,4.848073
15.150774,-81.824400,-258.000000,12.437626,4.912453
15.670774,-81.824400,-258.000000,12.342422,4.865427
16.190774,-81.824400,-258.000000,12.390510,4.895778
16.710774,-81.824400,-258.000000,12.523807,4.947599
17.230774,-81.824400,-258.000000,12.325437,4.935611
17.750774,-81.824400,-258.000000,12.304440,5.010168
18.270774,-81.824400,-258.000000,12.396109,4.997220
18.790774,-81.824400,-258.000000,12.543809,5.018367
19.310774,-81.824400,-258.000000,12.430746,5.006542
19.830774,-81.824400,-258.000000,12.557208,5.032645
20.350774,-81.824400,-258.000000,12.473365,5.004048
20.870774,-81.824400,-258.000000,12.435456,4.979849
21.390774,-81.824400,-258.000000,12.454982,5.013561
21.910774,-81.824400,-258.000000,12.342311,5.024823
22.430774,-81.824400,-258.000000,12.557738,5.041776
22.950774,-81.824400,-258.000000,12.469193,5.047486
23.470774,-81.824400,-258.000000,12.379515,4.983168
23.990774,-81.824400,-258.000000,12.661108,5.042427
24.510774,-81.824400,-258.000000,12.542917,5.008900
25.030774,-81.824400,-258.000000,12.422585,4.975411
25.550774,-81.824400,-258.000000,12.402530,5.052441
26.070774,-81.824400,-258.000000,12.416032,5.032795
26.590774,-81.824400,-258.000000,12.318092,4.998288
27.110774,-81.824400,-258.000000,12.127505,4.960881
27.630774,-81.824400,-258.000000,12.561842,5.045226
28.150774,-81.824400,-258.000000,12.145062,4.987262
28.670774,-81.824400,-258.000000,12.243081,5.044785
29.190774,-81.824400,-258.000000,12.276552,5.063843
29.710774,-81.824400,-258.000000,12.374122,5.042110
30.230774,-81.824400,-258.000000,12.172493,4.988231
30.750774,-81.824400,-258.000000,12.374792,5.027083
31.270774,-81.824400,-258.000000,12.208510,4.992013
31.790774,-81.824400,-258.000000,12.250344,5.052618
32.310774,-81.824400,-258.000000,12.419549,4.995456
32.830774,-81.824400,-258.000000,12.304236,5.091963
33.350774,-81.824400,-258.000000,12.091997,5.008420
33.870774,-81.824400,-258.000000,12.356383,5.107057
34.390774,-81.824400,-258.000000,12.343182,5.069557
34.910774,-81.824400,-258.000000,12.423312,5.121151
35.430774,-81.824400,-258.000000,12.438715,5.078880
35.950774,-81.824400,-258.000000,12.398364,5.085496
36.470774,-81.824400,-258.000000,12.451638,5.027889
36.990774,-81.824400,-258.000000,12.442343,5.038733
37.510774,-81.824400,-258.000000,12.342331,5.082362
38.030774,-81.824400,-258.000000,12.558796,5.006626
38.550774,-81.824400,-258.000000,12.534786,5.105816
39.070774,-81.824400,-258.000000,12.295918,5.007192
39.590774,-81.824400,-258.000000,12.280080,5.004934
40.110774,-81.824400,-258.000000,12.299544,5.088635
40.630774,-81.824400,-258.000000,12.279694,5.080130
41.150774,-81.824400,-258.000000,12.171419,5.045386
41.670774,-81.824400,-258.000000,12.519035,5.030924
42.190774,-81.824400,-258.000000,12.337692,5.013119
42.710774,-81.824400,-258.000000,12.521314,5.109491
43.230774,-81.824400,-258.000000,12.512961,5.070553
43.750774,-81.824400,-258.000000,12.279301,5.079239
44.270774,-81.824400,-258.000000,12.385895,5.069004
44.790774,-81.824400,-258.000000,12.363316,5.010491
45.310774,-81.824400,-258.000000,12.236562,5.052382
45.830774,-81.824400,-258.000000,12.408976,5.108235
46.350774,-81.824400,-258.000000,12.295419,5.068375
46.870774,-81.824400,-258.000000,12.302317,5.098979
47.390774,-81.824400,-258.000000,12.445584,5.014615
47.910774,-81.824400,-258.000000,12.421240,5.026762
48.430774,-81.824400,-258.000000,12.419148,5.017315
48.950774,-81.824400,-258.000000,12.465435,5.079182
49.470774,-81.824400,-258.000000,12.205039,5.039002
49.990774,-81.824400,-258.000000,12.584915,5.149729
50.510774,-81.824400,-258.000000,12.375629,5.061138
51.030774,-81.824400,-258.000000,12.187559,5.004162
51.550774,-81.824400,-258.000000,12.324870,5.051856
52.070774,-81.824400,-258.000000,12.432358,5.049127
52.590774,-81.824400,-258.000000,12.522371,5.067691
53.110774,-81.824400,-258.000000,12.359079,4.999962
53.630774,-81.824400,-258.000000,12.581360,5.033130
54.150774,-81.824400,-258.000000,12.289344,5.049776
54.670774,-81.824400,-258.000000,12.580793,5.025228
55.190774,-81.824400,-258.000000,12.420250,5.051321
55.710774,-81.824400,-258.000000,12.379224,5.063286
56.230774,-81.824400,-258.000000,12.295003,5.062642
56.750774,-81.824400,-258.000000,12.516859,5.055393
57.270774,-81.824400,-258.000000,12.431589,5.058554
57.790774,-81.824400,-258.000000,12.394200,5.027569
58.310774,-81.824400,-258.000000,12.359622,5.065421
58.830774,-81.824400,-258.000000,12.347715,5.032154
59.350774,-81.824400,-258.000000,12.263446,5.047183
59.870774,-81.824400,-258.000000,12.447338,5.057216
60.390774,-81.824400,-258.000000,12.197936,5.010285
60.910774,-81.824400,-258.000000,12.376346,5.058551
61.430774,-81.824400,-258.000000,12.277507,5.022415
61.950774,-81.824400,-258.000000,12.350945,5.064875
62.470774,-81.824400,-258.000000,12.436549,5.117503
62.990774,-81.824400,-258.000000,12.267300,5.069465
63.510774,-81.824400,-258.000000,12.512866,5.034362
64.030774,-81.824400,-258.000000,12.556502,5.041955
64.550774,-81.824400,-258.000000,12.424678,5.035697
65.070774,-81.824400,-258.000000,12.319621,5.044028
65.590774,-81.824400,-258.000000,12.562340,5.021073
66.110774,-81.824400,-258.000000,12.101026,5.031260
66.630774,-81.824400,-258.000000,12.253778,4.985573
67.150774,-81.824400,-258.000000,12.427596,5.048291
67.670774,-81.824400,-258.000000,12.311603,4.998782
68.190774,-81.824400,-258.000000,12.313819,5.008119
68.710774,-81.824400,-258.000000,12.197026,5.009839
69.230774,-81.824400,-258.000000,12.385352,5.118706
69.750774,-81.824400,-258.000000,12.360567,5.013900
70.270774,-81.824400,-258.000000,12.384687,5.010458
70.790774,-81.824400,-258.000000,12.476783,5.077058
71.310774,-81.824400,-258.000000,12.332881,5.013255
71.830774,-81.824400,-258.000000,12.319409,5.028268
72.350774,-81.824400,-258.000000,12.375643,5.021320
72.870774,-81.824400,-258.000000,12.537826,4.994612
73.390774,-81.824400,-258.000000,12.248330,4.955266
73.910774,-81.824400,-258.000000,12.491598,5.049652
74.430774,-81.824400,-258.000000,12.181999,4.987731
74.950774,-81.824400,-258.000000,12.254306,4.947964
75.470774,-81.824400,-258.000000,12.085280,4.967971
75.990774,-81.824400,-258.000000,12.397647,5.005602
13.070774,-81.304400,-258.000000,12.416636,4.863278
75.990774,-81.304400,-258.000000,12.354808,5.015540
13.070774,-82.344400,-257.000000,12.409605,4.792885
13.590774,-82.344400,-257.000000,12.380035,4.785778
14.110774,-82.344400,-257.000000,12.614584,4.868046
14.630774,-82.344400,-257.000000,12.516926,4.857749
15.150774,-82.344400,-257.000000,12.591991,4.916426
15.670774,-82.344400,-257.000000,12.425243,4.953509
16.190774,-82.344400,-257.000000,12.454743,4.953321
16.710774,-82.344400,-257.000000,12.344957,4.948550
17.230774,-82.344400,-257.000000,12.361495,4.971805
17.750774,-82.344400,-257.000000,12.424296,4.986839
18.270774,-82.344400,-257.000000,12.424267,4.966582
18.790774,-82.344400,-257.000000,12.666110,4.962898
19.310774,-82.344400,-257.000000,12.546287,4.927178
19.830774,-82.344400,-257.000000,12.324883,4.966296
20.350774,-82.344400,-257.000000,12.488692,5.039786
20.870774,-82.344400,-257.000000,12.083467,4.946378
21.390774,-82.344400,-257.000000,12.416704,5.022761
21.910774,-82.344400,-257.000000,12.414741,4.975190
22.430774,-82.344400,-257.000000,12.172211,4.989861
22.950774,-82.344400,-257.000000,12.477679,4.995394
23.470774,-82.344400,-257.000000,12.427192,5.017312
23.990774,-82.344400,-257.000000,12.467686,5.018523
24.510774,-82.344400,-257.000000,12.384345,4.999719
25.030774,-82.344400,-257.000000,12.213662,4.996953
25.550774,-82.344400,-257.000000,12.525017,5.015875
26.070774,-82.344400,-257.000000,12.218875,5.003145
26.590774,-82.344400,-257.000000,12.507907,5.027625
27.110774,-82.344400,-257.000000,12.472482,5.025363
27.630774,-82.344400,-257.000000,12.546395,5.044730
28.150774,-82.344400,-257.000000,12.305525,5.008191
28.670774,-82.344400,-257.000000,12.542956,5.020753
29.190774,-82.344400,-257.000000,12.239751,4.984193
29.710774,-82.344400,-257.000000,12.511077,4.985104
30.230774,-82.344400,-257.000000,12.180305,5.029967
30.750774,-82.344400,-257.000000,12.392648,5.025100
31.270774,-82.344400,-257.000000,12.330573,5.031104
31.790774,-82.344400,-257.000000,12.296767,5.039556
32.310774,-82.344400,-257.000000,12.122501,4.963558
32.830774,-82.344400,-257.000000,12.353558,5.029621
33.350774,-82.344400,-257.000000,12.330792,5.075675
33.870774,-82.344400,-257.000000,12.489442,5.020275
34.390774,-82.344400,-257.000000,12.271138,5.021448
34.910774,-82.344400,-257.000000,12.490802,4.988057
35.430774,-82.344400,-257.000000,12.207650,5.044947
35.950774,-82.344400,-257.000000,12.422573,5.021868
36.470774,-82.344400,-257.000000,12.415608,5.079997
36.990774,-82.344400,-257.000000,12.496978,5.009195
37.510774,-82.344400,-257.000000,12.194170,4.988580
38.030774,-82.344400,-257.000000,12.401601,5.048798
38.550774,-82.344400,-257.000000,12.277282,5.067422
39.070774,-82.344400,-257.000000,12.323754,5.031903
39.590774,-82.344400,-257.000000,12.359225,5.075595
40.110774,-82.344400,-257.000000,12.137395,5.029093
40.630774,-82.344400,-257.000000,12.301224,5.064298
41.150774,-82.344400,-257.000000,12.460525,5.049779
41.670774,-82.344400,-257.000000,12.422381,5.007486
42.190774,-82.344400,-257.000000,12.552119,5.077976
42.710774,-82.344400,-257.000000,12.401258,5.018173
43.230774,-82.344400,-257.000000,12.332984,5.006561
43.750774,-82.344400,-257.000000,12.541587,5.077528
44.270774,-82.344400,-257.000000,12.218005,5.031532
44.790774,-82.344400,-257.000000,12.463324,5.087979
45.310774,-82.344400,-257.000000,12.226845,5.028789
45.830774,-82.344400,-257.000000,12.244564,5.035765
46.350774,-82.344400,-257.000000,12.414041,5.102789
46.870774,-82.344400,-257.000000,12.354199,5.065032
47.390774,-82.344400,-257.000000,12.388625,4.994517
47.910774,-82.344400,-257.000000,12.451775,5.019330
48.430774,-82.344400,-257.000000,12.306247,5.011253
48.950774,-82.344400,-257.000000,12.232823,5.023057
49.470774,-82.344400,-257.000000,12.562165,5.021973
49.990774,-82.344400,-257.000000,12.318411,5.009760
50.510774,-82.344400,-257.000000,12.226055,4.991174
51.030774,-82.344400,-257.000000,12.540311,5.017286
51.550774,-82.344400,-257.000000,12.402853,5.088951
52.070774,-82.344400,-257.000000,12.495830,5.030324
52.590774,-82.344400,-257.000000,12.495349,5.036221
53.110774,-82.344400,-257.000000,12.319297,5.017159
53.630774,-82.344400,-257.000000,12.301333,5.010942
54.150774,-82.344400,-257.000000,12.492206,5.062919
54.670774,-82.344400,-257.000000,12.373781,4.978194
55.190774,-82.344400,-257.000000,12.452556,5.060591
55.710774,-82.344400,-257.000000,12.663258,5.094376
56.230774,-82.344400,-257.000000,12.479934,5.024829
56.750774,-82.344400,-257.000000,12.352128,5.062472
57.270774,-82.344400,-257.000000,12.535152,5.056412
57.790774,-82.344400,-257.000000,12.408303,5.042383
58.310774,-82.344400,-257.000000,12.511752,5.029852
58.830774,-82.344400,-257.000000,12.224812,5.020475
59.350774,-82.344400,-257.000000,12.575164,5.081226
59.870774,-82.344400,-257.000000,12.340020,5.031404
60.390774,-82.344400,-257.000000,12.393730,5.071421
60.910774,-82.344400,-257.000000,12.346610,5.025941
61.430774,-82.344400,-257.000000,12.461211,5.112880
61.950774,-82.344400,-257.000000,12.437393,5.065837
62.470774,-82.344400,-257.000000,12.128775,4.995451
62.990774,-82.344400,-257.000000,12.436812,5.011615
63.510774,-82.344400,-257.000000,12.394999,5.013872
64.030774,-82.344400,-257.000000,12.230361,5.014618
64.550774,-82.344400,-257.000000,12.410686,5.011469
65.070774,-82.344400,-257.000000,12.358471,5.049186
65.590774,-82.344400,-257.000000,12.346874,5.002921
66.110774,-82.344400,-257.000000,12.409592,5.038663
66.630774,-82.344400,-257.000000,12.290871,5.027199
67.150774,-82.344400,-257.000000,12.226229,5.013647
67.670774,-82.344400,-257.000000,12.345069,5.058096
68.190774,-82.344400,-257.000000,12.396341,5.015570
68.710774,-82.344400,-257.000000,12.203062,4.999352
69.230774,-82.344400,-257.000000,12.185303,4.982930
69.750774,-82.344400,-257.000000,12.333415,5.015203
70.270774,-82.344400,-257.000000,12.482990,5.033807
70.790774,-82.344400,-257.000000,12.120729,5.072353
71.310774,-82.344400,-257.000000,12.341895,4.969183
71.830774,-82.344400,-257.000000,12.254219,4.988554
72.350774,-82.344400,-257.000000,12.693772,5.041288
72.870774,-82.344400,-257.000000,12.657340,5.122880
73.390774,-82.344400,-257.000000,12.242667,5.042876
73.910774,-82.344400,-257.000000,12.489046,5.012927
74.430774,-82.344400,-257.000000,12.551511,5.022314
74.950774,-82.344400,-257.000000,12.279719,5.011689
75.470774,-82.344400,-257.000000,12.441247,4.957103
75.990774,-82.344400,-257.000000,12.192477,5.016094
13.070774,-81.824400,-257.000000,12.488673,4.785641
13.590774,-81.824400,-257.000000,12.322196,4.789286
14.110774,-81.824400,-257.000000,12.603931,4.882707
14.630774,-81.824400,-257.000000,12.431046,4.859424
15.150774,-81.824400,-257.000000,12.586319,4.903606
15.670774,-81.824400,-257.000000,12.367154,4.952354
16.190774,-81.824400,-257.000000,12.561221,4.947393
16.710774,-81.824400,-257.000000,12.250925,4.951917
17.230774,-81.824400,-257.000000,12.310966,4.988201
17.750774,-81.824400,-257.000000,12.371287,4.975406
18.270774,-81.824400,-257.000000,12.445652,4.950696
18.790774,-81.824400,-257.000000,12.635796,4.952435
19.310774,-81.824400,-257.000000,12.524682,4.932417
19.830774,-81.824400,-257.000000,12.208072,4.944403
20.350774,-81.824400,-257.000000,12.523703,5.054774
20.870774,-81.824400,-257.000000,12.056752,4.940810
21.390774,-81.824400,-257.000000,12.409922,5.024974
21.910774,-81.824400,-257.000000,12.416850,4.985508
22.430774,-81.824400,-257.000000,12.119487,4.987724
22.950774,-81.824400,-257.000000,12.464434,4.983901
23.470774,-81.824400,-257.000000,12.422491,5.030505
23.990774,-81.824400,-257.000000,12.456458,5.018610
24.510774,-81.824400,-257.000000,12.388858,5.029214
25.030774,-81.824400,-257.000000,12.238103,5.016620
25.550774,-81.824400,-257.000000,12.539205,5.019283
26.070774,-81.824400,-257.000000,12.278197,5.032070
26.590774,-81.824400,-257.000000,12.452045,5.030021
27.110774,-81.824400,-257.000000,12.421518,5.024649
27.630774,-81.824400,-257.000000,12.589580,5.047329
28.150774,-81.824400,-257.000000,12.365560,5.015057
28.670774,-81.824400,-257.000000,12.511115,5.032886
29.190774,-81.824400,-257.000000,12.249444,4.988514
29.710774,-81.824400,-257.000000,12.394427,4.984626
30.230774,-81.824400,-257.000000,12.181844,5.037552
30.750774,-81.824400,-257.000000,12.400507,5.037261
31.270774,-81.824400,-257.000000,12.359123,5.021951
31.790774,-81.824400,-257.000000,12.173206,5.021286
32.310774,-81.824400,-257.000000,12.149496,4.993082
32.830774,-81.824400,-257.000000,12.372916,5.029651
33.350774,-81.824400,-257.000000,12.315846,5.080405
33.870774,-81.824400,-257.000000,12.428347,5.014267
34.390774,-81.824400,-257.000000,12.299738,5.031309
34.910774,-81.824400,-257.000000,12.480247,4.991502
35.430774,-81.824400,-257.000000,12.221169,5.046824
35.950774,-81.824400,-257.000000,12.364503,5.024301
36.470774,-81.824400,-257.000000,12.381389,5.070858
36.990774,-81.824400,-257.000000,12.444118,5.014815
37.510774,-81.824400,-257.000000,12.178479,4.979132
38.030774,-81.824400,-257.000000,12.372695,5.043957
38.550774,-81.824400,-257.000000,12.366934,5.087318
39.070774,-81.824400,-257.000000,12.276711,5.037822
39.590774,-81.824400,-257.000000,12.345325,5.089517
40.110774,-81.824400,-257.000000,12.173805,5.021797
40.630774,-81.824400,-257.000000,12.327113,5.083272
41.150774,-81.824400,-257.000000,12.485377,5.052482
41.670774,-81.824400,-257.000000,12.254241,5.018114
42.190774,-81.824400,-257.000000,12.506415,5.077208
42.710774,-81.824400,-257.000000,12.381593,5.019702
43.230774,-81.824400,-257.000000,12.293913,5.013787
43.750774,-81.824400,-257.000000,12.499767,5.078955
44.270774,-81.824400,-257.000000,12.260920,5.059340
44.790774,-81.824400,-257.000000,12.525856,5.086400
45.310774,-81.824400,-257.000000,12.276259,5.042585
45.830774,-81.824400,-257.000000,12.170137,5.027765
46.350774,-81.824400,-257.000000,12.479307,5.106692
46.870774,-81.824400,-257.000000,12.307258,5.066450
47.390774,-81.824400,-257.000000,12.312810,4.987967
47.910774,-81.824400,-257.000000,12.455319,5.021041
48.430774,-81.824400,-257.000000,12.286404,4.994949
48.950774,-81.824400,-257.000000,12.189818,5.042990
49.470774,-81.824400,-257.000000,12.454351,5.016588
49.990774,-81.824400,-257.000000,12.254340,5.009385
50.510774,-81.824400,-257.000000,12.252364,5.013395
51.030774,-81.824400,-257.000000,12.545477,5.041049
51.550774,-81.824400,-257.000000,12.289523,5.104280
52.070774,-81.824400,-257.000000,12.470335,5.010436
52.590774,-81.824400,-257.000000,12.588669,5.064612
53.110774,-81.824400,-257.000000,12.327453,5.006680
53.630774,-81.824400,-257.000000,12.350959,5.034598
54.150774,-81.824400,-257.000000,12.520370,5.067040
54.670774,-81.824400,-257.000000,12.372937,4.991107
55.190774,-81.824400,-257.000000,12.420302,5.065945
55.710774,-81.824400,-257.000000,12.620408,5.105411
56.230774,-81.824400,-257.000000,12.506865,5.055491
56.750774,-81.824400,-257.000000,12.266196,5.039345
57.270774,-81.824400,-257.000000,12.485462,5.054712
57.790774,-81.824400,-257.000000,12.455890,5.053051
58.310774,-81.824400,-257.000000,12.431725,5.040761
58.830774,-81.824400,-257.000000,12.286089,5.017250
59.350774,-81.824400,-257.000000,12.533853,5.096354
59.870774,-81.824400,-257.000000,12.364423,5.031474
60.390774,-81.824400,-257.000000,12.379845,5.066648
60.910774,-81.824400,-257.000000,12.323703,5.056124
61.430774,-81.824400,-257.000000,12.405174,5.123042
61.950774,-81.824400,-257.000000,12.437325,5.081213
62.470774,-81.824400,-257.000000,12.125829,5.017350
62.990774,-81.824400,-257.000000,12.376825,5.017386
63.510774,-81.824400,-257.000000,12.400305,5.022487
64.030774,-81.824400,-257.000000,12.158393,5.007447
64.550774,-81.824400,-257.000000,12.415630,5.012530
65.070774,-81.824400,-257.000000,12.400323,5.036651
65.590774,-81.824400,-257.000000,12.363643,5.006848
66.110774,-81.824400,-257.000000,12.358169,5.034667
66.630774,-81.824400,-257.000000,12.277835,5.048162
67.150774,-81.824400,-257.000000,12.215875,5.010605
67.670774,-81.824400,-257.000000,12.287646,5.060272
68.190774,-81.824400,-257.000000,12.385398,5.011530
68.710774,-81.824400,-257.000000,12.230807,4.984128
69.230774,-81.824400,-257.000000,12.225871,5.004219
69.750774,-81.824400,-257.000000,12.327119,5.009975
70.270774,-81.824400,-257.000000,12.421314,5.033101
70.790774,-81.824400,-257.000000,12.121739,5.067138
71.310774,-81.824400,-257.000000,12.402726,4.982854
71.830774,-81.824400,-257.000000,12.323529,5.009723
72.350774,-81.824400,-257.000000,12.639452,5.042399
72.870774,-81.824400,-257.000000,12.648104,5.100057
73.390774,-81.824400,-257.000000,12.270625,5.049652
73.910774,-81.824400,-257.000000,12.429257,5.017432
74.430774,-81.824400,-257.000000,12.626838,5.027950
74.950774,-81.824400,-257.000000,12.258985,5.005408
75.470774,-81.824400,-257.000000,12.478477,4.986635
75.990774,-81.824400,-257.000000,12.112168,5.002831
13.070774,-81.304400,-257.000000,12.443555,4.779193
75.990774,-81.304400,-257.000000,12.068614,5.001279
13.070774,-82.344400,-256.000000,12.430429,4.779326
13.590774,-82.344400,-256.000000,12.369285,4.787983
14.110774,-82.344400,-256.000000,12.599132,4.888951
14.630774,-82.344400,-256.000000,12.371060,4.908970
15.150774,-82.344400,-256.000000,12.519227,4.904141
15.670774,-82.344400,-256.000000,12.351607,4.924990
16.190774,-82.344400,-256.000000,12.273617,4.883574
16.710774,-82.344400,-256.000000,12.412841,4.876120
17.230774,-82.344400,-256.000000,12.600362,4.960633
17.750774,-82.344400,-256.000000,12.129282,4.884817
18.270774,-82.344400,-256.000000,12.298787,4.948953
18.790774,-82.344400,-256.000000,12.502030,5.051180
19.310774,-82.344400,-256.000000,12.128293,4.958321
19.830774,-82.344400,-256.000000,12.666123,5.004000
20.350774,-82.344400,-256.000000,12.571957,4.996484
20.870774,-82.344400,-256.000000,12.491603,5.039791
21.390774,-82.344400,-256.000000,12.324906,5.050070
21.910774,-82.344400,-256.000000,12.434891,5.003839
22.430774,-82.344400,-256.000000,12.322249,4.965891
22.950774,-82.344400,-256.000000,12.282086,4.973469
23.470774,-82.344400,-256.000000,12.564848,5.031206
23.990774,-82.344400,-256.000000,12.350808,5.027832
24.510774,-82.344400,-256.000000,12.360671,5.007233
25.030774,-82.344400,-256.000000,12.641620,5.078267
25.550774,-82.344400,-256.000000,12.441978,4.980285
26.070774,-82.344400,-256.000000,12.377094,5.057020
26.590774,-82.344400,-256.000000,12.413882,5.022682
27.110774,-82.344400,-256.000000,12.452356,5.025630
27.630774,-82.344400,-256.000000,12.148807,4.956369
28.150774,-82.344400,-256.000000,12.475539,5.047594
28.670774,-82.344400,-256.000000,12.414176,5.026579
29.190774,-82.344400,-256.000000,12.143696,5.030151
29.710774,-82.344400,-256.000000,12.421901,5.004624
30.230774,-82.344400,-256.000000,12.414631,4.996946
30.750774,-82.344400,-256.000000,12.410899,5.007031
31.270774,-82.344400,-256.000000,12.338504,5.077817
31.790774,-82.344400,-256.000000,12.244932,5.029563
32.310774,-82.344400,-256.000000,12.322721,5.020642
32.830774,-82.344400,-256.000000,12.588744,5.047670
33.350774,-82.344400,-256.000000,12.526666,5.068689
33.870774,-82.344400,-256.000000,12.558910,5.075388
34.390774,-82.344400,-256.000000,12.230030,5.054749
34.910774,-82.344400,-256.000000,12.315457,5.023458
35.430774,-82.344400,-256.000000,12.493642,5.117809
35.950774,-82.344400,-256.000000,12.503988,5.078502
36.470774,-82.344400,-256.000000,12.069327,5.072994
36.990774,-82.344400,-256.000000,12.436413,5.053036
37.510774,-82.344400,-256.000000,12.269393,4.967441
38.030774,-82.344400,-256.000000,12.647090,5.064062
38.550774,-82.344400,-256.000000,12.323721,5.018685
39.070774,-82.344400,-256.000000,12.428539,5.009475
39.590774,-82.344400,-256.000000,12.519958,4.997777
40.110774,-82.344400,-256.000000,12.376962,5.075285
40.630774,-82.344400,-256.000000,12.358334,5.040637
41.150774,-82.344400,-256.000000,12.343898,5.028648
41.670774,-82.344400,-256.000000,12.356709,5.090225
42.190774,-82.344400,-256.000000,12.303823,4.980960
42.710774,-82.344400,-256.000000,12.321940,5.057621
43.230774,-82.344400,-256.000000,12.526189,5.071717
43.750774,-82.344400,-256.000000,12.495830,5.037607
44.270774,-82.344400,-256.000000,12.403491,5.092391
44.790774,-82.344400,-256.000000,12.307086,4.963737
45.310774,-82.344400,-256.000000,12.319667,4.988611
45.830774,-82.344400,-256.000000,12.071606,4.991300
46.350774,-82.344400,-256.000000,12.464271,5.039399
46.870774,-82.344400,-256.000000,12.514888,5.086430
47.390774,-82.344400,-256.000000,12.026237,4.984389
47.910774,-82.344400,-256.000000,12.286512,4.985019
48.430774,-82.344400,-256.000000,12.237396,5.080556
48.950774,-82.344400,-256.000000,12.477485,5.081756
49.470774,-82.344400,-256.000000,12.288424,5.073885
49.990774,-82.344400,-256.000000,12.350127,5.013528
50.510774,-82.344400,-256.000000,12.213895,5.059134
51.030774,-82.344400,-256.000000,12.435786,4.990372
51.550774,-82.344400,-256.000000,12.334791,5.025078
52.070774,-82.344400,-256.000000,12.380690,5.025221
52.590774,-82.344400,-256.000000,12.552501,5.081275
53.110774,-82.344400,-256.000000,12.494028,5.008371
53.630774,-82.344400,-256.000000,12.293011,5.037354
54.150774,-82.344400,-256.000000,12.385021,5.085927
54.670774,-82.344400,-256.000000,12.484615,5.082905
55.190774,-82.344400,-256.000000,12.413756,5.048094
55.710774,-82.344400,-256.000000,12.256678,4.987597
56.230774,-82.344400,-256.000000,12.345157,5.052481
56.750774,-82.344400,-256.000000,12.332577,5.035342
57.270774,-82.344400,-256.000000,12.267035,5.061186
57.790774,-82.344400,-256.000000,12.303667,5.095519
58.310774,-82.344400,-256.000000,12.257720,5.000227
58.830774,-82.344400,-256.000000,12.406790,5.112564
59.350774,-82.344400,-256.000000,12.279268,5.007655
59.870774,-82.344400,-256.000000,12.204546,5.020710
60.390774,-82.344400,-256.000000,12.680992,5.095586
60.910774,-82.344400,-256.000000,12.386502,5.054797
61.430774,-82.344400,-256.000000,12.475356,5.047031
61.950774,-82.344400,-256.000000,12.328366,5.011134
62.470774,-82.344400,-256.000000,12.279212,5.048210
62.990774,-82.344400,-256.000000,12.501428,5.075840
63.510774,-82.344400,-256.000000,12.478035,5.012065
64.030774,-82.344400,-256.000000,12.241696,5.002828
64.550774,-82.344400,-256.000000,12.286230,5.023648
65.070774,-82.344400,-256.000000,12.287958,5.041380
65.590774,-82.344400,-256.000000,12.421117,4.996596
66.110774,-82.344400,-256.000000,12.333875,5.022343
66.630774,-82.344400,-256.000000,12.446129,4.999127
67.150774,-82.344400,-256.000000,12.516761,5.067897
67.670774,-82.344400,-256.000000,12.429210,5.025044
68.190774,-82.344400,-256.000000,12.389031,4.997035
68.710774,-82.344400,-256.000000,12.559028,5.054782
69.230774,-82.344400,-256.000000,12.347910,5.015760
69.750774,-82.344400,-256.000000,12.319723,4.997791
70.270774,-82.344400,-256.000000,12.578002,5.087973
70.790774,-82.344400,-256.000000,12.510288,4.987243
71.310774,-82.344400,-256.000000,12.455611,4.999439
71.830774,-82.344400,-256.000000,12.372481,5.019380
72.350774,-82.344400,-256.000000,12.331738,5.037810
72.870774,-82.344400,-256.000000,12.509171,4.997757
73.390774,-82.344400,-256.000000,12.110242,5.013388
73.910774,-82.344400,-256.000000,12.384247,5.029955
74.430774,-82.344400,-256.000000,12.285438,4.998283
74.950774,-82.344400,-256.000000,12.426215,5.029611
75.470774,-82.344400,-256.000000,12.060266,4.948360
75.990774,-82.344400,-256.000000,12.328057,4.954177
13.070774,-81.824400,-256.000000,12.376342,4.778292
13.590774,-81.824400,-256.000000,12.357534,4.791351
14.110774,-81.824400,-256.000000,12.693002,4.895895
14.630774,-81.824400,-256.000000,12.333702,4.913272
15.150774,-81.824400,-256.000000,12.440050,4.905430
15.670774,-81.824400,-256.000000,12.383904,4.942211
16.190774,-81.824400,-256.000000,12.252340,4.853632
16.710774,-81.824400,-256.000000,12.426077,4.899872
17.230774,-81.824400,-256.000000,12.598278,4.951549
17.750774,-81.824400,-256.000000,12.242196,4.923549
18.270774,-81.824400,-256.000000,12.205812,4.946938
18.790774,-81.824400,-256.000000,12.563224,5.064434
19.310774,-81.824400,-256.000000,12.131702,4.956031
19.830774,-81.824400,-256.000000,12.611993,5.018472
20.350774,-81.824400,-256.000000,12.482078,5.002804
20.870774,-81.824400,-256.000000,12.427910,5.061779
21.390774,-81.824400,-256.000000,12.358329,5.044958
21.910774,-81.824400,-256.000000,12.496680,5.029510
22.430774,-81.824400,-256.000000,12.271120,4.956179
22.950774,-81.824400,-256.000000,12.288806,4.976771
23.470774,-81.824400,-256.000000,12.496062,5.034595
23.990774,-81.824400,-256.000000,12.303024,5.032724
24.510774,-81.824400,-256.000000,12.345681,4.989987
25.030774,-81.824400,-256.000000,12.645331,5.081348
25.550774,-81.824400,-256.000000,12.412270,4.989805
26.070774,-81.824400,-256.000000,12.335548,5.046747
26.590774,-81.824400,-256.000000,12.379939,5.024240
27.110774,-81.824400,-256.000000,12.463479,5.017607
27.630774,-81.824400,-256.000000,12.151977,4.980095
28.150774,-81.824400,-256.000000,12.413202,5.035641
28.670774,-81.824400,-256.000000,12.461895,5.063269
29.190774,-81.824400,-256.000000,12.054021,5.022970
29.710774,-81.824400,-256.000000,12.451712,5.009278
30.230774,-81.824400,-256.000000,12.441878,4.997169
30.750774,-81.824400,-256.000000,12.414216,4.995121
31.270774,-81.824400,-256.000000,12.250762,5.101110
31.790774,-81.824400,-256.000000,12.229786,5.011737
32.310774,-81.824400,-256.000000,12.374503,5.040139
32.830774,-81.824400,-256.000000,12.516230,5.063811
33.350774,-81.824400,-256.000000,12.437674,5.081141
33.870774,-81.824400,-256.000000,12.542669,5.073120
34.390774,-81.824400,-256.000000,12.272239,5.051437
34.910774,-81.824400,-256.000000,12.230474,5.036720
35.430774,-81.824400,-256.000000,12.507934,5.105737
35.950774,-81.824400,-256.000000,12.465125,5.086919
36.470774,-81.824400,-256.000000,12.054816,5.057050
36.990774,-81.824400,-256.000000,12.395378,5.049118
37.510774,-81.824400,-256.000000,12.259679,5.003229
38.030774,-81.824400,-256.000000,12.629462,5.069987
38.550774,-81.824400,-256.000000,12.353333,5.017784
39.070774,-81.824400,-256.000000,12.435664,5.013491
39.590774,-81.824400,-256.000000,12.495960,5.002200
40.110774,-81.824400,-256.000000,12.364583,5.064839
40.630774,-81.824400,-256.000000,12.331363,5.042971
41.150774,-81.824400,-256.000000,12.394639,5.059759
41.670774,-81.824400,-256.000000,12.362308,5.088604
42.190774,-81.824400,-256.000000,12.255342,4.987093
42.710774,-81.824400,-256.000000,12.350339,5.060082
43.230774,-81.824400,-256.000000,12.522178,5.049662
43.750774,-81.824400,-256.000000,12.508927,5.047989
44.270774,-81.824400,-256.000000,12.421835,5.094322
44.790774,-81.824400,-256.000000,12.293292,4.977051
45.310774,-81.824400,-256.000000,12.232020,4.990121
45.830774,-81.824400,-256.000000,12.059304,5.008554
46.350774,-81.824400,-256.000000,12.527963,5.059163
46.870774,-81.824400,-256.000000,12.463604,5.078023
47.390774,-81.824400,-256.000000,12.094585,5.009869
47.910774,-81.824400,-256.000000,12.162938,4.992875
48.430774,-81.824400,-256.000000,12.210345,5.087274
48.950774,-81.824400,-256.000000,12.482813,5.070715
49.470774,-81.824400,-256.000000,12.320683,5.073651
49.990774,-81.824400,-256.000000,12.330880,5.016201
50.510774,-81.824400,-256.000000,12.273032,5.060805
51.030774,-81.824400,-256.000000,12.391050,5.012628
51.550774,-81.824400,-256.000000,12.362052,5.016489
52.070774,-81.824400,-256.000000,12.337819,5.031829
52.590774,-81.824400,-256.000000,12.486609,5.067956
53.110774,-81.824400,-256.000000,12.513161,5.017643
53.630774,-81.824400,-256.000000,12.249164,5.024081
54.150774,-81.824400,-256.000000,12.306952,5.069350
54.670774,-81.824400,-256.000000,12.483177,5.098369
55.190774,-81.824400,-256.000000,12.370346,5.055742
55.710774,-81.824400,-256.000000,12.303584,4.982434
56.230774,-81.824400,-256.000000,12.360641,5.056100
56.750774,-81.824400,-256.000000,12.349711,5.056078
57.270774,-81.824400,-256.000000,12.333642,5.070605
57.790774,-81.824400,-256.000000,12.318971,5.111118
58.310774,-81.824400,-256.000000,12.235807,4.992362
58.830774,-81.824400,-256.000000,12.374959,5.109551
59.350774,-81.824400,-256.000000,12.224544,5.009777
59.870774,-81.824400,-256.000000,12.256459,5.025491
60.390774,-81.824400,-256.000000,12.657470,5.095624
60.910774,-81.824400,-256.000000,12.382603,5.057937
61.430774,-81.824400,-256.000000,12.437671,5.036510
61.950774,-81.824400,-256.000000,12.309258,4.989835
62.470774,-81.824400,-256.000000,12.226089,5.056497
62.990774,-81.824400,-256.000000,12.576564,5.075138
63.510774,-81.824400,-256.000000,12.463012,5.026201
64.030774,-81.824400,-256.000000,12.219650,5.014239
64.550774,-81.824400,-256.000000,12.315383,5.045828
65.070774,-81.824400,-256.000000,12.211762,5.036009
65.590774,-81.824400,-256.000000,12.443477,5.003670
66.110774,-81.824400,-256.000000,12.228101,5.006666
66.630774,-81.824400,-256.000000,12.375416,5.012143
67.150774,-81.824400,-256.000000,12.508529,5.061017
67.670774,-81.824400,-256.000000,12.430894,5.034022
68.190774,-81.824400,-256.000000,12.335029,5.005715
68.710774,-81.824400,-256.000000,12.560136,5.063282
69.230774,-81.824400,-256.000000,12.365825,5.001355
69.750774,-81.824400,-256.000000,12.263081,5.034894
70.270774,-81.824400,-256.000000,12.514339,5.067900
70.790774,-81.824400,-256.000000,12.506656,4.994713
71.310774,-81.824400,-256.000000,12.477888,5.003065
71.830774,-81.824400,-256.000000,12.404039,5.020115
72.350774,-81.824400,-256.000000,12.380022,5.048198
72.870774,-81.824400,-256.000000,12.441859,4.995920
73.390774,-81.824400,-256.000000,12.119931,5.018107
73.910774,-81.824400,-256.000000,12.348839,5.042658
74.430774,-81.824400,-256.000000,12.295807,5.004989
74.950774,-81.824400,-256.000000,12.409414,5.024901
75.470774,-81.824400,-256.000000,12.066219,4.948050
75.990774,-81.824400,-256.000000,12.291252,4.959062
13.070774,-81.304400,-256.000000,12.366024,4.774939
75.990774,-81.304400,-256.000000,12.253711,4.954660
13.070774,-82.344400,-255.000000,12.381325,4.812406
13.590774,-82.344400,-255.000000,12.344613,4.818609
14.110774,-82.344400,-255.000000,12.451589,4.897296
14.630774,-82.344400,-255.000000,12.503224,4.863962
15.150774,-82.344400,-255.000000,12.285254,4.855655
15.670774,-82.344400,-255.000000,12.371550,4.912437
16.190774,-82.344400,-255.000000,12.229454,4.902376
16.710774,-82.344400,-255.000000,12.146780,4.887716
17.230774,-82.344400,-255.000000,12.496251,4.947681
17.750774,-82.344400,-255.000000,12.027625,4.955844
18.270774,-82.344400,-255.000000,12.271463,4.938493
18.790774,-82.344400,-255.000000,12.345351,5.028985
19.310774,-82.344400,-255.000000,12.530298,4.971927
19.830774,-82.344400,-255.000000,12.406274,4.963733
20.350774,-82.344400,-255.000000,12.332404,4.936099
20.870774,-82.344400,-255.000000,12.429489,5.017269
21.390774,-82.344400,-255.000000,12.470451,4.986764
21.910774,-82.344400,-255.000000,12.133329,5.017317
22.430774,-82.344400,-255.000000,12.383826,5.009114
22.950774,-82.344400,-255.000000,12.278542,4.994269
23.470774,-82.344400,-255.000000,12.527081,5.035296
23.990774,-82.344400,-255.000000,12.445521,4.993343
24.510774,-82.344400,-255.000000,12.378791,4.987486
25.030774,-82.344400,-255.000000,12.456607,5.022397
25.550774,-82.344400,-255.000000,12.206637,4.978255
26.070774,-82.344400,-255.000000,12.360524,5.071511
26.590774,-82.344400,-255.000000,12.558238,5.045214
27.110774,-82.344400,-255.000000,12.238414,4.967004
27.630774,-82.344400,-255.000000,12.389652,5.048789
28.150774,-82.344400,-255.000000,12.418971,4.981384
28.670774,-82.344400,-255.000000,12.282640,5.007465
29.190774,-82.344400,-255.000000,12.410315,5.092191
29.710774,-82.344400,-255.000000,12.302933,5.063649
30.230774,-82.344400,-255.000000,12.288442,5.006772
30.750774,-82.344400,-255.000000,12.507998,5.060895
31.270774,-82.344400,-255.000000,12.398563,5.040500
31.790774,-82.344400,-255.000000,12.282831,5.049497
32.310774,-82.344400,-255.000000,12.400161,5.020271
32.830774,-82.344400,-255.000000,12.521818,5.061455
33.350774,-82.344400,-255.000000,12.622740,5.081912
33.870774,-82.344400,-255.000000,12.208801,5.023736
34.390774,-82.344400,-255.000000,12.457830,5.021008
34.910774,-82.344400,-255.000000,12.286529,4.974725
35.430774,-82.344400,-255.000000,12.285569,5.014139
35.950774,-82.344400,-255.000000,12.457835,5.056233
36.470774,-82.344400,-255.000000,12.224612,5.047288
36.990774,-82.344400,-255.000000,12.250267,4.989369
37.510774,-82.344400,-255.000000,12.588870,5.101984
38.030774,-82.344400,-255.000000,12.538623,5.027159
38.550774,-82.344400,-255.000000,12.246390,5.052426
39.070774,-82.344400,-255.000000,12.647631,5.051842
39.590774,-82.344400,-255.000000,12.571584,5.018648
40.110774,-82.344400,-255.000000,12.302948,5.004306
40.630774,-82.344400,-255.000000,12.347526,5.034536
41.150774,-82.344400,-255.000000,12.394566,5.045163
41.670774,-82.344400,-255.000000,12.407232,5.082866
42.190774,-82.344400,-255.000000,12.352311,5.058432
42.710774,-82.344400,-255.000000,12.338112,5.012934
43.230774,-82.344400,-255.000000,12.301897,4.997632
43.750774,-82.344400,-255.000000,12.436431,5.082405
44.270774,-82.344400,-255.000000,12.493083,5.029004
44.790774,-82.344400,-255.000000,12.324722,5.034761
45.310774,-82.344400,-255.000000,12.345003,5.117561
45.830774,-82.344400,-255.000000,12.240595,5.067230
46.350774,-82.344400,-255.000000,12.256835,5.031408
46.870774,-82.344400,-255.000000,12.295957,5.096047
47.390774,-82.344400,-255.000000,12.454326,5.086947
47.910774,-82.344400,-255.000000,12.498103,5.021206
48.430774,-82.344400,-255.000000,12.335465,5.041037
48.950774,-82.344400,-255.000000,12.206279,5.057082
49.470774,-82.344400,-255.000000,12.591516,5.042613
49.990774,-82.344400,-255.000000,12.290836,4.988863
50.510774,-82.344400,-255.000000,12.514035,5.026444
51.030774,-82.344400,-255.000000,12.479496,5.038309
51.550774,-82.344400,-255.000000,12.359732,5.027729
52.070774,-82.344400,-255.000000,12.251144,5.053156
52.590774,-82.344400,-255.000000,12.415326,5.114776
53.110774,-82.344400,-255.000000,12.235744,5.026229
53.630774,-82.344400,-255.000000,12.342536,4.967196
54.150774,-82.344400,-255.000000,12.421083,4.999484
54.670774,-82.344400,-255.000000,12.425289,5.055300
55.190774,-82.344400,-255.000000,12.166005,5.010437
55.710774,-82.344400,-255.000000,12.369956,4.997086
56.230774,-82.344400,-255.000000,12.240726,4.999481
56.750774,-82.344400,-255.000000,12.604154,5.063603
57.270774,-82.344400,-255.000000,12.568286,5.045509
57.790774,-82.344400,-255.000000,12.489375,5.076480
58.310774,-82.344400,-255.000000,12.404963,5.063867
58.830774,-82.344400,-255.000000,12.573763,5.058362
59.350774,-82.344400,-255.000000,12.269860,4.996230
59.870774,-82.344400,-255.000000,12.480338,5.041744
60.390774,-82.344400,-255.000000,12.296031,5.028769
60.910774,-82.344400,-255.000000,12.207884,5.019232
61.430774,-82.344400,-255.000000,12.487773,5.039474
61.950774,-82.344400,-255.000000,12.524027,5.072179
62.470774,-82.344400,-255.000000,12.228624,5.038696
62.990774,-82.344400,-255.000000,12.637209,5.049485
63.510774,-82.344400,-255.000000,12.382845,5.099190
64.030774,-82.344400,-255.000000,12.386509,5.040208
64.550774,-82.344400,-255.000000,12.467426,5.019113
65.070774,-82.344400,-255.000000,12.404201,4.988569
65.590774,-82.344400,-255.000000,12.300930,5.042457
66.110774,-82.344400,-255.000000,12.447929,5.043077
66.630774,-82.344400,-255.000000,12.153053,5.019907
67.150774,-82.344400,-255.000000,12.449169,5.067029
67.670774,-82.344400,-255.000000,12.216952,5.063471
68.190774,-82.344400,-255.000000,12.384706,5.053465
68.710774,-82.344400,-255.000000,12.338819,4.993010
69.230774,-82.344400,-255.000000,12.613644,5.093049
69.750774,-82.344400,-255.000000,12.390114,4.992322
70.270774,-82.344400,-255.000000,12.303450,5.011722
70.790774,-82.344400,-255.000000,12.451906,5.022451
71.310774,-82.344400,-255.000000,12.424394,4.994874
71.830774,-82.344400,-255.000000,12.275105,4.991368
72.350774,-82.344400,-255.000000,12.489432,5.054087
72.870774,-82.344400,-255.000000,12.384561,5.058218
73.390774,-82.344400,-255.000000,12.407262,4.966766
73.910774,-82.344400,-255.000000,12.386755,4.964474
74.430774,-82.344400,-255.000000,12.282866,4.986533
74.950774,-82.344400,-255.000000,12.347926,4.981380
75.470774,-82.344400,-255.000000,12.312385,5.017888
75.990774,-82.344400,-255.000000,12.351363,5.027328
13.070774,-81.824400,-255.000000,12.457207,4.815354
13.590774,-81.824400,-255.000000,12.332559,4.810473
14.110774,-81.824400,-255.000000,12.445153,4.917871
14.630774,-81.824400,-255.000000,12.498351,4.857882
15.150774,-81.824400,-255.000000,12.300241,4.871559
15.670774,-81.824400,-255.000000,12.372536,4.907338
16.190774,-81.824400,-255.000000,12.284421,4.933163
16.710774,-81.824400,-255.000000,12.089130,4.871582
17.230774,-81.824400,-255.000000,12.487514,4.959415
17.750774,-81.824400,-255.000000,11.996922,4.935979
18.270774,-81.824400,-255.000000,12.242754,4.944637
18.790774,-81.824400,-255.000000,12.346629,5.013900
19.310774,-81.824400,-255.000000,12.483801,4.995671
19.830774,-81.824400,-255.000000,12.468166,4.970661
20.350774,-81.824400,-255.000000,12.299942,4.955707
20.870774,-81.824400,-255.000000,12.440108,5.022200
21.390774,-81.824400,-255.000000,12.441428,4.997623
21.910774,-81.824400,-255.000000,12.071570,4.984555
22.430774,-81.824400,-255.000000,12.410840,5.000856
22.950774,-81.824400,-255.000000,12.275147,5.012511
23.470774,-81.824400,-255.000000,12.449566,5.039571
23.990774,-81.824400,-255.000000,12.469656,4.996119
24.510774,-81.824400,-255.000000,12.380875,4.990302
25.030774,-81.824400,-255.000000,12.412818,5.026767
25.550774,-81.824400,-255.000000,12.243575,4.987328
26.070774,-81.824400,-255.000000,12.252120,5.057489
26.590774,-81.824400,-255.000000,12.539889,5.053939
27.110774,-81.824400,-255.000000,12.237086,4.999957
27.630774,-81.824400,-255.000000,12.357165,5.057228
28.150774,-81.824400,-255.000000,12.436934,4.985838
28.670774,-81.824400,-255.000000,12.267069,5.013347
29.190774,-81.824400,-255.000000,12.375155,5.067459
29.710774,-81.824400,-255.000000,12.327402,5.077870
30.230774,-81.824400,-255.000000,12.297132,5.007823
30.750774,-81.824400,-255.000000,12.496963,5.072574
31.270774,-81.824400,-255.000000,12.412910,5.044366
31.790774,-81.824400,-255.000000,12.314919,5.054436
32.310774,-81.824400,-255.000000,12.346623,5.029902
32.830774,-81.824400,-255.000000,12.450948,5.037158
33.350774,-81.824400,-255.000000,12.575754,5.085767
33.870774,-81.824400,-255.000000,12.292859,5.038169
34.390774,-81.824400,-255.000000,12.357168,5.013470
34.910774,-81.824400,-255.000000,12.272512,4.992626
35.430774,-81.824400,-255.000000,12.324615,5.024945
35.950774,-81.824400,-255.000000,12.331714,5.035012
36.470774,-81.824400,-255.000000,12.245166,5.056723
36.990774,-81.824400,-255.000000,12.285693,4.972634
37.510774,-81.824400,-255.000000,12.703135,5.113503
38.030774,-81.824400,-255.000000,12.436920,5.021773
38.550774,-81.824400,-255.000000,12.225329,5.042768
39.070774,-81.824400,-255.000000,12.570117,5.061238
39.590774,-81.824400,-255.000000,12.539746,5.015598
40.110774,-81.824400,-255.000000,12.255027,5.003126
40.630774,-81.824400,-255.000000,12.430859,5.060297
41.150774,-81.824400,-255.000000,12.305675,5.039142
41.670774,-81.824400,-255.000000,12.361943,5.073015
42.190774,-81.824400,-255.000000,12.396382,5.066171
42.710774,-81.824400,-255.000000,12.341474,5.011191
43.230774,-81.824400,-255.000000,12.319597,5.009949
43.750774,-81.824400,-255.000000,12.463605,5.090416
44.270774,-81.824400,-255.000000,12.407351,5.010573
44.790774,-81.824400,-255.000000,12.354510,5.055735
45.310774,-81.824400,-255.000000,12.316630,5.113986
45.830774,-81.824400,-255.000000,12.271216,5.069557
46.350774,-81.824400,-255.000000,12.361250,5.046747
46.870774,-81.824400,-255.000000,12.290795,5.085361
47.390774,-81.824400,-255.000000,12.496504,5.082137
47.910774,-81.824400,-255.000000,12.527584,5.048695
48.430774,-81.824400,-255.000000,12.354688,5.037898
48.950774,-81.824400,-255.000000,12.273512,5.087232
49.470774,-81.824400,-255.000000,12.550810,5.027985
49.990774,-81.824400,-255.000000,12.183495,5.002644
50.510774,-81.824400,-255.000000,12.521742,5.051661
51.030774,-81.824400,-255.000000,12.466596,5.046299
51.550774,-81.824400,-255.000000,12.340518,5.027662
52.070774,-81.824400,-255.000000,12.172668,5.055836
52.590774,-81.824400,-255.000000,12.390579,5.122039
53.110774,-81.824400,-255.000000,12.167346,5.045485
53.630774,-81.824400,-255.000000,12.414389,4.997405
54.150774,-81.824400,-255.000000,12.357713,4.989819
54.670774,-81.824400,-255.000000,12.494030,5.077184
55.190774,-81.824400,-255.000000,12.122386,5.014287
55.710774,-81.824400,-255.000000,12.356353,4.989331
56.230774,-81.824400,-255.000000,12.334544,5.015746
56.750774,-81.824400,-255.000000,12.525449,5.048110
57.270774,-81.824400,-255.000000,12.553819,5.033428
57.790774,-81.824400,-255.000000,12.493730,5.086171
58.310774,-81.824400,-255.000000,12.307210,5.059306
58.830774,-81.824400,-255.000000,12.594954,5.057799
59.350774,-81.824400,-255.000000,12.303644,5.010283
59.870774,-81.824400,-255.000000,12.483294,5.041636
60.390774,-81.824400,-255.000000,12.238036,5.041949
60.910774,-81.824400,-255.000000,12.274931,5.033525
61.430774,-81.824400,-255.000000,12.475406,5.042739
61.950774,-81.824400,-255.000000,12.464850,5.089520
62.470774,-81.824400,-255.000000,12.215983,5.038463
62.990774,-81.824400,-255.000000,12.649604,5.054083
63.510774,-81.824400,-255.000000,12.237459,5.098311
64.030774,-81.824400,-255.000000,12.444051,5.028747
64.550774,-81.824400,-255.000000,12.505647,5.042179
65.070774,-81.824400,-255.000000,12.378127,4.993188
65.590774,-81.824400,-255.000000,12.254792,5.060544
66.110774,-81.824400,-255.000000,12.424837,5.048773
66.630774,-81.824400,-255.000000,12.214747,5.023911
67.150774,-81.824400,-255.000000,12.456103,5.070674
67.670774,-81.824400,-255.000000,12.261733,5.068757
68.190774,-81.824400,-255.000000,12.320446,5.055311
68.710774,-81.824400,-255.000000,12.360657,4.998877
69.230774,-81.824400,-255.000000,12.580835,5.102658
69.750774,-81.824400,-255.000000,12.378534,4.985508
70.270774,-81.824400,-255.000000,12.302377,5.006319
70.790774,-81.824400,-255.000000,12.421395,5.036926
71.310774,-81.824400,-255.000000,12.414142,5.010795
71.830774,-81.824400,-255.000000,12.271216,4.982935
72.350774,-81.824400,-255.000000,12.444359,5.055464
72.870774,-81.824400,-255.000000,12.328276,5.054662
73.390774,-81.824400,-255.000000,12.442533,4.954040
73.910774,-81.824400,-255.000000,12.303669,4.955508
74.430774,-81.824400,-255.000000,12.314018,5.018939
74.950774,-81.824400,-255.000000,12.398257,5.002261
75.470774,-81.824400,-255.000000,12.296477,4.999899
75.990774,-81.824400,-255.000000,12.316833,5.029077
13.070774,-81.304400,-255.000000,12.498645,4.833680
75.990774,-81.304400,-255.000000,12.368876,5.051396
13.070774,-82.344400,-254.000000,12.285202,4.792343
13.590774,-82.344400,-254.000000,12.330317,4.843237
14.110774,-82.344400,-254.000000,12.426382,4.893441
14.630774,-82.344400,-254.000000,12.326584,4.774441
15.150774,-82.344400,-254.000000,12.264625,4.824782
15.670774,-82.344400,-254.000000,12.377157,4.899126
16.190774,-82.344400,-254.000000,12.024890,4.883537
16.710774,-82.344400,-254.000000,12.479509,4.951101
17.230774,-82.344400,-254.000000,12.360455,4.932605
17.750774,-82.344400,-254.000000,12.544055,4.957242
18.270774,-82.344400,-254.000000,12.623912,4.976620
18.790774,-82.344400,-254.000000,12.218922,4.931298
19.310774,-82.344400,-254.000000,12.386905,4.975962
19.830774,-82.344400,-254.000000,12.382483,5.001573
20.350774,-82.344400,-254.000000,12.357127,4.994833
20.870774,-82.344400,-254.000000,12.392501,5.014497
21.390774,-82.344400,-254.000000,12.295210,4.950863
21.910774,-82.344400,-254.000000,12.332651,4.987438
22.430774,-82.344400,-254.000000,12.296087,4.981843
22.950774,-82.344400,-254.000000,12.375525,4.988896
23.470774,-82.344400,-254.000000,12.249888,4.998404
23.990774,-82.344400,-254.000000,12.429969,5.072081
24.510774,-82.344400,-254.000000,12.305158,5.065666
25.030774,-82.344400,-254.000000,12.330485,5.011039
25.550774,-82.344400,-254.000000,12.206213,4.949281
26.070774,-82.344400,-254.000000,12.269759,4.972964
26.590774,-82.344400,-254.000000,12.438128,5.011648
27.110774,-82.344400,-254.000000,12.446889,5.020924
27.630774,-82.344400,-254.000000,12.530684,4.994047
28.150774,-82.344400,-254.000000,12.443427,5.040006
28.670774,-82.344400,-254.000000,12.347034,4.970343
29.190774,-82.344400,-254.000000,12.578956,5.057924
29.710774,-82.344400,-254.000000,12.383492,4.977703
30.230774,-82.344400,-254.000000,12.140018,5.012536
30.750774,-82.344400,-254.000000,12.463664,5.019355
31.270774,-82.344400,-254.000000,12.207006,5.031554
31.790774,-82.344400,-254.000000,12.413071,4.988866
32.310774,-82.344400,-254.000000,12.312114,4.996060
32.830774,-82.344400,-254.000000,12.095243,5.012412
33.350774,-82.344400,-254.000000,12.441917,5.081271
33.870774,-82.344400,-254.000000,12.364609,5.024631
34.390774,-82.344400,-254.000000,12.215774,4.990127
34.910774,-82.344400,-254.000000,12.548045,5.070575
35.430774,-82.344400,-254.000000,12.218545,5.053153
35.950774,-82.344400,-254.000000,12.436805,4.992680
36.470774,-82.344400,-254.000000,12.437839,5.092214
36.990774,-82.344400,-254.000000,12.318480,5.060260
37.510774,-82.344400,-254.000000,12.417404,5.044176
38.030774,-82.344400,-254.000000,12.346467,5.030174
38.550774,-82.344400,-254.000000,12.187667,4.973288
39.070774,-82.344400,-254.000000,12.170210,5.032295
39.590774,-82.344400,-254.000000,12.363010,5.059001
40.110774,-82.344400,-254.000000,12.460228,5.100677
40.630774,-82.344400,-254.000000,12.275294,5.032786
41.150774,-82.344400,-254.000000,12.467484,5.052928
41.670774,-82.344400,-254.000000,12.347228,5.035681
42.190774,-82.344400,-254.000000,12.299764,5.041992
42.710774,-82.344400,-254.000000,12.410133,5.061416
43.230774,-82.344400,-254.000000,12.252294,5.038512
43.750774,-82.344400,-254.000000,12.469008,5.094879
44.270774,-82.344400,-254.000000,12.498560,5.033836
44.790774,-82.344400,-254.000000,12.440880,5.055510
45.310774,-82.344400,-254.000000,12.430808,5.059955
45.830774,-82.344400,-254.000000,12.279017,5.046618
46.350774,-82.344400,-254.000000,12.299812,5.068541
46.870774,-82.344400,-254.000000,12.349706,5.037199
47.390774,-82.344400,-254.000000,12.605590,5.046084
47.910774,-82.344400,-254.000000,12.214103,5.056420
48.430774,-82.344400,-254.000000,12.473365,5.064357
48.950774,-82.344400,-254.000000,12.376128,4.981921
49.470774,-82.344400,-254.000000,12.261910,5.066322
49.990774,-82.344400,-254.000000,12.512328,5.049060
50.510774,-82.344400,-254.000000,12.449274,5.079902
51.030774,-82.344400,-254.000000,12.349648,5.016853
51.550774,-82.344400,-254.000000,12.486556,5.036010
52.070774,-82.344400,-254.000000,12.344432,5.042494
52.590774,-82.344400,-254.000000,12.469103,5.030345
53.110774,-82.344400,-254.000000,12.328869,5.041812
53.630774,-82.344400,-254.000000,12.086814,5.039886
54.150774,-82.344400,-254.000000,12.330756,5.068594
54.670774,-82.344400,-254.000000,12.352478,5.092940
55.190774,-82.344400,-254.000000,12.134429,4.991459
55.710774,-82.344400,-254.000000,12.301573,5.020843
56.230774,-82.344400,-254.000000,12.319508,5.035060
56.750774,-82.344400,-254.000000,12.292426,5.038138
57.270774,-82.344400,-254.000000,12.369397,4.978930
57.790774,-82.344400,-254.000000,12.377132,5.043588
58.310774,-82.344400,-254.000000,12.273916,5.010692
58.830774,-82.344400,-254.000000,12.186355,5.046823
59.350774,-82.344400,-254.000000,12.406092,5.058078
59.870774,-82.344400,-254.000000,12.341567,5.094871
60.390774,-82.344400,-254.000000,12.286774,5.023448
60.910774,-82.344400,-254.000000,12.335331,5.080016
61.430774,-82.344400,-254.000000,12.420546,5.056613
61.950774,-82.344400,-254.000000,12.511855,5.084201
62.470774,-82.344400,-254.000000,12.598989,5.069180
62.990774,-82.344400,-254.000000,12.309933,5.003339
63.510774,-82.344400,-254.000000,12.496796,5.076179
64.030774,-82.344400,-254.000000,12.323017,5.054356
64.550774,-82.344400,-254.000000,12.336536,5.077677
65.070774,-82.344400,-254.000000,12.073588,5.012709
65.590774,-82.344400,-254.000000,12.039576,4.959059
66.110774,-82.344400,-254.000000,12.731057,5.112643
66.630774,-82.344400,-254.000000,12.526431,5.071335
67.150774,-82.344400,-254.000000,12.206478,5.034394
67.670774,-82.344400,-254.000000,12.468186,5.034640
68.190774,-82.344400,-254.000000,12.402042,5.034870
68.710774,-82.344400,-254.000000,12.571670,4.994317
69.230774,-82.344400,-254.000000,12.113829,5.047551
69.750774,-82.344400,-254.000000,12.332366,4.952503
70.270774,-82.344400,-254.000000,12.269277,5.009480
70.790774,-82.344400,-254.000000,12.293641,4.948156
71.310774,-82.344400,-254.000000,12.338166,4.995868
71.830774,-82.344400,-254.000000,12.396018,4.997753
72.350774,-82.344400,-254.000000,12.323664,5.000753
72.870774,-82.344400,-254.000000,12.326254,4.994741
73.390774,-82.344400,-254.000000,12.271605,5.005676
73.910774,-82.344400,-254.000000,12.319297,4.954306
74.430774,-82.344400,-254.000000,12.536938,5.087898
74.950774,-82.344400,-254.000000,12.360538,5.029795
75.470774,-82.344400,-254.000000,12.426747,5.056815
75.990774,-82.344400,-254.000000,12.484363,4.957698
13.070774,-81.824400,-254.000000,12.260651,4.816572
13.590774,-81.824400,-254.000000,12.320628,4.856621
14.110774,-81.824400,-254.000000,12.431727,4.887340
14.630774,-81.824400,-254.000000,12.400957,4.791755
15.150774,-81.824400,-254.000000,12.224389,4.819541
15.670774,-81.824400,-254.000000,12.335227,4.891070
16.190774,-81.824400,-254.000000,12.010791,4.888321
16.710774,-81.824400,-254.000000,12.393922,4.957143
17.230774,-81.824400,-254.000000,12.346354,4.948487
17.750774,-81.824400,-254.000000,12.524059,4.966551
18.270774,-81.824400,-254.000000,12.649638,4.995364
18.790774,-81.824400,-254.000000,12.173057,4.918069
19.310774,-81.824400,-254.000000,12.434074,4.984515
19.830774,-81.824400,-254.000000,12.393401,5.002795
20.350774,-81.824400,-254.000000,12.372175,5.007977
20.870774,-81.824400,-254.000000,12.383174,5.014122
21.390774,-81.824400,-254.000000,12.353147,4.975757
21.910774,-81.824400,-254.000000,12.401374,4.974555
22.430774,-81.824400,-254.000000,12.231690,5.004666
22.950774,-81.824400,-254.000000,12.394198,5.004738
23.470774,-81.824400,-254.000000,12.249955,4.993783
23.990774,-81.824400,-254.000000,12.368377,5.051279
24.510774,-81.824400,-254.000000,12.253532,5.073798
25.030774,-81.824400,-254.000000,12.339998,5.028666
25.550774,-81.824400,-254.000000,12.218539,4.966265
26.070774,-81.824400,-254.000000,12.251230,4.968821
26.590774,-81.824400,-254.000000,12.385501,5.027864
27.110774,-81.824400,-254.000000,12.437143,5.027031
27.630774,-81.824400,-254.000000,12.507098,5.004776
28.150774,-81.824400,-254.000000,12.439212,5.022046
28.670774,-81.824400,-254.000000,12.232612,4.976741
29.190774,-81.824400,-254.000000,12.519775,5.073537
29.710774,-81.824400,-254.000000,12.377012,4.977659
30.230774,-81.824400,-254.000000,12.146514,5.017908
30.750774,-81.824400,-254.000000,12.451268,5.017148
31.270774,-81.824400,-254.000000,12.178266,5.046315
31.790774,-81.824400,-254.000000,12.329093,4.961604
32.310774,-81.824400,-254.000000,12.273546,5.004315
32.830774,-81.824400,-254.000000,12.163910,5.041239
33.350774,-81.824400,-254.000000,12.362435,5.064246
33.870774,-81.824400,-254.000000,12.412107,5.035999
34.390774,-81.824400,-254.000000,12.266346,5.011441
34.910774,-81.824400,-254.000000,12.489494,5.075838
35.430774,-81.824400,-254.000000,12.232913,5.041387
35.950774,-81.824400,-254.000000,12.417415,5.005277
36.470774,-81.824400,-254.000000,12.487867,5.091898
36.990774,-81.824400,-254.000000,12.222095,5.061055
37.510774,-81.824400,-254.000000,12.450683,5.061340
38.030774,-81.824400,-254.000000,12.317820,5.035556
38.550774,-81.824400,-254.000000,12.186836,4.977079
39.070774,-81.824400,-254.000000,12.213404,5.047832
39.590774,-81.824400,-254.000000,12.292068,5.057892
40.110774,-81.824400,-254.000000,12.354865,5.110979
40.630774,-81.824400,-254.000000,12.360850,5.056193
41.150774,-81.824400,-254.000000,12.427030,5.056813
41.670774,-81.824400,-254.000000,12.316545,5.042582
42.190774,-81.824400,-254.000000,12.274175,5.046564
42.710774,-81.824400,-254.000000,12.386444,5.054275
43.230774,-81.824400,-254.000000,12.246015,5.067525
43.750774,-81.824400,-254.000000,12.422986,5.076985
44.270774,-81.824400,-254.000000,12.412897,5.032438
44.790774,-81.824400,-254.000000,12.519823,5.045825
45.310774,-81.824400,-254.000000,12.441318,5.083869
45.830774,-81.824400,-254.000000,12.244700,5.045246
46.350774,-81.824400,-254.000000,12.232454,5.065708
46.870774,-81.824400,-254.000000,12.207419,5.029031
47.390774,-81.824400,-254.000000,12.618795,5.045411
47.910774,-81.824400,-254.000000,12.210048,5.060944
48.430774,-81.824400,-254.000000,12.499262,5.076913
48.950774,-81.824400,-254.000000,12.367319,4.996824
49.470774,-81.824400,-254.000000,12.314625,5.078093
49.990774,-81.824400,-254.000000,12.468904,5.050758
50.510774,-81.824400,-254.000000,12.478025,5.081394
51.030774,-81.824400,-254.000000,12.339680,5.032325
51.550774,-81.824400,-254.000000,12.448256,5.035081
52.070774,-81.824400,-254.000000,12.310827,5.044426
52.590774,-81.824400,-254.000000,12.503565,5.043591
53.110774,-81.824400,-254.000000,12.267809,5.052899
53.630774,-81.824400,-254.000000,12.113154,5.021785
54.150774,-81.824400,-254.000000,12.392402,5.081401
54.670774,-81.824400,-254.000000,12.319686,5.084937
55.190774,-81.824400,-254.000000,12.123807,4.991024
55.710774,-81.824400,-254.000000,12.238644,5.044545
56.230774,-81.824400,-254.000000,12.290627,5.023458
56.750774,-81.824400,-254.000000,12.248550,5.044509
57.270774,-81.824400,-254.000000,12.277258,4.989310
57.790774,-81.824400,-254.000000,12.423375,5.051169
58.310774,-81.824400,-254.000000,12.242633,4.998177
58.830774,-81.824400,-254.000000,12.202592,5.053725
59.350774,-81.824400,-254.000000,12.294317,5.056833
59.870774,-81.824400,-254.000000,12.314876,5.102088
60.390774,-81.824400,-254.000000,12.370421,5.033081
60.910774,-81.824400,-254.000000,12.309766,5.083272
61.430774,-81.824400,-254.000000,12.327743,5.069598
61.950774,-81.824400,-254.000000,12.567981,5.088060
62.470774,-81.824400,-254.000000,12.557738,5.078841
62.990774,-81.824400,-254.000000,12.301734,5.004022
63.510774,-81.824400,-254.000000,12.441805,5.066654
64.030774,-81.824400,-254.000000,12.325603,5.097702
64.550774,-81.824400,-254.000000,12.225975,5.046363
65.070774,-81.824400,-254.000000,12.115569,5.015999
65.590774,-81.824400,-254.000000,12.061215,4.986372
66.110774,-81.824400,-254.000000,12.695591,5.118297
66.630774,-81.824400,-254.000000,12.497149,5.074183
67.150774,-81.824400,-254.000000,12.195110,5.026078
67.670774,-81.824400,-254.000000,12.463594,5.055741
68.190774,-81.824400,-254.000000,12.332038,5.013810
68.710774,-81.824400,-254.000000,12.574981,5.024872
69.230774,-81.824400,-254.000000,12.108505,5.023405
69.750774,-81.824400,-254.000000,12.332966,4.977157
70.270774,-81.824400,-254.000000,12.246456,5.014952
70.790774,-81.824400,-254.000000,12.345051,4.955381
71.310774,-81.824400,-254.000000,12.336795,4.996495
71.830774,-81.824400,-254.000000,12.407799,5.014909
72.350774,-81.824400,-254.000000,12.246961,4.998662
72.870774,-81.824400,-254.000000,12.285274,4.988919
73.390774,-81.824400,-254.000000,12.304338,5.045297
73.910774,-81.824400,-254.000000,12.359537,4.971843
74.430774,-81.824400,-254.000000,12.429647,5.060655
74.950774,-81.824400,-254.000000,12.370961,5.034271
75.470774,-81.824400,-254.000000,12.373912,5.059391
75.990774,-81.824400,-254.000000,12.543128,4.971685
13.070774,-81.304400,-254.000000,12.258494,4.816359
13.070774,-82.344400,-253.000000,12.231826,4.727883
13.590774,-82.344400,-253.000000,12.456596,4.799010
14.110774,-82.344400,-253.000000,12.415312,4.871477
14.630774,-82.344400,-253.000000,12.367625,4.896545
15.150774,-82.344400,-253.000000,12.182345,4.864670
15.670774,-82.344400,-253.000000,12.307676,4.869804
16.190774,-82.344400,-253.000000,12.362841,4.931999
16.710774,-82.344400,-253.000000,12.202501,4.854257
17.230774,-82.344400,-253.000000,12.491184,4.973469
17.750774,-82.344400,-253.000000,12.326171,4.957067
18.270774,-82.344400,-253.000000,12.420827,4.958653
18.790774,-82.344400,-253.000000,12.617024,4.981356
19.310774,-82.344400,-253.000000,12.440767,4.952234
19.830774,-82.344400,-253.000000,12.497999,5.007162
20.350774,-82.344400,-253.000000,12.356414,4.928936
20.870774,-82.344400,-253.000000,12.527594,4.988337
21.390774,-82.344400,-253.000000,12.518793,4.995957
21.910774,-82.344400,-253.000000,12.133101,4.885672
22.430774,-82.344400,-253.000000,12.475638,5.048409
22.950774,-82.344400,-253.000000,12.542324,4.996520
23.470774,-82.344400,-253.000000,12.312716,4.969832
23.990774,-82.344400,-253.000000,12.306120,5.054707
24.510774,-82.344400,-253.000000,12.103204,4.896648
25.030774,-82.344400,-253.000000,12.360907,5.003271
25.550774,-82.344400,-253.000000,12.553401,5.024827
26.070774,-82.344400,-253.000000,12.411196,4.996017
26.590774,-82.344400,-253.000000,12.561791,5.024568
27.110774,-82.344400,-253.000000,12.196552,5.013975
27.630774,-82.344400,-253.000000,12.305232,5.007442
28.150774,-82.344400,-253.000000,12.371118,5.000864
28.670774,-82.344400,-253.000000,12.238039,4.974401
29.190774,-82.344400,-253.000000,12.500106,5.037833
29.710774,-82.344400,-253.000000,12.108358,4.993351
30.230774,-82.344400,-253.000000,12.251521,4.999606
30.750774,-82.344400,-253.000000,12.520662,5.097515
31.270774,-82.344400,-253.000000,12.343556,5.030108
31.790774,-82.344400,-253.000000,12.538580,5.035583
32.310774,-82.344400,-253.000000,12.360521,5.028247
32.830774,-82.344400,-253.000000,12.492858,5.012435
33.350774,-82.344400,-253.000000,12.084267,5.015013
33.870774,-82.344400,-253.000000,12.540484,5.044449
34.390774,-82.344400,-253.000000,12.211802,5.003157
34.910774,-82.344400,-253.000000,12.281955,4.970389
35.430774,-82.344400,-253.000000,12.496085,5.070302
35.950774,-82.344400,-253.000000,12.471787,5.054150
36.470774,-82.344400,-253.000000,12.262507,4.940603
36.990774,-82.344400,-253.000000,12.300987,4.988496
37.510774,-82.344400,-253.000000,12.519480,5.005499
38.030774,-82.344400,-253.000000,12.612367,5.082659
38.550774,-82.344400,-253.000000,12.408266,5.085942
39.070774,-82.344400,-253.000000,12.154287,5.050087
39.590774,-82.344400,-253.000000,12.211070,5.028765
40.110774,-82.344400,-253.000000,12.618676,5.117341
40.630774,-82.344400,-253.000000,12.318772,5.109537
41.150774,-82.344400,-253.000000,12.387061,5.085626
41.670774,-82.344400,-253.000000,12.343721,5.017873
42.190774,-82.344400,-253.000000,12.476130,5.060745
42.710774,-82.344400,-253.000000,12.442408,5.047081
43.230774,-82.344400,-253.000000,12.592731,5.072814
43.750774,-82.344400,-253.000000,12.380363,5.023598
44.270774,-82.344400,-253.000000,12.344049,5.074615
44.790774,-82.344400,-253.000000,12.416574,5.058634
45.310774,-82.344400,-253.000000,12.513567,5.033583
45.830774,-82.344400,-253.000000,12.084989,5.006484
46.350774,-82.344400,-253.000000,12.558475,5.049954
46.870774,-82.344400,-253.000000,12.342405,5.047634
47.390774,-82.344400,-253.000000,12.301368,5.093094
47.910774,-82.344400,-253.000000,12.554294,5.101864
48.430774,-82.344400,-253.000000,12.475389,5.062429
48.950774,-82.344400,-253.000000,12.541798,5.050847
49.470774,-82.344400,-253.000000,12.510383,5.069156
49.990774,-82.344400,-253.000000,12.326604,4.963120
50.510774,-82.344400,-253.000000,12.415587,5.013627
51.030774,-82.344400,-253.000000,12.316628,5.041595
51.550774,-82.344400,-253.000000,12.252621,5.002707
52.070774,-82.344400,-253.000000,12.332193,5.037901
52.590774,-82.344400,-253.000000,12.243257,5.023114
53.110774,-82.344400,-253.000000,12.103305,4.948547
53.630774,-82.344400,-253.000000,12.312411,5.007156
54.150774,-82.344400,-253.000000,12.474655,5.053822
54.670774,-82.344400,-253.000000,12.538263,5.118889
55.190774,-82.344400,-253.000000,12.318907,5.077075
55.710774,-82.344400,-253.000000,12.342240,5.092607
56.230774,-82.344400,-253.000000,12.544131,5.064911
56.750774,-82.344400,-253.000000,12.421021,5.081991
57.270774,-82.344400,-253.000000,12.312585,5.040823
57.790774,-82.344400,-253.000000,12.438684,5.038169
58.310774,-82.344400,-253.000000,12.426615,5.069585
58.830774,-82.344400,-253.000000,12.231929,5.019250
59.350774,-82.344400,-253.000000,12.433461,5.034632
59.870774,-82.344400,-253.000000,12.369473,5.077062
60.390774,-82.344400,-253.000000,12.409818,5.025258
60.910774,-82.344400,-253.000000,12.424882,5.098223
61.430774,-82.344400,-253.000000,12.205527,5.027152
61.950774,-82.344400,-253.000000,12.326974,5.061866
62.470774,-82.344400,-253.000000,12.340961,5.016715
62.990774,-82.344400,-253.000000,12.369793,4.998070
63.510774,-82.344400,-253.000000,12.419577,5.048759
64.030774,-82.344400,-253.000000,12.332721,5.029305
64.550774,-82.344400,-253.000000,12.329914,5.030088
65.070774,-82.344400,-253.000000,12.551054,5.048844
65.590774,-82.344400,-253.000000,12.340739,5.035942
66.110774,-82.344400,-253.000000,12.406981,5.047896
66.630774,-82.344400,-253.000000,12.305457,4.992492
67.150774,-82.344400,-253.000000,12.400699,5.005939
67.670774,-82.344400,-253.000000,12.268546,5.034962
68.190774,-82.344400,-253.000000,12.297571,5.033606
68.710774,-82.344400,-253.000000,12.487347,4.993645
69.230774,-82.344400,-253.000000,12.181164,4.984186
69.750774,-82.344400,-253.000000,12.419158,5.083704
70.270774,-82.344400,-253.000000,12.461535,4.986218
70.790774,-82.344400,-253.000000,12.496766,5.015416
71.310774,-82.344400,-253.000000,12.267251,5.010007
71.830774,-82.344400,-253.000000,12.450500,4.979030
72.350774,-82.344400,-253.000000,12.289502,5.038327
72.870774,-82.344400,-253.000000,12.226211,5.009309
73.390774,-82.344400,-253.000000,12.326117,5.035537
73.910774,-82.344400,-253.000000,12.269091,5.010817
74.430774,-82.344400,-253.000000,12.358752,5.022255
74.950774,-82.344400,-253.000000,12.432843,5.070736
75.470774,-82.344400,-253.000000,12.138509,4.987152
75.990774,-82.344400,-253.000000,12.449089,4.989104
13.070774,-81.824400,-253.000000,12.232167,4.751603
13.590774,-81.824400,-253.000000,12.482138,4.785872
14.110774,-81.824400,-253.000000,12.388534,4.871078
14.630774,-81.824400,-253.000000,12.388125,4.887503
15.150774,-81.824400,-253.000000,12.199443,4.894268
15.670774,-81.824400,-253.000000,12.264570,4.873912
16.190774,-81.824400,-253.000000,12.383365,4.953296
16.710774,-81.824400,-253.000000,12.265118,4.868020
17.230774,-81.824400,-253.000000,12.394773,4.952033
17.750774,-81.824400,-253.000000,12.378762,4.958202
18.270774,-81.824400,-253.000000,12.378013,4.952349
18.790774,-81.824400,-253.000000,12.602774,4.972365
19.310774,-81.824400,-253.000000,12.394881,4.951293
19.830774,-81.824400,-253.000000,12.462150,5.004965
20.350774,-81.824400,-253.000000,12.329878,4.928977
20.870774,-81.824400,-253.000000,12.522746,4.968704
21.390774,-81.824400,-253.000000,12.503051,5.015036
21.910774,-81.824400,-253.000000,12.152285,4.895685
22.430774,-81.824400,-253.000000,12.493568,5.057384
22.950774,-81.824400,-253.000000,12.462032,4.992806
23.470774,-81.824400,-253.000000,12.309573,4.980487
23.990774,-81.824400,-253.000000,12.316080,5.060876
24.510774,-81.824400,-253.000000,12.041590,4.902087
25.030774,-81.824400,-253.000000,12.254887,4.995924
25.550774,-81.824400,-253.000000,12.484550,5.044513
26.070774,-81.824400,-253.000000,12.452013,4.986661
26.590774,-81.824400,-253.000000,12.559935,5.025784
27.110774,-81.824400,-253.000000,12.149996,5.022618
27.630774,-81.824400,-253.000000,12.307884,5.034638
28.150774,-81.824400,-253.000000,12.261364,5.003425
28.670774,-81.824400,-253.000000,12.301457,4.989046
29.190774,-81.824400,-253.000000,12.502641,5.053949
29.710774,-81.824400,-253.000000,12.070224,4.997671
30.230774,-81.824400,-253.000000,12.283387,5.018279
30.750774,-81.824400,-253.000000,12.489331,5.090668
31.270774,-81.824400,-253.000000,12.300293,5.014589
31.790774,-81.824400,-253.000000,12.595590,5.065711
32.310774,-81.824400,-253.000000,12.307324,5.030699
32.830774,-81.824400,-253.000000,12.418579,5.016303
33.350774,-81.824400,-253.000000,12.161769,5.010651
33.870774,-81.824400,-253.000000,12.506138,5.033766
34.390774,-81.824400,-253.000000,12.161049,5.009351
34.910774,-81.824400,-253.000000,12.249438,4.972306
35.430774,-81.824400,-253.000000,12.465836,5.062305
35.950774,-81.824400,-253.000000,12.436954,5.072677
36.470774,-81.824400,-253.000000,12.172982,4.957820
36.990774,-81.824400,-253.000000,12.347070,4.993448
37.510774,-81.824400,-253.000000,12.537152,4.996768
38.030774,-81.824400,-253.000000,12.585139,5.061122
38.550774,-81.824400,-253.000000,12.330665,5.071826
39.070774,-81.824400,-253.000000,12.197795,5.072447
39.590774,-81.824400,-253.000000,12.140479,5.019470
40.110774,-81.824400,-253.000000,12.617087,5.132756
40.630774,-81.824400,-253.000000,12.304066,5.115984
41.150774,-81.824400,-253.000000,12.402069,5.087274
41.670774,-81.824400,-253.000000,12.393525,5.001659
42.190774,-81.824400,-253.000000,12.435671,5.081526
42.710774,-81.824400,-253.000000,12.426932,5.051967
43.230774,-81.824400,-253.000000,12.551456,5.077704
43.750774,-81.824400,-253.000000,12.345345,5.038785
44.270774,-81.824400,-253.000000,12.353518,5.086143
44.790774,-81.824400,-253.000000,12.382208,5.067392
45.310774,-81.824400,-253.000000,12.474855,5.023315
45.830774,-81.824400,-253.000000,12.011280,5.010973
46.350774,-81.824400,-253.000000,12.516001,5.055447
46.870774,-81.824400,-253.000000,12.339175,5.040497
47.390774,-81.824400,-253.000000,12.280646,5.109476
47.910774,-81.824400,-253.000000,12.527267,5.093200
48.430774,-81.824400,-253.000000,12.463524,5.069651
48.950774,-81.824400,-253.000000,12.515695,5.048003
49.470774,-81.824400,-253.000000,12.434102,5.067358
49.990774,-81.824400,-253.000000,12.357154,4.973375
50.510774,-81.824400,-253.000000,12.453614,5.014294
51.030774,-81.824400,-253.000000,12.297946,5.032694
51.550774,-81.824400,-253.000000,12.238406,5.023202
52.070774,-81.824400,-253.000000,12.304995,5.052781
52.590774,-81.824400,-253.000000,12.243553,5.024344
53.110774,-81.824400,-253.000000,12.115699,4.945842
53.630774,-81.824400,-253.000000,12.341250,5.012887
54.150774,-81.824400,-253.000000,12.449025,5.057868
54.670774,-81.824400,-253.000000,12.474463,5.110671
55.190774,-81.824400,-253.000000,12.319336,5.091713
55.710774,-81.824400,-253.000000,12.308867,5.096413
56.230774,-81.824400,-253.000000,12.513967,5.070961
56.750774,-81.824400,-253.000000,12.457778,5.090063
57.270774,-81.824400,-253.000000,12.262589,5.043020
57.790774,-81.824400,-253.000000,12.433866,5.044480
58.310774,-81.824400,-253.000000,12.344907,5.081084
58.830774,-81.824400,-253.000000,12.208506,5.017097
59.350774,-81.824400,-253.000000,12.459014,5.048859
59.870774,-81.824400,-253.000000,12.377047,5.088141
60.390774,-81.824400,-253.000000,12.430042,5.038168
60.910774,-81.824400,-253.000000,12.328357,5.088687
61.430774,-81.824400,-253.000000,12.193756,5.035715
61.950774,-81.824400,-253.000000,12.259599,5.070327
62.470774,-81.824400,-253.000000,12.412577,5.023529
62.990774,-81.824400,-253.000000,12.306621,4.992295
63.510774,-81.824400,-253.000000,12.428459,5.070461
64.030774,-81.824400,-253.000000,12.337329,5.020389
64.550774,-81.824400,-253.000000,12.364300,5.053411
65.070774,-81.824400,-253.000000,12.533280,5.044381
65.590774,-81.824400,-253.000000,12.377261,5.029131
66.110774,-81.824400,-253.000000,12.394689,5.069803
66.630774,-81.824400,-253.000000,12.329229,4.972461
67.150774,-81.824400,-253.000000,12.304953,5.002946
67.670774,-81.824400,-253.000000,12.309634,5.048668
68.190774,-81.824400,-253.000000,12.284628,5.001033
68.710774,-81.824400,-253.000000,12.427836,5.006257
69.230774,-81.824400,-253.000000,12.248424,5.018936
69.750774,-81.824400,-253.000000,12.406252,5.099909
70.270774,-81.824400,-253.000000,12.429279,4.974051
70.790774,-81.824400,-253.000000,12.484103,5.009907
71.310774,-81.824400,-253.000000,12.191528,5.008108
71.830774,-81.824400,-253.000000,12.409195,4.978980
72.350774,-81.824400,-253.000000,12.289511,5.041446
72.870774,-81.824400,-253.000000,12.238326,5.008944
73.390774,-81.824400,-253.000000,12.328833,5.026426
73.910774,-81.824400,-253.000000,12.229254,5.018446
74.430774,-81.824400,-253.000000,12.365335,5.034478
74.950774,-81.824400,-253.000000,12.446702,5.079524
75.470774,-81.824400,-253.000000,12.164207,4.990469
75.990774,-81.824400,-253.000000,12.319305,4.998198
13.070774,-81.304400,-253.000000,12.230643,4.762991
75.990774,-81.304400,-253.000000,12.256549,4.992606
13.070774,-82.344400,-252.000000,12.379785,4.812155
13.590774,-82.344400,-252.000000,12.418716,4.848016
14.110774,-82.344400,-252.000000,12.262324,4.805566
14.630774,-82.344400,-252.000000,12.564654,4.894257
15.150774,-82.344400,-252.000000,12.504701,4.897434
15.670774,-82.344400,-252.000000,12.310076,4.854194
16.190774,-82.344400,-252.000000,12.477675,5.027568
16.710774,-82.344400,-252.000000,12.260036,4.912516
17.230774,-82.344400,-252.000000,12.369936,5.029893
17.750774,-82.344400,-252.000000,12.155666,4.877059
18.270774,-82.344400,-252.000000,12.655292,5.006306
18.790774,-82.344400,-252.000000,12.655785,4.975680
19.310774,-82.344400,-252.000000,12.359216,4.971593
19.830774,-82.344400,-252.000000,12.359115,4.969693
20.350774,-82.344400,-252.000000,12.379310,4.990099
20.870774,-82.344400,-252.000000,12.426096,4.954616
21.390774,-82.344400,-252.000000,12.243365,4.997932
21.910774,-82.344400,-252.000000,12.306003,5.013431
22.430774,-82.344400,-252.000000,12.472714,4.983819
22.950774,-82.344400,-252.000000,12.115142,4.977133
23.470774,-82.344400,-252.000000,12.361094,4.960648
23.990774,-82.344400,-252.000000,12.365353,5.055133
24.510774,-82.344400,-252.000000,12.530033,5.059837
25.030774,-82.344400,-252.000000,12.103209,4.933229
25.550774,-82.344400,-252.000000,12.428975,5.000295
26.070774,-82.344400,-252.000000,12.436703,4.988444
26.590774,-82.344400,-252.000000,12.364657,5.003253
27.110774,-82.344400,-252.000000,12.478751,5.020242
27.630774,-82.344400,-252.000000,12.321496,5.022110
28.150774,-82.344400,-252.000000,12.249655,4.934710
28.670774,-82.344400,-252.000000,12.281165,4.955931
29.190774,-82.344400,-252.000000,12.357740,4.983514
29.710774,-82.344400,-252.000000,12.387801,5.034227
30.230774,-82.344400,-252.000000,12.519341,4.996170
30.750774,-82.344400,-252.000000,12.499840,5.030997
31.270774,-82.344400,-252.000000,12.535060,5.050243
31.790774,-82.344400,-252.000000,12.375129,5.006421
32.310774,-82.344400,-252.000000,12.219524,5.003886
32.830774,-82.344400,-252.000000,12.389033,5.020183
33.350774,-82.344400,-252.000000,12.216133,4.994223
33.870774,-82.344400,-252.000000,12.290614,4.998623
34.390774,-82.344400,-252.000000,12.321887,4.999979
34.910774,-82.344400,-252.000000,12.615050,5.069721
35.430774,-82.344400,-252.000000,12.284457,4.990692
35.950774,-82.344400,-252.000000,12.354239,5.010432
36.470774,-82.344400,-252.000000,12.371630,4.997555
36.990774,-82.344400,-252.000000,12.064037,4.981582
37.510774,-82.344400,-252.000000,12.488149,5.016143
38.030774,-82.344400,-252.000000,12.418025,5.013901
38.550774,-82.344400,-252.000000,12.300728,5.114064
39.070774,-82.344400,-252.000000,12.189278,4.984198
39.590774,-82.344400,-252.000000,12.503448,5.029724
40.110774,-82.344400,-252.000000,12.536723,5.008764
40.630774,-82.344400,-252.000000,12.341829,5.069283
41.150774,-82.344400,-252.000000,12.319328,5.056503
41.670774,-82.344400,-252.000000,12.330214,5.062559
42.190774,-82.344400,-252.000000,12.331046,5.015656
42.710774,-82.344400,-252.000000,12.462700,5.071591
43.230774,-82.344400,-252.000000,12.483815,5.084683
43.750774,-82.344400,-252.000000,12.381451,5.024570
44.270774,-82.344400,-252.000000,12.223345,5.044408
44.790774,-82.344400,-252.000000,12.389918,4.993601
45.310774,-82.344400,-252.000000,12.288718,4.984601
45.830774,-82.344400,-252.000000,12.183856,5.001895
46.350774,-82.344400,-252.000000,12.060302,5.028813
46.870774,-82.344400,-252.000000,12.283713,5.070843
47.390774,-82.344400,-252.000000,12.272844,5.018788
47.910774,-82.344400,-252.000000,12.122272,5.024329
48.430774,-82.344400,-252.000000,12.429314,5.010961
48.950774,-82.344400,-252.000000,12.597152,5.061466
49.470774,-82.344400,-252.000000,12.262294,5.000281
49.990774,-82.344400,-252.000000,12.276931,5.040318
50.510774,-82.344400,-252.000000,12.386387,5.106407
51.030774,-82.344400,-252.000000,12.363561,5.054950
51.550774,-82.344400,-252.000000,12.333478,5.056352
52.070774,-82.344400,-252.000000,12.306952,5.044492
52.590774,-82.344400,-252.000000,12.135945,4.970129
53.110774,-82.344400,-252.000000,12.365836,5.086399
53.630774,-82.344400,-252.000000,12.513070,5.067800
54.150774,-82.344400,-252.000000,12.211480,4.987041
54.670774,-82.344400,-252.000000,12.570396,5.050978
55.190774,-82.344400,-252.000000,12.213630,5.005129
55.710774,-82.344400,-252.000000,12.432098,5.049909
56.230774,-82.344400,-252.000000,12.372617,5.014709
56.750774,-82.344400,-252.000000,12.210971,5.016039
57.270774,-82.344400,-252.000000,12.625887,5.032054
57.790774,-82.344400,-252.000000,12.648259,5.039225
58.310774,-82.344400,-252.000000,12.364095,5.076191
58.830774,-82.344400,-252.000000,12.303569,5.008736
59.350774,-82.344400,-252.000000,12.162849,5.015853
59.870774,-82.344400,-252.000000,12.322137,5.029952
60.390774,-82.344400,-252.000000,12.360805,5.060008
60.910774,-82.344400,-252.000000,12.468848,5.019202
61.430774,-82.344400,-252.000000,12.284042,5.073153
61.950774,-82.344400,-252.000000,12.402247,5.039374
62.470774,-82.344400,-252.000000,12.364974,5.091921
62.990774,-82.344400,-252.000000,12.282393,5.013666
63.510774,-82.344400,-252.000000,12.552041,5.078375
64.030774,-82.344400,-252.000000,12.638177,5.047725
64.550774,-82.344400,-252.000000,12.595956,5.113153
65.070774,-82.344400,-252.000000,12.436962,5.068101
65.590774,-82.344400,-252.000000,12.252005,4.993586
66.110774,-82.344400,-252.000000,12.296375,5.053807
66.630774,-82.344400,-252.000000,12.094509,4.968729
67.150774,-82.344400,-252.000000,12.478147,5.003222
67.670774,-82.344400,-252.000000,12.354577,5.012162
68.190774,-82.344400,-252.000000,12.321184,5.004041
68.710774,-82.344400,-252.000000,12.489196,5.040835
69.230774,-82.344400,-252.000000,12.400798,5.082119
69.750774,-82.344400,-252.000000,12.045947,4.953232
70.270774,-82.344400,-252.000000,12.250983,4.968562
70.790774,-82.344400,-252.000000,12.488079,5.048285
71.310774,-82.344400,-252.000000,12.185117,4.948695
71.830774,-82.344400,-252.000000,12.641177,5.030836
72.350774,-82.344400,-252.000000,12.400402,5.033954
72.870774,-82.344400,-252.000000,12.198432,5.020692
73.390774,-82.344400,-252.000000,12.525320,5.042385
73.910774,-82.344400,-252.000000,12.547338,5.026504
74.430774,-82.344400,-252.000000,12.452147,5.033311
74.950774,-82.344400,-252.000000,12.467620,5.027033
75.470774,-82.344400,-252.000000,12.329805,4.996497
75.990774,-82.344400,-252.000000,12.342254,4.999455
13.070774,-81.824400,-252.000000,12.310581,4.810155
13.590774,-81.824400,-252.000000,12.388409,4.853992
14.110774,-81.824400,-252.000000,12.297205,4.828311
14.630774,-81.824400,-252.000000,12.512266,4.893220
15.150774,-81.824400,-252.000000,12.475983,4.901910
15.670774,-81.824400,-252.000000,12.297581,4.867865
16.190774,-81.824400,-252.000000,12.390882,5.017450
16.710774,-81.824400,-252.000000,12.314651,4.919608
17.230774,-81.824400,-252.000000,12.378766,5.031519
17.750774,-81.824400,-252.000000,12.138530,4.874426
18.270774,-81.824400,-252.000000,12.677138,5.004995
18.790774,-81.824400,-252.000000,12.630534,4.997189
19.310774,-81.824400,-252.000000,12.301612,4.978157
19.830774,-81.824400,-252.000000,12.350495,4.965347
20.350774,-81.824400,-252.000000,12.327699,5.001488
20.870774,-81.824400,-252.000000,12.422816,4.966864
21.390774,-81.824400,-252.000000,12.216953,4.989344
21.910774,-81.824400,-252.000000,12.326111,5.023976
22.430774,-81.824400,-252.000000,12.408946,4.997480
22.950774,-81.824400,-252.000000,12.051162,4.990149
23.470774,-81.824400,-252.000000,12.433534,4.978393
23.990774,-81.824400,-252.000000,12.325184,5.037881
24.510774,-81.824400,-252.000000,12.555015,5.066283
25.030774,-81.824400,-252.000000,12.092269,4.944468
25.550774,-81.824400,-252.000000,12.398396,5.004121
26.070774,-81.824400,-252.000000,12.311904,4.972145
26.590774,-81.824400,-252.000000,12.404054,5.004396
27.110774,-81.824400,-252.000000,12.405130,5.031551
27.630774,-81.824400,-252.000000,12.340774,5.018044
28.150774,-81.824400,-252.000000,12.314300,4.945524
28.670774,-81.824400,-252.000000,12.255949,4.982490
29.190774,-81.824400,-252.000000,12.292850,4.983893
29.710774,-81.824400,-252.000000,12.405005,5.033020
30.230774,-81.824400,-252.000000,12.431468,4.974176
30.750774,-81.824400,-252.000000,12.482391,5.029885
31.270774,-81.824400,-252.000000,12.483507,5.052950
31.790774,-81.824400,-252.000000,12.344241,5.015904
32.310774,-81.824400,-252.000000,12.334493,5.035318
32.830774,-81.824400,-252.000000,12.302360,5.027878
33.350774,-81.824400,-252.000000,12.302680,5.008957
33.870774,-81.824400,-252.000000,12.249269,5.021812
34.390774,-81.824400,-252.000000,12.252194,5.004523
34.910774,-81.824400,-252.000000,12.626182,5.078518
35.430774,-81.824400,-252.000000,12.278748,5.001031
35.950774,-81.824400,-252.000000,12.307018,5.025519
36.470774,-81.824400,-252.000000,12.449347,4.997344
36.990774,-81.824400,-252.000000,12.055339,4.995891
37.510774,-81.824400,-252.000000,12.492537,5.024053
38.030774,-81.824400,-252.000000,12.466498,5.049569
38.550774,-81.824400,-252.000000,12.311061,5.123158
39.070774,-81.824400,-252.000000,12.220866,4.980725
39.590774,-81.824400,-252.000000,12.499107,5.044427
40.110774,-81.824400,-252.000000,12.474995,5.035958
40.630774,-81.824400,-252.000000,12.345564,5.052205
41.150774,-81.824400,-252.000000,12.259616,5.072650
41.670774,-81.824400,-252.000000,12.294580,5.061531
42.190774,-81.824400,-252.000000,12.404207,5.011176
42.710774,-81.824400,-252.000000,12.403602,5.080235
43.230774,-81.824400,-252.000000,12.513526,5.086757
43.750774,-81.824400,-252.000000,12.356778,5.028862
44.270774,-81.824400,-252.000000,12.218190,5.060463
44.790774,-81.824400,-252.000000,12.379329,4.995704
45.310774,-81.824400,-252.000000,12.324151,4.985733
45.830774,-81.824400,-252.000000,12.204604,5.041452
46.350774,-81.824400,-252.000000,12.025496,5.026741
46.870774,-81.824400,-252.000000,12.227538,5.070672
47.390774,-81.824400,-252.000000,12.294580,5.038030
47.910774,-81.824400,-252.000000,12.084037,5.020966
48.430774,-81.824400,-252.000000,12.442008,5.025530
48.950774,-81.824400,-252.000000,12.491873,5.051296
49.470774,-81.824400,-252.000000,12.265720,5.000085
49.990774,-81.824400,-252.000000,12.298825,5.029870
50.510774,-81.824400,-252.000000,12.321515,5.119357
51.030774,-81.824400,-252.000000,12.349003,5.063895
51.550774,-81.824400,-252.000000,12.330608,5.073779
52.070774,-81.824400,-252.000000,12.331601,5.037349
52.590774,-81.824400,-252.000000,12.089326,4.979623
53.110774,-81.824400,-252.000000,12.232161,5.083111
53.630774,-81.824400,-252.000000,12.527242,5.081857
54.150774,-81.824400,-252.000000,12.252248,4.998315
54.670774,-81.824400,-252.000000,12.542172,5.045868
55.190774,-81.824400,-252.000000,12.188021,5.008674
55.710774,-81.824400,-252.000000,12.463141,5.059714
56.230774,-81.824400,-252.000000,12.329097,5.003366
56.750774,-81.824400,-252.000000,12.218801,5.029888
57.270774,-81.824400,-252.000000,12.638293,5.024579
57.790774,-81.824400,-252.000000,12.670429,5.052172
58.310774,-81.824400,-252.000000,12.366498,5.072785
58.830774,-81.824400,-252.000000,12.283891,5.017688
59.350774,-81.824400,-252.000000,12.089293,5.022254
59.870774,-81.824400,-252.000000,12.399695,5.042629
60.390774,-81.824400,-252.000000,12.296102,5.052021
60.910774,-81.824400,-252.000000,12.499387,5.028360
61.430774,-81.824400,-252.000000,12.211235,5.058440
61.950774,-81.824400,-252.000000,12.387485,5.052343
62.470774,-81.824400,-252.000000,12.355631,5.098144
62.990774,-81.824400,-252.000000,12.341599,5.030805
63.510774,-81.824400,-252.000000,12.542212,5.083649
64.030774,-81.824400,-252.000000,12.548918,5.056277
64.550774,-81.824400,-252.000000,12.643115,5.133426
65.070774,-81.824400,-252.000000,12.496104,5.073039
65.590774,-81.824400,-252.000000,12.198216,5.002903
66.110774,-81.824400,-252.000000,12.213120,5.044386
66.630774,-81.824400,-252.000000,12.145488,4.979537
67.150774,-81.824400,-252.000000,12.452186,5.008343
67.670774,-81.824400,-252.000000,12.311955,5.006150
68.190774,-81.824400,-252.000000,12.298905,5.000862
68.710774,-81.824400,-252.000000,12.513303,5.060309
69.230774,-81.824400,-252.000000,12.382358,5.068997
69.750774,-81.824400,-252.000000,11.982321,4.950780
70.270774,-81.824400,-252.000000,12.212369,4.955763
70.790774,-81.824400,-252.000000,12.451533,5.034547
71.310774,-81.824400,-252.000000,12.298827,4.967879
71.830774,-81.824400,-252.000000,12.554534,5.054290
72.350774,-81.824400,-252.000000,12.436866,5.028615
72.870774,-81.824400,-252.000000,12.206301,5.027526
73.390774,-81.824400,-252.000000,12.468572,5.022251
73.910774,-81.824400,-252.000000,12.439313,4.999399
74.430774,-81.824400,-252.000000,12.408036,5.033176
74.950774,-81.824400,-252.000000,12.484866,5.049868
75.470774,-81.824400,-252.000000,12.222709,4.992655
75.990774,-81.824400,-252.000000,12.379130,4.996884
13.070774,-81.304400,-252.000000,12.243129,4.811508
75.990774,-81.304400,-252.000000,12.339808,4.997778
13.070774,-82.344400,-251.000000,12.335501,4.785806
13.590774,-82.344400,-251.000000,12.370158,4.840765
14.110774,-82.344400,-251.000000,12.338149,4.816100
14.630774,-82.344400,-251.000000,12.445532,4.923700
15.150774,-82.344400,-251.000000,12.255919,4.919071
15.670774,-82.344400,-251.000000,12.240126,4.834950
16.190774,-82.344400,-251.000000,12.134841,4.930089
16.710774,-82.344400,-251.000000,12.477854,4.952446
17.230774,-82.344400,-251.000000,12.391571,4.899383
17.750774,-82.344400,-251.000000,12.470225,4.970044
18.270774,-82.344400,-251.000000,12.280156,4.916105
18.790774,-82.344400,-251.000000,12.529234,5.005297
19.310774,-82.344400,-251.000000,12.462754,4.903813
19.830774,-82.344400,-251.000000,12.540870,4.972644
20.350774,-82.344400,-251.000000,12.480524,4.976548
20.870774,-82.344400,-251.000000,12.313293,5.003787
21.390774,-82.344400,-251.000000,12.246770,4.919212
21.910774,-82.344400,-251.000000,12.506770,4.988516
22.430774,-82.344400,-251.000000,12.358937,5.042599
22.950774,-82.344400,-251.000000,12.474669,4.947815
23.470774,-82.344400,-251.000000,12.438459,5.008586
23.990774,-82.344400,-251.000000,12.313129,5.007767
24.510774,-82.344400,-251.000000,12.390697,5.001620
25.030774,-82.344400,-251.000000,12.304224,4.966034
25.550774,-82.344400,-251.000000,12.374941,5.033514
26.070774,-82.344400,-251.000000,12.094325,5.001059
26.590774,-82.344400,-251.000000,12.446185,4.999880
27.110774,-82.344400,-251.000000,12.434057,5.043714
27.630774,-82.344400,-251.000000,12.237949,4.949882
28.150774,-82.344400,-251.000000,12.531953,5.027829
28.670774,-82.344400,-251.000000,12.336245,5.024390
29.190774,-82.344400,-251.000000,12.328773,5.032985
29.710774,-82.344400,-251.000000,12.537831,5.026080
30.230774,-82.344400,-251.000000,12.455939,5.007826
30.750774,-82.344400,-251.000000,12.228149,5.023828
31.270774,-82.344400,-251.000000,12.399634,5.044444
31.790774,-82.344400,-251.000000,12.291771,4.989994
32.310774,-82.344400,-251.000000,12.632885,5.043742
32.830774,-82.344400,-251.000000,12.471406,4.996247
33.350774,-82.344400,-251.000000,12.396644,5.010307
33.870774,-82.344400,-251.000000,12.168313,4.991740
34.390774,-82.344400,-251.000000,12.412215,5.011459
34.910774,-82.344400,-251.000000,12.367016,5.012026
35.430774,-82.344400,-251.000000,12.352027,5.016298
35.950774,-82.344400,-251.000000,12.232857,5.000131
36.470774,-82.344400,-251.000000,12.203937,4.989433
36.990774,-82.344400,-251.000000,12.274728,5.030382
37.510774,-82.344400,-251.000000,12.239710,5.019839
38.030774,-82.344400,-251.000000,12.125722,4.979007
38.550774,-82.344400,-251.000000,12.222404,4.979283
39.070774,-82.344400,-251.000000,12.274045,4.975656
39.590774,-82.344400,-251.000000,12.225940,5.006176
40.110774,-82.344400,-251.000000,12.297067,5.022682
40.630774,-82.344400,-251.000000,12.227038,5.027656
41.150774,-82.344400,-251.000000,12.411945,5.025245
41.670774,-82.344400,-251.000000,12.308875,4.991420
42.190774,-82.344400,-251.000000,12.160285,4.991028
42.710774,-82.344400,-251.000000,12.233733,5.043578
43.230774,-82.344400,-251.000000,12.401106,5.009470
43.750774,-82.344400,-251.000000,12.328830,5.084437
44.270774,-82.344400,-251.000000,12.385760,5.057606
44.790774,-82.344400,-251.000000,12.276600,5.043369
45.310774,-82.344400,-251.000000,12.477000,5.027633
45.830774,-82.344400,-251.000000,12.266276,5.020216
46.350774,-82.344400,-251.000000,12.282220,4.977446
46.870774,-82.344400,-251.000000,12.510764,5.009984
47.390774,-82.344400,-251.000000,12.371881,5.029273
47.910774,-82.344400,-251.000000,12.214213,5.027355
48.430774,-82.344400,-251.000000,12.249610,5.101393
48.950774,-82.344400,-251.000000,12.283989,5.048425
49.470774,-82.344400,-251.000000,12.606075,5.117696
49.990774,-82.344400,-251.000000,12.297292,5.012987
50.510774,-82.344400,-251.000000,12.329169,5.022440
51.030774,-82.344400,-251.000000,12.290176,5.070529
51.550774,-82.344400,-251.000000,12.122162,5.008670
52.070774,-82.344400,-251.000000,12.454917,5.064435
52.590774,-82.344400,-251.000000,12.328726,5.016862
53.110774,-82.344400,-251.000000,12.263667,5.012534
53.630774,-82.344400,-251.000000,12.274873,4.944464
54.150774,-82.344400,-251.000000,12.443153,5.052149
54.670774,-82.344400,-251.000000,12.232514,5.019333
55.190774,-82.344400,-251.000000,12.274371,5.019741
55.710774,-82.344400,-251.000000,12.380987,5.023868
56.230774,-82.344400,-251.000000,12.634929,5.059244
56.750774,-82.344400,-251.000000,12.547117,5.078616
57.270774,-82.344400,-251.000000,12.279491,5.071499
57.790774,-82.344400,-251.000000,12.275556,5.035855
58.310774,-82.344400,-251.000000,12.517145,5.052339
58.830774,-82.344400,-251.000000,12.537760,4.994422
59.350774,-82.344400,-251.000000,12.412163,5.016249
59.870774,-82.344400,-251.000000,12.548973,5.048918
60.390774,-82.344400,-251.000000,12.384098,5.076549
60.910774,-82.344400,-251.000000,12.611359,5.039854
61.430774,-82.344400,-251.000000,12.358524,5.034889
61.950774,-82.344400,-251.000000,12.544855,5.045151
62.470774,-82.344400,-251.000000,12.424654,5.047055
62.990774,-82.344400,-251.000000,12.451919,5.058685
63.510774,-82.344400,-251.000000,12.259013,4.968129
64.030774,-82.344400,-251.000000,12.560352,5.028180
64.550774,-82.344400,-251.000000,12.400208,5.049356
65.070774,-82.344400,-251.000000,12.539979,5.038977
65.590774,-82.344400,-251.000000,12.390437,5.016532
66.110774,-82.344400,-251.000000,12.315810,4.979849
66.630774,-82.344400,-251.000000,12.089928,4.990095
67.150774,-82.344400,-251.000000,12.508459,5.060188
67.670774,-82.344400,-251.000000,12.368253,5.042552
68.190774,-82.344400,-251.000000,12.567562,5.023911
68.710774,-82.344400,-251.000000,12.264711,4.962379
69.230774,-82.344400,-251.000000,12.116179,4.991229
69.750774,-82.344400,-251.000000,12.151869,4.985098
70.270774,-82.344400,-251.000000,12.485128,5.133811
70.790774,-82.344400,-251.000000,12.604812,5.016659
71.310774,-82.344400,-251.000000,12.397986,5.041784
71.830774,-82.344400,-251.000000,12.428168,5.058986
72.350774,-82.344400,-251.000000,12.482484,5.028529
72.870774,-82.344400,-251.000000,12.246060,5.013141
73.390774,-82.344400,-251.000000,12.571722,5.063252
73.910774,-82.344400,-251.000000,12.246162,4.991458
74.430774,-82.344400,-251.000000,12.164417,4.970238
74.950774,-82.344400,-251.000000,12.336660,4.953414
75.470774,-82.344400,-251.000000,12.417632,5.029924
13.070774,-81.824400,-251.000000,12.329420,4.798434
13.590774,-81.824400,-251.000000,12.420739,4.850030
14.110774,-81.824400,-251.000000,12.268088,4.817486
14.630774,-81.824400,-251.000000,12.410941,4.923500
15.150774,-81.824400,-251.000000,12.247069,4.910191
15.670774,-81.824400,-251.000000,12.236369,4.842306
16.190774,-81.824400,-251.000000,12.164662,4.916386
16.710774,-81.824400,-251.000000,12.450179,4.967866
17.230774,-81.824400,-251.000000,12.366096,4.881806
17.750774,-81.824400,-251.000000,12.491865,4.976020
18.270774,-81.824400,-251.000000,12.270434,4.909886
18.790774,-81.824400,-251.000000,12.546970,4.992463
19.310774,-81.824400,-251.000000,12.471692,4.914208
19.830774,-81.824400,-251.000000,12.496062,4.970402
20.350774,-81.824400,-251.000000,12.434115,4.973249
20.870774,-81.824400,-251.000000,12.342723,5.021434
21.390774,-81.824400,-251.000000,12.276358,4.948727
21.910774,-81.824400,-251.000000,12.467431,4.999870
22.430774,-81.824400,-251.000000,12.289092,5.017745
22.950774,-81.824400,-251.000000,12.484837,4.946945
23.470774,-81.824400,-251.000000,12.419534,4.993483
23.990774,-81.824400,-251.000000,12.321441,5.025583
24.510774,-81.824400,-251.000000,12.326359,5.008441
25.030774,-81.824400,-251.000000,12.314726,4.962799
25.550774,-81.824400,-251.000000,12.320609,5.044653
26.070774,-81.824400,-251.000000,12.175227,4.989413
26.590774,-81.824400,-251.000000,12.381788,5.027229
27.110774,-81.824400,-251.000000,12.452787,5.062670
27.630774,-81.824400,-251.000000,12.273434,4.945369
28.150774,-81.824400,-251.000000,12.449936,4.988750
28.670774,-81.824400,-251.000000,12.359515,5.029604
29.190774,-81.824400,-251.000000,12.349327,5.039906
29.710774,-81.824400,-251.000000,12.410419,5.020731
30.230774,-81.824400,-251.000000,12.522729,5.009334
30.750774,-81.824400,-251.000000,12.247025,5.035046
31.270774,-81.824400,-251.000000,12.368251,5.062010
31.790774,-81.824400,-251.000000,12.216851,4.996390
32.310774,-81.824400,-251.000000,12.602103,5.036494
32.830774,-81.824400,-251.000000,12.493983,5.007726
33.350774,-81.824400,-251.000000,12.399215,5.012768
33.870774,-81.824400,-251.000000,12.123470,4.998495
34.390774,-81.824400,-251.000000,12.406291,5.006776
34.910774,-81.824400,-251.000000,12.386322,5.039449
35.430774,-81.824400,-251.000000,12.433966,5.019408
35.950774,-81.824400,-251.000000,12.272019,5.009763
36.470774,-81.824400,-251.000000,12.189795,4.987652
36.990774,-81.824400,-251.000000,12.260042,5.030456
37.510774,-81.824400,-251.000000,12.254472,5.040740
38.030774,-81.824400,-251.000000,12.107078,4.970364
38.550774,-81.824400,-251.000000,12.200518,4.986872
39.070774,-81.824400,-251.000000,12.311252,4.983202
39.590774,-81.824400,-251.000000,12.197795,5.000827
40.110774,-81.824400,-251.000000,12.338920,5.049644
40.630774,-81.824400,-251.000000,12.244076,5.041942
41.150774,-81.824400,-251.000000,12.363306,5.018638
41.670774,-81.824400,-251.000000,12.374133,5.010266
42.190774,-81.824400,-251.000000,12.092628,5.007658
42.710774,-81.824400,-251.000000,12.330688,5.063922
43.230774,-81.824400,-251.000000,12.373001,5.005073
43.750774,-81.824400,-251.000000,12.343496,5.100497
44.270774,-81.824400,-251.000000,12.251193,5.051365
44.790774,-81.824400,-251.000000,12.279818,5.047832
45.310774,-81.824400,-251.000000,12.486732,5.043131
45.830774,-81.824400,-251.000000,12.259892,5.010431
46.350774,-81.824400,-251.000000,12.253577,4.989277
46.870774,-81.824400,-251.000000,12.433914,5.005723
47.390774,-81.824400,-251.000000,12.383152,5.031287
47.910774,-81.824400,-251.000000,12.320244,5.041221
48.430774,-81.824400,-251.000000,12.219780,5.089130
48.950774,-81.824400,-251.000000,12.251716,5.074335
49.470774,-81.824400,-251.000000,12.552475,5.094265
49.990774,-81.824400,-251.000000,12.258243,5.031765
50.510774,-81.824400,-251.000000,12.360425,5.011241
51.030774,-81.824400,-251.000000,12.301081,5.061623
51.550774,-81.824400,-251.000000,12.113803,5.029216
52.070774,-81.824400,-251.000000,12.448927,5.066003
52.590774,-81.824400,-251.000000,12.287305,5.018838
53.110774,-81.824400,-251.000000,12.225290,5.025941
53.630774,-81.824400,-251.000000,12.347413,4.983588
54.150774,-81.824400,-251.000000,12.306070,5.044049
54.670774,-81.824400,-251.000000,12.304160,5.028427
55.190774,-81.824400,-251.000000,12.278088,5.031340
55.710774,-81.824400,-251.000000,12.397861,5.037971
56.230774,-81.824400,-251.000000,12.554245,5.069661
56.750774,-81.824400,-251.000000,12.507692,5.108983
57.270774,-81.824400,-251.000000,12.317607,5.078341
57.790774,-81.824400,-251.000000,12.163822,5.021257
58.310774,-81.824400,-251.000000,12.520959,5.047591
58.830774,-81.824400,-251.000000,12.492855,5.020151
59.350774,-81.824400,-251.000000,12.480121,5.018425
59.870774,-81.824400,-251.000000,12.381884,5.021583
60.390774,-81.824400,-251.000000,12.455786,5.090179
60.910774,-81.824400,-251.000000,12.604114,5.054115
61.430774,-81.824400,-251.000000,12.305984,5.041664
61.950774,-81.824400,-251.000000,12.524871,5.037013
62.470774,-81.824400,-251.000000,12.384689,5.040505
62.990774,-81.824400,-251.000000,12.414605,5.046698
63.510774,-81.824400,-251.000000,12.157245,4.974874
64.030774,-81.824400,-251.000000,12.703802,5.046544
64.550774,-81.824400,-251.000000,12.278804,5.020652
65.070774,-81.824400,-251.000000,12.596339,5.058306
65.590774,-81.824400,-251.000000,12.448672,5.027857
66.110774,-81.824400,-251.000000,12.305522,4.974765
66.630774,-81.824400,-251.000000,12.008869,4.998038
67.150774,-81.824400,-251.000000,12.598679,5.080293
67.670774,-81.824400,-251.000000,12.397774,5.050638
68.190774,-81.824400,-251.000000,12.482223,5.001855
68.710774,-81.824400,-251.000000,12.260399,4.960066
69.230774,-81.824400,-251.000000,12.135452,4.996097
69.750774,-81.824400,-251.000000,12.186690,4.980773
70.270774,-81.824400,-251.000000,12.485132,5.132912
70.790774,-81.824400,-251.000000,12.571109,5.020434
71.310774,-81.824400,-251.000000,12.321006,5.022895
71.830774,-81.824400,-251.000000,12.370445,5.062586
72.350774,-81.824400,-251.000000,12.458808,5.051892
72.870774,-81.824400,-251.000000,12.203320,5.031541
73.390774,-81.824400,-251.000000,12.563746,5.070344
73.910774,-81.824400,-251.000000,12.199541,4.985324
74.430774,-81.824400,-251.000000,12.215509,4.980982
74.950774,-81.824400,-251.000000,12.333385,4.970466
75.470774,-81.824400,-251.000000,12.452662,5.035268
75.990774,-81.824400,-251.000000,12.208237,5.004761
74.430774,-81.304400,-251.000000,12.219378,5.006241
74.950774,-81.304400,-251.000000,12.270721,4.982449
75.470774,-81.304400,-251.000000,12.393252,5.044617
13.070774,-82.344400,-250.000000,12.298594,4.730985
13.590774,-82.344400,-250.000000,12.489177,4.796147
14.110774,-82.344400,-250.000000,12.423366,4.821604
14.630774,-82.344400,-250.000000,12.230361,4.838919
15.150774,-82.344400,-250.000000,12.317782,4.919375
15.670774,-82.344400,-250.000000,12.406774,4.936973
16.190774,-82.344400,-250.000000,12.656225,4.893449
16.710774,-82.344400,-250.000000,12.337802,4.844106
17.230774,-82.344400,-250.000000,12.530873,4.920947
17.750774,-82.344400,-250.000000,12.248939,4.916560
18.270774,-82.344400,-250.000000,12.497650,4.952303
18.790774,-82.344400,-250.000000,12.373870,4.970838
19.310774,-82.344400,-250.000000,12.187935,4.895482
19.830774,-82.344400,-250.000000,12.377594,5.016871
20.350774,-82.344400,-250.000000,12.266166,4.913100
20.870774,-82.344400,-250.000000,12.124613,4.955982
21.390774,-82.344400,-250.000000,12.290843,5.019626
21.910774,-82.344400,-250.000000,12.311893,4.971714
22.430774,-82.344400,-250.000000,12.296912,4.940160
22.950774,-82.344400,-250.000000,12.082747,4.930140
23.470774,-82.344400,-250.000000,12.069206,4.952416
23.990774,-82.344400,-250.000000,12.280108,4.998845
24.510774,-82.344400,-250.000000,12.274157,4.969740
25.030774,-82.344400,-250.000000,12.277865,4.950684
25.550774,-82.344400,-250.000000,12.442115,4.993455
26.070774,-82.344400,-250.000000,12.492481,5.017798
26.590774,-82.344400,-250.000000,12.376767,4.995052
27.110774,-82.344400,-250.000000,12.308360,5.040114
27.630774,-82.344400,-250.000000,12.378161,5.013945
28.150774,-82.344400,-250.000000,12.425950,5.018543
28.670774,-82.344400,-250.000000,12.591722,5.038292
29.190774,-82.344400,-250.000000,12.103959,5.011369
29.710774,-82.344400,-250.000000,12.271976,4.986489
30.230774,-82.344400,-250.000000,12.407062,4.993564
30.750774,-82.344400,-250.000000,12.481244,5.107294
31.270774,-82.344400,-250.000000,12.205631,4.994900
31.790774,-82.344400,-250.000000,12.415507,5.014132
32.310774,-82.344400,-250.000000,12.272216,5.033587
32.830774,-82.344400,-250.000000,12.202337,4.998469
33.350774,-82.344400,-250.000000,12.473283,5.041949
33.870774,-82.344400,-250.000000,12.202250,5.042530
34.390774,-82.344400,-250.000000,12.238612,5.020645
34.910774,-82.344400,-250.000000,12.428278,5.065293
35.430774,-82.344400,-250.000000,12.544006,5.086437
35.950774,-82.344400,-250.000000,12.189271,5.027702
36.470774,-82.344400,-250.000000,12.321705,4.993253
36.990774,-82.344400,-250.000000,12.350838,5.041947
37.510774,-82.344400,-250.000000,12.330302,5.043509
38.030774,-82.344400,-250.000000,12.235042,5.021563
38.550774,-82.344400,-250.000000,12.311286,5.005832
39.070774,-82.344400,-250.000000,12.420078,5.056848
39.590774,-82.344400,-250.000000,12.381735,5.044909
40.110774,-82.344400,-250.000000,12.501405,5.037483
40.630774,-82.344400,-250.000000,12.198144,4.985956
41.150774,-82.344400,-250.000000,12.416120,5.039383
41.670774,-82.344400,-250.000000,12.472950,5.009264
42.190774,-82.344400,-250.000000,12.372161,5.033181
42.710774,-82.344400,-250.000000,12.342031,5.037524
43.230774,-82.344400,-250.000000,12.332428,5.080801
43.750774,-82.344400,-250.000000,12.469740,5.025263
44.270774,-82.344400,-250.000000,12.349544,4.991749
44.790774,-82.344400,-250.000000,12.323583,5.038898
45.310774,-82.344400,-250.000000,12.005034,5.004364
45.830774,-82.344400,-250.000000,12.305756,5.000300
46.350774,-82.344400,-250.000000,12.310807,5.036868
46.870774,-82.344400,-250.000000,12.279454,5.070835
47.390774,-82.344400,-250.000000,12.296272,5.051111
47.910774,-82.344400,-250.000000,12.264667,5.005774
48.430774,-82.344400,-250.000000,12.391725,5.034735
48.950774,-82.344400,-250.000000,12.388157,5.020155
49.470774,-82.344400,-250.000000,12.436667,5.058959
49.990774,-82.344400,-250.000000,12.295198,5.058986
50.510774,-82.344400,-250.000000,12.356291,5.049321
51.030774,-82.344400,-250.000000,12.525262,5.047413
51.550774,-82.344400,-250.000000,12.570809,5.069619
52.070774,-82.344400,-250.000000,12.277059,5.038376
52.590774,-82.344400,-250.000000,12.388136,5.034828
53.110774,-82.344400,-250.000000,12.444169,5.028830
53.630774,-82.344400,-250.000000,12.122089,5.054848
54.150774,-82.344400,-250.000000,12.210093,4.998215
54.670774,-82.344400,-250.000000,11.973575,4.945838
55.190774,-82.344400,-250.000000,12.296516,5.006074
55.710774,-82.344400,-250.000000,12.634144,5.072424
56.230774,-82.344400,-250.000000,12.214176,5.001624
56.750774,-82.344400,-250.000000,12.492624,5.056676
57.270774,-82.344400,-250.000000,12.343160,5.022428
57.790774,-82.344400,-250.000000,12.475677,5.071092
58.310774,-82.344400,-250.000000,12.232232,5.023917
58.830774,-82.344400,-250.000000,12.339992,5.025491
59.350774,-82.344400,-250.000000,12.298156,5.011062
59.870774,-82.344400,-250.000000,12.249091,5.020709
60.390774,-82.344400,-250.000000,12.470809,5.022693
60.910774,-82.344400,-250.000000,12.390203,5.005024
61.430774,-82.344400,-250.000000,12.421391,5.061642
61.950774,-82.344400,-250.000000,12.638002,5.106487
62.470774,-82.344400,-250.000000,12.524959,5.084265
62.990774,-82.344400,-250.000000,12.175176,5.003711
63.510774,-82.344400,-250.000000,12.438208,5.038245
64.030774,-82.344400,-250.000000,12.294323,5.034672
64.550774,-82.344400,-250.000000,12.245311,5.019103
65.070774,-82.344400,-250.000000,12.419080,5.009646
65.590774,-82.344400,-250.000000,12.230384,4.969563
66.110774,-82.344400,-250.000000,12.372686,5.013264
66.630774,-82.344400,-250.000000,12.195045,4.964804
67.150774,-82.344400,-250.000000,12.498434,5.061566
67.670774,-82.344400,-250.000000,12.145326,4.976980
68.190774,-82.344400,-250.000000,12.231757,4.968780
68.710774,-82.344400,-250.000000,12.288551,4.972042
69.230774,-82.344400,-250.000000,12.303738,5.005597
69.750774,-82.344400,-250.000000,12.384118,5.009558
70.270774,-82.344400,-250.000000,12.401370,5.022074
70.790774,-82.344400,-250.000000,12.360564,5.019153
71.310774,-82.344400,-250.000000,12.247123,5.001083
71.830774,-82.344400,-250.000000,12.232778,4.954768
72.350774,-82.344400,-250.000000,12.276620,4.981544
72.870774,-82.344400,-250.000000,12.239350,4.995839
13.070774,-81.824400,-250.000000,12.334335,4.741889
13.590774,-81.824400,-250.000000,12.518521,4.799165
14.110774,-81.824400,-250.000000,12.374274,4.815653
14.630774,-81.824400,-250.000000,12.280062,4.853897
15.150774,-81.824400,-250.000000,12.263166,4.907905
15.670774,-81.824400,-250.000000,12.397808,4.952398
16.190774,-81.824400,-250.000000,12.682634,4.930474
16.710774,-81.824400,-250.000000,12.262088,4.827203
17.230774,-81.824400,-250.000000,12.506573,4.942153
17.750774,-81.824400,-250.000000,12.222738,4.898850
18.270774,-81.824400,-250.000000,12.446494,4.964201
18.790774,-81.824400,-250.000000,12.354663,4.985788
19.310774,-81.824400,-250.000000,12.189198,4.908738
19.830774,-81.824400,-250.000000,12.335866,5.012512
20.350774,-81.824400,-250.000000,12.269341,4.937848
20.870774,-81.824400,-250.000000,12.147990,4.950408
21.390774,-81.824400,-250.000000,12.168310,5.024714
21.910774,-81.824400,-250.000000,12.253108,4.974530
22.430774,-81.824400,-250.000000,12.261672,4.948825
22.950774,-81.824400,-250.000000,12.057602,4.940321
23.470774,-81.824400,-250.000000,12.119167,4.961429
23.990774,-81.824400,-250.000000,12.278231,5.010511
24.510774,-81.824400,-250.000000,12.356469,4.977019
25.030774,-81.824400,-250.000000,12.275550,4.968277
25.550774,-81.824400,-250.000000,12.342566,4.985562
26.070774,-81.824400,-250.000000,12.500222,5.039414
26.590774,-81.824400,-250.000000,12.368078,4.981790
27.110774,-81.824400,-250.000000,12.253158,5.037764
27.630774,-81.824400,-250.000000,12.444684,5.030174
28.150774,-81.824400,-250.000000,12.476806,5.029231
28.670774,-81.824400,-250.000000,12.494018,5.042881
29.190774,-81.824400,-250.000000,12.147872,5.023144
29.710774,-81.824400,-250.000000,12.245156,4.972139
30.230774,-81.824400,-250.000000,12.338313,5.004401
30.750774,-81.824400,-250.000000,12.455014,5.096861
31.270774,-81.824400,-250.000000,12.254668,5.027592
31.790774,-81.824400,-250.000000,12.366017,5.011789
32.310774,-81.824400,-250.000000,12.333812,5.045875
32.830774,-81.824400,-250.000000,12.185210,4.992430
33.350774,-81.824400,-250.000000,12.451781,5.037128
33.870774,-81.824400,-250.000000,12.267245,5.031758
34.390774,-81.824400,-250.000000,12.174314,5.020590
34.910774,-81.824400,-250.000000,12.418996,5.072581
35.430774,-81.824400,-250.000000,12.512053,5.066566
35.950774,-81.824400,-250.000000,12.151214,5.044884
36.470774,-81.824400,-250.000000,12.356244,5.004100
36.990774,-81.824400,-250.000000,12.300479,5.037454
37.510774,-81.824400,-250.000000,12.343902,5.055462
38.030774,-81.824400,-250.000000,12.203986,5.030685
38.550774,-81.824400,-250.000000,12.289721,5.003475
39.070774,-81.824400,-250.000000,12.376858,5.061184
39.590774,-81.824400,-250.000000,12.323530,5.047276
40.110774,-81.824400,-250.000000,12.444229,5.039150
40.630774,-81.824400,-250.000000,12.214486,4.993102
41.150774,-81.824400,-250.000000,12.379599,5.027971
41.670774,-81.824400,-250.000000,12.414087,5.011600
42.190774,-81.824400,-250.000000,12.318695,5.026837
42.710774,-81.824400,-250.000000,12.299973,5.041377
43.230774,-81.824400,-250.000000,12.294773,5.085721
43.750774,-81.824400,-250.000000,12.452781,5.024774
44.270774,-81.824400,-250.000000,12.394358,5.017359
44.790774,-81.824400,-250.000000,12.268319,5.022933
45.310774,-81.824400,-250.000000,12.000721,5.044402
45.830774,-81.824400,-250.000000,12.320762,5.021489
46.350774,-81.824400,-250.000000,12.365039,5.030760
46.870774,-81.824400,-250.000000,12.291660,5.067597
47.390774,-81.824400,-250.000000,12.299388,5.040833
47.910774,-81.824400,-250.000000,12.241188,5.009479
48.430774,-81.824400,-250.000000,12.323230,5.013052
48.950774,-81.824400,-250.000000,12.443833,5.043416
49.470774,-81.824400,-250.000000,12.455269,5.087617
49.990774,-81.824400,-250.000000,12.299389,5.045921
50.510774,-81.824400,-250.000000,12.389880,5.062802
51.030774,-81.824400,-250.000000,12.463390,5.056841
51.550774,-81.824400,-250.000000,12.519540,5.061481
52.070774,-81.824400,-250.000000,12.314166,5.039931
52.590774,-81.824400,-250.000000,12.340600,5.043701
53.110774,-81.824400,-250.000000,12.442530,5.033628
53.630774,-81.824400,-250.000000,12.154308,5.054778
54.150774,-81.824400,-250.000000,12.253882,5.008831
54.670774,-81.824400,-250.000000,11.929419,4.925815
55.190774,-81.824400,-250.000000,12.304801,5.029179
55.710774,-81.824400,-250.000000,12.635741,5.059316
56.230774,-81.824400,-250.000000,12.264107,5.009880
56.750774,-81.824400,-250.000000,12.461648,5.058809
57.270774,-81.824400,-250.000000,12.258926,5.011609
57.790774,-81.824400,-250.000000,12.518943,5.077517
58.310774,-81.824400,-250.000000,12.249492,5.030162
58.830774,-81.824400,-250.000000,12.344302,5.032695
59.350774,-81.824400,-250.000000,12.160382,4.993785
59.870774,-81.824400,-250.000000,12.269468,5.052262
60.390774,-81.824400,-250.000000,12.452171,5.031489
60.910774,-81.824400,-250.000000,12.450005,5.025901
61.430774,-81.824400,-250.000000,12.389280,5.061883
61.950774,-81.824400,-250.000000,12.593082,5.108428
62.470774,-81.824400,-250.000000,12.495788,5.068053
62.990774,-81.824400,-250.000000,12.207820,5.027196
63.510774,-81.824400,-250.000000,12.493020,5.043973
64.030774,-81.824400,-250.000000,12.212333,5.027539
64.550774,-81.824400,-250.000000,12.312037,5.034626
65.070774,-81.824400,-250.000000,12.368838,4.994559
65.590774,-81.824400,-250.000000,12.222402,4.973350
66.110774,-81.824400,-250.000000,12.333441,5.009392
66.630774,-81.824400,-250.000000,12.133059,4.966146
67.150774,-81.824400,-250.000000,12.487503,5.064916
67.670774,-81.824400,-250.000000,12.106165,4.966824
68.190774,-81.824400,-250.000000,12.261182,4.993776
68.710774,-81.824400,-250.000000,12.219148,4.957303
69.230774,-81.824400,-250.000000,12.379901,5.039299
69.750774,-81.824400,-250.000000,12.368892,5.021993
70.270774,-81.824400,-250.000000,12.399116,5.021179
70.790774,-81.824400,-250.000000,12.270911,5.024358
71.310774,-81.824400,-250.000000,12.276367,5.024201
71.830774,-81.824400,-250.000000,12.260350,4.961156
72.350774,-81.824400,-250.000000,12.170547,4.966536
72.870774,-81.824400,-250.000000,12.278518,5.025143
73.390774,-81.824400,-250.000000,12.386435,5.021323
73.910774,-81.824400,-250.000000,12.450442,5.036921
13.070774,-81.304400,-250.000000,12.294169,4.762958
71.830774,-81.304400,-250.000000,12.194411,4.988928
72.870774,-81.304400,-250.000000,12.281074,5.039417
13.070774,-82.344400,-249.000000,12.190543,4.780285
13.590774,-82.344400,-249.000000,12.468912,4.835999
14.110774,-82.344400,-249.000000,12.141620,4.752316
14.630774,-82.344400,-249.000000,12.441965,4.843086
15.150774,-82.344400,-249.000000,12.417903,4.881350
15.670774,-82.344400,-249.000000,12.469897,4.893116
16.190774,-82.344400,-249.000000,12.361667,4.899590
16.710774,-82.344400,-249.000000,12.674562,4.953432
17.230774,-82.344400,-249.000000,12.331077,4.949953
17.750774,-82.344400,-249.000000,12.402831,4.963047
18.270774,-82.344400,-249.000000,12.051732,4.962826
18.790774,-82.344400,-249.000000,12.273953,4.950472
19.310774,-82.344400,-249.000000,12.331458,4.943470
19.830774,-82.344400,-249.000000,12.366348,4.995707
20.350774,-82.344400,-249.000000,12.444219,4.880085
20.870774,-82.344400,-249.000000,12.435878,4.949125
21.390774,-82.344400,-249.000000,12.299735,4.995118
21.910774,-82.344400,-249.000000,12.397677,4.948763
22.430774,-82.344400,-249.000000,12.350543,5.001101
22.950774,-82.344400,-249.000000,12.376197,4.949923
23.470774,-82.344400,-249.000000,12.304075,4.941310
23.990774,-82.344400,-249.000000,12.232071,5.039910
24.510774,-82.344400,-249.000000,12.361418,5.019134
25.030774,-82.344400,-249.000000,12.400675,4.984605
25.550774,-82.344400,-249.000000,12.356009,5.003739
26.070774,-82.344400,-249.000000,12.307788,4.963081
26.590774,-82.344400,-249.000000,12.207323,4.969171
27.110774,-82.344400,-249.000000,12.440745,5.027594
27.630774,-82.344400,-249.000000,12.312602,4.986122
28.150774,-82.344400,-249.000000,12.323647,4.978098
28.670774,-82.344400,-249.000000,12.233493,5.007183
29.190774,-82.344400,-249.000000,12.378264,5.015442
29.710774,-82.344400,-249.000000,12.301410,5.051460
30.230774,-82.344400,-249.000000,12.425466,4.998767
30.750774,-82.344400,-249.000000,12.074875,5.008696
31.270774,-82.344400,-249.000000,12.459598,4.937399
31.790774,-82.344400,-249.000000,12.294580,5.015331
32.310774,-82.344400,-249.000000,12.442206,5.059973
32.830774,-82.344400,-249.000000,12.286711,4.987165
33.350774,-82.344400,-249.000000,12.087546,4.920153
33.870774,-82.344400,-249.000000,12.307166,4.998293
34.390774,-82.344400,-249.000000,12.358917,5.018352
34.910774,-82.344400,-249.000000,12.344668,4.995263
35.430774,-82.344400,-249.000000,12.187069,4.990009
35.950774,-82.344400,-249.000000,12.477024,5.001791
36.470774,-82.344400,-249.000000,12.307172,5.065215
36.990774,-82.344400,-249.000000,12.297180,5.012301
37.510774,-82.344400,-249.000000,12.319647,5.005558
38.030774,-82.344400,-249.000000,12.411757,5.023682
38.550774,-82.344400,-249.000000,12.380900,5.047137
39.070774,-82.344400,-249.000000,12.582883,5.010898
39.590774,-82.344400,-249.000000,12.441497,5.060310
40.110774,-82.344400,-249.000000,12.368701,5.021857
40.630774,-82.344400,-249.000000,12.441295,4.993154
41.150774,-82.344400,-249.000000,12.412196,5.018260
41.670774,-82.344400,-249.000000,12.195656,4.975259
42.190774,-82.344400,-249.000000,12.410560,5.018507
42.710774,-82.344400,-249.000000,12.121029,4.979012
43.230774,-82.344400,-249.000000,12.451658,5.009021
43.750774,-82.344400,-249.000000,12.173967,5.003894
44.270774,-82.344400,-249.000000,12.481676,5.027462
44.790774,-82.344400,-249.000000,12.235335,5.010853
45.310774,-82.344400,-249.000000,12.465417,5.008434
45.830774,-82.344400,-249.000000,12.358835,5.007730
46.350774,-82.344400,-249.000000,12.320323,5.011377
46.870774,-82.344400,-249.000000,12.544670,5.052434
47.390774,-82.344400,-249.000000,12.250454,4.995197
47.910774,-82.344400,-249.000000,12.385103,5.068718
48.430774,-82.344400,-249.000000,12.190383,5.010701
48.950774,-82.344400,-249.000000,12.320611,5.020873
49.470774,-82.344400,-249.000000,12.239158,4.977365
49.990774,-82.344400,-249.000000,12.354104,5.057401
50.510774,-82.344400,-249.000000,12.409450,5.004496
51.030774,-82.344400,-249.000000,12.247296,5.015935
51.550774,-82.344400,-249.000000,12.185569,4.986915
52.070774,-82.344400,-249.000000,12.271948,4.985290
52.590774,-82.344400,-249.000000,12.604778,5.072099
53.110774,-82.344400,-249.000000,12.125872,5.071831
53.630774,-82.344400,-249.000000,12.275628,5.010925
54.150774,-82.344400,-249.000000,12.490616,5.059002
54.670774,-82.344400,-249.000000,12.419593,5.043162
55.190774,-82.344400,-249.000000,12.323187,5.031331
55.710774,-82.344400,-249.000000,12.390918,5.007531
56.230774,-82.344400,-249.000000,12.473685,5.073936
56.750774,-82.344400,-249.000000,12.296210,4.995711
57.270774,-82.344400,-249.000000,12.337623,5.060119
57.790774,-82.344400,-249.000000,12.270556,4.997680
58.310774,-82.344400,-249.000000,12.537728,5.080179
58.830774,-82.344400,-249.000000,12.253296,4.953516
59.350774,-82.344400,-249.000000,12.445373,4.999240
59.870774,-82.344400,-249.000000,12.447852,5.014203
60.390774,-82.344400,-249.000000,12.443628,5.036298
60.910774,-82.344400,-249.000000,12.658607,5.017903
61.430774,-82.344400,-249.000000,12.153270,4.976643
61.950774,-82.344400,-249.000000,12.296404,4.981357
62.470774,-82.344400,-249.000000,12.231579,4.967409
62.990774,-82.344400,-249.000000,12.666803,5.003188
63.510774,-82.344400,-249.000000,12.558616,5.056350
64.030774,-82.344400,-249.000000,12.293646,5.042207
64.550774,-82.344400,-249.000000,12.299908,4.983685
65.070774,-82.344400,-249.000000,12.226888,5.095397
65.590774,-82.344400,-249.000000,12.298473,5.015852
66.110774,-82.344400,-249.000000,12.205586,5.015018
66.630774,-82.344400,-249.000000,12.304416,4.966145
67.150774,-82.344400,-249.000000,12.426548,4.990448
67.670774,-82.344400,-249.000000,12.370540,4.981515
68.190774,-82.344400,-249.000000,12.382209,4.989248
68.710774,-82.344400,-249.000000,12.068282,4.993625
69.230774,-82.344400,-249.000000,12.387114,5.035780
69.750774,-82.344400,-249.000000,12.717588,5.011281
70.270774,-82.344400,-249.000000,12.469569,5.035266
70.790774,-82.344400,-249.000000,12.289159,4.968062
13.070774,-81.824400,-249.000000,12.160875,4.780409
13.590774,-81.824400,-249.000000,12.428016,4.826534
14.110774,-81.824400,-249.000000,12.172153,4.784647
14.630774,-81.824400,-249.000000,12.428880,4.848709
15.150774,-81.824400,-249.000000,12.443492,4.891418
15.670774,-81.824400,-249.000000,12.462171,4.900027
16.190774,-81.824400,-249.000000,12.380927,4.912825
16.710774,-81.824400,-249.000000,12.673917,4.949790
17.230774,-81.824400,-249.000000,12.313350,4.949906
17.750774,-81.824400,-249.000000,12.380916,4.962137
18.270774,-81.824400,-249.000000,12.029994,4.953847
18.790774,-81.824400,-249.000000,12.294084,4.965973
19.310774,-81.824400,-249.000000,12.357280,4.943949
19.830774,-81.824400,-249.000000,12.318493,4.992921
20.350774,-81.824400,-249.000000,12.401458,4.882770
20.870774,-81.824400,-249.000000,12.427162,4.956488
21.390774,-81.824400,-249.000000,12.322661,4.997976
21.910774,-81.824400,-249.000000,12.379695,4.947275
22.430774,-81.824400,-249.000000,12.420797,5.006434
22.950774,-81.824400,-249.000000,12.315921,4.963417
23.470774,-81.824400,-249.000000,12.329648,4.939844
23.990774,-81.824400,-249.000000,12.196959,5.038542
24.510774,-81.824400,-249.000000,12.342112,5.017543
25.030774,-81.824400,-249.000000,12.429743,4.977225
25.550774,-81.824400,-249.000000,12.352401,5.022851
26.070774,-81.824400,-249.000000,12.335360,4.968447
26.590774,-81.824400,-249.000000,12.194366,4.970600
27.110774,-81.824400,-249.000000,12.390648,5.033408
27.630774,-81.824400,-249.000000,12.276255,4.981429
28.150774,-81.824400,-249.000000,12.237095,4.971794
28.670774,-81.824400,-249.000000,12.237667,5.023944
29.190774,-81.824400,-249.000000,12.407111,5.014717
29.710774,-81.824400,-249.000000,12.284711,5.045949
30.230774,-81.824400,-249.000000,12.434371,4.970665
30.750774,-81.824400,-249.000000,12.069625,5.009543
31.270774,-81.824400,-249.000000,12.367710,4.927335
31.790774,-81.824400,-249.000000,12.301682,5.038488
32.310774,-81.824400,-249.000000,12.384757,5.061194
32.830774,-81.824400,-249.000000,12.335017,4.998937
33.350774,-81.824400,-249.000000,12.138710,4.923310
33.870774,-81.824400,-249.000000,12.194363,4.991187
34.390774,-81.824400,-249.000000,12.419017,5.047927
34.910774,-81.824400,-249.000000,12.229627,4.997480
35.430774,-81.824400,-249.000000,12.248879,5.021881
35.950774,-81.824400,-249.000000,12.570017,5.008682
36.470774,-81.824400,-249.000000,12.257673,5.076267
36.990774,-81.824400,-249.000000,12.298110,5.022912
37.510774,-81.824400,-249.000000,12.348851,4.998917
38.030774,-81.824400,-249.000000,12.354282,5.023291
38.550774,-81.824400,-249.000000,12.311811,5.054907
39.070774,-81.824400,-249.000000,12.542331,5.025532
39.590774,-81.824400,-249.000000,12.446746,5.096915
40.110774,-81.824400,-249.000000,12.424147,5.035503
40.630774,-81.824400,-249.000000,12.403720,4.997456
41.150774,-81.824400,-249.000000,12.384512,5.008308
41.670774,-81.824400,-249.000000,12.368979,5.006863
42.190774,-81.824400,-249.000000,12.369414,5.010687
42.710774,-81.824400,-249.000000,12.153346,4.994461
43.230774,-81.824400,-249.000000,12.437267,5.007928
43.750774,-81.824400,-249.000000,12.217891,5.027808
44.270774,-81.824400,-249.000000,12.416532,5.024062
44.790774,-81.824400,-249.000000,12.204040,5.010947
45.310774,-81.824400,-249.000000,12.440282,5.000487
45.830774,-81.824400,-249.000000,12.352322,5.011285
46.350774,-81.824400,-249.000000,12.290641,5.024875
46.870774,-81.824400,-249.000000,12.509318,5.045235
47.390774,-81.824400,-249.000000,12.202586,4.982982
47.910774,-81.824400,-249.000000,12.311815,5.064958
48.430774,-81.824400,-249.000000,12.201672,5.022777
48.950774,-81.824400,-249.000000,12.225251,5.006973
49.470774,-81.824400,-249.000000,12.186007,4.996739
49.990774,-81.824400,-249.000000,12.334194,5.051346
50.510774,-81.824400,-249.000000,12.380634,5.005280
51.030774,-81.824400,-249.000000,12.297752,5.036879
51.550774,-81.824400,-249.000000,12.148687,5.006745
52.070774,-81.824400,-249.000000,12.333604,4.988379
52.590774,-81.824400,-249.000000,12.570251,5.064368
53.110774,-81.824400,-249.000000,12.110278,5.082077
53.630774,-81.824400,-249.000000,12.259209,5.026541
54.150774,-81.824400,-249.000000,12.427177,5.043944
54.670774,-81.824400,-249.000000,12.377548,5.034645
55.190774,-81.824400,-249.000000,12.327079,5.045934
55.710774,-81.824400,-249.000000,12.381968,4.989729
56.230774,-81.824400,-249.000000,12.485096,5.103466
56.750774,-81.824400,-249.000000,12.247951,4.991538
57.270774,-81.824400,-249.000000,12.298026,5.045777
57.790774,-81.824400,-249.000000,12.306594,5.018195
58.310774,-81.824400,-249.000000,12.553177,5.070276
58.830774,-81.824400,-249.000000,12.279441,4.973158
59.350774,-81.824400,-249.000000,12.386089,4.990316
59.870774,-81.824400,-249.000000,12.517962,5.044001
60.390774,-81.824400,-249.000000,12.403252,5.020737
60.910774,-81.824400,-249.000000,12.639537,5.031888
61.430774,-81.824400,-249.000000,12.138990,4.979083
61.950774,-81.824400,-249.000000,12.292865,4.968602
62.470774,-81.824400,-249.000000,12.286897,4.971106
62.990774,-81.824400,-249.000000,12.580545,5.016908
63.510774,-81.824400,-249.000000,12.473869,5.070453
64.030774,-81.824400,-249.000000,12.312675,5.029124
64.550774,-81.824400,-249.000000,12.317437,4.985714
65.070774,-81.824400,-249.000000,12.289169,5.121779
65.590774,-81.824400,-249.000000,12.284832,5.038310
66.110774,-81.824400,-249.000000,12.170978,5.012004
66.630774,-81.824400,-249.000000,12.252907,4.971873
67.150774,-81.824400,-249.000000,12.371402,5.002571
67.670774,-81.824400,-249.000000,12.461719,4.991080
68.190774,-81.824400,-249.000000,12.282744,4.986623
68.710774,-81.824400,-249.000000,12.045501,5.004898
69.230774,-81.824400,-249.000000,12.358315,5.025708
69.750774,-81.824400,-249.000000,12.653572,5.015540
70.270774,-81.824400,-249.000000,12.480556,5.032688
70.790774,-81.824400,-249.000000,12.264504,4.965379
71.310774,-81.824400,-249.000000,12.439437,5.008954
13.070774,-81.304400,-249.000000,12.212201,4.780283
69.750774,-81.304400,-249.000000,12.538927,5.019992
70.790774,-81.304400,-249.000000,12.331485,4.984290
13.070774,-82.344400,-248.000000,12.357867,4.841334
13.590774,-82.344400,-248.000000,12.549385,4.856501
14.110774,-82.344400,-248.000000,12.515532,4.824550
14.630774,-82.344400,-248.000000,12.260264,4.816570
15.150774,-82.344400,-248.000000,12.446744,4.881824
15.670774,-82.344400,-248.000000,12.329078,4.844483
16.190774,-82.344400,-248.000000,12.567389,4.919123
16.710774,-82.344400,-248.000000,12.307937,4.916041
17.230774,-82.344400,-248.000000,12.334381,4.922274
17.750774,-82.344400,-248.000000,12.343583,4.936782
18.270774,-82.344400,-248.000000,12.570645,4.949283
18.790774,-82.344400,-248.000000,12.212835,4.963980
19.310774,-82.344400,-248.000000,12.278597,4.890479
19.830774,-82.344400,-248.000000,12.563869,4.928781
20.350774,-82.344400,-248.000000,12.386371,4.987207
20.870774,-82.344400,-248.000000,12.218406,4.917899
21.390774,-82.344400,-248.000000,12.431885,4.974621
21.910774,-82.344400,-248.000000,12.430534,4.919628
22.430774,-82.344400,-248.000000,12.308359,4.997437
22.950774,-82.344400,-248.000000,12.354154,4.983230
23.470774,-82.344400,-248.000000,12.245905,5.004516
23.990774,-82.344400,-248.000000,12.572171,5.007403
24.510774,-82.344400,-248.000000,12.458030,4.986133
25.030774,-82.344400,-248.000000,12.266748,4.944005
25.550774,-82.344400,-248.000000,12.433597,4.958243
26.070774,-82.344400,-248.000000,12.534916,4.972258
26.590774,-82.344400,-248.000000,12.318417,5.002123
27.110774,-82.344400,-248.000000,12.360290,4.993309
27.630774,-82.344400,-248.000000,12.241655,5.037988
28.150774,-82.344400,-248.000000,12.257339,4.974603
28.670774,-82.344400,-248.000000,12.310641,5.004918
29.190774,-82.344400,-248.000000,12.365209,5.005945
29.710774,-82.344400,-248.000000,12.333574,4.928954
30.230774,-82.344400,-248.000000,12.486166,4.992135
30.750774,-82.344400,-248.000000,12.523576,4.977140
31.270774,-82.344400,-248.000000,12.304521,4.961135
31.790774,-82.344400,-248.000000,12.297935,5.013284
32.310774,-82.344400,-248.000000,12.304314,5.010586
32.830774,-82.344400,-248.000000,12.366405,5.010495
33.350774,-82.344400,-248.000000,12.366039,4.989365
33.870774,-82.344400,-248.000000,12.404601,5.087196
34.390774,-82.344400,-248.000000,12.109740,4.950970
34.910774,-82.344400,-248.000000,12.162565,4.983534
35.430774,-82.344400,-248.000000,12.393495,5.014783
35.950774,-82.344400,-248.000000,12.327715,5.071443
36.470774,-82.344400,-248.000000,12.466651,5.055323
36.990774,-82.344400,-248.000000,12.333757,5.010335
37.510774,-82.344400,-248.000000,12.403152,4.983188
38.030774,-82.344400,-248.000000,12.431093,5.013839
38.550774,-82.344400,-248.000000,12.356464,5.034805
39.070774,-82.344400,-248.000000,12.414983,5.028565
39.590774,-82.344400,-248.000000,12.109602,4.977522
40.110774,-82.344400,-248.000000,12.502898,5.022812
40.630774,-82.344400,-248.000000,12.496688,5.068484
41.150774,-82.344400,-248.000000,12.472762,5.012711
41.670774,-82.344400,-248.000000,12.037701,4.942500
42.190774,-82.344400,-248.000000,12.471736,5.023011
42.710774,-82.344400,-248.000000,12.200632,4.933008
43.230774,-82.344400,-248.000000,12.015090,5.021998
43.750774,-82.344400,-248.000000,12.390190,5.066007
44.270774,-82.344400,-248.000000,12.215766,5.017142
44.790774,-82.344400,-248.000000,12.434081,4.984045
45.310774,-82.344400,-248.000000,12.435454,5.005311
45.830774,-82.344400,-248.000000,12.462916,5.022092
46.350774,-82.344400,-248.000000,12.308892,5.017447
46.870774,-82.344400,-248.000000,12.202097,5.029245
47.390774,-82.344400,-248.000000,12.240533,5.003610
47.910774,-82.344400,-248.000000,12.248184,4.999511
48.430774,-82.344400,-248.000000,12.300927,4.989737
48.950774,-82.344400,-248.000000,12.356530,5.075816
49.470774,-82.344400,-248.000000,12.228050,4.990494
49.990774,-82.344400,-248.000000,12.393387,4.975554
50.510774,-82.344400,-248.000000,12.465592,5.014346
51.030774,-82.344400,-248.000000,12.243548,5.023238
51.550774,-82.344400,-248.000000,12.472960,5.048338
52.070774,-82.344400,-248.000000,12.210790,4.981602
52.590774,-82.344400,-248.000000,12.273849,4.976273
53.110774,-82.344400,-248.000000,12.502007,5.097707
53.630774,-82.344400,-248.000000,12.307938,4.978555
54.150774,-82.344400,-248.000000,12.524553,5.038947
54.670774,-82.344400,-248.000000,12.364067,4.999130
55.190774,-82.344400,-248.000000,12.307741,5.036970
55.710774,-82.344400,-248.000000,12.195220,4.956158
56.230774,-82.344400,-248.000000,12.413962,5.028135
56.750774,-82.344400,-248.000000,12.198340,4.972987
57.270774,-82.344400,-248.000000,11.952230,4.946484
57.790774,-82.344400,-248.000000,12.446222,5.034346
58.310774,-82.344400,-248.000000,12.563818,5.097854
58.830774,-82.344400,-248.000000,12.385306,5.038273
59.350774,-82.344400,-248.000000,12.560695,5.005621
59.870774,-82.344400,-248.000000,12.393832,4.965487
60.390774,-82.344400,-248.000000,12.379997,5.052712
60.910774,-82.344400,-248.000000,12.496491,4.983618
61.430774,-82.344400,-248.000000,12.284907,5.022065
61.950774,-82.344400,-248.000000,12.144530,4.959097
62.470774,-82.344400,-248.000000,12.323030,5.028578
62.990774,-82.344400,-248.000000,12.346982,5.002246
63.510774,-82.344400,-248.000000,12.323948,4.965645
64.030774,-82.344400,-248.000000,11.904389,4.944861
64.550774,-82.344400,-248.000000,12.199533,5.023890
65.070774,-82.344400,-248.000000,12.251876,5.010942
65.590774,-82.344400,-248.000000,12.307150,5.007523
66.110774,-82.344400,-248.000000,12.292495,4.959782
66.630774,-82.344400,-248.000000,12.320613,4.960225
67.150774,-82.344400,-248.000000,12.400716,5.016464
67.670774,-82.344400,-248.000000,12.271407,4.996964
68.190774,-82.344400,-248.000000,12.145727,5.008878
13.070774,-81.824400,-248.000000,12.332477,4.832963
13.590774,-81.824400,-248.000000,12.413592,4.868239
14.110774,-81.824400,-248.000000,12.474815,4.818188
14.630774,-81.824400,-248.000000,12.269719,4.823711
15.150774,-81.824400,-248.000000,12.295235,4.865408
15.670774,-81.824400,-248.000000,12.349444,4.827350
16.190774,-81.824400,-248.000000,12.598015,4.932899
16.710774,-81.824400,-248.000000,12.226348,4.933573
17.230774,-81.824400,-248.000000,12.353753,4.926543
17.750774,-81.824400,-248.000000,12.288935,4.932982
18.270774,-81.824400,-248.000000,12.495276,4.961679
18.790774,-81.824400,-248.000000,12.254432,4.964606
19.310774,-81.824400,-248.000000,12.318490,4.915362
19.830774,-81.824400,-248.000000,12.483397,4.933105
20.350774,-81.824400,-248.000000,12.362062,4.973740
20.870774,-81.824400,-248.000000,12.197459,4.928565
21.390774,-81.824400,-248.000000,12.442973,4.975407
21.910774,-81.824400,-248.000000,12.394170,4.920577
22.430774,-81.824400,-248.000000,12.385712,5.015215
22.950774,-81.824400,-248.000000,12.266238,4.984072
23.470774,-81.824400,-248.000000,12.271163,5.015907
23.990774,-81.824400,-248.000000,12.539469,5.012142
24.510774,-81.824400,-248.000000,12.463256,4.983844
25.030774,-81.824400,-248.000000,12.280598,4.960526
25.550774,-81.824400,-248.000000,12.345355,4.957663
26.070774,-81.824400,-248.000000,12.521918,4.969049
26.590774,-81.824400,-248.000000,12.292068,5.005539
27.110774,-81.824400,-248.000000,12.403842,5.002425
27.630774,-81.824400,-248.000000,12.316048,5.045574
28.150774,-81.824400,-248.000000,12.182948,4.970424
28.670774,-81.824400,-248.000000,12.286764,4.993128
29.190774,-81.824400,-248.000000,12.334026,5.001651
29.710774,-81.824400,-248.000000,12.328086,4.953312
30.230774,-81.824400,-248.000000,12.465262,4.991413
30.750774,-81.824400,-248.000000,12.440217,4.998354
31.270774,-81.824400,-248.000000,12.203665,4.941380
31.790774,-81.824400,-248.000000,12.311343,5.030258
32.310774,-81.824400,-248.000000,12.316931,5.011021
32.830774,-81.824400,-248.000000,12.348050,5.003383
33.350774,-81.824400,-248.000000,12.300907,5.003675
33.870774,-81.824400,-248.000000,12.390170,5.091629
34.390774,-81.824400,-248.000000,12.109756,4.953694
34.910774,-81.824400,-248.000000,12.171416,4.987975
35.430774,-81.824400,-248.000000,12.371113,5.029655
35.950774,-81.824400,-248.000000,12.355375,5.077809
36.470774,-81.824400,-248.000000,12.450315,5.056092
36.990774,-81.824400,-248.000000,12.308970,5.020921
37.510774,-81.824400,-248.000000,12.391831,4.979595
38.030774,-81.824400,-248.000000,12.394624,5.025615
38.550774,-81.824400,-248.000000,12.337246,5.046773
39.070774,-81.824400,-248.000000,12.441985,5.050326
39.590774,-81.824400,-248.000000,12.042982,4.988453
40.110774,-81.824400,-248.000000,12.394706,5.016820
40.630774,-81.824400,-248.000000,12.514537,5.070407
41.150774,-81.824400,-248.000000,12.564934,5.037399
41.670774,-81.824400,-248.000000,11.980880,4.933282
42.190774,-81.824400,-248.000000,12.438357,5.029147
42.710774,-81.824400,-248.000000,12.170946,4.946721
43.230774,-81.824400,-248.000000,12.007486,5.022201
43.750774,-81.824400,-248.000000,12.354312,5.074332
44.270774,-81.824400,-248.000000,12.253745,5.021468
44.790774,-81.824400,-248.000000,12.447764,4.989775
45.310774,-81.824400,-248.000000,12.407026,4.986637
45.830774,-81.824400,-248.000000,12.479558,5.020086
46.350774,-81.824400,-248.000000,12.361547,5.027275
46.870774,-81.824400,-248.000000,12.181907,5.039848
47.390774,-81.824400,-248.000000,12.213967,5.015067
47.910774,-81.824400,-248.000000,12.287596,5.017704
48.430774,-81.824400,-248.000000,12.337264,5.004406
48.950774,-81.824400,-248.000000,12.320214,5.072211
49.470774,-81.824400,-248.000000,12.225480,4.976215
49.990774,-81.824400,-248.000000,12.405566,5.001717
50.510774,-81.824400,-248.000000,12.441015,5.030150
51.030774,-81.824400,-248.000000,12.235366,5.021033
51.550774,-81.824400,-248.000000,12.443621,5.032043
52.070774,-81.824400,-248.000000,12.205865,4.996543
52.590774,-81.824400,-248.000000,12.217805,4.987880
53.110774,-81.824400,-248.000000,12.465341,5.087107
53.630774,-81.824400,-248.000000,12.275870,4.972292
54.150774,-81.824400,-248.000000,12.553390,5.062349
54.670774,-81.824400,-248.000000,12.321362,5.013544
55.190774,-81.824400,-248.000000,12.311640,5.041937
55.710774,-81.824400,-248.000000,12.143428,4.965285
56.230774,-81.824400,-248.000000,12.473156,5.028348
56.750774,-81.824400,-248.000000,12.214694,4.988562
57.270774,-81.824400,-248.000000,11.925838,4.969201
57.790774,-81.824400,-248.000000,12.383028,5.029476
58.310774,-81.824400,-248.000000,12.423224,5.084413
58.830774,-81.824400,-248.000000,12.448298,5.036184
59.350774,-81.824400,-248.000000,12.501849,5.000103
59.870774,-81.824400,-248.000000,12.449588,4.998511
60.390774,-81.824400,-248.000000,12.303042,5.049978
60.910774,-81.824400,-248.000000,12.592610,5.002518
61.430774,-81.824400,-248.000000,12.261540,5.033772
61.950774,-81.824400,-248.000000,12.081680,4.948377
62.470774,-81.824400,-248.000000,12.307782,5.046784
62.990774,-81.824400,-248.000000,12.328129,5.004204
63.510774,-81.824400,-248.000000,12.343810,4.970581
64.030774,-81.824400,-248.000000,11.963077,4.950716
64.550774,-81.824400,-248.000000,12.163506,5.033125
65.070774,-81.824400,-248.000000,12.209452,5.004436
65.590774,-81.824400,-248.000000,12.320533,5.001661
66.110774,-81.824400,-248.000000,12.263834,4.954222
66.630774,-81.824400,-248.000000,12.309098,4.951845
67.150774,-81.824400,-248.000000,12.417024,5.015017
67.670774,-81.824400,-248.000000,12.251154,5.023398
68.190774,-81.824400,-248.000000,12.189210,5.017820
68.710774,-81.824400,-248.000000,12.500663,5.065158
69.230774,-81.824400,-248.000000,12.276581,5.045883
13.070774,-81.304400,-248.000000,12.330322,4.820520
67.150774,-81.304400,-248.000000,12.480395,5.021826
68.190774,-81.304400,-248.000000,12.164878,5.016264
13.070774,-82.344400,-247.000000,12.305401,4.775525
13.590774,-82.344400,-247.000000,12.510473,4.844993
14.110774,-82.344400,-247.000000,12.578968,4.846335
14.630774,-82.344400,-247.000000,12.200686,4.854948
15.150774,-82.344400,-247.000000,12.256166,4.810145
15.670774,-82.344400,-247.000000,12.353798,4.884471
16.190774,-82.344400,-247.000000,12.383861,4.873610
16.710774,-82.344400,-247.000000,12.361653,4.889743
17.230774,-82.344400,-247.000000,12.337058,4.949456
17.750774,-82.344400,-247.000000,12.217382,4.922605
18.270774,-82.344400,-247.000000,12.100741,4.917119
18.790774,-82.344400,-247.000000,12.091721,4.880871
19.310774,-82.344400,-247.000000,12.329317,4.953080
19.830774,-82.344400,-247.000000,12.240589,4.953607
20.350774,-82.344400,-247.000000,12.319043,4.935414
20.870774,-82.344400,-247.000000,12.463893,5.012546
21.390774,-82.344400,-247.000000,12.249129,4.971735
21.910774,-82.344400,-247.000000,12.443544,4.932151
22.430774,-82.344400,-247.000000,12.055972,4.956676
22.950774,-82.344400,-247.000000,12.363466,4.971523
23.470774,-82.344400,-247.000000,12.238473,4.968205
23.990774,-82.344400,-247.000000,12.333022,4.967283
24.510774,-82.344400,-247.000000,12.377046,4.959569
25.030774,-82.344400,-247.000000,12.211728,5.000684
25.550774,-82.344400,-247.000000,12.358642,4.962852
26.070774,-82.344400,-247.000000,12.194646,4.908279
26.590774,-82.344400,-247.000000,12.276098,4.969090
27.110774,-82.344400,-247.000000,12.176324,4.985143
27.630774,-82.344400,-247.000000,12.257690,4.994691
28.150774,-82.344400,-247.000000,12.366828,4.946060
28.670774,-82.344400,-247.000000,12.205357,5.008893
29.190774,-82.344400,-247.000000,12.608829,4.989438
29.710774,-82.344400,-247.000000,12.152118,4.952173
30.230774,-82.344400,-247.000000,12.480183,5.015779
30.750774,-82.344400,-247.000000,12.191541,4.988338
31.270774,-82.344400,-247.000000,12.282775,4.959601
31.790774,-82.344400,-247.000000,12.392181,5.020027
32.310774,-82.344400,-247.000000,12.122867,4.991195
32.830774,-82.344400,-247.000000,12.155930,4.976897
33.350774,-82.344400,-247.000000,12.285869,5.027855
33.870774,-82.344400,-247.000000,12.361059,5.004262
34.390774,-82.344400,-247.000000,12.476050,5.042059
34.910774,-82.344400,-247.000000,12.164702,5.050555
35.430774,-82.344400,-247.000000,12.163955,4.978592
35.950774,-82.344400,-247.000000,12.322309,5.055420
36.470774,-82.344400,-247.000000,12.273868,4.917339
36.990774,-82.344400,-247.000000,12.281060,5.000153
37.510774,-82.344400,-247.000000,12.382171,4.973819
38.030774,-82.344400,-247.000000,12.332751,4.963096
38.550774,-82.344400,-247.000000,12.185994,4.985776
39.070774,-82.344400,-247.000000,12.329867,5.011177
39.590774,-82.344400,-247.000000,12.302307,5.019836
40.110774,-82.344400,-247.000000,12.145564,5.025869
40.630774,-82.344400,-247.000000,12.323214,5.007235
41.150774,-82.344400,-247.000000,12.395633,5.038163
41.670774,-82.344400,-247.000000,12.400002,4.975655
42.190774,-82.344400,-247.000000,12.273503,4.985573
42.710774,-82.344400,-247.000000,12.346943,5.031288
43.230774,-82.344400,-247.000000,12.624583,5.060952
43.750774,-82.344400,-247.000000,12.463093,5.039880
44.270774,-82.344400,-247.000000,12.125922,4.949131
44.790774,-82.344400,-247.000000,12.436358,5.005112
45.310774,-82.344400,-247.000000,12.265089,4.978136
45.830774,-82.344400,-247.000000,12.545254,5.065912
46.350774,-82.344400,-247.000000,12.235042,4.981685
46.870774,-82.344400,-247.000000,12.283618,5.028736
47.390774,-82.344400,-247.000000,12.303622,4.983861
47.910774,-82.344400,-247.000000,12.263691,4.998372
48.430774,-82.344400,-247.000000,12.387532,5.060000
48.950774,-82.344400,-247.000000,12.217010,4.956383
49.470774,-82.344400,-247.000000,12.272845,4.942302
49.990774,-82.344400,-247.000000,12.483610,4.969892
50.510774,-82.344400,-247.000000,12.156274,5.015887
51.030774,-82.344400,-247.000000,12.272357,5.086216
51.550774,-82.344400,-247.000000,12.219228,5.001809
52.070774,-82.344400,-247.000000,12.228599,5.006328
52.590774,-82.344400,-247.000000,12.289577,5.021726
53.110774,-82.344400,-247.000000,12.371713,5.024457
53.630774,-82.344400,-247.000000,12.373683,5.028150
54.150774,-82.344400,-247.000000,12.267182,5.019144
54.670774,-82.344400,-247.000000,12.381712,4.961880
55.190774,-82.344400,-247.000000,12.420490,5.034985
55.710774,-82.344400,-247.000000,12.216051,4.994041
56.230774,-82.344400,-247.000000,12.276058,5.006343
56.750774,-82.344400,-247.000000,12.063383,4.997142
57.270774,-82.344400,-247.000000,12.433279,5.018858
57.790774,-82.344400,-247.000000,12.524508,5.024266
58.310774,-82.344400,-247.000000,12.434113,5.034549
58.830774,-82.344400,-247.000000,12.196622,5.010208
59.350774,-82.344400,-247.000000,12.415476,5.047044
59.870774,-82.344400,-247.000000,12.330822,5.015828
60.390774,-82.344400,-247.000000,12.082488,5.064162
60.910774,-82.344400,-247.000000,12.154344,4.981496
61.430774,-82.344400,-247.000000,12.073544,4.992338
61.950774,-82.344400,-247.000000,12.384665,4.966762
62.470774,-82.344400,-247.000000,12.303451,5.010492
62.990774,-82.344400,-247.000000,12.343882,5.008048
63.510774,-82.344400,-247.000000,12.320553,5.059851
64.030774,-82.344400,-247.000000,12.242955,4.976458
64.550774,-82.344400,-247.000000,12.124115,4.944151
65.070774,-82.344400,-247.000000,12.271592,4.984550
65.590774,-82.344400,-247.000000,12.378398,5.006570
66.110774,-82.344400,-247.000000,12.307956,4.943047
13.070774,-81.824400,-247.000000,12.278762,4.789239
13.590774,-81.824400,-247.000000,12.564342,4.859090
14.110774,-81.824400,-247.000000,12.509339,4.851642
14.630774,-81.824400,-247.000000,12.259499,4.873215
15.150774,-81.824400,-247.000000,12.252082,4.825233
15.670774,-81.824400,-247.000000,12.318976,4.897813
16.190774,-81.824400,-247.000000,12.308429,4.882634
16.710774,-81.824400,-247.000000,12.397716,4.884377
17.230774,-81.824400,-247.000000,12.370992,4.952559
17.750774,-81.824400,-247.000000,12.253982,4.965259
18.270774,-81.824400,-247.000000,12.087951,4.906673
18.790774,-81.824400,-247.000000,12.086609,4.868531
19.310774,-81.824400,-247.000000,12.382655,4.954678
19.830774,-81.824400,-247.000000,12.158622,4.956714
20.350774,-81.824400,-247.000000,12.384765,4.956424
20.870774,-81.824400,-247.000000,12.454285,4.987344
21.390774,-81.824400,-247.000000,12.227054,4.989733
21.910774,-81.824400,-247.000000,12.440394,4.944485
22.430774,-81.824400,-247.000000,12.095519,4.971070
22.950774,-81.824400,-247.000000,12.402876,4.982951
23.470774,-81.824400,-247.000000,12.229621,4.979149
23.990774,-81.824400,-247.000000,12.295933,4.963449
24.510774,-81.824400,-247.000000,12.442871,4.969223
25.030774,-81.824400,-247.000000,12.134391,4.997269
25.550774,-81.824400,-247.000000,12.303883,4.987191
26.070774,-81.824400,-247.000000,12.232753,4.918133
26.590774,-81.824400,-247.000000,12.250890,4.976570
27.110774,-81.824400,-247.000000,12.204975,4.985005
27.630774,-81.824400,-247.000000,12.262252,5.006189
28.150774,-81.824400,-247.000000,12.349241,4.964232
28.670774,-81.824400,-247.000000,12.165381,5.003851
29.190774,-81.824400,-247.000000,12.585521,5.005104
29.710774,-81.824400,-247.000000,12.159011,4.956511
30.230774,-81.824400,-247.000000,12.439878,5.016098
30.750774,-81.824400,-247.000000,12.289677,5.005193
31.270774,-81.824400,-247.000000,12.201197,4.945072
31.790774,-81.824400,-247.000000,12.366016,4.993575
32.310774,-81.824400,-247.000000,12.132639,4.991496
32.830774,-81.824400,-247.000000,12.207679,5.001629
33.350774,-81.824400,-247.000000,12.236785,5.017711
33.870774,-81.824400,-247.000000,12.295352,5.002433
34.390774,-81.824400,-247.000000,12.533834,5.060559
34.910774,-81.824400,-247.000000,12.185614,5.048873
35.430774,-81.824400,-247.000000,12.176714,4.983662
35.950774,-81.824400,-247.000000,12.323380,5.051648
36.470774,-81.824400,-247.000000,12.285975,4.934654
36.990774,-81.824400,-247.000000,12.199206,5.001901
37.510774,-81.824400,-247.000000,12.445479,5.004513
38.030774,-81.824400,-247.000000,12.351717,4.974456
38.550774,-81.824400,-247.000000,12.206040,4.997141
39.070774,-81.824400,-247.000000,12.308215,4.992014
39.590774,-81.824400,-247.000000,12.253512,5.024507
40.110774,-81.824400,-247.000000,12.280003,5.016921
40.630774,-81.824400,-247.000000,12.378249,5.018299
41.150774,-81.824400,-247.000000,12.274525,5.029311
41.670774,-81.824400,-247.000000,12.392458,4.996459
42.190774,-81.824400,-247.000000,12.342151,5.001964
42.710774,-81.824400,-247.000000,12.299076,5.034356
43.230774,-81.824400,-247.000000,12.566314,5.036217
43.750774,-81.824400,-247.000000,12.504926,5.050324
44.270774,-81.824400,-247.000000,12.102848,4.951979
44.790774,-81.824400,-247.000000,12.327918,5.020449
45.310774,-81.824400,-247.000000,12.254189,4.966037
45.830774,-81.824400,-247.000000,12.528609,5.076130
46.350774,-81.824400,-247.000000,12.195794,4.985588
46.870774,-81.824400,-247.000000,12.250295,5.018919
47.390774,-81.824400,-247.000000,12.270101,4.980245
47.910774,-81.824400,-247.000000,12.303779,5.014433
48.430774,-81.824400,-247.000000,12.419523,5.062634
48.950774,-81.824400,-247.000000,12.171947,4.958616
49.470774,-81.824400,-247.000000,12.283211,4.946446
49.990774,-81.824400,-247.000000,12.386765,4.955537
50.510774,-81.824400,-247.000000,12.217078,5.029324
51.030774,-81.824400,-247.000000,12.192598,5.066904
51.550774,-81.824400,-247.000000,12.270758,5.017920
52.070774,-81.824400,-247.000000,12.238345,5.007336
52.590774,-81.824400,-247.000000,12.290442,5.029373
53.110774,-81.824400,-247.000000,12.340178,5.019210
53.630774,-81.824400,-247.000000,12.366523,5.015332
54.150774,-81.824400,-247.000000,12.254394,5.029826
54.670774,-81.824400,-247.000000,12.405287,4.969131
55.190774,-81.824400,-247.000000,12.438093,5.040903
55.710774,-81.824400,-247.000000,12.147484,4.980232
56.230774,-81.824400,-247.000000,12.257312,5.009985
56.750774,-81.824400,-247.000000,12.051472,4.990912
57.270774,-81.824400,-247.000000,12.409679,5.030071
57.790774,-81.824400,-247.000000,12.538622,5.035265
58.310774,-81.824400,-247.000000,12.344138,5.046770
58.830774,-81.824400,-247.000000,12.252712,5.011859
59.350774,-81.824400,-247.000000,12.334010,5.040236
59.870774,-81.824400,-247.000000,12.360734,5.013397
60.390774,-81.824400,-247.000000,12.108042,5.053951
60.910774,-81.824400,-247.000000,12.134316,4.986131
61.430774,-81.824400,-247.000000,12.051065,4.990910
61.950774,-81.824400,-247.000000,12.307956,4.960666
62.470774,-81.824400,-247.000000,12.325653,4.992931
62.990774,-81.824400,-247.000000,12.286140,5.026718
63.510774,-81.824400,-247.000000,12.289801,5.067834
64.030774,-81.824400,-247.000000,12.215438,4.975850
64.550774,-81.824400,-247.000000,12.179149,4.971126
65.070774,-81.824400,-247.000000,12.313567,4.980429
65.590774,-81.824400,-247.000000,12.265079,5.006305
66.110774,-81.824400,-247.000000,12.389097,4.958400
66.630774,-81.824400,-247.000000,12.404435,5.038085
67.150774,-81.824400,-247.000000,12.383716,5.003966
65.070774,-81.304400,-247.000000,12.331046,4.980390
66.110774,-81.304400,-247.000000,12.371114,4.971773
13.070774,-82.344400,-246.000000,12.387540,4.773044
13.590774,-82.344400,-246.000000,12.203536,4.786469
14.110774,-82.344400,-246.000000,12.436037,4.837978
14.630774,-82.344400,-246.000000,12.596315,4.835784
15.150774,-82.344400,-246.000000,12.144194,4.835051
15.670774,-82.344400,-246.000000,12.278258,4.847861
16.190774,-82.344400,-246.000000,12.515003,4.934498
16.710774,-82.344400,-246.000000,12.428297,4.869454
17.230774,-82.344400,-246.000000,12.446086,4.919339
17.750774,-82.344400,-246.000000,12.099170,4.856632
18.270774,-82.344400,-246.000000,12.609902,4.946704
18.790774,-82.344400,-246.000000,12.609206,4.915307
19.310774,-82.344400,-246.000000,12.196849,4.933869
19.830774,-82.344400,-246.000000,12.105290,4.946483
20.350774,-82.344400,-246.000000,12.165930,4.918672
20.870774,-82.344400,-246.000000,12.421427,4.934415
21.390774,-82.344400,-246.000000,12.452818,4.937514
21.910774,-82.344400,-246.000000,12.359193,4.970780
22.430774,-82.344400,-246.000000,12.279413,4.941875
22.950774,-82.344400,-246.000000,12.394533,4.975024
23.470774,-82.344400,-246.000000,12.476259,4.970797
23.990774,-82.344400,-246.000000,12.310081,4.932825
24.510774,-82.344400,-246.000000,12.255229,5.015187
25.030774,-82.344400,-246.000000,12.588796,4.965125
25.550774,-82.344400,-246.000000,12.168599,4.895630
26.070774,-82.344400,-246.000000,12.344721,4.935761
26.590774,-82.344400,-246.000000,12.629572,4.986663
27.110774,-82.344400,-246.000000,12.551860,4.954280
27.630774,-82.344400,-246.000000,12.253367,5.004411
28.150774,-82.344400,-246.000000,12.282690,4.977074
28.670774,-82.344400,-246.000000,12.193839,4.968071
29.190774,-82.344400,-246.000000,12.402319,5.036870
29.710774,-82.344400,-246.000000,12.379126,5.066744
30.230774,-82.344400,-246.000000,12.178569,4.929082
30.750774,-82.344400,-246.000000,12.509985,4.966854
31.270774,-82.344400,-246.000000,12.297668,4.932966
31.790774,-82.344400,-246.000000,12.361561,4.977099
32.310774,-82.344400,-246.000000,12.248195,4.968566
32.830774,-82.344400,-246.000000,12.321870,4.967383
33.350774,-82.344400,-246.000000,12.283727,4.975035
33.870774,-82.344400,-246.000000,12.304384,4.967793
34.390774,-82.344400,-246.000000,12.360420,5.007987
34.910774,-82.344400,-246.000000,12.349282,5.050559
35.430774,-82.344400,-246.000000,12.306417,4.980782
35.950774,-82.344400,-246.000000,12.117599,4.932183
36.470774,-82.344400,-246.000000,12.388447,4.940293
36.990774,-82.344400,-246.000000,12.197895,5.013888
37.510774,-82.344400,-246.000000,12.351260,5.032292
38.030774,-82.344400,-246.000000,12.381638,5.031944
38.550774,-82.344400,-246.000000,12.210738,4.997638
39.070774,-82.344400,-246.000000,12.052611,4.945877
39.590774,-82.344400,-246.000000,12.338639,4.963552
40.110774,-82.344400,-246.000000,12.355521,5.010385
40.630774,-82.344400,-246.000000,12.430520,4.977468
41.150774,-82.344400,-246.000000,12.270637,4.979064
41.670774,-82.344400,-246.000000,12.392228,4.980401
42.190774,-82.344400,-246.000000,12.549249,5.036536
42.710774,-82.344400,-246.000000,12.204688,5.053077
43.230774,-82.344400,-246.000000,12.464158,5.041022
43.750774,-82.344400,-246.000000,12.187327,4.999661
44.270774,-82.344400,-246.000000,12.519450,4.995739
44.790774,-82.344400,-246.000000,12.401020,5.024151
45.310774,-82.344400,-246.000000,12.413473,4.978798
45.830774,-82.344400,-246.000000,12.414737,4.986281
46.350774,-82.344400,-246.000000,12.276702,4.952396
46.870774,-82.344400,-246.000000,12.217255,5.018498
47.390774,-82.344400,-246.000000,12.508084,4.997036
47.910774,-82.344400,-246.000000,12.405986,5.025276
48.430774,-82.344400,-246.000000,12.338022,5.017645
48.950774,-82.344400,-246.000000,12.305737,4.951956
49.470774,-82.344400,-246.000000,12.041164,4.943050
49.990774,-82.344400,-246.000000,12.348540,4.971152
50.510774,-82.344400,-246.000000,12.355899,4.996558
51.030774,-82.344400,-246.000000,12.368243,5.042648
51.550774,-82.344400,-246.000000,12.377595,4.970014
52.070774,-82.344400,-246.000000,12.472590,5.009045
52.590774,-82.344400,-246.000000,12.234597,4.960994
53.110774,-82.344400,-246.000000,12.269949,5.040113
53.630774,-82.344400,-246.000000,12.194098,5.022856
54.150774,-82.344400,-246.000000,12.289515,5.000345
54.670774,-82.344400,-246.000000,12.105418,4.977162
55.190774,-82.344400,-246.000000,12.191875,4.991157
55.710774,-82.344400,-246.000000,12.272045,4.987908
56.230774,-82.344400,-246.000000,12.256574,4.989401
56.750774,-82.344400,-246.000000,12.255157,4.973163
57.270774,-82.344400,-246.000000,12.287130,5.043506
57.790774,-82.344400,-246.000000,12.184871,5.029587
58.310774,-82.344400,-246.000000,12.377141,4.977277
58.830774,-82.344400,-246.000000,12.425085,5.000376
59.350774,-82.344400,-246.000000,12.310660,5.030513
59.870774,-82.344400,-246.000000,12.368758,5.025084
60.390774,-82.344400,-246.000000,12.204756,4.957764
60.910774,-82.344400,-246.000000,12.304359,4.999291
61.430774,-82.344400,-246.000000,12.113639,4.977440
61.950774,-82.344400,-246.000000,12.359281,4.991567
62.470774,-82.344400,-246.000000,12.510311,5.020170
62.990774,-82.344400,-246.000000,12.233917,4.982310
63.510774,-82.344400,-246.000000,12.401315,4.962072
64.030774,-82.344400,-246.000000,12.415207,5.005511
13.070774,-81.824400,-246.000000,12.375127,4.779529
13.590774,-81.824400,-246.000000,12.176362,4.788362
14.110774,-81.824400,-246.000000,12.403539,4.828887
14.630774,-81.824400,-246.000000,12.501853,4.851495
15.150774,-81.824400,-246.000000,12.212678,4.849804
15.670774,-81.824400,-246.000000,12.316027,4.870708
16.190774,-81.824400,-246.000000,12.475922,4.938583
16.710774,-81.824400,-246.000000,12.468374,4.878680
17.230774,-81.824400,-246.000000,12.363848,4.906113
17.750774,-81.824400,-246.000000,12.180597,4.856305
18.270774,-81.824400,-246.000000,12.475432,4.916766
18.790774,-81.824400,-246.000000,12.570870,4.942590
19.310774,-81.824400,-246.000000,12.184851,4.931674
19.830774,-81.824400,-246.000000,12.174067,4.954356
20.350774,-81.824400,-246.000000,12.124145,4.930563
20.870774,-81.824400,-246.000000,12.372565,4.927438
21.390774,-81.824400,-246.000000,12.413606,4.939960
21.910774,-81.824400,-246.000000,12.313837,4.963988
22.430774,-81.824400,-246.000000,12.270961,4.940234
22.950774,-81.824400,-246.000000,12.318558,4.967645
23.470774,-81.824400,-246.000000,12.562059,4.995784
23.990774,-81.824400,-246.000000,12.260964,4.940173
24.510774,-81.824400,-246.000000,12.196535,5.010147
25.030774,-81.824400,-246.000000,12.512978,4.984675
25.550774,-81.824400,-246.000000,12.170324,4.901015
26.070774,-81.824400,-246.000000,12.322147,4.928476
26.590774,-81.824400,-246.000000,12.583670,4.984584
27.110774,-81.824400,-246.000000,12.613423,4.957334
27.630774,-81.824400,-246.000000,12.267316,4.987529
28.150774,-81.824400,-246.000000,12.306877,4.992372
28.670774,-81.824400,-246.000000,12.202796,4.996328
29.190774,-81.824400,-246.000000,12.377546,5.026706
29.710774,-81.824400,-246.000000,12.315911,5.060578
30.230774,-81.824400,-246.000000,12.141046,4.935478
30.750774,-81.824400,-246.000000,12.545605,4.978440
31.270774,-81.824400,-246.000000,12.352512,4.970956
31.790774,-81.824400,-246.000000,12.407114,5.004766
32.310774,-81.824400,-246.000000,12.155770,4.953546
32.830774,-81.824400,-246.000000,12.325180,4.966114
33.350774,-81.824400,-246.000000,12.272546,4.965685
33.870774,-81.824400,-246.000000,12.234420,4.978604
34.390774,-81.824400,-246.000000,12.373082,5.022841
34.910774,-81.824400,-246.000000,12.289988,5.023419
35.430774,-81.824400,-246.000000,12.344997,4.991064
35.950774,-81.824400,-246.000000,12.070992,4.939953
36.470774,-81.824400,-246.000000,12.371741,4.954037
36.990774,-81.824400,-246.000000,12.185971,5.004728
37.510774,-81.824400,-246.000000,12.267977,5.041034
38.030774,-81.824400,-246.000000,12.371587,5.028790
38.550774,-81.824400,-246.000000,12.264573,5.022152
39.070774,-81.824400,-246.000000,12.040350,4.942419
39.590774,-81.824400,-246.000000,12.264703,4.977565
40.110774,-81.824400,-246.000000,12.319245,5.000463
40.630774,-81.824400,-246.000000,12.448502,5.000814
41.150774,-81.824400,-246.000000,12.237283,4.971407
41.670774,-81.824400,-246.000000,12.369262,4.979931
42.190774,-81.824400,-246.000000,12.471720,5.037556
42.710774,-81.824400,-246.000000,12.175194,5.056743
43.230774,-81.824400,-246.000000,12.470145,5.012032
43.750774,-81.824400,-246.000000,12.154295,5.009649
44.270774,-81.824400,-246.000000,12.486722,5.006629
44.790774,-81.824400,-246.000000,12.461790,5.044104
45.310774,-81.824400,-246.000000,12.431914,4.986697
45.830774,-81.824400,-246.000000,12.385117,4.998294
46.350774,-81.824400,-246.000000,12.347186,4.961092
46.870774,-81.824400,-246.000000,12.170094,5.027620
47.390774,-81.824400,-246.000000,12.481487,4.996434
47.910774,-81.824400,-246.000000,12.320606,5.015689
48.430774,-81.824400,-246.000000,12.335678,5.026893
48.950774,-81.824400,-246.000000,12.300687,4.969296
49.470774,-81.824400,-246.000000,12.120160,4.959477
49.990774,-81.824400,-246.000000,12.286091,4.973880
50.510774,-81.824400,-246.000000,12.366149,4.998921
51.030774,-81.824400,-246.000000,12.397102,5.052401
51.550774,-81.824400,-246.000000,12.264434,4.964993
52.070774,-81.824400,-246.000000,12.441360,5.031376
52.590774,-81.824400,-246.000000,12.338387,4.973544
53.110774,-81.824400,-246.000000,12.212858,5.059413
53.630774,-81.824400,-246.000000,12.123885,5.014380
54.150774,-81.824400,-246.000000,12.274858,4.996612
54.670774,-81.824400,-246.000000,12.137980,4.983575
55.190774,-81.824400,-246.000000,12.154424,4.987719
55.710774,-81.824400,-246.000000,12.229040,5.001553
56.230774,-81.824400,-246.000000,12.227340,5.016226
56.750774,-81.824400,-246.000000,12.267212,4.975206
57.270774,-81.824400,-246.000000,12.242990,5.033070
57.790774,-81.824400,-246.000000,12.217528,5.010607
58.310774,-81.824400,-246.000000,12.350505,4.997398
58.830774,-81.824400,-246.000000,12.354785,5.000366
59.350774,-81.824400,-246.000000,12.268382,5.044309
59.870774,-81.824400,-246.000000,12.341186,5.029834
60.390774,-81.824400,-246.000000,12.209530,4.964972
60.910774,-81.824400,-246.000000,12.394281,5.002019
61.430774,-81.824400,-246.000000,12.115140,4.972167
61.950774,-81.824400,-246.000000,12.328898,4.992016
62.470774,-81.824400,-246.000000,12.452790,5.018527
62.990774,-81.824400,-246.000000,12.250088,4.991034
63.510774,-81.824400,-246.000000,12.392663,4.971007
64.030774,-81.824400,-246.000000,12.455845,4.991693
64.550774,-81.824400,-246.000000,12.095072,4.998973
13.070774,-81.304400,-246.000000,12.395580,4.773273
62.470774,-81.304400,-246.000000,12.374578,5.017181
13.070774,-82.344400,-245.000000,12.328243,4.789528
13.590774,-82.344400,-245.000000,12.224711,4.755249
14.110774,-82.344400,-245.000000,12.443776,4.811918
14.630774,-82.344400,-245.000000,12.331889,4.831786
15.150774,-82.344400,-245.000000,12.425006,4.854987
15.670774,-82.344400,-245.000000,12.300235,4.821677
16.190774,-82.344400,-245.000000,12.334141,4.822527
16.710774,-82.344400,-245.000000,12.321149,4.896826
17.230774,-82.344400,-245.000000,12.356255,4.890401
17.750774,-82.344400,-245.000000,12.245111,4.854849
18.270774,-82.344400,-245.000000,12.334109,4.827760
18.790774,-82.344400,-245.000000,12.422637,4.916857
19.310774,-82.344400,-245.000000,12.463748,4.964346
19.830774,-82.344400,-245.000000,12.170794,4.882066
20.350774,-82.344400,-245.000000,12.182728,4.936323
20.870774,-82.344400,-245.000000,12.169526,4.888837
21.390774,-82.344400,-245.000000,12.251850,4.916979
21.910774,-82.344400,-245.000000,11.968488,4.953448
22.430774,-82.344400,-245.000000,12.189005,4.886926
22.950774,-82.344400,-245.000000,12.306509,4.877102
23.470774,-82.344400,-245.000000,12.205058,4.906170
23.990774,-82.344400,-245.000000,12.404111,4.957396
24.510774,-82.344400,-245.000000,12.272516,4.996878
25.030774,-82.344400,-245.000000,12.261405,4.932613
25.550774,-82.344400,-245.000000,12.266242,4.933901
26.070774,-82.344400,-245.000000,12.390883,5.016206
26.590774,-82.344400,-245.000000,12.224582,4.975093
27.110774,-82.344400,-245.000000,12.329660,5.002194
27.630774,-82.344400,-245.000000,12.490201,4.940426
28.150774,-82.344400,-245.000000,12.304708,4.960662
28.670774,-82.344400,-245.000000,12.537856,5.066115
29.190774,-82.344400,-245.000000,12.048972,4.958289
29.710774,-82.344400,-245.000000,12.207706,4.967458
30.230774,-82.344400,-245.000000,12.379027,5.026434
30.750774,-82.344400,-245.000000,12.297959,4.944543
31.270774,-82.344400,-245.000000,12.572181,4.988362
31.790774,-82.344400,-245.000000,12.230137,4.962398
32.310774,-82.344400,-245.000000,12.399635,5.000319
32.830774,-82.344400,-245.000000,12.225904,5.050378
33.350774,-82.344400,-245.000000,12.314901,4.953107
33.870774,-82.344400,-245.000000,12.190304,4.977740
34.390774,-82.344400,-245.000000,12.325618,4.987756
34.910774,-82.344400,-245.000000,12.338341,4.971247
35.430774,-82.344400,-245.000000,12.267467,4.971128
35.950774,-82.344400,-245.000000,12.371367,4.990063
36.470774,-82.344400,-245.000000,12.466696,5.009109
36.990774,-82.344400,-245.000000,11.999752,4.948927
37.510774,-82.344400,-245.000000,12.588256,4.965870
38.030774,-82.344400,-245.000000,12.251196,4.971379
38.550774,-82.344400,-245.000000,12.327742,4.969915
39.070774,-82.344400,-245.000000,12.198844,4.966576
39.590774,-82.344400,-245.000000,12.294805,4.988204
40.110774,-82.344400,-245.000000,12.324618,5.004756
40.630774,-82.344400,-245.000000,12.264493,4.956555
41.150774,-82.344400,-245.000000,12.286239,4.924501
41.670774,-82.344400,-245.000000,12.174683,4.954216
42.190774,-82.344400,-245.000000,12.013991,5.011942
42.710774,-82.344400,-245.000000,12.345452,4.968179
43.230774,-82.344400,-245.000000,12.314445,5.018740
43.750774,-82.344400,-245.000000,12.391695,5.003650
44.270774,-82.344400,-245.000000,12.445788,4.993631
44.790774,-82.344400,-245.000000,12.506058,4.982082
45.310774,-82.344400,-245.000000,12.366165,4.987912
45.830774,-82.344400,-245.000000,12.021801,4.999749
46.350774,-82.344400,-245.000000,12.262927,4.980618
46.870774,-82.344400,-245.000000,12.238004,4.990936
47.390774,-82.344400,-245.000000,12.305894,4.968133
47.910774,-82.344400,-245.000000,12.319144,5.005918
48.430774,-82.344400,-245.000000,12.396399,4.994997
48.950774,-82.344400,-245.000000,12.194541,4.933173
49.470774,-82.344400,-245.000000,12.534584,4.942021
49.990774,-82.344400,-245.000000,12.386462,5.004269
50.510774,-82.344400,-245.000000,12.134602,4.995424
51.030774,-82.344400,-245.000000,12.216605,4.964663
51.550774,-82.344400,-245.000000,12.413475,4.991832
52.070774,-82.344400,-245.000000,12.128218,4.962729
52.590774,-82.344400,-245.000000,12.272573,4.971562
53.110774,-82.344400,-245.000000,12.226715,4.951793
53.630774,-82.344400,-245.000000,12.139394,4.977235
54.150774,-82.344400,-245.000000,12.147620,4.955838
54.670774,-82.344400,-245.000000,12.265524,4.954483
55.190774,-82.344400,-245.000000,12.493228,5.034680
55.710774,-82.344400,-245.000000,12.149899,4.929661
56.230774,-82.344400,-245.000000,12.340201,4.961829
56.750774,-82.344400,-245.000000,12.280645,4.987742
57.270774,-82.344400,-245.000000,12.158957,4.966693
57.790774,-82.344400,-245.000000,12.355268,4.958322
58.310774,-82.344400,-245.000000,12.172154,4.962036
58.830774,-82.344400,-245.000000,12.196848,4.933575
59.350774,-82.344400,-245.000000,12.407138,5.031088
59.870774,-82.344400,-245.000000,12.115561,4.943229
60.390774,-82.344400,-245.000000,12.260036,4.970325
60.910774,-82.344400,-245.000000,12.210498,5.009350
61.430774,-82.344400,-245.000000,12.384377,4.970169
13.070774,-81.824400,-245.000000,12.308225,4.790912
13.590774,-81.824400,-245.000000,12.188910,4.753491
14.110774,-81.824400,-245.000000,12.398238,4.805717
14.630774,-81.824400,-245.000000,12.421849,4.848842
15.150774,-81.824400,-245.000000,12.309751,4.831733
15.670774,-81.824400,-245.000000,12.340522,4.853521
16.190774,-81.824400,-245.000000,12.306191,4.828710
16.710774,-81.824400,-245.000000,12.260125,4.889610
17.230774,-81.824400,-245.000000,12.264271,4.900220
17.750774,-81.824400,-245.000000,12.384431,4.871333
18.270774,-81.824400,-245.000000,12.308208,4.840847
18.790774,-81.824400,-245.000000,12.428527,4.912164
19.310774,-81.824400,-245.000000,12.412227,4.978687
19.830774,-81.824400,-245.000000,12.149001,4.883256
20.350774,-81.824400,-245.000000,12.192822,4.963588
20.870774,-81.824400,-245.000000,12.227015,4.897851
21.390774,-81.824400,-245.000000,12.182221,4.926547
21.910774,-81.824400,-245.000000,12.031384,4.961870
22.430774,-81.824400,-245.000000,12.158633,4.877242
22.950774,-81.824400,-245.000000,12.266763,4.897892
23.470774,-81.824400,-245.000000,12.229015,4.917416
23.990774,-81.824400,-245.000000,12.358752,4.976912
24.510774,-81.824400,-245.000000,12.293229,4.998629
25.030774,-81.824400,-245.000000,12.239646,4.932184
25.550774,-81.824400,-245.000000,12.191176,4.948096
26.070774,-81.824400,-245.000000,12.421889,5.023283
26.590774,-81.824400,-245.000000,12.216296,4.994381
27.110774,-81.824400,-245.000000,12.239579,5.002453
27.630774,-81.824400,-245.000000,12.530733,4.947345
28.150774,-81.824400,-245.000000,12.240027,4.955586
28.670774,-81.824400,-245.000000,12.479713,5.057886
29.190774,-81.824400,-245.000000,12.039495,4.955646
29.710774,-81.824400,-245.000000,12.205034,4.988606
30.230774,-81.824400,-245.000000,12.448768,5.034778
30.750774,-81.824400,-245.000000,12.224031,4.934703
31.270774,-81.824400,-245.000000,12.555319,4.977989
31.790774,-81.824400,-245.000000,12.276677,4.984564
32.310774,-81.824400,-245.000000,12.407404,4.998668
32.830774,-81.824400,-245.000000,12.134119,5.045205
33.350774,-81.824400,-245.000000,12.239367,4.962350
33.870774,-81.824400,-245.000000,12.242653,4.981928
34.390774,-81.824400,-245.000000,12.262052,4.980930
34.910774,-81.824400,-245.000000,12.423215,4.984153
35.430774,-81.824400,-245.000000,12.302421,4.987726
35.950774,-81.824400,-245.000000,12.378394,4.991009
36.470774,-81.824400,-245.000000,12.429648,5.001723
36.990774,-81.824400,-245.000000,12.051582,4.963937
37.510774,-81.824400,-245.000000,12.580417,4.986493
38.030774,-81.824400,-245.000000,12.266862,4.991433
38.550774,-81.824400,-245.000000,12.202117,4.959899
39.070774,-81.824400,-245.000000,12.231452,4.971141
39.590774,-81.824400,-245.000000,12.305900,5.017937
40.110774,-81.824400,-245.000000,12.296113,5.007267
40.630774,-81.824400,-245.000000,12.315538,4.966612
41.150774,-81.824400,-245.000000,12.211424,4.920939
41.670774,-81.824400,-245.000000,12.074714,4.971926
42.190774,-81.824400,-245.000000,12.129164,5.023158
42.710774,-81.824400,-245.000000,12.337075,4.970205
43.230774,-81.824400,-245.000000,12.315792,5.026742
43.750774,-81.824400,-245.000000,12.353747,5.008005
44.270774,-81.824400,-245.000000,12.455723,4.979535
44.790774,-81.824400,-245.000000,12.408929,4.998516
45.310774,-81.824400,-245.000000,12.423993,5.002846
45.830774,-81.824400,-245.000000,12.022960,4.988559
46.350774,-81.824400,-245.000000,12.211015,5.003555
46.870774,-81.824400,-245.000000,12.222974,5.005988
47.390774,-81.824400,-245.000000,12.267913,4.961096
47.910774,-81.824400,-245.000000,12.348484,5.012557
48.430774,-81.824400,-245.000000,12.325502,4.987616
48.950774,-81.824400,-245.000000,12.217158,4.939367
49.470774,-81.824400,-245.000000,12.534759,4.952441
49.990774,-81.824400,-245.000000,12.325707,5.009202
50.510774,-81.824400,-245.000000,12.078667,5.004619
51.030774,-81.824400,-245.000000,12.276108,4.971418
51.550774,-81.824400,-245.000000,12.405906,4.987578
52.070774,-81.824400,-245.000000,12.192399,4.991623
52.590774,-81.824400,-245.000000,12.241561,4.963356
53.110774,-81.824400,-245.000000,12.227128,4.949781
53.630774,-81.824400,-245.000000,12.126979,4.976875
54.150774,-81.824400,-245.000000,12.130434,4.961437
54.670774,-81.824400,-245.000000,12.337170,4.970712
55.190774,-81.824400,-245.000000,12.449008,5.033787
55.710774,-81.824400,-245.000000,12.136403,4.914383
56.230774,-81.824400,-245.000000,12.355002,4.971042
56.750774,-81.824400,-245.000000,12.175695,4.986839
57.270774,-81.824400,-245.000000,12.222636,4.976644
57.790774,-81.824400,-245.000000,12.377151,4.977968
58.310774,-81.824400,-245.000000,12.203281,4.956107
58.830774,-81.824400,-245.000000,12.171674,4.957215
59.350774,-81.824400,-245.000000,12.343465,5.013314
59.870774,-81.824400,-245.000000,12.037269,4.960529
60.390774,-81.824400,-245.000000,12.277866,4.973231
60.910774,-81.824400,-245.000000,12.229414,5.015900
61.430774,-81.824400,-245.000000,12.355827,4.982497
61.950774,-81.824400,-245.000000,12.131128,4.949216
62.470774,-81.824400,-245.000000,12.105395,4.985518
13.070774,-81.304400,-245.000000,12.407125,4.800351
60.390774,-81.304400,-245.000000,12.179992,4.981475
61.430774,-81.304400,-245.000000,12.316242,4.985339
13.070774,-82.344400,-244.000000,12.464514,4.775523
13.590774,-82.344400,-244.000000,12.266369,4.779985
14.110774,-82.344400,-244.000000,12.411151,4.780377
14.630774,-82.344400,-244.000000,12.612043,4.778609
15.150774,-82.344400,-244.000000,12.294723,4.805646
15.670774,-82.344400,-244.000000,12.139145,4.779254
16.190774,-82.344400,-244.000000,12.175277,4.818054
16.710774,-82.344400,-244.000000,12.437050,4.825686
17.230774,-82.344400,-244.000000,12.153697,4.815716
17.750774,-82.344400,-244.000000,11.945922,4.807471
18.270774,-82.344400,-244.000000,12.190589,4.872684
18.790774,-82.344400,-244.000000,12.262897,4.884377
19.310774,-82.344400,-244.000000,12.225489,4.864512
19.830774,-82.344400,-244.000000,12.262045,4.866185
20.350774,-82.344400,-244.000000,12.223303,4.956251
20.870774,-82.344400,-244.000000,12.425257,4.944876
21.390774,-82.344400,-244.000000,12.369049,4.919312
21.910774,-82.344400,-244.000000,12.319592,4.930401
22.430774,-82.344400,-244.000000,12.396165,4.906122
22.950774,-82.344400,-244.000000,12.121512,4.889235
23.470774,-82.344400,-244.000000,12.361531,4.927940
23.990774,-82.344400,-244.000000,12.402554,5.016152
24.510774,-82.344400,-244.000000,12.201091,4.903504
25.030774,-82.344400,-244.000000,12.336307,4.921914
25.550774,-82.344400,-244.000000,12.282100,4.906512
26.070774,-82.344400,-244.000000,12.119357,4.918299
26.590774,-82.344400,-244.000000,12.284648,4.931469
27.110774,-82.344400,-244.000000,12.309881,4.938735
27.630774,-82.344400,-244.000000,12.069449,4.927350
28.150774,-82.344400,-244.000000,12.460103,4.940695
28.670774,-82.344400,-244.000000,12.206012,4.954666
29.190774,-82.344400,-244.000000,12.181857,4.899234
29.710774,-82.344400,-244.000000,12.398984,4.992345
30.230774,-82.344400,-244.000000,12.406413,4.954622
30.750774,-82.344400,-244.000000,12.137336,4.942949
31.270774,-82.344400,-244.000000,12.234466,4.911618
31.790774,-82.344400,-244.000000,12.018069,4.919994
32.310774,-82.344400,-244.000000,11.959920,4.883503
32.830774,-82.344400,-244.000000,12.122825,4.935281
33.350774,-82.344400,-244.000000,12.277098,4.963947
33.870774,-82.344400,-244.000000,12.325389,4.919772
34.390774,-82.344400,-244.000000,12.478187,4.991996
34.910774,-82.344400,-244.000000,12.307609,4.916075
35.430774,-82.344400,-244.000000,12.322929,4.914242
35.950774,-82.344400,-244.000000,12.400067,5.019810
36.470774,-82.344400,-244.000000,12.216960,4.946981
36.990774,-82.344400,-244.000000,12.126468,4.975714
37.510774,-82.344400,-244.000000,12.292717,4.945667
38.030774,-82.344400,-244.000000,12.421184,4.914894
38.550774,-82.344400,-244.000000,12.026740,4.900871
39.070774,-82.344400,-244.000000,12.151651,4.935459
39.590774,-82.344400,-244.000000,12.114680,4.948738
40.110774,-82.344400,-244.000000,12.194554,4.953318
40.630774,-82.344400,-244.000000,12.217209,4.938310
41.150774,-82.344400,-244.000000,12.270339,4.951691
41.670774,-82.344400,-244.000000,12.104720,4.994620
42.190774,-82.344400,-244.000000,12.360054,4.914956
42.710774,-82.344400,-244.000000,12.250930,4.937817
43.230774,-82.344400,-244.000000,12.498627,5.004613
43.750774,-82.344400,-244.000000,12.364260,4.977965
44.270774,-82.344400,-244.000000,12.309694,4.972247
44.790774,-82.344400,-244.000000,12.345653,4.951370
45.310774,-82.344400,-244.000000,12.168872,4.940007
45.830774,-82.344400,-244.000000,12.250702,4.955480
46.350774,-82.344400,-244.000000,12.077911,4.956370
46.870774,-82.344400,-244.000000,12.188093,4.965472
47.390774,-82.344400,-244.000000,12.235988,4.979144
47.910774,-82.344400,-244.000000,12.297973,4.955210
48.430774,-82.344400,-244.000000,12.120629,4.892223
48.950774,-82.344400,-244.000000,12.116782,4.905753
49.470774,-82.344400,-244.000000,12.285666,4.956029
49.990774,-82.344400,-244.000000,12.184772,4.897283
50.510774,-82.344400,-244.000000,12.304273,4.949325
51.030774,-82.344400,-244.000000,12.308903,4.943222
51.550774,-82.344400,-244.000000,12.390203,4.994198
52.070774,-82.344400,-244.000000,12.180722,4.925714
52.590774,-82.344400,-244.000000,12.185419,4.990042
53.110774,-82.344400,-244.000000,12.197453,4.948683
53.630774,-82.344400,-244.000000,12.251018,4.890474
54.150774,-82.344400,-244.000000,12.018704,4.992381
54.670774,-82.344400,-244.000000,12.251380,4.891895
55.190774,-82.344400,-244.000000,12.275798,4.882281
55.710774,-82.344400,-244.000000,12.122256,4.926471
56.230774,-82.344400,-244.000000,12.307872,4.942987
56.750774,-82.344400,-244.000000,12.216388,4.935340
57.270774,-82.344400,-244.000000,12.487960,4.960561
57.790774,-82.344400,-244.000000,12.025808,4.971449
58.310774,-82.344400,-244.000000,12.403102,4.901150
58.830774,-82.344400,-244.000000,12.056251,4.928798
59.350774,-82.344400,-244.000000,12.094783,4.899665
13.070774,-81.824400,-244.000000,12.491206,4.794040
13.590774,-81.824400,-244.000000,12.261909,4.787253
14.110774,-81.824400,-244.000000,12.428645,4.809634
14.630774,-81.824400,-244.000000,12.604841,4.787571
15.150774,-81.824400,-244.000000,12.348800,4.830740
15.670774,-81.824400,-244.000000,12.147044,4.798917
16.190774,-81.824400,-244.000000,12.213774,4.842741
16.710774,-81.824400,-244.000000,12.375238,4.837099
17.230774,-81.824400,-244.000000,12.227586,4.808275
17.750774,-81.824400,-244.000000,11.945437,4.811261
18.270774,-81.824400,-244.000000,12.207825,4.880927
18.790774,-81.824400,-244.000000,12.210985,4.868680
19.310774,-81.824400,-244.000000,12.207449,4.868019
19.830774,-81.824400,-244.000000,12.327924,4.891676
20.350774,-81.824400,-244.000000,12.140777,4.951334
20.870774,-81.824400,-244.000000,12.379790,4.947763
21.390774,-81.824400,-244.000000,12.416564,4.933832
21.910774,-81.824400,-244.000000,12.253356,4.951410
22.430774,-81.824400,-244.000000,12.329437,4.899876
22.950774,-81.824400,-244.000000,12.211441,4.899756
23.470774,-81.824400,-244.000000,12.334178,4.910707
23.990774,-81.824400,-244.000000,12.356517,5.000397
24.510774,-81.824400,-244.000000,12.272788,4.921713
25.030774,-81.824400,-244.000000,12.313039,4.939482
25.550774,-81.824400,-244.000000,12.299706,4.910308
26.070774,-81.824400,-244.000000,12.088611,4.915257
26.590774,-81.824400,-244.000000,12.286689,4.935737
27.110774,-81.824400,-244.000000,12.278728,4.959296
27.630774,-81.824400,-244.000000,12.149337,4.937320
28.150774,-81.824400,-244.000000,12.406987,4.961156
28.670774,-81.824400,-244.000000,12.216132,4.957905
29.190774,-81.824400,-244.000000,12.207120,4.907765
29.710774,-81.824400,-244.000000,12.402170,4.994650
30.230774,-81.824400,-244.000000,12.394431,4.966987
30.750774,-81.824400,-244.000000,12.109493,4.962801
31.270774,-81.824400,-244.000000,12.181144,4.907330
31.790774,-81.824400,-244.000000,12.001780,4.920752
32.310774,-81.824400,-244.000000,12.002079,4.899950
32.830774,-81.824400,-244.000000,12.203525,4.948724
33.350774,-81.824400,-244.000000,12.245916,4.961318
33.870774,-81.824400,-244.000000,12.349188,4.927381
34.390774,-81.824400,-244.000000,12.517222,5.007735
34.910774,-81.824400,-244.000000,12.298289,4.944281
35.430774,-81.824400,-244.000000,12.310977,4.907434
35.950774,-81.824400,-244.000000,12.366281,5.030837
36.470774,-81.824400,-244.000000,12.166774,4.941282
36.990774,-81.824400,-244.000000,12.154418,4.974530
37.510774,-81.824400,-244.000000,12.283699,4.963849
38.030774,-81.824400,-244.000000,12.478971,4.925929
38.550774,-81.824400,-244.000000,12.017802,4.919497
39.070774,-81.824400,-244.000000,12.108238,4.943261
39.590774,-81.824400,-244.000000,12.067934,4.953307
40.110774,-81.824400,-244.000000,12.178391,4.956374
40.630774,-81.824400,-244.000000,12.266430,4.968797
41.150774,-81.824400,-244.000000,12.236164,4.957531
41.670774,-81.824400,-244.000000,12.101228,5.014449
42.190774,-81.824400,-244.000000,12.267982,4.908128
42.710774,-81.824400,-244.000000,12.291421,4.941139
43.230774,-81.824400,-244.000000,12.502443,5.011894
43.750774,-81.824400,-244.000000,12.303552,4.981242
44.270774,-81.824400,-244.000000,12.282342,5.007410
44.790774,-81.824400,-244.000000,12.366895,4.941335
45.310774,-81.824400,-244.000000,12.164760,4.937419
45.830774,-81.824400,-244.000000,12.153721,4.947037
46.350774,-81.824400,-244.000000,12.144244,4.971640
46.870774,-81.824400,-244.000000,12.218268,4.979103
47.390774,-81.824400,-244.000000,12.202151,4.982248
47.910774,-81.824400,-244.000000,12.329528,4.974207
48.430774,-81.824400,-244.000000,12.189115,4.914863
48.950774,-81.824400,-244.000000,12.114310,4.938268
49.470774,-81.824400,-244.000000,12.321806,4.949684
49.990774,-81.824400,-244.000000,12.064526,4.897659
50.510774,-81.824400,-244.000000,12.352225,4.962593
51.030774,-81.824400,-244.000000,12.319457,4.964014
51.550774,-81.824400,-244.000000,12.232519,4.971833
52.070774,-81.824400,-244.000000,12.242612,4.942666
52.590774,-81.824400,-244.000000,12.155166,4.995158
53.110774,-81.824400,-244.000000,12.184585,4.952986
53.630774,-81.824400,-244.000000,12.278934,4.888174
54.150774,-81.824400,-244.000000,11.992934,4.983258
54.670774,-81.824400,-244.000000,12.197902,4.922562
55.190774,-81.824400,-244.000000,12.299705,4.889209
55.710774,-81.824400,-244.000000,12.131514,4.939646
56.230774,-81.824400,-244.000000,12.231333,4.950680
56.750774,-81.824400,-244.000000,12.191926,4.946936
57.270774,-81.824400,-244.000000,12.463810,4.971747
57.790774,-81.824400,-244.000000,12.038842,4.966849
58.310774,-81.824400,-244.000000,12.451979,4.928024
58.830774,-81.824400,-244.000000,12.073461,4.918484
59.350774,-81.824400,-244.000000,12.122304,4.905807
59.870774,-81.824400,-244.000000,12.076095,4.958057
57.790774,-81.304400,-244.000000,12.167897,4.975778
59.350774,-81.304400,-244.000000,12.129340,4.918401
13.070774,-82.344400,-243.000000,12.139517,4.612917
13.590774,-82.344400,-243.000000,12.234639,4.714880
14.110774,-82.344400,-243.000000,12.161492,4.747059
14.630774,-82.344400,-243.000000,12.410411,4.755966
15.150774,-82.344400,-243.000000,12.420917,4.788527
15.670774,-82.344400,-243.000000,12.234447,4.804135
16.190774,-82.344400,-243.000000,12.236381,4.770810
16.710774,-82.344400,-243.000000,12.401320,4.864392
17.230774,-82.344400,-243.000000,12.251721,4.836638
17.750774,-82.344400,-243.000000,12.178677,4.846518
18.270774,-82.344400,-243.000000,12.477729,4.808476
18.790774,-82.344400,-243.000000,12.226370,4.847649
19.310774,-82.344400,-243.000000,12.416029,4.778345
19.830774,-82.344400,-243.000000,12.328280,4.838913
20.350774,-82.344400,-243.000000,12.014935,4.802541
20.870774,-82.344400,-243.000000,11.944251,4.831528
21.390774,-82.344400,-243.000000,12.007052,4.819514
21.910774,-82.344400,-243.000000,12.335963,4.824372
22.430774,-82.344400,-243.000000,12.390134,4.869610
22.950774,-82.344400,-243.000000,12.169311,4.861281
23.470774,-82.344400,-243.000000,12.187521,4.865157
23.990774,-82.344400,-243.000000,12.059748,4.845705
24.510774,-82.344400,-243.000000,12.349422,4.877328
25.030774,-82.344400,-243.000000,11.960725,4.836519
25.550774,-82.344400,-243.000000,12.402043,4.914629
26.070774,-82.344400,-243.000000,12.244195,4.938884
26.590774,-82.344400,-243.000000,12.140812,4.866635
27.110774,-82.344400,-243.000000,12.249807,4.844934
27.630774,-82.344400,-243.000000,12.181258,4.905654
28.150774,-82.344400,-243.000000,12.128212,4.886920
28.670774,-82.344400,-243.000000,11.944368,4.827765
29.190774,-82.344400,-243.000000,11.966072,4.839486
29.710774,-82.344400,-243.000000,12.132323,4.861915
30.230774,-82.344400,-243.000000,12.255724,4.894314
30.750774,-82.344400,-243.000000,12.285610,4.884366
31.270774,-82.344400,-243.000000,12.168244,4.854272
31.790774,-82.344400,-243.000000,12.082298,4.863568
32.310774,-82.344400,-243.000000,12.097775,4.839438
32.830774,-82.344400,-243.000000,12.145720,4.825716
33.350774,-82.344400,-243.000000,12.120873,4.901423
33.870774,-82.344400,-243.000000,12.152726,4.893835
34.390774,-82.344400,-243.000000,12.418544,4.951777
34.910774,-82.344400,-243.000000,12.238029,4.842829
35.430774,-82.344400,-243.000000,12.100073,4.881064
35.950774,-82.344400,-243.000000,12.145785,4.861018
36.470774,-82.344400,-243.000000,12.227975,4.931582
36.990774,-82.344400,-243.000000,11.989221,4.874100
37.510774,-82.344400,-243.000000,12.129236,4.923180
38.030774,-82.344400,-243.000000,12.204365,4.850377
38.550774,-82.344400,-243.000000,12.029847,4.895901
39.070774,-82.344400,-243.000000,12.106277,4.835102
39.590774,-82.344400,-243.000000,12.105247,4.855813
40.110774,-82.344400,-243.000000,12.179787,4.891853
40.630774,-82.344400,-243.000000,12.378634,4.941286
41.150774,-82.344400,-243.000000,12.064204,4.869023
41.670774,-82.344400,-243.000000,12.054008,4.867229
42.190774,-82.344400,-243.000000,12.131925,4.884713
42.710774,-82.344400,-243.000000,12.143311,4.891064
43.230774,-82.344400,-243.000000,12.308660,4.870466
43.750774,-82.344400,-243.000000,11.917397,4.831328
44.270774,-82.344400,-243.000000,12.256390,4.874022
44.790774,-82.344400,-243.000000,12.213885,4.874656
45.310774,-82.344400,-243.000000,12.045794,4.877916
45.830774,-82.344400,-243.000000,11.984686,4.836260
46.350774,-82.344400,-243.000000,12.010587,4.895811
46.870774,-82.344400,-243.000000,12.242136,4.930958
47.390774,-82.344400,-243.000000,12.091926,4.868925
47.910774,-82.344400,-243.000000,11.983326,4.875336
48.430774,-82.344400,-243.000000,12.057943,4.915343
48.950774,-82.344400,-243.000000,12.231930,4.888622
49.470774,-82.344400,-243.000000,12.051991,4.937429
49.990774,-82.344400,-243.000000,12.257674,4.919177
50.510774,-82.344400,-243.000000,12.277205,4.900411
51.030774,-82.344400,-243.000000,12.096505,4.897156
51.550774,-82.344400,-243.000000,12.052352,4.855860
52.070774,-82.344400,-243.000000,12.054948,4.888822
52.590774,-82.344400,-243.000000,12.103977,4.883757
53.110774,-82.344400,-243.000000,12.462913,4.904439
53.630774,-82.344400,-243.000000,12.319520,4.958784
54.150774,-82.344400,-243.000000,12.020184,4.890958
54.670774,-82.344400,-243.000000,12.041891,4.817107
55.190774,-82.344400,-243.000000,12.067615,4.918033
55.710774,-82.344400,-243.000000,12.182502,4.915900
56.230774,-82.344400,-243.000000,12.213360,4.917171
56.750774,-82.344400,-243.000000,12.141267,4.907077
13.070774,-81.824400,-243.000000,12.230637,4.622889
13.590774,-81.824400,-243.000000,12.222631,4.717828
14.110774,-81.824400,-243.000000,12.077025,4.742245
14.630774,-81.824400,-243.000000,12.377326,4.750616
15.150774,-81.824400,-243.000000,12.454425,4.792743
15.670774,-81.824400,-243.000000,12.249230,4.805123
16.190774,-81.824400,-243.000000,12.178053,4.765836
16.710774,-81.824400,-243.000000,12.441477,4.876700
17.230774,-81.824400,-243.000000,12.197875,4.825868
17.750774,-81.824400,-243.000000,12.183784,4.871735
18.270774,-81.824400,-243.000000,12.439246,4.809067
18.790774,-81.824400,-243.000000,12.272688,4.851584
19.310774,-81.824400,-243.000000,12.387794,4.799419
19.830774,-81.824400,-243.000000,12.296758,4.832948
20.350774,-81.824400,-243.000000,11.986010,4.805099
20.870774,-81.824400,-243.000000,11.931738,4.837349
21.390774,-81.824400,-243.000000,12.065291,4.835083
21.910774,-81.824400,-243.000000,12.314802,4.846203
22.430774,-81.824400,-243.000000,12.397411,4.894724
22.950774,-81.824400,-243.000000,12.135296,4.853727
23.470774,-81.824400,-243.000000,12.210425,4.873178
23.990774,-81.824400,-243.000000,12.051229,4.869730
24.510774,-81.824400,-243.000000,12.291535,4.868684
25.030774,-81.824400,-243.000000,11.972014,4.824705
25.550774,-81.824400,-243.000000,12.356476,4.919476
26.070774,-81.824400,-243.000000,12.301811,4.940199
26.590774,-81.824400,-243.000000,12.083129,4.888330
27.110774,-81.824400,-243.000000,12.270402,4.843733
27.630774,-81.824400,-243.000000,12.217224,4.917427
28.150774,-81.824400,-243.000000,12.099552,4.918259
28.670774,-81.824400,-243.000000,11.900504,4.822361
29.190774,-81.824400,-243.000000,11.948945,4.848417
29.710774,-81.824400,-243.000000,12.098590,4.861032
30.230774,-81.824400,-243.000000,12.193597,4.906393
30.750774,-81.824400,-243.000000,12.280478,4.895345
31.270774,-81.824400,-243.000000,12.144760,4.857459
31.790774,-81.824400,-243.000000,12.030480,4.854189
32.310774,-81.824400,-243.000000,12.080878,4.853969
32.830774,-81.824400,-243.000000,12.106459,4.836268
33.350774,-81.824400,-243.000000,12.164615,4.918452
33.870774,-81.824400,-243.000000,12.136416,4.902580
34.390774,-81.824400,-243.000000,12.335910,4.925714
34.910774,-81.824400,-243.000000,12.249091,4.848976
35.430774,-81.824400,-243.000000,12.112336,4.899446
35.950774,-81.824400,-243.000000,12.169673,4.872568
36.470774,-81.824400,-243.000000,12.236141,4.932816
36.990774,-81.824400,-243.000000,12.001320,4.877090
37.510774,-81.824400,-243.000000,12.109815,4.913244
38.030774,-81.824400,-243.000000,12.175241,4.859084
38.550774,-81.824400,-243.000000,12.071365,4.902130
39.070774,-81.824400,-243.000000,12.091843,4.849854
39.590774,-81.824400,-243.000000,12.156208,4.867812
40.110774,-81.824400,-243.000000,12.161454,4.889925
40.630774,-81.824400,-243.000000,12.359195,4.941350
41.150774,-81.824400,-243.000000,12.049924,4.879876
41.670774,-81.824400,-243.000000,12.033940,4.878791
42.190774,-81.824400,-243.000000,12.179343,4.907127
42.710774,-81.824400,-243.000000,12.119590,4.901892
43.230774,-81.824400,-243.000000,12.205631,4.861538
43.750774,-81.824400,-243.000000,11.947184,4.828225
44.270774,-81.824400,-243.000000,12.198738,4.880927
44.790774,-81.824400,-243.000000,12.293613,4.892483
45.310774,-81.824400,-243.000000,12.016612,4.881943
45.830774,-81.824400,-243.000000,11.882468,4.829361
46.350774,-81.824400,-243.000000,12.036502,4.910620
46.870774,-81.824400,-243.000000,12.104447,4.904937
47.390774,-81.824400,-243.000000,12.113598,4.875367
47.910774,-81.824400,-243.000000,12.044757,4.891145
48.430774,-81.824400,-243.000000,12.037284,4.922664
48.950774,-81.824400,-243.000000,12.272978,4.910821
49.470774,-81.824400,-243.000000,11.901352,4.916680
49.990774,-81.824400,-243.000000,12.342876,4.922952
50.510774,-81.824400,-243.000000,12.207142,4.899945
51.030774,-81.824400,-243.000000,12.117273,4.931785
51.550774,-81.824400,-243.000000,12.015752,4.842026
52.070774,-81.824400,-243.000000,12.059266,4.891653
52.590774,-81.824400,-243.000000,12.043815,4.901744
53.110774,-81.824400,-243.000000,12.499148,4.901743
53.630774,-81.824400,-243.000000,12.275453,4.975367
54.150774,-81.824400,-243.000000,12.018577,4.890046
54.670774,-81.824400,-243.000000,12.079046,4.834523
55.190774,-81.824400,-243.000000,12.028828,4.919066
55.710774,-81.824400,-243.000000,12.184830,4.919653
56.230774,-81.824400,-243.000000,12.250970,4.916665
56.750774,-81.824400,-243.000000,12.165645,4.911418
57.270774,-81.824400,-243.000000,12.424779,4.896304
57.790774,-81.824400,-243.000000,12.162372,4.927430
13.070774,-81.304400,-243.000000,12.260592,4.628055
55.710774,-81.304400,-243.000000,12.221685,4.922337
56.750774,-81.304400,-243.000000,12.134803,4.897143
13.070774,-82.344400,-242.000000,12.027556,4.529526
13.590774,-82.344400,-242.000000,11.975135,4.588086
14.110774,-82.344400,-242.000000,12.118736,4.615224
14.630774,-82.344400,-242.000000,12.140348,4.669389
15.150774,-82.344400,-242.000000,12.101665,4.684778
15.670774,-82.344400,-242.000000,12.166286,4.665317
16.190774,-82.344400,-242.000000,12.228374,4.738621
16.710774,-82.344400,-242.000000,12.203753,4.677443
17.230774,-82.344400,-242.000000,12.054464,4.716328
17.750774,-82.344400,-242.000000,12.044414,4.743159
18.270774,-82.344400,-242.000000,12.021440,4.756943
18.790774,-82.344400,-242.000000,12.156754,4.691891
19.310774,-82.344400,-242.000000,12.007187,4.717780
19.830774,-82.344400,-242.000000,12.002478,4.722728
20.350774,-82.344400,-242.000000,12.086974,4.768201
20.870774,-82.344400,-242.000000,12.136816,4.845963
21.390774,-82.344400,-242.000000,11.907527,4.723006
21.910774,-82.344400,-242.000000,12.139880,4.757290
22.430774,-82.344400,-242.000000,12.083465,4.782437
22.950774,-82.344400,-242.000000,12.157862,4.766587
23.470774,-82.344400,-242.000000,11.930787,4.736909
23.990774,-82.344400,-242.000000,11.966903,4.789314
24.510774,-82.344400,-242.000000,12.187678,4.797885
25.030774,-82.344400,-242.000000,11.904173,4.766137
25.550774,-82.344400,-242.000000,12.400813,4.811404
26.070774,-82.344400,-242.000000,11.897217,4.724254
26.590774,-82.344400,-242.000000,12.126227,4.756314
27.110774,-82.344400,-242.000000,12.133854,4.828922
27.630774,-82.344400,-242.000000,11.945693,4.817101
28.150774,-82.344400,-242.000000,12.133193,4.810690
28.670774,-82.344400,-242.000000,12.103992,4.785154
29.190774,-82.344400,-242.000000,12.152135,4.766693
29.710774,-82.344400,-242.000000,12.188537,4.818037
30.230774,-82.344400,-242.000000,12.023242,4.816689
30.750774,-82.344400,-242.000000,12.174991,4.846567
31.270774,-82.344400,-242.000000,12.191176,4.778503
31.790774,-82.344400,-242.000000,12.403457,4.856328
32.310774,-82.344400,-242.000000,12.219419,4.803704
32.830774,-82.344400,-242.000000,11.895612,4.795115
33.350774,-82.344400,-242.000000,12.194121,4.838159
33.870774,-82.344400,-242.000000,11.873856,4.760483
34.390774,-82.344400,-242.000000,12.120458,4.844397
34.910774,-82.344400,-242.000000,12.037719,4.763234
35.430774,-82.344400,-242.000000,12.150336,4.823445
35.950774,-82.344400,-242.000000,12.113308,4.785817
36.470774,-82.344400,-242.000000,12.123415,4.771475
36.990774,-82.344400,-242.000000,12.203220,4.813861
37.510774,-82.344400,-242.000000,12.227155,4.862930
38.030774,-82.344400,-242.000000,12.129687,4.837914
38.550774,-82.344400,-242.000000,12.092841,4.800772
39.070774,-82.344400,-242.000000,12.065879,4.796244
39.590774,-82.344400,-242.000000,11.980151,4.851205
40.110774,-82.344400,-242.000000,12.181372,4.825959
40.630774,-82.344400,-242.000000,12.031430,4.795277
41.150774,-82.344400,-242.000000,12.198340,4.797534
41.670774,-82.344400,-242.000000,11.990766,4.863763
42.190774,-82.344400,-242.000000,11.969087,4.801884
42.710774,-82.344400,-242.000000,11.976672,4.790617
43.230774,-82.344400,-242.000000,12.106908,4.840231
43.750774,-82.344400,-242.000000,12.093122,4.860113
44.270774,-82.344400,-242.000000,12.233282,4.843765
44.790774,-82.344400,-242.000000,12.285441,4.811288
45.310774,-82.344400,-242.000000,12.209754,4.788326
45.830774,-82.344400,-242.000000,12.033743,4.849063
46.350774,-82.344400,-242.000000,11.980851,4.778947
46.870774,-82.344400,-242.000000,11.979752,4.785077
47.390774,-82.344400,-242.000000,11.855984,4.779119
47.910774,-82.344400,-242.000000,12.346225,4.842158
48.430774,-82.344400,-242.000000,11.995816,4.857512
48.950774,-82.344400,-242.000000,12.210406,4.877517
49.470774,-82.344400,-242.000000,12.022043,4.809761
49.990774,-82.344400,-242.000000,11.806340,4.763113
50.510774,-82.344400,-242.000000,11.699909,4.807587
51.030774,-82.344400,-242.000000,12.050181,4.770795
51.550774,-82.344400,-242.000000,11.924182,4.791842
52.070774,-82.344400,-242.000000,11.867026,4.808246
52.590774,-82.344400,-242.000000,11.803374,4.788558
53.110774,-82.344400,-242.000000,11.738122,4.750701
53.630774,-82.344400,-242.000000,12.242934,4.862532
54.150774,-82.344400,-242.000000,12.142062,4.900033
54.670774,-82.344400,-242.000000,12.256195,4.804060
13.070774,-81.824400,-242.000000,12.036801,4.538774
13.590774,-81.824400,-242.000000,11.986691,4.608892
14.110774,-81.824400,-242.000000,12.089921,4.614393
14.630774,-81.824400,-242.000000,12.087505,4.675989
15.150774,-81.824400,-242.000000,12.101918,4.681938
15.670774,-81.824400,-242.000000,12.173009,4.674482
16.190774,-81.824400,-242.000000,12.226708,4.758420
16.710774,-81.824400,-242.000000,12.153358,4.704817
17.230774,-81.824400,-242.000000,12.082890,4.725248
17.750774,-81.824400,-242.000000,12.110248,4.777893
18.270774,-81.824400,-242.000000,12.075054,4.764720
18.790774,-81.824400,-242.000000,12.099044,4.688870
19.310774,-81.824400,-242.000000,12.019951,4.727047
19.830774,-81.824400,-242.000000,12.040102,4.745023
20.350774,-81.824400,-242.000000,12.064145,4.766535
20.870774,-81.824400,-242.000000,12.111621,4.839823
21.390774,-81.824400,-242.000000,11.880157,4.743405
21.910774,-81.824400,-242.000000,12.115969,4.768826
22.430774,-81.824400,-242.000000,12.098969,4.794559
22.950774,-81.824400,-242.000000,12.134277,4.771512
23.470774,-81.824400,-242.000000,11.919513,4.753520
23.990774,-81.824400,-242.000000,12.005186,4.812980
24.510774,-81.824400,-242.000000,12.129854,4.799044
25.030774,-81.824400,-242.000000,11.901040,4.770570
25.550774,-81.824400,-242.000000,12.358275,4.815210
26.070774,-81.824400,-242.000000,11.915854,4.738804
26.590774,-81.824400,-242.000000,12.060612,4.774236
27.110774,-81.824400,-242.000000,12.111844,4.841088
27.630774,-81.824400,-242.000000,11.944673,4.826988
28.150774,-81.824400,-242.000000,12.172946,4.823590
28.670774,-81.824400,-242.000000,12.111537,4.802878
29.190774,-81.824400,-242.000000,12.141612,4.789705
29.710774,-81.824400,-242.000000,12.149027,4.820929
30.230774,-81.824400,-242.000000,11.970130,4.817852
30.750774,-81.824400,-242.000000,12.267777,4.846796
31.270774,-81.824400,-242.000000,12.206819,4.808484
31.790774,-81.824400,-242.000000,12.429733,4.882374
32.310774,-81.824400,-242.000000,12.233757,4.813332
32.830774,-81.824400,-242.000000,11.873454,4.802086
33.350774,-81.824400,-242.000000,12.099879,4.840979
33.870774,-81.824400,-242.000000,11.963792,4.783175
34.390774,-81.824400,-242.000000,12.200506,4.844614
34.910774,-81.824400,-242.000000,11.956275,4.781114
35.430774,-81.824400,-242.000000,12.183555,4.824247
35.950774,-81.824400,-242.000000,12.050710,4.776799
36.470774,-81.824400,-242.000000,12.196457,4.793436
36.990774,-81.824400,-242.000000,12.176208,4.841163
37.510774,-81.824400,-242.000000,12.232634,4.879418
38.030774,-81.824400,-242.000000,12.159294,4.848488
38.550774,-81.824400,-242.000000,12.048939,4.802299
39.070774,-81.824400,-242.000000,12.070637,4.818500
39.590774,-81.824400,-242.000000,11.946169,4.853257
40.110774,-81.824400,-242.000000,12.119991,4.823512
40.630774,-81.824400,-242.000000,12.093558,4.822241
41.150774,-81.824400,-242.000000,12.157332,4.797132
41.670774,-81.824400,-242.000000,11.963202,4.864119
42.190774,-81.824400,-242.000000,12.010074,4.820467
42.710774,-81.824400,-242.000000,11.995605,4.802838
43.230774,-81.824400,-242.000000,12.094569,4.863797
43.750774,-81.824400,-242.000000,12.100438,4.872852
44.270774,-81.824400,-242.000000,12.210819,4.853478
44.790774,-81.824400,-242.000000,12.234855,4.801891
45.310774,-81.824400,-242.000000,12.240825,4.812829
45.830774,-81.824400,-242.000000,12.095734,4.851060
46.350774,-81.824400,-242.000000,11.925480,4.772850
46.870774,-81.824400,-242.000000,12.009338,4.801626
47.390774,-81.824400,-242.000000,11.899505,4.793972
47.910774,-81.824400,-242.000000,12.305626,4.867810
48.430774,-81.824400,-242.000000,12.032928,4.861481
48.950774,-81.824400,-242.000000,12.184558,4.884556
49.470774,-81.824400,-242.000000,12.035742,4.829247
49.990774,-81.824400,-242.000000,11.822875,4.781271
50.510774,-81.824400,-242.000000,11.733101,4.816330
51.030774,-81.824400,-242.000000,12.018649,4.769839
51.550774,-81.824400,-242.000000,11.946891,4.812243
52.070774,-81.824400,-242.000000,11.875911,4.821207
52.590774,-81.824400,-242.000000,11.922258,4.813970
53.110774,-81.824400,-242.000000,11.663893,4.758819
53.630774,-81.824400,-242.000000,12.276568,4.893311
54.150774,-81.824400,-242.000000,12.097566,4.881035
54.670774,-81.824400,-242.000000,12.167171,4.807730
55.190774,-81.824400,-242.000000,12.148848,4.801206
13.070774,-81.304400,-242.000000,11.996103,4.568023
13.590774,-81.304400,-242.000000,12.091300,4.630757
14.110774,-81.304400,-242.000000,12.091041,4.616270
14.630774,-81.304400,-242.000000,12.055450,4.677168
16.710774,-81.304400,-242.000000,12.152218,4.716465
26.070774,-81.304400,-242.000000,11.969254,4.763805
26.590774,-81.304400,-242.000000,11.964624,4.766551
27.110774,-81.304400,-242.000000,12.131108,4.849249
27.630774,-81.304400,-242.000000,11.897328,4.838393
28.150774,-81.304400,-242.000000,12.101667,4.806205
28.670774,-81.304400,-242.000000,12.182557,4.814456
29.710774,-81.304400,-242.000000,12.050720,4.809971
30.230774,-81.304400,-242.000000,11.974406,4.821591
30.750774,-81.304400,-242.000000,12.239402,4.843587
33.350774,-81.304400,-242.000000,12.012601,4.848198
53.110774,-81.304400,-242.000000,11.626388,4.774457
54.670774,-81.304400,-242.000000,12.176721,4.811288
42.190774,-82.344400,-241.000000,11.730964,4.633268
42.710774,-82.344400,-241.000000,11.741591,4.689298
43.230774,-82.344400,-241.000000,11.741824,4.679657
43.750774,-82.344400,-241.000000,11.821319,4.656312
44.270774,-82.344400,-241.000000,11.984006,4.640312
44.790774,-82.344400,-241.000000,11.715067,4.652126
45.310774,-82.344400,-241.000000,11.617584,4.614883
45.830774,-82.344400,-241.000000,11.677292,4.630497
46.350774,-82.344400,-241.000000,11.760833,4.663445
46.870774,-82.344400,-241.000000,11.827246,4.701237
47.390774,-82.344400,-241.000000,11.887594,4.658196
47.910774,-82.344400,-241.000000,12.014703,4.686484
48.430774,-82.344400,-241.000000,11.780770,4.620472
48.950774,-82.344400,-241.000000,11.861648,4.605103
49.470774,-82.344400,-241.000000,11.799042,4.713054
49.990774,-82.344400,-241.000000,11.873818,4.753776
50.510774,-82.344400,-241.000000,11.717199,4.643878
51.030774,-82.344400,-241.000000,11.736951,4.597397
51.550774,-82.344400,-241.000000,11.742374,4.630554
52.070774,-82.344400,-241.000000,11.739702,4.643901
33.870774,-81.824400,-241.000000,12.064036,4.660223
34.390774,-81.824400,-241.000000,11.812842,4.676449
34.910774,-81.824400,-241.000000,11.878090,4.684585
35.430774,-81.824400,-241.000000,12.051004,4.619372
35.950774,-81.824400,-241.000000,11.792580,4.661037
36.470774,-81.824400,-241.000000,11.773514,4.617861
36.990774,-81.824400,-241.000000,11.640573,4.645877
37.510774,-81.824400,-241.000000,12.021108,4.640368
38.030774,-81.824400,-241.000000,11.952874,4.693008
38.550774,-81.824400,-241.000000,11.931994,4.682780
39.070774,-81.824400,-241.000000,11.729955,4.669142
39.590774,-81.824400,-241.000000,11.670421,4.692558
40.110774,-81.824400,-241.000000,11.934206,4.684370
40.630774,-81.824400,-241.000000,11.903319,4.691106
41.150774,-81.824400,-241.000000,11.791495,4.647786
41.670774,-81.824400,-241.000000,11.975879,4.695697
42.190774,-81.824400,-241.000000,11.722032,4.636498
42.710774,-81.824400,-241.000000,11.786258,4.683801
43.230774,-81.824400,-241.000000,11.799397,4.682484
43.750774,-81.824400,-241.000000,11.765034,4.659751
44.270774,-81.824400,-241.000000,12.001164,4.667264
44.790774,-81.824400,-241.000000,11.703040,4.649905
45.310774,-81.824400,-241.000000,11.636324,4.649275
45.830774,-81.824400,-241.000000,11.674518,4.614913
46.350774,-81.824400,-241.000000,11.741822,4.673592
46.870774,-81.824400,-241.000000,11.800460,4.714041
47.390774,-81.824400,-241.000000,11.819034,4.660745
47.910774,-81.824400,-241.000000,11.956842,4.701342
48.430774,-81.824400,-241.000000,11.762845,4.618964
48.950774,-81.824400,-241.000000,11.823979,4.620527
49.470774,-81.824400,-241.000000,11.761715,4.724252
49.990774,-81.824400,-241.000000,11.878334,4.770462
50.510774,-81.824400,-241.000000,11.676558,4.652145
51.030774,-81.824400,-241.000000,11.761877,4.619411
51.550774,-81.824400,-241.000000,11.738055,4.641037
52.070774,-81.824400,-241.000000,11.752528,4.658120
52.590774,-81.824400,-241.000000,11.863650,4.667858
53.110774,-81.824400,-241.000000,11.814882,4.681900
42.710774,-81.304400,-241.000000,11.821770,4.700970
43.230774,-81.304400,-241.000000,11.800743,4.688298
43.750774,-81.304400,-241.000000,11.798129,4.679617
44.270774,-81.304400,-241.000000,11.961044,4.662263
44.790774,-81.304400,-241.000000,11.721820,4.668010
45.310774,-81.304400,-241.000000,11.571525,4.648307
46.350774,-81.304400,-241.000000,11.796323,4.699962
46.870774,-81.304400,-241.000000,11.760939,4.703784
47.390774,-81.304400,-241.000000,11.765174,4.677130
47.910774,-81.304400,-241.000000,11.951092,4.700591
52.070774,-81.304400,-241.000000,11.841621,4.678799
